instrument,direction,entry_date,entry,exit_date,exit,notional_frac,pnl_frac,R,hold_days,exit_reason,cost_frac
AUDUSD=X,LONG,2017-08-10,0.7891601324081421,2017-10-27,0.7659724950790405,0.6959703120762478,-0.021348268993715103,-6.777865281489754,78,signal_flip,0.0008987980618772116
EURUSD=X,LONG,2017-08-10,1.1761523485183716,2018-07-12,1.1676785945892334,0.6870239569518682,-0.007975320917833484,-2.532085892942255,336,signal_flip,0.0030255608276830454
GBPUSD=X,SHORT,2017-08-10,1.3014055490493774,2017-09-07,1.3049719333648682,0.6309950899154031,-0.002097037397143205,-0.6657887331411734,28,signal_flip,0.0003678523683336445
USDJPY=X,LONG,2017-08-10,110.04900360107422,2017-11-22,112.34100341796875,0.644878856265607,0.01246997319249104,3.959093750756816,104,signal_flip,0.0009609727689814788
DBC,SHORT,2017-08-29,14.800000190734863,2017-08-30,14.6899995803833,0.37819657483728253,0.002427974645437766,0.7708580521678265,1,signal_flip,0.0003829614038073582
EEM,LONG,2017-08-29,44.689998626708984,2018-02-05,47.33000183105469,0.40084792188050916,0.022616990263996606,7.180671797196492,160,resize,0.0010625763222373932
EFA,LONG,2017-08-29,66.4800033569336,2017-09-18,68.1500015258789,0.5510317910655935,0.013370584184574624,4.245028876324535,20,resize,0.0004715041975436576
GLD,SHORT,2017-08-29,124.41999816894531,2017-08-31,125.81999969482422,0.5359676513913151,-0.00658030013225981,-2.089180524254987,2,signal_flip,0.0005494727667851891
IEF,SHORT,2017-08-29,108.16000366210938,2017-11-17,106.18000030517578,1.0,0.01629833817331408,5.174561950826376,80,signal_flip,0.0020079052613579396
SPY,LONG,2017-08-29,244.85000610351562,2017-11-06,258.8500061035156,0.6494697907230311,0.036171808926018886,11.484193306751079,69,resize,0.0009634855132974255
TLT,SHORT,2017-08-29,127.6500015258789,2017-11-09,126.0,0.5816025153826108,0.006408600479805286,2.03466757458408,72,signal_flip,0.0011091827271284414
DBC,LONG,2017-08-30,14.6899995803833,2018-01-22,16.920000076293945,0.38520234587691854,0.057526807462030795,18.264195151683392,145,resize,0.0009484441968299016
GLD,LONG,2017-08-31,125.81999969482422,2017-09-06,126.80999755859375,0.5296404977853028,0.0035977279648319155,1.142243217576934,6,signal_flip,0.0005696775561112561
GLD,SHORT,2017-09-06,126.80999755859375,2017-09-08,127.97000122070312,0.5246362470300094,-0.005337004008732374,-1.6944462423912787,2,signal_flip,0.0005378558378720253
GBPUSD=X,LONG,2017-09-07,1.3049719333648682,2017-09-18,1.3575152158737183,0.7160389681999586,0.028637838310325958,9.09223179067208,11,resize,0.00019269576596261506
GLD,LONG,2017-09-08,127.97000122070312,2017-09-11,126.19000244140625,0.5218282297279258,-0.00779992143726199,-2.476398284260406,3,signal_flip,0.0005415514829129711
GLD,SHORT,2017-09-11,126.19000244140625,2017-09-15,125.52999877929688,0.49593658184933964,0.002072936589967857,0.6581369640793464,4,signal_flip,0.0005209294363566307
GLD,LONG,2017-09-15,125.52999877929688,2017-09-18,124.36000061035156,0.4927835989475534,-0.005104382174796877,-1.6205910997372277,3,signal_flip,0.0005114090682759337
EFA,LONG,2017-09-18,68.1500015258789,2017-11-06,69.9000015258789,0.665314474392065,0.01659918442644848,5.2700776750654805,49,resize,0.00048519274328628643
GBPUSD=X,LONG,2017-09-18,1.3575152158737183,2018-01-29,1.4149274826049805,0.6150670526620741,0.024970441679077447,7.927869457233727,133,resize,0.0010420797808155205
GLD,SHORT,2017-09-18,124.36000061035156,2017-10-04,121.16999816894531,0.4835617646247937,0.011822975515797031,3.753678356592546,16,signal_flip,0.0005810386539761655
GLD,LONG,2017-10-04,121.16999816894531,2017-10-05,120.5199966430664,0.4819174467173904,-0.0030731758019372727,-0.9757030688529017,1,signal_flip,0.0004879890358434734
GLD,SHORT,2017-10-05,120.5199966430664,2017-10-06,121.08999633789062,0.4789614129227237,-0.002750245235152699,-0.8731757923985276,1,signal_flip,0.00048499575952362677
GLD,LONG,2017-10-06,121.08999633789062,2017-10-25,121.3499984741211,0.48282850512579845,0.0004383133943145242,0.1391601885197788,19,signal_flip,0.0005984067854051452
GLD,SHORT,2017-10-25,121.3499984741211,2017-11-09,122.12999725341797,0.47495174726623,-0.0036175463373864705,-1.1485353557972595,15,signal_flip,0.0005647091906963762
AUDUSD=X,SHORT,2017-10-27,0.7659724950790405,2017-10-31,0.7697636485099792,0.6596308955960413,-0.0035042330929640282,-1.1125595159982604,4,signal_flip,0.00023941360002122247
AUDUSD=X,LONG,2017-10-31,0.7697636485099792,2018-01-08,0.786101758480072,0.6555238738906833,0.01322326601415771,4.198256807221633,69,resize,0.0006901230636175385
EFA,LONG,2017-11-06,69.9000015258789,2018-01-08,72.33000183105469,0.8142468609478788,0.027598732888074788,8.762326046681437,63,resize,0.0007077059874556044
SPY,LONG,2017-11-06,258.8500061035156,2017-11-13,258.3299865722656,0.7977790935390505,-0.0017465998997413669,-0.5545282769575205,7,resize,0.00014389292473235613
GLD,LONG,2017-11-09,122.12999725341797,2018-06-06,122.91999816894531,0.49713163991427434,0.0014095532814455353,0.44751929308799054,209,signal_flip,0.001806155058045942
TLT,LONG,2017-11-09,126.0,2018-02-05,120.70999908447266,0.5789350277128743,-0.02529702136049172,-8.03155529166599,88,resize,0.000990935434841323
SPY,LONG,2017-11-13,258.3299865722656,2018-01-22,282.69000244140625,0.9448499374923719,0.08818983827770617,27.99940562949784,70,resize,0.0009076752423977912
IEF,LONG,2017-11-17,106.18000030517578,2018-01-05,105.1500015258789,1.0,-0.011317839018508642,-3.5933024905964666,49,signal_flip,0.0016173419725817378
USDJPY=X,SHORT,2017-11-22,112.34100341796875,2017-12-25,113.30799865722656,0.641599014654974,-0.005857995730532526,-1.8598559861120647,33,resize,0.00033531768950105485
USDJPY=X,SHORT,2017-12-25,113.30799865722656,2018-01-09,113.14099884033203,0.7713837297348188,0.0009229527162826596,0.29302840309865663,15,signal_flip,0.00021395679714749993
IEF,SHORT,2018-01-05,105.1500015258789,2018-01-08,105.0999984741211,1.0,-0.0005622562567902634,-0.17851082742685304,3,signal_flip,0.0010377964473009228
AUDUSD=X,LONG,2018-01-08,0.786101758480072,2018-02-26,0.7838403582572937,0.7739189192005863,-0.002723027751546543,-0.8645345092463437,49,resize,0.0004966742325359024
EFA,LONG,2018-01-08,72.33000183105469,2018-02-05,69.51000213623047,0.6914117059665166,-0.027353284717960412,-8.684398668536016,28,resize,0.0003965482259901615
IEF,LONG,2018-01-08,105.0999984741211,2018-01-09,104.5999984741211,1.0,-0.005769972814427027,-1.8319095766292823,1,signal_flip,0.0010125988157669743
IEF,SHORT,2018-01-09,104.5999984741211,2019-01-03,105.25,1.0,-0.011737138678326205,-3.726426005559417,359,signal_flip,0.005522974860343752
USDJPY=X,LONG,2018-01-09,113.14099884033203,2018-01-10,112.75499725341797,0.7624033076197653,-0.0027456873984893293,-0.8717287241192002,1,signal_flip,0.00014460653809253787
USDJPY=X,SHORT,2018-01-10,112.75499725341797,2018-03-12,106.89099884033203,0.7576518252164898,0.03874344506284382,12.300662468421358,61,resize,0.0006594125396070097
DBC,LONG,2018-01-22,16.920000076293945,2018-04-23,17.459999084472656,0.48949131093402326,0.01500969440656203,4.765430238580841,91,resize,0.0006123399447738151
SPY,LONG,2018-01-22,282.69000244140625,2018-02-05,263.92999267578125,0.7960580932832825,-0.053166219386075075,-16.879751357406693,14,resize,0.0003378297188649332
GBPUSD=X,LONG,2018-01-29,1.4149274826049805,2018-02-12,1.3827433586120605,0.7230476101118929,-0.016585915646203802,-5.26586496793805,14,resize,0.00013938094904558434
EEM,LONG,2018-02-05,47.33000183105469,2018-07-19,43.34000015258789,0.2926101171572777,-0.02541844084400487,-8.070104782589235,164,signal_flip,0.0007508977756278744
EFA,LONG,2018-02-05,69.51000213623047,2018-08-15,65.52999877929688,0.3861295013318779,-0.023231237739168145,-7.375689324726878,191,signal_flip,0.001122236670515466
SPY,LONG,2018-02-05,263.92999267578125,2018-02-26,277.8999938964844,0.40122155475179244,0.021080684922718345,6.692909972690593,21,resize,0.0001562558009544311
TLT,LONG,2018-02-05,120.70999908447266,2018-02-07,118.81999969482422,0.4597248386587656,-0.007439521709661978,-2.3619749180437997,2,signal_flip,0.00024144639642091032
TLT,SHORT,2018-02-07,118.81999969482422,2018-03-08,118.69000244140625,0.46890476842767786,-0.00012721239421984115,-0.040388683054897234,29,signal_flip,0.0006402264673282829
GBPUSD=X,LONG,2018-02-12,1.3827433586120605,2018-05-28,1.3309022188186646,0.6138354218585881,-0.023836918116464656,-7.567986883005079,105,resize,0.0008232997783149408
AUDUSD=X,LONG,2018-02-26,0.7838403582572937,2018-05-16,0.7468482851982117,0.6504536093606015,-0.031449014448417044,-9.984752545030638,79,signal_flip,0.0007519124358248166
SPY,LONG,2018-02-26,277.8999938964844,2018-06-25,271.0,0.30101644374531594,-0.007985573110937002,-2.5353408633436456,119,resize,0.0005116196377398031
TLT,LONG,2018-03-08,118.69000244140625,2018-03-20,118.94999694824219,0.4713583901524949,0.0004899055829580142,0.15554020060908344,12,signal_flip,0.0005426210803654812
USDJPY=X,SHORT,2018-03-12,106.89099884033203,2018-05-22,110.97799682617188,0.6513855487078289,-0.025547222025699465,-8.110991540226305,71,signal_flip,0.0006413697607136848
TLT,SHORT,2018-03-20,118.94999694824219,2018-03-28,121.30999755859375,0.49390134996439394,-0.010342820365507991,-3.283743665057798,8,signal_flip,0.0005436819268864841
TLT,LONG,2018-03-28,121.30999755859375,2018-04-04,120.69000244140625,0.49904874744662386,-0.0030936154283859488,-0.9821924490698123,7,signal_flip,0.0005430607100413588
TLT,SHORT,2018-04-04,120.69000244140625,2018-04-09,121.30000305175781,0.49388026988136496,-0.0030211991103007603,-0.9592009808478494,5,signal_flip,0.0005249918025372591
TLT,LONG,2018-04-09,121.30000305175781,2018-04-12,120.62000274658203,0.4944544881340674,-0.0032850243507714324,-1.0429628979519148,3,signal_flip,0.0005131431111375314
TLT,SHORT,2018-04-12,120.62000274658203,2018-08-27,121.58999633789062,0.49054123270868855,-0.005101750466714555,-1.6197555583241308,137,resize,0.0011569499264614638
DBC,LONG,2018-04-23,17.459999084472656,2018-11-09,16.399999618530273,0.3872073953570213,-0.02467670038748199,-7.834609488351428,200,signal_flip,0.0011692746252211243
AUDUSD=X,SHORT,2018-05-16,0.7468482851982117,2018-05-17,0.7517666816711426,0.601183471940851,-0.0041592483444836195,-1.3205204112552917,1,signal_flip,0.0002001327830232485
AUDUSD=X,LONG,2018-05-17,0.7517666816711426,2018-05-30,0.7481670379638672,0.5979310140932269,-0.003152320084130228,-1.000830599457935,13,signal_flip,0.0002892793764987819
USDJPY=X,LONG,2018-05-22,110.97799682617188,2018-05-23,110.72599792480469,0.7206000357142726,-0.001775364129657539,-0.5636606368390176,1,signal_flip,0.00013909007066925005
USDJPY=X,SHORT,2018-05-23,110.72599792480469,2018-06-06,109.85900115966797,0.7391032022836121,0.005522865883686028,1.753455558311545,14,signal_flip,0.00026439363523254606
GBPUSD=X,LONG,2018-05-28,1.3309022188186646,2018-07-19,1.3078221082687378,0.7138468874618783,-0.012928863300206954,-4.1047868432516905,52,signal_flip,0.0005495428321973373
AUDUSD=X,SHORT,2018-05-30,0.7481670379638672,2018-05-31,0.7571169137954712,0.5898707415049729,-0.007251806061080806,-2.3023770472428824,1,signal_flip,0.0001955343660149289
AUDUSD=X,LONG,2018-05-31,0.7571169137954712,2018-06-08,0.761440634727478,0.566347304520897,0.002998179181667317,0.951892380084344,8,signal_flip,0.0002361002944932029
GLD,SHORT,2018-06-06,122.91999816894531,2018-06-07,122.86000061035156,0.5196579320323224,-0.0002725586700173976,-0.08653469502486609,1,signal_flip,0.0005262050065798445
USDJPY=X,LONG,2018-06-06,109.85900115966797,2018-06-07,110.125,0.7348701209550167,0.0016364414119626836,0.5195540413416792,1,signal_flip,0.0001428811551941205
GLD,LONG,2018-06-07,122.86000061035156,2018-06-25,119.88999938964844,0.519664201101463,-0.012990684416901477,-4.124414439317212,18,resize,0.0004283915310179721
USDJPY=X,SHORT,2018-06-07,110.125,2018-07-09,110.4219970703125,0.7339734967310988,-0.002352340420633666,-0.7468449302354103,32,resize,0.0003728809135629996
AUDUSD=X,SHORT,2018-06-08,0.761440634727478,2018-06-11,0.7601903676986694,0.5816281171552776,0.0007495604787601083,0.23797807432821105,3,signal_flip,0.00020545876337363869
AUDUSD=X,LONG,2018-06-11,0.7601903676986694,2018-06-15,0.7465472221374512,0.5813888272318971,-0.010648719120315658,-3.380863508848047,4,signal_flip,0.00021452693026822032
AUDUSD=X,SHORT,2018-06-15,0.7465472221374512,2019-02-11,0.7101768255233765,0.5886117211952453,0.026775878039861572,8.50107773146432,241,resize,0.0019001937701312833
GLD,LONG,2018-06-25,119.88999938964844,2018-06-27,118.58000183105469,0.6210855349426535,-0.007112584666235472,-2.2581756246900486,2,signal_flip,0.000326192651931877
SPY,LONG,2018-06-25,271.0,2018-07-23,280.20001220703125,0.4216524484415959,0.014106417573816523,4.478648734841958,28,resize,0.0002080018829631696
GLD,SHORT,2018-06-27,118.58000183105469,2018-06-29,118.6500015258789,0.6227484346850881,-0.001006058703221197,-0.31941373596665085,2,signal_flip,0.0006384402202806262
GLD,LONG,2018-06-29,118.6500015258789,2018-07-02,117.45999908447266,0.6277881035868567,-0.006947928959275343,-2.205899058382365,3,signal_flip,0.0006515162635602234
GLD,SHORT,2018-07-02,117.45999908447266,2018-07-03,118.6500015258789,0.6156520170149312,-0.00686065870780491,-2.1781916125129848,1,signal_flip,0.0006234085033538685
GLD,LONG,2018-07-03,118.6500015258789,2018-07-17,116.27999877929688,0.5935660262097091,-0.012554587353740855,-3.985957914124176,14,signal_flip,0.0006982612323462249
USDJPY=X,SHORT,2018-07-09,110.4219970703125,2018-07-12,111.95800018310547,0.8479454312130331,-0.01190296252500334,-3.7790734447296335,3,signal_flip,0.0001077871398628905
EURUSD=X,SHORT,2018-07-12,1.1676785945892334,2018-07-13,1.1665889024734497,0.632688845378051,0.000474044367580696,0.15050442084352933,1,signal_flip,0.00011638869314975238
USDJPY=X,LONG,2018-07-12,111.95800018310547,2018-08-21,109.947998046875,0.7977549075494976,-0.014868080493546076,-4.720469215057608,40,signal_flip,0.0005458429960885546
EURUSD=X,LONG,2018-07-13,1.1665889024734497,2018-07-17,1.170946478843689,0.6381668037513747,0.0022423893506402872,0.7119365477248579,4,signal_flip,0.00014136432505645598
EURUSD=X,SHORT,2018-07-17,1.170946478843689,2018-09-21,1.1775927543640137,0.6419249590208465,-0.004286664198643053,-1.3609736908384202,66,signal_flip,0.0006431072828404652
GLD,SHORT,2018-07-17,116.27999877929688,2018-08-27,114.58999633789062,0.6111889023606282,0.008208949121837892,2.606260548187815,41,resize,0.000674012247213755
EEM,SHORT,2018-07-19,43.34000015258789,2018-07-20,43.959999084472656,0.2958676690518194,-0.004532120358493717,-1.438903605646473,1,signal_flip,0.00029959525130560734
GBPUSD=X,SHORT,2018-07-19,1.3078221082687378,2018-07-25,1.3152183294296265,0.7449303638717126,-0.004439568476039554,-1.409519293925121,6,signal_flip,0.0002267097960850288
EEM,LONG,2018-07-20,43.959999084472656,2018-08-02,43.869998931884766,0.29598082218280325,-0.0009504251606724202,-0.3017506337901396,13,signal_flip,0.0003444579242229064
SPY,LONG,2018-07-23,280.20001220703125,2018-09-24,291.0199890136719,0.5401662094938159,0.020359712302879175,6.464008262188854,63,resize,0.0004989086958083333
GBPUSD=X,LONG,2018-07-25,1.3152183294296265,2018-08-10,1.2828407287597656,0.7757160360494175,-0.019431858016719872,-6.16942365889891,16,signal_flip,0.00033554260929433177
EEM,SHORT,2018-08-02,43.869998931884766,2018-08-03,44.209999084472656,0.28161464287688975,-0.002467725313564195,-0.7834784980451697,1,signal_flip,0.00028516265387977795
EEM,LONG,2018-08-03,44.209999084472656,2018-08-06,43.869998931884766,0.2896060444802109,-0.0025277880741517832,-0.8025478333536621,3,signal_flip,0.0003005521240784359
EEM,SHORT,2018-08-06,43.869998931884766,2018-08-07,44.31999969482422,0.28873308503660067,-0.003254078364110683,-1.033137851778331,1,signal_flip,0.0002923707799808069
EEM,LONG,2018-08-07,44.31999969482422,2018-08-08,44.2599983215332,0.2861606423873759,-0.0006771763888665881,-0.21499683823989124,1,flat,0.00028976592760057343
EEM,LONG,2018-08-09,44.130001068115234,2018-08-13,42.47999954223633,0.30026430421257394,-0.011542147803226824,-3.664518321946639,4,signal_flip,0.00031539620281326565
GBPUSD=X,SHORT,2018-08-10,1.2828407287597656,2018-09-24,1.30804443359375,0.7385816573813735,-0.015028041112596613,-4.771255137166207,45,resize,0.0005172809916329519
EEM,SHORT,2018-08-13,42.47999954223633,2019-06-28,42.90999984741211,0.29138426732663836,-0.004411977420738015,-1.4007594054365968,319,signal_flip,0.0014624641150869835
EFA,SHORT,2018-08-15,65.52999877929688,2018-08-17,66.37999725341797,0.3781707031270373,-0.0052930030298267185,-1.6804763646759469,2,signal_flip,0.00038769970916136665
EFA,LONG,2018-08-17,66.37999725341797,2018-09-04,66.7699966430664,0.37717609845998823,0.0017532940407506414,0.5566536008397293,18,signal_flip,0.0004627115976316517
USDJPY=X,SHORT,2018-08-21,109.947998046875,2018-08-22,110.13400268554688,0.7866484670632792,-0.001483697997040391,-0.4710595105072226,1,signal_flip,0.00015288464457258844
USDJPY=X,LONG,2018-08-22,110.13400268554688,2018-09-07,110.49500274658203,0.7888371443756358,0.002283639600028241,0.7250330958928484,16,signal_flip,0.0003020310404866963
GLD,SHORT,2018-08-27,114.58999633789062,2019-06-03,125.11000061035156,0.5057743334259289,-0.048470011445478044,-15.38875155950271,280,signal_flip,0.002037091307732259
TLT,SHORT,2018-08-27,121.58999633789062,2019-02-05,120.97000122070312,0.6205144718645973,0.0015873103868536025,0.5039554244501234,162,signal_flip,0.0015767323328379666
EFA,SHORT,2018-09-04,66.7699966430664,2018-09-20,68.5999984741211,0.39561754751221906,-0.011318273134983299,-3.593440318304304,16,signal_flip,0.0004753665490368371
USDJPY=X,SHORT,2018-09-07,110.49500274658203,2018-09-14,112.01200103759766,0.7747801351876249,-0.010844661003532475,-3.4430731281776503,7,signal_flip,0.0002076175918218552
USDJPY=X,LONG,2018-09-14,112.01200103759766,2018-09-17,111.9530029296875,0.7540084848622448,-0.0005603098680087666,-0.17789286814639463,3,signal_flip,0.00016316426268967195
USDJPY=X,SHORT,2018-09-17,111.9530029296875,2018-09-26,112.96900177001953,0.7571326235101496,-0.007091651470870275,-2.2515295412001795,9,signal_flip,0.00022050154783518375
EFA,LONG,2018-09-20,68.5999984741211,2018-09-24,68.31999969482422,0.4491316730448944,-0.002304948332783542,-0.7317984088077838,4,signal_flip,0.0004717657818601165
EURUSD=X,LONG,2018-09-21,1.1775927543640137,2018-09-25,1.175295352935791,0.7427183610722815,-0.0016126863586810062,-0.5120120457379503,4,signal_flip,0.0001636945767842481
EFA,SHORT,2018-09-24,68.31999969482422,2018-09-25,68.66000366210938,0.4500835539290152,-0.00269565739087736,-0.8558446891313676,1,signal_flip,0.00045575407370471193
GBPUSD=X,SHORT,2018-09-24,1.30804443359375,2018-09-26,1.3179919719696045,0.6323363965234559,-0.004896750103308592,-1.5546699606941252,2,signal_flip,8.78992651266471e-05
SPY,LONG,2018-09-24,291.0199890136719,2018-10-15,274.3999938964844,0.6804963269338503,-0.039155340580808724,-12.43143524122263,21,resize,0.0002925611915438164
EFA,LONG,2018-09-25,68.66000366210938,2018-09-28,67.98999786376953,0.4558995822760407,-0.004921941734269509,-1.5626680555712493,3,signal_flip,0.00047313096681204974
EURUSD=X,SHORT,2018-09-25,1.175295352935791,2018-09-26,1.1763184070587158,0.7453410813447222,-0.0007849636845282516,-0.24921824369744563,1,signal_flip,0.00013616994570325283
EURUSD=X,LONG,2018-09-26,1.1763184070587158,2018-09-28,1.1637378931045532,0.7451556253879991,-0.008115459297144184,-2.5765784490372656,2,signal_flip,0.00014615380386668366
GBPUSD=X,LONG,2018-09-26,1.3179919719696045,2018-09-28,1.3078734874725342,0.6303283908450968,-0.004999067958828205,-1.5871548727404852,2,signal_flip,0.00015991249622081128
USDJPY=X,LONG,2018-09-26,112.96900177001953,2018-10-11,112.09200286865234,0.7593497115950208,-0.0061734344488552275,-1.9600046744196034,15,signal_flip,0.0002784645687278287
EFA,SHORT,2018-09-28,67.98999786376953,2018-10-29,61.2599983215332,0.4595871878201027,0.045031095168268497,14.296929489614488,31,resize,0.0004612075354970161
EURUSD=X,SHORT,2018-09-28,1.1637378931045532,2019-04-01,1.1223849058151245,0.7244170908133898,0.02397717176689045,7.612516036544555,185,resize,0.0017647164419174388
GBPUSD=X,SHORT,2018-09-28,1.3078734874725342,2018-10-10,1.3157029151916504,0.6265384707510026,-0.003988708875579698,-1.2663758084423946,12,signal_flip,0.00023801149010835673
GBPUSD=X,LONG,2018-10-10,1.3157029151916504,2018-10-15,1.3103927373886108,0.6189181774078415,-0.002678350906048286,-0.8503500505401944,5,signal_flip,0.00018039674814474845
USDJPY=X,SHORT,2018-10-11,112.09200286865234,2018-11-06,113.24600219726562,0.7453902659915744,-0.008050359070195788,-2.555909767741347,26,signal_flip,0.0003764854262651076
GBPUSD=X,SHORT,2018-10-15,1.3103927373886108,2018-10-17,1.318721890449524,0.619413342328146,-0.004094099293565598,-1.2998362288295755,2,signal_flip,0.0001569677840425765
SPY,LONG,2018-10-15,274.3999938964844,2018-10-29,263.8599853515625,0.45545875367819205,-0.017628786666685926,-5.596966252303472,14,resize,0.00013411005441680966
GBPUSD=X,LONG,2018-10-17,1.318721890449524,2018-10-18,1.3104442358016968,0.6206727295791791,-0.004045444695282326,-1.284388872765901,1,signal_flip,0.00014946439648759352
GBPUSD=X,SHORT,2018-10-18,1.3104442358016968,2018-11-19,1.2833181619644165,0.6223473737133588,0.012544965173443992,3.9829029665878886,32,resize,0.00033756759717646864
EFA,SHORT,2018-10-29,61.2599983215332,2019-04-01,65.69000244140625,0.3557550717550235,-0.026472961487767174,-8.40490470768269,154,resize,0.0007466069869294385
SPY,LONG,2018-10-29,263.8599853515625,2018-12-10,264.07000732421875,0.34790939080189554,-8.112911013146099e-05,-0.025757693939497978,42,flat,0.0003580510407701074
USDJPY=X,LONG,2018-11-06,113.24600219726562,2018-11-20,112.44300079345703,0.7994796644484866,-0.0059516393288546925,-1.889586906876106,14,signal_flip,0.00028271256400276817
DBC,SHORT,2018-11-09,16.399999618530273,2018-11-16,16.1200008392334,0.37699109727194613,0.006026166870213875,1.9132486677074834,7,signal_flip,0.00041023858693417715
DBC,LONG,2018-11-16,16.1200008392334,2018-11-19,16.1200008392334,0.3528025693372663,-0.0003661372530568524,-0.1162449740765706,3,signal_flip,0.0003661372530568524
DBC,SHORT,2018-11-19,16.1200008392334,2019-04-01,16.049999237060547,0.3535696770151782,0.0007145287348755268,0.22685584045082982,133,resize,0.0008208585220880031
GBPUSD=X,SHORT,2018-11-19,1.2833181619644165,2019-06-03,1.2639508247375488,0.49039037329425744,0.006176830166188074,1.9610827812498492,196,resize,0.0012239501031889083
USDJPY=X,SHORT,2018-11-20,112.44300079345703,2018-11-22,113.02100372314453,0.8385916874719579,-0.004480611290599755,-1.4225499835770132,2,signal_flip,0.00016990765631376623
USDJPY=X,LONG,2018-11-22,113.02100372314453,2018-11-30,113.41100311279297,0.8684992652147334,0.002755953238801653,0.8749880273750614,8,signal_flip,0.0002409603629708465
USDJPY=X,SHORT,2018-11-30,113.41100311279297,2018-12-03,113.76300048828125,0.9094297782051464,-0.0030171292301505405,-0.957908833958651,3,signal_flip,0.00019450279768063751
USDJPY=X,LONG,2018-12-03,113.76300048828125,2018-12-05,112.6989974975586,0.9064503478084172,-0.008660802328601502,-2.749719493892242,2,signal_flip,0.00018295033041075922
USDJPY=X,SHORT,2018-12-05,112.6989974975586,2018-12-06,113.0510025024414,0.8809342791474452,-0.0029187069469425713,-0.9266607277783964,1,signal_flip,0.00016718934591475448
USDJPY=X,LONG,2018-12-06,113.0510025024414,2018-12-07,112.68900299072266,0.9051308818829311,-0.0030700994178545385,-0.9747263471864738,1,signal_flip,0.00017178865518699754
USDJPY=X,SHORT,2018-12-07,112.68900299072266,2018-12-12,113.38400268554688,0.8982975892632417,-0.005755701122620798,-1.8273784549523897,5,signal_flip,0.0002155283122297802
SPY,SHORT,2018-12-11,264.1300048828125,2019-02-06,272.739990234375,0.25055802393613724,-0.008598064200120667,-2.7298007556104134,57,signal_flip,0.00043049188373912265
USDJPY=X,LONG,2018-12-12,113.38400268554688,2018-12-13,113.28500366210938,0.8931426907200646,-0.0009486944242895555,-0.301201142023651,1,signal_flip,0.00016886435940066089
USDJPY=X,SHORT,2018-12-13,113.28500366210938,2018-12-14,113.55999755859375,0.893799320710265,-0.0023385211895465717,-0.7424574603834202,1,signal_flip,0.00016886633734470888
USDJPY=X,LONG,2018-12-14,113.55999755859375,2018-12-18,112.8290023803711,0.8905790320561837,-0.005934967896685706,-1.8842938912538956,4,signal_flip,0.00020223636925349248
USDJPY=X,SHORT,2018-12-18,112.8290023803711,2019-01-07,108.52200317382812,0.8784311087695371,0.0332146723673141,10.545331555488255,20,resize,0.00031750472061574137
IEF,LONG,2019-01-03,105.25,2019-01-04,104.4000015258789,1.0,-0.009088593819292824,-2.885539081575303,1,signal_flip,0.0010125988157669743
IEF,SHORT,2019-01-04,104.4000015258789,2019-01-22,103.79000091552734,1.0,0.004616138954470066,1.4655786829014608,18,flat,0.0012267786838055365
USDJPY=X,SHORT,2019-01-07,108.52200317382812,2019-01-16,108.64399719238281,0.6797728369306205,-0.0009038082550792395,-0.28695022509922774,9,signal_flip,0.00013964782994726192
USDJPY=X,LONG,2019-01-16,108.64399719238281,2019-01-23,109.3550033569336,0.6868720517048913,0.004308532719017286,1.3679167308125604,7,signal_flip,0.00018660990865162314
IEF,SHORT,2019-01-23,103.73999786376953,2019-01-24,104.06999969482422,1.0,-0.004193646028511678,-1.3314413373690703,1,signal_flip,0.0010125988157669743
USDJPY=X,SHORT,2019-01-23,109.3550033569336,2019-01-24,109.49199676513672,0.6984995617689543,-0.001011507816356517,-0.3211437757532803,1,signal_flip,0.000136469339307726
IEF,LONG,2019-01-24,104.06999969482422,2019-01-25,103.83000183105469,1.0,-0.0033187183936790213,-1.0536604249356532,1,signal_flip,0.0010125988157669743
USDJPY=X,LONG,2019-01-24,109.49199676513672,2019-01-25,109.59700012207031,0.6977211962033657,0.0005329416328876883,0.16920372287202062,1,signal_flip,0.00013617638458927935
IEF,SHORT,2019-01-25,103.83000183105469,2019-01-29,104.16000366210938,1.0,-0.004228685017811776,-1.3425658715945636,4,signal_flip,0.001050395263067897
USDJPY=X,SHORT,2019-01-25,109.59700012207031,2019-01-28,109.4000015258789,0.7025105454455688,0.0011078831198633927,0.35174198602618806,3,signal_flip,0.00015486669179467564
USDJPY=X,LONG,2019-01-28,109.4000015258789,2019-04-01,110.99500274658203,0.702734668530106,0.009596749580729074,3.046873534220701,63,resize,0.0006487955609753359
IEF,LONG,2019-01-29,104.16000366210938,2019-09-09,112.69999694824219,1.0,0.07861724904441604,24.960202767786623,223,resize,0.00337193092754516
TLT,LONG,2019-02-05,120.97000122070312,2019-03-01,118.66000366210938,0.5853265518862529,-0.011939487933457062,-3.7906699024060657,24,signal_flip,0.0007623126652638494
SPY,LONG,2019-02-06,272.739990234375,2019-03-25,279.0400085449219,0.21748037109398288,0.004710285776671148,1.49546937229399,47,resize,0.00031329114323420634
AUDUSD=X,SHORT,2019-02-11,0.7101768255233765,2019-04-01,0.7113893628120422,0.47989572370917616,-0.0011376004894171536,-0.3611769583611785,49,resize,0.0003182391152413643
TLT,SHORT,2019-03-01,118.66000366210938,2019-03-04,119.58999633789062,0.5230169007530552,-0.004641907549023391,-1.473759958040311,3,signal_flip,0.00054278508147986
TLT,LONG,2019-03-04,119.58999633789062,2019-08-12,142.97000122070312,0.5511050321426033,0.10629554724890986,33.74779001929577,161,resize,0.0014462266201324735
SPY,LONG,2019-03-25,279.0400085449219,2019-04-15,289.9700012207031,0.3690227444038623,0.014296449081994601,4.538981868270645,21,resize,0.0001581659195010635
AUDUSD=X,SHORT,2019-04-01,0.7113893628120422,2019-05-06,0.69733065366745,0.6101946443735209,0.011770835014068946,3.7371242604957486,35,resize,0.0002880310236874032
DBC,SHORT,2019-04-01,16.049999237060547,2019-05-13,15.609999656677246,0.45680429125625693,0.012217071419473872,3.8787999270531284,42,resize,0.00030590091848959944
EFA,SHORT,2019-04-01,65.69000244140625,2019-07-03,66.68000030517578,0.4684845225937616,-0.007843575798346995,-2.4902581142293267,93,signal_flip,0.0007831608289517853
EURUSD=X,SHORT,2019-04-01,1.1223849058151245,2019-04-22,1.1244546175003052,0.8816603921476021,-0.0018695979992555457,-0.5935789629232915,21,resize,0.000243789592055255
USDJPY=X,LONG,2019-04-01,110.99500274658203,2019-05-07,110.80500030517578,1.0,-0.0022556167749508737,-0.7161361247502669,36,signal_flip,0.0005438060023519085
SPY,LONG,2019-04-15,289.9700012207031,2019-08-05,283.82000732421875,0.4900861014421549,-0.011147656863288197,-3.5392713313611517,112,resize,0.0007533866976408593
EURUSD=X,SHORT,2019-04-22,1.1244546175003052,2020-03-09,1.1386020183563232,1.0,-0.0167262124528622,-5.310407823156606,322,signal_flip,0.004144645677434542
AUDUSD=X,SHORT,2019-05-06,0.69733065366745,2019-07-01,0.702331006526947,0.7203756593181968,-0.005696233537850459,-1.8084980821077532,56,resize,0.000530631726085532
USDJPY=X,SHORT,2019-05-07,110.80500030517578,2019-05-15,109.6709976196289,1.0,0.00995199844604316,3.1596615523597755,8,signal_flip,0.00028222097026148565
DBC,SHORT,2019-05-13,15.609999656677246,2019-06-03,15.079999923706055,0.5851699072389867,0.019629658353002174,6.232223318784659,21,resize,0.00023836864255106079
USDJPY=X,LONG,2019-05-15,109.6709976196289,2019-05-24,109.55799865722656,1.0,-0.0013261919913376678,-0.4210529039765994,9,signal_flip,0.00029584700629193964
USDJPY=X,SHORT,2019-05-24,109.55799865722656,2019-05-30,109.54199981689453,1.0,-0.00011212715260347604,-0.03559926732079034,6,signal_flip,0.0002581579356417961
USDJPY=X,LONG,2019-05-30,109.54199981689453,2019-05-31,109.35700225830078,1.0,-0.0018841592746103141,-0.5982020245265696,1,signal_flip,0.00019533162035005318
USDJPY=X,SHORT,2019-05-31,109.35700225830078,2019-08-05,106.5770034790039,1.0,0.02448108816327814,7.772504532513716,66,resize,0.0009402266303601527
DBC,SHORT,2019-06-03,15.079999923706055,2019-07-22,15.510000228881836,0.41807543199148384,-0.012229473624910522,-3.8827375052084214,49,resize,0.00030821604849444294
GBPUSD=X,SHORT,2019-06-03,1.2639508247375488,2019-06-10,1.2722970247268677,0.5998979069707799,-0.004048557052458122,-1.2853770155353046,7,resize,8.727326929232416e-05
GLD,LONG,2019-06-03,125.11000061035156,2019-07-08,131.2899932861328,0.546831101003762,0.026436277801200628,8.393257998263316,35,resize,0.0005752495156094864
GBPUSD=X,SHORT,2019-06-10,1.2722970247268677,2019-08-26,1.2262415885925293,0.891400212902317,0.031385317703670625,9.964529455519832,77,resize,0.0008821676221491416
EEM,LONG,2019-06-28,42.90999984741211,2019-07-02,43.310001373291016,0.3125075659534491,0.0025848990603065435,0.8206800093330799,4,signal_flip,0.0003282564669503813
AUDUSD=X,SHORT,2019-07-01,0.702331006526947,2019-08-26,0.6708078384399414,0.8513746379936976,0.037594076279486535,11.935749192565648,56,resize,0.0006187116639134754
EEM,SHORT,2019-07-02,43.310001373291016,2019-07-03,43.22999954223633,0.3101911276022114,0.00025888299265126375,0.0821928020663287,1,signal_flip,0.0003140991684714217
EEM,LONG,2019-07-03,43.22999954223633,2019-07-05,42.93000030517578,0.3102053280714833,-0.0024707250463463673,-0.7844308836781227,2,flat,0.00031802176762809616
EFA,LONG,2019-07-03,66.68000030517578,2019-07-05,66.16999816894531,0.4064703760526333,-0.0035256020761833267,-1.1193439578424895,2,signal_flip,0.000416712466817873
EFA,SHORT,2019-07-05,66.16999816894531,2019-10-11,65.55000305175781,0.4037480926629818,0.0028807618473594364,0.9146135321419298,98,signal_flip,0.0009022493805643406
EEM,SHORT,2019-07-08,42.66999816894531,2019-09-11,41.70000076293945,0.31180175615936656,0.006520902250808012,2.0703222815279205,65,signal_flip,0.0005671433934679741
GLD,LONG,2019-07-08,131.2899932861328,2019-09-09,141.38999938964844,0.42542287159241676,0.03232795114926702,10.263806296464631,63,resize,0.0003993991392974692
DBC,SHORT,2019-07-22,15.510000228881836,2019-11-25,15.609999656677246,0.3178343587497676,-0.0027126739973877823,-0.8612472942095459,126,signal_flip,0.0006634635821930265
SPY,LONG,2019-08-05,283.82000732421875,2019-08-23,284.8500061035156,0.3664017146138926,0.0010633994866626824,0.33761887032278454,18,signal_flip,0.0002662929558911766
USDJPY=X,SHORT,2019-08-05,106.5770034790039,2019-08-26,104.85199737548828,0.8160356097774936,0.012979161453992343,4.120756012010309,21,resize,0.0002288136400868011
TLT,LONG,2019-08-12,142.97000122070312,2019-09-16,138.27999877929688,0.44549001138615835,-0.01487075236398155,-4.721317507622526,35,resize,0.0002568527823634166
SPY,SHORT,2019-08-23,284.8500061035156,2019-08-26,288.0,0.31388872566079684,-0.0037968691527702023,-1.2054685846658957,3,signal_flip,0.00032575260433858895
AUDUSD=X,SHORT,2019-08-26,0.6708078384399414,2019-12-02,0.6764801144599915,0.7505400335388946,-0.007300417243974205,-2.3178106193475956,98,resize,0.0009539347040099762
GBPUSD=X,SHORT,2019-08-26,1.2262415885925293,2019-09-16,1.2497344017028809,0.7490546659565033,-0.014562454423265175,-4.623435945920662,21,resize,0.00021177390446868168
SPY,LONG,2019-08-26,288.0,2019-08-27,286.8699951171875,0.31134934589173946,-0.001536891010600026,-0.48794776875100826,1,signal_flip,0.0003152719789397974
USDJPY=X,SHORT,2019-08-26,104.85199737548828,2019-11-11,109.22599792480469,0.6806621224132791,-0.02906506406061885,-9.227871761347036,77,resize,0.0006705978429389889
SPY,SHORT,2019-08-27,286.8699951171875,2019-08-29,292.5799865722656,0.322854501959204,-0.006757233191492644,-2.1453550290673,2,signal_flip,0.0003309896707386485
SPY,LONG,2019-08-29,292.5799865722656,2019-10-02,288.05999755859375,0.320252098005635,-0.005404923174789172,-1.7160099091082208,34,signal_flip,0.0004574352021854741
GLD,LONG,2019-09-09,141.38999938964844,2019-11-25,137.0800018310547,0.301962465160978,-0.009554542477272937,-3.0334731943040634,77,resize,0.000349807395238217
IEF,LONG,2019-09-09,112.69999694824219,2019-10-14,112.20999908447266,0.8752099769801908,-0.00424831977906117,-1.3487997150327269,35,resize,0.0004430754961618325
EEM,LONG,2019-09-11,41.70000076293945,2019-09-16,41.90999984741211,0.30260258240630034,0.0012022264721235267,0.3816950717780854,5,signal_flip,0.0003216647533380384
EEM,SHORT,2019-09-16,41.90999984741211,2019-09-18,41.7400016784668,0.3063460989243915,0.0009285564198252838,0.29480752381802244,2,signal_flip,0.00031406529504695083
GBPUSD=X,SHORT,2019-09-16,1.2497344017028809,2019-10-18,1.286860466003418,0.63580650040857,-0.019218452155161523,-6.101669398338085,32,signal_flip,0.0003304444435197264
TLT,LONG,2019-09-16,138.27999877929688,2020-03-16,163.91000366210938,0.3246697072230278,0.05936616480628644,18.84817300429307,182,resize,0.0008109125359600844
EEM,LONG,2019-09-18,41.7400016784668,2019-09-19,41.56999969482422,0.3085785104700103,-0.0015692692237285581,-0.4982275327311774,1,signal_flip,0.0003124662342730693
EEM,SHORT,2019-09-19,41.56999969482422,2019-10-10,41.06999969482422,0.3106654455502609,0.003343794615670556,1.061621878600931,21,signal_flip,0.00039285979653696764
SPY,SHORT,2019-10-02,288.05999755859375,2019-10-04,294.3500061035156,0.31035266269320966,-0.00709495861222144,-2.2525795260280663,2,signal_flip,0.00031817281473333297
SPY,LONG,2019-10-04,294.3500061035156,2019-11-11,308.3500061035156,0.3043948568516885,0.014124589807519211,4.484418240179221,38,resize,0.0003531676497881297
EEM,LONG,2019-10-10,41.06999969482422,2019-11-11,43.369998931884766,0.2999281763418802,0.016469911591323796,5.229034822303539,32,resize,0.00032664506524271756
EFA,LONG,2019-10-11,65.55000305175781,2019-11-11,68.29000091552734,0.36095406445783934,0.014696913705575331,4.66612544461549,31,resize,0.00039100878853180597
IEF,LONG,2019-10-14,112.20999908447266,2019-12-09,111.05999755859375,0.760921632673909,-0.00839098920603107,-2.664056483158264,56,resize,0.0005925661974852282
GBPUSD=X,LONG,2019-10-18,1.286860466003418,2019-10-23,1.2884771823883057,0.5293798319299511,0.0005083913857427775,0.16140926104354772,5,signal_flip,0.00015668231161643914
GBPUSD=X,SHORT,2019-10-23,1.2884771823883057,2019-11-01,1.2939623594284058,0.5483248385766252,-0.002523845732586875,-0.8012961787099797,9,signal_flip,0.0001895717103630814
GBPUSD=X,LONG,2019-11-01,1.2939623594284058,2019-11-04,1.2937614917755127,0.5603514950629414,-0.00023809054204558316,-0.07559140365230169,3,signal_flip,0.0001511046349299388
GBPUSD=X,SHORT,2019-11-04,1.2937614917755127,2019-11-06,1.288062334060669,0.5619547658232583,0.0023307154323693358,0.7399792093091574,2,signal_flip,0.00014475540162467868
GBPUSD=X,LONG,2019-11-06,1.288062334060669,2019-11-08,1.2779992818832397,0.5591280841959464,-0.0045130432563150885,-1.4328468134744226,2,signal_flip,0.00014482679943604758
GBPUSD=X,SHORT,2019-11-08,1.2779992818832397,2019-11-11,1.2796396017074585,0.5544070758315759,-0.0008625986267594666,-0.27386657372056494,3,signal_flip,0.00015101378468230893
EEM,LONG,2019-11-11,43.369998931884766,2020-01-31,42.11000061035156,0.4114507809138568,-0.012579205075799993,-3.9937737985737822,81,signal_flip,0.0006256125899157488
EFA,LONG,2019-11-11,68.29000091552734,2019-12-30,69.12000274658203,0.5000667640400305,0.005710331517081309,1.8129740517517592,49,resize,0.00036751771762924627
GBPUSD=X,LONG,2019-11-11,1.2796396017074585,2019-11-13,1.285214900970459,0.5560036942153733,0.0022783914690104913,0.7233668659503464,2,signal_flip,0.00014407731239349207
SPY,LONG,2019-11-11,308.3500061035156,2019-12-02,311.6400146484375,0.41487418071270143,0.004264707364345515,1.3540026120628754,21,resize,0.0001618844066759522
USDJPY=X,SHORT,2019-11-11,109.22599792480469,2019-11-18,108.6989974975586,0.7929630352429318,0.003736958074089372,1.1864474068698436,7,resize,8.897958089159134e-05
GBPUSD=X,SHORT,2019-11-13,1.285214900970459,2019-11-14,1.2853800058364868,0.5555599531554802,-0.00020804198833461172,-0.06605128360713398,1,signal_flip,0.00013667209403371347
GBPUSD=X,LONG,2019-11-14,1.2853800058364868,2020-01-14,1.2988194227218628,0.5677142895945457,0.005367672720937675,1.7041832566543793,61,signal_flip,0.0005681197878939564
USDJPY=X,SHORT,2019-11-18,108.6989974975586,2019-12-24,109.38200378417969,1.0,-0.006828444535692482,-2.167963929940827,36,signal_flip,0.0005449800848226798
DBC,LONG,2019-11-25,15.609999656677246,2019-12-02,15.289999961853027,0.3396737664360137,-0.007332827101269098,-2.3281004300391213,7,signal_flip,0.00036963017686542473
GLD,LONG,2019-11-25,137.0800018310547,2019-12-23,139.9499969482422,0.4157043577033129,0.008491766004789599,2.6960521248510965,28,resize,0.00021168789706022548
AUDUSD=X,SHORT,2019-12-02,0.6764801144599915,2019-12-16,0.6874789595603943,0.9041854352032122,-0.014879397503828332,-4.724062254432601,14,resize,0.00017830676773308642
DBC,SHORT,2019-12-02,15.289999961853027,2019-12-03,15.300000190734863,0.3440706072200517,-0.0005734404686327657,-0.18206170460431598,1,signal_flip,0.0003484054894112481
SPY,LONG,2019-12-02,311.6400146484375,2019-12-30,321.0799865722656,0.5191122125551103,0.015480595002879157,4.914936542991297,28,resize,0.00024397335001578684
DBC,LONG,2019-12-03,15.300000190734863,2019-12-04,15.539999961853027,0.34411491367719127,0.005049425429668455,1.6031428740801839,1,signal_flip,0.00034845035407727844
DBC,SHORT,2019-12-04,15.539999961853027,2019-12-06,15.670000076293945,0.33790502649696375,-0.0031731692541221634,-1.0074500057188276,2,signal_flip,0.0003464194328481033
DBC,LONG,2019-12-06,15.670000076293945,2019-12-09,15.649999618530273,0.3373566428359705,-0.0007806938210999172,-0.2478626040858157,3,signal_flip,0.0003501075254085365
DBC,SHORT,2019-12-09,15.649999618530273,2019-12-10,15.720000267028809,0.42428629718622923,-0.0023274156152414483,-0.7389315498500715,1,signal_flip,0.00042963180207693024
IEF,LONG,2019-12-09,111.05999755859375,2020-03-09,121.4800033569336,0.872342343770017,0.08078777415870052,25.649323127804635,91,resize,0.0010581873039339968
DBC,LONG,2019-12-10,15.720000267028809,2020-01-23,15.34000015258789,0.4497241664655207,-0.011570225763891204,-3.673432798095415,44,signal_flip,0.0006990278109127474
AUDUSD=X,SHORT,2019-12-16,0.6874789595603943,2019-12-24,0.6925197839736938,0.7963460665881649,-0.006057329438443009,-1.9231424763972877,8,signal_flip,0.00021825518305115796
GLD,LONG,2019-12-23,139.9499969482422,2020-03-02,149.1999969482422,0.5457867253147496,0.03551754322646091,11.276470386864267,70,resize,0.0005562496942244739
AUDUSD=X,LONG,2019-12-24,0.6925197839736938,2019-12-25,0.6921852231025696,0.824359548931032,-0.0006943989816356108,-0.2204648419277201,1,signal_flip,0.0002961454512780251
USDJPY=X,LONG,2019-12-24,109.38200378417969,2020-01-06,107.96399688720703,1.0,-0.013311635146538372,-4.226313136964086,13,signal_flip,0.00034783079193439044
AUDUSD=X,SHORT,2019-12-25,0.6921852231025696,2020-03-02,0.6516313552856445,0.8239345130662151,0.0474019276935316,15.049645481058018,68,resize,0.000870890357856432
EFA,LONG,2019-12-30,69.12000274658203,2020-02-10,69.0999984741211,0.6176777942284453,-0.0005723768364663509,-0.18172401186046208,42,resize,0.0003936124499237067
SPY,LONG,2019-12-30,321.0799865722656,2020-02-10,334.67999267578125,0.6408077613980644,0.026737380929906417,8.488855277967994,42,resize,0.0004053555552665213
USDJPY=X,SHORT,2020-01-06,107.96399688720703,2020-01-13,109.56600189208984,1.0,-0.01511041057914246,-4.797406632058851,7,signal_flip,0.00027208436789187497
USDJPY=X,LONG,2020-01-13,109.56600189208984,2020-01-24,109.552001953125,1.0,-0.000448913318324958,-0.14252556006151362,11,signal_flip,0.0003211370125085619
GBPUSD=X,SHORT,2020-01-14,1.2988194227218628,2020-01-23,1.3144749402999878,0.6196798854247481,-0.007681951572964396,-2.438944013484629,9,signal_flip,0.00021254576538347545
DBC,SHORT,2020-01-23,15.34000015258789,2020-03-09,12.319999694824219,0.42156184453236833,0.08243713546634297,26.172979108858343,46,resize,0.0005561468543663205
GBPUSD=X,LONG,2020-01-23,1.3144749402999878,2020-02-10,1.2891582250595093,0.6119377829823601,-0.012065695264947556,-3.830739487936899,18,signal_flip,0.000279807134498683
USDJPY=X,SHORT,2020-01-24,109.552001953125,2020-02-21,111.9540023803711,1.0,-0.02245903447356538,-7.130522388441653,28,signal_flip,0.00053337009114855
EEM,SHORT,2020-01-31,42.11000061035156,2020-02-04,43.68000030517578,0.3113235011694196,-0.011934179549792598,-3.788984542841279,4,signal_flip,0.00032701273091007124
EEM,LONG,2020-02-04,43.68000030517578,2020-02-24,41.66999816894531,0.29359942018182383,-0.013878006664002181,-4.406130519149627,20,signal_flip,0.00036757952026504896
EFA,LONG,2020-02-10,69.0999984741211,2020-02-24,65.52999877929688,0.48414162793918925,-0.025154059880600595,-7.98616642892355,14,resize,0.00014124508810953938
GBPUSD=X,SHORT,2020-02-10,1.2891582250595093,2020-03-23,1.162304162979126,0.5656653367671082,0.05527225752905335,17.54839773875911,42,resize,0.00038960332876594766
SPY,LONG,2020-02-10,334.67999267578125,2020-02-24,322.4200134277344,0.5082638408087394,-0.018760349829668146,-5.9562264189449845,14,resize,0.00014165651899784653
USDJPY=X,LONG,2020-02-21,111.9540023803711,2020-02-24,111.55699920654297,0.9143738075200716,-0.0034406850251280712,-1.0923836299431477,3,signal_flip,0.000198198861771238
EEM,SHORT,2020-02-24,41.66999816894531,2020-03-16,31.6299991607666,0.2552017980080381,0.06121859008329394,19.436299796928083,21,resize,0.00026991271188093617
EFA,LONG,2020-02-24,65.52999877929688,2020-02-26,64.52999877929688,0.3724405646349178,-0.0058791173634863535,-1.8665618966815944,2,signal_flip,0.00019560490243342532
SPY,LONG,2020-02-24,322.4200134277344,2020-03-02,309.0899963378906,0.4042494325712393,-0.01681870616156709,-5.339773665285148,7,resize,0.0001055629932939894
USDJPY=X,SHORT,2020-02-24,111.55699920654297,2020-03-02,107.6969985961914,0.9212843381495458,0.03169517135817478,10.062904941036935,7,resize,0.0001823274348907285
EFA,SHORT,2020-02-26,64.52999877929688,2020-03-09,56.959999084472656,0.36364240830343586,0.042345178975269765,13.444177534930166,12,resize,0.00031363044602105203
AUDUSD=X,SHORT,2020-03-02,0.6516313552856445,2020-03-16,0.6177682876586914,0.7035508731920523,0.036396741877490785,11.555607304902088,14,resize,0.0001644066993159336
GLD,LONG,2020-03-02,149.1999969482422,2020-03-16,141.63999938964844,0.39596463290790074,-0.020199000129324494,-6.412983728922494,14,resize,0.00013538270772596981
SPY,LONG,2020-03-02,309.0899963378906,2020-03-09,274.2300109863281,0.2644263437314254,-0.02997823414451933,-9.517794274951596,7,signal_flip,0.00015553338338596053
USDJPY=X,SHORT,2020-03-02,107.6969985961914,2020-03-09,103.93800354003906,0.7221136804028335,0.025123800354408844,7.976559327192267,7,resize,8.044665336447432e-05
DBC,SHORT,2020-03-09,12.319999694824219,2020-08-31,13.539999961853027,0.219458541587817,-0.022270379278882292,-7.070626221001022,175,resize,0.0005382781448725062
EFA,SHORT,2020-03-09,56.959999084472656,2020-03-23,46.5,0.2099790535393392,0.0384716962820594,12.21438490525649,14,resize,8.835889846566123e-05
EURUSD=X,LONG,2020-03-09,1.1386020183563232,2020-03-10,1.1397960186004639,0.8297179453025055,0.0007139671369139019,0.22667753862563858,1,signal_flip,0.00015612040314608172
IEF,LONG,2020-03-09,121.4800033569336,2020-03-16,120.44999694824219,0.7562351823318127,-0.0065914798999575025,-2.092729990460215,7,resize,0.0001795021031589041
SPY,SHORT,2020-03-09,274.2300109863281,2020-03-10,288.4200134277344,0.17693502314544643,-0.009334647948757435,-2.963658845850165,1,signal_flip,0.00017916419490478125
USDJPY=X,SHORT,2020-03-09,103.93800354003906,2020-03-23,110.46199798583984,0.5478905869744984,-0.03450078552005239,-10.953659822692423,14,resize,0.00011071620386424377
EURUSD=X,SHORT,2020-03-10,1.1397960186004639,2020-03-23,1.0694386959075928,0.8299117185379212,0.050994519852423904,16.19025813079918,13,resize,0.00023426638203256613
SPY,LONG,2020-03-10,288.4200134277344,2020-03-11,274.3599853515625,0.16546691224501306,-0.00823380679504294,-2.614152614764487,1,signal_flip,0.00016755159938791806
SPY,SHORT,2020-03-11,274.3599853515625,2020-05-07,287.67999267578125,0.15712316759722658,-0.007898190870401504,-2.507597862048379,57,signal_flip,0.0002699584205502364
AUDUSD=X,SHORT,2020-03-16,0.6177682876586914,2020-03-30,0.618058443069458,0.4960219664285006,-0.00035529319669256373,-0.1128020929154016,14,resize,0.00012231999250987492
EEM,SHORT,2020-03-16,31.6299991607666,2020-06-05,40.91999816894531,0.10561827058736538,-0.0311815748332417,-9.899843099532946,81,signal_flip,0.0001605930110469714
GLD,LONG,2020-03-16,141.63999938964844,2020-07-13,169.39999389648438,0.26488241034279947,0.05146537116532377,16.33974878820974,119,resize,0.0004488782540459263
IEF,LONG,2020-03-16,120.44999694824219,2020-03-23,120.55000305175781,0.5306183243558421,0.0003266484337726131,0.10370766262933036,7,resize,0.00011390841485576401
TLT,LONG,2020-03-16,163.91000366210938,2020-06-22,162.41000366210938,0.19176982811988186,-0.0020479140170486937,-0.650192543466496,98,resize,0.00029295864060438953
EFA,SHORT,2020-03-23,46.5,2020-07-27,64.08999633789062,0.10733490410105789,-0.04082741108303733,-12.962301168038282,126,resize,0.00022481817840400094
EURUSD=X,SHORT,2020-03-23,1.0694386959075928,2020-06-04,1.1235954761505127,0.5569127112985952,-0.028764035839250194,-9.132298263984609,73,signal_flip,0.0005617653999048844
GBPUSD=X,SHORT,2020-03-23,1.162304162979126,2020-06-04,1.2575136423110962,0.37610608418245745,-0.031199287243695972,-9.905466615514726,73,signal_flip,0.000390772924332672
IEF,LONG,2020-03-23,120.55000305175781,2020-06-15,121.29000091552734,0.3963937698002718,0.001788194498941788,0.567734152801647,84,resize,0.0006450741484078642
USDJPY=X,SHORT,2020-03-23,110.46199798583984,2020-06-03,108.80899810791016,0.3923889471058947,0.005479869552607179,1.739804646392805,72,signal_flip,0.0003920039739801991
AUDUSD=X,SHORT,2020-03-30,0.618058443069458,2020-06-03,0.6914199590682983,0.3166308056086156,-0.03789729056550638,-12.03201674393811,65,signal_flip,0.00031424939544711993
SPY,LONG,2020-05-07,287.67999267578125,2020-05-13,281.6000061035156,0.0809351840093896,-0.001797581828480966,-0.570714537533928,6,signal_flip,8.705330884379235e-05
SPY,SHORT,2020-05-13,281.6000061035156,2020-05-18,295.0,0.08056005576790819,-0.003919101595911044,-1.244276182269237,5,signal_flip,8.563486227189341e-05
SPY,LONG,2020-05-18,295.0,2020-07-06,317.04998779296875,0.08045196107070847,0.005869344336576568,1.8634590568304383,49,resize,0.00014409552623535982
AUDUSD=X,LONG,2020-06-03,0.6914199590682983,2020-06-10,0.6942998170852661,0.2508685819979767,0.0009358783411711114,0.2971321617780507,7,signal_flip,0.00010902336812545219
USDJPY=X,LONG,2020-06-03,108.80899810791016,2020-06-11,106.98100280761719,0.4710573648937718,-0.008048583742188328,-2.5553461185729502,8,signal_flip,0.00013480212331679382
EURUSD=X,LONG,2020-06-04,1.1235954761505127,2020-06-10,1.1332215070724487,0.4916944037484021,0.004088109948430021,1.2979346707001909,6,signal_flip,0.00012431848786155562
GBPUSD=X,LONG,2020-06-04,1.2575136423110962,2020-06-10,1.2711325883865356,0.31576852974872954,0.0033209936506883608,1.0543827966415094,6,signal_flip,9.879793985476236e-05
EEM,LONG,2020-06-05,40.91999816894531,2020-06-08,41.16999816894531,0.09328348607878878,0.00047310452631122975,0.15020603049102338,3,signal_flip,9.680927044441209e-05
EEM,SHORT,2020-06-08,41.16999816894531,2020-07-06,43.13999938964844,0.09659724510669056,-0.004752891165904438,-1.5089961640246774,28,signal_flip,0.00013067355015819113
AUDUSD=X,SHORT,2020-06-10,0.6942998170852661,2020-06-11,0.6968300938606262,0.30462932692871214,-0.0012191267980047056,-0.3870607589009911,1,signal_flip,0.00010894861265362389
EURUSD=X,SHORT,2020-06-10,1.1332215070724487,2020-06-15,1.1252011060714722,0.506394541375455,0.0034964110481734466,1.110076093767074,5,resize,8.760784062188717e-05
GBPUSD=X,SHORT,2020-06-10,1.2711325883865356,2020-06-22,1.234811782836914,0.40318242446730124,0.011398889676318798,3.6190352766961307,12,resize,0.00012147458299856473
AUDUSD=X,LONG,2020-06-11,0.6968300938606262,2020-06-12,0.6830880641937256,0.31009746226215323,-0.006227146301475457,-1.9770576589583648,1,signal_flip,0.00011178394330291405
USDJPY=X,SHORT,2020-06-11,106.98100280761719,2020-06-22,106.83100128173828,0.6189985764056117,0.0007099378884063754,0.22539829188307137,11,resize,0.00015798004600189452
AUDUSD=X,SHORT,2020-06-12,0.6830880641937256,2020-07-15,0.6988999247550964,0.29726206905714864,-0.0071077586179954175,-2.256643401875042,33,signal_flip,0.000226850236637421
EURUSD=X,SHORT,2020-06-15,1.1252011060714722,2020-06-24,1.1312345266342163,0.630410859335324,-0.003507524263626415,-1.1136044302896542,9,signal_flip,0.00012720956151011402
IEF,LONG,2020-06-15,121.29000091552734,2020-06-22,121.43000030517578,0.8475345976984765,0.000827291420109972,0.26265688312661345,7,resize,0.0001509782269185399
GBPUSD=X,SHORT,2020-06-22,1.234811782836914,2020-07-03,1.2466403245925903,0.5097185960235351,-0.005014681314864679,-1.5921119596049196,11,signal_flip,0.00013197143104967687
IEF,LONG,2020-06-22,121.43000030517578,2021-02-25,114.7300033569336,1.0,-0.058800302500639286,-18.668517291847312,248,signal_flip,0.0036245063102096115
TLT,LONG,2020-06-22,162.41000366210938,2020-09-14,164.47000122070312,0.30413685343590624,0.0034716719771278634,1.1022216822086692,84,resize,0.00038597940781897477
USDJPY=X,SHORT,2020-06-22,106.83100128173828,2020-07-01,107.98899841308594,0.7721333353414528,-0.008528610108220064,-2.7077497650458344,9,signal_flip,0.00015905280167315616
EURUSD=X,LONG,2020-06-24,1.1312345266342163,2020-06-29,1.1225864887237549,0.6980980573047175,-0.00550467912785014,-1.7476814423399276,5,signal_flip,0.00016787378585514764
EURUSD=X,SHORT,2020-06-29,1.1225864887237549,2020-07-03,1.1237848997116089,0.7229973494228176,-0.0009370079778328927,-0.2974908102995228,4,signal_flip,0.0001651761622525488
USDJPY=X,LONG,2020-07-01,107.98899841308594,2020-07-02,107.36599731445312,0.8046895045554547,-0.004801949670641296,-1.5245717564118466,1,signal_flip,0.00015960227633865482
USDJPY=X,SHORT,2020-07-02,107.36599731445312,2020-07-22,106.83200073242188,0.7950700419074452,0.003605554600079182,1.1447280972329354,20,signal_flip,0.00034881359351707214
EURUSD=X,LONG,2020-07-03,1.1237848997116089,2021-02-01,1.2123857736587524,0.7558984541183595,0.05749143428006972,18.252964514577386,213,resize,0.002104724795718298
GBPUSD=X,LONG,2020-07-03,1.2466403245925903,2020-07-07,1.249547004699707,0.5051677925018904,0.0010309710254201012,0.3273231530609806,4,signal_flip,0.00014688368074880712
EEM,LONG,2020-07-06,43.13999938964844,2020-07-07,42.41999816894531,0.17361368521216816,-0.003073391810657767,-0.9757716494955556,1,signal_flip,0.0001758010120467817
SPY,LONG,2020-07-06,317.04998779296875,2020-09-21,326.9700012207031,0.18885830777979895,0.005668748302482677,1.799771790406646,77,resize,0.00024034181342095116
EEM,SHORT,2020-07-07,42.41999816894531,2020-07-08,43.52000045776367,0.17182815069942123,-0.004629706494677542,-1.4698862433764828,1,signal_flip,0.00017399298191366313
GBPUSD=X,SHORT,2020-07-07,1.249547004699707,2020-07-08,1.2542802095413208,0.5155964053878744,-0.0020830968344567697,-0.6613627417006197,1,signal_flip,0.00013005033590826704
EEM,LONG,2020-07-08,43.52000045776367,2020-07-14,43.0099983215332,0.171278997817897,-0.002191410615044823,-0.6957513009402843,6,flat,0.000184226473047455
GBPUSD=X,LONG,2020-07-08,1.2542802095413208,2020-10-07,1.2883278131484985,0.5221562904678069,0.01345211444039274,4.270913930071201,91,signal_flip,0.0007218877192550677
GLD,LONG,2020-07-13,169.39999389648438,2020-08-17,186.5,0.3683842027332535,0.03697172347872551,11.738158303938663,35,resize,0.00021465398375977344
AUDUSD=X,LONG,2020-07-15,0.6988999247550964,2020-09-07,0.7282207608222961,0.36775406000966265,0.015089139878786616,4.7906533940564024,54,resize,0.00033918701704029167
EEM,LONG,2020-07-15,43.13999938964844,2020-07-16,42.529998779296875,0.1820358819504738,-0.002758320989021302,-0.8757397647648105,1,signal_flip,0.00018432931849014648
EEM,SHORT,2020-07-16,42.529998779296875,2020-07-20,43.31999969482422,0.1833686273503036,-0.0035987084711066424,-1.1425545186683577,4,signal_flip,0.00019260953756402132
EEM,LONG,2020-07-20,43.31999969482422,2020-10-05,44.58000183105469,0.1831945043064423,0.005005263596764821,1.5891219268037273,77,resize,0.00032311748351890736
USDJPY=X,LONG,2020-07-22,106.83200073242188,2020-07-27,105.99299621582031,0.8267833049917859,-0.006700615043343263,-2.127379324303747,5,signal_flip,0.0002074770099529094
EFA,SHORT,2020-07-27,64.08999633789062,2020-08-04,63.61000061035156,0.21619350501102053,0.0014892729943798775,0.47282951728963796,8,signal_flip,0.00012988700962271243
USDJPY=X,SHORT,2020-07-27,105.99299621582031,2020-08-12,106.52100372314453,0.8188135353119249,-0.004398123564442953,-1.3963609424218815,16,signal_flip,0.00031917769840601284
EFA,LONG,2020-08-04,63.61000061035156,2020-09-04,64.5199966430664,0.20924446982583758,0.0027024552991169225,0.8580029580878458,31,signal_flip,0.00029096767811924933
USDJPY=X,LONG,2020-08-12,106.52100372314453,2020-08-18,105.99500274658203,0.7749024055988107,-0.004030900976864032,-1.2797713853171462,6,signal_flip,0.00020443100531756533
GLD,LONG,2020-08-17,186.5,2021-03-08,157.49000549316406,0.26396056433270315,-0.041866027014586873,-13.292051503549056,203,signal_flip,0.0008070751576805302
USDJPY=X,SHORT,2020-08-18,105.99500274658203,2020-10-19,105.427001953125,0.7561457468297917,0.0033800562672904656,1.0731345960787002,62,resize,0.0006719402706532062
DBC,SHORT,2020-08-31,13.539999961853027,2021-01-25,15.25,0.32829362444901306,-0.042233167809998695,-13.40861509244579,147,signal_flip,0.0007721551133345923
EFA,SHORT,2020-09-04,64.5199966430664,2020-09-09,64.91999816894531,0.3011015951001758,-0.002186794317355236,-0.6942856718605455,5,signal_flip,0.00032006921271922177
AUDUSD=X,LONG,2020-09-07,0.7282207608222961,2021-08-02,0.7342305779457092,0.5246121301162353,0.002136967398239654,0.6784661154713822,329,resize,0.002192520488321908
EFA,LONG,2020-09-09,64.91999816894531,2020-09-10,64.16000366210938,0.2956515166896144,-0.003760459785403186,-1.1939089688923379,1,signal_flip,0.0002993763756796134
EFA,SHORT,2020-09-10,64.16000366210938,2020-09-15,65.56999969482422,0.29234826058587476,-0.006735481802709041,-2.1384491772202967,5,signal_flip,0.00031076446996045884
TLT,LONG,2020-09-14,164.47000122070312,2021-02-18,145.1999969482422,0.4323592860969692,-0.0517284437037503,-16.423271729823387,157,signal_flip,0.0010713923965846516
EFA,LONG,2020-09-15,65.56999969482422,2020-09-16,65.56999969482422,0.29364184603819526,-0.0002973413855579047,-0.09440296328083059,1,flat,0.0002973413855579047
EFA,LONG,2020-09-17,65.66000366210938,2020-09-18,65.12999725341797,0.3117573510482038,-0.0028321850452289825,-0.8991908755910529,1,signal_flip,0.00031568512447806003
EFA,SHORT,2020-09-18,65.12999725341797,2020-10-01,64.0199966430664,0.3138958074763671,0.004984371266926699,1.5824888177164786,13,signal_flip,0.00036530710830583185
SPY,LONG,2020-09-21,326.9700012207031,2021-02-22,387.0299987792969,0.3031157166515497,0.05503845845689475,17.474168834556394,154,resize,0.0006398274228398035
EFA,LONG,2020-10-01,64.0199966430664,2020-10-14,65.20999908447266,0.3149299184215401,0.005487400553387162,1.7421956650152775,13,signal_flip,0.00036651059070365587
EEM,LONG,2020-10-05,44.58000183105469,2021-11-26,48.70000076293945,0.29079776040884325,0.025201810748733983,8.001326859559756,417,signal_flip,0.0016731648696905897
GBPUSD=X,SHORT,2020-10-07,1.2883278131484985,2020-10-09,1.29404616355896,0.5472818789121381,-0.0025701049305219383,-0.8159830187402385,2,signal_flip,0.00014094868241835477
GBPUSD=X,LONG,2020-10-09,1.29404616355896,2020-12-01,1.3336889743804932,0.5475985767087482,0.016284842708829503,5.170277273683956,53,signal_flip,0.0004907155316139763
EFA,SHORT,2020-10-14,65.20999908447266,2020-11-10,68.75,0.31213436089262786,-0.017362890604603096,-5.512546869719965,27,signal_flip,0.00041831249019319653
USDJPY=X,SHORT,2020-10-19,105.427001953125,2021-02-01,104.68599700927734,0.8611179761054588,0.004900041130579399,1.5557148294601035,105,resize,0.0011524185401787608
EFA,LONG,2020-11-10,68.75,2021-03-22,76.5,0.2721382429743637,0.030037177095550205,9.53650808174775,132,resize,0.0006402248397417155
GBPUSD=X,SHORT,2020-12-01,1.3336889743804932,2020-12-02,1.3422638177871704,0.5495559871191802,-0.0036634709778899047,-1.1631159771359152,1,signal_flip,0.00013014602486787418
GBPUSD=X,LONG,2020-12-02,1.3422638177871704,2021-02-01,1.3697690963745117,0.545086751482298,0.010677205736570489,3.3899077291245288,61,resize,0.0004925529614671668
DBC,LONG,2021-01-25,15.25,2021-03-29,16.790000915527344,0.35912816189064345,0.035737244960743826,11.34622352504693,63,resize,0.000528833603403271
EURUSD=X,LONG,2021-02-01,1.2123857736587524,2021-07-20,1.1793843507766724,0.8646684828581437,-0.02545084457037148,-8.080392646771376,169,signal_flip,0.0019143672579612235
GBPUSD=X,LONG,2021-02-01,1.3697690963745117,2021-03-29,1.3791011571884155,0.6612833164714095,0.00402748129412093,1.278685669705028,56,resize,0.00047775695432896803
USDJPY=X,SHORT,2021-02-01,104.68599700927734,2021-02-24,105.28299713134766,1.0,-0.006087524468555181,-1.9327291012581176,23,signal_flip,0.00038475486110331816
TLT,SHORT,2021-02-18,145.1999969482422,2021-03-29,135.5,0.4505078296478045,0.029596525355167644,9.396605491366943,39,resize,0.0004993745386912699
SPY,LONG,2021-02-22,387.0299987792969,2021-08-09,442.1300048828125,0.4065496487196465,0.056964946213938585,18.085809735630228,168,resize,0.000913999078384113
USDJPY=X,LONG,2021-02-24,105.28299713134766,2021-03-09,108.93900299072266,1.0,0.03437494966020515,10.913708175752049,13,signal_flip,0.0003505611914082051
IEF,SHORT,2021-02-25,114.7300033569336,2021-04-12,113.54000091552734,1.0,0.00924151373922974,2.9340896510146215,46,resize,0.001130685394279103
GLD,SHORT,2021-03-08,157.49000549316406,2021-03-09,160.83999633789062,0.3088841013480439,-0.0068830904603363425,-2.1853134731533266,1,signal_flip,0.0003127756752342753
GLD,LONG,2021-03-09,160.83999633789062,2021-05-24,176.35000610351562,0.29679552984922786,0.02813527853478733,8.932674008469721,76,resize,0.0004850999230983308
USDJPY=X,SHORT,2021-03-09,108.93900299072266,2021-03-16,109.13400268554688,1.0,-0.002061606382878382,-0.6545397348479529,7,signal_flip,0.0002716166687186032
USDJPY=X,LONG,2021-03-16,109.13400268554688,2021-03-24,108.5199966430664,1.0,-0.005910736160571558,-1.8766005535426904,8,signal_flip,0.00028456991200429303
EFA,LONG,2021-03-22,76.5,2022-01-25,75.12000274658203,0.3752941086785619,-0.008418677704487858,-2.672847308889479,309,signal_flip,0.0016486798064439317
USDJPY=X,SHORT,2021-03-24,108.5199966430664,2021-03-26,109.17900085449219,1.0,-0.006281591590710614,-1.9943435024033898,2,signal_flip,0.00020893925186737022
USDJPY=X,LONG,2021-03-26,109.17900085449219,2021-05-24,108.91899871826172,1.0,-0.0033081640743728496,-1.0503095324386493,59,signal_flip,0.0009267341822181202
DBC,LONG,2021-03-29,16.790000915527344,2022-02-28,23.8700008392334,0.23068740007217695,0.09623622651989204,30.554054698429596,336,resize,0.0010399310650977738
GBPUSD=X,LONG,2021-03-29,1.3791011571884155,2021-11-23,1.3397642374038696,0.7642497724491514,-0.024185960137479864,-7.678804289171193,239,signal_flip,0.0023868108600766874
TLT,SHORT,2021-03-29,135.5,2021-06-07,139.47000122070312,0.3449840634034135,-0.010479352256568774,-3.327091196630941,70,resize,0.00037169799210625906
IEF,SHORT,2021-04-12,113.54000091552734,2021-05-24,114.31999969482422,0.8977202620034237,-0.006693340728067725,-2.1250698008024647,42,resize,0.0005261687810312494
GLD,LONG,2021-05-24,176.35000610351562,2021-06-23,166.13999938964844,0.401830471639809,-0.023617276412628563,-7.498252803898422,30,signal_flip,0.00035279287827229413
IEF,SHORT,2021-05-24,114.31999969482422,2021-11-29,115.11000061035156,1.0,-0.009387442780488869,-2.9804206852826702,189,resize,0.0024770078816415196
USDJPY=X,SHORT,2021-05-24,108.91899871826172,2021-05-27,109.16999816894531,0.974943824538449,-0.002462384245868368,-0.7817827616221233,3,signal_flip,0.00021566542466901082
USDJPY=X,LONG,2021-05-27,109.16999816894531,2021-11-22,114.13800048828125,1.0,0.04315064645415403,13.699905531523518,179,resize,0.0023563829739103666
TLT,SHORT,2021-06-07,139.47000122070312,2021-08-16,148.91000366210938,0.4798853555852843,-0.032955403899260154,-10.463016368775682,70,resize,0.00047444821939647525
GLD,SHORT,2021-06-23,166.13999938964844,2021-06-24,166.0399932861328,0.3580208991981858,-0.00014702488610113444,-0.04667895421934383,1,signal_flip,0.00036253153854791024
GLD,LONG,2021-06-24,166.0399932861328,2021-06-29,164.8300018310547,0.366371734558084,-0.003059329845741897,-0.9713071140420787,5,signal_flip,0.00038945098448770447
GLD,SHORT,2021-06-29,164.8300018310547,2021-07-02,167.2899932861328,0.3697129856835648,-0.005901437083997026,-1.8736481882580394,3,signal_flip,0.0003836868230634205
GLD,LONG,2021-07-02,167.2899932861328,2021-07-07,168.75999450683594,0.3746403988829661,0.0028937785177815087,0.918746196882117,5,signal_flip,0.00039824052570492724
GLD,SHORT,2021-07-07,168.75999450683594,2021-07-14,171.0399932861328,0.3771955776679821,-0.0055064879118542805,-1.748255713457974,7,signal_flip,0.0004104611008060764
GLD,LONG,2021-07-14,171.0399932861328,2021-07-19,169.61000061035156,0.3868070228844805,-0.003645102663949699,-1.1572842182531937,5,signal_flip,0.00041117357497794734
GLD,SHORT,2021-07-19,169.61000061035156,2022-02-03,168.60000610351562,0.3894291213675575,0.0009531826149114422,0.3026260983703108,199,signal_flip,0.0013657919264940548
EURUSD=X,SHORT,2021-07-20,1.1793843507766724,2021-07-21,1.1784114837646484,0.8349725676933047,0.0005365910535678083,0.17036237801790705,1,signal_flip,0.0001521727633496678
EURUSD=X,LONG,2021-07-21,1.1784114837646484,2021-07-23,1.1772738695144653,0.8440845981194666,-0.0009794581283085338,-0.3109683152526208,2,signal_flip,0.0001645961888159508
EURUSD=X,SHORT,2021-07-23,1.1772738695144653,2021-07-28,1.1823126077651978,0.8760601085566552,-0.0039532398590751356,-1.2551147448121005,5,signal_flip,0.00020369806320930114
EURUSD=X,LONG,2021-07-28,1.1823126077651978,2021-08-05,1.1837401390075684,0.8813394632933881,0.0008263063305331969,0.26234412688190123,8,signal_flip,0.00023782815532286792
AUDUSD=X,LONG,2021-08-02,0.7342305779457092,2021-08-18,0.7255598902702332,0.6347330091418434,-0.0077286277025643635,-2.453763225214774,16,signal_flip,0.00023292833386964404
EURUSD=X,SHORT,2021-08-05,1.1837401390075684,2021-09-03,1.1876484155654907,0.9501842914844801,-0.0036446005541599592,-1.1571248033370536,29,signal_flip,0.0005074398972371903
SPY,LONG,2021-08-09,442.1300048828125,2021-11-29,464.6000061035156,0.5135409797073069,0.025319079769331926,8.038558619359067,112,resize,0.000780181338184995
TLT,SHORT,2021-08-16,148.91000366210938,2022-03-01,141.3000030517578,0.37742712259264244,0.018162823608212593,5.7665177248876045,197,signal_flip,0.0011254751135480901
AUDUSD=X,SHORT,2021-08-18,0.7255598902702332,2021-08-27,0.7238398790359497,0.6518343649621483,0.0012554572248487566,0.39859531183549324,9,signal_flip,0.0002897803849773794
AUDUSD=X,LONG,2021-08-27,0.7238398790359497,2021-09-30,0.7179998159408569,0.6371254675311365,-0.005625463049522236,-1.7860291486342639,34,signal_flip,0.00048502655571097415
EURUSD=X,LONG,2021-09-03,1.1876484155654907,2021-09-08,1.184356927871704,1.0,-0.003003060820401482,-0.9534422523340712,5,signal_flip,0.00023162808774436218
EURUSD=X,SHORT,2021-09-08,1.184356927871704,2021-09-09,1.1819101572036743,1.0,0.001884264871885916,0.5982355506222138,1,signal_flip,0.00018164162171369592
EURUSD=X,LONG,2021-09-09,1.1819101572036743,2021-09-21,1.1730204820632935,1.0,-0.00784249204443,-2.489914033027716,12,signal_flip,0.00032104459243987346
EURUSD=X,SHORT,2021-09-21,1.1730204820632935,2021-09-22,1.17229163646698,1.0,0.0004381890704456963,0.13912071691510502,1,signal_flip,0.00018315182466931165
EURUSD=X,LONG,2021-09-22,1.17229163646698,2021-09-23,1.168770432472229,1.0,-0.00318715466279657,-1.011890235319158,1,signal_flip,0.00018346182287915433
EURUSD=X,SHORT,2021-09-23,1.168770432472229,2021-09-24,1.1740258932113647,1.0,-0.0046799081035569816,-1.4858247600777224,1,signal_flip,0.00018333581431870556
EURUSD=X,LONG,2021-09-24,1.1740258932113647,2021-09-27,1.1723054647445679,1.0,-0.0016736847474570502,-0.5313784337871958,3,signal_flip,0.00020827544367169138
EURUSD=X,SHORT,2021-09-27,1.1723054647445679,2021-10-21,1.1655012369155884,1.0,0.005330668806426435,1.692434878014463,24,signal_flip,0.0004734735725072384
AUDUSD=X,SHORT,2021-09-30,0.7179998159408569,2021-10-01,0.7231180667877197,0.5993297612472206,-0.0044794881363632195,-1.422193393161752,1,signal_flip,0.00020717498258605974
AUDUSD=X,LONG,2021-10-01,0.7231180667877197,2021-11-12,0.7291999459266663,0.6008450193203396,0.004536961928984169,1.4404407566232,42,signal_flip,0.0005165237417272884
EURUSD=X,LONG,2021-10-21,1.1655012369155884,2021-10-22,1.1625338792800903,1.0,-0.0027304105042494633,-0.8668784605635057,1,signal_flip,0.0001844178089942242
EURUSD=X,SHORT,2021-10-22,1.1625338792800903,2021-11-29,1.1293182373046875,1.0,0.02799669738047091,8.88867585598314,38,resize,0.0005750651869751819
AUDUSD=X,SHORT,2021-11-12,0.7291999459266663,2022-03-21,0.7409987449645996,0.612527028742394,-0.011026197890588356,-3.500709303009812,129,resize,0.0011152216791875224
USDJPY=X,LONG,2021-11-22,114.13800048828125,2021-12-06,113.04199981689453,0.8904880856639786,-0.0087168813875136,-2.767524043129036,14,resize,0.00016604349325948317
GBPUSD=X,SHORT,2021-11-23,1.3397642374038696,2021-11-30,1.3315047025680542,0.6860411137241685,0.0040147883544669576,1.2746557862973364,7,signal_flip,0.0002145979206782799
EEM,SHORT,2021-11-26,48.70000076293945,2021-11-30,48.84000015258789,0.3219778743729636,-0.0012638037298721004,-0.40124524502849157,4,signal_flip,0.0003382040340540314
EURUSD=X,SHORT,2021-11-29,1.1293182373046875,2022-01-17,1.1410704851150513,0.8837797218841481,-0.009751682542008953,-3.096063224472704,49,resize,0.0005546307648714422
IEF,SHORT,2021-11-29,115.11000061035156,2022-02-14,110.37000274658203,0.8083365966332235,0.032448495718270194,10.302078010642456,77,resize,0.0008371764295210213
SPY,LONG,2021-11-29,464.6000061035156,2022-01-31,449.9100036621094,0.4024601383730521,-0.013097676037130336,-4.158383225656423,63,resize,0.00037244930962235153
EEM,LONG,2021-11-30,48.84000015258789,2021-12-01,49.02000045776367,0.32401295710007094,0.0008660578317483873,0.2749648372567263,1,signal_flip,0.00032809513665268725
GBPUSD=X,LONG,2021-11-30,1.3315047025680542,2021-12-01,1.3295927047729492,0.6952576181529259,-0.0011638873661607243,-0.36952278299415,1,signal_flip,0.00016551985730062316
EEM,SHORT,2021-12-01,49.02000045776367,2022-03-14,41.540000915527344,0.3286166059109705,0.04950176231070294,15.716322304026006,103,resize,0.0006420981305715818
GBPUSD=X,SHORT,2021-12-01,1.3295927047729492,2022-01-13,1.3709993362426758,0.695071767965212,-0.02217718042994287,-7.04103650378848,43,signal_flip,0.000531017332152998
USDJPY=X,LONG,2021-12-06,113.04199981689453,2022-01-03,115.14199829101562,0.7890197939635524,0.014366579829003068,4.561247690171877,28,resize,0.00029116124120719486
USDJPY=X,LONG,2022-01-03,115.14199829101562,2022-03-28,122.2699966430664,0.9366458903411287,0.05697664661781013,18.089524498696203,84,resize,0.0010074987149156455
GBPUSD=X,LONG,2022-01-13,1.3709993362426758,2022-01-14,1.3713659048080444,0.7818601192237393,2.813539690782536e-05,0.008932711590744189,1,signal_flip,0.00018091309396043722
GBPUSD=X,SHORT,2022-01-14,1.3713659048080444,2022-01-17,1.367353081703186,0.7834532842412902,0.002091250785323972,0.6639515408442904,3,signal_flip,0.00020125147797295836
EURUSD=X,SHORT,2022-01-17,1.1410704851150513,2022-03-07,1.087453007698059,0.780667480445531,0.03619060100865467,11.490159608023632,49,resize,0.0004919891985121394
GBPUSD=X,LONG,2022-01-17,1.367353081703186,2022-01-18,1.364800214767456,0.7801133429539884,-0.001637629306446245,-0.5199311861481539,1,signal_flip,0.00018114700791051186
GBPUSD=X,SHORT,2022-01-18,1.364800214767456,2022-01-31,1.3403388261795044,0.7788942153548831,0.013731023219202125,4.359464722135483,13,resize,0.00022914022783384938
EFA,SHORT,2022-01-25,75.12000274658203,2022-01-26,74.83000183105469,0.3530349577109313,0.0010054093552281452,0.3192075743701764,1,signal_flip,0.00035748278010243285
EFA,LONG,2022-01-26,74.83000183105469,2022-02-11,75.68000030517578,0.3574270933885619,0.0036305581454999687,1.1526664768023325,16,signal_flip,0.0004294776229842033
GBPUSD=X,SHORT,2022-01-31,1.3403388261795044,2022-03-07,1.3212482929229736,0.9215424208293924,0.01270629355028873,4.034123138333755,35,resize,0.0004192952101992311
SPY,LONG,2022-01-31,449.9100036621094,2022-04-26,416.1000061035156,0.2964471823793925,-0.022743207366753053,-7.2207444850080895,85,signal_flip,0.00046568868320180537
GLD,LONG,2022-02-03,168.60000610351562,2022-02-04,168.86000061035156,0.42820796653968035,0.0002267275771986954,0.07198377415535358,1,signal_flip,0.00043360287982006446
GLD,SHORT,2022-02-04,168.86000061035156,2022-02-11,173.80999755859375,0.43668806712416514,-0.013276364564112991,-4.215115074200811,7,signal_flip,0.0004752003346614992
EFA,SHORT,2022-02-11,75.68000030517578,2022-02-15,76.56999969482422,0.32072845509108117,-0.004108669241434653,-1.304462043870779,4,signal_flip,0.0003368916499587564
GLD,LONG,2022-02-11,173.80999755859375,2022-03-21,180.6699981689453,0.41749827438797277,0.016015905810126678,5.084892455403558,38,resize,0.000462078525364245
IEF,SHORT,2022-02-14,110.37000274658203,2022-03-14,109.16000366210938,0.7023326518286638,0.007398075086820828,2.348816023237259,28,resize,0.0003016788731314291
EFA,LONG,2022-02-15,76.56999969482422,2022-02-17,75.62000274658203,0.3114955779195185,-0.004184041532685202,-1.3283920044780686,2,signal_flip,0.00031934452871638886
EFA,SHORT,2022-02-17,75.62000274658203,2022-02-25,74.63999938964844,0.3055328515613664,0.0036232492861975234,1.1503459859125127,8,signal_flip,0.000336327668422006
EFA,LONG,2022-02-25,74.63999938964844,2022-02-28,73.22000122070312,0.3022953266204199,-0.006064776934971894,-1.9255069832419416,3,signal_flip,0.0003137210160023438
DBC,LONG,2022-02-28,23.8700008392334,2022-03-14,25.209999084472656,0.35745675846918434,0.01991828934737116,6.3238608185965335,14,resize,0.00014838062569127672
EFA,SHORT,2022-02-28,73.22000122070312,2022-05-23,68.91999816894531,0.2981938654526734,0.01699713071651472,5.396421705306605,84,resize,0.0005149494539974655
TLT,LONG,2022-03-01,141.3000030517578,2022-03-02,136.47000122070312,0.3210698801659871,-0.011300119054073384,-3.587676576300074,1,signal_flip,0.00032511498043452284
TLT,SHORT,2022-03-02,136.47000122070312,2022-03-04,140.24000549316406,0.29684424380811414,-0.008504690817194656,-2.7001556255750097,2,signal_flip,0.0003043240156865646
TLT,LONG,2022-03-04,140.24000549316406,2022-03-08,137.77000427246094,0.2929622729873507,-0.005467574611889844,-1.735901123730123,4,signal_flip,0.0003077261838035173
EURUSD=X,SHORT,2022-03-07,1.087453007698059,2022-05-16,1.0400632619857788,0.6713741446452154,0.02865428565183685,9.097453659715995,70,resize,0.0006033004390652669
GBPUSD=X,SHORT,2022-03-07,1.3212482929229736,2022-04-25,1.2830876111984253,0.8076226415016763,0.022814260463395394,7.24330314383969,49,resize,0.000511734159237724
TLT,SHORT,2022-03-08,137.77000427246094,2024-05-13,90.3499984741211,0.291306473588539,0.09714251613534766,30.84179273102511,797,resize,0.003124263557448672
DBC,LONG,2022-03-14,25.209999084472656,2023-02-24,23.670000076293945,0.18679439873579665,-0.012320701182157851,-3.9117013567115024,347,signal_flip,0.0009100229103112331
EEM,SHORT,2022-03-14,41.540000915527344,2023-05-01,39.0,0.225914046301961,0.012584661241393114,3.9955060774463487,413,resize,0.0012290573862099219
IEF,SHORT,2022-03-14,109.16000366210938,2022-06-27,100.58000183105469,0.5944942480669144,0.045883633104746524,14.567601893194773,105,resize,0.0008437539037254593
AUDUSD=X,SHORT,2022-03-21,0.7409987449645996,2022-05-23,0.7062894701957703,0.4957334471727284,0.02280989328031696,7.241916606197039,63,resize,0.00041085917971481797
GLD,LONG,2022-03-21,180.6699981689453,2022-05-10,171.4199981689453,0.31059827004277896,-0.01625306662080994,-5.160188678499365,50,signal_flip,0.00035095765411188385
USDJPY=X,LONG,2022-03-28,122.2699966430664,2022-04-25,128.60499572753906,0.7380075459005093,0.037966645238443376,12.054036169960291,28,resize,0.00027067590307781344
GBPUSD=X,SHORT,2022-04-25,1.2830876111984253,2022-05-09,1.2326656579971313,0.695097529166396,0.027175781394422727,8.628043110419837,14,resize,0.00013971505342117772
USDJPY=X,LONG,2022-04-25,128.60499572753906,2022-05-23,127.90299987792969,0.6051417107236425,-0.003525441872785097,-1.1192930948403812,28,resize,0.0002222500570215392
SPY,SHORT,2022-04-26,416.1000061035156,2022-04-28,427.80999755859375,0.2243047784403798,-0.006542398449160838,-2.077147112924908,2,signal_flip,0.00022995672759882444
SPY,LONG,2022-04-28,427.80999755859375,2022-04-29,412.0,0.21937982912295892,-0.008329468461542646,-2.644524252311714,1,signal_flip,0.00022214375517306937
SPY,SHORT,2022-04-29,412.0,2022-05-03,416.3800048828125,0.2122430388382477,-0.002479311768183967,-0.7871570833452719,4,signal_flip,0.00022293908261483106
SPY,LONG,2022-05-03,416.3800048828125,2022-05-05,413.80999755859375,0.2118448573116327,-0.0015247452373043178,-0.4840916052764867,2,signal_flip,0.0002171828459685331
SPY,SHORT,2022-05-05,413.80999755859375,2023-04-03,410.95001220703125,0.19805842356829031,0.0003867231258308614,0.12278078606231979,333,resize,0.000982127780384047
GBPUSD=X,SHORT,2022-05-09,1.2326656579971313,2022-06-20,1.2228227853775024,0.5544801794956667,0.0041192699301732345,1.3078276582061736,42,resize,0.0003082710996893167
GLD,SHORT,2022-05-10,171.4199981689453,2022-05-11,172.82000732421875,0.29727072617327144,-0.0027288642100132964,-0.8663875273631901,1,signal_flip,0.00030101598528524317
GLD,LONG,2022-05-11,172.82000732421875,2022-05-12,170.1699981689453,0.2976997210216495,-0.004866355794029953,-1.5450200666593819,1,signal_flip,0.0003014503849606809
GLD,SHORT,2022-05-12,170.1699981689453,2022-06-16,172.69000244140625,0.29495024508321915,-0.004792854327541525,-1.5216840745001505,35,signal_flip,0.0004250110780211774
EURUSD=X,SHORT,2022-05-16,1.0400632619857788,2022-10-10,0.9735012650489807,0.5548444382527494,0.03447037092262172,10.9440034873691,147,resize,0.001038578531920166
AUDUSD=X,SHORT,2022-05-23,0.7062894701957703,2023-02-02,0.7145000696182251,0.3934218002001102,-0.005903540171759194,-1.874315897922524,255,signal_flip,0.0013300204722388334
EFA,SHORT,2022-05-23,68.91999816894531,2023-02-13,71.37999725341797,0.19764627128867882,-0.0077940958962753925,-2.4745487323360518,266,resize,0.000739399736421679
USDJPY=X,LONG,2022-05-23,127.90299987792969,2022-11-14,139.55299377441406,0.49289241258044725,0.04380091047954083,13.906357959248151,175,resize,0.0010939989726690756
GLD,LONG,2022-06-16,172.69000244140625,2022-07-05,164.75,0.34618019314940585,-0.016345844166134035,-5.189644635960794,19,signal_flip,0.0004290479421870393
GBPUSD=X,SHORT,2022-06-20,1.2228227853775024,2022-09-12,1.1619395017623901,0.43327588187361166,0.021095534479440514,6.697624560790562,84,resize,0.00047689507874386166
IEF,SHORT,2022-06-27,100.58000183105469,2023-07-31,95.73999786376953,0.4798703768593927,0.020604637273383068,6.54176952960763,399,resize,0.002487175070022322
GLD,SHORT,2022-07-05,164.75,2022-08-08,166.69000244140625,0.3479756166541982,-0.004594597612523817,-1.4587395188578953,34,signal_flip,0.000497034359965465
GLD,LONG,2022-08-08,166.69000244140625,2022-08-15,165.7100067138672,0.3572695196349366,-0.002489219253985604,-0.7903026125711561,7,signal_flip,0.0003887777296341883
GLD,SHORT,2022-08-15,165.7100067138672,2022-12-01,167.83999633789062,0.36339571379434915,-0.005528843993351481,-1.7553535492897523,108,signal_flip,0.0008578581238434845
GBPUSD=X,SHORT,2022-09-12,1.1619395017623901,2022-09-26,1.0797386169433594,0.5754894201329093,0.040585563328626395,12.88551688644099,14,resize,0.0001271755593831332
GBPUSD=X,SHORT,2022-09-26,1.0797386169433594,2022-11-07,1.1331573724746704,0.39071902793311425,-0.0195508755044578,-6.207210539805578,42,resize,0.00022052655975074984
EURUSD=X,SHORT,2022-10-10,0.9735012650489807,2023-01-30,1.0871455669403076,0.4478347263716857,-0.05292172384067379,-16.802126428231308,112,resize,0.00064252640312046
GBPUSD=X,SHORT,2022-11-07,1.1331573724746704,2023-01-30,1.2400301694869995,0.2866386466467258,-0.02735191859729112,-8.683964938669792,84,resize,0.0003178325620356435
USDJPY=X,LONG,2022-11-14,139.55299377441406,2023-06-12,139.37100219726562,0.39139063115078876,-0.001553616575253141,-0.49325797090412127,210,resize,0.0010432026004773903
GLD,LONG,2022-12-01,167.83999633789062,2022-12-05,164.38999938964844,0.2865505437177351,-0.00619111599362674,-1.9656183908509086,4,signal_flip,0.0003009913337506393
GLD,SHORT,2022-12-05,164.38999938964844,2022-12-09,167.05999755859375,0.2806263070570831,-0.004852659709646108,-1.5406716946735808,4,signal_flip,0.00029476854362499717
GLD,LONG,2022-12-09,167.05999755859375,2022-12-12,165.67999267578125,0.2916894127327304,-0.0027122247098424843,-0.8611046498361038,3,signal_flip,0.00030271423624932017
GLD,SHORT,2022-12-12,165.67999267578125,2022-12-13,168.50999450683594,0.289806101038058,-0.0052436735921455495,-1.6648147537456632,1,signal_flip,0.00029345731471318163
GLD,LONG,2022-12-13,168.50999450683594,2022-12-15,165.35000610351562,0.28568737836162167,-0.0056502466077547366,-1.793897684436642,2,signal_flip,0.00029288602365547755
GLD,SHORT,2022-12-15,165.35000610351562,2022-12-20,169.0800018310547,0.27956769206450655,-0.006603718011860593,-2.096615470533722,5,signal_flip,0.00029717880129810105
GLD,LONG,2022-12-20,169.0800018310547,2022-12-22,166.75999450683594,0.2840963998751056,-0.004189443514101771,-1.3301070804078967,2,signal_flip,0.0002912549562792798
GLD,SHORT,2022-12-22,166.75999450683594,2022-12-29,168.85000610351562,0.2874542820133886,-0.003915484682660064,-1.2431278479121426,7,signal_flip,0.00031280536679699033
GLD,LONG,2022-12-29,168.85000610351562,2022-12-30,169.63999938964844,0.3015145215953451,0.0011053733922455863,0.35094517220996085,1,signal_flip,0.0003053132475039922
GLD,SHORT,2022-12-30,169.63999938964844,2023-01-03,171.05999755859375,0.30129704292388426,-0.0028385350470261227,-0.9012069386606585,4,signal_flip,0.0003164809866636129
GLD,LONG,2023-01-03,171.05999755859375,2023-02-14,172.61000061035156,0.30366079503372007,0.0022871779189536597,0.7261564773251553,42,signal_flip,0.00046434298434959627
EURUSD=X,SHORT,2023-01-30,1.0871455669403076,2023-03-31,1.0904649496078491,0.5630877615735477,-0.0021965681756803013,-0.6973887756778696,60,signal_flip,0.0004772917393771285
GBPUSD=X,SHORT,2023-01-30,1.2400301694869995,2023-04-03,1.228697419166565,0.4063654771652849,0.003376783874223881,1.0720956434891522,63,resize,0.0003370277772003953
AUDUSD=X,LONG,2023-02-02,0.7145000696182251,2023-02-03,0.7074687480926514,0.3867579419982493,-0.003941474986587291,-1.2513795135949939,1,signal_flip,0.00013542995119362008
AUDUSD=X,SHORT,2023-02-03,0.7074687480926514,2023-06-26,0.6680517792701721,0.38876960151576545,0.020874511500251682,6.6274519403548515,143,resize,0.0007859778194373067
EFA,SHORT,2023-02-13,71.37999725341797,2023-03-07,69.5199966430664,0.35170777794644414,0.008891367773519718,2.8229217532736692,22,signal_flip,0.00027333812193272306
GLD,SHORT,2023-02-14,172.61000061035156,2023-03-17,183.77000427246094,0.3357870292769543,-0.022177056881293823,-7.040997278308456,31,signal_flip,0.00046693311575975226
DBC,SHORT,2023-02-24,23.670000076293945,2023-02-28,23.760000228881836,0.2677874359604786,-0.0012994875558000644,-0.4125745085364169,4,signal_flip,0.00028128265424198453
DBC,LONG,2023-02-28,23.760000228881836,2023-03-02,24.079999923706055,0.2772171579813277,0.0034493584469037614,1.0951373559872817,2,signal_flip,0.00028420237378302954
DBC,SHORT,2023-03-02,24.079999923706055,2023-09-08,25.059999465942383,0.28551059974718657,-0.012588570775232493,-3.996747315960091,190,signal_flip,0.0009689587344364805
EFA,LONG,2023-03-07,69.5199966430664,2023-03-10,68.6500015258789,0.34570354796187336,-0.004685012912227502,-1.4874454865856541,3,signal_flip,0.0003587699138941563
EFA,SHORT,2023-03-10,68.6500015258789,2023-03-14,69.08999633789062,0.34181051613213875,-0.0025497841506008476,-0.8095313711260688,4,signal_flip,0.0003590361470119915
EFA,LONG,2023-03-14,69.08999633789062,2023-03-15,66.94999694824219,0.3597965049452483,-0.01150869688770588,-3.653897985515137,1,signal_flip,0.0003643295148246547
EFA,SHORT,2023-03-15,66.94999694824219,2023-04-13,73.5199966430664,0.326933323278492,-0.03252931007515654,-10.327735773524642,29,signal_flip,0.00044638353181253223
GLD,LONG,2023-03-17,183.77000427246094,2023-03-27,181.9499969482422,0.319246220099957,-0.0035211937803637503,-1.117944367309185,10,signal_flip,0.0003594674632133797
GLD,SHORT,2023-03-27,181.9499969482422,2023-03-28,183.44000244140625,0.29972556276357293,-0.0027579823349597687,-0.8756322454335347,1,signal_flip,0.00030350174990948387
GLD,LONG,2023-03-28,183.44000244140625,2023-07-03,178.47000122070312,0.2988940358966119,-0.008668454021529203,-2.7521488310836815,97,resize,0.0005704181324295133
EURUSD=X,LONG,2023-03-31,1.0904649496078491,2023-04-03,1.0803335905075073,0.5859555563938852,-0.005574151970459802,-1.7697383860700753,3,signal_flip,0.0001301198988174414
EURUSD=X,SHORT,2023-04-03,1.0803335905075073,2023-04-04,1.091226577758789,0.5784529322939713,-0.005946373331058802,-1.8879150044074013,1,signal_flip,0.00011384116478158827
GBPUSD=X,SHORT,2023-04-03,1.228697419166565,2023-04-25,1.25,0.5250181575705695,-0.009311042645691915,-2.956164394466124,22,signal_flip,0.0002085235338225212
SPY,SHORT,2023-04-03,410.95001220703125,2023-05-10,412.8500061035156,0.3023847020716913,-0.00169020188083814,-0.5366224610629615,37,signal_flip,0.00029215084966549305
EURUSD=X,LONG,2023-04-04,1.091226577758789,2023-06-12,1.0750954151153564,0.5628382216437907,-0.00887345749866744,-2.8172354172930363,69,resize,0.0005532469389835999
EFA,LONG,2023-04-13,73.5199966430664,2024-03-18,78.87000274658203,0.34070032732415995,0.02310511135463369,7.3356454390578545,340,resize,0.001687447321658454
GBPUSD=X,LONG,2023-04-25,1.25,2023-05-12,1.2508130073547363,0.5072009800727774,9.956558815415503e-05,0.031611094247492734,17,signal_flip,0.00023032091354875837
EEM,SHORT,2023-05-01,39.0,2023-06-14,40.63999938964844,0.33302677423594673,-0.01435532368011906,-4.557673973691788,44,signal_flip,0.0003511260779769837
SPY,LONG,2023-05-10,412.8500061035156,2023-07-24,454.20001220703125,0.32412867295044523,0.0319289181396844,10.137117243473279,75,resize,0.0005349849890098112
GBPUSD=X,SHORT,2023-05-12,1.2508130073547363,2023-05-31,1.241187572479248,0.5707385403284415,0.00411798775244561,1.307420579397708,19,signal_flip,0.00027404096692369066
GBPUSD=X,LONG,2023-05-31,1.241187572479248,2023-09-11,1.2489992380142212,0.643110191694912,0.003121493142036001,0.9910433487625053,103,resize,0.0009260511865123448
EURUSD=X,LONG,2023-06-12,1.0750954151153564,2023-10-09,1.056747317314148,0.6959660718856105,-0.012934333492553239,-4.106523575480326,119,resize,0.0010566402443591902
USDJPY=X,LONG,2023-06-12,139.37100219726562,2023-10-02,149.5399932861328,0.49843209000274064,0.035656920766819734,11.320721384080745,112,resize,0.0007104110434896782
EEM,LONG,2023-06-14,40.63999938964844,2023-06-22,39.75,0.35297001778859,-0.008118445291601488,-2.577526472887295,8,signal_flip,0.00038854605159166256
EEM,SHORT,2023-06-22,39.75,2023-07-07,39.38999938964844,0.34751329770618955,0.0027341084414370127,0.8680525192229689,15,signal_flip,0.00041318713792179885
AUDUSD=X,SHORT,2023-06-26,0.6680517792701721,2023-09-20,0.646600067615509,0.4979735457482649,0.015358384311305146,4.876135851296332,86,signal_flip,0.0006319703984931982
GLD,LONG,2023-07-03,178.47000122070312,2023-08-21,175.80999755859375,0.41028835178991946,-0.006418470136901226,-2.037801093568241,49,resize,0.0003033330784754835
EEM,LONG,2023-07-07,39.38999938964844,2023-07-10,39.41999816894531,0.3189242490134251,-8.809096066185126e-05,-0.02796801295968387,3,signal_flip,0.00033097845258424737
EEM,SHORT,2023-07-10,39.41999816894531,2023-07-12,40.709999084472656,0.32434806060608845,-0.01094665872670304,-3.4754564013541454,2,signal_flip,0.0003325208635259915
EEM,LONG,2023-07-12,40.709999084472656,2023-08-08,39.9900016784668,0.3094253502117122,-0.0058871814575067105,-1.8691221671608234,27,signal_flip,0.00041468196069733106
SPY,LONG,2023-07-24,454.20001220703125,2024-08-19,559.6099853515625,0.4574243627251464,0.10383973060812805,32.96809240764584,392,resize,0.0023185443690507596
IEF,SHORT,2023-07-31,95.73999786376953,2023-12-04,93.6500015258789,0.6296733377802062,0.012693985439962687,4.030215434449933,126,resize,0.0010517321221014256
EEM,SHORT,2023-08-08,39.9900016784668,2023-08-10,40.150001525878906,0.28891438751171566,-0.0014521397315600745,-0.461040071834886,2,signal_flip,0.0002961943457930923
EEM,LONG,2023-08-10,40.150001525878906,2023-08-11,39.560001373291016,0.2969459612551087,-0.004664277559412617,-1.4808622161582095,1,signal_flip,0.0003006871287137089
EEM,SHORT,2023-08-11,39.560001373291016,2023-09-01,39.630001068115234,0.29225840332017927,-0.0008867211902942877,-0.28152525021238395,21,signal_flip,0.0003695827086955801
GLD,LONG,2023-08-21,175.80999755859375,2023-11-20,183.3699951171875,0.5103780678982889,0.02130932449872237,6.765500787647461,91,resize,0.000637419149828792
EEM,LONG,2023-09-01,39.630001068115234,2023-09-13,39.02000045776367,0.30855264125509735,-0.005104565393081885,-1.6206492697393602,12,signal_flip,0.0003552014158341325
DBC,LONG,2023-09-08,25.059999465942383,2023-09-12,25.299999237060547,0.38972363230942775,0.0033230217990178616,1.0550267137737266,4,signal_flip,0.00040936385728343775
GBPUSD=X,LONG,2023-09-11,1.2489992380142212,2023-11-20,1.2454540729522705,0.7578521805330861,-0.0028344661127823936,-0.8999150920874606,70,resize,0.0006833750706287723
DBC,SHORT,2023-09-12,25.299999237060547,2023-09-18,25.520000457763672,0.41665143885287714,-0.004071223529508934,-1.2925733989002326,6,signal_flip,0.00044814732715578996
EEM,SHORT,2023-09-13,39.02000045776367,2023-09-14,39.279998779296875,0.31582716591465104,-0.0024242278458956744,-0.7696684801917323,1,signal_flip,0.00031980621419221535
EEM,LONG,2023-09-14,39.279998779296875,2023-12-04,39.279998779296875,0.3150179224709729,-0.0006364949967200206,-0.2020808966469656,81,signal_flip,0.0006364949967200206
DBC,LONG,2023-09-18,25.520000457763672,2023-10-04,23.969999313354492,0.47661663720808445,-0.029520825176641504,-9.37257142977694,16,signal_flip,0.0005726935204666357
AUDUSD=X,LONG,2023-09-20,0.646600067615509,2023-09-21,0.6436100006103516,0.5338227623535994,-0.0026738778906022042,-0.8489299121624885,1,signal_flip,0.0002053259861742666
AUDUSD=X,SHORT,2023-09-21,0.6436100006103516,2023-09-26,0.6422001123428345,0.532909758571511,0.0009348804231271495,0.296815332621273,5,signal_flip,0.00023250854774468937
AUDUSD=X,LONG,2023-09-26,0.6422001123428345,2023-10-13,0.6316800117492676,0.534630313854508,-0.009073933099952174,-2.880884447485302,17,signal_flip,0.0003159703185362405
USDJPY=X,LONG,2023-10-02,149.5399932861328,2023-10-05,148.96600341796875,0.6044527625668334,-0.0023835362532852095,-0.7567493000519191,3,signal_flip,6.342272463685211e-05
DBC,SHORT,2023-10-04,23.969999313354492,2023-10-19,25.31999969482422,0.4236250259867357,-0.02436242118172195,-7.734828933869832,15,signal_flip,0.0005036826308370341
USDJPY=X,SHORT,2023-10-05,148.96600341796875,2023-10-11,148.6280059814453,0.6610498511434033,0.001361070238346605,0.43212640410678305,6,signal_flip,0.0001388233613612874
EURUSD=X,LONG,2023-10-09,1.056747317314148,2023-11-20,1.090702772140503,0.8355285164465753,0.02639089457738642,8.378849271394502,42,resize,0.00045634726699395094
USDJPY=X,LONG,2023-10-11,148.6280059814453,2023-10-23,149.8800048828125,0.6466732443620147,0.0052924333373012755,1.6802954929064156,12,resize,0.00015495315045033694
AUDUSD=X,SHORT,2023-10-13,0.6316800117492676,2023-10-24,0.6336702108383179,0.5276291524236983,-0.0019356465507604432,-0.6145487279318514,11,signal_flip,0.00027327471853784907
DBC,LONG,2023-10-19,25.31999969482422,2023-10-24,24.700000762939453,0.3949114987361887,-0.010089800842186207,-3.2034124567913724,5,signal_flip,0.0004197885848203733
USDJPY=X,LONG,2023-10-23,149.8800048828125,2023-12-04,146.39300537109375,0.8516466019553631,-0.020275854810875304,-6.437384333859435,42,resize,0.0004620625208549249
AUDUSD=X,LONG,2023-10-24,0.6336702108383179,2023-10-25,0.6360999345779419,0.5852100436703201,0.0020153141540593038,0.6398424078371315,1,signal_flip,0.00022859555078708755
DBC,SHORT,2023-10-24,24.700000762939453,2023-12-18,22.31999969482422,0.3868710257158363,0.036750777949368256,11.668010273062166,55,resize,0.0005266886897441487
AUDUSD=X,SHORT,2023-10-25,0.6360999345779419,2023-11-20,0.6513597369194031,0.601347975422328,-0.01475756461402755,-4.685381511082056,26,resize,0.0003314489291214903
AUDUSD=X,SHORT,2023-11-20,0.6513597369194031,2023-12-22,0.6796802878379822,0.4872417388547085,-0.021467305779416045,-6.815658289309736,32,signal_flip,0.00028246168672809916
EURUSD=X,LONG,2023-11-20,1.090702772140503,2024-01-22,1.089229702949524,0.680352777730799,-0.0015213383736229285,-0.48300995959028825,63,signal_flip,0.0006024751035631918
GBPUSD=X,LONG,2023-11-20,1.2454540729522705,2024-02-12,1.2637271881103516,0.6332048905342663,0.008607562165926879,2.732816266268521,84,resize,0.0006827249146438754
GLD,LONG,2023-11-20,183.3699951171875,2024-06-10,213.5399932861328,0.40582875155048076,0.06567129943565128,20.849991189742763,203,resize,0.0010999991258096988
EEM,SHORT,2023-12-04,39.279998779296875,2023-12-07,39.18000030517578,0.3396346481482771,0.0005121655283678271,0.1626075141793521,3,signal_flip,0.0003524716312285809
IEF,SHORT,2023-12-04,93.6500015258789,2023-12-27,97.0,0.5253599643466318,-0.019207814619358575,-6.098292085422427,23,signal_flip,0.0004149149904227054
USDJPY=X,LONG,2023-12-04,146.39300537109375,2023-12-18,142.31300354003906,0.6845609728334924,-0.01920966973944771,-6.098881067791389,14,resize,0.00013082088632675588
EEM,LONG,2023-12-07,39.18000030517578,2023-12-11,39.2400016784668,0.3393740237138675,0.00016325022148292812,0.051830338502405024,4,signal_flip,0.00035647686691733853
EEM,SHORT,2023-12-11,39.2400016784668,2023-12-12,39.25,0.3381234910871884,-0.0004285370459752146,-0.1360562941474405,1,signal_flip,0.0003423834466578821
EEM,LONG,2023-12-12,39.25,2024-01-09,38.9900016784668,0.33934861524595517,-0.00270695943666171,-0.8594329774255662,28,signal_flip,0.00045905955440528036
DBC,SHORT,2023-12-18,22.31999969482422,2024-03-15,22.760000228881836,0.2565175175865345,-0.005469461798545051,-1.7365002869181916,88,signal_flip,0.00041265864995980765
USDJPY=X,LONG,2023-12-18,142.31300354003906,2024-03-18,148.9550018310547,0.5411709411397543,0.024628533540631808,7.819316988566982,91,resize,0.0006288665337491457
AUDUSD=X,LONG,2023-12-22,0.6796802878379822,2023-12-25,0.6808788776397705,0.4579117232587635,0.0006286525046386288,0.1995909826022029,3,signal_flip,0.00017885704277392412
AUDUSD=X,SHORT,2023-12-25,0.6808788776397705,2023-12-26,0.6806008219718933,0.4718893643267694,2.0395605784909713e-05,0.006475404089445771,1,signal_flip,0.00017231343053718162
AUDUSD=X,LONG,2023-12-26,0.6806008219718933,2023-12-27,0.6823800802230835,0.48048320427638264,0.001080836258036777,0.34315487360963387,1,signal_flip,0.00017526523077738337
AUDUSD=X,SHORT,2023-12-27,0.6823800802230835,2024-02-12,0.6525583267211914,0.48066668434565035,0.02061510762007214,6.54509376162522,47,resize,0.00039125495200290246
IEF,LONG,2023-12-27,97.0,2024-01-02,96.02999877929688,0.5268603491998599,-0.005835297370355457,-1.852649480168365,6,signal_flip,0.0005666872480468163
IEF,SHORT,2024-01-02,96.02999877929688,2024-01-03,96.26000213623047,0.5286026596327005,-0.0018013291536474925,-0.5719042763906067,1,signal_flip,0.0005352624271553454
IEF,LONG,2024-01-03,96.26000213623047,2024-01-04,95.68000030517578,0.5467847592150878,-0.003848252391469966,-1.2217822572046932,1,signal_flip,0.0005536735996606281
IEF,SHORT,2024-01-04,95.68000030517578,2024-03-04,94.19000244140625,0.541222782960842,0.007689521087281986,2.4413472597762156,60,resize,0.0007387898226567653
EEM,SHORT,2024-01-09,38.9900016784668,2024-02-20,40.13999938964844,0.3058768243654497,-0.009489471374351648,-3.012813759600093,42,signal_flip,0.00046773162618328213
EURUSD=X,SHORT,2024-01-22,1.089229702949524,2024-01-24,1.0857881307601929,0.7022758596376809,0.002072088764427917,0.6578677878152843,2,signal_flip,0.00014684913381597065
EURUSD=X,LONG,2024-01-24,1.0857881307601929,2024-02-12,1.0798202753067017,0.7041363274766531,-0.00411333740945161,-1.3059441412689148,19,resize,0.00024316817211542728
AUDUSD=X,SHORT,2024-02-12,0.6525583267211914,2024-05-10,0.6620998978614807,0.6008636823816332,-0.009560779368938274,-3.0354533460201276,88,signal_flip,0.0007750764879908967
EURUSD=X,LONG,2024-02-12,1.0798202753067017,2024-03-11,1.0942955017089844,0.8095648796601066,0.010551435750717058,3.349976996528814,28,resize,0.00030095810444402205
GBPUSD=X,LONG,2024-02-12,1.2637271881103516,2024-03-11,1.2855123281478882,0.739390384072201,0.012465778395165385,3.957761943893936,28,resize,0.0002804244332368407
EEM,LONG,2024-02-20,40.13999938964844,2024-04-17,39.709999084472656,0.31435989306420864,-0.00390769670213067,-1.2406552407485998,57,signal_flip,0.0005401119485669849
IEF,SHORT,2024-03-04,94.19000244140625,2024-03-06,95.0,0.6593277095440027,-0.006016240417612584,-1.910097116709393,2,flat,0.00034627735145721335
IEF,LONG,2024-03-07,95.16000366210938,2024-03-11,95.11000061035156,0.6593095786606028,-0.0010389783833884463,-0.3298654104021301,4,signal_flip,0.0006925356583203882
EURUSD=X,LONG,2024-03-11,1.0942955017089844,2024-03-19,1.087393879890442,0.9777631197432796,-0.006355130011077174,-2.017691227055203,8,signal_flip,0.00018846728602009113
GBPUSD=X,LONG,2024-03-11,1.2855123281478882,2024-04-15,1.2461835145950317,0.9072956299519268,-0.028266984879301942,-8.97448947651073,35,signal_flip,0.0005092886780441474
IEF,SHORT,2024-03-11,95.11000061035156,2024-07-31,96.06999969482422,0.7213370626146628,-0.009292695405708044,-2.9503393263571147,142,signal_flip,0.0020118320342183576
DBC,LONG,2024-03-15,22.760000228881836,2024-03-22,22.709999084472656,0.4402029361907202,-0.0014461012124254804,-0.4591229014448171,7,signal_flip,0.00047902518604275624
EFA,LONG,2024-03-18,78.87000274658203,2024-08-05,75.31999969482422,0.4560485974375682,-0.021396728941434,-6.793250837915122,140,resize,0.0008696101855848778
USDJPY=X,LONG,2024-03-18,148.9550018310547,2024-05-20,155.75399780273438,0.6665650158819545,0.029888392002509735,9.489270279150308,63,resize,0.0005367216367368311
EURUSD=X,SHORT,2024-03-19,1.087393879890442,2024-03-20,1.0863306522369385,1.0,0.0007811611972016826,0.24801099139789642,1,signal_flip,0.00019661481677639965
EURUSD=X,LONG,2024-03-20,1.0863306522369385,2024-03-22,1.0862362384796143,1.0,-0.0002962223407634972,-0.09404767757299735,2,signal_flip,0.0002093116408492084
DBC,SHORT,2024-03-22,22.709999084472656,2024-03-25,22.899999618530273,0.44922739872148343,-0.004224614749516386,-1.3412736014730944,3,signal_flip,0.0004662065984233906
EURUSD=X,SHORT,2024-03-22,1.0862362384796143,2024-04-22,1.065825343132019,0.9660486319399515,0.01767658843490168,5.612142843214836,31,resize,0.0004759246453217126
DBC,LONG,2024-03-25,22.899999618530273,2024-03-26,22.719999313354492,0.4506071224184799,-0.003998180347743828,-1.2693829076299097,1,signal_flip,0.0004562842385371167
DBC,SHORT,2024-03-26,22.719999313354492,2024-04-26,23.65999984741211,0.4478165261650998,-0.0191503486684407,-6.080047211624523,31,signal_flip,0.0006227172213924752
GBPUSD=X,SHORT,2024-04-15,1.2461835145950317,2024-04-30,1.2559815645217896,0.8231967466239286,-0.006825308386753687,-2.1669682335208456,15,signal_flip,0.0003529688568996842
EEM,SHORT,2024-04-17,39.709999084472656,2024-04-18,39.869998931884766,0.3875351882955463,-0.0019538775675653217,-0.6203368963254772,1,signal_flip,0.0003924176727361016
EEM,LONG,2024-04-18,39.869998931884766,2024-08-05,40.41999816894531,0.3927254522162732,0.004485530845160709,1.424111893728553,109,signal_flip,0.0009320438947389906
EURUSD=X,SHORT,2024-04-22,1.065825343132019,2024-05-10,1.078515887260437,0.8628116553342277,-0.010548972719031735,-3.3491950082115376,18,signal_flip,0.0002756671937979248
DBC,LONG,2024-04-26,23.65999984741211,2024-04-30,23.34000015258789,0.5057203827904094,-0.00737103593116375,-2.3402313574536837,4,signal_flip,0.0005312062945199297
DBC,SHORT,2024-04-30,23.34000015258789,2024-05-02,23.079999923706055,0.5022355401221126,0.005079854580746274,1.6128038300432306,2,signal_flip,0.0005148906862053632
GBPUSD=X,LONG,2024-04-30,1.2559815645217896,2024-06-05,1.2773023843765259,0.8631145731510053,0.014055823706385081,4.46258567991133,36,signal_flip,0.0005959123126517338
DBC,LONG,2024-05-02,23.079999923706055,2024-05-08,23.229999542236328,0.4787806147670403,0.0025966781777158267,0.8244197631725353,6,signal_flip,0.000514973027316532
DBC,SHORT,2024-05-08,23.229999542236328,2024-05-09,23.31999969482422,0.47159265698484953,-0.0023046289539486123,-0.7316970091712349,1,flat,0.0004775341659872596
AUDUSD=X,LONG,2024-05-10,0.6620998978614807,2024-05-24,0.6601487994194031,0.5640100798788839,-0.0019662722896628677,-0.6242720985942608,14,signal_flip,0.0003042282511090406
DBC,LONG,2024-05-10,23.280000686645508,2024-06-07,22.760000228881836,0.4804902053288128,-0.01138259943702924,-3.6138632860611817,28,flat,0.0006499912174224663
EURUSD=X,LONG,2024-05-10,1.078515887260437,2024-06-04,1.0907385349273682,0.9285393281630484,0.01005930137840408,3.1937291772367726,25,signal_flip,0.0004636859851425094
TLT,SHORT,2024-05-13,90.3499984741211,2024-08-02,98.27999877929688,0.3983612665018365,-0.03556979424953858,-11.293059572401733,81,signal_flip,0.0006057099298846867
USDJPY=X,LONG,2024-05-20,155.75399780273438,2024-08-05,145.58399963378906,0.5473811637790623,-0.03631001504956821,-11.528072390660414,77,signal_flip,0.0005686182836324478
AUDUSD=X,SHORT,2024-05-24,0.6601487994194031,2024-06-17,0.6612882018089294,0.545175145998831,-0.0013038359198457856,-0.4139550713214113,24,signal_flip,0.0003628755415071936
EURUSD=X,SHORT,2024-06-04,1.0907385349273682,2024-07-29,1.0853756666183472,0.8891605109972066,0.0036639017957219924,1.1632527575572043,55,resize,0.0007078615310201167
GBPUSD=X,SHORT,2024-06-05,1.2773023843765259,2024-06-06,1.2794759273529053,0.8009718408627305,-0.0015610428917661164,-0.4956157533021915,1,flat,0.00019805575553317057
GBPUSD=X,LONG,2024-06-07,1.2793285846710205,2024-06-10,1.2729448080062866,0.8091846769478084,-0.004258597680566483,-1.3520628475986476,3,signal_flip,0.00022081229840995416
DBC,LONG,2024-06-10,23.09000015258789,2024-06-17,23.149999618530273,0.39337146787157384,0.0005941139017750198,0.188625316145155,7,signal_flip,0.0004280635704334611
GBPUSD=X,SHORT,2024-06-10,1.2729448080062866,2024-06-12,1.274047613143921,0.7977762274582533,-0.0008991826106931837,-0.2854816285353567,2,signal_flip,0.00020803581721882389
GLD,LONG,2024-06-10,213.5399932861328,2024-10-21,251.22000122070312,0.28169293946370494,0.04918291366321809,15.6150909967723,133,resize,0.0005229612446374773
GBPUSD=X,LONG,2024-06-12,1.274047613143921,2024-06-21,1.2660471200942993,0.8149615577654379,-0.005402535433787766,-1.7152518248420268,9,signal_flip,0.00028491328894362323
AUDUSD=X,LONG,2024-06-17,0.6612882018089294,2024-06-21,0.6660698652267456,0.552120066167837,0.0037648022392907246,1.195287655260281,4,signal_flip,0.00022748480804388958
DBC,SHORT,2024-06-17,23.149999618530273,2024-06-20,23.389999389648438,0.39896599095924806,-0.004550190114014178,-1.4446405751695381,3,signal_flip,0.0004140454880113997
DBC,LONG,2024-06-20,23.389999389648438,2024-06-21,23.200000762939453,0.40279337616237326,-0.0036797873054206305,-1.1682962505306564,1,signal_flip,0.00040786809570080056
AUDUSD=X,SHORT,2024-06-21,0.6660698652267456,2024-06-25,0.6654599905014038,0.5480548699685623,0.0002766300524020339,0.08782731885870572,4,signal_flip,0.00022518639470672455
DBC,SHORT,2024-06-21,23.200000762939453,2024-06-24,23.389999389648438,0.39876485288069335,-0.003679559675886337,-1.1682239803940013,3,signal_flip,0.00041383674762805875
GBPUSD=X,SHORT,2024-06-21,1.2660471200942993,2024-07-08,1.2806508541107178,0.8445285429069875,-0.010038553595898137,-3.187141960504759,17,resize,0.0002969965763075026
DBC,LONG,2024-06-24,23.389999389648438,2024-07-12,23.290000915527344,0.4027242851890823,-0.0022158070982895624,-0.7034969442439003,18,signal_flip,0.0004940535685207879
AUDUSD=X,LONG,2024-06-25,0.6654599905014038,2024-06-26,0.6644800901412964,0.5542053257006169,-0.00102308150970163,-0.3248183094742834,1,signal_flip,0.000207005402979846
AUDUSD=X,SHORT,2024-06-26,0.6644800901412964,2024-07-10,0.6741496920585632,0.5636161132841523,-0.008503338101455593,-2.699726151642195,14,signal_flip,0.0003015220794645718
GBPUSD=X,SHORT,2024-07-08,1.2806508541107178,2024-07-11,1.285264492034912,0.981615088090557,-0.003688003210916434,-1.1709047196591091,3,signal_flip,0.00015166340148360354
AUDUSD=X,LONG,2024-07-10,0.6741496920585632,2024-07-12,0.6768500804901123,0.6726608163598252,0.0024384828450302646,0.7741943021096803,2,signal_flip,0.0002559417141618628
GBPUSD=X,LONG,2024-07-11,1.285264492034912,2024-08-07,1.2684721946716309,0.965911125502556,-0.013175389467667468,-4.183056474944136,27,signal_flip,0.0005555225480887238
AUDUSD=X,SHORT,2024-07-12,0.6768500804901123,2024-07-15,0.6771998405456543,0.6746010463088978,-0.0006132361549311285,-0.19469644330814903,3,signal_flip,0.0002646382804138449
DBC,SHORT,2024-07-12,23.290000915527344,2024-10-14,22.920000076293945,0.4016694984041373,0.0056460882575361734,1.7925774491715265,94,resize,0.0007351073483818016
AUDUSD=X,LONG,2024-07-15,0.6771998405456543,2024-10-07,0.6800592541694641,0.6775375361772301,0.0020039734089306845,0.6362418328820323,84,resize,0.0008568661034157974
EURUSD=X,SHORT,2024-07-29,1.0853756666183472,2024-08-05,1.0910836458206177,1.0,-0.0054388331824093555,-1.7267760027625383,7,signal_flip,0.00017984371192071607
IEF,LONG,2024-07-31,96.06999969482422,2024-10-28,94.66999816894531,0.756320072877974,-0.012320890076516608,-3.9117613288111825,89,resize,0.0012992469054377352
TLT,LONG,2024-08-02,98.27999877929688,2024-08-08,95.31999969482422,0.32493010441506215,-0.010135744277243966,-3.2179990452160374,6,signal_flip,0.0003494925115510766
EEM,SHORT,2024-08-05,40.41999816894531,2024-08-06,40.650001525878906,0.338281449568778,-0.002267478390623728,-0.7199020709764028,1,signal_flip,0.00034254339522928
EFA,LONG,2024-08-05,75.31999969482422,2025-04-04,75.0199966430664,0.3256164590406311,-0.002452530076690163,-0.7786541598994008,242,signal_flip,0.0011555846198319922
EURUSD=X,LONG,2024-08-05,1.0910836458206177,2024-11-07,1.073306918144226,0.9158177019827294,-0.01617502334440484,-5.135410706395136,94,signal_flip,0.0012538557953108835
USDJPY=X,SHORT,2024-08-05,145.58399963378906,2024-08-06,145.7899932861328,0.46230051618730295,-0.0007234201248998326,-0.22967876926850903,1,signal_flip,6.928936843365439e-05
EEM,LONG,2024-08-06,40.650001525878906,2025-04-04,40.58000183105469,0.33716751910604675,-0.0019415199008978022,-0.6164134587910025,241,signal_flip,0.0013609141799598358
USDJPY=X,LONG,2024-08-06,145.7899932861328,2024-08-07,144.73199462890625,0.46243332634268147,-0.0034253770549901095,-1.0875235000956778,1,signal_flip,6.949626166885321e-05
GBPUSD=X,SHORT,2024-08-07,1.2684721946716309,2024-08-09,1.2747459411621094,0.9642390476886352,-0.005020820111983339,-1.594060967267926,2,signal_flip,0.00025178270869601277
USDJPY=X,SHORT,2024-08-07,144.73199462890625,2024-08-09,147.66900634765625,0.47443324312306095,-0.009704423094287554,-3.0810588149804143,2,signal_flip,7.686286899162521e-05
TLT,SHORT,2024-08-08,95.31999969482422,2024-08-12,96.61000061035156,0.3078871146217032,-0.004490153701930942,-1.425579605251838,4,signal_flip,0.0003234031667582797
GBPUSD=X,LONG,2024-08-09,1.2747459411621094,2024-09-02,1.3128528594970703,0.9502300448889447,0.027994923327551737,8.888112611642724,24,resize,0.00041100255207770104
USDJPY=X,LONG,2024-08-09,147.66900634765625,2024-08-21,145.3470001220703,0.45963313109490206,-0.007359693340323196,-2.336630196503212,12,signal_flip,0.00013223906074842797
TLT,LONG,2024-08-12,96.61000061035156,2024-10-28,91.88999938964844,0.3098494711279191,-0.01564744853061214,-4.967910895761932,77,resize,0.0005093689040885497
SPY,LONG,2024-08-19,559.6099853515625,2024-12-02,603.6300048828125,0.33853175889060605,0.0261218844426774,8.293441201402976,105,resize,0.0005076879888276111
USDJPY=X,SHORT,2024-08-21,145.3470001220703,2024-10-17,149.5760040283203,0.4343235557141415,-0.013007861775215351,-4.129868081510759,57,signal_flip,0.0003708206794315556
GBPUSD=X,LONG,2024-09-02,1.3128528594970703,2024-10-07,1.3125253915786743,0.8463751276533695,-0.0005982197524169296,-0.18992888331141916,35,resize,0.00038710645115866123
AUDUSD=X,LONG,2024-10-07,0.6800592541694641,2024-11-13,0.6529401540756226,0.5655094835314942,-0.02291868272953,-7.276456185543287,37,signal_flip,0.0003675473778954491
GBPUSD=X,LONG,2024-10-07,1.3125253915786743,2024-11-15,1.266784906387329,0.7248343965481978,-0.0257018906187057,-8.160097296153516,39,signal_flip,0.000441977786380757
DBC,SHORT,2024-10-14,22.920000076293945,2025-01-10,22.15999984741211,0.28450958185072706,0.008976313540190418,2.8498911980982764,88,signal_flip,0.0004576893658248681
USDJPY=X,LONG,2024-10-17,149.5760040283203,2024-10-18,150.10000610351562,0.37968078941944006,0.0012746540509497805,0.4046901151745008,1,signal_flip,5.546251995358203e-05
USDJPY=X,SHORT,2024-10-18,150.10000610351562,2024-10-22,150.60499572753906,0.3794644244871693,-0.00134625281456341,-0.42742201789866446,4,signal_flip,6.959998804790748e-05
GLD,LONG,2024-10-21,251.22000122070312,2025-04-21,315.5899963378906,0.38358210779392754,0.0973465046038192,30.906557061973185,182,resize,0.0009385773393329776
USDJPY=X,LONG,2024-10-22,150.60499572753906,2024-12-30,157.8730010986328,0.3793112155297189,0.017941580902267436,5.696275343369459,69,resize,0.0003634954895775966
IEF,LONG,2024-10-28,94.66999816894531,2024-12-12,94.12999725341797,0.9023785787638361,-0.006109988208675632,-1.939861117643129,45,signal_flip,0.0009627898553478511
TLT,LONG,2024-10-28,91.88999938964844,2024-11-20,90.41000366210938,0.4175624022329006,-0.007055109430382756,-2.23992780301672,23,signal_flip,0.00032977941198624296
EURUSD=X,SHORT,2024-11-07,1.073306918144226,2025-01-13,1.0244431495666504,0.7624130363106468,0.03398473661364994,10.789819374209895,67,resize,0.0007251618664828054
AUDUSD=X,SHORT,2024-11-13,0.6529401540756226,2025-04-07,0.5987701416015625,0.5109442152134945,0.041328861234784305,13.121506655608453,145,resize,0.0010607120498420462
GBPUSD=X,SHORT,2024-11-15,1.266784906387329,2024-11-19,1.2679253816604614,0.690860756814036,-0.0008203280144790362,-0.2604460703773107,4,signal_flip,0.00019835217126279602
GBPUSD=X,LONG,2024-11-19,1.2679253816604614,2024-11-20,1.2694543600082397,0.6884150671619664,0.000658693806357115,0.2091288002111355,1,signal_flip,0.00017145893543642495
GBPUSD=X,SHORT,2024-11-20,1.2694543600082397,2024-11-21,1.2655344009399414,0.6922308432701977,0.0019649815652109485,0.6238623062849542,1,signal_flip,0.00017256402675122246
TLT,SHORT,2024-11-20,90.41000366210938,2024-11-25,92.7300033569336,0.3672136595144828,-0.009813369322578234,-3.1156481701406875,5,signal_flip,0.0003903459457311797
GBPUSD=X,LONG,2024-11-21,1.2655344009399414,2024-11-22,1.2584789991378784,0.6911121912094539,-0.004025973766094363,-1.278207044394697,1,signal_flip,0.0001729973510199759
GBPUSD=X,SHORT,2024-11-22,1.2584789991378784,2024-11-25,1.2593823671340942,0.685652981737671,-0.0006814836602503668,-0.2163643545091805,3,signal_flip,0.00018930464046854322
GBPUSD=X,LONG,2024-11-25,1.2593823671340942,2024-11-26,1.2533055543899536,0.685926668562568,-0.0034821896172230193,-1.105560929417197,1,signal_flip,0.0001724339545704301
TLT,LONG,2024-11-25,92.7300033569336,2024-12-05,94.25,0.35041068522274754,0.0053492468076426995,1.6983332105434499,10,signal_flip,0.00039455828188175355
GBPUSD=X,SHORT,2024-11-26,1.2533055543899536,2024-11-27,1.2573871612548828,0.6818041337303912,-0.002391939844066997,-0.7594173574113467,1,signal_flip,0.00017152645562913219
GBPUSD=X,LONG,2024-11-27,1.2573871612548828,2024-12-03,1.265854835510254,0.6800208678670142,0.004366384329534047,1.3862840477371905,6,signal_flip,0.00021310826700715542
SPY,LONG,2024-12-02,603.6300048828125,2025-01-27,599.3699951171875,0.45823689162400555,-0.0036088657033723644,-1.1457793399384164,56,resize,0.0003749415818123437
GBPUSD=X,SHORT,2024-12-03,1.265854835510254,2024-12-04,1.2674272060394287,0.6650977932986306,-0.0009920512718440003,-0.314966514374947,1,signal_flip,0.00016590585622027908
GBPUSD=X,LONG,2024-12-04,1.2674272060394287,2024-12-13,1.2677323818206787,0.6660399450502207,-7.278295422640142e-05,-0.023107871588118677,9,signal_flip,0.00023315450030487344
TLT,SHORT,2024-12-05,94.25,2025-04-04,92.8499984741211,0.3481161881022404,0.00429654388171054,1.364110392969865,120,signal_flip,0.0008744183944304175
IEF,SHORT,2024-12-12,94.12999725341797,2025-02-24,93.91000366210938,0.8040043804981238,0.00032547131385927866,0.10333393864285216,74,signal_flip,0.0015535876073625968
GBPUSD=X,SHORT,2024-12-13,1.2677323818206787,2025-02-19,1.2625784873962402,0.6893652803939254,0.0020485165381200674,0.6503838379762398,68,signal_flip,0.0007540590890175023
USDJPY=X,LONG,2024-12-30,157.8730010986328,2025-02-21,149.4080047607422,0.5145686072829236,-0.027968703956637177,-8.879788219446025,53,signal_flip,0.0003780371172699703
DBC,LONG,2025-01-10,22.15999984741211,2025-01-27,21.93000030517578,0.2718370664982677,-0.003151467093888992,-1.0005597834520459,17,signal_flip,0.0003300590935288565
EURUSD=X,SHORT,2025-01-13,1.0244431495666504,2025-03-10,1.086059331893921,0.6542394698411029,-0.039821132668838646,-12.642817675998822,56,resize,0.00047122977136844263
DBC,SHORT,2025-01-27,21.93000030517578,2025-02-04,22.200000762939453,0.28182495977550676,-0.0037800372265846113,-1.2001246137731034,8,signal_flip,0.000310230245749479
SPY,LONG,2025-01-27,599.3699951171875,2025-04-04,505.2799987792969,0.3549568516219184,-0.0561987611443377,-17.84255351734047,67,signal_flip,0.00047710483639121324
DBC,LONG,2025-02-04,22.200000762939453,2025-02-28,22.0,0.2962420320588256,-0.003054674427672357,-0.969829064626754,24,signal_flip,0.0003858172028830629
GBPUSD=X,LONG,2025-02-19,1.2625784873962402,2025-02-20,1.2584155797958374,0.6060397277929359,-0.002150076471652566,-0.6826281172516686,1,signal_flip,0.00015187405163656617
GBPUSD=X,SHORT,2025-02-20,1.2584155797958374,2025-03-05,1.2794268131256104,0.6174344191439429,-0.010556152574457855,-3.3514745416403673,13,signal_flip,0.0002471109074983543
USDJPY=X,SHORT,2025-02-21,149.4080047607422,2025-02-25,149.86399841308594,0.5314923572802751,-0.0017199390695441107,-0.5460637257837052,4,signal_flip,9.782289459663192e-05
IEF,LONG,2025-02-24,93.91000366210938,2025-03-07,94.38999938964844,0.7987416750065134,0.0031731163917070163,1.007433222422326,11,signal_flip,0.0009094368663034396
USDJPY=X,LONG,2025-02-25,149.86399841308594,2025-03-06,148.8979949951172,0.5403467952312959,-0.003616618741636606,-1.1482408532766986,9,signal_flip,0.00013361510761428626
DBC,SHORT,2025-02-28,22.0,2025-03-24,22.200000762939453,0.30387223365669175,-0.003064665841551762,-0.973001240191253,24,resize,0.0003021804521220417
GBPUSD=X,LONG,2025-03-05,1.2794268131256104,2025-07-14,1.3493820428848267,0.5826281165944353,0.0308153267966297,9.78356295276802,131,resize,0.0010410352417526917
USDJPY=X,SHORT,2025-03-06,148.8979949951172,2025-04-28,143.84100341796875,0.5261759504564859,0.017476429375271926,5.548594311882411,53,resize,0.0003939747872809872
IEF,SHORT,2025-03-07,94.38999938964844,2025-03-10,95.05000305175781,0.7768652037590378,-0.006238306375887601,-1.9806008727392659,3,signal_flip,0.0008062279484928369
EURUSD=X,SHORT,2025-03-10,1.086059331893921,2025-03-12,1.0914170742034912,0.5495239241223273,-0.0027751048781968508,-0.8810684843797271,2,signal_flip,6.419628238646543e-05
IEF,LONG,2025-03-10,95.05000305175781,2025-03-11,94.70999908447266,0.7588652316944633,-0.003482967656474055,-1.1058079492214155,1,signal_flip,0.0007684260349405441
IEF,SHORT,2025-03-11,94.70999908447266,2025-03-17,94.55999755859375,0.7572970021099648,0.00038486235269048774,0.1221900089052313,6,signal_flip,0.0008145432745727568
EURUSD=X,LONG,2025-03-12,1.0914170742034912,2025-03-25,1.0803569555282593,0.5440780002855747,-0.005702859080273694,-1.8106016266140879,13,signal_flip,0.00018932315164354142
IEF,LONG,2025-03-17,94.55999755859375,2025-03-26,94.41000366210938,0.7573406391667497,-0.0020445313702828045,-0.6491185864126097,9,signal_flip,0.0008432149958380893
DBC,SHORT,2025-03-24,22.200000762939453,2025-04-07,20.6200008392334,0.42059625039418225,0.0298076272885355,9.463628277404096,14,resize,0.0001266979680312977
EURUSD=X,SHORT,2025-03-25,1.0803569555282593,2025-04-01,1.0818880796432495,0.5700351272187277,-0.0009636009507668476,-0.3059338174601368,7,signal_flip,0.00015572488238970177
IEF,SHORT,2025-03-26,94.41000366210938,2025-03-27,94.33000183105469,0.8151674689267832,-0.00013467511394431807,-0.04275802311431432,1,signal_flip,0.0008254376136870224
IEF,LONG,2025-03-27,94.33000183105469,2025-04-14,94.26000213623047,0.8289531495641941,-0.0012758342661553805,-0.40506482188580734,18,resize,0.000660690978052921
EURUSD=X,LONG,2025-04-01,1.0818880796432495,2025-04-14,1.1343141794204712,0.5937313362715363,0.028609047414327928,9.083090964572058,13,resize,0.00016196768595742184
EEM,SHORT,2025-04-04,40.58000183105469,2025-04-11,41.75,0.2386533215002824,-0.007140526997081441,-2.2670470397064393,7,signal_flip,0.00025970056610859216
EFA,SHORT,2025-04-04,75.0199966430664,2025-04-11,78.97000122070312,0.24065657047034889,-0.012933096127962337,-4.106130724401688,7,signal_flip,0.00026188048503162335
SPY,SHORT,2025-04-04,505.2799987792969,2025-04-09,548.6199951171875,0.2204132406181228,-0.019140071133643143,-6.076784195484705,5,signal_flip,0.0002342979696738703
TLT,LONG,2025-04-04,92.8499984741211,2025-04-07,90.05000305175781,0.4003440108115137,-0.012488296443647288,-3.9649112026491693,3,signal_flip,0.0004154755921183911
AUDUSD=X,SHORT,2025-04-07,0.5987701416015625,2025-07-07,0.6551792025566101,0.34428005607540524,-0.03286735920780673,-10.43506304583426,91,resize,0.00043335270103658785
DBC,SHORT,2025-04-07,20.6200008392334,2025-06-18,23.139999389648438,0.315572725119488,-0.03901062207933234,-12.385488541420658,72,signal_flip,0.00044404703154983917
TLT,SHORT,2025-04-07,90.05000305175781,2025-04-28,89.44999694824219,0.35617306949499056,0.0019227851575500917,0.6104653621780429,21,signal_flip,0.0004504076060532176
SPY,LONG,2025-04-09,548.6199951171875,2025-07-07,620.6799926757812,0.16109925213051113,0.020846356769559576,6.618513090477895,89,resize,0.0003136662309441176
EEM,LONG,2025-04-11,41.75,2025-07-07,48.06999969482422,0.18469302213538605,0.027591309848223954,8.759969304591346,87,resize,0.0003670097573282115
EFA,LONG,2025-04-11,78.97000122070312,2025-07-07,88.55000305175781,0.18606085651178977,0.02218524633914208,7.0435973505691285,87,resize,0.0003861518945868452
EURUSD=X,LONG,2025-04-14,1.1343141794204712,2025-07-07,1.178078293800354,0.4820643344243864,0.01808034198210863,5.740330620439209,84,resize,0.0005186661701033298
IEF,LONG,2025-04-14,94.26000213623047,2025-06-06,93.51000213623047,0.7125021514117897,-0.006501192053220581,-2.064064487794926,53,signal_flip,0.0008320152926840209
GLD,LONG,2025-04-21,315.5899963378906,2025-09-22,345.04998779296875,0.2655230610955905,0.02421584231554438,7.6882915865861925,154,resize,0.0005704538338025772
TLT,LONG,2025-04-28,89.44999694824219,2025-05-01,88.69000244140625,0.3122890054529891,-0.0029773952352227526,-0.9452936816577676,3,signal_flip,0.0003240924203902506
USDJPY=X,SHORT,2025-04-28,143.84100341796875,2025-07-28,147.81300354003906,0.4213230773586286,-0.012145888642847673,-3.8562000961030503,91,signal_flip,0.0005115474262703946
TLT,SHORT,2025-05-01,88.69000244140625,2025-07-28,85.87000274658203,0.31449988079459373,0.009443443393160632,2.9982003286102787,88,resize,0.0005564387068420014
IEF,SHORT,2025-06-06,93.51000213623047,2025-06-11,94.2300033569336,0.6701011237478341,-0.005871907324977583,-1.8642727804211057,5,signal_flip,0.000712313526764541
IEF,LONG,2025-06-11,94.2300033569336,2025-06-18,94.54000091552734,0.6669722449548041,0.00146840945435412,0.4662055486844464,7,signal_flip,0.0007257936680058997
DBC,LONG,2025-06-18,23.139999389648438,2025-06-23,22.399999618530273,0.2348559640990654,-0.007760167537379702,-2.4637768123323864,5,signal_flip,0.00024965049921636163
IEF,SHORT,2025-06-18,94.54000091552734,2025-06-20,94.5999984741211,0.6627377364617608,-0.0011000278684594454,-0.3492480210220998,2,signal_flip,0.0006794371577487674
IEF,LONG,2025-06-20,94.5999984741211,2025-07-14,94.27999877929688,0.6640233576795814,-0.002838513520943284,-0.9012001043412314,24,resize,0.0005923478207213222
DBC,SHORT,2025-06-23,22.399999618530273,2025-07-29,22.690000534057617,0.2199337399796451,-0.0031670518007958916,-1.0055077744998244,36,signal_flip,0.0003196863081336711
AUDUSD=X,SHORT,2025-07-07,0.6551792025566101,2025-07-23,0.6554712057113647,0.5552384238219812,-0.0004610365969702135,-0.14637458170592396,16,signal_flip,0.00021357548897965475
EEM,LONG,2025-07-07,48.06999969482422,2025-08-11,49.29999923706055,0.3291365901331031,0.008214620193617253,2.608061057659261,35,resize,0.00020721999292494812
EFA,LONG,2025-07-07,88.55000305175781,2025-10-27,95.69999694824219,0.36442230641477075,0.0288521655377269,9.160278575819225,112,resize,0.0005732119530607065
EURUSD=X,LONG,2025-07-07,1.178078293800354,2025-09-08,1.1713168621063232,0.5821683822519986,-0.003811976931020344,-1.210265155559406,63,resize,0.0004706949706141014
SPY,LONG,2025-07-07,620.6799926757812,2025-07-21,628.77001953125,0.2660530178816789,0.003346552432605134,1.0624974583333715,14,resize,0.00012121853639662494
GBPUSD=X,LONG,2025-07-14,1.3493820428848267,2025-09-15,1.3553440570831299,0.6827732934309168,0.0024636399709155685,0.7821814419649195,63,resize,0.0005530772672616039
IEF,LONG,2025-07-14,94.27999877929688,2025-07-15,93.91000366210938,0.7831320599207554,-0.003474778366624481,-1.1032079302986717,1,signal_flip,0.0004014325665045303
IEF,SHORT,2025-07-15,93.91000366210938,2025-07-22,95.0,0.7801968460235343,-0.009904606677545596,-3.1446151323234433,7,signal_flip,0.0008490037402987085
SPY,LONG,2025-07-21,628.77001953125,2025-09-15,660.9099731445312,0.41463540789184306,0.020837433345194754,6.615679991072405,56,resize,0.0003569022021689735
IEF,LONG,2025-07-22,95.0,2025-07-30,94.81999969482422,0.7961881356617503,-0.0023850059082997374,-0.7572159010536991,8,signal_flip,0.0008764363567581749
AUDUSD=X,LONG,2025-07-23,0.6554712057113647,2025-07-30,0.651321530342102,0.5877639247073105,-0.003988762760093168,-1.2663929162450538,7,signal_flip,0.00026773053160326964
TLT,SHORT,2025-07-28,85.87000274658203,2025-10-27,91.77999877929688,0.41550802767550804,-0.029126352174222783,-9.24733013417747,91,resize,0.0005290455877715131
USDJPY=X,LONG,2025-07-28,147.81300354003906,2025-08-05,146.79299926757812,0.5019242419407867,-0.0035823368911196344,-1.1373567031625786,8,signal_flip,0.00011873856776483779
DBC,LONG,2025-07-29,22.690000534057617,2025-08-04,22.010000228881836,0.2941240567701223,-0.009131009294984782,-2.899005577625874,6,signal_flip,0.0003163577455934134
AUDUSD=X,SHORT,2025-07-30,0.651321530342102,2025-08-18,0.651296079158783,0.614964928558857,-0.00025788173983986164,-0.0818749141537118,19,resize,0.0002819122445943425
IEF,SHORT,2025-07-30,94.81999969482422,2025-08-01,95.68000030517578,0.8223596506227295,-0.008301737607136265,-2.6357199789833987,2,signal_flip,0.0008430811660875078
IEF,LONG,2025-08-01,95.68000030517578,2025-08-04,95.80999755859375,0.7975789906677054,0.00025591956523695746,0.08125194303033123,3,signal_flip,0.0008277246429568006
DBC,SHORT,2025-08-04,22.010000228881836,2025-08-08,21.84000015258789,0.297179714468472,0.0019831902058055537,0.6296433704520599,4,signal_flip,0.0003121561643575532
IEF,SHORT,2025-08-04,95.80999755859375,2025-09-08,97.08000183105469,0.8268276949520741,-0.011811500655916664,-3.7500352015238145,35,resize,0.0008515305908304814
USDJPY=X,SHORT,2025-08-05,146.79299926757812,2025-08-06,147.55999755859375,0.48942888792701794,-0.002629957961029391,-0.8349857668125923,1,signal_flip,7.267578485816887e-05
USDJPY=X,LONG,2025-08-06,147.55999755859375,2025-08-07,147.1929931640625,0.49031747410767945,-0.0012922118847609899,-0.41026455459355615,1,signal_flip,7.27169627613582e-05
USDJPY=X,SHORT,2025-08-07,147.1929931640625,2025-08-12,148.125,0.4950436868950866,-0.00323278984032736,-1.0263789550130882,5,signal_flip,9.823777805854851e-05
DBC,LONG,2025-08-08,21.84000015258789,2025-08-11,21.8700008392334,0.3027675890177902,0.00010168793316409194,0.03228491789860137,3,signal_flip,0.00031421112824052855
DBC,SHORT,2025-08-11,21.8700008392334,2025-08-22,22.079999923706055,0.3052844643729034,-0.003278980914415217,-1.0410441663923797,11,signal_flip,0.00034759291432759327
EEM,LONG,2025-08-11,49.29999923706055,2025-10-13,53.45000076293945,0.453305387695004,0.03774325257197908,11.983111197138676,63,resize,0.0004153291670895713
USDJPY=X,LONG,2025-08-12,148.125,2025-10-01,147.9969940185547,0.4942006159648631,-0.0008051495080759515,-0.2556270439913951,50,signal_flip,0.00037807349202559196
AUDUSD=X,SHORT,2025-08-18,0.651296079158783,2025-10-30,0.657680094242096,0.7311227543069491,-0.007972301308681758,-2.531127196757606,73,signal_flip,0.0008058238177110595
DBC,LONG,2025-08-22,22.079999923706055,2025-08-27,22.040000915527344,0.30775742723255767,-0.0008846620715735053,-0.2808715002857662,5,signal_flip,0.00032714432286566256
DBC,SHORT,2025-08-27,22.040000915527344,2025-09-02,22.56999969482422,0.3190922068118036,-0.00801646526446805,-2.5451488180284114,6,signal_flip,0.00034321331036959855
DBC,LONG,2025-09-02,22.56999969482422,2025-09-22,22.260000228881836,0.31398633066150944,-0.004614581788696686,-1.465084298095085,20,resize,0.0003019723011300037
EURUSD=X,LONG,2025-09-08,1.1713168621063232,2025-10-27,1.1631693840026855,0.6830555719272954,-0.0051833548151706465,-1.6456641357540838,49,resize,0.0004321380472008188
IEF,SHORT,2025-09-08,97.08000183105469,2025-10-09,96.30999755859375,0.9738676956796418,0.006857083639676361,2.1770565635703947,31,signal_flip,0.0008672908178973627
GBPUSD=X,LONG,2025-09-15,1.3553440570831299,2025-12-22,1.3377031087875366,0.7834551747617405,-0.011180039719579671,-3.5495525694998538,98,resize,0.0009827085270623212
SPY,LONG,2025-09-15,660.9099731445312,2025-11-10,681.4400024414062,0.5433613194065127,0.01644399626631439,5.220806961689104,56,resize,0.0004345866867149552
DBC,LONG,2025-09-22,22.260000228881836,2025-10-03,22.40999984741211,0.4457103649259028,0.002718806614761374,0.8631943398643184,11,signal_flip,0.0002846248329674068
GLD,LONG,2025-09-22,345.04998779296875,2025-10-27,367.010009765625,0.37608568108381674,0.02369139230861435,7.521783871375438,35,resize,0.00024383479580550408
USDJPY=X,SHORT,2025-10-01,147.9969940185547,2025-10-06,149.6060028076172,0.576410904780805,-0.006380469308947474,-2.0257362047226195,5,signal_flip,0.0001137865424887158
DBC,SHORT,2025-10-03,22.40999984741211,2025-10-22,22.459999084472656,0.4566633556129293,-0.0015848457367158143,-0.5031729222901191,19,signal_flip,0.0005659782878259445
USDJPY=X,LONG,2025-10-06,149.6060028076172,2025-10-16,150.9739990234375,0.5384208572602185,0.004783829395974696,1.5188187475571255,10,signal_flip,0.00013948705809744576
IEF,LONG,2025-10-09,96.30999755859375,2026-03-20,94.87999725341797,1.0,-0.017888898730778847,-5.679549272455179,162,signal_flip,0.003041008154249827
EEM,LONG,2025-10-13,53.45000076293945,2026-03-09,58.45000076293945,0.3422470477998809,0.03132934953478836,9.946760112776055,147,resize,0.0006862765563887934
USDJPY=X,SHORT,2025-10-16,150.9739990234375,2025-10-24,152.6020050048828,0.5279238434076469,-0.005815561760974692,-1.8463836184411069,8,signal_flip,0.00012277240403501662
DBC,LONG,2025-10-22,22.459999084472656,2025-10-28,22.59000015258789,0.39762809909333824,0.0018738313928501837,0.5949230237216834,6,signal_flip,0.00042768595807883314
USDJPY=X,LONG,2025-10-24,152.6020050048828,2025-10-30,152.7220001220703,0.6246093802878934,0.0003621022855143204,0.11496391159667976,6,signal_flip,0.0001290451000108708
EFA,LONG,2025-10-27,95.69999694824219,2026-02-09,103.98999786376953,0.4823973645595849,0.041088529461139785,13.045203682983198,105,resize,0.0006990851822522101
EURUSD=X,LONG,2025-10-27,1.1631693840026855,2025-11-17,1.1615345478057861,0.8047134705981669,-0.001353786112102666,-0.4298137657195996,21,resize,0.00022276020309933733
GLD,LONG,2025-10-27,367.010009765625,2026-03-23,404.0400085449219,0.22009248407285112,0.021748599686881486,6.904966336246277,147,resize,0.00045794563801239077
TLT,SHORT,2025-10-27,91.77999877929688,2025-11-26,90.63999938964844,0.5208457487689084,0.006012141122921329,1.9087956309929335,30,signal_flip,0.00045728406333699106
DBC,SHORT,2025-10-28,22.59000015258789,2025-10-30,22.719999313354492,0.40138979443689926,-0.0027213903678895875,-0.864014656051491,2,signal_flip,0.0004115038665786076
AUDUSD=X,LONG,2025-10-30,0.657680094242096,2025-10-31,0.6559299826622009,0.772345408965199,-0.0023471905095674775,-0.7452098841607822,1,signal_flip,0.00029195019479643383
DBC,LONG,2025-10-30,22.719999313354492,2025-11-25,22.520000457763672,0.401017683359735,-0.004062443877289229,-1.2897859457357155,26,signal_flip,0.0005323787290703859
USDJPY=X,SHORT,2025-10-30,152.7220001220703,2025-10-31,153.89999389648438,0.6166026204711731,-0.004844261591018511,-1.538005374669248,1,signal_flip,8.820779639915652e-05
AUDUSD=X,SHORT,2025-10-31,0.6559299826622009,2025-11-06,0.6509907841682434,0.7699774718539995,0.005456981298858913,1.7325378511093106,6,signal_flip,0.00034100273889933595
USDJPY=X,LONG,2025-10-31,153.89999389648438,2025-11-05,153.5570068359375,0.6116374940721617,-0.0014812206809937097,-0.47027298704581116,5,signal_flip,0.00011810336759619371
USDJPY=X,SHORT,2025-11-05,153.5570068359375,2025-11-14,154.63299560546875,0.6147084320312349,-0.004456806723676955,-1.4149922678795743,9,signal_flip,0.00014948540353397025
AUDUSD=X,LONG,2025-11-06,0.6509907841682434,2025-11-12,0.6529499292373657,0.767633555790728,0.0019695737678181403,0.6253202854131924,6,signal_flip,0.0003406056268743812
SPY,LONG,2025-11-10,681.4400024414062,2026-04-13,686.0999755859375,0.4409073716841045,0.00209877004978689,0.6663388333016113,154,resize,0.0009163398702540176
AUDUSD=X,SHORT,2025-11-12,0.6529499292373657,2025-11-13,0.6536400318145752,0.773208391598273,-0.0011109977085025674,-0.35273083726325083,1,signal_flip,0.0002937939998121126
AUDUSD=X,LONG,2025-11-13,0.6536400318145752,2025-11-17,0.6533001661300659,0.774435750830563,-0.0007261294186588427,-0.23053894337030426,4,signal_flip,0.0003234549743874426
USDJPY=X,LONG,2025-11-14,154.63299560546875,2025-12-12,155.56700134277344,0.6267517359788426,0.0034837544395262513,1.1060577450964402,28,signal_flip,0.00030191701421367577
AUDUSD=X,SHORT,2025-11-17,0.6533001661300659,2025-11-18,0.6492701172828674,0.8086573849968918,0.004680226516914391,1.4859258531846615,1,signal_flip,0.000308182993969567
EURUSD=X,LONG,2025-11-17,1.1615345478057861,2026-03-09,1.152325987815857,0.9191598309781569,-0.008594332238949254,-2.72861589467096,112,resize,0.0013073010784169256
AUDUSD=X,LONG,2025-11-18,0.6492701172828674,2025-11-20,0.649000883102417,0.7933727256877802,-0.0006423083805238152,-0.20392658878543898,2,signal_flip,0.00031331887383563475
AUDUSD=X,SHORT,2025-11-20,0.649000883102417,2025-11-27,0.6524859666824341,0.7942334388292233,-0.0046279382625818545,-1.4693248470902311,7,signal_flip,0.0003629673073306355
DBC,SHORT,2025-11-25,22.520000457763672,2025-11-26,22.760000228881836,0.3943460790370292,-0.004601932791215421,-1.4610683658947197,1,signal_flip,0.0003993143726352454
DBC,LONG,2025-11-26,22.760000228881836,2026-02-02,23.540000915527344,0.3916318650756333,0.012835449406970848,4.075128851591561,68,resize,0.000586040953280415
TLT,LONG,2025-11-26,90.63999938964844,2025-11-28,90.20999908447266,0.5440772366148444,-0.003138914004134774,-0.99657430101103,2,signal_flip,0.0005577866943490741
AUDUSD=X,LONG,2025-11-27,0.6524859666824341,2026-01-12,0.6685801148414612,0.7750229148392902,0.018500558708840428,5.873745295121039,46,resize,0.0006160725368631971
TLT,SHORT,2025-11-28,90.20999908447266,2025-12-26,87.73999786376953,0.5723370351520877,0.01489667585667821,4.729547961397273,28,signal_flip,0.0007742385633020152
USDJPY=X,SHORT,2025-12-12,155.56700134277344,2026-01-09,156.8800048828125,0.6348213374611604,-0.005663182005891009,-1.7980045460260243,28,signal_flip,0.00030521626647131265
GBPUSD=X,LONG,2025-12-22,1.3377031087875366,2026-02-02,1.3679141998291016,0.9206946048770758,0.02029380458822112,6.443083211492956,42,resize,0.0004994404500072635
TLT,LONG,2025-12-26,87.73999786376953,2026-01-02,87.02999877929688,0.5701608546450483,-0.005234231580888131,-1.6618170081060548,7,signal_flip,0.0006204443156015431
TLT,SHORT,2026-01-02,87.02999877929688,2026-01-05,87.45999908447266,0.5731486521999656,-0.0034266408756798896,-1.0879247507253103,3,signal_flip,0.0005948116350284365
TLT,LONG,2026-01-05,87.45999908447266,2026-01-06,87.27999877929688,0.5686216512401894,-0.0017460585562884899,-0.5543564057394982,1,signal_flip,0.0005757856106652772
TLT,SHORT,2026-01-06,87.27999877929688,2026-01-07,87.79000091552734,0.6173432519947613,-0.004232435226783645,-1.3437565260310547,1,signal_flip,0.000625121045891628
TLT,LONG,2026-01-07,87.79000091552734,2026-01-20,86.6500015258789,0.6091139137013754,-0.00861854230721062,-2.7363023530521766,13,signal_flip,0.000708877395439091
USDJPY=X,LONG,2026-01-09,156.8800048828125,2026-01-26,155.16600036621094,0.7541621833130663,-0.008456719288203223,-2.6849251372882668,17,resize,0.0002170625555668835
AUDUSD=X,LONG,2026-01-12,0.6685801148414612,2026-01-26,0.691399872303009,0.9108308091018934,0.030906757069264986,9.812591164411517,14,resize,0.00018142173057763932
TLT,SHORT,2026-01-20,86.6500015258789,2026-01-21,87.30999755859375,0.5851306198633915,-0.005049327511337485,-1.6031117859738788,1,signal_flip,0.0005925025727426659
TLT,LONG,2026-01-21,87.30999755859375,2026-01-22,87.69000244140625,0.5733888462257604,0.0019149840570439232,0.6079885895510099,1,signal_flip,0.0005806128666621966
TLT,SHORT,2026-01-22,87.69000244140625,2026-01-23,87.93000030517578,0.5719344133709744,-0.002144461510106106,-0.6808454222268938,1,signal_flip,0.0005791401096758279
TLT,LONG,2026-01-23,87.93000030517578,2026-01-28,87.5999984741211,0.5717982547963567,-0.0027537805203532444,-0.8742982106530472,5,signal_flip,0.0006078181591366403
AUDUSD=X,LONG,2026-01-26,0.691399872303009,2026-02-09,0.7033699154853821,0.7911824666300041,0.013524322589831824,4.293839306796961,14,resize,0.00017323315190122571
USDJPY=X,LONG,2026-01-26,155.16600036621094,2026-01-27,154.33599853515625,0.6383517276509925,-0.003464024770024585,-1.0997937692223316,1,signal_flip,4.940364454110281e-05
USDJPY=X,SHORT,2026-01-27,154.33599853515625,2026-01-30,153.16200256347656,0.6325056621989037,0.00470512960520978,1.4938323386055112,3,signal_flip,0.00010618536041026005
TLT,SHORT,2026-01-28,87.5999984741211,2026-02-12,89.2300033569336,0.5817537825425739,-0.011516598140135165,-3.656406555391997,15,signal_flip,0.0006916949134624882
USDJPY=X,LONG,2026-01-30,153.16200256347656,2026-06-01,159.35299682617188,0.6039781474456306,0.02343825990092057,7.441416823431987,122,resize,0.0009752707597245078
DBC,LONG,2026-02-02,23.540000915527344,2026-08-27,30.860000610351562,0.2822191130431972,0.08702640842040224,27.63002810106261,206,window_end,0.0007324590818969243
GBPUSD=X,LONG,2026-02-02,1.3679141998291016,2026-03-16,1.3247665166854858,0.8089391297785704,-0.025956398142370288,-8.240900929882883,42,resize,0.0004402880979547542
AUDUSD=X,LONG,2026-02-09,0.7033699154853821,2026-03-16,0.7005700469017029,0.5937601180604642,-0.0026443357203030714,-0.8395505638664136,35,resize,0.00028078524110475663
EFA,LONG,2026-02-09,103.98999786376953,2026-04-06,98.48999786376953,0.36053045979278975,-0.01937771008017427,-6.152232222006073,56,resize,0.0003093614928607728
TLT,LONG,2026-02-12,89.2300033569336,2026-02-26,90.2699966430664,0.553580246329589,0.005800864318446122,1.8417173251003958,14,signal_flip,0.0006512226238299869
TLT,SHORT,2026-02-26,90.2699966430664,2026-03-23,86.38999938964844,0.6014570810159731,0.025303577725075545,8.033636872889208,25,resize,0.0005483322026292144
EEM,LONG,2026-03-09,58.45000076293945,2026-08-27,67.61000061035156,0.23739474061662275,0.03669190654298817,11.649319180988448,171,window_end,0.0005114426347842468
EURUSD=X,LONG,2026-03-09,1.152325987815857,2026-03-23,1.1560158729553223,0.8004168223006091,0.0024123905199837123,0.7659102457256036,14,resize,0.000150639533328787
AUDUSD=X,LONG,2026-03-16,0.7005700469017029,2026-07-06,0.6937001347541809,0.48306048026747483,-0.005447464233233172,-1.7295162764464957,112,resize,0.0007104888571749258
GBPUSD=X,LONG,2026-03-16,1.3247665166854858,2026-04-13,1.339441180229187,0.7008580948639817,0.007503815228805154,2.3823874775517213,28,resize,0.00025970883711151394
IEF,SHORT,2026-03-20,94.87999725341797,2026-03-23,95.18000030517578,1.0,-0.004199717404744976,-1.333368939564576,3,signal_flip,0.0010377964473009228
EURUSD=X,LONG,2026-03-23,1.1560158729553223,2026-06-08,1.1522595882415771,0.6910660880144724,-0.0029758905135040836,-0.9448159473225729,77,signal_flip,0.0007303841642182428
GLD,LONG,2026-03-23,404.0400085449219,2026-08-27,422.6000061035156,0.1194351776557613,0.005250134506956825,1.666866030605576,157,window_end,0.0002362444625027817
IEF,LONG,2026-03-23,95.18000030517578,2026-03-24,94.86000061035156,1.0,-0.004374646449704856,-1.3889071895700815,1,signal_flip,0.0010125988157669743
TLT,SHORT,2026-03-23,86.38999938964844,2026-04-14,87.20999908447266,0.4851321045466344,-0.004981826342993196,-1.5816808294164437,22,signal_flip,0.00037703203244552296
IEF,SHORT,2026-03-24,94.86000061035156,2026-03-25,95.36000061035156,1.0,-0.006283524356383452,-1.9949571364809366,1,signal_flip,0.0010125988157669743
IEF,LONG,2026-03-25,95.36000061035156,2026-03-26,94.58999633789062,0.9816998951069537,-0.008921009307563964,-2.832332648580813,1,signal_flip,0.0009940681512238642
IEF,SHORT,2026-03-26,94.58999633789062,2026-03-27,94.5999984741211,0.9352608497780935,-0.0010459403899785644,-0.3320757789697435,1,signal_flip,0.0009470440289185115
IEF,LONG,2026-03-27,94.5999984741211,2026-04-01,95.04000091552734,0.9416718552483443,0.003378901860853902,1.0727680833975357,5,signal_flip,0.0010009916063344379
IEF,SHORT,2026-04-01,95.04000091552734,2026-04-09,95.43000030517578,0.8997239474573813,-0.004682450810675029,-1.4866320445606698,8,signal_flip,0.000990407597498584
EFA,LONG,2026-04-06,98.48999786376953,2026-08-27,108.0199966430664,0.2505402402981739,0.02379116380906043,7.553460340748889,143,window_end,0.0004513809771514112
IEF,LONG,2026-04-09,95.43000030517578,2026-04-29,94.80000305175781,0.8946135169774767,-0.00702597705728379,-2.2306785612981987,20,signal_flip,0.001120034934638359
GBPUSD=X,LONG,2026-04-13,1.339441180229187,2026-05-15,1.3391362428665161,0.5895117723598335,-0.0004379098257937913,-0.1390320594866388,32,signal_flip,0.00030370149490157396
SPY,LONG,2026-04-13,686.0999755859375,2026-08-27,771.0999755859375,0.3191401409899206,0.03899101420255167,12.379263233536697,136,window_end,0.0005468271462642344
TLT,LONG,2026-04-14,87.20999908447266,2026-04-15,86.83000183105469,0.46542958133484535,-0.0024992944109298995,-0.7935013757345023,1,signal_flip,0.000471293442882583
TLT,SHORT,2026-04-15,86.83000183105469,2026-04-22,86.73999786376953,0.4795446084888434,-2.476268740286868e-05,-0.007861909519394692,7,signal_flip,0.0005218364677096205
TLT,LONG,2026-04-22,86.73999786376953,2026-04-24,86.70999908447266,0.4785995246977135,-0.0006561813710962432,-0.20833112674488555,2,signal_flip,0.0004906590991733693
TLT,SHORT,2026-04-24,86.70999908447266,2026-05-22,84.68000030517578,0.4782550954077494,0.01054963333530807,3.3494047473770445,28,signal_flip,0.0006469676348341993
IEF,SHORT,2026-04-29,94.80000305175781,2026-05-06,95.0,0.8766183203025912,-0.0028033062491193655,-0.8900221420707746,7,signal_flip,0.0009539287893107185
IEF,LONG,2026-05-06,95.0,2026-05-07,94.70999908447266,0.8801582557807769,-0.0035780545757582377,-1.135997110184762,1,signal_flip,0.0008912472074911403
IEF,SHORT,2026-05-07,94.70999908447266,2026-05-11,94.63999938964844,0.8793533507551821,-0.0002737428546697824,-0.08691066199645686,4,signal_flip,0.0009236685941961262
IEF,LONG,2026-05-11,94.63999938964844,2026-05-12,94.31999969482422,0.9053796311633587,-0.003978083970619638,-1.2630025056950327,1,signal_flip,0.000916786342335557
IEF,SHORT,2026-05-12,94.31999969482422,2026-05-13,94.31999969482422,0.90007687501197,-0.0009114167777363597,-0.2893658561546686,1,signal_flip,0.0009114167777363597
IEF,LONG,2026-05-13,94.31999969482422,2026-05-18,93.47000122070312,0.9014832022053408,-0.009082310203479722,-2.8835440954022142,5,signal_flip,0.0009582713061133762
GBPUSD=X,SHORT,2026-05-15,1.3391362428665161,2026-06-15,1.344971776008606,0.6413181284828231,-0.0031284363892473176,-0.9932477614119918,31,resize,0.0003337743723537844
IEF,SHORT,2026-05-18,93.47000122070312,2026-05-21,93.80000305175781,0.8802474043587344,-0.00402128751693052,-1.2767192064103916,3,flat,0.0009135176289893534
IEF,LONG,2026-05-22,93.87999725341797,2026-06-01,94.16999816894531,0.8596718136621452,0.0016875972674267265,0.5357955219411938,10,signal_flip,0.0009679802816660449
TLT,LONG,2026-05-22,84.68000030517578,2026-06-01,85.47000122070312,0.4734369583101903,0.0038837274616579987,1.2330452428199046,10,signal_flip,0.0005330844084604578
IEF,SHORT,2026-06-01,94.16999816894531,2026-06-03,94.0,0.8725368456907453,0.0006806038612247547,0.2160850269781221,2,signal_flip,0.0008945227076282544
TLT,SHORT,2026-06-01,85.47000122070312,2026-06-03,85.30999755859375,0.48225423256915595,0.0004083955792424387,0.12966157670563982,2,signal_flip,0.0004944058970271207
USDJPY=X,LONG,2026-06-01,159.35299682617188,2026-06-15,159.9550018310547,0.7233155417391924,0.0025973336278531964,0.8246278621397692,14,resize,0.00013521351533930608
IEF,LONG,2026-06-03,94.0,2026-06-05,93.62000274658203,0.8809224683667048,-0.0044642698244486785,-1.4173617289177418,2,signal_flip,0.0009031196281345854
TLT,LONG,2026-06-03,85.30999755859375,2026-06-05,85.05999755859375,0.4996470173011605,-0.001976446971561863,-0.6275024599511326,2,signal_flip,0.0005122369387401515
IEF,SHORT,2026-06-05,93.62000274658203,2026-06-09,93.77999877929688,0.8799431957184068,-0.0024281058979311694,-0.7708997235426068,4,signal_flip,0.0009242881645514419
TLT,SHORT,2026-06-05,85.05999755859375,2026-06-11,85.9800033569336,0.5143264688707542,-0.006116142025003792,-1.941814893757323,6,signal_flip,0.0005532058954230404
EURUSD=X,SHORT,2026-06-08,1.1522595882415771,2026-06-09,1.1528440713882446,0.8090332067665019,-0.0005609644962554364,-0.17810070617142104,1,signal_flip,0.00015058277387723813
EURUSD=X,LONG,2026-06-09,1.1528440713882446,2026-06-16,1.1594202518463135,0.8144774146694829,0.00443330377455516,1.4075303128652297,7,signal_flip,0.00021272823516679936
IEF,LONG,2026-06-09,93.77999877929688,2026-06-12,94.18000030517578,0.8881837211077347,0.0028666321883017622,0.9101275044647212,3,signal_flip,0.0009217539103161206
TLT,LONG,2026-06-11,85.9800033569336,2026-06-12,85.7699966430664,0.5008764832247407,-0.0017305809810783872,-0.5494424279509906,1,signal_flip,0.0005071869337588992
IEF,SHORT,2026-06-12,94.18000030517578,2026-06-16,94.5199966430664,0.8691409863153068,-0.0040506008603780575,-1.2860259044333526,4,signal_flip,0.0009129415749637581
TLT,SHORT,2026-06-12,85.7699966430664,2026-06-17,86.33000183105469,0.5047922811600426,-0.003832455813237283,-1.2167669990963583,5,signal_flip,0.0005365912059146728
GBPUSD=X,SHORT,2026-06-15,1.344971776008606,2026-07-07,1.3397893905639648,0.7441045237485944,0.002577595701205312,0.8183612647030089,22,signal_flip,0.00028955476392214383
USDJPY=X,LONG,2026-06-15,159.9550018310547,2026-07-27,163.61099243164062,0.8454035292649822,0.018866060784944193,5.989788606766843,42,resize,0.00045679452632299897
EURUSD=X,SHORT,2026-06-16,1.1594202518463135,2026-07-06,1.1437721252441406,0.8890646280225495,0.011688865184245565,3.7110996463289943,20,resize,0.00031040413562024357
IEF,LONG,2026-06-16,94.5199966430664,2026-06-17,94.0199966430664,0.9187529147606042,-0.005790426227046393,-1.8384033338196943,1,flat,0.0009303281134690436
TLT,LONG,2026-06-17,86.33000183105469,2026-06-22,86.08999633789062,0.5548927328302496,-0.0021325014733717157,-0.6770482282824466,5,signal_flip,0.0005898476893870556
IEF,SHORT,2026-06-18,94.36000061035156,2026-08-27,93.2300033569336,0.9179985649658644,0.009724787524295142,3.0875243210674137,70,window_end,0.0012685979180875485
TLT,SHORT,2026-06-22,86.08999633789062,2026-06-24,87.37999725341797,0.5673845989625502,-0.009083559419421704,-2.8839407091681704,2,signal_flip,0.0005816813470252457
TLT,LONG,2026-06-24,87.37999725341797,2026-06-25,87.3499984741211,0.5704465813400386,-0.0007734758494109701,-0.24557096911870463,1,signal_flip,0.000577633532723242
TLT,SHORT,2026-06-25,87.3499984741211,2026-08-27,83.12999725341797,0.5706287864576881,0.026829641898085496,8.518147227270381,63,window_end,0.0007382369511993315
AUDUSD=X,LONG,2026-07-06,0.6937001347541809,2026-08-17,0.7085198760032654,0.6498836721693265,0.01352205981530944,4.293120898157852,42,resize,0.0003616161147336514
EURUSD=X,SHORT,2026-07-06,1.1437721252441406,2026-08-25,1.1668338775634766,1.0,-0.02087853346675081,-6.628728875131427,50,signal_flip,0.0007156427909412447
GBPUSD=X,LONG,2026-07-07,1.3397893905639648,2026-07-08,1.3348907232284546,0.8483368059261019,-0.003302763529928353,-1.0485949127333107,1,signal_flip,0.00020099258744314135
GBPUSD=X,SHORT,2026-07-08,1.3348907232284546,2026-07-16,1.3541291952133179,0.8422434356538752,-0.012411258594507856,-3.9404524438056994,8,signal_flip,0.00027282923897701975
GBPUSD=X,LONG,2026-07-16,1.3541291952133179,2026-07-28,1.3289920091629028,0.7874938075617345,-0.014913702890486168,-4.7349538770397865,12,signal_flip,0.00029517282392876
USDJPY=X,LONG,2026-07-27,163.61099243164062,2026-08-03,157.58200073242188,1.0,-0.03695046062024001,-11.731407555652865,7,resize,0.00010090907352613159
GBPUSD=X,SHORT,2026-07-28,1.3289920091629028,2026-07-31,1.3460942506790161,0.8005499784644461,-0.010511764467775596,-3.3373817546663354,3,signal_flip,0.00020982210617937023
GBPUSD=X,LONG,2026-07-31,1.3460942506790161,2026-08-04,1.3427000045776367,0.7701660080492926,-0.0021526875899765146,-0.6834571216191405,4,signal_flip,0.0002106742659335449
USDJPY=X,LONG,2026-08-03,157.58200073242188,2026-08-28,159.31300354003906,0.799597246963,0.008531546314986102,2.708681981793931,25,window_end,0.000251849460056666
GBPUSD=X,SHORT,2026-08-04,1.3427000045776367,2026-08-11,1.3511322736740112,0.7688387456331363,-0.005067423182594938,-1.608856983488359,7,signal_flip,0.00023905111676112003
GBPUSD=X,LONG,2026-08-11,1.3511322736740112,2026-08-14,1.3490725755691528,0.8721155741357383,-0.001556225420663663,-0.4940862536439517,3,signal_flip,0.00022675174124340373
GBPUSD=X,SHORT,2026-08-14,1.3490725755691528,2026-08-17,1.3546648025512695,0.8832797312057069,-0.003890803491935549,-1.23529181278598,3,signal_flip,0.00022939873502590704
AUDUSD=X,LONG,2026-08-17,0.7085198760032654,2026-08-28,0.7197351455688477,0.7545674791097446,0.011839590900165054,3.758953577589611,11,window_end,0.00010457322318359242
GBPUSD=X,LONG,2026-08-17,1.3546648025512695,2026-08-28,1.359767198562622,0.8740306678368497,0.0030741600679151182,0.9760155636130602,11,window_end,0.00021790936872453747
EURUSD=X,LONG,2026-08-25,1.1668338775634766,2026-08-27,1.1653653383255005,1.0,-0.001455277170202273,-0.4620361777230037,2,signal_flip,0.00019670963439960478
EURUSD=X,SHORT,2026-08-27,1.1653653383255005,2026-08-28,1.1657729148864746,1.0,-0.00044815026412518144,-0.14228329786357696,1,window_end,9.840881604009786e-05
