event_date,release_name,importance,symbol,horizon,session_date,session_weekday,metric,value
2024-01-04,Unemployment Insurance Weekly Claims Report,0.3,NVDA,0,2024-01-04,Thursday,ret,0.004605400879212906
2024-01-04,Unemployment Insurance Weekly Claims Report,0.3,NVDA,0,2024-01-04,Thursday,abs_ret,0.004605400879212906
2024-01-04,Unemployment Insurance Weekly Claims Report,0.3,NVDA,0,2024-01-04,Thursday,range_pct,0.02072430395645807
2024-01-04,Unemployment Insurance Weekly Claims Report,0.3,NVDA,0,2024-01-04,Thursday,realized_vol,0.011097652425018603
2024-01-04,Unemployment Insurance Weekly Claims Report,0.3,NVDA,1,2024-01-05,Friday,ret,0.013000412711514642
2024-01-04,Unemployment Insurance Weekly Claims Report,0.3,NVDA,1,2024-01-05,Friday,abs_ret,0.013000412711514642
2024-01-04,Unemployment Insurance Weekly Claims Report,0.3,NVDA,1,2024-01-05,Friday,range_pct,0.025588113908377938
2024-01-04,Unemployment Insurance Weekly Claims Report,0.3,NVDA,1,2024-01-05,Friday,realized_vol,0.011729065772620293
2024-01-04,Unemployment Insurance Weekly Claims Report,0.3,NVDA,2,2024-01-08,Monday,ret,0.055544334477883206
2024-01-04,Unemployment Insurance Weekly Claims Report,0.3,NVDA,2,2024-01-08,Monday,abs_ret,0.055544334477883206
2024-01-04,Unemployment Insurance Weekly Claims Report,0.3,NVDA,2,2024-01-08,Monday,range_pct,0.05655423146839031
2024-01-04,Unemployment Insurance Weekly Claims Report,0.3,NVDA,2,2024-01-08,Monday,realized_vol,0.018046206504660985
2024-01-05,Employment Situation,1.0,NVDA,0,2024-01-05,Friday,ret,0.013000412711514642
2024-01-05,Employment Situation,1.0,NVDA,0,2024-01-05,Friday,abs_ret,0.013000412711514642
2024-01-05,Employment Situation,1.0,NVDA,0,2024-01-05,Friday,range_pct,0.025588113908377938
2024-01-05,Employment Situation,1.0,NVDA,0,2024-01-05,Friday,realized_vol,0.011729065772620293
2024-01-05,Employment Situation,1.0,NVDA,1,2024-01-08,Monday,ret,0.055544334477883206
2024-01-05,Employment Situation,1.0,NVDA,1,2024-01-08,Monday,abs_ret,0.055544334477883206
2024-01-05,Employment Situation,1.0,NVDA,1,2024-01-08,Monday,range_pct,0.05655423146839031
2024-01-05,Employment Situation,1.0,NVDA,1,2024-01-08,Monday,realized_vol,0.018046206504660985
2024-01-05,Employment Situation,1.0,NVDA,2,2024-01-09,Tuesday,ret,0.013544448683708632
2024-01-05,Employment Situation,1.0,NVDA,2,2024-01-09,Tuesday,abs_ret,0.013544448683708632
2024-01-05,Employment Situation,1.0,NVDA,2,2024-01-09,Tuesday,range_pct,0.050362457077451364
2024-01-05,Employment Situation,1.0,NVDA,2,2024-01-09,Tuesday,realized_vol,0.01916735770837257
2024-01-10,Employment Situation,1.0,NVDA,0,2024-01-10,Wednesday,ret,0.013425321648331101
2024-01-10,Employment Situation,1.0,NVDA,0,2024-01-10,Wednesday,abs_ret,0.013425321648331101
2024-01-10,Employment Situation,1.0,NVDA,0,2024-01-10,Wednesday,range_pct,0.020697370874510523
2024-01-10,Employment Situation,1.0,NVDA,0,2024-01-10,Wednesday,realized_vol,0.01626381608995753
2024-01-10,Employment Situation,1.0,NVDA,1,2024-01-11,Thursday,ret,-0.002728264823572135
2024-01-10,Employment Situation,1.0,NVDA,1,2024-01-11,Thursday,abs_ret,0.002728264823572135
2024-01-10,Employment Situation,1.0,NVDA,1,2024-01-11,Thursday,range_pct,0.032557293561295005
2024-01-10,Employment Situation,1.0,NVDA,1,2024-01-11,Thursday,realized_vol,0.02161646441874695
2024-01-10,Employment Situation,1.0,NVDA,2,2024-01-12,Friday,ret,0.0016477480776273534
2024-01-10,Employment Situation,1.0,NVDA,2,2024-01-12,Friday,abs_ret,0.0016477480776273534
2024-01-10,Employment Situation,1.0,NVDA,2,2024-01-12,Friday,range_pct,0.011717319663127071
2024-01-10,Employment Situation,1.0,NVDA,2,2024-01-12,Friday,realized_vol,0.010321603178693394
2024-01-11,Consumer Price Index,1.0,NVDA,0,2024-01-11,Thursday,ret,-0.002728264823572135
2024-01-11,Consumer Price Index,1.0,NVDA,0,2024-01-11,Thursday,abs_ret,0.002728264823572135
2024-01-11,Consumer Price Index,1.0,NVDA,0,2024-01-11,Thursday,range_pct,0.032557293561295005
2024-01-11,Consumer Price Index,1.0,NVDA,0,2024-01-11,Thursday,realized_vol,0.02161646441874695
2024-01-11,Consumer Price Index,1.0,NVDA,1,2024-01-12,Friday,ret,0.0016477480776273534
2024-01-11,Consumer Price Index,1.0,NVDA,1,2024-01-12,Friday,abs_ret,0.0016477480776273534
2024-01-11,Consumer Price Index,1.0,NVDA,1,2024-01-12,Friday,range_pct,0.011717319663127071
2024-01-11,Consumer Price Index,1.0,NVDA,1,2024-01-12,Friday,realized_vol,0.010321603178693394
2024-01-11,Consumer Price Index,1.0,NVDA,2,2024-01-16,Tuesday,ret,0.025081788440566966
2024-01-11,Consumer Price Index,1.0,NVDA,2,2024-01-16,Tuesday,abs_ret,0.025081788440566966
2024-01-11,Consumer Price Index,1.0,NVDA,2,2024-01-16,Tuesday,range_pct,0.03507815339876408
2024-01-11,Consumer Price Index,1.0,NVDA,2,2024-01-16,Tuesday,realized_vol,0.014624585923514738
2024-01-11,Unemployment Insurance Weekly Claims Report,0.3,NVDA,0,2024-01-11,Thursday,ret,-0.002728264823572135
2024-01-11,Unemployment Insurance Weekly Claims Report,0.3,NVDA,0,2024-01-11,Thursday,abs_ret,0.002728264823572135
2024-01-11,Unemployment Insurance Weekly Claims Report,0.3,NVDA,0,2024-01-11,Thursday,range_pct,0.032557293561295005
2024-01-11,Unemployment Insurance Weekly Claims Report,0.3,NVDA,0,2024-01-11,Thursday,realized_vol,0.02161646441874695
2024-01-11,Unemployment Insurance Weekly Claims Report,0.3,NVDA,1,2024-01-12,Friday,ret,0.0016477480776273534
2024-01-11,Unemployment Insurance Weekly Claims Report,0.3,NVDA,1,2024-01-12,Friday,abs_ret,0.0016477480776273534
2024-01-11,Unemployment Insurance Weekly Claims Report,0.3,NVDA,1,2024-01-12,Friday,range_pct,0.011717319663127071
2024-01-11,Unemployment Insurance Weekly Claims Report,0.3,NVDA,1,2024-01-12,Friday,realized_vol,0.010321603178693394
2024-01-11,Unemployment Insurance Weekly Claims Report,0.3,NVDA,2,2024-01-16,Tuesday,ret,0.025081788440566966
2024-01-11,Unemployment Insurance Weekly Claims Report,0.3,NVDA,2,2024-01-16,Tuesday,abs_ret,0.025081788440566966
2024-01-11,Unemployment Insurance Weekly Claims Report,0.3,NVDA,2,2024-01-16,Tuesday,range_pct,0.03507815339876408
2024-01-11,Unemployment Insurance Weekly Claims Report,0.3,NVDA,2,2024-01-16,Tuesday,realized_vol,0.014624585923514738
2024-01-12,Producer Price Index,0.6,NVDA,0,2024-01-12,Friday,ret,0.0016477480776273534
2024-01-12,Producer Price Index,0.6,NVDA,0,2024-01-12,Friday,abs_ret,0.0016477480776273534
2024-01-12,Producer Price Index,0.6,NVDA,0,2024-01-12,Friday,range_pct,0.011717319663127071
2024-01-12,Producer Price Index,0.6,NVDA,0,2024-01-12,Friday,realized_vol,0.010321603178693394
2024-01-12,Producer Price Index,0.6,NVDA,1,2024-01-16,Tuesday,ret,0.025081788440566966
2024-01-12,Producer Price Index,0.6,NVDA,1,2024-01-16,Tuesday,abs_ret,0.025081788440566966
2024-01-12,Producer Price Index,0.6,NVDA,1,2024-01-16,Tuesday,range_pct,0.03507815339876408
2024-01-12,Producer Price Index,0.6,NVDA,1,2024-01-16,Tuesday,realized_vol,0.014624585923514738
2024-01-12,Producer Price Index,0.6,NVDA,2,2024-01-17,Wednesday,ret,-0.0053238686779060185
2024-01-12,Producer Price Index,0.6,NVDA,2,2024-01-17,Wednesday,abs_ret,0.0053238686779060185
2024-01-12,Producer Price Index,0.6,NVDA,2,2024-01-17,Wednesday,range_pct,0.030700976042590894
2024-01-12,Producer Price Index,0.6,NVDA,2,2024-01-17,Wednesday,realized_vol,0.014541509725547736
2024-01-18,Unemployment Insurance Weekly Claims Report,0.3,NVDA,0,2024-01-18,Thursday,ret,-0.002793783830976171
2024-01-18,Unemployment Insurance Weekly Claims Report,0.3,NVDA,0,2024-01-18,Thursday,abs_ret,0.002793783830976171
2024-01-18,Unemployment Insurance Weekly Claims Report,0.3,NVDA,0,2024-01-18,Thursday,range_pct,0.026017111925964762
2024-01-18,Unemployment Insurance Weekly Claims Report,0.3,NVDA,0,2024-01-18,Thursday,realized_vol,0.016540775895506548
2024-01-18,Unemployment Insurance Weekly Claims Report,0.3,NVDA,1,2024-01-19,Friday,ret,0.02639296187683282
2024-01-18,Unemployment Insurance Weekly Claims Report,0.3,NVDA,1,2024-01-19,Friday,abs_ret,0.02639296187683282
2024-01-18,Unemployment Insurance Weekly Claims Report,0.3,NVDA,1,2024-01-19,Friday,range_pct,0.039158185268242246
2024-01-18,Unemployment Insurance Weekly Claims Report,0.3,NVDA,1,2024-01-19,Friday,realized_vol,0.013700366241862397
2024-01-18,Unemployment Insurance Weekly Claims Report,0.3,NVDA,2,2024-01-22,Monday,ret,-0.006328059950041598
2024-01-18,Unemployment Insurance Weekly Claims Report,0.3,NVDA,2,2024-01-22,Monday,abs_ret,0.006328059950041598
2024-01-18,Unemployment Insurance Weekly Claims Report,0.3,NVDA,2,2024-01-22,Monday,range_pct,0.02098251457119064
2024-01-18,Unemployment Insurance Weekly Claims Report,0.3,NVDA,2,2024-01-22,Monday,realized_vol,0.018788071957083194
2024-01-25,Gross Domestic Product,0.6,NVDA,0,2024-01-25,Thursday,ret,-0.011228745588707123
2024-01-25,Gross Domestic Product,0.6,NVDA,0,2024-01-25,Thursday,abs_ret,0.011228745588707123
2024-01-25,Gross Domestic Product,0.6,NVDA,0,2024-01-25,Thursday,range_pct,0.029996791786974612
2024-01-25,Gross Domestic Product,0.6,NVDA,0,2024-01-25,Thursday,realized_vol,0.019954370103818744
2024-01-25,Gross Domestic Product,0.6,NVDA,1,2024-01-26,Friday,ret,0.0011482939632545541
2024-01-25,Gross Domestic Product,0.6,NVDA,1,2024-01-26,Friday,abs_ret,0.0011482939632545541
2024-01-25,Gross Domestic Product,0.6,NVDA,1,2024-01-26,Friday,range_pct,0.01984908136482941
2024-01-25,Gross Domestic Product,0.6,NVDA,1,2024-01-26,Friday,realized_vol,0.016385333468297084
2024-01-25,Gross Domestic Product,0.6,NVDA,2,2024-01-29,Monday,ret,0.019918367346938748
2024-01-25,Gross Domestic Product,0.6,NVDA,2,2024-01-29,Monday,abs_ret,0.019918367346938748
2024-01-25,Gross Domestic Product,0.6,NVDA,2,2024-01-29,Monday,range_pct,0.025795918367347025
2024-01-25,Gross Domestic Product,0.6,NVDA,2,2024-01-29,Monday,realized_vol,0.010924400177708711
2024-01-25,Unemployment Insurance Weekly Claims Report,0.3,NVDA,0,2024-01-25,Thursday,ret,-0.011228745588707123
2024-01-25,Unemployment Insurance Weekly Claims Report,0.3,NVDA,0,2024-01-25,Thursday,abs_ret,0.011228745588707123
2024-01-25,Unemployment Insurance Weekly Claims Report,0.3,NVDA,0,2024-01-25,Thursday,range_pct,0.029996791786974612
2024-01-25,Unemployment Insurance Weekly Claims Report,0.3,NVDA,0,2024-01-25,Thursday,realized_vol,0.019954370103818744
2024-01-25,Unemployment Insurance Weekly Claims Report,0.3,NVDA,1,2024-01-26,Friday,ret,0.0011482939632545541
2024-01-25,Unemployment Insurance Weekly Claims Report,0.3,NVDA,1,2024-01-26,Friday,abs_ret,0.0011482939632545541
2024-01-25,Unemployment Insurance Weekly Claims Report,0.3,NVDA,1,2024-01-26,Friday,range_pct,0.01984908136482941
2024-01-25,Unemployment Insurance Weekly Claims Report,0.3,NVDA,1,2024-01-26,Friday,realized_vol,0.016385333468297084
2024-01-25,Unemployment Insurance Weekly Claims Report,0.3,NVDA,2,2024-01-29,Monday,ret,0.019918367346938748
2024-01-25,Unemployment Insurance Weekly Claims Report,0.3,NVDA,2,2024-01-29,Monday,abs_ret,0.019918367346938748
2024-01-25,Unemployment Insurance Weekly Claims Report,0.3,NVDA,2,2024-01-29,Monday,range_pct,0.025795918367347025
2024-01-25,Unemployment Insurance Weekly Claims Report,0.3,NVDA,2,2024-01-29,Monday,realized_vol,0.010924400177708711
2024-01-26,Personal Income and Outlays,1.0,NVDA,0,2024-01-26,Friday,ret,0.0011482939632545541
2024-01-26,Personal Income and Outlays,1.0,NVDA,0,2024-01-26,Friday,abs_ret,0.0011482939632545541
2024-01-26,Personal Income and Outlays,1.0,NVDA,0,2024-01-26,Friday,range_pct,0.01984908136482941
2024-01-26,Personal Income and Outlays,1.0,NVDA,0,2024-01-26,Friday,realized_vol,0.016385333468297084
2024-01-26,Personal Income and Outlays,1.0,NVDA,1,2024-01-29,Monday,ret,0.019918367346938748
2024-01-26,Personal Income and Outlays,1.0,NVDA,1,2024-01-29,Monday,abs_ret,0.019918367346938748
2024-01-26,Personal Income and Outlays,1.0,NVDA,1,2024-01-29,Monday,range_pct,0.025795918367347025
2024-01-26,Personal Income and Outlays,1.0,NVDA,1,2024-01-29,Monday,realized_vol,0.010924400177708711
2024-01-26,Personal Income and Outlays,1.0,NVDA,2,2024-01-30,Tuesday,ret,-0.0023847376788552754
2024-01-26,Personal Income and Outlays,1.0,NVDA,2,2024-01-30,Tuesday,abs_ret,0.0023847376788552754
2024-01-26,Personal Income and Outlays,1.0,NVDA,2,2024-01-30,Tuesday,range_pct,0.019554848966613737
2024-01-26,Personal Income and Outlays,1.0,NVDA,2,2024-01-30,Tuesday,realized_vol,0.014475922344039332
2024-02-01,Unemployment Insurance Weekly Claims Report,0.3,NVDA,0,2024-02-01,Thursday,ret,0.01497343422959263
2024-02-01,Unemployment Insurance Weekly Claims Report,0.3,NVDA,0,2024-02-01,Thursday,abs_ret,0.01497343422959263
2024-02-01,Unemployment Insurance Weekly Claims Report,0.3,NVDA,0,2024-02-01,Thursday,range_pct,0.024794719046852345
2024-02-01,Unemployment Insurance Weekly Claims Report,0.3,NVDA,0,2024-02-01,Thursday,realized_vol,0.013664247298267542
2024-02-01,Unemployment Insurance Weekly Claims Report,0.3,NVDA,1,2024-02-02,Friday,ret,0.034078474284821025
2024-02-01,Unemployment Insurance Weekly Claims Report,0.3,NVDA,1,2024-02-02,Friday,abs_ret,0.034078474284821025
2024-02-01,Unemployment Insurance Weekly Claims Report,0.3,NVDA,1,2024-02-02,Friday,range_pct,0.04549007347193992
2024-02-01,Unemployment Insurance Weekly Claims Report,0.3,NVDA,1,2024-02-02,Friday,realized_vol,0.016223875762966373
2024-02-01,Unemployment Insurance Weekly Claims Report,0.3,NVDA,2,2024-02-05,Monday,ret,0.016124303723248135
2024-02-01,Unemployment Insurance Weekly Claims Report,0.3,NVDA,2,2024-02-05,Monday,abs_ret,0.016124303723248135
2024-02-01,Unemployment Insurance Weekly Claims Report,0.3,NVDA,2,2024-02-05,Monday,range_pct,0.033567868660217035
2024-02-01,Unemployment Insurance Weekly Claims Report,0.3,NVDA,2,2024-02-05,Monday,realized_vol,0.022800669755260964
2024-02-02,Employment Situation,1.0,NVDA,0,2024-02-02,Friday,ret,0.034078474284821025
2024-02-02,Employment Situation,1.0,NVDA,0,2024-02-02,Friday,abs_ret,0.034078474284821025
2024-02-02,Employment Situation,1.0,NVDA,0,2024-02-02,Friday,range_pct,0.04549007347193992
2024-02-02,Employment Situation,1.0,NVDA,0,2024-02-02,Friday,realized_vol,0.016223875762966373
2024-02-02,Employment Situation,1.0,NVDA,1,2024-02-05,Monday,ret,0.016124303723248135
2024-02-02,Employment Situation,1.0,NVDA,1,2024-02-05,Monday,abs_ret,0.016124303723248135
2024-02-02,Employment Situation,1.0,NVDA,1,2024-02-05,Monday,range_pct,0.033567868660217035
2024-02-02,Employment Situation,1.0,NVDA,1,2024-02-05,Monday,realized_vol,0.022800669755260964
2024-02-02,Employment Situation,1.0,NVDA,2,2024-02-06,Tuesday,ret,-0.020249892287806937
2024-02-02,Employment Situation,1.0,NVDA,2,2024-02-06,Tuesday,abs_ret,0.020249892287806937
2024-02-02,Employment Situation,1.0,NVDA,2,2024-02-06,Tuesday,range_pct,0.049547608789314995
2024-02-02,Employment Situation,1.0,NVDA,2,2024-02-06,Tuesday,realized_vol,0.023904340177238168
2024-02-08,Unemployment Insurance Weekly Claims Report,0.3,NVDA,0,2024-02-08,Thursday,ret,-0.006136720422434627
2024-02-08,Unemployment Insurance Weekly Claims Report,0.3,NVDA,0,2024-02-08,Thursday,abs_ret,0.006136720422434627
2024-02-08,Unemployment Insurance Weekly Claims Report,0.3,NVDA,0,2024-02-08,Thursday,range_pct,0.01898101898101916
2024-02-08,Unemployment Insurance Weekly Claims Report,0.3,NVDA,0,2024-02-08,Thursday,realized_vol,0.016566808156110696
2024-02-08,Unemployment Insurance Weekly Claims Report,0.3,NVDA,1,2024-02-09,Friday,ret,0.022975464473124152
2024-02-08,Unemployment Insurance Weekly Claims Report,0.3,NVDA,1,2024-02-09,Friday,abs_ret,0.022975464473124152
2024-02-08,Unemployment Insurance Weekly Claims Report,0.3,NVDA,1,2024-02-09,Friday,range_pct,0.02808112324492985
2024-02-08,Unemployment Insurance Weekly Claims Report,0.3,NVDA,1,2024-02-09,Friday,realized_vol,0.011198825528856213
2024-02-08,Unemployment Insurance Weekly Claims Report,0.3,NVDA,2,2024-02-12,Monday,ret,-0.004132800661248104
2024-02-08,Unemployment Insurance Weekly Claims Report,0.3,NVDA,2,2024-02-12,Monday,abs_ret,0.004132800661248104
2024-02-08,Unemployment Insurance Weekly Claims Report,0.3,NVDA,2,2024-02-12,Monday,range_pct,0.046287367405978774
2024-02-08,Unemployment Insurance Weekly Claims Report,0.3,NVDA,2,2024-02-12,Monday,realized_vol,0.02655843204924751
2024-02-09,Consumer Price Index,1.0,NVDA,0,2024-02-09,Friday,ret,0.022975464473124152
2024-02-09,Consumer Price Index,1.0,NVDA,0,2024-02-09,Friday,abs_ret,0.022975464473124152
2024-02-09,Consumer Price Index,1.0,NVDA,0,2024-02-09,Friday,range_pct,0.02808112324492985
2024-02-09,Consumer Price Index,1.0,NVDA,0,2024-02-09,Friday,realized_vol,0.011198825528856213
2024-02-09,Consumer Price Index,1.0,NVDA,1,2024-02-12,Monday,ret,-0.004132800661248104
2024-02-09,Consumer Price Index,1.0,NVDA,1,2024-02-12,Monday,abs_ret,0.004132800661248104
2024-02-09,Consumer Price Index,1.0,NVDA,1,2024-02-12,Monday,range_pct,0.046287367405978774
2024-02-09,Consumer Price Index,1.0,NVDA,1,2024-02-12,Monday,realized_vol,0.02655843204924751
2024-02-09,Consumer Price Index,1.0,NVDA,2,2024-02-13,Tuesday,ret,0.0249893511287802
2024-02-09,Consumer Price Index,1.0,NVDA,2,2024-02-13,Tuesday,abs_ret,0.0249893511287802
2024-02-09,Consumer Price Index,1.0,NVDA,2,2024-02-13,Tuesday,range_pct,0.0543802356950163
2024-02-09,Consumer Price Index,1.0,NVDA,2,2024-02-13,Tuesday,realized_vol,0.025943114974846596
2024-02-13,Consumer Price Index,1.0,NVDA,0,2024-02-13,Tuesday,ret,0.0249893511287802
2024-02-13,Consumer Price Index,1.0,NVDA,0,2024-02-13,Tuesday,abs_ret,0.0249893511287802
2024-02-13,Consumer Price Index,1.0,NVDA,0,2024-02-13,Tuesday,range_pct,0.0543802356950163
2024-02-13,Consumer Price Index,1.0,NVDA,0,2024-02-13,Tuesday,realized_vol,0.025943114974846596
2024-02-13,Consumer Price Index,1.0,NVDA,1,2024-02-14,Wednesday,ret,0.008879781420764843
2024-02-13,Consumer Price Index,1.0,NVDA,1,2024-02-14,Wednesday,abs_ret,0.008879781420764843
2024-02-13,Consumer Price Index,1.0,NVDA,1,2024-02-14,Wednesday,range_pct,0.03142076502732236
2024-02-13,Consumer Price Index,1.0,NVDA,1,2024-02-14,Wednesday,realized_vol,0.02007646372931727
2024-02-13,Consumer Price Index,1.0,NVDA,2,2024-02-15,Thursday,ret,-0.016113744075829328
2024-02-13,Consumer Price Index,1.0,NVDA,2,2024-02-15,Thursday,abs_ret,0.016113744075829328
2024-02-13,Consumer Price Index,1.0,NVDA,2,2024-02-15,Thursday,range_pct,0.021259309410968086
2024-02-13,Consumer Price Index,1.0,NVDA,2,2024-02-15,Thursday,realized_vol,0.016662777305081276
2024-02-14,Producer Price Index,0.6,NVDA,0,2024-02-14,Wednesday,ret,0.008879781420764843
2024-02-14,Producer Price Index,0.6,NVDA,0,2024-02-14,Wednesday,abs_ret,0.008879781420764843
2024-02-14,Producer Price Index,0.6,NVDA,0,2024-02-14,Wednesday,range_pct,0.03142076502732236
2024-02-14,Producer Price Index,0.6,NVDA,0,2024-02-14,Wednesday,realized_vol,0.02007646372931727
2024-02-14,Producer Price Index,0.6,NVDA,1,2024-02-15,Thursday,ret,-0.016113744075829328
2024-02-14,Producer Price Index,0.6,NVDA,1,2024-02-15,Thursday,abs_ret,0.016113744075829328
2024-02-14,Producer Price Index,0.6,NVDA,1,2024-02-15,Thursday,range_pct,0.021259309410968086
2024-02-14,Producer Price Index,0.6,NVDA,1,2024-02-15,Thursday,realized_vol,0.016662777305081276
2024-02-14,Producer Price Index,0.6,NVDA,2,2024-02-16,Friday,ret,-0.020507285483000626
2024-02-14,Producer Price Index,0.6,NVDA,2,2024-02-16,Friday,abs_ret,0.020507285483000626
2024-02-14,Producer Price Index,0.6,NVDA,2,2024-02-16,Friday,range_pct,0.02563410685375075
2024-02-14,Producer Price Index,0.6,NVDA,2,2024-02-16,Friday,realized_vol,0.020214880906221012
2024-02-15,Unemployment Insurance Weekly Claims Report,0.3,NVDA,0,2024-02-15,Thursday,ret,-0.016113744075829328
2024-02-15,Unemployment Insurance Weekly Claims Report,0.3,NVDA,0,2024-02-15,Thursday,abs_ret,0.016113744075829328
2024-02-15,Unemployment Insurance Weekly Claims Report,0.3,NVDA,0,2024-02-15,Thursday,range_pct,0.021259309410968086
2024-02-15,Unemployment Insurance Weekly Claims Report,0.3,NVDA,0,2024-02-15,Thursday,realized_vol,0.016662777305081276
2024-02-15,Unemployment Insurance Weekly Claims Report,0.3,NVDA,1,2024-02-16,Friday,ret,-0.020507285483000626
2024-02-15,Unemployment Insurance Weekly Claims Report,0.3,NVDA,1,2024-02-16,Friday,abs_ret,0.020507285483000626
2024-02-15,Unemployment Insurance Weekly Claims Report,0.3,NVDA,1,2024-02-16,Friday,range_pct,0.02563410685375075
2024-02-15,Unemployment Insurance Weekly Claims Report,0.3,NVDA,1,2024-02-16,Friday,realized_vol,0.020214880906221012
2024-02-15,Unemployment Insurance Weekly Claims Report,0.3,NVDA,2,2024-02-20,Tuesday,ret,-0.034607366226546366
2024-02-15,Unemployment Insurance Weekly Claims Report,0.3,NVDA,2,2024-02-20,Tuesday,abs_ret,0.034607366226546366
2024-02-15,Unemployment Insurance Weekly Claims Report,0.3,NVDA,2,2024-02-20,Tuesday,range_pct,0.05879082696316872
2024-02-15,Unemployment Insurance Weekly Claims Report,0.3,NVDA,2,2024-02-20,Tuesday,realized_vol,0.03152630269495717
2024-02-16,Producer Price Index,0.6,NVDA,0,2024-02-16,Friday,ret,-0.020507285483000626
2024-02-16,Producer Price Index,0.6,NVDA,0,2024-02-16,Friday,abs_ret,0.020507285483000626
2024-02-16,Producer Price Index,0.6,NVDA,0,2024-02-16,Friday,range_pct,0.02563410685375075
2024-02-16,Producer Price Index,0.6,NVDA,0,2024-02-16,Friday,realized_vol,0.020214880906221012
2024-02-16,Producer Price Index,0.6,NVDA,1,2024-02-20,Tuesday,ret,-0.034607366226546366
2024-02-16,Producer Price Index,0.6,NVDA,1,2024-02-20,Tuesday,abs_ret,0.034607366226546366
2024-02-16,Producer Price Index,0.6,NVDA,1,2024-02-20,Tuesday,range_pct,0.05879082696316872
2024-02-16,Producer Price Index,0.6,NVDA,1,2024-02-20,Tuesday,realized_vol,0.03152630269495717
2024-02-16,Producer Price Index,0.6,NVDA,2,2024-02-21,Wednesday,ret,-0.00779182593354899
2024-02-16,Producer Price Index,0.6,NVDA,2,2024-02-21,Wednesday,abs_ret,0.00779182593354899
2024-02-16,Producer Price Index,0.6,NVDA,2,2024-02-21,Wednesday,range_pct,0.03881211408409292
2024-02-16,Producer Price Index,0.6,NVDA,2,2024-02-21,Wednesday,realized_vol,0.021785562328131915
2024-02-22,Unemployment Insurance Weekly Claims Report,0.3,NVDA,0,2024-02-22,Thursday,ret,0.04584832733573241
2024-02-22,Unemployment Insurance Weekly Claims Report,0.3,NVDA,0,2024-02-22,Thursday,abs_ret,0.04584832733573241
2024-02-22,Unemployment Insurance Weekly Claims Report,0.3,NVDA,0,2024-02-22,Thursday,range_pct,0.05811008929761428
2024-02-22,Unemployment Insurance Weekly Claims Report,0.3,NVDA,0,2024-02-22,Thursday,realized_vol,0.027089279543926318
2024-02-22,Unemployment Insurance Weekly Claims Report,0.3,NVDA,1,2024-02-23,Friday,ret,-0.024012872880307068
2024-02-22,Unemployment Insurance Weekly Claims Report,0.3,NVDA,1,2024-02-23,Friday,abs_ret,0.024012872880307068
2024-02-22,Unemployment Insurance Weekly Claims Report,0.3,NVDA,1,2024-02-23,Friday,range_pct,0.05966084911498957
2024-02-22,Unemployment Insurance Weekly Claims Report,0.3,NVDA,1,2024-02-23,Friday,realized_vol,0.03184929261740728
2024-02-22,Unemployment Insurance Weekly Claims Report,0.3,NVDA,2,2024-02-26,Monday,ret,-0.007653701380175626
2024-02-22,Unemployment Insurance Weekly Claims Report,0.3,NVDA,2,2024-02-26,Monday,abs_ret,0.007653701380175626
2024-02-22,Unemployment Insurance Weekly Claims Report,0.3,NVDA,2,2024-02-26,Monday,range_pct,0.026850690087829365
2024-02-22,Unemployment Insurance Weekly Claims Report,0.3,NVDA,2,2024-02-26,Monday,realized_vol,0.020953721430391377
2024-02-28,Gross Domestic Product,0.6,NVDA,0,2024-02-28,Wednesday,ret,0.0007729966503478014
2024-02-28,Gross Domestic Product,0.6,NVDA,0,2024-02-28,Wednesday,abs_ret,0.0007729966503478014
2024-02-28,Gross Domestic Product,0.6,NVDA,0,2024-02-28,Wednesday,range_pct,0.0231898995104356
2024-02-28,Gross Domestic Product,0.6,NVDA,0,2024-02-28,Wednesday,realized_vol,0.013212447546368886
2024-02-28,Gross Domestic Product,0.6,NVDA,1,2024-02-29,Thursday,ret,0.001643697053989035
2024-02-28,Gross Domestic Product,0.6,NVDA,1,2024-02-29,Thursday,abs_ret,0.001643697053989035
2024-02-28,Gross Domestic Product,0.6,NVDA,1,2024-02-29,Thursday,range_pct,0.020735870527247447
2024-02-28,Gross Domestic Product,0.6,NVDA,1,2024-02-29,Thursday,realized_vol,0.017416212899874387
2024-02-28,Gross Domestic Product,0.6,NVDA,2,2024-03-01,Friday,ret,0.028625000000000123
2024-02-28,Gross Domestic Product,0.6,NVDA,2,2024-03-01,Friday,abs_ret,0.028625000000000123
2024-02-28,Gross Domestic Product,0.6,NVDA,2,2024-03-01,Friday,range_pct,0.03574999999999999
2024-02-28,Gross Domestic Product,0.6,NVDA,2,2024-03-01,Friday,realized_vol,0.012387712602962576
2024-02-29,Personal Income and Outlays,1.0,NVDA,0,2024-02-29,Thursday,ret,0.001643697053989035
2024-02-29,Personal Income and Outlays,1.0,NVDA,0,2024-02-29,Thursday,abs_ret,0.001643697053989035
2024-02-29,Personal Income and Outlays,1.0,NVDA,0,2024-02-29,Thursday,range_pct,0.020735870527247447
2024-02-29,Personal Income and Outlays,1.0,NVDA,0,2024-02-29,Thursday,realized_vol,0.017416212899874387
2024-02-29,Personal Income and Outlays,1.0,NVDA,1,2024-03-01,Friday,ret,0.028625000000000123
2024-02-29,Personal Income and Outlays,1.0,NVDA,1,2024-03-01,Friday,abs_ret,0.028625000000000123
2024-02-29,Personal Income and Outlays,1.0,NVDA,1,2024-03-01,Friday,range_pct,0.03574999999999999
2024-02-29,Personal Income and Outlays,1.0,NVDA,1,2024-03-01,Friday,realized_vol,0.012387712602962576
2024-02-29,Personal Income and Outlays,1.0,NVDA,2,2024-03-04,Monday,ret,0.013312730298347786
2024-02-29,Personal Income and Outlays,1.0,NVDA,2,2024-03-04,Monday,abs_ret,0.013312730298347786
2024-02-29,Personal Income and Outlays,1.0,NVDA,2,2024-03-04,Monday,range_pct,0.047307738024485964
2024-02-29,Personal Income and Outlays,1.0,NVDA,2,2024-03-04,Monday,realized_vol,0.02387559524773343
2024-02-29,Unemployment Insurance Weekly Claims Report,0.3,NVDA,0,2024-02-29,Thursday,ret,0.001643697053989035
2024-02-29,Unemployment Insurance Weekly Claims Report,0.3,NVDA,0,2024-02-29,Thursday,abs_ret,0.001643697053989035
2024-02-29,Unemployment Insurance Weekly Claims Report,0.3,NVDA,0,2024-02-29,Thursday,range_pct,0.020735870527247447
2024-02-29,Unemployment Insurance Weekly Claims Report,0.3,NVDA,0,2024-02-29,Thursday,realized_vol,0.017416212899874387
2024-02-29,Unemployment Insurance Weekly Claims Report,0.3,NVDA,1,2024-03-01,Friday,ret,0.028625000000000123
2024-02-29,Unemployment Insurance Weekly Claims Report,0.3,NVDA,1,2024-03-01,Friday,abs_ret,0.028625000000000123
2024-02-29,Unemployment Insurance Weekly Claims Report,0.3,NVDA,1,2024-03-01,Friday,range_pct,0.03574999999999999
2024-02-29,Unemployment Insurance Weekly Claims Report,0.3,NVDA,1,2024-03-01,Friday,realized_vol,0.012387712602962576
2024-02-29,Unemployment Insurance Weekly Claims Report,0.3,NVDA,2,2024-03-04,Monday,ret,0.013312730298347786
2024-02-29,Unemployment Insurance Weekly Claims Report,0.3,NVDA,2,2024-03-04,Monday,abs_ret,0.013312730298347786
2024-02-29,Unemployment Insurance Weekly Claims Report,0.3,NVDA,2,2024-03-04,Monday,range_pct,0.047307738024485964
2024-02-29,Unemployment Insurance Weekly Claims Report,0.3,NVDA,2,2024-03-04,Monday,realized_vol,0.02387559524773343
2024-03-07,Unemployment Insurance Weekly Claims Report,0.3,NVDA,0,2024-03-07,Thursday,ret,0.02783939662821666
2024-03-07,Unemployment Insurance Weekly Claims Report,0.3,NVDA,0,2024-03-07,Thursday,abs_ret,0.02783939662821666
2024-03-07,Unemployment Insurance Weekly Claims Report,0.3,NVDA,0,2024-03-07,Thursday,range_pct,0.0351597160603372
2024-03-07,Unemployment Insurance Weekly Claims Report,0.3,NVDA,0,2024-03-07,Thursday,realized_vol,0.014104973188995257
2024-03-07,Unemployment Insurance Weekly Claims Report,0.3,NVDA,1,2024-03-08,Friday,ret,-0.07962553907646985
2024-03-07,Unemployment Insurance Weekly Claims Report,0.3,NVDA,1,2024-03-08,Friday,abs_ret,0.07962553907646985
2024-03-07,Unemployment Insurance Weekly Claims Report,0.3,NVDA,1,2024-03-08,Friday,range_pct,0.11454717576522563
2024-03-07,Unemployment Insurance Weekly Claims Report,0.3,NVDA,1,2024-03-08,Friday,realized_vol,0.05715601496507184
2024-03-07,Unemployment Insurance Weekly Claims Report,0.3,NVDA,2,2024-03-11,Monday,ret,-0.007404836283697813
2024-03-07,Unemployment Insurance Weekly Claims Report,0.3,NVDA,2,2024-03-11,Monday,abs_ret,0.007404836283697813
2024-03-07,Unemployment Insurance Weekly Claims Report,0.3,NVDA,2,2024-03-11,Monday,range_pct,0.05356936248987614
2024-03-07,Unemployment Insurance Weekly Claims Report,0.3,NVDA,2,2024-03-11,Monday,realized_vol,0.04482388705260197
2024-03-08,Employment Situation,1.0,NVDA,0,2024-03-08,Friday,ret,-0.07962553907646985
2024-03-08,Employment Situation,1.0,NVDA,0,2024-03-08,Friday,abs_ret,0.07962553907646985
2024-03-08,Employment Situation,1.0,NVDA,0,2024-03-08,Friday,range_pct,0.11454717576522563
2024-03-08,Employment Situation,1.0,NVDA,0,2024-03-08,Friday,realized_vol,0.05715601496507184
2024-03-08,Employment Situation,1.0,NVDA,1,2024-03-11,Monday,ret,-0.007404836283697813
2024-03-08,Employment Situation,1.0,NVDA,1,2024-03-11,Monday,abs_ret,0.007404836283697813
2024-03-08,Employment Situation,1.0,NVDA,1,2024-03-11,Monday,range_pct,0.05356936248987614
2024-03-08,Employment Situation,1.0,NVDA,1,2024-03-11,Monday,realized_vol,0.04482388705260197
2024-03-08,Employment Situation,1.0,NVDA,2,2024-03-12,Tuesday,ret,0.044179443498012505
2024-03-08,Employment Situation,1.0,NVDA,2,2024-03-12,Tuesday,abs_ret,0.044179443498012505
2024-03-08,Employment Situation,1.0,NVDA,2,2024-03-12,Tuesday,range_pct,0.0659852356615558
2024-03-08,Employment Situation,1.0,NVDA,2,2024-03-12,Tuesday,realized_vol,0.026065420329645754
2024-03-12,Consumer Price Index,1.0,NVDA,0,2024-03-12,Tuesday,ret,0.044179443498012505
2024-03-12,Consumer Price Index,1.0,NVDA,0,2024-03-12,Tuesday,abs_ret,0.044179443498012505
2024-03-12,Consumer Price Index,1.0,NVDA,0,2024-03-12,Tuesday,range_pct,0.0659852356615558
2024-03-12,Consumer Price Index,1.0,NVDA,0,2024-03-12,Tuesday,realized_vol,0.026065420329645754
2024-03-12,Consumer Price Index,1.0,NVDA,1,2024-03-13,Wednesday,ret,-0.0014276301339775088
2024-03-12,Consumer Price Index,1.0,NVDA,1,2024-03-13,Wednesday,abs_ret,0.0014276301339775088
2024-03-12,Consumer Price Index,1.0,NVDA,1,2024-03-13,Wednesday,range_pct,0.03360421699978039
2024-03-12,Consumer Price Index,1.0,NVDA,1,2024-03-13,Wednesday,realized_vol,0.02288333623204697
2024-03-12,Consumer Price Index,1.0,NVDA,2,2024-03-14,Thursday,ret,-0.017302969412815283
2024-03-12,Consumer Price Index,1.0,NVDA,2,2024-03-14,Thursday,abs_ret,0.017302969412815283
2024-03-12,Consumer Price Index,1.0,NVDA,2,2024-03-14,Thursday,range_pct,0.045210984594775745
2024-03-12,Consumer Price Index,1.0,NVDA,2,2024-03-14,Thursday,realized_vol,0.030330021482567925
2024-03-14,Producer Price Index,0.6,NVDA,0,2024-03-14,Thursday,ret,-0.017302969412815283
2024-03-14,Producer Price Index,0.6,NVDA,0,2024-03-14,Thursday,abs_ret,0.017302969412815283
2024-03-14,Producer Price Index,0.6,NVDA,0,2024-03-14,Thursday,range_pct,0.045210984594775745
2024-03-14,Producer Price Index,0.6,NVDA,0,2024-03-14,Thursday,realized_vol,0.030330021482567925
2024-03-14,Producer Price Index,0.6,NVDA,1,2024-03-15,Friday,ret,0.010123087541700215
2024-03-14,Producer Price Index,0.6,NVDA,1,2024-03-15,Friday,abs_ret,0.010123087541700215
2024-03-14,Producer Price Index,0.6,NVDA,1,2024-03-15,Friday,range_pct,0.037846543195674584
2024-03-14,Producer Price Index,0.6,NVDA,1,2024-03-15,Friday,realized_vol,0.020754636826663647
2024-03-14,Producer Price Index,0.6,NVDA,2,2024-03-18,Monday,ret,-0.021243637973002882
2024-03-14,Producer Price Index,0.6,NVDA,2,2024-03-18,Monday,abs_ret,0.021243637973002882
2024-03-14,Producer Price Index,0.6,NVDA,2,2024-03-18,Monday,range_pct,0.05886258021686207
2024-03-14,Producer Price Index,0.6,NVDA,2,2024-03-18,Monday,realized_vol,0.027968993269711466
2024-03-14,Unemployment Insurance Weekly Claims Report,0.3,NVDA,0,2024-03-14,Thursday,ret,-0.017302969412815283
2024-03-14,Unemployment Insurance Weekly Claims Report,0.3,NVDA,0,2024-03-14,Thursday,abs_ret,0.017302969412815283
2024-03-14,Unemployment Insurance Weekly Claims Report,0.3,NVDA,0,2024-03-14,Thursday,range_pct,0.045210984594775745
2024-03-14,Unemployment Insurance Weekly Claims Report,0.3,NVDA,0,2024-03-14,Thursday,realized_vol,0.030330021482567925
2024-03-14,Unemployment Insurance Weekly Claims Report,0.3,NVDA,1,2024-03-15,Friday,ret,0.010123087541700215
2024-03-14,Unemployment Insurance Weekly Claims Report,0.3,NVDA,1,2024-03-15,Friday,abs_ret,0.010123087541700215
2024-03-14,Unemployment Insurance Weekly Claims Report,0.3,NVDA,1,2024-03-15,Friday,range_pct,0.037846543195674584
2024-03-14,Unemployment Insurance Weekly Claims Report,0.3,NVDA,1,2024-03-15,Friday,realized_vol,0.020754636826663647
2024-03-14,Unemployment Insurance Weekly Claims Report,0.3,NVDA,2,2024-03-18,Monday,ret,-0.021243637973002882
2024-03-14,Unemployment Insurance Weekly Claims Report,0.3,NVDA,2,2024-03-18,Monday,abs_ret,0.021243637973002882
2024-03-14,Unemployment Insurance Weekly Claims Report,0.3,NVDA,2,2024-03-18,Monday,range_pct,0.05886258021686207
2024-03-14,Unemployment Insurance Weekly Claims Report,0.3,NVDA,2,2024-03-18,Monday,realized_vol,0.027968993269711466
2024-03-21,Unemployment Insurance Weekly Claims Report,0.3,NVDA,0,2024-03-21,Thursday,ret,-0.009967497291440974
2024-03-21,Unemployment Insurance Weekly Claims Report,0.3,NVDA,0,2024-03-21,Thursday,abs_ret,0.009967497291440974
2024-03-21,Unemployment Insurance Weekly Claims Report,0.3,NVDA,0,2024-03-21,Thursday,range_pct,0.02426868905742155
2024-03-21,Unemployment Insurance Weekly Claims Report,0.3,NVDA,0,2024-03-21,Thursday,realized_vol,0.018689807399051808
2024-03-21,Unemployment Insurance Weekly Claims Report,0.3,NVDA,1,2024-03-22,Friday,ret,0.034123326750054916
2024-03-21,Unemployment Insurance Weekly Claims Report,0.3,NVDA,1,2024-03-22,Friday,abs_ret,0.034123326750054916
2024-03-21,Unemployment Insurance Weekly Claims Report,0.3,NVDA,1,2024-03-22,Friday,range_pct,0.04333991661180604
2024-03-21,Unemployment Insurance Weekly Claims Report,0.3,NVDA,1,2024-03-22,Friday,realized_vol,0.018829846641926867
2024-03-21,Unemployment Insurance Weekly Claims Report,0.3,NVDA,2,2024-03-25,Monday,ret,0.010638297872340496
2024-03-21,Unemployment Insurance Weekly Claims Report,0.3,NVDA,2,2024-03-25,Monday,abs_ret,0.010638297872340496
2024-03-21,Unemployment Insurance Weekly Claims Report,0.3,NVDA,2,2024-03-25,Monday,range_pct,0.03468085106382969
2024-03-21,Unemployment Insurance Weekly Claims Report,0.3,NVDA,2,2024-03-25,Monday,realized_vol,0.02128295118605029
2024-03-28,Gross Domestic Product,0.6,NVDA,0,2024-03-28,Thursday,ret,0.003555555555555534
2024-03-28,Gross Domestic Product,0.6,NVDA,0,2024-03-28,Thursday,abs_ret,0.003555555555555534
2024-03-28,Gross Domestic Product,0.6,NVDA,0,2024-03-28,Thursday,range_pct,0.023444444444444438
2024-03-28,Gross Domestic Product,0.6,NVDA,0,2024-03-28,Thursday,realized_vol,0.017828955296763913
2024-03-28,Gross Domestic Product,0.6,NVDA,1,2024-04-01,Monday,ret,0.0008860338907963339
2024-03-28,Gross Domestic Product,0.6,NVDA,1,2024-04-01,Monday,abs_ret,0.0008860338907963339
2024-03-28,Gross Domestic Product,0.6,NVDA,1,2024-04-01,Monday,range_pct,0.03355853361391074
2024-03-28,Gross Domestic Product,0.6,NVDA,1,2024-04-01,Monday,realized_vol,0.0233983915632843
2024-03-28,Gross Domestic Product,0.6,NVDA,2,2024-04-02,Tuesday,ret,0.010848683467058473
2024-03-28,Gross Domestic Product,0.6,NVDA,2,2024-04-02,Tuesday,abs_ret,0.010848683467058473
2024-03-28,Gross Domestic Product,0.6,NVDA,2,2024-04-02,Tuesday,range_pct,0.027912758503785728
2024-03-28,Gross Domestic Product,0.6,NVDA,2,2024-04-02,Tuesday,realized_vol,0.01569357282896743
2024-03-28,Unemployment Insurance Weekly Claims Report,0.3,NVDA,0,2024-03-28,Thursday,ret,0.003555555555555534
2024-03-28,Unemployment Insurance Weekly Claims Report,0.3,NVDA,0,2024-03-28,Thursday,abs_ret,0.003555555555555534
2024-03-28,Unemployment Insurance Weekly Claims Report,0.3,NVDA,0,2024-03-28,Thursday,range_pct,0.023444444444444438
2024-03-28,Unemployment Insurance Weekly Claims Report,0.3,NVDA,0,2024-03-28,Thursday,realized_vol,0.017828955296763913
2024-03-28,Unemployment Insurance Weekly Claims Report,0.3,NVDA,1,2024-04-01,Monday,ret,0.0008860338907963339
2024-03-28,Unemployment Insurance Weekly Claims Report,0.3,NVDA,1,2024-04-01,Monday,abs_ret,0.0008860338907963339
2024-03-28,Unemployment Insurance Weekly Claims Report,0.3,NVDA,1,2024-04-01,Monday,range_pct,0.03355853361391074
2024-03-28,Unemployment Insurance Weekly Claims Report,0.3,NVDA,1,2024-04-01,Monday,realized_vol,0.0233983915632843
2024-03-28,Unemployment Insurance Weekly Claims Report,0.3,NVDA,2,2024-04-02,Tuesday,ret,0.010848683467058473
2024-03-28,Unemployment Insurance Weekly Claims Report,0.3,NVDA,2,2024-04-02,Tuesday,abs_ret,0.010848683467058473
2024-03-28,Unemployment Insurance Weekly Claims Report,0.3,NVDA,2,2024-04-02,Tuesday,range_pct,0.027912758503785728
2024-03-28,Unemployment Insurance Weekly Claims Report,0.3,NVDA,2,2024-04-02,Tuesday,realized_vol,0.01569357282896743
2024-04-04,Unemployment Insurance Weekly Claims Report,0.3,NVDA,0,2024-04-04,Thursday,ret,-0.05009399535552361
2024-04-04,Unemployment Insurance Weekly Claims Report,0.3,NVDA,0,2024-04-04,Thursday,abs_ret,0.05009399535552361
2024-04-04,Unemployment Insurance Weekly Claims Report,0.3,NVDA,0,2024-04-04,Thursday,range_pct,0.05252681632201703
2024-04-04,Unemployment Insurance Weekly Claims Report,0.3,NVDA,0,2024-04-04,Thursday,realized_vol,0.02186447129430042
2024-04-04,Unemployment Insurance Weekly Claims Report,0.3,NVDA,1,2024-04-05,Friday,ret,0.012777713825256054
2024-04-04,Unemployment Insurance Weekly Claims Report,0.3,NVDA,1,2024-04-05,Friday,abs_ret,0.012777713825256054
2024-04-04,Unemployment Insurance Weekly Claims Report,0.3,NVDA,1,2024-04-05,Friday,range_pct,0.029354207436399184
2024-04-04,Unemployment Insurance Weekly Claims Report,0.3,NVDA,1,2024-04-05,Friday,realized_vol,0.02115711196867997
2024-04-04,Unemployment Insurance Weekly Claims Report,0.3,NVDA,2,2024-04-08,Monday,ret,-0.017023675310033903
2024-04-04,Unemployment Insurance Weekly Claims Report,0.3,NVDA,2,2024-04-08,Monday,abs_ret,0.017023675310033903
2024-04-04,Unemployment Insurance Weekly Claims Report,0.3,NVDA,2,2024-04-08,Monday,range_pct,0.023675310033821808
2024-04-04,Unemployment Insurance Weekly Claims Report,0.3,NVDA,2,2024-04-08,Monday,realized_vol,0.015509006320683302
2024-04-05,Employment Situation,1.0,NVDA,0,2024-04-05,Friday,ret,0.012777713825256054
2024-04-05,Employment Situation,1.0,NVDA,0,2024-04-05,Friday,abs_ret,0.012777713825256054
2024-04-05,Employment Situation,1.0,NVDA,0,2024-04-05,Friday,range_pct,0.029354207436399184
2024-04-05,Employment Situation,1.0,NVDA,0,2024-04-05,Friday,realized_vol,0.02115711196867997
2024-04-05,Employment Situation,1.0,NVDA,1,2024-04-08,Monday,ret,-0.017023675310033903
2024-04-05,Employment Situation,1.0,NVDA,1,2024-04-08,Monday,abs_ret,0.017023675310033903
2024-04-05,Employment Situation,1.0,NVDA,1,2024-04-08,Monday,range_pct,0.023675310033821808
2024-04-05,Employment Situation,1.0,NVDA,1,2024-04-08,Monday,realized_vol,0.015509006320683302
2024-04-05,Employment Situation,1.0,NVDA,2,2024-04-09,Tuesday,ret,-0.023787740164684323
2024-04-05,Employment Situation,1.0,NVDA,2,2024-04-09,Tuesday,abs_ret,0.023787740164684323
2024-04-05,Employment Situation,1.0,NVDA,2,2024-04-09,Tuesday,range_pct,0.05283623055809703
2024-04-05,Employment Situation,1.0,NVDA,2,2024-04-09,Tuesday,realized_vol,0.025314163622266093
2024-04-10,Consumer Price Index,1.0,NVDA,0,2024-04-10,Wednesday,ret,0.03657810079828416
2024-04-10,Consumer Price Index,1.0,NVDA,0,2024-04-10,Wednesday,abs_ret,0.03657810079828416
2024-04-10,Consumer Price Index,1.0,NVDA,0,2024-04-10,Wednesday,range_pct,0.04396520910282392
2024-04-10,Consumer Price Index,1.0,NVDA,0,2024-04-10,Wednesday,realized_vol,0.0268741684127138
2024-04-10,Consumer Price Index,1.0,NVDA,1,2024-04-11,Thursday,ret,0.036024702653248086
2024-04-10,Consumer Price Index,1.0,NVDA,1,2024-04-11,Thursday,abs_ret,0.036024702653248086
2024-04-10,Consumer Price Index,1.0,NVDA,1,2024-04-11,Thursday,range_pct,0.0435727355901188
2024-04-10,Consumer Price Index,1.0,NVDA,1,2024-04-11,Thursday,realized_vol,0.015290280535513154
2024-04-10,Consumer Price Index,1.0,NVDA,2,2024-04-12,Friday,ret,-0.01672240802675584
2024-04-10,Consumer Price Index,1.0,NVDA,2,2024-04-12,Friday,abs_ret,0.01672240802675584
2024-04-10,Consumer Price Index,1.0,NVDA,2,2024-04-12,Friday,range_pct,0.029431438127090308
2024-04-10,Consumer Price Index,1.0,NVDA,2,2024-04-12,Friday,realized_vol,0.017325911247113756
2024-04-11,Producer Price Index,0.6,NVDA,0,2024-04-11,Thursday,ret,0.036024702653248086
2024-04-11,Producer Price Index,0.6,NVDA,0,2024-04-11,Thursday,abs_ret,0.036024702653248086
2024-04-11,Producer Price Index,0.6,NVDA,0,2024-04-11,Thursday,range_pct,0.0435727355901188
2024-04-11,Producer Price Index,0.6,NVDA,0,2024-04-11,Thursday,realized_vol,0.015290280535513154
2024-04-11,Producer Price Index,0.6,NVDA,1,2024-04-12,Friday,ret,-0.01672240802675584
2024-04-11,Producer Price Index,0.6,NVDA,1,2024-04-12,Friday,abs_ret,0.01672240802675584
2024-04-11,Producer Price Index,0.6,NVDA,1,2024-04-12,Friday,range_pct,0.029431438127090308
2024-04-11,Producer Price Index,0.6,NVDA,1,2024-04-12,Friday,realized_vol,0.017325911247113756
2024-04-11,Producer Price Index,0.6,NVDA,2,2024-04-15,Monday,ret,-0.03479236812570141
2024-04-11,Producer Price Index,0.6,NVDA,2,2024-04-15,Monday,abs_ret,0.03479236812570141
2024-04-11,Producer Price Index,0.6,NVDA,2,2024-04-15,Monday,range_pct,0.05252525252525245
2024-04-11,Producer Price Index,0.6,NVDA,2,2024-04-15,Monday,realized_vol,0.02405586310248985
2024-04-11,Unemployment Insurance Weekly Claims Report,0.3,NVDA,0,2024-04-11,Thursday,ret,0.036024702653248086
2024-04-11,Unemployment Insurance Weekly Claims Report,0.3,NVDA,0,2024-04-11,Thursday,abs_ret,0.036024702653248086
2024-04-11,Unemployment Insurance Weekly Claims Report,0.3,NVDA,0,2024-04-11,Thursday,range_pct,0.0435727355901188
2024-04-11,Unemployment Insurance Weekly Claims Report,0.3,NVDA,0,2024-04-11,Thursday,realized_vol,0.015290280535513154
2024-04-11,Unemployment Insurance Weekly Claims Report,0.3,NVDA,1,2024-04-12,Friday,ret,-0.01672240802675584
2024-04-11,Unemployment Insurance Weekly Claims Report,0.3,NVDA,1,2024-04-12,Friday,abs_ret,0.01672240802675584
2024-04-11,Unemployment Insurance Weekly Claims Report,0.3,NVDA,1,2024-04-12,Friday,range_pct,0.029431438127090308
2024-04-11,Unemployment Insurance Weekly Claims Report,0.3,NVDA,1,2024-04-12,Friday,realized_vol,0.017325911247113756
2024-04-11,Unemployment Insurance Weekly Claims Report,0.3,NVDA,2,2024-04-15,Monday,ret,-0.03479236812570141
2024-04-11,Unemployment Insurance Weekly Claims Report,0.3,NVDA,2,2024-04-15,Monday,abs_ret,0.03479236812570141
2024-04-11,Unemployment Insurance Weekly Claims Report,0.3,NVDA,2,2024-04-15,Monday,range_pct,0.05252525252525245
2024-04-11,Unemployment Insurance Weekly Claims Report,0.3,NVDA,2,2024-04-15,Monday,realized_vol,0.02405586310248985
2024-04-18,Unemployment Insurance Weekly Claims Report,0.3,NVDA,0,2024-04-18,Thursday,ret,-0.0037655919039775165
2024-04-18,Unemployment Insurance Weekly Claims Report,0.3,NVDA,0,2024-04-18,Thursday,abs_ret,0.0037655919039775165
2024-04-18,Unemployment Insurance Weekly Claims Report,0.3,NVDA,0,2024-04-18,Thursday,range_pct,0.04459872911273231
2024-04-18,Unemployment Insurance Weekly Claims Report,0.3,NVDA,0,2024-04-18,Thursday,realized_vol,0.033513182868956416
2024-04-18,Unemployment Insurance Weekly Claims Report,0.3,NVDA,1,2024-04-19,Friday,ret,-0.08312281968001922
2024-04-18,Unemployment Insurance Weekly Claims Report,0.3,NVDA,1,2024-04-19,Friday,abs_ret,0.08312281968001922
2024-04-18,Unemployment Insurance Weekly Claims Report,0.3,NVDA,1,2024-04-19,Friday,range_pct,0.1047756525923252
2024-04-18,Unemployment Insurance Weekly Claims Report,0.3,NVDA,1,2024-04-19,Friday,realized_vol,0.03855569227008731
2024-04-18,Unemployment Insurance Weekly Claims Report,0.3,NVDA,2,2024-04-22,Monday,ret,0.018053777208706823
2024-04-18,Unemployment Insurance Weekly Claims Report,0.3,NVDA,2,2024-04-22,Monday,abs_ret,0.018053777208706823
2024-04-18,Unemployment Insurance Weekly Claims Report,0.3,NVDA,2,2024-04-22,Monday,range_pct,0.046991037131882046
2024-04-18,Unemployment Insurance Weekly Claims Report,0.3,NVDA,2,2024-04-22,Monday,realized_vol,0.037647007120331956
2024-04-25,Gross Domestic Product,0.6,NVDA,0,2024-04-25,Thursday,ret,0.045966822844117905
2024-04-25,Gross Domestic Product,0.6,NVDA,0,2024-04-25,Thursday,abs_ret,0.045966822844117905
2024-04-25,Gross Domestic Product,0.6,NVDA,0,2024-04-25,Thursday,range_pct,0.06458148664049632
2024-04-25,Gross Domestic Product,0.6,NVDA,0,2024-04-25,Thursday,realized_vol,0.030249007385967384
2024-04-25,Gross Domestic Product,0.6,NVDA,1,2024-04-26,Friday,ret,0.04640343552427528
2024-04-25,Gross Domestic Product,0.6,NVDA,1,2024-04-26,Friday,abs_ret,0.04640343552427528
2024-04-25,Gross Domestic Product,0.6,NVDA,1,2024-04-26,Friday,range_pct,0.0589287844447095
2024-04-25,Gross Domestic Product,0.6,NVDA,1,2024-04-26,Friday,realized_vol,0.025297875815786908
2024-04-25,Gross Domestic Product,0.6,NVDA,2,2024-04-29,Monday,ret,0.001712328767123461
2024-04-25,Gross Domestic Product,0.6,NVDA,2,2024-04-29,Monday,abs_ret,0.001712328767123461
2024-04-25,Gross Domestic Product,0.6,NVDA,2,2024-04-29,Monday,range_pct,0.031050228310502272
2024-04-25,Gross Domestic Product,0.6,NVDA,2,2024-04-29,Monday,realized_vol,0.025826907228842892
2024-04-25,Unemployment Insurance Weekly Claims Report,0.3,NVDA,0,2024-04-25,Thursday,ret,0.045966822844117905
2024-04-25,Unemployment Insurance Weekly Claims Report,0.3,NVDA,0,2024-04-25,Thursday,abs_ret,0.045966822844117905
2024-04-25,Unemployment Insurance Weekly Claims Report,0.3,NVDA,0,2024-04-25,Thursday,range_pct,0.06458148664049632
2024-04-25,Unemployment Insurance Weekly Claims Report,0.3,NVDA,0,2024-04-25,Thursday,realized_vol,0.030249007385967384
2024-04-25,Unemployment Insurance Weekly Claims Report,0.3,NVDA,1,2024-04-26,Friday,ret,0.04640343552427528
2024-04-25,Unemployment Insurance Weekly Claims Report,0.3,NVDA,1,2024-04-26,Friday,abs_ret,0.04640343552427528
2024-04-25,Unemployment Insurance Weekly Claims Report,0.3,NVDA,1,2024-04-26,Friday,range_pct,0.0589287844447095
2024-04-25,Unemployment Insurance Weekly Claims Report,0.3,NVDA,1,2024-04-26,Friday,realized_vol,0.025297875815786908
2024-04-25,Unemployment Insurance Weekly Claims Report,0.3,NVDA,2,2024-04-29,Monday,ret,0.001712328767123461
2024-04-25,Unemployment Insurance Weekly Claims Report,0.3,NVDA,2,2024-04-29,Monday,abs_ret,0.001712328767123461
2024-04-25,Unemployment Insurance Weekly Claims Report,0.3,NVDA,2,2024-04-29,Monday,range_pct,0.031050228310502272
2024-04-25,Unemployment Insurance Weekly Claims Report,0.3,NVDA,2,2024-04-29,Monday,realized_vol,0.025826907228842892
2024-04-26,Personal Income and Outlays,1.0,NVDA,0,2024-04-26,Friday,ret,0.04640343552427528
2024-04-26,Personal Income and Outlays,1.0,NVDA,0,2024-04-26,Friday,abs_ret,0.04640343552427528
2024-04-26,Personal Income and Outlays,1.0,NVDA,0,2024-04-26,Friday,range_pct,0.0589287844447095
2024-04-26,Personal Income and Outlays,1.0,NVDA,0,2024-04-26,Friday,realized_vol,0.025297875815786908
2024-04-26,Personal Income and Outlays,1.0,NVDA,1,2024-04-29,Monday,ret,0.001712328767123461
2024-04-26,Personal Income and Outlays,1.0,NVDA,1,2024-04-29,Monday,abs_ret,0.001712328767123461
2024-04-26,Personal Income and Outlays,1.0,NVDA,1,2024-04-29,Monday,range_pct,0.031050228310502272
2024-04-26,Personal Income and Outlays,1.0,NVDA,1,2024-04-29,Monday,realized_vol,0.025826907228842892
2024-04-26,Personal Income and Outlays,1.0,NVDA,2,2024-04-30,Tuesday,ret,-0.009972489683631292
2024-04-26,Personal Income and Outlays,1.0,NVDA,2,2024-04-30,Tuesday,abs_ret,0.009972489683631292
2024-04-26,Personal Income and Outlays,1.0,NVDA,2,2024-04-30,Tuesday,range_pct,0.028885832187070106
2024-04-26,Personal Income and Outlays,1.0,NVDA,2,2024-04-30,Tuesday,realized_vol,0.021641828213293957
2024-05-02,Unemployment Insurance Weekly Claims Report,0.3,NVDA,0,2024-05-02,Thursday,ret,0.016583747927031434
2024-05-02,Unemployment Insurance Weekly Claims Report,0.3,NVDA,0,2024-05-02,Thursday,abs_ret,0.016583747927031434
2024-05-02,Unemployment Insurance Weekly Claims Report,0.3,NVDA,0,2024-05-02,Thursday,range_pct,0.03601042407012547
2024-05-02,Unemployment Insurance Weekly Claims Report,0.3,NVDA,0,2024-05-02,Thursday,realized_vol,0.025222620366241365
2024-05-02,Unemployment Insurance Weekly Claims Report,0.3,NVDA,1,2024-05-03,Friday,ret,0.011390818999886143
2024-05-02,Unemployment Insurance Weekly Claims Report,0.3,NVDA,1,2024-05-03,Friday,abs_ret,0.011390818999886143
2024-05-02,Unemployment Insurance Weekly Claims Report,0.3,NVDA,1,2024-05-03,Friday,range_pct,0.025515434559744785
2024-05-02,Unemployment Insurance Weekly Claims Report,0.3,NVDA,1,2024-05-03,Friday,realized_vol,0.018385844331978488
2024-05-02,Unemployment Insurance Weekly Claims Report,0.3,NVDA,2,2024-05-06,Monday,ret,0.030987806242309013
2024-05-02,Unemployment Insurance Weekly Claims Report,0.3,NVDA,2,2024-05-06,Monday,abs_ret,0.030987806242309013
2024-05-02,Unemployment Insurance Weekly Claims Report,0.3,NVDA,2,2024-05-06,Monday,range_pct,0.03535071037028747
2024-05-02,Unemployment Insurance Weekly Claims Report,0.3,NVDA,2,2024-05-06,Monday,realized_vol,0.014836236095721956
2024-05-03,Employment Situation,1.0,NVDA,0,2024-05-03,Friday,ret,0.011390818999886143
2024-05-03,Employment Situation,1.0,NVDA,0,2024-05-03,Friday,abs_ret,0.011390818999886143
2024-05-03,Employment Situation,1.0,NVDA,0,2024-05-03,Friday,range_pct,0.025515434559744785
2024-05-03,Employment Situation,1.0,NVDA,0,2024-05-03,Friday,realized_vol,0.018385844331978488
2024-05-03,Employment Situation,1.0,NVDA,1,2024-05-06,Monday,ret,0.030987806242309013
2024-05-03,Employment Situation,1.0,NVDA,1,2024-05-06,Monday,abs_ret,0.030987806242309013
2024-05-03,Employment Situation,1.0,NVDA,1,2024-05-06,Monday,range_pct,0.03535071037028747
2024-05-03,Employment Situation,1.0,NVDA,1,2024-05-06,Monday,realized_vol,0.014836236095721956
2024-05-03,Employment Situation,1.0,NVDA,2,2024-05-07,Tuesday,ret,-0.005928853754940677
2024-05-03,Employment Situation,1.0,NVDA,2,2024-05-07,Tuesday,abs_ret,0.005928853754940677
2024-05-03,Employment Situation,1.0,NVDA,2,2024-05-07,Tuesday,range_pct,0.03041282389108472
2024-05-03,Employment Situation,1.0,NVDA,2,2024-05-07,Tuesday,realized_vol,0.019446944356447757
2024-05-09,Unemployment Insurance Weekly Claims Report,0.3,NVDA,0,2024-05-09,Thursday,ret,-0.019991164126353045
2024-05-09,Unemployment Insurance Weekly Claims Report,0.3,NVDA,0,2024-05-09,Thursday,abs_ret,0.019991164126353045
2024-05-09,Unemployment Insurance Weekly Claims Report,0.3,NVDA,0,2024-05-09,Thursday,range_pct,0.031367351446874185
2024-05-09,Unemployment Insurance Weekly Claims Report,0.3,NVDA,0,2024-05-09,Thursday,realized_vol,0.020541318444545577
2024-05-09,Unemployment Insurance Weekly Claims Report,0.3,NVDA,1,2024-05-10,Friday,ret,-0.004540420819490576
2024-05-09,Unemployment Insurance Weekly Claims Report,0.3,NVDA,1,2024-05-10,Friday,abs_ret,0.004540420819490576
2024-05-09,Unemployment Insurance Weekly Claims Report,0.3,NVDA,1,2024-05-10,Friday,range_pct,0.024031007751938005
2024-05-09,Unemployment Insurance Weekly Claims Report,0.3,NVDA,1,2024-05-10,Friday,realized_vol,0.01645897142984778
2024-05-09,Unemployment Insurance Weekly Claims Report,0.3,NVDA,2,2024-05-13,Monday,ret,-0.0008841732979664174
2024-05-09,Unemployment Insurance Weekly Claims Report,0.3,NVDA,2,2024-05-13,Monday,abs_ret,0.0008841732979664174
2024-05-09,Unemployment Insurance Weekly Claims Report,0.3,NVDA,2,2024-05-13,Monday,range_pct,0.02729885057471263
2024-05-09,Unemployment Insurance Weekly Claims Report,0.3,NVDA,2,2024-05-13,Monday,realized_vol,0.01653706047541948
2024-05-14,Producer Price Index,0.6,NVDA,0,2024-05-14,Tuesday,ret,0.019979908471927654
2024-05-14,Producer Price Index,0.6,NVDA,0,2024-05-14,Tuesday,abs_ret,0.019979908471927654
2024-05-14,Producer Price Index,0.6,NVDA,0,2024-05-14,Tuesday,range_pct,0.0303605313092979
2024-05-14,Producer Price Index,0.6,NVDA,0,2024-05-14,Tuesday,realized_vol,0.01625209921386415
2024-05-14,Producer Price Index,0.6,NVDA,1,2024-05-15,Wednesday,ret,0.023683356764355956
2024-05-14,Producer Price Index,0.6,NVDA,1,2024-05-15,Wednesday,abs_ret,0.023683356764355956
2024-05-14,Producer Price Index,0.6,NVDA,1,2024-05-15,Wednesday,range_pct,0.035254677192603064
2024-05-14,Producer Price Index,0.6,NVDA,1,2024-05-15,Wednesday,realized_vol,0.013832141361684019
2024-05-14,Producer Price Index,0.6,NVDA,2,2024-05-16,Thursday,ret,-0.005689600674323003
2024-05-14,Producer Price Index,0.6,NVDA,2,2024-05-16,Thursday,abs_ret,0.005689600674323003
2024-05-14,Producer Price Index,0.6,NVDA,2,2024-05-16,Thursday,range_pct,0.018122431777473386
2024-05-14,Producer Price Index,0.6,NVDA,2,2024-05-16,Thursday,realized_vol,0.016470188469409203
2024-05-15,Consumer Price Index,1.0,NVDA,0,2024-05-15,Wednesday,ret,0.023683356764355956
2024-05-15,Consumer Price Index,1.0,NVDA,0,2024-05-15,Wednesday,abs_ret,0.023683356764355956
2024-05-15,Consumer Price Index,1.0,NVDA,0,2024-05-15,Wednesday,range_pct,0.035254677192603064
2024-05-15,Consumer Price Index,1.0,NVDA,0,2024-05-15,Wednesday,realized_vol,0.013832141361684019
2024-05-15,Consumer Price Index,1.0,NVDA,1,2024-05-16,Thursday,ret,-0.005689600674323003
2024-05-15,Consumer Price Index,1.0,NVDA,1,2024-05-16,Thursday,abs_ret,0.005689600674323003
2024-05-15,Consumer Price Index,1.0,NVDA,1,2024-05-16,Thursday,range_pct,0.018122431777473386
2024-05-15,Consumer Price Index,1.0,NVDA,1,2024-05-16,Thursday,realized_vol,0.016470188469409203
2024-05-15,Consumer Price Index,1.0,NVDA,2,2024-05-17,Friday,ret,-0.01992158524954979
2024-05-15,Consumer Price Index,1.0,NVDA,2,2024-05-17,Friday,abs_ret,0.01992158524954979
2024-05-15,Consumer Price Index,1.0,NVDA,2,2024-05-17,Friday,range_pct,0.031048002543181016
2024-05-15,Consumer Price Index,1.0,NVDA,2,2024-05-17,Friday,realized_vol,0.018039422055180963
2024-05-16,Unemployment Insurance Weekly Claims Report,0.3,NVDA,0,2024-05-16,Thursday,ret,-0.005689600674323003
2024-05-16,Unemployment Insurance Weekly Claims Report,0.3,NVDA,0,2024-05-16,Thursday,abs_ret,0.005689600674323003
2024-05-16,Unemployment Insurance Weekly Claims Report,0.3,NVDA,0,2024-05-16,Thursday,range_pct,0.018122431777473386
2024-05-16,Unemployment Insurance Weekly Claims Report,0.3,NVDA,0,2024-05-16,Thursday,realized_vol,0.016470188469409203
2024-05-16,Unemployment Insurance Weekly Claims Report,0.3,NVDA,1,2024-05-17,Friday,ret,-0.01992158524954979
2024-05-16,Unemployment Insurance Weekly Claims Report,0.3,NVDA,1,2024-05-17,Friday,abs_ret,0.01992158524954979
2024-05-16,Unemployment Insurance Weekly Claims Report,0.3,NVDA,1,2024-05-17,Friday,range_pct,0.031048002543181016
2024-05-16,Unemployment Insurance Weekly Claims Report,0.3,NVDA,1,2024-05-17,Friday,realized_vol,0.018039422055180963
2024-05-16,Unemployment Insurance Weekly Claims Report,0.3,NVDA,2,2024-05-20,Monday,ret,0.011519999999999975
2024-05-16,Unemployment Insurance Weekly Claims Report,0.3,NVDA,2,2024-05-20,Monday,abs_ret,0.011519999999999975
2024-05-16,Unemployment Insurance Weekly Claims Report,0.3,NVDA,2,2024-05-20,Monday,range_pct,0.01877333333333339
2024-05-16,Unemployment Insurance Weekly Claims Report,0.3,NVDA,2,2024-05-20,Monday,realized_vol,0.011128252693198339
2024-05-23,Unemployment Insurance Weekly Claims Report,0.3,NVDA,0,2024-05-23,Thursday,ret,0.01754385964912264
2024-05-23,Unemployment Insurance Weekly Claims Report,0.3,NVDA,0,2024-05-23,Thursday,abs_ret,0.01754385964912264
2024-05-23,Unemployment Insurance Weekly Claims Report,0.3,NVDA,0,2024-05-23,Thursday,range_pct,0.04704498676859744
2024-05-23,Unemployment Insurance Weekly Claims Report,0.3,NVDA,0,2024-05-23,Thursday,realized_vol,0.02751237893103481
2024-05-23,Unemployment Insurance Weekly Claims Report,0.3,NVDA,1,2024-05-24,Friday,ret,0.019052178075634307
2024-05-23,Unemployment Insurance Weekly Claims Report,0.3,NVDA,1,2024-05-24,Friday,abs_ret,0.019052178075634307
2024-05-23,Unemployment Insurance Weekly Claims Report,0.3,NVDA,1,2024-05-24,Friday,range_pct,0.033317376735280076
2024-05-23,Unemployment Insurance Weekly Claims Report,0.3,NVDA,1,2024-05-24,Friday,realized_vol,0.020115605068292856
2024-05-23,Unemployment Insurance Weekly Claims Report,0.3,NVDA,2,2024-05-28,Tuesday,ret,0.03366606170598896
2024-05-23,Unemployment Insurance Weekly Claims Report,0.3,NVDA,2,2024-05-28,Tuesday,abs_ret,0.03366606170598896
2024-05-23,Unemployment Insurance Weekly Claims Report,0.3,NVDA,2,2024-05-28,Tuesday,range_pct,0.045916515426497294
2024-05-23,Unemployment Insurance Weekly Claims Report,0.3,NVDA,2,2024-05-28,Tuesday,realized_vol,0.022734554478599685
2024-05-30,Gross Domestic Product,0.6,NVDA,0,2024-05-30,Thursday,ret,-0.03602267771478418
2024-05-30,Gross Domestic Product,0.6,NVDA,0,2024-05-30,Thursday,abs_ret,0.03602267771478418
2024-05-30,Gross Domestic Product,0.6,NVDA,0,2024-05-30,Thursday,range_pct,0.05372873964238985
2024-05-30,Gross Domestic Product,0.6,NVDA,0,2024-05-30,Thursday,realized_vol,0.02683379420314142
2024-05-30,Gross Domestic Product,0.6,NVDA,1,2024-05-31,Friday,ret,-0.02444444444444449
2024-05-30,Gross Domestic Product,0.6,NVDA,1,2024-05-31,Friday,abs_ret,0.02444444444444449
2024-05-30,Gross Domestic Product,0.6,NVDA,1,2024-05-31,Friday,range_pct,0.051377777777777786
2024-05-30,Gross Domestic Product,0.6,NVDA,1,2024-05-31,Friday,realized_vol,0.0306223662988235
2024-05-30,Gross Domestic Product,0.6,NVDA,2,2024-06-03,Monday,ret,0.012145748987854255
2024-05-30,Gross Domestic Product,0.6,NVDA,2,2024-06-03,Monday,abs_ret,0.012145748987854255
2024-05-30,Gross Domestic Product,0.6,NVDA,2,2024-06-03,Monday,range_pct,0.02640380214750924
2024-05-30,Gross Domestic Product,0.6,NVDA,2,2024-06-03,Monday,realized_vol,0.021930021847417436
2024-05-30,Unemployment Insurance Weekly Claims Report,0.3,NVDA,0,2024-05-30,Thursday,ret,-0.03602267771478418
2024-05-30,Unemployment Insurance Weekly Claims Report,0.3,NVDA,0,2024-05-30,Thursday,abs_ret,0.03602267771478418
2024-05-30,Unemployment Insurance Weekly Claims Report,0.3,NVDA,0,2024-05-30,Thursday,range_pct,0.05372873964238985
2024-05-30,Unemployment Insurance Weekly Claims Report,0.3,NVDA,0,2024-05-30,Thursday,realized_vol,0.02683379420314142
2024-05-30,Unemployment Insurance Weekly Claims Report,0.3,NVDA,1,2024-05-31,Friday,ret,-0.02444444444444449
2024-05-30,Unemployment Insurance Weekly Claims Report,0.3,NVDA,1,2024-05-31,Friday,abs_ret,0.02444444444444449
2024-05-30,Unemployment Insurance Weekly Claims Report,0.3,NVDA,1,2024-05-31,Friday,range_pct,0.051377777777777786
2024-05-30,Unemployment Insurance Weekly Claims Report,0.3,NVDA,1,2024-05-31,Friday,realized_vol,0.0306223662988235
2024-05-30,Unemployment Insurance Weekly Claims Report,0.3,NVDA,2,2024-06-03,Monday,ret,0.012145748987854255
2024-05-30,Unemployment Insurance Weekly Claims Report,0.3,NVDA,2,2024-06-03,Monday,abs_ret,0.012145748987854255
2024-05-30,Unemployment Insurance Weekly Claims Report,0.3,NVDA,2,2024-06-03,Monday,range_pct,0.02640380214750924
2024-05-30,Unemployment Insurance Weekly Claims Report,0.3,NVDA,2,2024-06-03,Monday,realized_vol,0.021930021847417436
2024-05-31,Personal Income and Outlays,1.0,NVDA,0,2024-05-31,Friday,ret,-0.02444444444444449
2024-05-31,Personal Income and Outlays,1.0,NVDA,0,2024-05-31,Friday,abs_ret,0.02444444444444449
2024-05-31,Personal Income and Outlays,1.0,NVDA,0,2024-05-31,Friday,range_pct,0.051377777777777786
2024-05-31,Personal Income and Outlays,1.0,NVDA,0,2024-05-31,Friday,realized_vol,0.0306223662988235
2024-05-31,Personal Income and Outlays,1.0,NVDA,1,2024-06-03,Monday,ret,0.012145748987854255
2024-05-31,Personal Income and Outlays,1.0,NVDA,1,2024-06-03,Monday,abs_ret,0.012145748987854255
2024-05-31,Personal Income and Outlays,1.0,NVDA,1,2024-06-03,Monday,range_pct,0.02640380214750924
2024-05-31,Personal Income and Outlays,1.0,NVDA,1,2024-06-03,Monday,realized_vol,0.021930021847417436
2024-05-31,Personal Income and Outlays,1.0,NVDA,2,2024-06-04,Tuesday,ret,0.006395851339671577
2024-05-31,Personal Income and Outlays,1.0,NVDA,2,2024-06-04,Tuesday,abs_ret,0.006395851339671577
2024-05-31,Personal Income and Outlays,1.0,NVDA,2,2024-06-04,Tuesday,range_pct,0.022039757994814148
2024-05-31,Personal Income and Outlays,1.0,NVDA,2,2024-06-04,Tuesday,realized_vol,0.015250183493700322
2024-06-06,Unemployment Insurance Weekly Claims Report,0.3,NVDA,0,2024-06-06,Thursday,ret,-0.025070536074163652
2024-06-06,Unemployment Insurance Weekly Claims Report,0.3,NVDA,0,2024-06-06,Thursday,abs_ret,0.025070536074163652
2024-06-06,Unemployment Insurance Weekly Claims Report,0.3,NVDA,0,2024-06-06,Thursday,range_pct,0.05860540104796461
2024-06-06,Unemployment Insurance Weekly Claims Report,0.3,NVDA,0,2024-06-06,Thursday,realized_vol,0.04285157578838555
2024-06-06,Unemployment Insurance Weekly Claims Report,0.3,NVDA,1,2024-06-07,Friday,ret,0.009015777610818843
2024-06-06,Unemployment Insurance Weekly Claims Report,0.3,NVDA,1,2024-06-07,Friday,abs_ret,0.009015777610818843
2024-06-06,Unemployment Insurance Weekly Claims Report,0.3,NVDA,1,2024-06-07,Friday,range_pct,0.030636947992319905
2024-06-06,Unemployment Insurance Weekly Claims Report,0.3,NVDA,1,2024-06-07,Friday,realized_vol,0.02198605472041112
2024-06-06,Unemployment Insurance Weekly Claims Report,0.3,NVDA,2,2024-06-10,Monday,ret,0.010801828001661962
2024-06-06,Unemployment Insurance Weekly Claims Report,0.3,NVDA,2,2024-06-10,Monday,abs_ret,0.010801828001661962
2024-06-06,Unemployment Insurance Weekly Claims Report,0.3,NVDA,2,2024-06-10,Monday,range_pct,0.05060240963855413
2024-06-06,Unemployment Insurance Weekly Claims Report,0.3,NVDA,2,2024-06-10,Monday,realized_vol,0.028429075233971587
2024-06-07,Employment Situation,1.0,NVDA,0,2024-06-07,Friday,ret,0.009015777610818843
2024-06-07,Employment Situation,1.0,NVDA,0,2024-06-07,Friday,abs_ret,0.009015777610818843
2024-06-07,Employment Situation,1.0,NVDA,0,2024-06-07,Friday,range_pct,0.030636947992319905
2024-06-07,Employment Situation,1.0,NVDA,0,2024-06-07,Friday,realized_vol,0.02198605472041112
2024-06-07,Employment Situation,1.0,NVDA,1,2024-06-10,Monday,ret,0.010801828001661962
2024-06-07,Employment Situation,1.0,NVDA,1,2024-06-10,Monday,abs_ret,0.010801828001661962
2024-06-07,Employment Situation,1.0,NVDA,1,2024-06-10,Monday,range_pct,0.05060240963855413
2024-06-07,Employment Situation,1.0,NVDA,1,2024-06-10,Monday,realized_vol,0.028429075233971587
2024-06-07,Employment Situation,1.0,NVDA,2,2024-06-11,Tuesday,ret,-0.0070624948673728705
2024-06-07,Employment Situation,1.0,NVDA,2,2024-06-11,Tuesday,abs_ret,0.0070624948673728705
2024-06-07,Employment Situation,1.0,NVDA,2,2024-06-11,Tuesday,range_pct,0.033916399770058385
2024-06-07,Employment Situation,1.0,NVDA,2,2024-06-11,Tuesday,realized_vol,0.023090781418870623
2024-06-12,Consumer Price Index,1.0,NVDA,0,2024-06-12,Wednesday,ret,0.017958719323907024
2024-06-12,Consumer Price Index,1.0,NVDA,0,2024-06-12,Wednesday,abs_ret,0.017958719323907024
2024-06-12,Consumer Price Index,1.0,NVDA,0,2024-06-12,Wednesday,range_pct,0.03502356574028931
2024-06-12,Consumer Price Index,1.0,NVDA,0,2024-06-12,Wednesday,realized_vol,0.023251117687581268
2024-06-12,Consumer Price Index,1.0,NVDA,1,2024-06-13,Thursday,ret,-0.00015457145065289613
2024-06-12,Consumer Price Index,1.0,NVDA,1,2024-06-13,Thursday,abs_ret,0.00015457145065289613
2024-06-12,Consumer Price Index,1.0,NVDA,1,2024-06-13,Thursday,range_pct,0.020403431486204614
2024-06-12,Consumer Price Index,1.0,NVDA,1,2024-06-13,Thursday,realized_vol,0.017963186351292747
2024-06-12,Consumer Price Index,1.0,NVDA,2,2024-06-14,Friday,ret,0.015543244075099993
2024-06-12,Consumer Price Index,1.0,NVDA,2,2024-06-14,Friday,abs_ret,0.015543244075099993
2024-06-12,Consumer Price Index,1.0,NVDA,2,2024-06-14,Friday,range_pct,0.03477993228685757
2024-06-12,Consumer Price Index,1.0,NVDA,2,2024-06-14,Friday,realized_vol,0.022136291790888666
2024-06-13,Producer Price Index,0.6,NVDA,0,2024-06-13,Thursday,ret,-0.00015457145065289613
2024-06-13,Producer Price Index,0.6,NVDA,0,2024-06-13,Thursday,abs_ret,0.00015457145065289613
2024-06-13,Producer Price Index,0.6,NVDA,0,2024-06-13,Thursday,range_pct,0.020403431486204614
2024-06-13,Producer Price Index,0.6,NVDA,0,2024-06-13,Thursday,realized_vol,0.017963186351292747
2024-06-13,Producer Price Index,0.6,NVDA,1,2024-06-14,Friday,ret,0.015543244075099993
2024-06-13,Producer Price Index,0.6,NVDA,1,2024-06-14,Friday,abs_ret,0.015543244075099993
2024-06-13,Producer Price Index,0.6,NVDA,1,2024-06-14,Friday,range_pct,0.03477993228685757
2024-06-13,Producer Price Index,0.6,NVDA,1,2024-06-14,Friday,realized_vol,0.022136291790888666
2024-06-13,Producer Price Index,0.6,NVDA,2,2024-06-17,Monday,ret,-0.013841871661776861
2024-06-13,Producer Price Index,0.6,NVDA,2,2024-06-17,Monday,abs_ret,0.013841871661776861
2024-06-13,Producer Price Index,0.6,NVDA,2,2024-06-17,Monday,range_pct,0.031219438802377018
2024-06-13,Producer Price Index,0.6,NVDA,2,2024-06-17,Monday,realized_vol,0.023809418204092585
2024-06-13,Unemployment Insurance Weekly Claims Report,0.3,NVDA,0,2024-06-13,Thursday,ret,-0.00015457145065289613
2024-06-13,Unemployment Insurance Weekly Claims Report,0.3,NVDA,0,2024-06-13,Thursday,abs_ret,0.00015457145065289613
2024-06-13,Unemployment Insurance Weekly Claims Report,0.3,NVDA,0,2024-06-13,Thursday,range_pct,0.020403431486204614
2024-06-13,Unemployment Insurance Weekly Claims Report,0.3,NVDA,0,2024-06-13,Thursday,realized_vol,0.017963186351292747
2024-06-13,Unemployment Insurance Weekly Claims Report,0.3,NVDA,1,2024-06-14,Friday,ret,0.015543244075099993
2024-06-13,Unemployment Insurance Weekly Claims Report,0.3,NVDA,1,2024-06-14,Friday,abs_ret,0.015543244075099993
2024-06-13,Unemployment Insurance Weekly Claims Report,0.3,NVDA,1,2024-06-14,Friday,range_pct,0.03477993228685757
2024-06-13,Unemployment Insurance Weekly Claims Report,0.3,NVDA,1,2024-06-14,Friday,realized_vol,0.022136291790888666
2024-06-13,Unemployment Insurance Weekly Claims Report,0.3,NVDA,2,2024-06-17,Monday,ret,-0.013841871661776861
2024-06-13,Unemployment Insurance Weekly Claims Report,0.3,NVDA,2,2024-06-17,Monday,abs_ret,0.013841871661776861
2024-06-13,Unemployment Insurance Weekly Claims Report,0.3,NVDA,2,2024-06-17,Monday,range_pct,0.031219438802377018
2024-06-13,Unemployment Insurance Weekly Claims Report,0.3,NVDA,2,2024-06-17,Monday,realized_vol,0.023809418204092585
2024-06-20,Unemployment Insurance Weekly Claims Report,0.3,NVDA,0,2024-06-20,Thursday,ret,-0.06494992846924186
2024-06-20,Unemployment Insurance Weekly Claims Report,0.3,NVDA,0,2024-06-20,Thursday,abs_ret,0.06494992846924186
2024-06-20,Unemployment Insurance Weekly Claims Report,0.3,NVDA,0,2024-06-20,Thursday,range_pct,0.08040057224606566
2024-06-20,Unemployment Insurance Weekly Claims Report,0.3,NVDA,0,2024-06-20,Thursday,realized_vol,0.040700785913809795
2024-06-20,Unemployment Insurance Weekly Claims Report,0.3,NVDA,1,2024-06-21,Friday,ret,-0.00039336008181889426
2024-06-20,Unemployment Insurance Weekly Claims Report,0.3,NVDA,1,2024-06-21,Friday,abs_ret,0.00039336008181889426
2024-06-20,Unemployment Insurance Weekly Claims Report,0.3,NVDA,1,2024-06-21,Friday,range_pct,0.04979938635827235
2024-06-20,Unemployment Insurance Weekly Claims Report,0.3,NVDA,1,2024-06-21,Friday,realized_vol,0.033777290303308755
2024-06-20,Unemployment Insurance Weekly Claims Report,0.3,NVDA,2,2024-06-24,Monday,ret,-0.042031807854592595
2024-06-20,Unemployment Insurance Weekly Claims Report,0.3,NVDA,2,2024-06-24,Monday,abs_ret,0.042031807854592595
2024-06-20,Unemployment Insurance Weekly Claims Report,0.3,NVDA,2,2024-06-24,Monday,range_pct,0.052093476144108954
2024-06-20,Unemployment Insurance Weekly Claims Report,0.3,NVDA,2,2024-06-24,Monday,realized_vol,0.04199875465619463
2024-06-27,Gross Domestic Product,0.6,NVDA,0,2024-06-27,Thursday,ret,-0.0008461600451286078
2024-06-27,Gross Domestic Product,0.6,NVDA,0,2024-06-27,Thursday,abs_ret,0.0008461600451286078
2024-06-27,Gross Domestic Product,0.6,NVDA,0,2024-06-27,Thursday,range_pct,0.028124748166653193
2024-06-27,Gross Domestic Product,0.6,NVDA,0,2024-06-27,Thursday,realized_vol,0.023398705658530732
2024-06-27,Gross Domestic Product,0.6,NVDA,1,2024-06-28,Friday,ret,-0.009312033394878405
2024-06-27,Gross Domestic Product,0.6,NVDA,1,2024-06-28,Friday,abs_ret,0.009312033394878405
2024-06-27,Gross Domestic Product,0.6,NVDA,1,2024-06-28,Friday,range_pct,0.03981697037810062
2024-06-27,Gross Domestic Product,0.6,NVDA,1,2024-06-28,Friday,realized_vol,0.027688869277337984
2024-06-27,Gross Domestic Product,0.6,NVDA,2,2024-07-01,Monday,ret,0.005506072874494006
2024-06-27,Gross Domestic Product,0.6,NVDA,2,2024-07-01,Monday,abs_ret,0.005506072874494006
2024-06-27,Gross Domestic Product,0.6,NVDA,2,2024-07-01,Monday,range_pct,0.048663967611336074
2024-06-27,Gross Domestic Product,0.6,NVDA,2,2024-07-01,Monday,realized_vol,0.032995255851607515
2024-06-27,Unemployment Insurance Weekly Claims Report,0.3,NVDA,0,2024-06-27,Thursday,ret,-0.0008461600451286078
2024-06-27,Unemployment Insurance Weekly Claims Report,0.3,NVDA,0,2024-06-27,Thursday,abs_ret,0.0008461600451286078
2024-06-27,Unemployment Insurance Weekly Claims Report,0.3,NVDA,0,2024-06-27,Thursday,range_pct,0.028124748166653193
2024-06-27,Unemployment Insurance Weekly Claims Report,0.3,NVDA,0,2024-06-27,Thursday,realized_vol,0.023398705658530732
2024-06-27,Unemployment Insurance Weekly Claims Report,0.3,NVDA,1,2024-06-28,Friday,ret,-0.009312033394878405
2024-06-27,Unemployment Insurance Weekly Claims Report,0.3,NVDA,1,2024-06-28,Friday,abs_ret,0.009312033394878405
2024-06-27,Unemployment Insurance Weekly Claims Report,0.3,NVDA,1,2024-06-28,Friday,range_pct,0.03981697037810062
2024-06-27,Unemployment Insurance Weekly Claims Report,0.3,NVDA,1,2024-06-28,Friday,realized_vol,0.027688869277337984
2024-06-27,Unemployment Insurance Weekly Claims Report,0.3,NVDA,2,2024-07-01,Monday,ret,0.005506072874494006
2024-06-27,Unemployment Insurance Weekly Claims Report,0.3,NVDA,2,2024-07-01,Monday,abs_ret,0.005506072874494006
2024-06-27,Unemployment Insurance Weekly Claims Report,0.3,NVDA,2,2024-07-01,Monday,range_pct,0.048663967611336074
2024-06-27,Unemployment Insurance Weekly Claims Report,0.3,NVDA,2,2024-07-01,Monday,realized_vol,0.032995255851607515
2024-06-28,Personal Income and Outlays,1.0,NVDA,0,2024-06-28,Friday,ret,-0.009312033394878405
2024-06-28,Personal Income and Outlays,1.0,NVDA,0,2024-06-28,Friday,abs_ret,0.009312033394878405
2024-06-28,Personal Income and Outlays,1.0,NVDA,0,2024-06-28,Friday,range_pct,0.03981697037810062
2024-06-28,Personal Income and Outlays,1.0,NVDA,0,2024-06-28,Friday,realized_vol,0.027688869277337984
2024-06-28,Personal Income and Outlays,1.0,NVDA,1,2024-07-01,Monday,ret,0.005506072874494006
2024-06-28,Personal Income and Outlays,1.0,NVDA,1,2024-07-01,Monday,abs_ret,0.005506072874494006
2024-06-28,Personal Income and Outlays,1.0,NVDA,1,2024-07-01,Monday,range_pct,0.048663967611336074
2024-06-28,Personal Income and Outlays,1.0,NVDA,1,2024-07-01,Monday,realized_vol,0.032995255851607515
2024-06-28,Personal Income and Outlays,1.0,NVDA,2,2024-07-02,Tuesday,ret,0.012798282553050822
2024-06-28,Personal Income and Outlays,1.0,NVDA,2,2024-07-02,Tuesday,abs_ret,0.012798282553050822
2024-06-28,Personal Income and Outlays,1.0,NVDA,2,2024-07-02,Tuesday,range_pct,0.019651556436297544
2024-06-28,Personal Income and Outlays,1.0,NVDA,2,2024-07-02,Tuesday,realized_vol,0.01866212783816109
2024-07-03,Unemployment Insurance Weekly Claims Report,0.3,NVDA,0,2024-07-03,Wednesday,ret,0.04726286371855992
2024-07-03,Unemployment Insurance Weekly Claims Report,0.3,NVDA,0,2024-07-03,Wednesday,abs_ret,0.04726286371855992
2024-07-03,Unemployment Insurance Weekly Claims Report,0.3,NVDA,0,2024-07-03,Wednesday,range_pct,0.06024987670557289
2024-07-03,Unemployment Insurance Weekly Claims Report,0.3,NVDA,0,2024-07-03,Wednesday,realized_vol,0.022629836463113458
2024-07-03,Unemployment Insurance Weekly Claims Report,0.3,NVDA,1,2024-07-05,Friday,ret,-0.011704634721131146
2024-07-03,Unemployment Insurance Weekly Claims Report,0.3,NVDA,1,2024-07-05,Friday,abs_ret,0.011704634721131146
2024-07-03,Unemployment Insurance Weekly Claims Report,0.3,NVDA,1,2024-07-05,Friday,range_pct,0.02490180675569511
2024-07-03,Unemployment Insurance Weekly Claims Report,0.3,NVDA,1,2024-07-05,Friday,realized_vol,0.01813741924692652
2024-07-03,Unemployment Insurance Weekly Claims Report,0.3,NVDA,2,2024-07-08,Monday,ret,0.00549062671582079
2024-07-03,Unemployment Insurance Weekly Claims Report,0.3,NVDA,2,2024-07-08,Monday,abs_ret,0.00549062671582079
2024-07-03,Unemployment Insurance Weekly Claims Report,0.3,NVDA,2,2024-07-08,Monday,range_pct,0.029257196642873982
2024-07-03,Unemployment Insurance Weekly Claims Report,0.3,NVDA,2,2024-07-08,Monday,realized_vol,0.021186355325741653
2024-07-05,Employment Situation,1.0,NVDA,0,2024-07-05,Friday,ret,-0.011704634721131146
2024-07-05,Employment Situation,1.0,NVDA,0,2024-07-05,Friday,abs_ret,0.011704634721131146
2024-07-05,Employment Situation,1.0,NVDA,0,2024-07-05,Friday,range_pct,0.02490180675569511
2024-07-05,Employment Situation,1.0,NVDA,0,2024-07-05,Friday,realized_vol,0.01813741924692652
2024-07-05,Employment Situation,1.0,NVDA,1,2024-07-08,Monday,ret,0.00549062671582079
2024-07-05,Employment Situation,1.0,NVDA,1,2024-07-08,Monday,abs_ret,0.00549062671582079
2024-07-05,Employment Situation,1.0,NVDA,1,2024-07-08,Monday,range_pct,0.029257196642873982
2024-07-05,Employment Situation,1.0,NVDA,1,2024-07-08,Monday,realized_vol,0.021186355325741653
2024-07-05,Employment Situation,1.0,NVDA,2,2024-07-09,Tuesday,ret,0.008054617980975731
2024-07-05,Employment Situation,1.0,NVDA,2,2024-07-09,Tuesday,abs_ret,0.008054617980975731
2024-07-05,Employment Situation,1.0,NVDA,2,2024-07-09,Tuesday,range_pct,0.03965940472537578
2024-07-05,Employment Situation,1.0,NVDA,2,2024-07-09,Tuesday,realized_vol,0.023628450439628027
2024-07-11,Consumer Price Index,1.0,NVDA,0,2024-07-11,Thursday,ret,-0.06148295412708937
2024-07-11,Consumer Price Index,1.0,NVDA,0,2024-07-11,Thursday,abs_ret,0.06148295412708937
2024-07-11,Consumer Price Index,1.0,NVDA,0,2024-07-11,Thursday,range_pct,0.06700537515646866
2024-07-11,Consumer Price Index,1.0,NVDA,0,2024-07-11,Thursday,realized_vol,0.03470549208846878
2024-07-11,Consumer Price Index,1.0,NVDA,1,2024-07-12,Friday,ret,0.007016449676463532
2024-07-11,Consumer Price Index,1.0,NVDA,1,2024-07-12,Friday,abs_ret,0.007016449676463532
2024-07-11,Consumer Price Index,1.0,NVDA,1,2024-07-12,Friday,range_pct,0.036641459421532616
2024-07-11,Consumer Price Index,1.0,NVDA,1,2024-07-12,Friday,realized_vol,0.025474260455100265
2024-07-11,Consumer Price Index,1.0,NVDA,2,2024-07-15,Monday,ret,-0.016842749961721193
2024-07-11,Consumer Price Index,1.0,NVDA,2,2024-07-15,Monday,abs_ret,0.016842749961721193
2024-07-11,Consumer Price Index,1.0,NVDA,2,2024-07-15,Monday,range_pct,0.03223089879038416
2024-07-11,Consumer Price Index,1.0,NVDA,2,2024-07-15,Monday,realized_vol,0.022779619830561336
2024-07-11,Unemployment Insurance Weekly Claims Report,0.3,NVDA,0,2024-07-11,Thursday,ret,-0.06148295412708937
2024-07-11,Unemployment Insurance Weekly Claims Report,0.3,NVDA,0,2024-07-11,Thursday,abs_ret,0.06148295412708937
2024-07-11,Unemployment Insurance Weekly Claims Report,0.3,NVDA,0,2024-07-11,Thursday,range_pct,0.06700537515646866
2024-07-11,Unemployment Insurance Weekly Claims Report,0.3,NVDA,0,2024-07-11,Thursday,realized_vol,0.03470549208846878
2024-07-11,Unemployment Insurance Weekly Claims Report,0.3,NVDA,1,2024-07-12,Friday,ret,0.007016449676463532
2024-07-11,Unemployment Insurance Weekly Claims Report,0.3,NVDA,1,2024-07-12,Friday,abs_ret,0.007016449676463532
2024-07-11,Unemployment Insurance Weekly Claims Report,0.3,NVDA,1,2024-07-12,Friday,range_pct,0.036641459421532616
2024-07-11,Unemployment Insurance Weekly Claims Report,0.3,NVDA,1,2024-07-12,Friday,realized_vol,0.025474260455100265
2024-07-11,Unemployment Insurance Weekly Claims Report,0.3,NVDA,2,2024-07-15,Monday,ret,-0.016842749961721193
2024-07-11,Unemployment Insurance Weekly Claims Report,0.3,NVDA,2,2024-07-15,Monday,abs_ret,0.016842749961721193
2024-07-11,Unemployment Insurance Weekly Claims Report,0.3,NVDA,2,2024-07-15,Monday,range_pct,0.03223089879038416
2024-07-11,Unemployment Insurance Weekly Claims Report,0.3,NVDA,2,2024-07-15,Monday,realized_vol,0.022779619830561336
2024-07-12,Producer Price Index,0.6,NVDA,0,2024-07-12,Friday,ret,0.007016449676463532
2024-07-12,Producer Price Index,0.6,NVDA,0,2024-07-12,Friday,abs_ret,0.007016449676463532
2024-07-12,Producer Price Index,0.6,NVDA,0,2024-07-12,Friday,range_pct,0.036641459421532616
2024-07-12,Producer Price Index,0.6,NVDA,0,2024-07-12,Friday,realized_vol,0.025474260455100265
2024-07-12,Producer Price Index,0.6,NVDA,1,2024-07-15,Monday,ret,-0.016842749961721193
2024-07-12,Producer Price Index,0.6,NVDA,1,2024-07-15,Monday,abs_ret,0.016842749961721193
2024-07-12,Producer Price Index,0.6,NVDA,1,2024-07-15,Monday,range_pct,0.03223089879038416
2024-07-12,Producer Price Index,0.6,NVDA,1,2024-07-15,Monday,realized_vol,0.022779619830561336
2024-07-12,Producer Price Index,0.6,NVDA,2,2024-07-16,Tuesday,ret,-0.016544690127686112
2024-07-12,Producer Price Index,0.6,NVDA,2,2024-07-16,Tuesday,abs_ret,0.016544690127686112
2024-07-12,Producer Price Index,0.6,NVDA,2,2024-07-16,Tuesday,range_pct,0.034724384926814025
2024-07-12,Producer Price Index,0.6,NVDA,2,2024-07-16,Tuesday,realized_vol,0.025827737703257102
2024-07-18,Unemployment Insurance Weekly Claims Report,0.3,NVDA,0,2024-07-18,Thursday,ret,-0.006399212404627153
2024-07-18,Unemployment Insurance Weekly Claims Report,0.3,NVDA,0,2024-07-18,Thursday,abs_ret,0.006399212404627153
2024-07-18,Unemployment Insurance Weekly Claims Report,0.3,NVDA,0,2024-07-18,Thursday,range_pct,0.04791205185002874
2024-07-18,Unemployment Insurance Weekly Claims Report,0.3,NVDA,0,2024-07-18,Thursday,realized_vol,0.04009213262828016
2024-07-18,Unemployment Insurance Weekly Claims Report,0.3,NVDA,1,2024-07-19,Friday,ret,-0.01960947237224764
2024-07-18,Unemployment Insurance Weekly Claims Report,0.3,NVDA,1,2024-07-19,Friday,abs_ret,0.01960947237224764
2024-07-18,Unemployment Insurance Weekly Claims Report,0.3,NVDA,1,2024-07-19,Friday,range_pct,0.035147486497714917
2024-07-18,Unemployment Insurance Weekly Claims Report,0.3,NVDA,1,2024-07-19,Friday,realized_vol,0.024293838850967385
2024-07-18,Unemployment Insurance Weekly Claims Report,0.3,NVDA,2,2024-07-22,Monday,ret,0.028167843788948987
2024-07-18,Unemployment Insurance Weekly Claims Report,0.3,NVDA,2,2024-07-22,Monday,abs_ret,0.028167843788948987
2024-07-18,Unemployment Insurance Weekly Claims Report,0.3,NVDA,2,2024-07-22,Monday,range_pct,0.034981304528458615
2024-07-18,Unemployment Insurance Weekly Claims Report,0.3,NVDA,2,2024-07-22,Monday,realized_vol,0.025305195621109982
2024-07-25,Gross Domestic Product,0.6,NVDA,0,2024-07-25,Thursday,ret,-0.006456177589103995
2024-07-25,Gross Domestic Product,0.6,NVDA,0,2024-07-25,Thursday,abs_ret,0.006456177589103995
2024-07-25,Gross Domestic Product,0.6,NVDA,0,2024-07-25,Thursday,range_pct,0.09135933492526753
2024-07-25,Gross Domestic Product,0.6,NVDA,0,2024-07-25,Thursday,realized_vol,0.051367077057372215
2024-07-25,Gross Domestic Product,0.6,NVDA,1,2024-07-26,Friday,ret,-0.02685488035806516
2024-07-25,Gross Domestic Product,0.6,NVDA,1,2024-07-26,Friday,abs_ret,0.02685488035806516
2024-07-25,Gross Domestic Product,0.6,NVDA,1,2024-07-26,Friday,range_pct,0.039765880530211774
2024-07-25,Gross Domestic Product,0.6,NVDA,1,2024-07-26,Friday,realized_vol,0.03264171310126908
2024-07-25,Gross Domestic Product,0.6,NVDA,2,2024-07-29,Monday,ret,-0.018823115489489006
2024-07-25,Gross Domestic Product,0.6,NVDA,2,2024-07-29,Monday,abs_ret,0.018823115489489006
2024-07-25,Gross Domestic Product,0.6,NVDA,2,2024-07-29,Monday,range_pct,0.04380332483067995
2024-07-25,Gross Domestic Product,0.6,NVDA,2,2024-07-29,Monday,realized_vol,0.02577482440814108
2024-07-25,Unemployment Insurance Weekly Claims Report,0.3,NVDA,0,2024-07-25,Thursday,ret,-0.006456177589103995
2024-07-25,Unemployment Insurance Weekly Claims Report,0.3,NVDA,0,2024-07-25,Thursday,abs_ret,0.006456177589103995
2024-07-25,Unemployment Insurance Weekly Claims Report,0.3,NVDA,0,2024-07-25,Thursday,range_pct,0.09135933492526753
2024-07-25,Unemployment Insurance Weekly Claims Report,0.3,NVDA,0,2024-07-25,Thursday,realized_vol,0.051367077057372215
2024-07-25,Unemployment Insurance Weekly Claims Report,0.3,NVDA,1,2024-07-26,Friday,ret,-0.02685488035806516
2024-07-25,Unemployment Insurance Weekly Claims Report,0.3,NVDA,1,2024-07-26,Friday,abs_ret,0.02685488035806516
2024-07-25,Unemployment Insurance Weekly Claims Report,0.3,NVDA,1,2024-07-26,Friday,range_pct,0.039765880530211774
2024-07-25,Unemployment Insurance Weekly Claims Report,0.3,NVDA,1,2024-07-26,Friday,realized_vol,0.03264171310126908
2024-07-25,Unemployment Insurance Weekly Claims Report,0.3,NVDA,2,2024-07-29,Monday,ret,-0.018823115489489006
2024-07-25,Unemployment Insurance Weekly Claims Report,0.3,NVDA,2,2024-07-29,Monday,abs_ret,0.018823115489489006
2024-07-25,Unemployment Insurance Weekly Claims Report,0.3,NVDA,2,2024-07-29,Monday,range_pct,0.04380332483067995
2024-07-25,Unemployment Insurance Weekly Claims Report,0.3,NVDA,2,2024-07-29,Monday,realized_vol,0.02577482440814108
2024-07-26,Personal Income and Outlays,1.0,NVDA,0,2024-07-26,Friday,ret,-0.02685488035806516
2024-07-26,Personal Income and Outlays,1.0,NVDA,0,2024-07-26,Friday,abs_ret,0.02685488035806516
2024-07-26,Personal Income and Outlays,1.0,NVDA,0,2024-07-26,Friday,range_pct,0.039765880530211774
2024-07-26,Personal Income and Outlays,1.0,NVDA,0,2024-07-26,Friday,realized_vol,0.03264171310126908
2024-07-26,Personal Income and Outlays,1.0,NVDA,1,2024-07-29,Monday,ret,-0.018823115489489006
2024-07-26,Personal Income and Outlays,1.0,NVDA,1,2024-07-29,Monday,abs_ret,0.018823115489489006
2024-07-26,Personal Income and Outlays,1.0,NVDA,1,2024-07-29,Monday,range_pct,0.04380332483067995
2024-07-26,Personal Income and Outlays,1.0,NVDA,1,2024-07-29,Monday,realized_vol,0.02577482440814108
2024-07-26,Personal Income and Outlays,1.0,NVDA,2,2024-07-30,Tuesday,ret,-0.07003228120516503
2024-07-26,Personal Income and Outlays,1.0,NVDA,2,2024-07-30,Tuesday,abs_ret,0.07003228120516503
2024-07-26,Personal Income and Outlays,1.0,NVDA,2,2024-07-30,Tuesday,range_pct,0.08473816355810607
2024-07-26,Personal Income and Outlays,1.0,NVDA,2,2024-07-30,Tuesday,realized_vol,0.0413372541555515
2024-08-01,Unemployment Insurance Weekly Claims Report,0.3,NVDA,0,2024-08-01,Thursday,ret,-0.06960517358747442
2024-08-01,Unemployment Insurance Weekly Claims Report,0.3,NVDA,0,2024-08-01,Thursday,abs_ret,0.06960517358747442
2024-08-01,Unemployment Insurance Weekly Claims Report,0.3,NVDA,0,2024-08-01,Thursday,range_pct,0.11359428182437029
2024-08-01,Unemployment Insurance Weekly Claims Report,0.3,NVDA,0,2024-08-01,Thursday,realized_vol,0.04631767399082093
2024-08-01,Unemployment Insurance Weekly Claims Report,0.3,NVDA,1,2024-08-02,Friday,ret,0.03392444101773329
2024-08-01,Unemployment Insurance Weekly Claims Report,0.3,NVDA,1,2024-08-02,Friday,abs_ret,0.03392444101773329
2024-08-01,Unemployment Insurance Weekly Claims Report,0.3,NVDA,1,2024-08-02,Friday,range_pct,0.07083654587509632
2024-08-01,Unemployment Insurance Weekly Claims Report,0.3,NVDA,1,2024-08-02,Friday,realized_vol,0.061794028894465045
2024-08-01,Unemployment Insurance Weekly Claims Report,0.3,NVDA,2,2024-08-05,Monday,ret,0.09217240256215398
2024-08-01,Unemployment Insurance Weekly Claims Report,0.3,NVDA,2,2024-08-05,Monday,abs_ret,0.09217240256215398
2024-08-01,Unemployment Insurance Weekly Claims Report,0.3,NVDA,2,2024-08-05,Monday,range_pct,0.13809575507545324
2024-08-01,Unemployment Insurance Weekly Claims Report,0.3,NVDA,2,2024-08-05,Monday,realized_vol,0.0729270070586901
2024-08-02,Employment Situation,1.0,NVDA,0,2024-08-02,Friday,ret,0.03392444101773329
2024-08-02,Employment Situation,1.0,NVDA,0,2024-08-02,Friday,abs_ret,0.03392444101773329
2024-08-02,Employment Situation,1.0,NVDA,0,2024-08-02,Friday,range_pct,0.07083654587509632
2024-08-02,Employment Situation,1.0,NVDA,0,2024-08-02,Friday,realized_vol,0.061794028894465045
2024-08-02,Employment Situation,1.0,NVDA,1,2024-08-05,Monday,ret,0.09217240256215398
2024-08-02,Employment Situation,1.0,NVDA,1,2024-08-05,Monday,abs_ret,0.09217240256215398
2024-08-02,Employment Situation,1.0,NVDA,1,2024-08-05,Monday,range_pct,0.13809575507545324
2024-08-02,Employment Situation,1.0,NVDA,1,2024-08-05,Monday,realized_vol,0.0729270070586901
2024-08-02,Employment Situation,1.0,NVDA,2,2024-08-06,Tuesday,ret,0.0016371340523884115
2024-08-02,Employment Situation,1.0,NVDA,2,2024-08-06,Tuesday,abs_ret,0.0016371340523884115
2024-08-02,Employment Situation,1.0,NVDA,2,2024-08-06,Tuesday,range_pct,0.06895223420647147
2024-08-02,Employment Situation,1.0,NVDA,2,2024-08-06,Tuesday,realized_vol,0.040848501046197784
2024-08-08,Unemployment Insurance Weekly Claims Report,0.3,NVDA,0,2024-08-08,Thursday,ret,0.031568627450980324
2024-08-08,Unemployment Insurance Weekly Claims Report,0.3,NVDA,0,2024-08-08,Thursday,abs_ret,0.031568627450980324
2024-08-08,Unemployment Insurance Weekly Claims Report,0.3,NVDA,0,2024-08-08,Thursday,range_pct,0.0782352941176471
2024-08-08,Unemployment Insurance Weekly Claims Report,0.3,NVDA,0,2024-08-08,Thursday,realized_vol,0.04052286612232548
2024-08-08,Unemployment Insurance Weekly Claims Report,0.3,NVDA,1,2024-08-09,Friday,ret,-0.008803483528966316
2024-08-08,Unemployment Insurance Weekly Claims Report,0.3,NVDA,1,2024-08-09,Friday,abs_ret,0.008803483528966316
2024-08-08,Unemployment Insurance Weekly Claims Report,0.3,NVDA,1,2024-08-09,Friday,range_pct,0.030007572889057057
2024-08-08,Unemployment Insurance Weekly Claims Report,0.3,NVDA,1,2024-08-09,Friday,realized_vol,0.0328001181529782
2024-08-08,Unemployment Insurance Weekly Claims Report,0.3,NVDA,2,2024-08-12,Monday,ret,0.026350639578630597
2024-08-08,Unemployment Insurance Weekly Claims Report,0.3,NVDA,2,2024-08-12,Monday,abs_ret,0.026350639578630597
2024-08-08,Unemployment Insurance Weekly Claims Report,0.3,NVDA,2,2024-08-12,Monday,range_pct,0.0452407825432655
2024-08-08,Unemployment Insurance Weekly Claims Report,0.3,NVDA,2,2024-08-12,Monday,realized_vol,0.034765164527151025
2024-08-13,Producer Price Index,0.6,NVDA,0,2024-08-13,Tuesday,ret,0.033173247954464635
2024-08-13,Producer Price Index,0.6,NVDA,0,2024-08-13,Tuesday,abs_ret,0.033173247954464635
2024-08-13,Producer Price Index,0.6,NVDA,0,2024-08-13,Tuesday,range_pct,0.04135538954108863
2024-08-13,Producer Price Index,0.6,NVDA,0,2024-08-13,Tuesday,realized_vol,0.017973070237213486
2024-08-13,Producer Price Index,0.6,NVDA,1,2024-08-14,Wednesday,ret,-0.004472573839662486
2024-08-13,Producer Price Index,0.6,NVDA,1,2024-08-14,Wednesday,abs_ret,0.004472573839662486
2024-08-13,Producer Price Index,0.6,NVDA,1,2024-08-14,Wednesday,range_pct,0.03822784810126583
2024-08-13,Producer Price Index,0.6,NVDA,1,2024-08-14,Wednesday,realized_vol,0.03438570100177199
2024-08-13,Producer Price Index,0.6,NVDA,2,2024-08-15,Thursday,ret,0.035556772237196776
2024-08-13,Producer Price Index,0.6,NVDA,2,2024-08-15,Thursday,abs_ret,0.035556772237196776
2024-08-13,Producer Price Index,0.6,NVDA,2,2024-08-15,Thursday,range_pct,0.04860175202156331
2024-08-13,Producer Price Index,0.6,NVDA,2,2024-08-15,Thursday,realized_vol,0.01825254470070343
2024-08-14,Consumer Price Index,1.0,NVDA,0,2024-08-14,Wednesday,ret,-0.004472573839662486
2024-08-14,Consumer Price Index,1.0,NVDA,0,2024-08-14,Wednesday,abs_ret,0.004472573839662486
2024-08-14,Consumer Price Index,1.0,NVDA,0,2024-08-14,Wednesday,range_pct,0.03822784810126583
2024-08-14,Consumer Price Index,1.0,NVDA,0,2024-08-14,Wednesday,realized_vol,0.03438570100177199
2024-08-14,Consumer Price Index,1.0,NVDA,1,2024-08-15,Thursday,ret,0.035556772237196776
2024-08-14,Consumer Price Index,1.0,NVDA,1,2024-08-15,Thursday,abs_ret,0.035556772237196776
2024-08-14,Consumer Price Index,1.0,NVDA,1,2024-08-15,Thursday,range_pct,0.04860175202156331
2024-08-14,Consumer Price Index,1.0,NVDA,1,2024-08-15,Thursday,realized_vol,0.01825254470070343
2024-08-14,Consumer Price Index,1.0,NVDA,2,2024-08-16,Friday,ret,0.021649991799245427
2024-08-14,Consumer Price Index,1.0,NVDA,2,2024-08-16,Friday,abs_ret,0.021649991799245427
2024-08-14,Consumer Price Index,1.0,NVDA,2,2024-08-16,Friday,range_pct,0.03132688207315067
2024-08-14,Consumer Price Index,1.0,NVDA,2,2024-08-16,Friday,realized_vol,0.02067918679908682
2024-08-15,Unemployment Insurance Weekly Claims Report,0.3,NVDA,0,2024-08-15,Thursday,ret,0.035556772237196776
2024-08-15,Unemployment Insurance Weekly Claims Report,0.3,NVDA,0,2024-08-15,Thursday,abs_ret,0.035556772237196776
2024-08-15,Unemployment Insurance Weekly Claims Report,0.3,NVDA,0,2024-08-15,Thursday,range_pct,0.04860175202156331
2024-08-15,Unemployment Insurance Weekly Claims Report,0.3,NVDA,0,2024-08-15,Thursday,realized_vol,0.01825254470070343
2024-08-15,Unemployment Insurance Weekly Claims Report,0.3,NVDA,1,2024-08-16,Friday,ret,0.021649991799245427
2024-08-15,Unemployment Insurance Weekly Claims Report,0.3,NVDA,1,2024-08-16,Friday,abs_ret,0.021649991799245427
2024-08-15,Unemployment Insurance Weekly Claims Report,0.3,NVDA,1,2024-08-16,Friday,range_pct,0.03132688207315067
2024-08-15,Unemployment Insurance Weekly Claims Report,0.3,NVDA,1,2024-08-16,Friday,realized_vol,0.02067918679908682
2024-08-15,Unemployment Insurance Weekly Claims Report,0.3,NVDA,2,2024-08-19,Monday,ret,0.045776347546259144
2024-08-15,Unemployment Insurance Weekly Claims Report,0.3,NVDA,2,2024-08-19,Monday,abs_ret,0.045776347546259144
2024-08-15,Unemployment Insurance Weekly Claims Report,0.3,NVDA,2,2024-08-19,Monday,range_pct,0.05293644408688655
2024-08-15,Unemployment Insurance Weekly Claims Report,0.3,NVDA,2,2024-08-19,Monday,realized_vol,0.021480185384385325
2024-08-21,Employment Situation,1.0,NVDA,0,2024-08-21,Wednesday,ret,0.00903377847604081
2024-08-21,Employment Situation,1.0,NVDA,0,2024-08-21,Wednesday,abs_ret,0.00903377847604081
2024-08-21,Employment Situation,1.0,NVDA,0,2024-08-21,Wednesday,range_pct,0.021131186174391185
2024-08-21,Employment Situation,1.0,NVDA,0,2024-08-21,Wednesday,realized_vol,0.0193285290608158
2024-08-21,Employment Situation,1.0,NVDA,1,2024-08-22,Thursday,ret,-0.04775453706551824
2024-08-21,Employment Situation,1.0,NVDA,1,2024-08-22,Thursday,abs_ret,0.04775453706551824
2024-08-21,Employment Situation,1.0,NVDA,1,2024-08-22,Thursday,range_pct,0.058828052906797955
2024-08-21,Employment Situation,1.0,NVDA,1,2024-08-22,Thursday,realized_vol,0.029713880683091567
2024-08-21,Employment Situation,1.0,NVDA,2,2024-08-23,Friday,ret,0.027254668255860315
2024-08-21,Employment Situation,1.0,NVDA,2,2024-08-23,Friday,abs_ret,0.027254668255860315
2024-08-21,Employment Situation,1.0,NVDA,2,2024-08-23,Friday,range_pct,0.03480333730631701
2024-08-21,Employment Situation,1.0,NVDA,2,2024-08-23,Friday,realized_vol,0.02662700060116931
2024-08-22,Unemployment Insurance Weekly Claims Report,0.3,NVDA,0,2024-08-22,Thursday,ret,-0.04775453706551824
2024-08-22,Unemployment Insurance Weekly Claims Report,0.3,NVDA,0,2024-08-22,Thursday,abs_ret,0.04775453706551824
2024-08-22,Unemployment Insurance Weekly Claims Report,0.3,NVDA,0,2024-08-22,Thursday,range_pct,0.058828052906797955
2024-08-22,Unemployment Insurance Weekly Claims Report,0.3,NVDA,0,2024-08-22,Thursday,realized_vol,0.029713880683091567
2024-08-22,Unemployment Insurance Weekly Claims Report,0.3,NVDA,1,2024-08-23,Friday,ret,0.027254668255860315
2024-08-22,Unemployment Insurance Weekly Claims Report,0.3,NVDA,1,2024-08-23,Friday,abs_ret,0.027254668255860315
2024-08-22,Unemployment Insurance Weekly Claims Report,0.3,NVDA,1,2024-08-23,Friday,range_pct,0.03480333730631701
2024-08-22,Unemployment Insurance Weekly Claims Report,0.3,NVDA,1,2024-08-23,Friday,realized_vol,0.02662700060116931
2024-08-22,Unemployment Insurance Weekly Claims Report,0.3,NVDA,2,2024-08-26,Monday,ret,-0.023927138005557347
2024-08-22,Unemployment Insurance Weekly Claims Report,0.3,NVDA,2,2024-08-26,Monday,abs_ret,0.023927138005557347
2024-08-22,Unemployment Insurance Weekly Claims Report,0.3,NVDA,2,2024-08-26,Monday,range_pct,0.0531799938252546
2024-08-22,Unemployment Insurance Weekly Claims Report,0.3,NVDA,2,2024-08-26,Monday,realized_vol,0.028274059906330962
2024-08-29,Gross Domestic Product,0.6,NVDA,0,2024-08-29,Thursday,ret,-0.030894710825506655
2024-08-29,Gross Domestic Product,0.6,NVDA,0,2024-08-29,Thursday,abs_ret,0.030894710825506655
2024-08-29,Gross Domestic Product,0.6,NVDA,0,2024-08-29,Thursday,range_pct,0.06360191135277651
2024-08-29,Gross Domestic Product,0.6,NVDA,0,2024-08-29,Thursday,realized_vol,0.036004367157928804
2024-08-29,Gross Domestic Product,0.6,NVDA,1,2024-08-30,Friday,ret,-0.0009207332384698619
2024-08-29,Gross Domestic Product,0.6,NVDA,1,2024-08-30,Friday,abs_ret,0.0009207332384698619
2024-08-29,Gross Domestic Product,0.6,NVDA,1,2024-08-30,Friday,range_pct,0.03791746882062443
2024-08-29,Gross Domestic Product,0.6,NVDA,1,2024-08-30,Friday,realized_vol,0.021992555608924314
2024-08-29,Gross Domestic Product,0.6,NVDA,2,2024-09-03,Tuesday,ret,-0.06887337298508756
2024-08-29,Gross Domestic Product,0.6,NVDA,2,2024-09-03,Tuesday,abs_ret,0.06887337298508756
2024-08-29,Gross Domestic Product,0.6,NVDA,2,2024-09-03,Tuesday,range_pct,0.07688992328247554
2024-08-29,Gross Domestic Product,0.6,NVDA,2,2024-09-03,Tuesday,realized_vol,0.028432310905545138
2024-08-29,Unemployment Insurance Weekly Claims Report,0.3,NVDA,0,2024-08-29,Thursday,ret,-0.030894710825506655
2024-08-29,Unemployment Insurance Weekly Claims Report,0.3,NVDA,0,2024-08-29,Thursday,abs_ret,0.030894710825506655
2024-08-29,Unemployment Insurance Weekly Claims Report,0.3,NVDA,0,2024-08-29,Thursday,range_pct,0.06360191135277651
2024-08-29,Unemployment Insurance Weekly Claims Report,0.3,NVDA,0,2024-08-29,Thursday,realized_vol,0.036004367157928804
2024-08-29,Unemployment Insurance Weekly Claims Report,0.3,NVDA,1,2024-08-30,Friday,ret,-0.0009207332384698619
2024-08-29,Unemployment Insurance Weekly Claims Report,0.3,NVDA,1,2024-08-30,Friday,abs_ret,0.0009207332384698619
2024-08-29,Unemployment Insurance Weekly Claims Report,0.3,NVDA,1,2024-08-30,Friday,range_pct,0.03791746882062443
2024-08-29,Unemployment Insurance Weekly Claims Report,0.3,NVDA,1,2024-08-30,Friday,realized_vol,0.021992555608924314
2024-08-29,Unemployment Insurance Weekly Claims Report,0.3,NVDA,2,2024-09-03,Tuesday,ret,-0.06887337298508756
2024-08-29,Unemployment Insurance Weekly Claims Report,0.3,NVDA,2,2024-09-03,Tuesday,abs_ret,0.06887337298508756
2024-08-29,Unemployment Insurance Weekly Claims Report,0.3,NVDA,2,2024-09-03,Tuesday,range_pct,0.07688992328247554
2024-08-29,Unemployment Insurance Weekly Claims Report,0.3,NVDA,2,2024-09-03,Tuesday,realized_vol,0.028432310905545138
2024-08-30,Personal Income and Outlays,1.0,NVDA,0,2024-08-30,Friday,ret,-0.0009207332384698619
2024-08-30,Personal Income and Outlays,1.0,NVDA,0,2024-08-30,Friday,abs_ret,0.0009207332384698619
2024-08-30,Personal Income and Outlays,1.0,NVDA,0,2024-08-30,Friday,range_pct,0.03791746882062443
2024-08-30,Personal Income and Outlays,1.0,NVDA,0,2024-08-30,Friday,realized_vol,0.021992555608924314
2024-08-30,Personal Income and Outlays,1.0,NVDA,1,2024-09-03,Tuesday,ret,-0.06887337298508756
2024-08-30,Personal Income and Outlays,1.0,NVDA,1,2024-09-03,Tuesday,abs_ret,0.06887337298508756
2024-08-30,Personal Income and Outlays,1.0,NVDA,1,2024-09-03,Tuesday,range_pct,0.07688992328247554
2024-08-30,Personal Income and Outlays,1.0,NVDA,1,2024-09-03,Tuesday,realized_vol,0.028432310905545138
2024-08-30,Personal Income and Outlays,1.0,NVDA,2,2024-09-04,Wednesday,ret,0.007305502846299827
2024-08-30,Personal Income and Outlays,1.0,NVDA,2,2024-09-04,Wednesday,abs_ret,0.007305502846299827
2024-08-30,Personal Income and Outlays,1.0,NVDA,2,2024-09-04,Wednesday,range_pct,0.05569259962049326
2024-08-30,Personal Income and Outlays,1.0,NVDA,2,2024-09-04,Wednesday,realized_vol,0.03839180076576462
2024-09-05,Unemployment Insurance Weekly Claims Report,0.3,NVDA,0,2024-09-05,Thursday,ret,0.021625226255120422
2024-09-05,Unemployment Insurance Weekly Claims Report,0.3,NVDA,0,2024-09-05,Thursday,abs_ret,0.021625226255120422
2024-09-05,Unemployment Insurance Weekly Claims Report,0.3,NVDA,0,2024-09-05,Thursday,range_pct,0.04658473849671335
2024-09-05,Unemployment Insurance Weekly Claims Report,0.3,NVDA,0,2024-09-05,Thursday,realized_vol,0.029157795919850304
2024-09-05,Unemployment Insurance Weekly Claims Report,0.3,NVDA,1,2024-09-06,Friday,ret,-0.04858411993337031
2024-09-05,Unemployment Insurance Weekly Claims Report,0.3,NVDA,1,2024-09-06,Friday,abs_ret,0.04858411993337031
2024-09-05,Unemployment Insurance Weekly Claims Report,0.3,NVDA,1,2024-09-06,Friday,range_pct,0.0666296501943365
2024-09-05,Unemployment Insurance Weekly Claims Report,0.3,NVDA,1,2024-09-06,Friday,realized_vol,0.03353618808493556
2024-09-05,Unemployment Insurance Weekly Claims Report,0.3,NVDA,2,2024-09-09,Monday,ret,0.015449170322334504
2024-09-05,Unemployment Insurance Weekly Claims Report,0.3,NVDA,2,2024-09-09,Monday,abs_ret,0.015449170322334504
2024-09-05,Unemployment Insurance Weekly Claims Report,0.3,NVDA,2,2024-09-09,Monday,range_pct,0.02727446118634369
2024-09-05,Unemployment Insurance Weekly Claims Report,0.3,NVDA,2,2024-09-09,Monday,realized_vol,0.025551275153557446
2024-09-06,Employment Situation,1.0,NVDA,0,2024-09-06,Friday,ret,-0.04858411993337031
2024-09-06,Employment Situation,1.0,NVDA,0,2024-09-06,Friday,abs_ret,0.04858411993337031
2024-09-06,Employment Situation,1.0,NVDA,0,2024-09-06,Friday,range_pct,0.0666296501943365
2024-09-06,Employment Situation,1.0,NVDA,0,2024-09-06,Friday,realized_vol,0.03353618808493556
2024-09-06,Employment Situation,1.0,NVDA,1,2024-09-09,Monday,ret,0.015449170322334504
2024-09-06,Employment Situation,1.0,NVDA,1,2024-09-09,Monday,abs_ret,0.015449170322334504
2024-09-06,Employment Situation,1.0,NVDA,1,2024-09-09,Monday,range_pct,0.02727446118634369
2024-09-06,Employment Situation,1.0,NVDA,1,2024-09-09,Monday,realized_vol,0.025551275153557446
2024-09-06,Employment Situation,1.0,NVDA,2,2024-09-10,Tuesday,ret,0.0019478712549856336
2024-09-06,Employment Situation,1.0,NVDA,2,2024-09-10,Tuesday,abs_ret,0.0019478712549856336
2024-09-06,Employment Situation,1.0,NVDA,2,2024-09-10,Tuesday,range_pct,0.04127631945088584
2024-09-06,Employment Situation,1.0,NVDA,2,2024-09-10,Tuesday,realized_vol,0.024539963996593396
2024-09-11,Consumer Price Index,1.0,NVDA,0,2024-09-11,Wednesday,ret,0.06770833333333326
2024-09-11,Consumer Price Index,1.0,NVDA,0,2024-09-11,Wednesday,abs_ret,0.06770833333333326
2024-09-11,Consumer Price Index,1.0,NVDA,0,2024-09-11,Wednesday,range_pct,0.08927266081871342
2024-09-11,Consumer Price Index,1.0,NVDA,0,2024-09-11,Wednesday,realized_vol,0.031799913315845425
2024-09-11,Consumer Price Index,1.0,NVDA,1,2024-09-12,Thursday,ret,0.02002738788086278
2024-09-11,Consumer Price Index,1.0,NVDA,1,2024-09-12,Thursday,abs_ret,0.02002738788086278
2024-09-11,Consumer Price Index,1.0,NVDA,1,2024-09-12,Thursday,range_pct,0.046302636083533126
2024-09-11,Consumer Price Index,1.0,NVDA,1,2024-09-12,Thursday,realized_vol,0.027121189411105945
2024-09-11,Consumer Price Index,1.0,NVDA,2,2024-09-13,Friday,ret,0.00016799664006716952
2024-09-11,Consumer Price Index,1.0,NVDA,2,2024-09-13,Friday,abs_ret,0.00016799664006716952
2024-09-11,Consumer Price Index,1.0,NVDA,2,2024-09-13,Friday,range_pct,0.019781604367912677
2024-09-11,Consumer Price Index,1.0,NVDA,2,2024-09-13,Friday,realized_vol,0.018019370945714076
2024-09-12,Producer Price Index,0.6,NVDA,0,2024-09-12,Thursday,ret,0.02002738788086278
2024-09-12,Producer Price Index,0.6,NVDA,0,2024-09-12,Thursday,abs_ret,0.02002738788086278
2024-09-12,Producer Price Index,0.6,NVDA,0,2024-09-12,Thursday,range_pct,0.046302636083533126
2024-09-12,Producer Price Index,0.6,NVDA,0,2024-09-12,Thursday,realized_vol,0.027121189411105945
2024-09-12,Producer Price Index,0.6,NVDA,1,2024-09-13,Friday,ret,0.00016799664006716952
2024-09-12,Producer Price Index,0.6,NVDA,1,2024-09-13,Friday,abs_ret,0.00016799664006716952
2024-09-12,Producer Price Index,0.6,NVDA,1,2024-09-13,Friday,range_pct,0.019781604367912677
2024-09-12,Producer Price Index,0.6,NVDA,1,2024-09-13,Friday,realized_vol,0.018019370945714076
2024-09-12,Producer Price Index,0.6,NVDA,2,2024-09-16,Monday,ret,-0.00017124753831676554
2024-09-12,Producer Price Index,0.6,NVDA,2,2024-09-16,Monday,abs_ret,0.00017124753831676554
2024-09-12,Producer Price Index,0.6,NVDA,2,2024-09-16,Monday,range_pct,0.032708279818477674
2024-09-12,Producer Price Index,0.6,NVDA,2,2024-09-16,Monday,realized_vol,0.0203943412781155
2024-09-12,Unemployment Insurance Weekly Claims Report,0.3,NVDA,0,2024-09-12,Thursday,ret,0.02002738788086278
2024-09-12,Unemployment Insurance Weekly Claims Report,0.3,NVDA,0,2024-09-12,Thursday,abs_ret,0.02002738788086278
2024-09-12,Unemployment Insurance Weekly Claims Report,0.3,NVDA,0,2024-09-12,Thursday,range_pct,0.046302636083533126
2024-09-12,Unemployment Insurance Weekly Claims Report,0.3,NVDA,0,2024-09-12,Thursday,realized_vol,0.027121189411105945
2024-09-12,Unemployment Insurance Weekly Claims Report,0.3,NVDA,1,2024-09-13,Friday,ret,0.00016799664006716952
2024-09-12,Unemployment Insurance Weekly Claims Report,0.3,NVDA,1,2024-09-13,Friday,abs_ret,0.00016799664006716952
2024-09-12,Unemployment Insurance Weekly Claims Report,0.3,NVDA,1,2024-09-13,Friday,range_pct,0.019781604367912677
2024-09-12,Unemployment Insurance Weekly Claims Report,0.3,NVDA,1,2024-09-13,Friday,realized_vol,0.018019370945714076
2024-09-12,Unemployment Insurance Weekly Claims Report,0.3,NVDA,2,2024-09-16,Monday,ret,-0.00017124753831676554
2024-09-12,Unemployment Insurance Weekly Claims Report,0.3,NVDA,2,2024-09-16,Monday,abs_ret,0.00017124753831676554
2024-09-12,Unemployment Insurance Weekly Claims Report,0.3,NVDA,2,2024-09-16,Monday,range_pct,0.032708279818477674
2024-09-12,Unemployment Insurance Weekly Claims Report,0.3,NVDA,2,2024-09-16,Monday,realized_vol,0.0203943412781155
2024-09-19,Unemployment Insurance Weekly Claims Report,0.3,NVDA,0,2024-09-19,Thursday,ret,0.005368555602897507
2024-09-19,Unemployment Insurance Weekly Claims Report,0.3,NVDA,0,2024-09-19,Thursday,abs_ret,0.005368555602897507
2024-09-19,Unemployment Insurance Weekly Claims Report,0.3,NVDA,0,2024-09-19,Thursday,range_pct,0.020536855560289703
2024-09-19,Unemployment Insurance Weekly Claims Report,0.3,NVDA,0,2024-09-19,Thursday,realized_vol,0.017899567113186344
2024-09-19,Unemployment Insurance Weekly Claims Report,0.3,NVDA,1,2024-09-20,Friday,ret,-0.008457201435161488
2024-09-19,Unemployment Insurance Weekly Claims Report,0.3,NVDA,1,2024-09-20,Friday,abs_ret,0.008457201435161488
2024-09-19,Unemployment Insurance Weekly Claims Report,0.3,NVDA,1,2024-09-20,Friday,range_pct,0.027575602255253667
2024-09-19,Unemployment Insurance Weekly Claims Report,0.3,NVDA,1,2024-09-20,Friday,realized_vol,0.014185837862868516
2024-09-19,Unemployment Insurance Weekly Claims Report,0.3,NVDA,2,2024-09-23,Monday,ret,-0.002660030890681342
2024-09-19,Unemployment Insurance Weekly Claims Report,0.3,NVDA,2,2024-09-23,Monday,abs_ret,0.002660030890681342
2024-09-19,Unemployment Insurance Weekly Claims Report,0.3,NVDA,2,2024-09-23,Monday,range_pct,0.018276986442423163
2024-09-19,Unemployment Insurance Weekly Claims Report,0.3,NVDA,2,2024-09-23,Monday,realized_vol,0.01435356217119942
2024-09-26,Gross Domestic Product,0.6,NVDA,0,2024-09-26,Thursday,ret,-0.022083760548939235
2024-09-26,Gross Domestic Product,0.6,NVDA,0,2024-09-26,Thursday,abs_ret,0.022083760548939235
2024-09-26,Gross Domestic Product,0.6,NVDA,0,2024-09-26,Thursday,range_pct,0.04625759129268877
2024-09-26,Gross Domestic Product,0.6,NVDA,0,2024-09-26,Thursday,realized_vol,0.024444493182218422
2024-09-26,Gross Domestic Product,0.6,NVDA,1,2024-09-27,Friday,ret,-0.020730821973057978
2024-09-26,Gross Domestic Product,0.6,NVDA,1,2024-09-27,Friday,abs_ret,0.020730821973057978
2024-09-26,Gross Domestic Product,0.6,NVDA,1,2024-09-27,Friday,range_pct,0.038477050899411114
2024-09-26,Gross Domestic Product,0.6,NVDA,1,2024-09-27,Friday,realized_vol,0.022920369614097432
2024-09-26,Gross Domestic Product,0.6,NVDA,2,2024-09-30,Monday,ret,0.02696534234995762
2024-09-26,Gross Domestic Product,0.6,NVDA,2,2024-09-30,Monday,abs_ret,0.02696534234995762
2024-09-26,Gross Domestic Product,0.6,NVDA,2,2024-09-30,Monday,range_pct,0.028317836010143656
2024-09-26,Gross Domestic Product,0.6,NVDA,2,2024-09-30,Monday,realized_vol,0.01928043188985996
2024-09-26,Unemployment Insurance Weekly Claims Report,0.3,NVDA,0,2024-09-26,Thursday,ret,-0.022083760548939235
2024-09-26,Unemployment Insurance Weekly Claims Report,0.3,NVDA,0,2024-09-26,Thursday,abs_ret,0.022083760548939235
2024-09-26,Unemployment Insurance Weekly Claims Report,0.3,NVDA,0,2024-09-26,Thursday,range_pct,0.04625759129268877
2024-09-26,Unemployment Insurance Weekly Claims Report,0.3,NVDA,0,2024-09-26,Thursday,realized_vol,0.024444493182218422
2024-09-26,Unemployment Insurance Weekly Claims Report,0.3,NVDA,1,2024-09-27,Friday,ret,-0.020730821973057978
2024-09-26,Unemployment Insurance Weekly Claims Report,0.3,NVDA,1,2024-09-27,Friday,abs_ret,0.020730821973057978
2024-09-26,Unemployment Insurance Weekly Claims Report,0.3,NVDA,1,2024-09-27,Friday,range_pct,0.038477050899411114
2024-09-26,Unemployment Insurance Weekly Claims Report,0.3,NVDA,1,2024-09-27,Friday,realized_vol,0.022920369614097432
2024-09-26,Unemployment Insurance Weekly Claims Report,0.3,NVDA,2,2024-09-30,Monday,ret,0.02696534234995762
2024-09-26,Unemployment Insurance Weekly Claims Report,0.3,NVDA,2,2024-09-30,Monday,abs_ret,0.02696534234995762
2024-09-26,Unemployment Insurance Weekly Claims Report,0.3,NVDA,2,2024-09-30,Monday,range_pct,0.028317836010143656
2024-09-26,Unemployment Insurance Weekly Claims Report,0.3,NVDA,2,2024-09-30,Monday,realized_vol,0.01928043188985996
2024-09-27,Personal Income and Outlays,1.0,NVDA,0,2024-09-27,Friday,ret,-0.020730821973057978
2024-09-27,Personal Income and Outlays,1.0,NVDA,0,2024-09-27,Friday,abs_ret,0.020730821973057978
2024-09-27,Personal Income and Outlays,1.0,NVDA,0,2024-09-27,Friday,range_pct,0.038477050899411114
2024-09-27,Personal Income and Outlays,1.0,NVDA,0,2024-09-27,Friday,realized_vol,0.022920369614097432
2024-09-27,Personal Income and Outlays,1.0,NVDA,1,2024-09-30,Monday,ret,0.02696534234995762
2024-09-27,Personal Income and Outlays,1.0,NVDA,1,2024-09-30,Monday,abs_ret,0.02696534234995762
2024-09-27,Personal Income and Outlays,1.0,NVDA,1,2024-09-30,Monday,range_pct,0.028317836010143656
2024-09-27,Personal Income and Outlays,1.0,NVDA,1,2024-09-30,Monday,realized_vol,0.01928043188985996
2024-09-27,Personal Income and Outlays,1.0,NVDA,2,2024-10-01,Tuesday,ret,-0.03954420399950731
2024-09-27,Personal Income and Outlays,1.0,NVDA,2,2024-10-01,Tuesday,abs_ret,0.03954420399950731
2024-09-27,Personal Income and Outlays,1.0,NVDA,2,2024-10-01,Tuesday,range_pct,0.05457315320494394
2024-09-27,Personal Income and Outlays,1.0,NVDA,2,2024-10-01,Tuesday,realized_vol,0.02650101898047581
2024-10-02,Gross Domestic Product,0.6,NVDA,0,2024-10-02,Wednesday,ret,0.02087363628554262
2024-10-02,Gross Domestic Product,0.6,NVDA,0,2024-10-02,Wednesday,abs_ret,0.02087363628554262
2024-10-02,Gross Domestic Product,0.6,NVDA,0,2024-10-02,Wednesday,range_pct,0.03642298771583193
2024-10-02,Gross Domestic Product,0.6,NVDA,0,2024-10-02,Wednesday,realized_vol,0.02311952342291866
2024-10-02,Gross Domestic Product,0.6,NVDA,1,2024-10-03,Thursday,ret,0.016214427531436204
2024-10-02,Gross Domestic Product,0.6,NVDA,1,2024-10-03,Thursday,abs_ret,0.016214427531436204
2024-10-02,Gross Domestic Product,0.6,NVDA,1,2024-10-03,Thursday,range_pct,0.03325529450694898
2024-10-02,Gross Domestic Product,0.6,NVDA,1,2024-10-03,Thursday,realized_vol,0.02128828477756283
2024-10-02,Gross Domestic Product,0.6,NVDA,2,2024-10-04,Friday,ret,-0.00016011528300374778
2024-10-02,Gross Domestic Product,0.6,NVDA,2,2024-10-04,Friday,abs_ret,0.00016011528300374778
2024-10-02,Gross Domestic Product,0.6,NVDA,2,2024-10-04,Friday,range_pct,0.025698502922103978
2024-10-02,Gross Domestic Product,0.6,NVDA,2,2024-10-04,Friday,realized_vol,0.018374903614876984
2024-10-03,Unemployment Insurance Weekly Claims Report,0.3,NVDA,0,2024-10-03,Thursday,ret,0.016214427531436204
2024-10-03,Unemployment Insurance Weekly Claims Report,0.3,NVDA,0,2024-10-03,Thursday,abs_ret,0.016214427531436204
2024-10-03,Unemployment Insurance Weekly Claims Report,0.3,NVDA,0,2024-10-03,Thursday,range_pct,0.03325529450694898
2024-10-03,Unemployment Insurance Weekly Claims Report,0.3,NVDA,0,2024-10-03,Thursday,realized_vol,0.02128828477756283
2024-10-03,Unemployment Insurance Weekly Claims Report,0.3,NVDA,1,2024-10-04,Friday,ret,-0.00016011528300374778
2024-10-03,Unemployment Insurance Weekly Claims Report,0.3,NVDA,1,2024-10-04,Friday,abs_ret,0.00016011528300374778
2024-10-03,Unemployment Insurance Weekly Claims Report,0.3,NVDA,1,2024-10-04,Friday,range_pct,0.025698502922103978
2024-10-03,Unemployment Insurance Weekly Claims Report,0.3,NVDA,1,2024-10-04,Friday,realized_vol,0.018374903614876984
2024-10-03,Unemployment Insurance Weekly Claims Report,0.3,NVDA,2,2024-10-07,Monday,ret,0.022647247119078173
2024-10-03,Unemployment Insurance Weekly Claims Report,0.3,NVDA,2,2024-10-07,Monday,abs_ret,0.022647247119078173
2024-10-03,Unemployment Insurance Weekly Claims Report,0.3,NVDA,2,2024-10-07,Monday,range_pct,0.045614596670934614
2024-10-03,Unemployment Insurance Weekly Claims Report,0.3,NVDA,2,2024-10-07,Monday,realized_vol,0.022904568601978332
2024-10-04,Employment Situation,1.0,NVDA,0,2024-10-04,Friday,ret,-0.00016011528300374778
2024-10-04,Employment Situation,1.0,NVDA,0,2024-10-04,Friday,abs_ret,0.00016011528300374778
2024-10-04,Employment Situation,1.0,NVDA,0,2024-10-04,Friday,range_pct,0.025698502922103978
2024-10-04,Employment Situation,1.0,NVDA,0,2024-10-04,Friday,realized_vol,0.018374903614876984
2024-10-04,Employment Situation,1.0,NVDA,1,2024-10-07,Monday,ret,0.022647247119078173
2024-10-04,Employment Situation,1.0,NVDA,1,2024-10-07,Monday,abs_ret,0.022647247119078173
2024-10-04,Employment Situation,1.0,NVDA,1,2024-10-07,Monday,range_pct,0.045614596670934614
2024-10-04,Employment Situation,1.0,NVDA,1,2024-10-07,Monday,realized_vol,0.022904568601978332
2024-10-04,Employment Situation,1.0,NVDA,2,2024-10-08,Tuesday,ret,0.020730958230958052
2024-10-04,Employment Situation,1.0,NVDA,2,2024-10-08,Tuesday,abs_ret,0.020730958230958052
2024-10-04,Employment Situation,1.0,NVDA,2,2024-10-08,Tuesday,range_pct,0.031173218673218688
2024-10-04,Employment Situation,1.0,NVDA,2,2024-10-08,Tuesday,realized_vol,0.014443659694348665
2024-10-10,Consumer Price Index,1.0,NVDA,0,2024-10-10,Thursday,ret,0.02190887726480195
2024-10-10,Consumer Price Index,1.0,NVDA,0,2024-10-10,Thursday,abs_ret,0.02190887726480195
2024-10-10,Consumer Price Index,1.0,NVDA,0,2024-10-10,Thursday,range_pct,0.030323705556819045
2024-10-10,Consumer Price Index,1.0,NVDA,0,2024-10-10,Thursday,realized_vol,0.019143298927150085
2024-10-10,Consumer Price Index,1.0,NVDA,1,2024-10-11,Friday,ret,0.0054469482166839
2024-10-10,Consumer Price Index,1.0,NVDA,1,2024-10-11,Friday,abs_ret,0.0054469482166839
2024-10-10,Consumer Price Index,1.0,NVDA,1,2024-10-11,Friday,range_pct,0.01581853454708256
2024-10-10,Consumer Price Index,1.0,NVDA,1,2024-10-11,Friday,realized_vol,0.010309682405156957
2024-10-10,Consumer Price Index,1.0,NVDA,2,2024-10-14,Monday,ret,0.012237854473510668
2024-10-10,Consumer Price Index,1.0,NVDA,2,2024-10-14,Monday,abs_ret,0.012237854473510668
2024-10-10,Consumer Price Index,1.0,NVDA,2,2024-10-14,Monday,range_pct,0.02418113871180467
2024-10-10,Consumer Price Index,1.0,NVDA,2,2024-10-14,Monday,realized_vol,0.014503479555061255
2024-10-10,Unemployment Insurance Weekly Claims Report,0.3,NVDA,0,2024-10-10,Thursday,ret,0.02190887726480195
2024-10-10,Unemployment Insurance Weekly Claims Report,0.3,NVDA,0,2024-10-10,Thursday,abs_ret,0.02190887726480195
2024-10-10,Unemployment Insurance Weekly Claims Report,0.3,NVDA,0,2024-10-10,Thursday,range_pct,0.030323705556819045
2024-10-10,Unemployment Insurance Weekly Claims Report,0.3,NVDA,0,2024-10-10,Thursday,realized_vol,0.019143298927150085
2024-10-10,Unemployment Insurance Weekly Claims Report,0.3,NVDA,1,2024-10-11,Friday,ret,0.0054469482166839
2024-10-10,Unemployment Insurance Weekly Claims Report,0.3,NVDA,1,2024-10-11,Friday,abs_ret,0.0054469482166839
2024-10-10,Unemployment Insurance Weekly Claims Report,0.3,NVDA,1,2024-10-11,Friday,range_pct,0.01581853454708256
2024-10-10,Unemployment Insurance Weekly Claims Report,0.3,NVDA,1,2024-10-11,Friday,realized_vol,0.010309682405156957
2024-10-10,Unemployment Insurance Weekly Claims Report,0.3,NVDA,2,2024-10-14,Monday,ret,0.012237854473510668
2024-10-10,Unemployment Insurance Weekly Claims Report,0.3,NVDA,2,2024-10-14,Monday,abs_ret,0.012237854473510668
2024-10-10,Unemployment Insurance Weekly Claims Report,0.3,NVDA,2,2024-10-14,Monday,range_pct,0.02418113871180467
2024-10-10,Unemployment Insurance Weekly Claims Report,0.3,NVDA,2,2024-10-14,Monday,realized_vol,0.014503479555061255
2024-10-11,Producer Price Index,0.6,NVDA,0,2024-10-11,Friday,ret,0.0054469482166839
2024-10-11,Producer Price Index,0.6,NVDA,0,2024-10-11,Friday,abs_ret,0.0054469482166839
2024-10-11,Producer Price Index,0.6,NVDA,0,2024-10-11,Friday,range_pct,0.01581853454708256
2024-10-11,Producer Price Index,0.6,NVDA,0,2024-10-11,Friday,realized_vol,0.010309682405156957
2024-10-11,Producer Price Index,0.6,NVDA,1,2024-10-14,Monday,ret,0.012237854473510668
2024-10-11,Producer Price Index,0.6,NVDA,1,2024-10-14,Monday,abs_ret,0.012237854473510668
2024-10-11,Producer Price Index,0.6,NVDA,1,2024-10-14,Monday,range_pct,0.02418113871180467
2024-10-11,Producer Price Index,0.6,NVDA,1,2024-10-14,Monday,realized_vol,0.014503479555061255
2024-10-11,Producer Price Index,0.6,NVDA,2,2024-10-15,Tuesday,ret,-0.0454050917531007
2024-10-11,Producer Price Index,0.6,NVDA,2,2024-10-15,Tuesday,abs_ret,0.0454050917531007
2024-10-11,Producer Price Index,0.6,NVDA,2,2024-10-15,Tuesday,range_pct,0.07129904982954946
2024-10-11,Producer Price Index,0.6,NVDA,2,2024-10-15,Tuesday,realized_vol,0.03285336661705908
2024-10-17,Unemployment Insurance Weekly Claims Report,0.3,NVDA,0,2024-10-17,Thursday,ret,-0.01729706452307489
2024-10-17,Unemployment Insurance Weekly Claims Report,0.3,NVDA,0,2024-10-17,Thursday,abs_ret,0.01729706452307489
2024-10-17,Unemployment Insurance Weekly Claims Report,0.3,NVDA,0,2024-10-17,Thursday,range_pct,0.028852364889112046
2024-10-17,Unemployment Insurance Weekly Claims Report,0.3,NVDA,0,2024-10-17,Thursday,realized_vol,0.026152184386459925
2024-10-17,Unemployment Insurance Weekly Claims Report,0.3,NVDA,1,2024-10-18,Friday,ret,-0.0049040819270157465
2024-10-17,Unemployment Insurance Weekly Claims Report,0.3,NVDA,1,2024-10-18,Friday,abs_ret,0.0049040819270157465
2024-10-17,Unemployment Insurance Weekly Claims Report,0.3,NVDA,1,2024-10-18,Friday,range_pct,0.011683254002596313
2024-10-17,Unemployment Insurance Weekly Claims Report,0.3,NVDA,1,2024-10-18,Friday,realized_vol,0.011366742036659888
2024-10-17,Unemployment Insurance Weekly Claims Report,0.3,NVDA,2,2024-10-21,Monday,ret,0.04032433215087239
2024-10-17,Unemployment Insurance Weekly Claims Report,0.3,NVDA,2,2024-10-21,Monday,abs_ret,0.04032433215087239
2024-10-17,Unemployment Insurance Weekly Claims Report,0.3,NVDA,2,2024-10-21,Monday,range_pct,0.041337870122348574
2024-10-17,Unemployment Insurance Weekly Claims Report,0.3,NVDA,2,2024-10-21,Monday,realized_vol,0.01748121151534908
2024-10-24,Unemployment Insurance Weekly Claims Report,0.3,NVDA,0,2024-10-24,Thursday,ret,-0.0029825308904983805
2024-10-24,Unemployment Insurance Weekly Claims Report,0.3,NVDA,0,2024-10-24,Thursday,abs_ret,0.0029825308904983805
2024-10-24,Unemployment Insurance Weekly Claims Report,0.3,NVDA,0,2024-10-24,Thursday,range_pct,0.020522653032239643
2024-10-24,Unemployment Insurance Weekly Claims Report,0.3,NVDA,0,2024-10-24,Thursday,realized_vol,0.018832978151617115
2024-10-24,Unemployment Insurance Weekly Claims Report,0.3,NVDA,1,2024-10-25,Friday,ret,0.0038316894912366894
2024-10-24,Unemployment Insurance Weekly Claims Report,0.3,NVDA,1,2024-10-25,Friday,abs_ret,0.0038316894912366894
2024-10-24,Unemployment Insurance Weekly Claims Report,0.3,NVDA,1,2024-10-25,Friday,range_pct,0.023628751862626723
2024-10-24,Unemployment Insurance Weekly Claims Report,0.3,NVDA,1,2024-10-25,Friday,realized_vol,0.015155089892054996
2024-10-24,Unemployment Insurance Weekly Claims Report,0.3,NVDA,2,2024-10-28,Monday,ret,-0.016849611969516842
2024-10-24,Unemployment Insurance Weekly Claims Report,0.3,NVDA,2,2024-10-28,Monday,abs_ret,0.016849611969516842
2024-10-24,Unemployment Insurance Weekly Claims Report,0.3,NVDA,2,2024-10-28,Monday,range_pct,0.021603859330210272
2024-10-24,Unemployment Insurance Weekly Claims Report,0.3,NVDA,2,2024-10-28,Monday,realized_vol,0.013147034624994683
2024-10-30,Gross Domestic Product,0.6,NVDA,0,2024-10-30,Wednesday,ret,-0.0003583715596331416
2024-10-30,Gross Domestic Product,0.6,NVDA,0,2024-10-30,Wednesday,abs_ret,0.0003583715596331416
2024-10-30,Gross Domestic Product,0.6,NVDA,0,2024-10-30,Wednesday,range_pct,0.02522935779816521
2024-10-30,Gross Domestic Product,0.6,NVDA,0,2024-10-30,Wednesday,realized_vol,0.0181264488222637
2024-10-30,Gross Domestic Product,0.6,NVDA,1,2024-10-31,Thursday,ret,-0.03655523255813953
2024-10-30,Gross Domestic Product,0.6,NVDA,1,2024-10-31,Thursday,abs_ret,0.03655523255813953
2024-10-30,Gross Domestic Product,0.6,NVDA,1,2024-10-31,Thursday,range_pct,0.040039244186046506
2024-10-30,Gross Domestic Product,0.6,NVDA,1,2024-10-31,Thursday,realized_vol,0.024247867203334317
2024-10-30,Gross Domestic Product,0.6,NVDA,2,2024-11-01,Friday,ret,0.005419450631032108
2024-10-30,Gross Domestic Product,0.6,NVDA,2,2024-11-01,Friday,abs_ret,0.005419450631032108
2024-10-30,Gross Domestic Product,0.6,NVDA,2,2024-11-01,Friday,range_pct,0.02034149962880482
2024-10-30,Gross Domestic Product,0.6,NVDA,2,2024-11-01,Friday,realized_vol,0.01770720032634696
2024-10-31,Personal Income and Outlays,1.0,NVDA,0,2024-10-31,Thursday,ret,-0.03655523255813953
2024-10-31,Personal Income and Outlays,1.0,NVDA,0,2024-10-31,Thursday,abs_ret,0.03655523255813953
2024-10-31,Personal Income and Outlays,1.0,NVDA,0,2024-10-31,Thursday,range_pct,0.040039244186046506
2024-10-31,Personal Income and Outlays,1.0,NVDA,0,2024-10-31,Thursday,realized_vol,0.024247867203334317
2024-10-31,Personal Income and Outlays,1.0,NVDA,1,2024-11-01,Friday,ret,0.005419450631032108
2024-10-31,Personal Income and Outlays,1.0,NVDA,1,2024-11-01,Friday,abs_ret,0.005419450631032108
2024-10-31,Personal Income and Outlays,1.0,NVDA,1,2024-11-01,Friday,range_pct,0.02034149962880482
2024-10-31,Personal Income and Outlays,1.0,NVDA,1,2024-11-01,Friday,realized_vol,0.01770720032634696
2024-10-31,Personal Income and Outlays,1.0,NVDA,2,2024-11-04,Monday,ret,-0.008524590163934365
2024-10-31,Personal Income and Outlays,1.0,NVDA,2,2024-11-04,Monday,abs_ret,0.008524590163934365
2024-10-31,Personal Income and Outlays,1.0,NVDA,2,2024-11-04,Monday,range_pct,0.024699453551912675
2024-10-31,Personal Income and Outlays,1.0,NVDA,2,2024-11-04,Monday,realized_vol,0.016928937547595575
2024-10-31,Unemployment Insurance Weekly Claims Report,0.3,NVDA,0,2024-10-31,Thursday,ret,-0.03655523255813953
2024-10-31,Unemployment Insurance Weekly Claims Report,0.3,NVDA,0,2024-10-31,Thursday,abs_ret,0.03655523255813953
2024-10-31,Unemployment Insurance Weekly Claims Report,0.3,NVDA,0,2024-10-31,Thursday,range_pct,0.040039244186046506
2024-10-31,Unemployment Insurance Weekly Claims Report,0.3,NVDA,0,2024-10-31,Thursday,realized_vol,0.024247867203334317
2024-10-31,Unemployment Insurance Weekly Claims Report,0.3,NVDA,1,2024-11-01,Friday,ret,0.005419450631032108
2024-10-31,Unemployment Insurance Weekly Claims Report,0.3,NVDA,1,2024-11-01,Friday,abs_ret,0.005419450631032108
2024-10-31,Unemployment Insurance Weekly Claims Report,0.3,NVDA,1,2024-11-01,Friday,range_pct,0.02034149962880482
2024-10-31,Unemployment Insurance Weekly Claims Report,0.3,NVDA,1,2024-11-01,Friday,realized_vol,0.01770720032634696
2024-10-31,Unemployment Insurance Weekly Claims Report,0.3,NVDA,2,2024-11-04,Monday,ret,-0.008524590163934365
2024-10-31,Unemployment Insurance Weekly Claims Report,0.3,NVDA,2,2024-11-04,Monday,abs_ret,0.008524590163934365
2024-10-31,Unemployment Insurance Weekly Claims Report,0.3,NVDA,2,2024-11-04,Monday,range_pct,0.024699453551912675
2024-10-31,Unemployment Insurance Weekly Claims Report,0.3,NVDA,2,2024-11-04,Monday,realized_vol,0.016928937547595575
2024-11-01,Employment Situation,1.0,NVDA,0,2024-11-01,Friday,ret,0.005419450631032108
2024-11-01,Employment Situation,1.0,NVDA,0,2024-11-01,Friday,abs_ret,0.005419450631032108
2024-11-01,Employment Situation,1.0,NVDA,0,2024-11-01,Friday,range_pct,0.02034149962880482
2024-11-01,Employment Situation,1.0,NVDA,0,2024-11-01,Friday,realized_vol,0.01770720032634696
2024-11-01,Employment Situation,1.0,NVDA,1,2024-11-04,Monday,ret,-0.008524590163934365
2024-11-01,Employment Situation,1.0,NVDA,1,2024-11-04,Monday,abs_ret,0.008524590163934365
2024-11-01,Employment Situation,1.0,NVDA,1,2024-11-04,Monday,range_pct,0.024699453551912675
2024-11-01,Employment Situation,1.0,NVDA,1,2024-11-04,Monday,realized_vol,0.016928937547595575
2024-11-01,Employment Situation,1.0,NVDA,2,2024-11-05,Tuesday,ret,0.01789741724263383
2024-11-01,Employment Situation,1.0,NVDA,2,2024-11-05,Tuesday,abs_ret,0.01789741724263383
2024-11-01,Employment Situation,1.0,NVDA,2,2024-11-05,Tuesday,range_pct,0.022117861040378287
2024-11-01,Employment Situation,1.0,NVDA,2,2024-11-05,Tuesday,realized_vol,0.01255032489176816
2024-11-07,Unemployment Insurance Weekly Claims Report,0.3,NVDA,0,2024-11-07,Thursday,ret,0.01707766923970211
2024-11-07,Unemployment Insurance Weekly Claims Report,0.3,NVDA,0,2024-11-07,Thursday,abs_ret,0.01707766923970211
2024-11-07,Unemployment Insurance Weekly Claims Report,0.3,NVDA,0,2024-11-07,Thursday,range_pct,0.018853746840631326
2024-11-07,Unemployment Insurance Weekly Claims Report,0.3,NVDA,0,2024-11-07,Thursday,realized_vol,0.01126671558977608
2024-11-07,Unemployment Insurance Weekly Claims Report,0.3,NVDA,1,2024-11-08,Friday,ret,-0.008603306896088236
2024-11-07,Unemployment Insurance Weekly Claims Report,0.3,NVDA,1,2024-11-08,Friday,abs_ret,0.008603306896088236
2024-11-07,Unemployment Insurance Weekly Claims Report,0.3,NVDA,1,2024-11-08,Friday,range_pct,0.023591880629116945
2024-11-07,Unemployment Insurance Weekly Claims Report,0.3,NVDA,1,2024-11-08,Friday,realized_vol,0.01936476586300542
2024-11-07,Unemployment Insurance Weekly Claims Report,0.3,NVDA,2,2024-11-11,Monday,ret,-0.022867904223836444
2024-11-07,Unemployment Insurance Weekly Claims Report,0.3,NVDA,2,2024-11-11,Monday,abs_ret,0.022867904223836444
2024-11-07,Unemployment Insurance Weekly Claims Report,0.3,NVDA,2,2024-11-11,Monday,range_pct,0.03551251008878128
2024-11-07,Unemployment Insurance Weekly Claims Report,0.3,NVDA,2,2024-11-11,Monday,realized_vol,0.020159087956481855
2024-11-13,Consumer Price Index,1.0,NVDA,0,2024-11-13,Wednesday,ret,-0.017646269457863628
2024-11-13,Consumer Price Index,1.0,NVDA,0,2024-11-13,Wednesday,abs_ret,0.017646269457863628
2024-11-13,Consumer Price Index,1.0,NVDA,0,2024-11-13,Wednesday,range_pct,0.023013955984970524
2024-11-13,Consumer Price Index,1.0,NVDA,0,2024-11-13,Wednesday,realized_vol,0.018867829063910817
2024-11-13,Consumer Price Index,1.0,NVDA,1,2024-11-14,Thursday,ret,-0.005689515036575332
2024-11-13,Consumer Price Index,1.0,NVDA,1,2024-11-14,Thursday,abs_ret,0.005689515036575332
2024-11-13,Consumer Price Index,1.0,NVDA,1,2024-11-14,Thursday,range_pct,0.023367651043077683
2024-11-13,Consumer Price Index,1.0,NVDA,1,2024-11-14,Thursday,realized_vol,0.01919286196126001
2024-11-13,Consumer Price Index,1.0,NVDA,2,2024-11-15,Friday,ret,-0.020015876302892255
2024-11-13,Consumer Price Index,1.0,NVDA,2,2024-11-15,Friday,abs_ret,0.020015876302892255
2024-11-13,Consumer Price Index,1.0,NVDA,2,2024-11-15,Friday,range_pct,0.03561814040173947
2024-11-13,Consumer Price Index,1.0,NVDA,2,2024-11-15,Friday,realized_vol,0.019321583621845613
2024-11-14,Producer Price Index,0.6,NVDA,0,2024-11-14,Thursday,ret,-0.005689515036575332
2024-11-14,Producer Price Index,0.6,NVDA,0,2024-11-14,Thursday,abs_ret,0.005689515036575332
2024-11-14,Producer Price Index,0.6,NVDA,0,2024-11-14,Thursday,range_pct,0.023367651043077683
2024-11-14,Producer Price Index,0.6,NVDA,0,2024-11-14,Thursday,realized_vol,0.01919286196126001
2024-11-14,Producer Price Index,0.6,NVDA,1,2024-11-15,Friday,ret,-0.020015876302892255
2024-11-14,Producer Price Index,0.6,NVDA,1,2024-11-15,Friday,abs_ret,0.020015876302892255
2024-11-14,Producer Price Index,0.6,NVDA,1,2024-11-15,Friday,range_pct,0.03561814040173947
2024-11-14,Producer Price Index,0.6,NVDA,1,2024-11-15,Friday,realized_vol,0.019321583621845613
2024-11-14,Producer Price Index,0.6,NVDA,2,2024-11-18,Monday,ret,0.0049458820156260686
2024-11-14,Producer Price Index,0.6,NVDA,2,2024-11-18,Monday,abs_ret,0.0049458820156260686
2024-11-14,Producer Price Index,0.6,NVDA,2,2024-11-18,Monday,range_pct,0.03153895778080429
2024-11-14,Producer Price Index,0.6,NVDA,2,2024-11-18,Monday,realized_vol,0.020903755777894835
2024-11-14,Unemployment Insurance Weekly Claims Report,0.3,NVDA,0,2024-11-14,Thursday,ret,-0.005689515036575332
2024-11-14,Unemployment Insurance Weekly Claims Report,0.3,NVDA,0,2024-11-14,Thursday,abs_ret,0.005689515036575332
2024-11-14,Unemployment Insurance Weekly Claims Report,0.3,NVDA,0,2024-11-14,Thursday,range_pct,0.023367651043077683
2024-11-14,Unemployment Insurance Weekly Claims Report,0.3,NVDA,0,2024-11-14,Thursday,realized_vol,0.01919286196126001
2024-11-14,Unemployment Insurance Weekly Claims Report,0.3,NVDA,1,2024-11-15,Friday,ret,-0.020015876302892255
2024-11-14,Unemployment Insurance Weekly Claims Report,0.3,NVDA,1,2024-11-15,Friday,abs_ret,0.020015876302892255
2024-11-14,Unemployment Insurance Weekly Claims Report,0.3,NVDA,1,2024-11-15,Friday,range_pct,0.03561814040173947
2024-11-14,Unemployment Insurance Weekly Claims Report,0.3,NVDA,1,2024-11-15,Friday,realized_vol,0.019321583621845613
2024-11-14,Unemployment Insurance Weekly Claims Report,0.3,NVDA,2,2024-11-18,Monday,ret,0.0049458820156260686
2024-11-14,Unemployment Insurance Weekly Claims Report,0.3,NVDA,2,2024-11-18,Monday,abs_ret,0.0049458820156260686
2024-11-14,Unemployment Insurance Weekly Claims Report,0.3,NVDA,2,2024-11-18,Monday,range_pct,0.03153895778080429
2024-11-14,Unemployment Insurance Weekly Claims Report,0.3,NVDA,2,2024-11-18,Monday,realized_vol,0.020903755777894835
2024-11-21,Unemployment Insurance Weekly Claims Report,0.3,NVDA,0,2024-11-21,Thursday,ret,-0.018279209909608185
2024-11-21,Unemployment Insurance Weekly Claims Report,0.3,NVDA,0,2024-11-21,Thursday,abs_ret,0.018279209909608185
2024-11-21,Unemployment Insurance Weekly Claims Report,0.3,NVDA,0,2024-11-21,Thursday,range_pct,0.08162035487110812
2024-11-21,Unemployment Insurance Weekly Claims Report,0.3,NVDA,0,2024-11-21,Thursday,realized_vol,0.0457881972158747
2024-11-21,Unemployment Insurance Weekly Claims Report,0.3,NVDA,1,2024-11-22,Friday,ret,-0.027753032275748768
2024-11-21,Unemployment Insurance Weekly Claims Report,0.3,NVDA,1,2024-11-22,Friday,abs_ret,0.027753032275748768
2024-11-21,Unemployment Insurance Weekly Claims Report,0.3,NVDA,1,2024-11-22,Friday,range_pct,0.041526759405194284
2024-11-21,Unemployment Insurance Weekly Claims Report,0.3,NVDA,1,2024-11-22,Friday,realized_vol,0.0231193328827154
2024-11-21,Unemployment Insurance Weekly Claims Report,0.3,NVDA,2,2024-11-25,Monday,ret,-0.04213641488162334
2024-11-21,Unemployment Insurance Weekly Claims Report,0.3,NVDA,2,2024-11-25,Monday,abs_ret,0.04213641488162334
2024-11-21,Unemployment Insurance Weekly Claims Report,0.3,NVDA,2,2024-11-25,Monday,range_pct,0.04389797068771152
2024-11-21,Unemployment Insurance Weekly Claims Report,0.3,NVDA,2,2024-11-25,Monday,realized_vol,0.024987648419535623
2024-11-27,Gross Domestic Product,0.6,NVDA,0,2024-11-27,Wednesday,ret,0.0028886749129695133
2024-11-27,Gross Domestic Product,0.6,NVDA,0,2024-11-27,Wednesday,abs_ret,0.0028886749129695133
2024-11-27,Gross Domestic Product,0.6,NVDA,0,2024-11-27,Wednesday,range_pct,0.0401451744315235
2024-11-27,Gross Domestic Product,0.6,NVDA,0,2024-11-27,Wednesday,realized_vol,0.017204376569889997
2024-11-27,Gross Domestic Product,0.6,NVDA,1,2024-11-29,Friday,ret,0.010092145677928821
2024-11-27,Gross Domestic Product,0.6,NVDA,1,2024-11-29,Friday,abs_ret,0.010092145677928821
2024-11-27,Gross Domestic Product,0.6,NVDA,1,2024-11-29,Friday,range_pct,0.02413339183852554
2024-11-27,Gross Domestic Product,0.6,NVDA,1,2024-11-29,Friday,realized_vol,0.014656586489099907
2024-11-27,Gross Domestic Product,0.6,NVDA,2,2024-12-02,Monday,ret,-0.0014406108189873867
2024-11-27,Gross Domestic Product,0.6,NVDA,2,2024-12-02,Monday,abs_ret,0.0014406108189873867
2024-11-27,Gross Domestic Product,0.6,NVDA,2,2024-12-02,Monday,range_pct,0.01890801699920766
2024-11-27,Gross Domestic Product,0.6,NVDA,2,2024-12-02,Monday,realized_vol,0.016678655533683927
2024-11-27,Personal Income and Outlays,1.0,NVDA,0,2024-11-27,Wednesday,ret,0.0028886749129695133
2024-11-27,Personal Income and Outlays,1.0,NVDA,0,2024-11-27,Wednesday,abs_ret,0.0028886749129695133
2024-11-27,Personal Income and Outlays,1.0,NVDA,0,2024-11-27,Wednesday,range_pct,0.0401451744315235
2024-11-27,Personal Income and Outlays,1.0,NVDA,0,2024-11-27,Wednesday,realized_vol,0.017204376569889997
2024-11-27,Personal Income and Outlays,1.0,NVDA,1,2024-11-29,Friday,ret,0.010092145677928821
2024-11-27,Personal Income and Outlays,1.0,NVDA,1,2024-11-29,Friday,abs_ret,0.010092145677928821
2024-11-27,Personal Income and Outlays,1.0,NVDA,1,2024-11-29,Friday,range_pct,0.02413339183852554
2024-11-27,Personal Income and Outlays,1.0,NVDA,1,2024-11-29,Friday,realized_vol,0.014656586489099907
2024-11-27,Personal Income and Outlays,1.0,NVDA,2,2024-12-02,Monday,ret,-0.0014406108189873867
2024-11-27,Personal Income and Outlays,1.0,NVDA,2,2024-12-02,Monday,abs_ret,0.0014406108189873867
2024-11-27,Personal Income and Outlays,1.0,NVDA,2,2024-12-02,Monday,range_pct,0.01890801699920766
2024-11-27,Personal Income and Outlays,1.0,NVDA,2,2024-12-02,Monday,realized_vol,0.016678655533683927
2024-11-27,Unemployment Insurance Weekly Claims Report,0.3,NVDA,0,2024-11-27,Wednesday,ret,0.0028886749129695133
2024-11-27,Unemployment Insurance Weekly Claims Report,0.3,NVDA,0,2024-11-27,Wednesday,abs_ret,0.0028886749129695133
2024-11-27,Unemployment Insurance Weekly Claims Report,0.3,NVDA,0,2024-11-27,Wednesday,range_pct,0.0401451744315235
2024-11-27,Unemployment Insurance Weekly Claims Report,0.3,NVDA,0,2024-11-27,Wednesday,realized_vol,0.017204376569889997
2024-11-27,Unemployment Insurance Weekly Claims Report,0.3,NVDA,1,2024-11-29,Friday,ret,0.010092145677928821
2024-11-27,Unemployment Insurance Weekly Claims Report,0.3,NVDA,1,2024-11-29,Friday,abs_ret,0.010092145677928821
2024-11-27,Unemployment Insurance Weekly Claims Report,0.3,NVDA,1,2024-11-29,Friday,range_pct,0.02413339183852554
2024-11-27,Unemployment Insurance Weekly Claims Report,0.3,NVDA,1,2024-11-29,Friday,realized_vol,0.014656586489099907
2024-11-27,Unemployment Insurance Weekly Claims Report,0.3,NVDA,2,2024-12-02,Monday,ret,-0.0014406108189873867
2024-11-27,Unemployment Insurance Weekly Claims Report,0.3,NVDA,2,2024-12-02,Monday,abs_ret,0.0014406108189873867
2024-11-27,Unemployment Insurance Weekly Claims Report,0.3,NVDA,2,2024-12-02,Monday,range_pct,0.01890801699920766
2024-11-27,Unemployment Insurance Weekly Claims Report,0.3,NVDA,2,2024-12-02,Monday,realized_vol,0.016678655533683927
2024-12-05,Unemployment Insurance Weekly Claims Report,0.3,NVDA,0,2024-12-05,Thursday,ret,-0.000757993384785105
2024-12-05,Unemployment Insurance Weekly Claims Report,0.3,NVDA,0,2024-12-05,Thursday,abs_ret,0.000757993384785105
2024-12-05,Unemployment Insurance Weekly Claims Report,0.3,NVDA,0,2024-12-05,Thursday,range_pct,0.017847298787210607
2024-12-05,Unemployment Insurance Weekly Claims Report,0.3,NVDA,0,2024-12-05,Thursday,realized_vol,0.014489397871102427
2024-12-05,Unemployment Insurance Weekly Claims Report,0.3,NVDA,1,2024-12-06,Friday,ret,-0.015214384508990264
2024-12-05,Unemployment Insurance Weekly Claims Report,0.3,NVDA,1,2024-12-06,Friday,abs_ret,0.015214384508990264
2024-12-05,Unemployment Insurance Weekly Claims Report,0.3,NVDA,1,2024-12-06,Friday,range_pct,0.03035961272475786
2024-12-05,Unemployment Insurance Weekly Claims Report,0.3,NVDA,1,2024-12-06,Friday,realized_vol,0.015511606974884674
2024-12-05,Unemployment Insurance Weekly Claims Report,0.3,NVDA,2,2024-12-09,Monday,ret,-0.0012591739818678116
2024-12-05,Unemployment Insurance Weekly Claims Report,0.3,NVDA,2,2024-12-09,Monday,abs_ret,0.0012591739818678116
2024-12-05,Unemployment Insurance Weekly Claims Report,0.3,NVDA,2,2024-12-09,Monday,range_pct,0.020290689307814025
2024-12-05,Unemployment Insurance Weekly Claims Report,0.3,NVDA,2,2024-12-09,Monday,realized_vol,0.01758620584019065
2024-12-06,Employment Situation,1.0,NVDA,0,2024-12-06,Friday,ret,-0.015214384508990264
2024-12-06,Employment Situation,1.0,NVDA,0,2024-12-06,Friday,abs_ret,0.015214384508990264
2024-12-06,Employment Situation,1.0,NVDA,0,2024-12-06,Friday,range_pct,0.03035961272475786
2024-12-06,Employment Situation,1.0,NVDA,0,2024-12-06,Friday,realized_vol,0.015511606974884674
2024-12-06,Employment Situation,1.0,NVDA,1,2024-12-09,Monday,ret,-0.0012591739818678116
2024-12-06,Employment Situation,1.0,NVDA,1,2024-12-09,Monday,abs_ret,0.0012591739818678116
2024-12-06,Employment Situation,1.0,NVDA,1,2024-12-09,Monday,range_pct,0.020290689307814025
2024-12-06,Employment Situation,1.0,NVDA,1,2024-12-09,Monday,realized_vol,0.01758620584019065
2024-12-06,Employment Situation,1.0,NVDA,2,2024-12-10,Tuesday,ret,-0.02827134738508008
2024-12-06,Employment Situation,1.0,NVDA,2,2024-12-10,Tuesday,abs_ret,0.02827134738508008
2024-12-06,Employment Situation,1.0,NVDA,2,2024-12-10,Tuesday,range_pct,0.05776562837205958
2024-12-06,Employment Situation,1.0,NVDA,2,2024-12-10,Tuesday,realized_vol,0.02175137362668666
2024-12-11,Consumer Price Index,1.0,NVDA,0,2024-12-11,Wednesday,ret,0.013832265579498904
2024-12-11,Consumer Price Index,1.0,NVDA,0,2024-12-11,Wednesday,abs_ret,0.013832265579498904
2024-12-11,Consumer Price Index,1.0,NVDA,0,2024-12-11,Wednesday,range_pct,0.03610949330227125
2024-12-11,Consumer Price Index,1.0,NVDA,0,2024-12-11,Wednesday,realized_vol,0.0207520719242075
2024-12-11,Consumer Price Index,1.0,NVDA,1,2024-12-12,Thursday,ret,0.0016049022468631602
2024-12-11,Consumer Price Index,1.0,NVDA,1,2024-12-12,Thursday,abs_ret,0.0016049022468631602
2024-12-11,Consumer Price Index,1.0,NVDA,1,2024-12-12,Thursday,range_pct,0.019258826962357645
2024-12-11,Consumer Price Index,1.0,NVDA,1,2024-12-12,Thursday,realized_vol,0.015658616186980192
2024-12-11,Consumer Price Index,1.0,NVDA,2,2024-12-13,Friday,ret,-0.03431901575652929
2024-12-11,Consumer Price Index,1.0,NVDA,2,2024-12-13,Friday,abs_ret,0.03431901575652929
2024-12-11,Consumer Price Index,1.0,NVDA,2,2024-12-13,Friday,range_pct,0.05079502122454854
2024-12-11,Consumer Price Index,1.0,NVDA,2,2024-12-13,Friday,realized_vol,0.022853254398718013
2024-12-12,Producer Price Index,0.6,NVDA,0,2024-12-12,Thursday,ret,0.0016049022468631602
2024-12-12,Producer Price Index,0.6,NVDA,0,2024-12-12,Thursday,abs_ret,0.0016049022468631602
2024-12-12,Producer Price Index,0.6,NVDA,0,2024-12-12,Thursday,range_pct,0.019258826962357645
2024-12-12,Producer Price Index,0.6,NVDA,0,2024-12-12,Thursday,realized_vol,0.015658616186980192
2024-12-12,Producer Price Index,0.6,NVDA,1,2024-12-13,Friday,ret,-0.03431901575652929
2024-12-12,Producer Price Index,0.6,NVDA,1,2024-12-13,Friday,abs_ret,0.03431901575652929
2024-12-12,Producer Price Index,0.6,NVDA,1,2024-12-13,Friday,range_pct,0.05079502122454854
2024-12-12,Producer Price Index,0.6,NVDA,1,2024-12-13,Friday,realized_vol,0.022853254398718013
2024-12-12,Producer Price Index,0.6,NVDA,2,2024-12-16,Monday,ret,-0.0163971081463814
2024-12-12,Producer Price Index,0.6,NVDA,2,2024-12-16,Monday,abs_ret,0.0163971081463814
2024-12-12,Producer Price Index,0.6,NVDA,2,2024-12-16,Monday,range_pct,0.02966385928299932
2024-12-12,Producer Price Index,0.6,NVDA,2,2024-12-16,Monday,realized_vol,0.026293949651832193
2024-12-12,Unemployment Insurance Weekly Claims Report,0.3,NVDA,0,2024-12-12,Thursday,ret,0.0016049022468631602
2024-12-12,Unemployment Insurance Weekly Claims Report,0.3,NVDA,0,2024-12-12,Thursday,abs_ret,0.0016049022468631602
2024-12-12,Unemployment Insurance Weekly Claims Report,0.3,NVDA,0,2024-12-12,Thursday,range_pct,0.019258826962357645
2024-12-12,Unemployment Insurance Weekly Claims Report,0.3,NVDA,0,2024-12-12,Thursday,realized_vol,0.015658616186980192
2024-12-12,Unemployment Insurance Weekly Claims Report,0.3,NVDA,1,2024-12-13,Friday,ret,-0.03431901575652929
2024-12-12,Unemployment Insurance Weekly Claims Report,0.3,NVDA,1,2024-12-13,Friday,abs_ret,0.03431901575652929
2024-12-12,Unemployment Insurance Weekly Claims Report,0.3,NVDA,1,2024-12-13,Friday,range_pct,0.05079502122454854
2024-12-12,Unemployment Insurance Weekly Claims Report,0.3,NVDA,1,2024-12-13,Friday,realized_vol,0.022853254398718013
2024-12-12,Unemployment Insurance Weekly Claims Report,0.3,NVDA,2,2024-12-16,Monday,ret,-0.0163971081463814
2024-12-12,Unemployment Insurance Weekly Claims Report,0.3,NVDA,2,2024-12-16,Monday,abs_ret,0.0163971081463814
2024-12-12,Unemployment Insurance Weekly Claims Report,0.3,NVDA,2,2024-12-16,Monday,range_pct,0.02966385928299932
2024-12-12,Unemployment Insurance Weekly Claims Report,0.3,NVDA,2,2024-12-16,Monday,realized_vol,0.026293949651832193
2024-12-19,Gross Domestic Product,0.6,NVDA,0,2024-12-19,Thursday,ret,-0.007821992709599046
2024-12-19,Gross Domestic Product,0.6,NVDA,0,2024-12-19,Thursday,abs_ret,0.007821992709599046
2024-12-19,Gross Domestic Product,0.6,NVDA,0,2024-12-19,Thursday,range_pct,0.03402187120291608
2024-12-19,Gross Domestic Product,0.6,NVDA,0,2024-12-19,Thursday,realized_vol,0.027063811237838083
2024-12-19,Gross Domestic Product,0.6,NVDA,1,2024-12-20,Friday,ret,0.04023121387283246
2024-12-19,Gross Domestic Product,0.6,NVDA,1,2024-12-20,Friday,abs_ret,0.04023121387283246
2024-12-19,Gross Domestic Product,0.6,NVDA,1,2024-12-20,Friday,range_pct,0.05441233140655108
2024-12-19,Gross Domestic Product,0.6,NVDA,1,2024-12-20,Friday,realized_vol,0.025507938133638334
2024-12-19,Gross Domestic Product,0.6,NVDA,2,2024-12-23,Monday,ret,0.025102759835584187
2024-12-19,Gross Domestic Product,0.6,NVDA,2,2024-12-23,Monday,abs_ret,0.025102759835584187
2024-12-19,Gross Domestic Product,0.6,NVDA,2,2024-12-23,Monday,range_pct,0.03427701115678203
2024-12-19,Gross Domestic Product,0.6,NVDA,2,2024-12-23,Monday,realized_vol,0.021410966174387088
2024-12-19,Unemployment Insurance Weekly Claims Report,0.3,NVDA,0,2024-12-19,Thursday,ret,-0.007821992709599046
2024-12-19,Unemployment Insurance Weekly Claims Report,0.3,NVDA,0,2024-12-19,Thursday,abs_ret,0.007821992709599046
2024-12-19,Unemployment Insurance Weekly Claims Report,0.3,NVDA,0,2024-12-19,Thursday,range_pct,0.03402187120291608
2024-12-19,Unemployment Insurance Weekly Claims Report,0.3,NVDA,0,2024-12-19,Thursday,realized_vol,0.027063811237838083
2024-12-19,Unemployment Insurance Weekly Claims Report,0.3,NVDA,1,2024-12-20,Friday,ret,0.04023121387283246
2024-12-19,Unemployment Insurance Weekly Claims Report,0.3,NVDA,1,2024-12-20,Friday,abs_ret,0.04023121387283246
2024-12-19,Unemployment Insurance Weekly Claims Report,0.3,NVDA,1,2024-12-20,Friday,range_pct,0.05441233140655108
2024-12-19,Unemployment Insurance Weekly Claims Report,0.3,NVDA,1,2024-12-20,Friday,realized_vol,0.025507938133638334
2024-12-19,Unemployment Insurance Weekly Claims Report,0.3,NVDA,2,2024-12-23,Monday,ret,0.025102759835584187
2024-12-19,Unemployment Insurance Weekly Claims Report,0.3,NVDA,2,2024-12-23,Monday,abs_ret,0.025102759835584187
2024-12-19,Unemployment Insurance Weekly Claims Report,0.3,NVDA,2,2024-12-23,Monday,range_pct,0.03427701115678203
2024-12-19,Unemployment Insurance Weekly Claims Report,0.3,NVDA,2,2024-12-23,Monday,realized_vol,0.021410966174387088
2024-12-20,Personal Income and Outlays,1.0,NVDA,0,2024-12-20,Friday,ret,0.04023121387283246
2024-12-20,Personal Income and Outlays,1.0,NVDA,0,2024-12-20,Friday,abs_ret,0.04023121387283246
2024-12-20,Personal Income and Outlays,1.0,NVDA,0,2024-12-20,Friday,range_pct,0.05441233140655108
2024-12-20,Personal Income and Outlays,1.0,NVDA,0,2024-12-20,Friday,realized_vol,0.025507938133638334
2024-12-20,Personal Income and Outlays,1.0,NVDA,1,2024-12-23,Monday,ret,0.025102759835584187
2024-12-20,Personal Income and Outlays,1.0,NVDA,1,2024-12-23,Monday,abs_ret,0.025102759835584187
2024-12-20,Personal Income and Outlays,1.0,NVDA,1,2024-12-23,Monday,range_pct,0.03427701115678203
2024-12-20,Personal Income and Outlays,1.0,NVDA,1,2024-12-23,Monday,realized_vol,0.021410966174387088
2024-12-20,Personal Income and Outlays,1.0,NVDA,2,2024-12-24,Tuesday,ret,-0.0027848010856366123
2024-12-20,Personal Income and Outlays,1.0,NVDA,2,2024-12-24,Tuesday,abs_ret,0.0027848010856366123
2024-12-20,Personal Income and Outlays,1.0,NVDA,2,2024-12-24,Tuesday,range_pct,0.023212627669452184
2024-12-20,Personal Income and Outlays,1.0,NVDA,2,2024-12-24,Tuesday,realized_vol,0.011589699468470382
2024-12-26,Unemployment Insurance Weekly Claims Report,0.3,NVDA,0,2024-12-26,Thursday,ret,0.0019335433973073357
2024-12-26,Unemployment Insurance Weekly Claims Report,0.3,NVDA,0,2024-12-26,Thursday,abs_ret,0.0019335433973073357
2024-12-26,Unemployment Insurance Weekly Claims Report,0.3,NVDA,0,2024-12-26,Thursday,range_pct,0.022343168146662883
2024-12-26,Unemployment Insurance Weekly Claims Report,0.3,NVDA,0,2024-12-26,Thursday,realized_vol,0.01519994744936088
2024-12-26,Unemployment Insurance Weekly Claims Report,0.3,NVDA,1,2024-12-27,Friday,ret,-0.010464025402323607
2024-12-26,Unemployment Insurance Weekly Claims Report,0.3,NVDA,1,2024-12-27,Friday,abs_ret,0.010464025402323607
2024-12-26,Unemployment Insurance Weekly Claims Report,0.3,NVDA,1,2024-12-27,Friday,range_pct,0.03110341343725195
2024-12-26,Unemployment Insurance Weekly Claims Report,0.3,NVDA,1,2024-12-27,Friday,realized_vol,0.0196948653190181
2024-12-26,Unemployment Insurance Weekly Claims Report,0.3,NVDA,2,2024-12-30,Monday,ret,0.018986872357783735
2024-12-26,Unemployment Insurance Weekly Claims Report,0.3,NVDA,2,2024-12-30,Monday,abs_ret,0.018986872357783735
2024-12-26,Unemployment Insurance Weekly Claims Report,0.3,NVDA,2,2024-12-30,Monday,range_pct,0.04635466884224579
2024-12-26,Unemployment Insurance Weekly Claims Report,0.3,NVDA,2,2024-12-30,Monday,realized_vol,0.02377517465048928
2025-01-02,Unemployment Insurance Weekly Claims Report,0.3,NVDA,0,2025-01-02,Thursday,ret,0.016764705882353015
2025-01-02,Unemployment Insurance Weekly Claims Report,0.3,NVDA,0,2025-01-02,Thursday,abs_ret,0.016764705882353015
2025-01-02,Unemployment Insurance Weekly Claims Report,0.3,NVDA,0,2025-01-02,Thursday,range_pct,0.03125
2025-01-02,Unemployment Insurance Weekly Claims Report,0.3,NVDA,0,2025-01-02,Thursday,realized_vol,0.029173057906318245
2025-01-02,Unemployment Insurance Weekly Claims Report,0.3,NVDA,1,2025-01-03,Friday,ret,0.03278571428571442
2025-01-02,Unemployment Insurance Weekly Claims Report,0.3,NVDA,1,2025-01-03,Friday,abs_ret,0.03278571428571442
2025-01-02,Unemployment Insurance Weekly Claims Report,0.3,NVDA,1,2025-01-03,Friday,range_pct,0.03692857142857154
2025-01-02,Unemployment Insurance Weekly Claims Report,0.3,NVDA,1,2025-01-03,Friday,realized_vol,0.015872520981395587
2025-01-02,Unemployment Insurance Weekly Claims Report,0.3,NVDA,2,2025-01-06,Monday,ret,0.006192206743387718
2025-01-02,Unemployment Insurance Weekly Claims Report,0.3,NVDA,2,2025-01-06,Monday,abs_ret,0.006192206743387718
2025-01-02,Unemployment Insurance Weekly Claims Report,0.3,NVDA,2,2025-01-06,Monday,range_pct,0.029180294770846014
2025-01-02,Unemployment Insurance Weekly Claims Report,0.3,NVDA,2,2025-01-06,Monday,realized_vol,0.023834549960269052
2025-01-08,Unemployment Insurance Weekly Claims Report,0.3,NVDA,0,2025-01-08,Wednesday,ret,-0.01774317974612527
2025-01-08,Unemployment Insurance Weekly Claims Report,0.3,NVDA,0,2025-01-08,Wednesday,abs_ret,0.01774317974612527
2025-01-08,Unemployment Insurance Weekly Claims Report,0.3,NVDA,0,2025-01-08,Wednesday,range_pct,0.04481380180938345
2025-01-08,Unemployment Insurance Weekly Claims Report,0.3,NVDA,0,2025-01-08,Wednesday,realized_vol,0.031882147902070154
2025-01-08,Unemployment Insurance Weekly Claims Report,0.3,NVDA,1,2025-01-10,Friday,ret,-0.011567842851946009
2025-01-08,Unemployment Insurance Weekly Claims Report,0.3,NVDA,1,2025-01-10,Friday,abs_ret,0.011567842851946009
2025-01-08,Unemployment Insurance Weekly Claims Report,0.3,NVDA,1,2025-01-10,Friday,range_pct,0.04146962531829748
2025-01-08,Unemployment Insurance Weekly Claims Report,0.3,NVDA,1,2025-01-10,Friday,realized_vol,0.022635644435596496
2025-01-08,Unemployment Insurance Weekly Claims Report,0.3,NVDA,2,2025-01-13,Monday,ret,0.025001923224863498
2025-01-08,Unemployment Insurance Weekly Claims Report,0.3,NVDA,2,2025-01-13,Monday,abs_ret,0.025001923224863498
2025-01-08,Unemployment Insurance Weekly Claims Report,0.3,NVDA,2,2025-01-13,Monday,range_pct,0.03061773982614061
2025-01-08,Unemployment Insurance Weekly Claims Report,0.3,NVDA,2,2025-01-13,Monday,realized_vol,0.023099319590351892
2025-01-10,Employment Situation,1.0,NVDA,0,2025-01-10,Friday,ret,-0.011567842851946009
2025-01-10,Employment Situation,1.0,NVDA,0,2025-01-10,Friday,abs_ret,0.011567842851946009
2025-01-10,Employment Situation,1.0,NVDA,0,2025-01-10,Friday,range_pct,0.04146962531829748
2025-01-10,Employment Situation,1.0,NVDA,0,2025-01-10,Friday,realized_vol,0.022635644435596496
2025-01-10,Employment Situation,1.0,NVDA,1,2025-01-13,Monday,ret,0.025001923224863498
2025-01-10,Employment Situation,1.0,NVDA,1,2025-01-13,Monday,abs_ret,0.025001923224863498
2025-01-10,Employment Situation,1.0,NVDA,1,2025-01-13,Monday,range_pct,0.03061773982614061
2025-01-10,Employment Situation,1.0,NVDA,1,2025-01-13,Monday,realized_vol,0.023099319590351892
2025-01-10,Employment Situation,1.0,NVDA,2,2025-01-14,Tuesday,ret,-0.030799764775066185
2025-01-10,Employment Situation,1.0,NVDA,2,2025-01-14,Tuesday,abs_ret,0.030799764775066185
2025-01-10,Employment Situation,1.0,NVDA,2,2025-01-14,Tuesday,range_pct,0.04653043222581582
2025-01-10,Employment Situation,1.0,NVDA,2,2025-01-14,Tuesday,realized_vol,0.02353585289168963
2025-01-14,Producer Price Index,0.6,NVDA,0,2025-01-14,Tuesday,ret,-0.030799764775066185
2025-01-14,Producer Price Index,0.6,NVDA,0,2025-01-14,Tuesday,abs_ret,0.030799764775066185
2025-01-14,Producer Price Index,0.6,NVDA,0,2025-01-14,Tuesday,range_pct,0.04653043222581582
2025-01-14,Producer Price Index,0.6,NVDA,0,2025-01-14,Tuesday,realized_vol,0.02353585289168963
2025-01-14,Producer Price Index,0.6,NVDA,1,2025-01-15,Wednesday,ret,0.01900486344930785
2025-01-14,Producer Price Index,0.6,NVDA,1,2025-01-15,Wednesday,abs_ret,0.01900486344930785
2025-01-14,Producer Price Index,0.6,NVDA,1,2025-01-15,Wednesday,range_pct,0.038608305274971916
2025-01-14,Producer Price Index,0.6,NVDA,1,2025-01-15,Wednesday,realized_vol,0.018034531649963874
2025-01-14,Producer Price Index,0.6,NVDA,2,2025-01-16,Thursday,ret,-0.03656953260242346
2025-01-14,Producer Price Index,0.6,NVDA,2,2025-01-16,Thursday,abs_ret,0.03656953260242346
2025-01-14,Producer Price Index,0.6,NVDA,2,2025-01-16,Thursday,range_pct,0.037939988459319035
2025-01-14,Producer Price Index,0.6,NVDA,2,2025-01-16,Thursday,realized_vol,0.020595965877430535
2025-01-15,Consumer Price Index,1.0,NVDA,0,2025-01-15,Wednesday,ret,0.01900486344930785
2025-01-15,Consumer Price Index,1.0,NVDA,0,2025-01-15,Wednesday,abs_ret,0.01900486344930785
2025-01-15,Consumer Price Index,1.0,NVDA,0,2025-01-15,Wednesday,range_pct,0.038608305274971916
2025-01-15,Consumer Price Index,1.0,NVDA,0,2025-01-15,Wednesday,realized_vol,0.018034531649963874
2025-01-15,Consumer Price Index,1.0,NVDA,1,2025-01-16,Thursday,ret,-0.03656953260242346
2025-01-15,Consumer Price Index,1.0,NVDA,1,2025-01-16,Thursday,abs_ret,0.03656953260242346
2025-01-15,Consumer Price Index,1.0,NVDA,1,2025-01-16,Thursday,range_pct,0.037939988459319035
2025-01-15,Consumer Price Index,1.0,NVDA,1,2025-01-16,Thursday,realized_vol,0.020595965877430535
2025-01-15,Consumer Price Index,1.0,NVDA,2,2025-01-17,Friday,ret,0.007681053401609406
2025-01-15,Consumer Price Index,1.0,NVDA,2,2025-01-17,Friday,abs_ret,0.007681053401609406
2025-01-15,Consumer Price Index,1.0,NVDA,2,2025-01-17,Friday,range_pct,0.02220263350402341
2025-01-15,Consumer Price Index,1.0,NVDA,2,2025-01-17,Friday,realized_vol,0.012552794667188956
2025-01-16,Unemployment Insurance Weekly Claims Report,0.3,NVDA,0,2025-01-16,Thursday,ret,-0.03656953260242346
2025-01-16,Unemployment Insurance Weekly Claims Report,0.3,NVDA,0,2025-01-16,Thursday,abs_ret,0.03656953260242346
2025-01-16,Unemployment Insurance Weekly Claims Report,0.3,NVDA,0,2025-01-16,Thursday,range_pct,0.037939988459319035
2025-01-16,Unemployment Insurance Weekly Claims Report,0.3,NVDA,0,2025-01-16,Thursday,realized_vol,0.020595965877430535
2025-01-16,Unemployment Insurance Weekly Claims Report,0.3,NVDA,1,2025-01-17,Friday,ret,0.007681053401609406
2025-01-16,Unemployment Insurance Weekly Claims Report,0.3,NVDA,1,2025-01-17,Friday,abs_ret,0.007681053401609406
2025-01-16,Unemployment Insurance Weekly Claims Report,0.3,NVDA,1,2025-01-17,Friday,range_pct,0.02220263350402341
2025-01-16,Unemployment Insurance Weekly Claims Report,0.3,NVDA,1,2025-01-17,Friday,realized_vol,0.012552794667188956
2025-01-16,Unemployment Insurance Weekly Claims Report,0.3,NVDA,2,2025-01-21,Tuesday,ret,0.011419132433208912
2025-01-16,Unemployment Insurance Weekly Claims Report,0.3,NVDA,2,2025-01-21,Tuesday,abs_ret,0.011419132433208912
2025-01-16,Unemployment Insurance Weekly Claims Report,0.3,NVDA,2,2025-01-21,Tuesday,range_pct,0.03404194197069814
2025-01-16,Unemployment Insurance Weekly Claims Report,0.3,NVDA,2,2025-01-21,Tuesday,realized_vol,0.02025933988718426
2025-01-23,Unemployment Insurance Weekly Claims Report,0.3,NVDA,0,2025-01-23,Thursday,ret,0.014891416752843778
2025-01-23,Unemployment Insurance Weekly Claims Report,0.3,NVDA,0,2025-01-23,Thursday,abs_ret,0.014891416752843778
2025-01-23,Unemployment Insurance Weekly Claims Report,0.3,NVDA,0,2025-01-23,Thursday,range_pct,0.024198552223371188
2025-01-23,Unemployment Insurance Weekly Claims Report,0.3,NVDA,0,2025-01-23,Thursday,realized_vol,0.01401546053906589
2025-01-23,Unemployment Insurance Weekly Claims Report,0.3,NVDA,1,2025-01-24,Friday,ret,-0.03888656736537033
2025-01-23,Unemployment Insurance Weekly Claims Report,0.3,NVDA,1,2025-01-24,Friday,abs_ret,0.03888656736537033
2025-01-23,Unemployment Insurance Weekly Claims Report,0.3,NVDA,1,2025-01-24,Friday,range_pct,0.04778594055402038
2025-01-23,Unemployment Insurance Weekly Claims Report,0.3,NVDA,1,2025-01-24,Friday,realized_vol,0.019134709827430374
2025-01-23,Unemployment Insurance Weekly Claims Report,0.3,NVDA,2,2025-01-27,Monday,ret,-0.05040064102564101
2025-01-23,Unemployment Insurance Weekly Claims Report,0.3,NVDA,2,2025-01-27,Monday,abs_ret,0.05040064102564101
2025-01-23,Unemployment Insurance Weekly Claims Report,0.3,NVDA,2,2025-01-27,Monday,range_pct,0.09375000000000003
2025-01-23,Unemployment Insurance Weekly Claims Report,0.3,NVDA,2,2025-01-27,Monday,realized_vol,0.0487324335964682
2025-01-30,Gross Domestic Product,0.6,NVDA,0,2025-01-30,Thursday,ret,0.014703493095044706
2025-01-30,Gross Domestic Product,0.6,NVDA,0,2025-01-30,Thursday,abs_ret,0.014703493095044706
2025-01-30,Gross Domestic Product,0.6,NVDA,0,2025-01-30,Thursday,range_pct,0.05605199025182783
2025-01-30,Gross Domestic Product,0.6,NVDA,0,2025-01-30,Thursday,realized_vol,0.03431278472565807
2025-01-30,Gross Domestic Product,0.6,NVDA,1,2025-01-31,Friday,ret,-0.030538051381483244
2025-01-30,Gross Domestic Product,0.6,NVDA,1,2025-01-31,Friday,abs_ret,0.030538051381483244
2025-01-30,Gross Domestic Product,0.6,NVDA,1,2025-01-31,Friday,range_pct,0.0699628372919696
2025-01-30,Gross Domestic Product,0.6,NVDA,1,2025-01-31,Friday,realized_vol,0.0302369331911191
2025-01-30,Gross Domestic Product,0.6,NVDA,2,2025-02-03,Monday,ret,0.01655629139072845
2025-01-30,Gross Domestic Product,0.6,NVDA,2,2025-02-03,Monday,abs_ret,0.01655629139072845
2025-01-30,Gross Domestic Product,0.6,NVDA,2,2025-02-03,Monday,range_pct,0.04844893691181586
2025-01-30,Gross Domestic Product,0.6,NVDA,2,2025-02-03,Monday,realized_vol,0.036947936603611016
2025-01-30,Unemployment Insurance Weekly Claims Report,0.3,NVDA,0,2025-01-30,Thursday,ret,0.014703493095044706
2025-01-30,Unemployment Insurance Weekly Claims Report,0.3,NVDA,0,2025-01-30,Thursday,abs_ret,0.014703493095044706
2025-01-30,Unemployment Insurance Weekly Claims Report,0.3,NVDA,0,2025-01-30,Thursday,range_pct,0.05605199025182783
2025-01-30,Unemployment Insurance Weekly Claims Report,0.3,NVDA,0,2025-01-30,Thursday,realized_vol,0.03431278472565807
2025-01-30,Unemployment Insurance Weekly Claims Report,0.3,NVDA,1,2025-01-31,Friday,ret,-0.030538051381483244
2025-01-30,Unemployment Insurance Weekly Claims Report,0.3,NVDA,1,2025-01-31,Friday,abs_ret,0.030538051381483244
2025-01-30,Unemployment Insurance Weekly Claims Report,0.3,NVDA,1,2025-01-31,Friday,range_pct,0.0699628372919696
2025-01-30,Unemployment Insurance Weekly Claims Report,0.3,NVDA,1,2025-01-31,Friday,realized_vol,0.0302369331911191
2025-01-30,Unemployment Insurance Weekly Claims Report,0.3,NVDA,2,2025-02-03,Monday,ret,0.01655629139072845
2025-01-30,Unemployment Insurance Weekly Claims Report,0.3,NVDA,2,2025-02-03,Monday,abs_ret,0.01655629139072845
2025-01-30,Unemployment Insurance Weekly Claims Report,0.3,NVDA,2,2025-02-03,Monday,range_pct,0.04844893691181586
2025-01-30,Unemployment Insurance Weekly Claims Report,0.3,NVDA,2,2025-02-03,Monday,realized_vol,0.036947936603611016
2025-01-31,Personal Income and Outlays,1.0,NVDA,0,2025-01-31,Friday,ret,-0.030538051381483244
2025-01-31,Personal Income and Outlays,1.0,NVDA,0,2025-01-31,Friday,abs_ret,0.030538051381483244
2025-01-31,Personal Income and Outlays,1.0,NVDA,0,2025-01-31,Friday,range_pct,0.0699628372919696
2025-01-31,Personal Income and Outlays,1.0,NVDA,0,2025-01-31,Friday,realized_vol,0.0302369331911191
2025-01-31,Personal Income and Outlays,1.0,NVDA,1,2025-02-03,Monday,ret,0.01655629139072845
2025-01-31,Personal Income and Outlays,1.0,NVDA,1,2025-02-03,Monday,abs_ret,0.01655629139072845
2025-01-31,Personal Income and Outlays,1.0,NVDA,1,2025-02-03,Monday,range_pct,0.04844893691181586
2025-01-31,Personal Income and Outlays,1.0,NVDA,1,2025-02-03,Monday,realized_vol,0.036947936603611016
2025-01-31,Personal Income and Outlays,1.0,NVDA,2,2025-02-04,Tuesday,ret,0.014791381668946668
2025-01-31,Personal Income and Outlays,1.0,NVDA,2,2025-02-04,Tuesday,abs_ret,0.014791381668946668
2025-01-31,Personal Income and Outlays,1.0,NVDA,2,2025-02-04,Tuesday,range_pct,0.038474692202462385
2025-01-31,Personal Income and Outlays,1.0,NVDA,2,2025-02-04,Tuesday,realized_vol,0.02374856634095609
2025-02-06,Unemployment Insurance Weekly Claims Report,0.3,NVDA,0,2025-02-06,Thursday,ret,0.009848544298830753
2025-02-06,Unemployment Insurance Weekly Claims Report,0.3,NVDA,0,2025-02-06,Thursday,abs_ret,0.009848544298830753
2025-02-06,Unemployment Insurance Weekly Claims Report,0.3,NVDA,0,2025-02-06,Thursday,range_pct,0.027936906536922358
2025-02-06,Unemployment Insurance Weekly Claims Report,0.3,NVDA,0,2025-02-06,Thursday,realized_vol,0.019126756003637054
2025-02-06,Unemployment Insurance Weekly Claims Report,0.3,NVDA,1,2025-02-07,Friday,ret,0.005030181086519203
2025-02-06,Unemployment Insurance Weekly Claims Report,0.3,NVDA,1,2025-02-07,Friday,abs_ret,0.005030181086519203
2025-02-06,Unemployment Insurance Weekly Claims Report,0.3,NVDA,1,2025-02-07,Friday,range_pct,0.04155703451478103
2025-02-06,Unemployment Insurance Weekly Claims Report,0.3,NVDA,1,2025-02-07,Friday,realized_vol,0.022074018685441555
2025-02-06,Unemployment Insurance Weekly Claims Report,0.3,NVDA,2,2025-02-10,Monday,ret,0.026605151864667276
2025-02-06,Unemployment Insurance Weekly Claims Report,0.3,NVDA,2,2025-02-10,Monday,abs_ret,0.026605151864667276
2025-02-06,Unemployment Insurance Weekly Claims Report,0.3,NVDA,2,2025-02-10,Monday,range_pct,0.038754325259515505
2025-02-06,Unemployment Insurance Weekly Claims Report,0.3,NVDA,2,2025-02-10,Monday,realized_vol,0.020110472797593086
2025-02-07,Employment Situation,1.0,NVDA,0,2025-02-07,Friday,ret,0.005030181086519203
2025-02-07,Employment Situation,1.0,NVDA,0,2025-02-07,Friday,abs_ret,0.005030181086519203
2025-02-07,Employment Situation,1.0,NVDA,0,2025-02-07,Friday,range_pct,0.04155703451478103
2025-02-07,Employment Situation,1.0,NVDA,0,2025-02-07,Friday,realized_vol,0.022074018685441555
2025-02-07,Employment Situation,1.0,NVDA,1,2025-02-10,Monday,ret,0.026605151864667276
2025-02-07,Employment Situation,1.0,NVDA,1,2025-02-10,Monday,abs_ret,0.026605151864667276
2025-02-07,Employment Situation,1.0,NVDA,1,2025-02-10,Monday,range_pct,0.038754325259515505
2025-02-07,Employment Situation,1.0,NVDA,1,2025-02-10,Monday,realized_vol,0.020110472797593086
2025-02-07,Employment Situation,1.0,NVDA,2,2025-02-11,Tuesday,ret,0.0021873585759539793
2025-02-07,Employment Situation,1.0,NVDA,2,2025-02-11,Tuesday,abs_ret,0.0021873585759539793
2025-02-07,Employment Situation,1.0,NVDA,2,2025-02-11,Tuesday,range_pct,0.02609745059586649
2025-02-07,Employment Situation,1.0,NVDA,2,2025-02-11,Tuesday,realized_vol,0.01848033553545377
2025-02-12,Consumer Price Index,1.0,NVDA,0,2025-02-12,Wednesday,ret,0.008229366971771457
2025-02-12,Consumer Price Index,1.0,NVDA,0,2025-02-12,Wednesday,abs_ret,0.008229366971771457
2025-02-12,Consumer Price Index,1.0,NVDA,0,2025-02-12,Wednesday,range_pct,0.02430582262902851
2025-02-12,Consumer Price Index,1.0,NVDA,0,2025-02-12,Wednesday,realized_vol,0.017437119317302786
2025-02-12,Consumer Price Index,1.0,NVDA,1,2025-02-13,Thursday,ret,0.028126187761307486
2025-02-12,Consumer Price Index,1.0,NVDA,1,2025-02-13,Thursday,abs_ret,0.028126187761307486
2025-02-12,Consumer Price Index,1.0,NVDA,1,2025-02-13,Thursday,range_pct,0.04051691372101872
2025-02-12,Consumer Price Index,1.0,NVDA,1,2025-02-13,Thursday,realized_vol,0.02106029113505053
2025-02-12,Consumer Price Index,1.0,NVDA,2,2025-02-14,Friday,ret,0.016998827667057625
2025-02-12,Consumer Price Index,1.0,NVDA,2,2025-02-14,Friday,abs_ret,0.016998827667057625
2025-02-12,Consumer Price Index,1.0,NVDA,2,2025-02-14,Friday,range_pct,0.027476553341148888
2025-02-12,Consumer Price Index,1.0,NVDA,2,2025-02-14,Friday,realized_vol,0.014425427984992538
2025-02-13,Producer Price Index,0.6,NVDA,0,2025-02-13,Thursday,ret,0.028126187761307486
2025-02-13,Producer Price Index,0.6,NVDA,0,2025-02-13,Thursday,abs_ret,0.028126187761307486
2025-02-13,Producer Price Index,0.6,NVDA,0,2025-02-13,Thursday,range_pct,0.04051691372101872
2025-02-13,Producer Price Index,0.6,NVDA,0,2025-02-13,Thursday,realized_vol,0.02106029113505053
2025-02-13,Producer Price Index,0.6,NVDA,1,2025-02-14,Friday,ret,0.016998827667057625
2025-02-13,Producer Price Index,0.6,NVDA,1,2025-02-14,Friday,abs_ret,0.016998827667057625
2025-02-13,Producer Price Index,0.6,NVDA,1,2025-02-14,Friday,range_pct,0.027476553341148888
2025-02-13,Producer Price Index,0.6,NVDA,1,2025-02-14,Friday,realized_vol,0.014425427984992538
2025-02-13,Producer Price Index,0.6,NVDA,2,2025-02-18,Tuesday,ret,-0.013166277341261523
2025-02-13,Producer Price Index,0.6,NVDA,2,2025-02-18,Tuesday,abs_ret,0.013166277341261523
2025-02-13,Producer Price Index,0.6,NVDA,2,2025-02-18,Tuesday,range_pct,0.03903872018121318
2025-02-13,Producer Price Index,0.6,NVDA,2,2025-02-18,Tuesday,realized_vol,0.02039921908236288
2025-02-13,Unemployment Insurance Weekly Claims Report,0.3,NVDA,0,2025-02-13,Thursday,ret,0.028126187761307486
2025-02-13,Unemployment Insurance Weekly Claims Report,0.3,NVDA,0,2025-02-13,Thursday,abs_ret,0.028126187761307486
2025-02-13,Unemployment Insurance Weekly Claims Report,0.3,NVDA,0,2025-02-13,Thursday,range_pct,0.04051691372101872
2025-02-13,Unemployment Insurance Weekly Claims Report,0.3,NVDA,0,2025-02-13,Thursday,realized_vol,0.02106029113505053
2025-02-13,Unemployment Insurance Weekly Claims Report,0.3,NVDA,1,2025-02-14,Friday,ret,0.016998827667057625
2025-02-13,Unemployment Insurance Weekly Claims Report,0.3,NVDA,1,2025-02-14,Friday,abs_ret,0.016998827667057625
2025-02-13,Unemployment Insurance Weekly Claims Report,0.3,NVDA,1,2025-02-14,Friday,range_pct,0.027476553341148888
2025-02-13,Unemployment Insurance Weekly Claims Report,0.3,NVDA,1,2025-02-14,Friday,realized_vol,0.014425427984992538
2025-02-13,Unemployment Insurance Weekly Claims Report,0.3,NVDA,2,2025-02-18,Tuesday,ret,-0.013166277341261523
2025-02-13,Unemployment Insurance Weekly Claims Report,0.3,NVDA,2,2025-02-18,Tuesday,abs_ret,0.013166277341261523
2025-02-13,Unemployment Insurance Weekly Claims Report,0.3,NVDA,2,2025-02-18,Tuesday,range_pct,0.03903872018121318
2025-02-13,Unemployment Insurance Weekly Claims Report,0.3,NVDA,2,2025-02-18,Tuesday,realized_vol,0.02039921908236288
2025-02-20,Unemployment Insurance Weekly Claims Report,0.3,NVDA,0,2025-02-20,Thursday,ret,-0.00014271442842861415
2025-02-20,Unemployment Insurance Weekly Claims Report,0.3,NVDA,0,2025-02-20,Thursday,abs_ret,0.00014271442842861415
2025-02-20,Unemployment Insurance Weekly Claims Report,0.3,NVDA,0,2025-02-20,Thursday,range_pct,0.027614528328814055
2025-02-20,Unemployment Insurance Weekly Claims Report,0.3,NVDA,0,2025-02-20,Thursday,realized_vol,0.019181636153170194
2025-02-20,Unemployment Insurance Weekly Claims Report,0.3,NVDA,1,2025-02-21,Friday,ret,-0.040860061432959505
2025-02-20,Unemployment Insurance Weekly Claims Report,0.3,NVDA,1,2025-02-21,Friday,abs_ret,0.040860061432959505
2025-02-20,Unemployment Insurance Weekly Claims Report,0.3,NVDA,1,2025-02-21,Friday,range_pct,0.053075219658547085
2025-02-20,Unemployment Insurance Weekly Claims Report,0.3,NVDA,1,2025-02-21,Friday,realized_vol,0.02364919587397511
2025-02-20,Unemployment Insurance Weekly Claims Report,0.3,NVDA,2,2025-02-24,Monday,ret,-0.049258203610319407
2025-02-20,Unemployment Insurance Weekly Claims Report,0.3,NVDA,2,2025-02-24,Monday,abs_ret,0.049258203610319407
2025-02-20,Unemployment Insurance Weekly Claims Report,0.3,NVDA,2,2025-02-24,Monday,range_pct,0.062193963312139076
2025-02-20,Unemployment Insurance Weekly Claims Report,0.3,NVDA,2,2025-02-24,Monday,realized_vol,0.037679643979373525
2025-02-27,Gross Domestic Product,0.6,NVDA,0,2025-02-27,Thursday,ret,-0.11103703703703705
2025-02-27,Gross Domestic Product,0.6,NVDA,0,2025-02-27,Thursday,abs_ret,0.11103703703703705
2025-02-27,Gross Domestic Product,0.6,NVDA,0,2025-02-27,Thursday,range_pct,0.11111111111111101
2025-02-27,Gross Domestic Product,0.6,NVDA,0,2025-02-27,Thursday,realized_vol,0.043651078696052566
2025-02-27,Gross Domestic Product,0.6,NVDA,1,2025-02-28,Friday,ret,0.05938664859369691
2025-02-27,Gross Domestic Product,0.6,NVDA,1,2025-02-28,Friday,abs_ret,0.05938664859369691
2025-02-27,Gross Domestic Product,0.6,NVDA,1,2025-02-28,Friday,range_pct,0.07361911216536765
2025-02-27,Gross Domestic Product,0.6,NVDA,1,2025-02-28,Friday,realized_vol,0.041601825943815375
2025-02-27,Gross Domestic Product,0.6,NVDA,2,2025-03-03,Monday,ret,-0.07684210526315782
2025-02-27,Gross Domestic Product,0.6,NVDA,2,2025-03-03,Monday,abs_ret,0.07684210526315782
2025-02-27,Gross Domestic Product,0.6,NVDA,2,2025-03-03,Monday,range_pct,0.09246963562753038
2025-02-27,Gross Domestic Product,0.6,NVDA,2,2025-03-03,Monday,realized_vol,0.036856201579693985
2025-02-27,Unemployment Insurance Weekly Claims Report,0.3,NVDA,0,2025-02-27,Thursday,ret,-0.11103703703703705
2025-02-27,Unemployment Insurance Weekly Claims Report,0.3,NVDA,0,2025-02-27,Thursday,abs_ret,0.11103703703703705
2025-02-27,Unemployment Insurance Weekly Claims Report,0.3,NVDA,0,2025-02-27,Thursday,range_pct,0.11111111111111101
2025-02-27,Unemployment Insurance Weekly Claims Report,0.3,NVDA,0,2025-02-27,Thursday,realized_vol,0.043651078696052566
2025-02-27,Unemployment Insurance Weekly Claims Report,0.3,NVDA,1,2025-02-28,Friday,ret,0.05938664859369691
2025-02-27,Unemployment Insurance Weekly Claims Report,0.3,NVDA,1,2025-02-28,Friday,abs_ret,0.05938664859369691
2025-02-27,Unemployment Insurance Weekly Claims Report,0.3,NVDA,1,2025-02-28,Friday,range_pct,0.07361911216536765
2025-02-27,Unemployment Insurance Weekly Claims Report,0.3,NVDA,1,2025-02-28,Friday,realized_vol,0.041601825943815375
2025-02-27,Unemployment Insurance Weekly Claims Report,0.3,NVDA,2,2025-03-03,Monday,ret,-0.07684210526315782
2025-02-27,Unemployment Insurance Weekly Claims Report,0.3,NVDA,2,2025-03-03,Monday,abs_ret,0.07684210526315782
2025-02-27,Unemployment Insurance Weekly Claims Report,0.3,NVDA,2,2025-03-03,Monday,range_pct,0.09246963562753038
2025-02-27,Unemployment Insurance Weekly Claims Report,0.3,NVDA,2,2025-03-03,Monday,realized_vol,0.036856201579693985
2025-02-28,Personal Income and Outlays,1.0,NVDA,0,2025-02-28,Friday,ret,0.05938664859369691
2025-02-28,Personal Income and Outlays,1.0,NVDA,0,2025-02-28,Friday,abs_ret,0.05938664859369691
2025-02-28,Personal Income and Outlays,1.0,NVDA,0,2025-02-28,Friday,range_pct,0.07361911216536765
2025-02-28,Personal Income and Outlays,1.0,NVDA,0,2025-02-28,Friday,realized_vol,0.041601825943815375
2025-02-28,Personal Income and Outlays,1.0,NVDA,1,2025-03-03,Monday,ret,-0.07684210526315782
2025-02-28,Personal Income and Outlays,1.0,NVDA,1,2025-03-03,Monday,abs_ret,0.07684210526315782
2025-02-28,Personal Income and Outlays,1.0,NVDA,1,2025-03-03,Monday,range_pct,0.09246963562753038
2025-02-28,Personal Income and Outlays,1.0,NVDA,1,2025-03-03,Monday,realized_vol,0.036856201579693985
2025-02-28,Personal Income and Outlays,1.0,NVDA,2,2025-03-04,Tuesday,ret,0.04798915499322165
2025-02-28,Personal Income and Outlays,1.0,NVDA,2,2025-03-04,Tuesday,abs_ret,0.04798915499322165
2025-02-28,Personal Income and Outlays,1.0,NVDA,2,2025-03-04,Tuesday,range_pct,0.0831450519656575
2025-02-28,Personal Income and Outlays,1.0,NVDA,2,2025-03-04,Tuesday,realized_vol,0.04087796322309036
2025-03-06,Unemployment Insurance Weekly Claims Report,0.3,NVDA,0,2025-03-06,Thursday,ret,-0.02555516390553403
2025-03-06,Unemployment Insurance Weekly Claims Report,0.3,NVDA,0,2025-03-06,Thursday,abs_ret,0.02555516390553403
2025-03-06,Unemployment Insurance Weekly Claims Report,0.3,NVDA,0,2025-03-06,Thursday,range_pct,0.04520620373634116
2025-03-06,Unemployment Insurance Weekly Claims Report,0.3,NVDA,0,2025-03-06,Thursday,realized_vol,0.03182391109696298
2025-03-06,Unemployment Insurance Weekly Claims Report,0.3,NVDA,1,2025-03-07,Friday,ret,0.013213483146067295
2025-03-06,Unemployment Insurance Weekly Claims Report,0.3,NVDA,1,2025-03-07,Friday,abs_ret,0.013213483146067295
2025-03-06,Unemployment Insurance Weekly Claims Report,0.3,NVDA,1,2025-03-07,Friday,range_pct,0.05321348314606743
2025-03-06,Unemployment Insurance Weekly Claims Report,0.3,NVDA,1,2025-03-07,Friday,realized_vol,0.0387899952576125
2025-03-06,Unemployment Insurance Weekly Claims Report,0.3,NVDA,2,2025-03-10,Monday,ret,-0.026559941786428953
2025-03-06,Unemployment Insurance Weekly Claims Report,0.3,NVDA,2,2025-03-10,Monday,abs_ret,0.026559941786428953
2025-03-06,Unemployment Insurance Weekly Claims Report,0.3,NVDA,2,2025-03-10,Monday,range_pct,0.05812261233400037
2025-03-06,Unemployment Insurance Weekly Claims Report,0.3,NVDA,2,2025-03-10,Monday,realized_vol,0.039445410643951094
2025-03-07,Employment Situation,1.0,NVDA,0,2025-03-07,Friday,ret,0.013213483146067295
2025-03-07,Employment Situation,1.0,NVDA,0,2025-03-07,Friday,abs_ret,0.013213483146067295
2025-03-07,Employment Situation,1.0,NVDA,0,2025-03-07,Friday,range_pct,0.05321348314606743
2025-03-07,Employment Situation,1.0,NVDA,0,2025-03-07,Friday,realized_vol,0.0387899952576125
2025-03-07,Employment Situation,1.0,NVDA,1,2025-03-10,Monday,ret,-0.026559941786428953
2025-03-07,Employment Situation,1.0,NVDA,1,2025-03-10,Monday,abs_ret,0.026559941786428953
2025-03-07,Employment Situation,1.0,NVDA,1,2025-03-10,Monday,range_pct,0.05812261233400037
2025-03-07,Employment Situation,1.0,NVDA,1,2025-03-10,Monday,realized_vol,0.039445410643951094
2025-03-07,Employment Situation,1.0,NVDA,2,2025-03-11,Tuesday,ret,0.015137357503270499
2025-03-07,Employment Situation,1.0,NVDA,2,2025-03-11,Tuesday,abs_ret,0.015137357503270499
2025-03-07,Employment Situation,1.0,NVDA,2,2025-03-11,Tuesday,range_pct,0.06976266118482534
2025-03-07,Employment Situation,1.0,NVDA,2,2025-03-11,Tuesday,realized_vol,0.0537670818156845
2025-03-12,Consumer Price Index,1.0,NVDA,0,2025-03-12,Wednesday,ret,0.014195583596214423
2025-03-12,Consumer Price Index,1.0,NVDA,0,2025-03-12,Wednesday,abs_ret,0.014195583596214423
2025-03-12,Consumer Price Index,1.0,NVDA,0,2025-03-12,Wednesday,range_pct,0.033999298983526195
2025-03-12,Consumer Price Index,1.0,NVDA,0,2025-03-12,Wednesday,realized_vol,0.03461804266800939
2025-03-12,Consumer Price Index,1.0,NVDA,1,2025-03-13,Thursday,ret,-0.011279159189951371
2025-03-12,Consumer Price Index,1.0,NVDA,1,2025-03-13,Thursday,abs_ret,0.011279159189951371
2025-03-12,Consumer Price Index,1.0,NVDA,1,2025-03-13,Thursday,range_pct,0.03392292574553532
2025-03-12,Consumer Price Index,1.0,NVDA,1,2025-03-13,Thursday,realized_vol,0.03381274581751735
2025-03-12,Consumer Price Index,1.0,NVDA,2,2025-03-14,Friday,ret,0.0241989881956155
2025-03-12,Consumer Price Index,1.0,NVDA,2,2025-03-14,Friday,abs_ret,0.0241989881956155
2025-03-12,Consumer Price Index,1.0,NVDA,2,2025-03-14,Friday,range_pct,0.03145025295109603
2025-03-12,Consumer Price Index,1.0,NVDA,2,2025-03-14,Friday,realized_vol,0.019192534827210197
2025-03-13,Producer Price Index,0.6,NVDA,0,2025-03-13,Thursday,ret,-0.011279159189951371
2025-03-13,Producer Price Index,0.6,NVDA,0,2025-03-13,Thursday,abs_ret,0.011279159189951371
2025-03-13,Producer Price Index,0.6,NVDA,0,2025-03-13,Thursday,range_pct,0.03392292574553532
2025-03-13,Producer Price Index,0.6,NVDA,0,2025-03-13,Thursday,realized_vol,0.03381274581751735
2025-03-13,Producer Price Index,0.6,NVDA,1,2025-03-14,Friday,ret,0.0241989881956155
2025-03-13,Producer Price Index,0.6,NVDA,1,2025-03-14,Friday,abs_ret,0.0241989881956155
2025-03-13,Producer Price Index,0.6,NVDA,1,2025-03-14,Friday,range_pct,0.03145025295109603
2025-03-13,Producer Price Index,0.6,NVDA,1,2025-03-14,Friday,realized_vol,0.019192534827210197
2025-03-13,Producer Price Index,0.6,NVDA,2,2025-03-17,Monday,ret,-0.026322223127699385
2025-03-13,Producer Price Index,0.6,NVDA,2,2025-03-17,Monday,abs_ret,0.026322223127699385
2025-03-13,Producer Price Index,0.6,NVDA,2,2025-03-17,Monday,range_pct,0.039605574117838806
2025-03-13,Producer Price Index,0.6,NVDA,2,2025-03-17,Monday,realized_vol,0.02369797727113186
2025-03-13,Unemployment Insurance Weekly Claims Report,0.3,NVDA,0,2025-03-13,Thursday,ret,-0.011279159189951371
2025-03-13,Unemployment Insurance Weekly Claims Report,0.3,NVDA,0,2025-03-13,Thursday,abs_ret,0.011279159189951371
2025-03-13,Unemployment Insurance Weekly Claims Report,0.3,NVDA,0,2025-03-13,Thursday,range_pct,0.03392292574553532
2025-03-13,Unemployment Insurance Weekly Claims Report,0.3,NVDA,0,2025-03-13,Thursday,realized_vol,0.03381274581751735
2025-03-13,Unemployment Insurance Weekly Claims Report,0.3,NVDA,1,2025-03-14,Friday,ret,0.0241989881956155
2025-03-13,Unemployment Insurance Weekly Claims Report,0.3,NVDA,1,2025-03-14,Friday,abs_ret,0.0241989881956155
2025-03-13,Unemployment Insurance Weekly Claims Report,0.3,NVDA,1,2025-03-14,Friday,range_pct,0.03145025295109603
2025-03-13,Unemployment Insurance Weekly Claims Report,0.3,NVDA,1,2025-03-14,Friday,realized_vol,0.019192534827210197
2025-03-13,Unemployment Insurance Weekly Claims Report,0.3,NVDA,2,2025-03-17,Monday,ret,-0.026322223127699385
2025-03-13,Unemployment Insurance Weekly Claims Report,0.3,NVDA,2,2025-03-17,Monday,abs_ret,0.026322223127699385
2025-03-13,Unemployment Insurance Weekly Claims Report,0.3,NVDA,2,2025-03-17,Monday,range_pct,0.039605574117838806
2025-03-13,Unemployment Insurance Weekly Claims Report,0.3,NVDA,2,2025-03-17,Monday,realized_vol,0.02369797727113186
2025-03-20,Unemployment Insurance Weekly Claims Report,0.3,NVDA,0,2025-03-20,Thursday,ret,0.016430716430716474
2025-03-20,Unemployment Insurance Weekly Claims Report,0.3,NVDA,0,2025-03-20,Thursday,abs_ret,0.016430716430716474
2025-03-20,Unemployment Insurance Weekly Claims Report,0.3,NVDA,0,2025-03-20,Thursday,range_pct,0.03200343200343204
2025-03-20,Unemployment Insurance Weekly Claims Report,0.3,NVDA,0,2025-03-20,Thursday,realized_vol,0.022904095064566525
2025-03-20,Unemployment Insurance Weekly Claims Report,0.3,NVDA,1,2025-03-21,Friday,ret,0.005943218744655532
2025-03-20,Unemployment Insurance Weekly Claims Report,0.3,NVDA,1,2025-03-21,Friday,abs_ret,0.005943218744655532
2025-03-20,Unemployment Insurance Weekly Claims Report,0.3,NVDA,1,2025-03-21,Friday,range_pct,0.021977082264409042
2025-03-20,Unemployment Insurance Weekly Claims Report,0.3,NVDA,1,2025-03-21,Friday,realized_vol,0.017162279792797018
2025-03-20,Unemployment Insurance Weekly Claims Report,0.3,NVDA,2,2025-03-24,Monday,ret,0.011261261261261257
2025-03-20,Unemployment Insurance Weekly Claims Report,0.3,NVDA,2,2025-03-24,Monday,abs_ret,0.011261261261261257
2025-03-20,Unemployment Insurance Weekly Claims Report,0.3,NVDA,2,2025-03-24,Monday,range_pct,0.024024024024023986
2025-03-20,Unemployment Insurance Weekly Claims Report,0.3,NVDA,2,2025-03-24,Monday,realized_vol,0.01495244965862921
2025-03-27,Gross Domestic Product,0.6,NVDA,0,2025-03-27,Thursday,ret,0.0007184553210597411
2025-03-27,Gross Domestic Product,0.6,NVDA,0,2025-03-27,Thursday,abs_ret,0.0007184553210597411
2025-03-27,Gross Domestic Product,0.6,NVDA,0,2025-03-27,Thursday,range_pct,0.034036820835204366
2025-03-27,Gross Domestic Product,0.6,NVDA,0,2025-03-27,Thursday,realized_vol,0.025508107302477146
2025-03-27,Gross Domestic Product,0.6,NVDA,1,2025-03-28,Friday,ret,-0.016639009732250964
2025-03-27,Gross Domestic Product,0.6,NVDA,1,2025-03-28,Friday,abs_ret,0.016639009732250964
2025-03-27,Gross Domestic Product,0.6,NVDA,1,2025-03-28,Friday,range_pct,0.034084405973897905
2025-03-27,Gross Domestic Product,0.6,NVDA,1,2025-03-28,Friday,realized_vol,0.02045921651694589
2025-03-27,Gross Domestic Product,0.6,NVDA,2,2025-03-31,Monday,ret,0.0347222222222221
2025-03-27,Gross Domestic Product,0.6,NVDA,2,2025-03-31,Monday,abs_ret,0.0347222222222221
2025-03-27,Gross Domestic Product,0.6,NVDA,2,2025-03-31,Monday,range_pct,0.05051369863013687
2025-03-27,Gross Domestic Product,0.6,NVDA,2,2025-03-31,Monday,realized_vol,0.029272721522897536
2025-03-27,Unemployment Insurance Weekly Claims Report,0.3,NVDA,0,2025-03-27,Thursday,ret,0.0007184553210597411
2025-03-27,Unemployment Insurance Weekly Claims Report,0.3,NVDA,0,2025-03-27,Thursday,abs_ret,0.0007184553210597411
2025-03-27,Unemployment Insurance Weekly Claims Report,0.3,NVDA,0,2025-03-27,Thursday,range_pct,0.034036820835204366
2025-03-27,Unemployment Insurance Weekly Claims Report,0.3,NVDA,0,2025-03-27,Thursday,realized_vol,0.025508107302477146
2025-03-27,Unemployment Insurance Weekly Claims Report,0.3,NVDA,1,2025-03-28,Friday,ret,-0.016639009732250964
2025-03-27,Unemployment Insurance Weekly Claims Report,0.3,NVDA,1,2025-03-28,Friday,abs_ret,0.016639009732250964
2025-03-27,Unemployment Insurance Weekly Claims Report,0.3,NVDA,1,2025-03-28,Friday,range_pct,0.034084405973897905
2025-03-27,Unemployment Insurance Weekly Claims Report,0.3,NVDA,1,2025-03-28,Friday,realized_vol,0.02045921651694589
2025-03-27,Unemployment Insurance Weekly Claims Report,0.3,NVDA,2,2025-03-31,Monday,ret,0.0347222222222221
2025-03-27,Unemployment Insurance Weekly Claims Report,0.3,NVDA,2,2025-03-31,Monday,abs_ret,0.0347222222222221
2025-03-27,Unemployment Insurance Weekly Claims Report,0.3,NVDA,2,2025-03-31,Monday,range_pct,0.05051369863013687
2025-03-27,Unemployment Insurance Weekly Claims Report,0.3,NVDA,2,2025-03-31,Monday,realized_vol,0.029272721522897536
2025-03-28,Personal Income and Outlays,1.0,NVDA,0,2025-03-28,Friday,ret,-0.016639009732250964
2025-03-28,Personal Income and Outlays,1.0,NVDA,0,2025-03-28,Friday,abs_ret,0.016639009732250964
2025-03-28,Personal Income and Outlays,1.0,NVDA,0,2025-03-28,Friday,range_pct,0.034084405973897905
2025-03-28,Personal Income and Outlays,1.0,NVDA,0,2025-03-28,Friday,realized_vol,0.02045921651694589
2025-03-28,Personal Income and Outlays,1.0,NVDA,1,2025-03-31,Monday,ret,0.0347222222222221
2025-03-28,Personal Income and Outlays,1.0,NVDA,1,2025-03-31,Monday,abs_ret,0.0347222222222221
2025-03-28,Personal Income and Outlays,1.0,NVDA,1,2025-03-31,Monday,range_pct,0.05051369863013687
2025-03-28,Personal Income and Outlays,1.0,NVDA,1,2025-03-31,Monday,realized_vol,0.029272721522897536
2025-03-28,Personal Income and Outlays,1.0,NVDA,2,2025-04-01,Tuesday,ret,0.015435654057042836
2025-03-28,Personal Income and Outlays,1.0,NVDA,2,2025-04-01,Tuesday,abs_ret,0.015435654057042836
2025-03-28,Personal Income and Outlays,1.0,NVDA,2,2025-04-01,Tuesday,range_pct,0.034373128138967
2025-03-28,Personal Income and Outlays,1.0,NVDA,2,2025-04-01,Tuesday,realized_vol,0.020948216718343328
2025-04-03,Unemployment Insurance Weekly Claims Report,0.3,NVDA,0,2025-04-03,Thursday,ret,-0.016665056516278698
2025-04-03,Unemployment Insurance Weekly Claims Report,0.3,NVDA,0,2025-04-03,Thursday,abs_ret,0.016665056516278698
2025-04-03,Unemployment Insurance Weekly Claims Report,0.3,NVDA,0,2025-04-03,Thursday,range_pct,0.038933436382958174
2025-04-03,Unemployment Insurance Weekly Claims Report,0.3,NVDA,0,2025-04-03,Thursday,realized_vol,0.027503228295539632
2025-04-03,Unemployment Insurance Weekly Claims Report,0.3,NVDA,1,2025-04-04,Friday,ret,-0.04719555330975245
2025-04-03,Unemployment Insurance Weekly Claims Report,0.3,NVDA,1,2025-04-04,Friday,abs_ret,0.04719555330975245
2025-04-03,Unemployment Insurance Weekly Claims Report,0.3,NVDA,1,2025-04-04,Friday,range_pct,0.08105103587670537
2025-04-03,Unemployment Insurance Weekly Claims Report,0.3,NVDA,1,2025-04-04,Friday,realized_vol,0.05670536451993625
2025-04-03,Unemployment Insurance Weekly Claims Report,0.3,NVDA,2,2025-04-07,Monday,ret,0.11719643265492796
2025-04-03,Unemployment Insurance Weekly Claims Report,0.3,NVDA,2,2025-04-07,Monday,abs_ret,0.11719643265492796
2025-04-03,Unemployment Insurance Weekly Claims Report,0.3,NVDA,2,2025-04-07,Monday,range_pct,0.17299336839698143
2025-04-03,Unemployment Insurance Weekly Claims Report,0.3,NVDA,2,2025-04-07,Monday,realized_vol,0.10869127871708738
2025-04-04,Employment Situation,1.0,NVDA,0,2025-04-04,Friday,ret,-0.04719555330975245
2025-04-04,Employment Situation,1.0,NVDA,0,2025-04-04,Friday,abs_ret,0.04719555330975245
2025-04-04,Employment Situation,1.0,NVDA,0,2025-04-04,Friday,range_pct,0.08105103587670537
2025-04-04,Employment Situation,1.0,NVDA,0,2025-04-04,Friday,realized_vol,0.05670536451993625
2025-04-04,Employment Situation,1.0,NVDA,1,2025-04-07,Monday,ret,0.11719643265492796
2025-04-04,Employment Situation,1.0,NVDA,1,2025-04-07,Monday,abs_ret,0.11719643265492796
2025-04-04,Employment Situation,1.0,NVDA,1,2025-04-07,Monday,range_pct,0.17299336839698143
2025-04-04,Employment Situation,1.0,NVDA,1,2025-04-07,Monday,realized_vol,0.10869127871708738
2025-04-04,Employment Situation,1.0,NVDA,2,2025-04-08,Tuesday,ret,-0.06834930880015422
2025-04-04,Employment Situation,1.0,NVDA,2,2025-04-08,Tuesday,abs_ret,0.06834930880015422
2025-04-04,Employment Situation,1.0,NVDA,2,2025-04-08,Tuesday,range_pct,0.10972496507875343
2025-04-04,Employment Situation,1.0,NVDA,2,2025-04-08,Tuesday,realized_vol,0.049113309643769316
2025-04-10,Consumer Price Index,1.0,NVDA,0,2025-04-10,Thursday,ret,-0.014908991127778215
2025-04-10,Consumer Price Index,1.0,NVDA,0,2025-04-10,Thursday,abs_ret,0.014908991127778215
2025-04-10,Consumer Price Index,1.0,NVDA,0,2025-04-10,Thursday,range_pct,0.07180096954175427
2025-04-10,Consumer Price Index,1.0,NVDA,0,2025-04-10,Thursday,realized_vol,0.05409403770420082
2025-04-10,Consumer Price Index,1.0,NVDA,1,2025-04-11,Friday,ret,0.020090314256750563
2025-04-10,Consumer Price Index,1.0,NVDA,1,2025-04-11,Friday,abs_ret,0.020090314256750563
2025-04-10,Consumer Price Index,1.0,NVDA,1,2025-04-11,Friday,range_pct,0.03750714219887558
2025-04-10,Consumer Price Index,1.0,NVDA,1,2025-04-11,Friday,realized_vol,0.03170640324715491
2025-04-10,Consumer Price Index,1.0,NVDA,2,2025-04-14,Monday,ret,-0.030223390275952666
2025-04-10,Consumer Price Index,1.0,NVDA,2,2025-04-14,Monday,abs_ret,0.030223390275952666
2025-04-10,Consumer Price Index,1.0,NVDA,2,2025-04-14,Monday,range_pct,0.04572930354796332
2025-04-10,Consumer Price Index,1.0,NVDA,2,2025-04-14,Monday,realized_vol,0.029283127354677776
2025-04-10,Unemployment Insurance Weekly Claims Report,0.3,NVDA,0,2025-04-10,Thursday,ret,-0.014908991127778215
2025-04-10,Unemployment Insurance Weekly Claims Report,0.3,NVDA,0,2025-04-10,Thursday,abs_ret,0.014908991127778215
2025-04-10,Unemployment Insurance Weekly Claims Report,0.3,NVDA,0,2025-04-10,Thursday,range_pct,0.07180096954175427
2025-04-10,Unemployment Insurance Weekly Claims Report,0.3,NVDA,0,2025-04-10,Thursday,realized_vol,0.05409403770420082
2025-04-10,Unemployment Insurance Weekly Claims Report,0.3,NVDA,1,2025-04-11,Friday,ret,0.020090314256750563
2025-04-10,Unemployment Insurance Weekly Claims Report,0.3,NVDA,1,2025-04-11,Friday,abs_ret,0.020090314256750563
2025-04-10,Unemployment Insurance Weekly Claims Report,0.3,NVDA,1,2025-04-11,Friday,range_pct,0.03750714219887558
2025-04-10,Unemployment Insurance Weekly Claims Report,0.3,NVDA,1,2025-04-11,Friday,realized_vol,0.03170640324715491
2025-04-10,Unemployment Insurance Weekly Claims Report,0.3,NVDA,2,2025-04-14,Monday,ret,-0.030223390275952666
2025-04-10,Unemployment Insurance Weekly Claims Report,0.3,NVDA,2,2025-04-14,Monday,abs_ret,0.030223390275952666
2025-04-10,Unemployment Insurance Weekly Claims Report,0.3,NVDA,2,2025-04-14,Monday,range_pct,0.04572930354796332
2025-04-10,Unemployment Insurance Weekly Claims Report,0.3,NVDA,2,2025-04-14,Monday,realized_vol,0.029283127354677776
2025-04-11,Producer Price Index,0.6,NVDA,0,2025-04-11,Friday,ret,0.020090314256750563
2025-04-11,Producer Price Index,0.6,NVDA,0,2025-04-11,Friday,abs_ret,0.020090314256750563
2025-04-11,Producer Price Index,0.6,NVDA,0,2025-04-11,Friday,range_pct,0.03750714219887558
2025-04-11,Producer Price Index,0.6,NVDA,0,2025-04-11,Friday,realized_vol,0.03170640324715491
2025-04-11,Producer Price Index,0.6,NVDA,1,2025-04-14,Monday,ret,-0.030223390275952666
2025-04-11,Producer Price Index,0.6,NVDA,1,2025-04-14,Monday,abs_ret,0.030223390275952666
2025-04-11,Producer Price Index,0.6,NVDA,1,2025-04-14,Monday,range_pct,0.04572930354796332
2025-04-11,Producer Price Index,0.6,NVDA,1,2025-04-14,Monday,realized_vol,0.029283127354677776
2025-04-11,Producer Price Index,0.6,NVDA,2,2025-04-15,Tuesday,ret,0.01018293232405143
2025-04-11,Producer Price Index,0.6,NVDA,2,2025-04-15,Tuesday,abs_ret,0.01018293232405143
2025-04-11,Producer Price Index,0.6,NVDA,2,2025-04-15,Tuesday,range_pct,0.028070649725150897
2025-04-11,Producer Price Index,0.6,NVDA,2,2025-04-15,Tuesday,realized_vol,0.01904091098715032
2025-04-17,Unemployment Insurance Weekly Claims Report,0.3,NVDA,0,2025-04-17,Thursday,ret,-0.02919498420599209
2025-04-17,Unemployment Insurance Weekly Claims Report,0.3,NVDA,0,2025-04-17,Thursday,abs_ret,0.02919498420599209
2025-04-17,Unemployment Insurance Weekly Claims Report,0.3,NVDA,0,2025-04-17,Thursday,range_pct,0.042308796783765694
2025-04-17,Unemployment Insurance Weekly Claims Report,0.3,NVDA,0,2025-04-17,Thursday,realized_vol,0.025064989258874563
2025-04-17,Unemployment Insurance Weekly Claims Report,0.3,NVDA,1,2025-04-21,Monday,ret,-0.019945327528601786
2025-04-17,Unemployment Insurance Weekly Claims Report,0.3,NVDA,1,2025-04-21,Monday,abs_ret,0.019945327528601786
2025-04-17,Unemployment Insurance Weekly Claims Report,0.3,NVDA,1,2025-04-21,Monday,range_pct,0.04454793965779074
2025-04-17,Unemployment Insurance Weekly Claims Report,0.3,NVDA,1,2025-04-21,Monday,realized_vol,0.020797357312622482
2025-04-17,Unemployment Insurance Weekly Claims Report,0.3,NVDA,2,2025-04-22,Tuesday,ret,0.0012150668286754485
2025-04-17,Unemployment Insurance Weekly Claims Report,0.3,NVDA,2,2025-04-22,Tuesday,abs_ret,0.0012150668286754485
2025-04-17,Unemployment Insurance Weekly Claims Report,0.3,NVDA,2,2025-04-22,Tuesday,range_pct,0.02562778452814911
2025-04-17,Unemployment Insurance Weekly Claims Report,0.3,NVDA,2,2025-04-22,Tuesday,realized_vol,0.022193632331684476
2025-04-24,Unemployment Insurance Weekly Claims Report,0.3,NVDA,0,2025-04-24,Thursday,ret,0.027925403420620443
2025-04-24,Unemployment Insurance Weekly Claims Report,0.3,NVDA,0,2025-04-24,Thursday,abs_ret,0.027925403420620443
2025-04-24,Unemployment Insurance Weekly Claims Report,0.3,NVDA,0,2025-04-24,Thursday,range_pct,0.03314329886945605
2025-04-24,Unemployment Insurance Weekly Claims Report,0.3,NVDA,0,2025-04-24,Thursday,realized_vol,0.016882563332228682
2025-04-24,Unemployment Insurance Weekly Claims Report,0.3,NVDA,1,2025-04-25,Friday,ret,0.03836795807598725
2025-04-24,Unemployment Insurance Weekly Claims Report,0.3,NVDA,1,2025-04-25,Friday,abs_ret,0.03836795807598725
2025-04-24,Unemployment Insurance Weekly Claims Report,0.3,NVDA,1,2025-04-25,Friday,range_pct,0.05792625865618564
2025-04-24,Unemployment Insurance Weekly Claims Report,0.3,NVDA,1,2025-04-25,Friday,realized_vol,0.02037349930683736
2025-04-24,Unemployment Insurance Weekly Claims Report,0.3,NVDA,2,2025-04-28,Monday,ret,-0.0096627164995442
2025-04-24,Unemployment Insurance Weekly Claims Report,0.3,NVDA,2,2025-04-28,Monday,abs_ret,0.0096627164995442
2025-04-24,Unemployment Insurance Weekly Claims Report,0.3,NVDA,2,2025-04-28,Monday,range_pct,0.03965268915223341
2025-04-24,Unemployment Insurance Weekly Claims Report,0.3,NVDA,2,2025-04-28,Monday,realized_vol,0.020536388535820765
2025-04-30,Gross Domestic Product,0.6,NVDA,0,2025-04-30,Wednesday,ret,0.0411083460949464
2025-04-30,Gross Domestic Product,0.6,NVDA,0,2025-04-30,Wednesday,abs_ret,0.0411083460949464
2025-04-30,Gross Domestic Product,0.6,NVDA,0,2025-04-30,Wednesday,range_pct,0.04613323124042886
2025-04-30,Gross Domestic Product,0.6,NVDA,0,2025-04-30,Wednesday,realized_vol,0.019789537153645256
2025-04-30,Gross Domestic Product,0.6,NVDA,1,2025-05-01,Thursday,ret,-0.014230157327205228
2025-04-30,Gross Domestic Product,0.6,NVDA,1,2025-05-01,Thursday,abs_ret,0.014230157327205228
2025-04-30,Gross Domestic Product,0.6,NVDA,1,2025-05-01,Thursday,range_pct,0.032172529609333575
2025-04-30,Gross Domestic Product,0.6,NVDA,1,2025-05-01,Thursday,realized_vol,0.023787220050280132
2025-04-30,Gross Domestic Product,0.6,NVDA,2,2025-05-02,Friday,ret,0.0019269510379258392
2025-04-30,Gross Domestic Product,0.6,NVDA,2,2025-05-02,Friday,abs_ret,0.0019269510379258392
2025-04-30,Gross Domestic Product,0.6,NVDA,2,2025-05-02,Friday,range_pct,0.01778050275904354
2025-04-30,Gross Domestic Product,0.6,NVDA,2,2025-05-02,Friday,realized_vol,0.014547943621327351
2025-04-30,Personal Income and Outlays,1.0,NVDA,0,2025-04-30,Wednesday,ret,0.0411083460949464
2025-04-30,Personal Income and Outlays,1.0,NVDA,0,2025-04-30,Wednesday,abs_ret,0.0411083460949464
2025-04-30,Personal Income and Outlays,1.0,NVDA,0,2025-04-30,Wednesday,range_pct,0.04613323124042886
2025-04-30,Personal Income and Outlays,1.0,NVDA,0,2025-04-30,Wednesday,realized_vol,0.019789537153645256
2025-04-30,Personal Income and Outlays,1.0,NVDA,1,2025-05-01,Thursday,ret,-0.014230157327205228
2025-04-30,Personal Income and Outlays,1.0,NVDA,1,2025-05-01,Thursday,abs_ret,0.014230157327205228
2025-04-30,Personal Income and Outlays,1.0,NVDA,1,2025-05-01,Thursday,range_pct,0.032172529609333575
2025-04-30,Personal Income and Outlays,1.0,NVDA,1,2025-05-01,Thursday,realized_vol,0.023787220050280132
2025-04-30,Personal Income and Outlays,1.0,NVDA,2,2025-05-02,Friday,ret,0.0019269510379258392
2025-04-30,Personal Income and Outlays,1.0,NVDA,2,2025-05-02,Friday,abs_ret,0.0019269510379258392
2025-04-30,Personal Income and Outlays,1.0,NVDA,2,2025-05-02,Friday,range_pct,0.01778050275904354
2025-04-30,Personal Income and Outlays,1.0,NVDA,2,2025-05-02,Friday,realized_vol,0.014547943621327351
2025-05-01,Unemployment Insurance Weekly Claims Report,0.3,NVDA,0,2025-05-01,Thursday,ret,-0.014230157327205228
2025-05-01,Unemployment Insurance Weekly Claims Report,0.3,NVDA,0,2025-05-01,Thursday,abs_ret,0.014230157327205228
2025-05-01,Unemployment Insurance Weekly Claims Report,0.3,NVDA,0,2025-05-01,Thursday,range_pct,0.032172529609333575
2025-05-01,Unemployment Insurance Weekly Claims Report,0.3,NVDA,0,2025-05-01,Thursday,realized_vol,0.023787220050280132
2025-05-01,Unemployment Insurance Weekly Claims Report,0.3,NVDA,1,2025-05-02,Friday,ret,0.0019269510379258392
2025-05-01,Unemployment Insurance Weekly Claims Report,0.3,NVDA,1,2025-05-02,Friday,abs_ret,0.0019269510379258392
2025-05-01,Unemployment Insurance Weekly Claims Report,0.3,NVDA,1,2025-05-02,Friday,range_pct,0.01778050275904354
2025-05-01,Unemployment Insurance Weekly Claims Report,0.3,NVDA,1,2025-05-02,Friday,realized_vol,0.014547943621327351
2025-05-01,Unemployment Insurance Weekly Claims Report,0.3,NVDA,2,2025-05-05,Monday,ret,0.008015588326469203
2025-05-01,Unemployment Insurance Weekly Claims Report,0.3,NVDA,2,2025-05-05,Monday,abs_ret,0.008015588326469203
2025-05-01,Unemployment Insurance Weekly Claims Report,0.3,NVDA,2,2025-05-05,Monday,range_pct,0.01775829236969142
2025-05-01,Unemployment Insurance Weekly Claims Report,0.3,NVDA,2,2025-05-05,Monday,realized_vol,0.012166224035743807
2025-05-02,Employment Situation,1.0,NVDA,0,2025-05-02,Friday,ret,0.0019269510379258392
2025-05-02,Employment Situation,1.0,NVDA,0,2025-05-02,Friday,abs_ret,0.0019269510379258392
2025-05-02,Employment Situation,1.0,NVDA,0,2025-05-02,Friday,range_pct,0.01778050275904354
2025-05-02,Employment Situation,1.0,NVDA,0,2025-05-02,Friday,realized_vol,0.014547943621327351
2025-05-02,Employment Situation,1.0,NVDA,1,2025-05-05,Monday,ret,0.008015588326469203
2025-05-02,Employment Situation,1.0,NVDA,1,2025-05-05,Monday,abs_ret,0.008015588326469203
2025-05-02,Employment Situation,1.0,NVDA,1,2025-05-05,Monday,range_pct,0.01775829236969142
2025-05-02,Employment Situation,1.0,NVDA,1,2025-05-05,Monday,realized_vol,0.012166224035743807
2025-05-02,Employment Situation,1.0,NVDA,2,2025-05-06,Tuesday,ret,0.017762626715708274
2025-05-02,Employment Situation,1.0,NVDA,2,2025-05-06,Tuesday,abs_ret,0.017762626715708274
2025-05-02,Employment Situation,1.0,NVDA,2,2025-05-06,Tuesday,range_pct,0.03514847044047719
2025-05-02,Employment Situation,1.0,NVDA,2,2025-05-06,Tuesday,realized_vol,0.01999189045338714
2025-05-08,Unemployment Insurance Weekly Claims Report,0.3,NVDA,0,2025-05-08,Thursday,ret,-0.009452274453540355
2025-05-08,Unemployment Insurance Weekly Claims Report,0.3,NVDA,0,2025-05-08,Thursday,abs_ret,0.009452274453540355
2025-05-08,Unemployment Insurance Weekly Claims Report,0.3,NVDA,0,2025-05-08,Thursday,range_pct,0.023883872056713752
2025-05-08,Unemployment Insurance Weekly Claims Report,0.3,NVDA,0,2025-05-08,Thursday,realized_vol,0.016942416582742006
2025-05-08,Unemployment Insurance Weekly Claims Report,0.3,NVDA,1,2025-05-09,Friday,ret,-0.006390593047034709
2025-05-08,Unemployment Insurance Weekly Claims Report,0.3,NVDA,1,2025-05-09,Friday,abs_ret,0.006390593047034709
2025-05-08,Unemployment Insurance Weekly Claims Report,0.3,NVDA,1,2025-05-09,Friday,range_pct,0.025732788002726742
2025-05-08,Unemployment Insurance Weekly Claims Report,0.3,NVDA,1,2025-05-09,Friday,realized_vol,0.015297328166364152
2025-05-08,Unemployment Insurance Weekly Claims Report,0.3,NVDA,2,2025-05-12,Monday,ret,0.008362712142329976
2025-05-08,Unemployment Insurance Weekly Claims Report,0.3,NVDA,2,2025-05-12,Monday,abs_ret,0.008362712142329976
2025-05-08,Unemployment Insurance Weekly Claims Report,0.3,NVDA,2,2025-05-12,Monday,range_pct,0.022300565712880208
2025-05-08,Unemployment Insurance Weekly Claims Report,0.3,NVDA,2,2025-05-12,Monday,realized_vol,0.013611354439509548
2025-05-13,Consumer Price Index,1.0,NVDA,0,2025-05-13,Tuesday,ret,0.038886221795487286
2025-05-13,Consumer Price Index,1.0,NVDA,0,2025-05-13,Tuesday,abs_ret,0.038886221795487286
2025-05-13,Consumer Price Index,1.0,NVDA,0,2025-05-13,Tuesday,range_pct,0.053999839974395836
2025-05-13,Consumer Price Index,1.0,NVDA,0,2025-05-13,Tuesday,realized_vol,0.019420619693548066
2025-05-13,Consumer Price Index,1.0,NVDA,1,2025-05-14,Wednesday,ret,0.016043089858118753
2025-05-13,Consumer Price Index,1.0,NVDA,1,2025-05-14,Wednesday,abs_ret,0.016043089858118753
2025-05-13,Consumer Price Index,1.0,NVDA,1,2025-05-14,Wednesday,range_pct,0.02818857443134896
2025-05-13,Consumer Price Index,1.0,NVDA,1,2025-05-14,Wednesday,realized_vol,0.017455467027334776
2025-05-13,Consumer Price Index,1.0,NVDA,2,2025-05-15,Thursday,ret,0.004505007632451097
2025-05-13,Consumer Price Index,1.0,NVDA,2,2025-05-15,Thursday,abs_ret,0.004505007632451097
2025-05-13,Consumer Price Index,1.0,NVDA,2,2025-05-15,Thursday,range_pct,0.027104508730779367
2025-05-13,Consumer Price Index,1.0,NVDA,2,2025-05-15,Thursday,realized_vol,0.018273121667601602
2025-05-15,Producer Price Index,0.6,NVDA,0,2025-05-15,Thursday,ret,0.004505007632451097
2025-05-15,Producer Price Index,0.6,NVDA,0,2025-05-15,Thursday,abs_ret,0.004505007632451097
2025-05-15,Producer Price Index,0.6,NVDA,0,2025-05-15,Thursday,range_pct,0.027104508730779367
2025-05-15,Producer Price Index,0.6,NVDA,0,2025-05-15,Thursday,realized_vol,0.018273121667601602
2025-05-15,Producer Price Index,0.6,NVDA,1,2025-05-16,Friday,ret,-0.0066069593304948215
2025-05-15,Producer Price Index,0.6,NVDA,1,2025-05-16,Friday,abs_ret,0.0066069593304948215
2025-05-15,Producer Price Index,0.6,NVDA,1,2025-05-16,Friday,range_pct,0.021215680516810942
2025-05-15,Producer Price Index,0.6,NVDA,1,2025-05-16,Friday,realized_vol,0.017223799496529184
2025-05-15,Producer Price Index,0.6,NVDA,2,2025-05-19,Monday,ret,0.023724971666037042
2025-05-15,Producer Price Index,0.6,NVDA,2,2025-05-19,Monday,abs_ret,0.023724971666037042
2025-05-15,Producer Price Index,0.6,NVDA,2,2025-05-19,Monday,range_pct,0.02667170381564036
2025-05-15,Producer Price Index,0.6,NVDA,2,2025-05-19,Monday,realized_vol,0.017515539402832157
2025-05-15,Unemployment Insurance Weekly Claims Report,0.3,NVDA,0,2025-05-15,Thursday,ret,0.004505007632451097
2025-05-15,Unemployment Insurance Weekly Claims Report,0.3,NVDA,0,2025-05-15,Thursday,abs_ret,0.004505007632451097
2025-05-15,Unemployment Insurance Weekly Claims Report,0.3,NVDA,0,2025-05-15,Thursday,range_pct,0.027104508730779367
2025-05-15,Unemployment Insurance Weekly Claims Report,0.3,NVDA,0,2025-05-15,Thursday,realized_vol,0.018273121667601602
2025-05-15,Unemployment Insurance Weekly Claims Report,0.3,NVDA,1,2025-05-16,Friday,ret,-0.0066069593304948215
2025-05-15,Unemployment Insurance Weekly Claims Report,0.3,NVDA,1,2025-05-16,Friday,abs_ret,0.0066069593304948215
2025-05-15,Unemployment Insurance Weekly Claims Report,0.3,NVDA,1,2025-05-16,Friday,range_pct,0.021215680516810942
2025-05-15,Unemployment Insurance Weekly Claims Report,0.3,NVDA,1,2025-05-16,Friday,realized_vol,0.017223799496529184
2025-05-15,Unemployment Insurance Weekly Claims Report,0.3,NVDA,2,2025-05-19,Monday,ret,0.023724971666037042
2025-05-15,Unemployment Insurance Weekly Claims Report,0.3,NVDA,2,2025-05-19,Monday,abs_ret,0.023724971666037042
2025-05-15,Unemployment Insurance Weekly Claims Report,0.3,NVDA,2,2025-05-19,Monday,range_pct,0.02667170381564036
2025-05-15,Unemployment Insurance Weekly Claims Report,0.3,NVDA,2,2025-05-19,Monday,realized_vol,0.017515539402832157
2025-05-22,Unemployment Insurance Weekly Claims Report,0.3,NVDA,0,2025-05-22,Thursday,ret,0.004310240508243801
2025-05-22,Unemployment Insurance Weekly Claims Report,0.3,NVDA,0,2025-05-22,Thursday,abs_ret,0.004310240508243801
2025-05-22,Unemployment Insurance Weekly Claims Report,0.3,NVDA,0,2025-05-22,Thursday,range_pct,0.020420511269096872
2025-05-22,Unemployment Insurance Weekly Claims Report,0.3,NVDA,0,2025-05-22,Thursday,realized_vol,0.014913145413119264
2025-05-22,Unemployment Insurance Weekly Claims Report,0.3,NVDA,1,2025-05-23,Friday,ret,0.010076923076923094
2025-05-22,Unemployment Insurance Weekly Claims Report,0.3,NVDA,1,2025-05-23,Friday,abs_ret,0.010076923076923094
2025-05-22,Unemployment Insurance Weekly Claims Report,0.3,NVDA,1,2025-05-23,Friday,range_pct,0.027076923076923155
2025-05-22,Unemployment Insurance Weekly Claims Report,0.3,NVDA,1,2025-05-23,Friday,realized_vol,0.015119319685137472
2025-05-22,Unemployment Insurance Weekly Claims Report,0.3,NVDA,2,2025-05-27,Tuesday,ret,0.009537292303107181
2025-05-22,Unemployment Insurance Weekly Claims Report,0.3,NVDA,2,2025-05-27,Tuesday,abs_ret,0.009537292303107181
2025-05-22,Unemployment Insurance Weekly Claims Report,0.3,NVDA,2,2025-05-27,Tuesday,range_pct,0.017509872587735596
2025-05-22,Unemployment Insurance Weekly Claims Report,0.3,NVDA,2,2025-05-27,Tuesday,realized_vol,0.008882611930375692
2025-05-29,Gross Domestic Product,0.6,NVDA,0,2025-05-29,Thursday,ret,-0.02154733031037992
2025-05-29,Gross Domestic Product,0.6,NVDA,0,2025-05-29,Thursday,abs_ret,0.02154733031037992
2025-05-29,Gross Domestic Product,0.6,NVDA,0,2025-05-29,Thursday,range_pct,0.03922809237583052
2025-05-29,Gross Domestic Product,0.6,NVDA,0,2025-05-29,Thursday,realized_vol,0.0241861908681866
2025-05-29,Gross Domestic Product,0.6,NVDA,1,2025-05-30,Friday,ret,-0.027759751964813617
2025-05-29,Gross Domestic Product,0.6,NVDA,1,2025-05-30,Friday,abs_ret,0.027759751964813617
2025-05-29,Gross Domestic Product,0.6,NVDA,1,2025-05-30,Friday,range_pct,0.04830917874396148
2025-05-29,Gross Domestic Product,0.6,NVDA,1,2025-05-30,Friday,realized_vol,0.02031160548918153
2025-05-29,Gross Domestic Product,0.6,NVDA,2,2025-06-02,Monday,ret,0.01320253724738163
2025-05-29,Gross Domestic Product,0.6,NVDA,2,2025-06-02,Monday,abs_ret,0.01320253724738163
2025-05-29,Gross Domestic Product,0.6,NVDA,2,2025-06-02,Monday,range_pct,0.02006195604071396
2025-05-29,Gross Domestic Product,0.6,NVDA,2,2025-06-02,Monday,realized_vol,0.01364703812074364
2025-05-29,Unemployment Insurance Weekly Claims Report,0.3,NVDA,0,2025-05-29,Thursday,ret,-0.02154733031037992
2025-05-29,Unemployment Insurance Weekly Claims Report,0.3,NVDA,0,2025-05-29,Thursday,abs_ret,0.02154733031037992
2025-05-29,Unemployment Insurance Weekly Claims Report,0.3,NVDA,0,2025-05-29,Thursday,range_pct,0.03922809237583052
2025-05-29,Unemployment Insurance Weekly Claims Report,0.3,NVDA,0,2025-05-29,Thursday,realized_vol,0.0241861908681866
2025-05-29,Unemployment Insurance Weekly Claims Report,0.3,NVDA,1,2025-05-30,Friday,ret,-0.027759751964813617
2025-05-29,Unemployment Insurance Weekly Claims Report,0.3,NVDA,1,2025-05-30,Friday,abs_ret,0.027759751964813617
2025-05-29,Unemployment Insurance Weekly Claims Report,0.3,NVDA,1,2025-05-30,Friday,range_pct,0.04830917874396148
2025-05-29,Unemployment Insurance Weekly Claims Report,0.3,NVDA,1,2025-05-30,Friday,realized_vol,0.02031160548918153
2025-05-29,Unemployment Insurance Weekly Claims Report,0.3,NVDA,2,2025-06-02,Monday,ret,0.01320253724738163
2025-05-29,Unemployment Insurance Weekly Claims Report,0.3,NVDA,2,2025-06-02,Monday,abs_ret,0.01320253724738163
2025-05-29,Unemployment Insurance Weekly Claims Report,0.3,NVDA,2,2025-06-02,Monday,range_pct,0.02006195604071396
2025-05-29,Unemployment Insurance Weekly Claims Report,0.3,NVDA,2,2025-06-02,Monday,realized_vol,0.01364703812074364
2025-05-30,Personal Income and Outlays,1.0,NVDA,0,2025-05-30,Friday,ret,-0.027759751964813617
2025-05-30,Personal Income and Outlays,1.0,NVDA,0,2025-05-30,Friday,abs_ret,0.027759751964813617
2025-05-30,Personal Income and Outlays,1.0,NVDA,0,2025-05-30,Friday,range_pct,0.04830917874396148
2025-05-30,Personal Income and Outlays,1.0,NVDA,0,2025-05-30,Friday,realized_vol,0.02031160548918153
2025-05-30,Personal Income and Outlays,1.0,NVDA,1,2025-06-02,Monday,ret,0.01320253724738163
2025-05-30,Personal Income and Outlays,1.0,NVDA,1,2025-06-02,Monday,abs_ret,0.01320253724738163
2025-05-30,Personal Income and Outlays,1.0,NVDA,1,2025-06-02,Monday,range_pct,0.02006195604071396
2025-05-30,Personal Income and Outlays,1.0,NVDA,1,2025-06-02,Monday,realized_vol,0.01364703812074364
2025-05-30,Personal Income and Outlays,1.0,NVDA,2,2025-06-03,Tuesday,ret,0.017722066133563974
2025-05-30,Personal Income and Outlays,1.0,NVDA,2,2025-06-03,Tuesday,abs_ret,0.017722066133563974
2025-05-30,Personal Income and Outlays,1.0,NVDA,2,2025-06-03,Tuesday,range_pct,0.02917657229306254
2025-05-30,Personal Income and Outlays,1.0,NVDA,2,2025-06-03,Tuesday,realized_vol,0.014685531059992193
2025-06-05,Unemployment Insurance Weekly Claims Report,0.3,NVDA,0,2025-06-05,Thursday,ret,-0.015476609215617443
2025-06-05,Unemployment Insurance Weekly Claims Report,0.3,NVDA,0,2025-06-05,Thursday,abs_ret,0.015476609215617443
2025-06-05,Unemployment Insurance Weekly Claims Report,0.3,NVDA,0,2025-06-05,Thursday,range_pct,0.03637003165670058
2025-06-05,Unemployment Insurance Weekly Claims Report,0.3,NVDA,0,2025-06-05,Thursday,realized_vol,0.017739399745981252
2025-06-05,Unemployment Insurance Weekly Claims Report,0.3,NVDA,1,2025-06-06,Friday,ret,-0.005753982176689321
2025-06-05,Unemployment Insurance Weekly Claims Report,0.3,NVDA,1,2025-06-06,Friday,abs_ret,0.005753982176689321
2025-06-05,Unemployment Insurance Weekly Claims Report,0.3,NVDA,1,2025-06-06,Friday,range_pct,0.012350010525577288
2025-06-05,Unemployment Insurance Weekly Claims Report,0.3,NVDA,1,2025-06-06,Friday,realized_vol,0.011852278879762344
2025-06-05,Unemployment Insurance Weekly Claims Report,0.3,NVDA,2,2025-06-09,Monday,ret,-0.004608616716709757
2025-06-05,Unemployment Insurance Weekly Claims Report,0.3,NVDA,2,2025-06-09,Monday,abs_ret,0.004608616716709757
2025-06-05,Unemployment Insurance Weekly Claims Report,0.3,NVDA,2,2025-06-09,Monday,range_pct,0.021367222959290565
2025-06-05,Unemployment Insurance Weekly Claims Report,0.3,NVDA,2,2025-06-09,Monday,realized_vol,0.015778432513161817
2025-06-06,Employment Situation,1.0,NVDA,0,2025-06-06,Friday,ret,-0.005753982176689321
2025-06-06,Employment Situation,1.0,NVDA,0,2025-06-06,Friday,abs_ret,0.005753982176689321
2025-06-06,Employment Situation,1.0,NVDA,0,2025-06-06,Friday,range_pct,0.012350010525577288
2025-06-06,Employment Situation,1.0,NVDA,0,2025-06-06,Friday,realized_vol,0.011852278879762344
2025-06-06,Employment Situation,1.0,NVDA,1,2025-06-09,Monday,ret,-0.004608616716709757
2025-06-06,Employment Situation,1.0,NVDA,1,2025-06-09,Monday,abs_ret,0.004608616716709757
2025-06-06,Employment Situation,1.0,NVDA,1,2025-06-09,Monday,range_pct,0.021367222959290565
2025-06-06,Employment Situation,1.0,NVDA,1,2025-06-09,Monday,realized_vol,0.015778432513161817
2025-06-06,Employment Situation,1.0,NVDA,2,2025-06-10,Tuesday,ret,0.008865372485808543
2025-06-06,Employment Situation,1.0,NVDA,2,2025-06-10,Tuesday,abs_ret,0.008865372485808543
2025-06-06,Employment Situation,1.0,NVDA,2,2025-06-10,Tuesday,range_pct,0.019377671876094935
2025-06-06,Employment Situation,1.0,NVDA,2,2025-06-10,Tuesday,realized_vol,0.014195032188283233
2025-06-11,Consumer Price Index,1.0,NVDA,0,2025-06-11,Wednesday,ret,-0.012376408767199032
2025-06-11,Consumer Price Index,1.0,NVDA,0,2025-06-11,Wednesday,abs_ret,0.012376408767199032
2025-06-11,Consumer Price Index,1.0,NVDA,0,2025-06-11,Wednesday,range_pct,0.021572287907073252
2025-06-11,Consumer Price Index,1.0,NVDA,0,2025-06-11,Wednesday,realized_vol,0.012978618585167719
2025-06-11,Consumer Price Index,1.0,NVDA,1,2025-06-12,Thursday,ret,0.021198675963095992
2025-06-11,Consumer Price Index,1.0,NVDA,1,2025-06-12,Thursday,abs_ret,0.021198675963095992
2025-06-11,Consumer Price Index,1.0,NVDA,1,2025-06-12,Thursday,range_pct,0.022184660891612123
2025-06-11,Consumer Price Index,1.0,NVDA,1,2025-06-12,Thursday,realized_vol,0.008162261352286676
2025-06-11,Consumer Price Index,1.0,NVDA,2,2025-06-13,Friday,ret,-0.0036496350364961794
2025-06-11,Consumer Price Index,1.0,NVDA,2,2025-06-13,Friday,abs_ret,0.0036496350364961794
2025-06-11,Consumer Price Index,1.0,NVDA,2,2025-06-13,Friday,range_pct,0.019125491297024306
2025-06-11,Consumer Price Index,1.0,NVDA,2,2025-06-13,Friday,realized_vol,0.013494912468673698
2025-06-12,Producer Price Index,0.6,NVDA,0,2025-06-12,Thursday,ret,0.021198675963095992
2025-06-12,Producer Price Index,0.6,NVDA,0,2025-06-12,Thursday,abs_ret,0.021198675963095992
2025-06-12,Producer Price Index,0.6,NVDA,0,2025-06-12,Thursday,range_pct,0.022184660891612123
2025-06-12,Producer Price Index,0.6,NVDA,0,2025-06-12,Thursday,realized_vol,0.008162261352286676
2025-06-12,Producer Price Index,0.6,NVDA,1,2025-06-13,Friday,ret,-0.0036496350364961794
2025-06-12,Producer Price Index,0.6,NVDA,1,2025-06-13,Friday,abs_ret,0.0036496350364961794
2025-06-12,Producer Price Index,0.6,NVDA,1,2025-06-13,Friday,range_pct,0.019125491297024306
2025-06-12,Producer Price Index,0.6,NVDA,1,2025-06-13,Friday,realized_vol,0.013494912468673698
2025-06-12,Producer Price Index,0.6,NVDA,2,2025-06-16,Monday,ret,0.009066815455433197
2025-06-12,Producer Price Index,0.6,NVDA,2,2025-06-16,Monday,abs_ret,0.009066815455433197
2025-06-12,Producer Price Index,0.6,NVDA,2,2025-06-16,Monday,range_pct,0.02074836099874473
2025-06-12,Producer Price Index,0.6,NVDA,2,2025-06-16,Monday,realized_vol,0.011295673210572765
2025-06-12,Unemployment Insurance Weekly Claims Report,0.3,NVDA,0,2025-06-12,Thursday,ret,0.021198675963095992
2025-06-12,Unemployment Insurance Weekly Claims Report,0.3,NVDA,0,2025-06-12,Thursday,abs_ret,0.021198675963095992
2025-06-12,Unemployment Insurance Weekly Claims Report,0.3,NVDA,0,2025-06-12,Thursday,range_pct,0.022184660891612123
2025-06-12,Unemployment Insurance Weekly Claims Report,0.3,NVDA,0,2025-06-12,Thursday,realized_vol,0.008162261352286676
2025-06-12,Unemployment Insurance Weekly Claims Report,0.3,NVDA,1,2025-06-13,Friday,ret,-0.0036496350364961794
2025-06-12,Unemployment Insurance Weekly Claims Report,0.3,NVDA,1,2025-06-13,Friday,abs_ret,0.0036496350364961794
2025-06-12,Unemployment Insurance Weekly Claims Report,0.3,NVDA,1,2025-06-13,Friday,range_pct,0.019125491297024306
2025-06-12,Unemployment Insurance Weekly Claims Report,0.3,NVDA,1,2025-06-13,Friday,realized_vol,0.013494912468673698
2025-06-12,Unemployment Insurance Weekly Claims Report,0.3,NVDA,2,2025-06-16,Monday,ret,0.009066815455433197
2025-06-12,Unemployment Insurance Weekly Claims Report,0.3,NVDA,2,2025-06-16,Monday,abs_ret,0.009066815455433197
2025-06-12,Unemployment Insurance Weekly Claims Report,0.3,NVDA,2,2025-06-16,Monday,range_pct,0.02074836099874473
2025-06-12,Unemployment Insurance Weekly Claims Report,0.3,NVDA,2,2025-06-16,Monday,realized_vol,0.011295673210572765
2025-06-18,Unemployment Insurance Weekly Claims Report,0.3,NVDA,0,2025-06-18,Wednesday,ret,0.010068046104707573
2025-06-18,Unemployment Insurance Weekly Claims Report,0.3,NVDA,0,2025-06-18,Wednesday,abs_ret,0.010068046104707573
2025-06-18,Unemployment Insurance Weekly Claims Report,0.3,NVDA,0,2025-06-18,Wednesday,range_pct,0.017567004582696853
2025-06-18,Unemployment Insurance Weekly Claims Report,0.3,NVDA,0,2025-06-18,Wednesday,realized_vol,0.011515447676752543
2025-06-18,Unemployment Insurance Weekly Claims Report,0.3,NVDA,1,2025-06-20,Friday,ret,-0.011481608800274934
2025-06-18,Unemployment Insurance Weekly Claims Report,0.3,NVDA,1,2025-06-20,Friday,abs_ret,0.011481608800274934
2025-06-18,Unemployment Insurance Weekly Claims Report,0.3,NVDA,1,2025-06-20,Friday,range_pct,0.02440701271914736
2025-06-18,Unemployment Insurance Weekly Claims Report,0.3,NVDA,1,2025-06-20,Friday,realized_vol,0.015601828315822743
2025-06-18,Unemployment Insurance Weekly Claims Report,0.3,NVDA,2,2025-06-23,Monday,ret,0.011754385964912295
2025-06-18,Unemployment Insurance Weekly Claims Report,0.3,NVDA,2,2025-06-23,Monday,abs_ret,0.011754385964912295
2025-06-18,Unemployment Insurance Weekly Claims Report,0.3,NVDA,2,2025-06-23,Monday,range_pct,0.01929824561403509
2025-06-18,Unemployment Insurance Weekly Claims Report,0.3,NVDA,2,2025-06-23,Monday,realized_vol,0.011881772026922331
2025-06-26,Gross Domestic Product,0.6,NVDA,0,2025-06-26,Thursday,ret,-0.005738099054335533
2025-06-26,Gross Domestic Product,0.6,NVDA,0,2025-06-26,Thursday,abs_ret,0.005738099054335533
2025-06-26,Gross Domestic Product,0.6,NVDA,0,2025-06-26,Thursday,range_pct,0.0174066356787947
2025-06-26,Gross Domestic Product,0.6,NVDA,0,2025-06-26,Thursday,realized_vol,0.011582288745380443
2025-06-26,Gross Domestic Product,0.6,NVDA,1,2025-06-27,Friday,ret,0.01089464239938498
2025-06-26,Gross Domestic Product,0.6,NVDA,1,2025-06-27,Friday,abs_ret,0.01089464239938498
2025-06-26,Gross Domestic Product,0.6,NVDA,1,2025-06-27,Friday,range_pct,0.022141758523455606
2025-06-26,Gross Domestic Product,0.6,NVDA,1,2025-06-27,Friday,realized_vol,0.013658312169425367
2025-06-26,Gross Domestic Product,0.6,NVDA,2,2025-06-30,Monday,ret,-0.003408875702291425
2025-06-26,Gross Domestic Product,0.6,NVDA,2,2025-06-30,Monday,abs_ret,0.003408875702291425
2025-06-26,Gross Domestic Product,0.6,NVDA,2,2025-06-30,Monday,range_pct,0.01704437851145754
2025-06-26,Gross Domestic Product,0.6,NVDA,2,2025-06-30,Monday,realized_vol,0.010840098109099328
2025-06-26,Unemployment Insurance Weekly Claims Report,0.3,NVDA,0,2025-06-26,Thursday,ret,-0.005738099054335533
2025-06-26,Unemployment Insurance Weekly Claims Report,0.3,NVDA,0,2025-06-26,Thursday,abs_ret,0.005738099054335533
2025-06-26,Unemployment Insurance Weekly Claims Report,0.3,NVDA,0,2025-06-26,Thursday,range_pct,0.0174066356787947
2025-06-26,Unemployment Insurance Weekly Claims Report,0.3,NVDA,0,2025-06-26,Thursday,realized_vol,0.011582288745380443
2025-06-26,Unemployment Insurance Weekly Claims Report,0.3,NVDA,1,2025-06-27,Friday,ret,0.01089464239938498
2025-06-26,Unemployment Insurance Weekly Claims Report,0.3,NVDA,1,2025-06-27,Friday,abs_ret,0.01089464239938498
2025-06-26,Unemployment Insurance Weekly Claims Report,0.3,NVDA,1,2025-06-27,Friday,range_pct,0.022141758523455606
2025-06-26,Unemployment Insurance Weekly Claims Report,0.3,NVDA,1,2025-06-27,Friday,realized_vol,0.013658312169425367
2025-06-26,Unemployment Insurance Weekly Claims Report,0.3,NVDA,2,2025-06-30,Monday,ret,-0.003408875702291425
2025-06-26,Unemployment Insurance Weekly Claims Report,0.3,NVDA,2,2025-06-30,Monday,abs_ret,0.003408875702291425
2025-06-26,Unemployment Insurance Weekly Claims Report,0.3,NVDA,2,2025-06-30,Monday,range_pct,0.01704437851145754
2025-06-26,Unemployment Insurance Weekly Claims Report,0.3,NVDA,2,2025-06-30,Monday,realized_vol,0.010840098109099328
2025-06-27,Personal Income and Outlays,1.0,NVDA,0,2025-06-27,Friday,ret,0.01089464239938498
2025-06-27,Personal Income and Outlays,1.0,NVDA,0,2025-06-27,Friday,abs_ret,0.01089464239938498
2025-06-27,Personal Income and Outlays,1.0,NVDA,0,2025-06-27,Friday,range_pct,0.022141758523455606
2025-06-27,Personal Income and Outlays,1.0,NVDA,0,2025-06-27,Friday,realized_vol,0.013658312169425367
2025-06-27,Personal Income and Outlays,1.0,NVDA,1,2025-06-30,Monday,ret,-0.003408875702291425
2025-06-27,Personal Income and Outlays,1.0,NVDA,1,2025-06-30,Monday,abs_ret,0.003408875702291425
2025-06-27,Personal Income and Outlays,1.0,NVDA,1,2025-06-30,Monday,range_pct,0.01704437851145754
2025-06-27,Personal Income and Outlays,1.0,NVDA,1,2025-06-30,Monday,realized_vol,0.010840098109099328
2025-06-27,Personal Income and Outlays,1.0,NVDA,2,2025-07-01,Tuesday,ret,-0.019006783565851726
2025-06-27,Personal Income and Outlays,1.0,NVDA,2,2025-07-01,Tuesday,abs_ret,0.019006783565851726
2025-06-27,Personal Income and Outlays,1.0,NVDA,2,2025-07-01,Tuesday,range_pct,0.036541661333674515
2025-06-27,Personal Income and Outlays,1.0,NVDA,2,2025-07-01,Tuesday,realized_vol,0.017845797335632244
2025-07-03,Employment Situation,1.0,NVDA,0,2025-07-03,Thursday,ret,0.005998610848014119
2025-07-03,Employment Situation,1.0,NVDA,0,2025-07-03,Thursday,abs_ret,0.005998610848014119
2025-07-03,Employment Situation,1.0,NVDA,0,2025-07-03,Thursday,range_pct,0.02026899033907924
2025-07-03,Employment Situation,1.0,NVDA,0,2025-07-03,Thursday,realized_vol,0.011313573715993492
2025-07-03,Employment Situation,1.0,NVDA,1,2025-07-07,Monday,ret,0.0003160556257901792
2025-07-03,Employment Situation,1.0,NVDA,1,2025-07-07,Monday,abs_ret,0.0003160556257901792
2025-07-03,Employment Situation,1.0,NVDA,1,2025-07-07,Monday,range_pct,0.012439949431099807
2025-07-03,Employment Situation,1.0,NVDA,1,2025-07-07,Monday,realized_vol,0.0097401085044692
2025-07-03,Employment Situation,1.0,NVDA,2,2025-07-08,Tuesday,ret,0.004142713693987776
2025-07-03,Employment Situation,1.0,NVDA,2,2025-07-08,Tuesday,abs_ret,0.004142713693987776
2025-07-03,Employment Situation,1.0,NVDA,2,2025-07-08,Tuesday,range_pct,0.011484875109828119
2025-07-03,Employment Situation,1.0,NVDA,2,2025-07-08,Tuesday,realized_vol,0.008675955604853876
2025-07-03,Unemployment Insurance Weekly Claims Report,0.3,NVDA,0,2025-07-03,Thursday,ret,0.005998610848014119
2025-07-03,Unemployment Insurance Weekly Claims Report,0.3,NVDA,0,2025-07-03,Thursday,abs_ret,0.005998610848014119
2025-07-03,Unemployment Insurance Weekly Claims Report,0.3,NVDA,0,2025-07-03,Thursday,range_pct,0.02026899033907924
2025-07-03,Unemployment Insurance Weekly Claims Report,0.3,NVDA,0,2025-07-03,Thursday,realized_vol,0.011313573715993492
2025-07-03,Unemployment Insurance Weekly Claims Report,0.3,NVDA,1,2025-07-07,Monday,ret,0.0003160556257901792
2025-07-03,Unemployment Insurance Weekly Claims Report,0.3,NVDA,1,2025-07-07,Monday,abs_ret,0.0003160556257901792
2025-07-03,Unemployment Insurance Weekly Claims Report,0.3,NVDA,1,2025-07-07,Monday,range_pct,0.012439949431099807
2025-07-03,Unemployment Insurance Weekly Claims Report,0.3,NVDA,1,2025-07-07,Monday,realized_vol,0.0097401085044692
2025-07-03,Unemployment Insurance Weekly Claims Report,0.3,NVDA,2,2025-07-08,Tuesday,ret,0.004142713693987776
2025-07-03,Unemployment Insurance Weekly Claims Report,0.3,NVDA,2,2025-07-08,Tuesday,abs_ret,0.004142713693987776
2025-07-03,Unemployment Insurance Weekly Claims Report,0.3,NVDA,2,2025-07-08,Tuesday,range_pct,0.011484875109828119
2025-07-03,Unemployment Insurance Weekly Claims Report,0.3,NVDA,2,2025-07-08,Tuesday,realized_vol,0.008675955604853876
2025-07-10,Unemployment Insurance Weekly Claims Report,0.3,NVDA,0,2025-07-10,Thursday,ret,-0.0013084225900681368
2025-07-10,Unemployment Insurance Weekly Claims Report,0.3,NVDA,0,2025-07-10,Thursday,abs_ret,0.0013084225900681368
2025-07-10,Unemployment Insurance Weekly Claims Report,0.3,NVDA,0,2025-07-10,Thursday,range_pct,0.017587633885102157
2025-07-10,Unemployment Insurance Weekly Claims Report,0.3,NVDA,0,2025-07-10,Thursday,realized_vol,0.011637480075451664
2025-07-10,Unemployment Insurance Weekly Claims Report,0.3,NVDA,1,2025-07-11,Friday,ret,0.007032920051303959
2025-07-10,Unemployment Insurance Weekly Claims Report,0.3,NVDA,1,2025-07-11,Friday,abs_ret,0.007032920051303959
2025-07-10,Unemployment Insurance Weekly Claims Report,0.3,NVDA,1,2025-07-11,Friday,range_pct,0.02699566359249977
2025-07-10,Unemployment Insurance Weekly Claims Report,0.3,NVDA,1,2025-07-11,Friday,realized_vol,0.012205869419806184
2025-07-10,Unemployment Insurance Weekly Claims Report,0.3,NVDA,2,2025-07-14,Monday,ret,-0.007681141889440024
2025-07-10,Unemployment Insurance Weekly Claims Report,0.3,NVDA,2,2025-07-14,Monday,abs_ret,0.007681141889440024
2025-07-10,Unemployment Insurance Weekly Claims Report,0.3,NVDA,2,2025-07-14,Monday,range_pct,0.020987056973509124
2025-07-10,Unemployment Insurance Weekly Claims Report,0.3,NVDA,2,2025-07-14,Monday,realized_vol,0.013523189149230806
2025-07-15,Consumer Price Index,1.0,NVDA,0,2025-07-15,Tuesday,ret,-0.0037385361294467456
2025-07-15,Consumer Price Index,1.0,NVDA,0,2025-07-15,Tuesday,abs_ret,0.0037385361294467456
2025-07-15,Consumer Price Index,1.0,NVDA,0,2025-07-15,Tuesday,range_pct,0.018721887960745445
2025-07-15,Consumer Price Index,1.0,NVDA,0,2025-07-15,Tuesday,realized_vol,0.013584782922995422
2025-07-15,Consumer Price Index,1.0,NVDA,1,2025-07-16,Wednesday,ret,0.001578301280177774
2025-07-15,Consumer Price Index,1.0,NVDA,1,2025-07-16,Wednesday,abs_ret,0.001578301280177774
2025-07-15,Consumer Price Index,1.0,NVDA,1,2025-07-16,Wednesday,range_pct,0.016659846846320187
2025-07-15,Consumer Price Index,1.0,NVDA,1,2025-07-16,Wednesday,realized_vol,0.01007309703395938
2025-07-15,Consumer Price Index,1.0,NVDA,2,2025-07-17,Thursday,ret,0.0060521880629975655
2025-07-15,Consumer Price Index,1.0,NVDA,2,2025-07-17,Thursday,abs_ret,0.0060521880629975655
2025-07-15,Consumer Price Index,1.0,NVDA,2,2025-07-17,Thursday,range_pct,0.019352589062590714
2025-07-15,Consumer Price Index,1.0,NVDA,2,2025-07-17,Thursday,realized_vol,0.010255529020470212
2025-07-16,Producer Price Index,0.6,NVDA,0,2025-07-16,Wednesday,ret,0.001578301280177774
2025-07-16,Producer Price Index,0.6,NVDA,0,2025-07-16,Wednesday,abs_ret,0.001578301280177774
2025-07-16,Producer Price Index,0.6,NVDA,0,2025-07-16,Wednesday,range_pct,0.016659846846320187
2025-07-16,Producer Price Index,0.6,NVDA,0,2025-07-16,Wednesday,realized_vol,0.01007309703395938
2025-07-16,Producer Price Index,0.6,NVDA,1,2025-07-17,Thursday,ret,0.0060521880629975655
2025-07-16,Producer Price Index,0.6,NVDA,1,2025-07-17,Thursday,abs_ret,0.0060521880629975655
2025-07-16,Producer Price Index,0.6,NVDA,1,2025-07-17,Thursday,range_pct,0.019352589062590714
2025-07-16,Producer Price Index,0.6,NVDA,1,2025-07-17,Thursday,realized_vol,0.010255529020470212
2025-07-16,Producer Price Index,0.6,NVDA,2,2025-07-18,Friday,ret,-0.007256392536281964
2025-07-16,Producer Price Index,0.6,NVDA,2,2025-07-18,Friday,abs_ret,0.007256392536281964
2025-07-16,Producer Price Index,0.6,NVDA,2,2025-07-18,Friday,range_pct,0.01721953466943106
2025-07-16,Producer Price Index,0.6,NVDA,2,2025-07-18,Friday,realized_vol,0.009651553054804517
2025-07-17,Unemployment Insurance Weekly Claims Report,0.3,NVDA,0,2025-07-17,Thursday,ret,0.0060521880629975655
2025-07-17,Unemployment Insurance Weekly Claims Report,0.3,NVDA,0,2025-07-17,Thursday,abs_ret,0.0060521880629975655
2025-07-17,Unemployment Insurance Weekly Claims Report,0.3,NVDA,0,2025-07-17,Thursday,range_pct,0.019352589062590714
2025-07-17,Unemployment Insurance Weekly Claims Report,0.3,NVDA,0,2025-07-17,Thursday,realized_vol,0.010255529020470212
2025-07-17,Unemployment Insurance Weekly Claims Report,0.3,NVDA,1,2025-07-18,Friday,ret,-0.007256392536281964
2025-07-17,Unemployment Insurance Weekly Claims Report,0.3,NVDA,1,2025-07-18,Friday,abs_ret,0.007256392536281964
2025-07-17,Unemployment Insurance Weekly Claims Report,0.3,NVDA,1,2025-07-18,Friday,range_pct,0.01721953466943106
2025-07-17,Unemployment Insurance Weekly Claims Report,0.3,NVDA,1,2025-07-18,Friday,realized_vol,0.009651553054804517
2025-07-17,Unemployment Insurance Weekly Claims Report,0.3,NVDA,2,2025-07-21,Monday,ret,-0.007639773121889015
2025-07-17,Unemployment Insurance Weekly Claims Report,0.3,NVDA,2,2025-07-21,Monday,abs_ret,0.007639773121889015
2025-07-17,Unemployment Insurance Weekly Claims Report,0.3,NVDA,2,2025-07-21,Monday,range_pct,0.013774742447042455
2025-07-17,Unemployment Insurance Weekly Claims Report,0.3,NVDA,2,2025-07-21,Monday,realized_vol,0.007944334364809092
2025-07-24,Unemployment Insurance Weekly Claims Report,0.3,NVDA,0,2025-07-24,Thursday,ret,0.006836616454229505
2025-07-24,Unemployment Insurance Weekly Claims Report,0.3,NVDA,0,2025-07-24,Thursday,abs_ret,0.006836616454229505
2025-07-24,Unemployment Insurance Weekly Claims Report,0.3,NVDA,0,2025-07-24,Thursday,range_pct,0.014658169177288535
2025-07-24,Unemployment Insurance Weekly Claims Report,0.3,NVDA,0,2025-07-24,Thursday,realized_vol,0.008901210912868024
2025-07-24,Unemployment Insurance Weekly Claims Report,0.3,NVDA,1,2025-07-25,Friday,ret,-0.0006912442396314056
2025-07-24,Unemployment Insurance Weekly Claims Report,0.3,NVDA,1,2025-07-25,Friday,abs_ret,0.0006912442396314056
2025-07-24,Unemployment Insurance Weekly Claims Report,0.3,NVDA,1,2025-07-25,Friday,range_pct,0.010138248847926214
2025-07-24,Unemployment Insurance Weekly Claims Report,0.3,NVDA,1,2025-07-25,Friday,realized_vol,0.008050492637898261
2025-07-24,Unemployment Insurance Weekly Claims Report,0.3,NVDA,2,2025-07-28,Monday,ret,0.015687851971037725
2025-07-24,Unemployment Insurance Weekly Claims Report,0.3,NVDA,2,2025-07-28,Monday,abs_ret,0.015687851971037725
2025-07-24,Unemployment Insurance Weekly Claims Report,0.3,NVDA,2,2025-07-28,Monday,range_pct,0.017411791748074938
2025-07-24,Unemployment Insurance Weekly Claims Report,0.3,NVDA,2,2025-07-28,Monday,realized_vol,0.008899321450962836
2025-07-30,Gross Domestic Product,0.6,NVDA,0,2025-07-30,Wednesday,ret,0.015749815874454676
2025-07-30,Gross Domestic Product,0.6,NVDA,0,2025-07-30,Wednesday,abs_ret,0.015749815874454676
2025-07-30,Gross Domestic Product,0.6,NVDA,0,2025-07-30,Wednesday,range_pct,0.02181179536570163
2025-07-30,Gross Domestic Product,0.6,NVDA,0,2025-07-30,Wednesday,realized_vol,0.010860698298297342
2025-07-30,Gross Domestic Product,0.6,NVDA,1,2025-07-31,Thursday,ret,-0.027557548253048236
2025-07-30,Gross Domestic Product,0.6,NVDA,1,2025-07-31,Thursday,abs_ret,0.027557548253048236
2025-07-30,Gross Domestic Product,0.6,NVDA,1,2025-07-31,Thursday,range_pct,0.04029744655257261
2025-07-30,Gross Domestic Product,0.6,NVDA,1,2025-07-31,Thursday,realized_vol,0.0175010395896633
2025-07-30,Gross Domestic Product,0.6,NVDA,2,2025-08-01,Friday,ret,-0.003101309441764233
2025-07-30,Gross Domestic Product,0.6,NVDA,2,2025-08-01,Friday,abs_ret,0.003101309441764233
2025-07-30,Gross Domestic Product,0.6,NVDA,2,2025-08-01,Friday,range_pct,0.032448885825867246
2025-07-30,Gross Domestic Product,0.6,NVDA,2,2025-08-01,Friday,realized_vol,0.02134641592195895
2025-07-31,Personal Income and Outlays,1.0,NVDA,0,2025-07-31,Thursday,ret,-0.027557548253048236
2025-07-31,Personal Income and Outlays,1.0,NVDA,0,2025-07-31,Thursday,abs_ret,0.027557548253048236
2025-07-31,Personal Income and Outlays,1.0,NVDA,0,2025-07-31,Thursday,range_pct,0.04029744655257261
2025-07-31,Personal Income and Outlays,1.0,NVDA,0,2025-07-31,Thursday,realized_vol,0.0175010395896633
2025-07-31,Personal Income and Outlays,1.0,NVDA,1,2025-08-01,Friday,ret,-0.003101309441764233
2025-07-31,Personal Income and Outlays,1.0,NVDA,1,2025-08-01,Friday,abs_ret,0.003101309441764233
2025-07-31,Personal Income and Outlays,1.0,NVDA,1,2025-08-01,Friday,range_pct,0.032448885825867246
2025-07-31,Personal Income and Outlays,1.0,NVDA,1,2025-08-01,Friday,realized_vol,0.02134641592195895
2025-07-31,Personal Income and Outlays,1.0,NVDA,2,2025-08-04,Monday,ret,0.027460607444621976
2025-07-31,Personal Income and Outlays,1.0,NVDA,2,2025-08-04,Monday,abs_ret,0.027460607444621976
2025-07-31,Personal Income and Outlays,1.0,NVDA,2,2025-08-04,Monday,range_pct,0.03242749486184048
2025-07-31,Personal Income and Outlays,1.0,NVDA,2,2025-08-04,Monday,realized_vol,0.011696904820681715
2025-07-31,Unemployment Insurance Weekly Claims Report,0.3,NVDA,0,2025-07-31,Thursday,ret,-0.027557548253048236
2025-07-31,Unemployment Insurance Weekly Claims Report,0.3,NVDA,0,2025-07-31,Thursday,abs_ret,0.027557548253048236
2025-07-31,Unemployment Insurance Weekly Claims Report,0.3,NVDA,0,2025-07-31,Thursday,range_pct,0.04029744655257261
2025-07-31,Unemployment Insurance Weekly Claims Report,0.3,NVDA,0,2025-07-31,Thursday,realized_vol,0.0175010395896633
2025-07-31,Unemployment Insurance Weekly Claims Report,0.3,NVDA,1,2025-08-01,Friday,ret,-0.003101309441764233
2025-07-31,Unemployment Insurance Weekly Claims Report,0.3,NVDA,1,2025-08-01,Friday,abs_ret,0.003101309441764233
2025-07-31,Unemployment Insurance Weekly Claims Report,0.3,NVDA,1,2025-08-01,Friday,range_pct,0.032448885825867246
2025-07-31,Unemployment Insurance Weekly Claims Report,0.3,NVDA,1,2025-08-01,Friday,realized_vol,0.02134641592195895
2025-07-31,Unemployment Insurance Weekly Claims Report,0.3,NVDA,2,2025-08-04,Monday,ret,0.027460607444621976
2025-07-31,Unemployment Insurance Weekly Claims Report,0.3,NVDA,2,2025-08-04,Monday,abs_ret,0.027460607444621976
2025-07-31,Unemployment Insurance Weekly Claims Report,0.3,NVDA,2,2025-08-04,Monday,range_pct,0.03242749486184048
2025-07-31,Unemployment Insurance Weekly Claims Report,0.3,NVDA,2,2025-08-04,Monday,realized_vol,0.011696904820681715
2025-08-01,Employment Situation,1.0,NVDA,0,2025-08-01,Friday,ret,-0.003101309441764233
2025-08-01,Employment Situation,1.0,NVDA,0,2025-08-01,Friday,abs_ret,0.003101309441764233
2025-08-01,Employment Situation,1.0,NVDA,0,2025-08-01,Friday,range_pct,0.032448885825867246
2025-08-01,Employment Situation,1.0,NVDA,0,2025-08-01,Friday,realized_vol,0.02134641592195895
2025-08-01,Employment Situation,1.0,NVDA,1,2025-08-04,Monday,ret,0.027460607444621976
2025-08-01,Employment Situation,1.0,NVDA,1,2025-08-04,Monday,abs_ret,0.027460607444621976
2025-08-01,Employment Situation,1.0,NVDA,1,2025-08-04,Monday,range_pct,0.03242749486184048
2025-08-01,Employment Situation,1.0,NVDA,1,2025-08-04,Monday,realized_vol,0.011696904820681715
2025-08-01,Employment Situation,1.0,NVDA,2,2025-08-05,Tuesday,ret,-0.007571539917603953
2025-08-01,Employment Situation,1.0,NVDA,2,2025-08-05,Tuesday,abs_ret,0.007571539917603953
2025-08-01,Employment Situation,1.0,NVDA,2,2025-08-05,Tuesday,range_pct,0.024273466206435727
2025-08-01,Employment Situation,1.0,NVDA,2,2025-08-05,Tuesday,realized_vol,0.016768956083065428
2025-08-07,Unemployment Insurance Weekly Claims Report,0.3,NVDA,0,2025-08-07,Thursday,ret,-0.003909906933201257
2025-08-07,Unemployment Insurance Weekly Claims Report,0.3,NVDA,0,2025-08-07,Thursday,abs_ret,0.003909906933201257
2025-08-07,Unemployment Insurance Weekly Claims Report,0.3,NVDA,0,2025-08-07,Thursday,range_pct,0.028002643317363334
2025-08-07,Unemployment Insurance Weekly Claims Report,0.3,NVDA,0,2025-08-07,Thursday,realized_vol,0.015323627635699033
2025-08-07,Unemployment Insurance Weekly Claims Report,0.3,NVDA,1,2025-08-08,Friday,ret,0.006665197752561358
2025-08-07,Unemployment Insurance Weekly Claims Report,0.3,NVDA,1,2025-08-08,Friday,abs_ret,0.006665197752561358
2025-08-07,Unemployment Insurance Weekly Claims Report,0.3,NVDA,1,2025-08-08,Friday,range_pct,0.01597444089456872
2025-08-07,Unemployment Insurance Weekly Claims Report,0.3,NVDA,1,2025-08-08,Friday,realized_vol,0.011342259341356296
2025-08-07,Unemployment Insurance Weekly Claims Report,0.3,NVDA,2,2025-08-11,Monday,ret,0.0001922548750343811
2025-08-07,Unemployment Insurance Weekly Claims Report,0.3,NVDA,2,2025-08-11,Monday,abs_ret,0.0001922548750343811
2025-08-07,Unemployment Insurance Weekly Claims Report,0.3,NVDA,2,2025-08-11,Monday,range_pct,0.019719857182092848
2025-08-07,Unemployment Insurance Weekly Claims Report,0.3,NVDA,2,2025-08-11,Monday,realized_vol,0.014872303276620655
2025-08-12,Consumer Price Index,1.0,NVDA,0,2025-08-12,Tuesday,ret,0.0007651945780497993
2025-08-12,Consumer Price Index,1.0,NVDA,0,2025-08-12,Tuesday,abs_ret,0.0007651945780497993
2025-08-12,Consumer Price Index,1.0,NVDA,0,2025-08-12,Tuesday,range_pct,0.02743769129864441
2025-08-12,Consumer Price Index,1.0,NVDA,0,2025-08-12,Tuesday,realized_vol,0.013960043593438111
2025-08-12,Consumer Price Index,1.0,NVDA,1,2025-08-13,Wednesday,ret,-0.005722421487829643
2025-08-12,Consumer Price Index,1.0,NVDA,1,2025-08-13,Wednesday,abs_ret,0.005722421487829643
2025-08-12,Consumer Price Index,1.0,NVDA,1,2025-08-13,Wednesday,range_pct,0.025299126577772935
2025-08-12,Consumer Price Index,1.0,NVDA,1,2025-08-13,Wednesday,realized_vol,0.013184805428305281
2025-08-12,Consumer Price Index,1.0,NVDA,2,2025-08-14,Thursday,ret,0.012630056195404249
2025-08-12,Consumer Price Index,1.0,NVDA,2,2025-08-14,Thursday,abs_ret,0.012630056195404249
2025-08-12,Consumer Price Index,1.0,NVDA,2,2025-08-14,Thursday,range_pct,0.019807489011294734
2025-08-12,Consumer Price Index,1.0,NVDA,2,2025-08-14,Thursday,realized_vol,0.011976635250414022
2025-08-14,Producer Price Index,0.6,NVDA,0,2025-08-14,Thursday,ret,0.012630056195404249
2025-08-14,Producer Price Index,0.6,NVDA,0,2025-08-14,Thursday,abs_ret,0.012630056195404249
2025-08-14,Producer Price Index,0.6,NVDA,0,2025-08-14,Thursday,range_pct,0.019807489011294734
2025-08-14,Producer Price Index,0.6,NVDA,0,2025-08-14,Thursday,realized_vol,0.011976635250414022
2025-08-14,Producer Price Index,0.6,NVDA,1,2025-08-15,Friday,ret,-0.007370997909560972
2025-08-14,Producer Price Index,0.6,NVDA,1,2025-08-15,Friday,abs_ret,0.007370997909560972
2025-08-14,Producer Price Index,0.6,NVDA,1,2025-08-15,Friday,range_pct,0.021225107272527306
2025-08-14,Producer Price Index,0.6,NVDA,1,2025-08-15,Friday,realized_vol,0.013993504379707408
2025-08-14,Producer Price Index,0.6,NVDA,2,2025-08-18,Monday,ret,0.007697419426292873
2025-08-14,Producer Price Index,0.6,NVDA,2,2025-08-18,Monday,abs_ret,0.007697419426292873
2025-08-14,Producer Price Index,0.6,NVDA,2,2025-08-18,Monday,range_pct,0.013055155609702001
2025-08-14,Producer Price Index,0.6,NVDA,2,2025-08-18,Monday,realized_vol,0.008851684331370003
2025-08-14,Unemployment Insurance Weekly Claims Report,0.3,NVDA,0,2025-08-14,Thursday,ret,0.012630056195404249
2025-08-14,Unemployment Insurance Weekly Claims Report,0.3,NVDA,0,2025-08-14,Thursday,abs_ret,0.012630056195404249
2025-08-14,Unemployment Insurance Weekly Claims Report,0.3,NVDA,0,2025-08-14,Thursday,range_pct,0.019807489011294734
2025-08-14,Unemployment Insurance Weekly Claims Report,0.3,NVDA,0,2025-08-14,Thursday,realized_vol,0.011976635250414022
2025-08-14,Unemployment Insurance Weekly Claims Report,0.3,NVDA,1,2025-08-15,Friday,ret,-0.007370997909560972
2025-08-14,Unemployment Insurance Weekly Claims Report,0.3,NVDA,1,2025-08-15,Friday,abs_ret,0.007370997909560972
2025-08-14,Unemployment Insurance Weekly Claims Report,0.3,NVDA,1,2025-08-15,Friday,range_pct,0.021225107272527306
2025-08-14,Unemployment Insurance Weekly Claims Report,0.3,NVDA,1,2025-08-15,Friday,realized_vol,0.013993504379707408
2025-08-14,Unemployment Insurance Weekly Claims Report,0.3,NVDA,2,2025-08-18,Monday,ret,0.007697419426292873
2025-08-14,Unemployment Insurance Weekly Claims Report,0.3,NVDA,2,2025-08-18,Monday,abs_ret,0.007697419426292873
2025-08-14,Unemployment Insurance Weekly Claims Report,0.3,NVDA,2,2025-08-18,Monday,range_pct,0.013055155609702001
2025-08-14,Unemployment Insurance Weekly Claims Report,0.3,NVDA,2,2025-08-18,Monday,realized_vol,0.008851684331370003
2025-08-21,Unemployment Insurance Weekly Claims Report,0.3,NVDA,0,2025-08-21,Thursday,ret,0.0006920217329140499
2025-08-21,Unemployment Insurance Weekly Claims Report,0.3,NVDA,0,2025-08-21,Thursday,abs_ret,0.0006920217329140499
2025-08-21,Unemployment Insurance Weekly Claims Report,0.3,NVDA,0,2025-08-21,Thursday,range_pct,0.017672290534744086
2025-08-21,Unemployment Insurance Weekly Claims Report,0.3,NVDA,0,2025-08-21,Thursday,realized_vol,0.018160434575114508
2025-08-21,Unemployment Insurance Weekly Claims Report,0.3,NVDA,1,2025-08-22,Friday,ret,0.031342332425699615
2025-08-21,Unemployment Insurance Weekly Claims Report,0.3,NVDA,1,2025-08-22,Friday,abs_ret,0.031342332425699615
2025-08-21,Unemployment Insurance Weekly Claims Report,0.3,NVDA,1,2025-08-22,Friday,range_pct,0.04281327848907951
2025-08-21,Unemployment Insurance Weekly Claims Report,0.3,NVDA,1,2025-08-22,Friday,realized_vol,0.021430467064512564
2025-08-21,Unemployment Insurance Weekly Claims Report,0.3,NVDA,2,2025-08-25,Monday,ret,0.008297824624355243
2025-08-21,Unemployment Insurance Weekly Claims Report,0.3,NVDA,2,2025-08-25,Monday,abs_ret,0.008297824624355243
2025-08-21,Unemployment Insurance Weekly Claims Report,0.3,NVDA,2,2025-08-25,Monday,range_pct,0.029939448306795263
2025-08-21,Unemployment Insurance Weekly Claims Report,0.3,NVDA,2,2025-08-25,Monday,realized_vol,0.013444424073605857
2025-08-28,Gross Domestic Product,0.6,NVDA,0,2025-08-28,Thursday,ret,-0.003869541182974112
2025-08-28,Gross Domestic Product,0.6,NVDA,0,2025-08-28,Thursday,abs_ret,0.003869541182974112
2025-08-28,Gross Domestic Product,0.6,NVDA,0,2025-08-28,Thursday,range_pct,0.044555002763958
2025-08-28,Gross Domestic Product,0.6,NVDA,0,2025-08-28,Thursday,realized_vol,0.02038894705132893
2025-08-28,Gross Domestic Product,0.6,NVDA,1,2025-08-29,Friday,ret,-0.021338724168912915
2025-08-28,Gross Domestic Product,0.6,NVDA,1,2025-08-29,Friday,abs_ret,0.021338724168912915
2025-08-28,Gross Domestic Product,0.6,NVDA,1,2025-08-29,Friday,range_pct,0.02810534591194966
2025-08-28,Gross Domestic Product,0.6,NVDA,1,2025-08-29,Friday,realized_vol,0.017720668087494954
2025-08-28,Gross Domestic Product,0.6,NVDA,2,2025-09-02,Tuesday,ret,0.004057391508879293
2025-08-28,Gross Domestic Product,0.6,NVDA,2,2025-09-02,Tuesday,abs_ret,0.004057391508879293
2025-08-28,Gross Domestic Product,0.6,NVDA,2,2025-09-02,Tuesday,range_pct,0.03033635187580849
2025-08-28,Gross Domestic Product,0.6,NVDA,2,2025-09-02,Tuesday,realized_vol,0.017319862891687618
2025-08-28,Unemployment Insurance Weekly Claims Report,0.3,NVDA,0,2025-08-28,Thursday,ret,-0.003869541182974112
2025-08-28,Unemployment Insurance Weekly Claims Report,0.3,NVDA,0,2025-08-28,Thursday,abs_ret,0.003869541182974112
2025-08-28,Unemployment Insurance Weekly Claims Report,0.3,NVDA,0,2025-08-28,Thursday,range_pct,0.044555002763958
2025-08-28,Unemployment Insurance Weekly Claims Report,0.3,NVDA,0,2025-08-28,Thursday,realized_vol,0.02038894705132893
2025-08-28,Unemployment Insurance Weekly Claims Report,0.3,NVDA,1,2025-08-29,Friday,ret,-0.021338724168912915
2025-08-28,Unemployment Insurance Weekly Claims Report,0.3,NVDA,1,2025-08-29,Friday,abs_ret,0.021338724168912915
2025-08-28,Unemployment Insurance Weekly Claims Report,0.3,NVDA,1,2025-08-29,Friday,range_pct,0.02810534591194966
2025-08-28,Unemployment Insurance Weekly Claims Report,0.3,NVDA,1,2025-08-29,Friday,realized_vol,0.017720668087494954
2025-08-28,Unemployment Insurance Weekly Claims Report,0.3,NVDA,2,2025-09-02,Tuesday,ret,0.004057391508879293
2025-08-28,Unemployment Insurance Weekly Claims Report,0.3,NVDA,2,2025-09-02,Tuesday,abs_ret,0.004057391508879293
2025-08-28,Unemployment Insurance Weekly Claims Report,0.3,NVDA,2,2025-09-02,Tuesday,range_pct,0.03033635187580849
2025-08-28,Unemployment Insurance Weekly Claims Report,0.3,NVDA,2,2025-09-02,Tuesday,realized_vol,0.017319862891687618
2025-08-29,Personal Income and Outlays,1.0,NVDA,0,2025-08-29,Friday,ret,-0.021338724168912915
2025-08-29,Personal Income and Outlays,1.0,NVDA,0,2025-08-29,Friday,abs_ret,0.021338724168912915
2025-08-29,Personal Income and Outlays,1.0,NVDA,0,2025-08-29,Friday,range_pct,0.02810534591194966
2025-08-29,Personal Income and Outlays,1.0,NVDA,0,2025-08-29,Friday,realized_vol,0.017720668087494954
2025-08-29,Personal Income and Outlays,1.0,NVDA,1,2025-09-02,Tuesday,ret,0.004057391508879293
2025-08-29,Personal Income and Outlays,1.0,NVDA,1,2025-09-02,Tuesday,abs_ret,0.004057391508879293
2025-08-29,Personal Income and Outlays,1.0,NVDA,1,2025-09-02,Tuesday,range_pct,0.03033635187580849
2025-08-29,Personal Income and Outlays,1.0,NVDA,1,2025-09-02,Tuesday,realized_vol,0.017319862891687618
2025-08-29,Personal Income and Outlays,1.0,NVDA,2,2025-09-03,Wednesday,ret,-0.0025138848289973925
2025-08-29,Personal Income and Outlays,1.0,NVDA,2,2025-09-03,Wednesday,abs_ret,0.0025138848289973925
2025-08-29,Personal Income and Outlays,1.0,NVDA,2,2025-09-03,Wednesday,range_pct,0.0206664717918737
2025-08-29,Personal Income and Outlays,1.0,NVDA,2,2025-09-03,Wednesday,realized_vol,0.013592478310209814
2025-09-04,Unemployment Insurance Weekly Claims Report,0.3,NVDA,0,2025-09-04,Thursday,ret,0.006450099683358745
2025-09-04,Unemployment Insurance Weekly Claims Report,0.3,NVDA,0,2025-09-04,Thursday,abs_ret,0.006450099683358745
2025-09-04,Unemployment Insurance Weekly Claims Report,0.3,NVDA,0,2025-09-04,Thursday,range_pct,0.014366131112935483
2025-09-04,Unemployment Insurance Weekly Claims Report,0.3,NVDA,0,2025-09-04,Thursday,realized_vol,0.01106945057146798
2025-09-04,Unemployment Insurance Weekly Claims Report,0.3,NVDA,1,2025-09-05,Friday,ret,-0.005773465865127059
2025-09-04,Unemployment Insurance Weekly Claims Report,0.3,NVDA,1,2025-09-05,Friday,abs_ret,0.005773465865127059
2025-09-04,Unemployment Insurance Weekly Claims Report,0.3,NVDA,1,2025-09-05,Friday,range_pct,0.029522052258794167
2025-09-04,Unemployment Insurance Weekly Claims Report,0.3,NVDA,1,2025-09-05,Friday,realized_vol,0.017397211732144282
2025-09-04,Unemployment Insurance Weekly Claims Report,0.3,NVDA,2,2025-09-08,Monday,ret,0.004894061474186806
2025-09-04,Unemployment Insurance Weekly Claims Report,0.3,NVDA,2,2025-09-08,Monday,abs_ret,0.004894061474186806
2025-09-04,Unemployment Insurance Weekly Claims Report,0.3,NVDA,2,2025-09-08,Monday,range_pct,0.021545807221724937
2025-09-04,Unemployment Insurance Weekly Claims Report,0.3,NVDA,2,2025-09-08,Monday,realized_vol,0.01324603185078706
2025-09-05,Employment Situation,1.0,NVDA,0,2025-09-05,Friday,ret,-0.005773465865127059
2025-09-05,Employment Situation,1.0,NVDA,0,2025-09-05,Friday,abs_ret,0.005773465865127059
2025-09-05,Employment Situation,1.0,NVDA,0,2025-09-05,Friday,range_pct,0.029522052258794167
2025-09-05,Employment Situation,1.0,NVDA,0,2025-09-05,Friday,realized_vol,0.017397211732144282
2025-09-05,Employment Situation,1.0,NVDA,1,2025-09-08,Monday,ret,0.004894061474186806
2025-09-05,Employment Situation,1.0,NVDA,1,2025-09-08,Monday,abs_ret,0.004894061474186806
2025-09-05,Employment Situation,1.0,NVDA,1,2025-09-08,Monday,range_pct,0.021545807221724937
2025-09-05,Employment Situation,1.0,NVDA,1,2025-09-08,Monday,realized_vol,0.01324603185078706
2025-09-05,Employment Situation,1.0,NVDA,2,2025-09-09,Tuesday,ret,0.0098675261694956
2025-09-05,Employment Situation,1.0,NVDA,2,2025-09-09,Tuesday,abs_ret,0.0098675261694956
2025-09-05,Employment Situation,1.0,NVDA,2,2025-09-09,Tuesday,range_pct,0.025074812230173146
2025-09-05,Employment Situation,1.0,NVDA,2,2025-09-09,Tuesday,realized_vol,0.0130114800568859
2025-09-10,Producer Price Index,0.6,NVDA,0,2025-09-10,Wednesday,ret,0.0037364130434784926
2025-09-10,Producer Price Index,0.6,NVDA,0,2025-09-10,Wednesday,abs_ret,0.0037364130434784926
2025-09-10,Producer Price Index,0.6,NVDA,0,2025-09-10,Wednesday,range_pct,0.021625905797101413
2025-09-10,Producer Price Index,0.6,NVDA,0,2025-09-10,Wednesday,realized_vol,0.013555507820920696
2025-09-10,Producer Price Index,0.6,NVDA,1,2025-09-11,Thursday,ret,-0.014414514692787206
2025-09-10,Producer Price Index,0.6,NVDA,1,2025-09-11,Thursday,abs_ret,0.014414514692787206
2025-09-10,Producer Price Index,0.6,NVDA,1,2025-09-11,Thursday,range_pct,0.02114870881567237
2025-09-10,Producer Price Index,0.6,NVDA,1,2025-09-11,Thursday,realized_vol,0.01369789219789317
2025-09-10,Producer Price Index,0.6,NVDA,2,2025-09-12,Friday,ret,-0.00016870993139128654
2025-09-10,Producer Price Index,0.6,NVDA,2,2025-09-12,Friday,abs_ret,0.00016870993139128654
2025-09-10,Producer Price Index,0.6,NVDA,2,2025-09-12,Friday,range_pct,0.012062760094477619
2025-09-10,Producer Price Index,0.6,NVDA,2,2025-09-12,Friday,realized_vol,0.010686671102309316
2025-09-11,Consumer Price Index,1.0,NVDA,0,2025-09-11,Thursday,ret,-0.014414514692787206
2025-09-11,Consumer Price Index,1.0,NVDA,0,2025-09-11,Thursday,abs_ret,0.014414514692787206
2025-09-11,Consumer Price Index,1.0,NVDA,0,2025-09-11,Thursday,range_pct,0.02114870881567237
2025-09-11,Consumer Price Index,1.0,NVDA,0,2025-09-11,Thursday,realized_vol,0.01369789219789317
2025-09-11,Consumer Price Index,1.0,NVDA,1,2025-09-12,Friday,ret,-0.00016870993139128654
2025-09-11,Consumer Price Index,1.0,NVDA,1,2025-09-12,Friday,abs_ret,0.00016870993139128654
2025-09-11,Consumer Price Index,1.0,NVDA,1,2025-09-12,Friday,range_pct,0.012062760094477619
2025-09-11,Consumer Price Index,1.0,NVDA,1,2025-09-12,Friday,realized_vol,0.010686671102309316
2025-09-11,Consumer Price Index,1.0,NVDA,2,2025-09-15,Monday,ret,0.012010473588342396
2025-09-11,Consumer Price Index,1.0,NVDA,2,2025-09-15,Monday,abs_ret,0.012010473588342396
2025-09-11,Consumer Price Index,1.0,NVDA,2,2025-09-15,Monday,range_pct,0.02470400728597452
2025-09-11,Consumer Price Index,1.0,NVDA,2,2025-09-15,Monday,realized_vol,0.012375193500114729
2025-09-11,Unemployment Insurance Weekly Claims Report,0.3,NVDA,0,2025-09-11,Thursday,ret,-0.014414514692787206
2025-09-11,Unemployment Insurance Weekly Claims Report,0.3,NVDA,0,2025-09-11,Thursday,abs_ret,0.014414514692787206
2025-09-11,Unemployment Insurance Weekly Claims Report,0.3,NVDA,0,2025-09-11,Thursday,range_pct,0.02114870881567237
2025-09-11,Unemployment Insurance Weekly Claims Report,0.3,NVDA,0,2025-09-11,Thursday,realized_vol,0.01369789219789317
2025-09-11,Unemployment Insurance Weekly Claims Report,0.3,NVDA,1,2025-09-12,Friday,ret,-0.00016870993139128654
2025-09-11,Unemployment Insurance Weekly Claims Report,0.3,NVDA,1,2025-09-12,Friday,abs_ret,0.00016870993139128654
2025-09-11,Unemployment Insurance Weekly Claims Report,0.3,NVDA,1,2025-09-12,Friday,range_pct,0.012062760094477619
2025-09-11,Unemployment Insurance Weekly Claims Report,0.3,NVDA,1,2025-09-12,Friday,realized_vol,0.010686671102309316
2025-09-11,Unemployment Insurance Weekly Claims Report,0.3,NVDA,2,2025-09-15,Monday,ret,0.012010473588342396
2025-09-11,Unemployment Insurance Weekly Claims Report,0.3,NVDA,2,2025-09-15,Monday,abs_ret,0.012010473588342396
2025-09-11,Unemployment Insurance Weekly Claims Report,0.3,NVDA,2,2025-09-15,Monday,range_pct,0.02470400728597452
2025-09-11,Unemployment Insurance Weekly Claims Report,0.3,NVDA,2,2025-09-15,Monday,realized_vol,0.012375193500114729
2025-09-18,Unemployment Insurance Weekly Claims Report,0.3,NVDA,0,2025-09-18,Thursday,ret,0.01321991033452119
2025-09-18,Unemployment Insurance Weekly Claims Report,0.3,NVDA,0,2025-09-18,Thursday,abs_ret,0.01321991033452119
2025-09-18,Unemployment Insurance Weekly Claims Report,0.3,NVDA,0,2025-09-18,Thursday,range_pct,0.0237958386021381
2025-09-18,Unemployment Insurance Weekly Claims Report,0.3,NVDA,0,2025-09-18,Thursday,realized_vol,0.014187226558586846
2025-09-18,Unemployment Insurance Weekly Claims Report,0.3,NVDA,1,2025-09-19,Friday,ret,0.004610130904951548
2025-09-18,Unemployment Insurance Weekly Claims Report,0.3,NVDA,1,2025-09-19,Friday,abs_ret,0.004610130904951548
2025-09-18,Unemployment Insurance Weekly Claims Report,0.3,NVDA,1,2025-09-19,Friday,range_pct,0.01650540694365399
2025-09-18,Unemployment Insurance Weekly Claims Report,0.3,NVDA,1,2025-09-19,Friday,realized_vol,0.009476157411763147
2025-09-18,Unemployment Insurance Weekly Claims Report,0.3,NVDA,2,2025-09-22,Monday,ret,0.04740444951511691
2025-09-18,Unemployment Insurance Weekly Claims Report,0.3,NVDA,2,2025-09-22,Monday,abs_ret,0.04740444951511691
2025-09-18,Unemployment Insurance Weekly Claims Report,0.3,NVDA,2,2025-09-22,Monday,range_pct,0.05615915573302919
2025-09-18,Unemployment Insurance Weekly Claims Report,0.3,NVDA,2,2025-09-22,Monday,realized_vol,0.024116019809334928
2025-09-25,Gross Domestic Product,0.6,NVDA,0,2025-09-25,Thursday,ret,0.01839857855218674
2025-09-25,Gross Domestic Product,0.6,NVDA,0,2025-09-25,Thursday,abs_ret,0.01839857855218674
2025-09-25,Gross Domestic Product,0.6,NVDA,0,2025-09-25,Thursday,range_pct,0.04089528285665152
2025-09-25,Gross Domestic Product,0.6,NVDA,0,2025-09-25,Thursday,realized_vol,0.0229216600524259
2025-09-25,Gross Domestic Product,0.6,NVDA,1,2025-09-26,Friday,ret,0.00016838796587337335
2025-09-25,Gross Domestic Product,0.6,NVDA,1,2025-09-26,Friday,abs_ret,0.00016838796587337335
2025-09-25,Gross Domestic Product,0.6,NVDA,1,2025-09-26,Friday,range_pct,0.02716659182757074
2025-09-25,Gross Domestic Product,0.6,NVDA,1,2025-09-26,Friday,realized_vol,0.013560740206022753
2025-09-25,Gross Domestic Product,0.6,NVDA,2,2025-09-29,Monday,ret,0.007787169183871345
2025-09-25,Gross Domestic Product,0.6,NVDA,2,2025-09-29,Monday,abs_ret,0.007787169183871345
2025-09-25,Gross Domestic Product,0.6,NVDA,2,2025-09-29,Monday,range_pct,0.020396286545656128
2025-09-25,Gross Domestic Product,0.6,NVDA,2,2025-09-29,Monday,realized_vol,0.01170250793602451
2025-09-25,Unemployment Insurance Weekly Claims Report,0.3,NVDA,0,2025-09-25,Thursday,ret,0.01839857855218674
2025-09-25,Unemployment Insurance Weekly Claims Report,0.3,NVDA,0,2025-09-25,Thursday,abs_ret,0.01839857855218674
2025-09-25,Unemployment Insurance Weekly Claims Report,0.3,NVDA,0,2025-09-25,Thursday,range_pct,0.04089528285665152
2025-09-25,Unemployment Insurance Weekly Claims Report,0.3,NVDA,0,2025-09-25,Thursday,realized_vol,0.0229216600524259
2025-09-25,Unemployment Insurance Weekly Claims Report,0.3,NVDA,1,2025-09-26,Friday,ret,0.00016838796587337335
2025-09-25,Unemployment Insurance Weekly Claims Report,0.3,NVDA,1,2025-09-26,Friday,abs_ret,0.00016838796587337335
2025-09-25,Unemployment Insurance Weekly Claims Report,0.3,NVDA,1,2025-09-26,Friday,range_pct,0.02716659182757074
2025-09-25,Unemployment Insurance Weekly Claims Report,0.3,NVDA,1,2025-09-26,Friday,realized_vol,0.013560740206022753
2025-09-25,Unemployment Insurance Weekly Claims Report,0.3,NVDA,2,2025-09-29,Monday,ret,0.007787169183871345
2025-09-25,Unemployment Insurance Weekly Claims Report,0.3,NVDA,2,2025-09-29,Monday,abs_ret,0.007787169183871345
2025-09-25,Unemployment Insurance Weekly Claims Report,0.3,NVDA,2,2025-09-29,Monday,range_pct,0.020396286545656128
2025-09-25,Unemployment Insurance Weekly Claims Report,0.3,NVDA,2,2025-09-29,Monday,realized_vol,0.01170250793602451
2025-09-26,Personal Income and Outlays,1.0,NVDA,0,2025-09-26,Friday,ret,0.00016838796587337335
2025-09-26,Personal Income and Outlays,1.0,NVDA,0,2025-09-26,Friday,abs_ret,0.00016838796587337335
2025-09-26,Personal Income and Outlays,1.0,NVDA,0,2025-09-26,Friday,range_pct,0.02716659182757074
2025-09-26,Personal Income and Outlays,1.0,NVDA,0,2025-09-26,Friday,realized_vol,0.013560740206022753
2025-09-26,Personal Income and Outlays,1.0,NVDA,1,2025-09-29,Monday,ret,0.007787169183871345
2025-09-26,Personal Income and Outlays,1.0,NVDA,1,2025-09-29,Monday,abs_ret,0.007787169183871345
2025-09-26,Personal Income and Outlays,1.0,NVDA,1,2025-09-29,Monday,range_pct,0.020396286545656128
2025-09-26,Personal Income and Outlays,1.0,NVDA,1,2025-09-29,Monday,realized_vol,0.01170250793602451
2025-09-26,Personal Income and Outlays,1.0,NVDA,2,2025-09-30,Tuesday,ret,0.024601867105985775
2025-09-26,Personal Income and Outlays,1.0,NVDA,2,2025-09-30,Tuesday,abs_ret,0.024601867105985775
2025-09-26,Personal Income and Outlays,1.0,NVDA,2,2025-09-30,Tuesday,range_pct,0.03223503569467328
2025-09-26,Personal Income and Outlays,1.0,NVDA,2,2025-09-30,Tuesday,realized_vol,0.020631702504465683
2025-10-24,Consumer Price Index,1.0,NVDA,0,2025-10-24,Friday,ret,0.013107799412596544
2025-10-24,Consumer Price Index,1.0,NVDA,0,2025-10-24,Friday,abs_ret,0.013107799412596544
2025-10-24,Consumer Price Index,1.0,NVDA,0,2025-10-24,Friday,range_pct,0.0215925160448167
2025-10-24,Consumer Price Index,1.0,NVDA,0,2025-10-24,Friday,realized_vol,0.010044396519048067
2025-10-24,Consumer Price Index,1.0,NVDA,1,2025-10-27,Monday,ret,0.007526315789473825
2025-10-24,Consumer Price Index,1.0,NVDA,1,2025-10-27,Monday,abs_ret,0.007526315789473825
2025-10-24,Consumer Price Index,1.0,NVDA,1,2025-10-27,Monday,range_pct,0.01877999999999995
2025-10-24,Consumer Price Index,1.0,NVDA,1,2025-10-27,Monday,realized_vol,0.011440773870806404
2025-10-24,Consumer Price Index,1.0,NVDA,2,2025-10-28,Tuesday,ret,0.04128250284885526
2025-10-24,Consumer Price Index,1.0,NVDA,2,2025-10-28,Tuesday,abs_ret,0.04128250284885526
2025-10-24,Consumer Price Index,1.0,NVDA,2,2025-10-28,Tuesday,range_pct,0.05822024241168553
2025-10-24,Consumer Price Index,1.0,NVDA,2,2025-10-28,Tuesday,realized_vol,0.025216049158350403
2025-11-20,Employment Situation,1.0,NVDA,0,2025-11-20,Thursday,ret,-0.07698979591836741
2025-11-20,Employment Situation,1.0,NVDA,0,2025-11-20,Thursday,abs_ret,0.07698979591836741
2025-11-20,Employment Situation,1.0,NVDA,0,2025-11-20,Thursday,range_pct,0.0823979591836735
2025-11-20,Employment Situation,1.0,NVDA,0,2025-11-20,Thursday,realized_vol,0.03163165192486226
2025-11-20,Employment Situation,1.0,NVDA,1,2025-11-21,Friday,ret,-0.012663116947609576
2025-11-20,Employment Situation,1.0,NVDA,1,2025-11-21,Friday,abs_ret,0.012663116947609576
2025-11-20,Employment Situation,1.0,NVDA,1,2025-11-21,Friday,range_pct,0.06417082793058733
2025-11-20,Employment Situation,1.0,NVDA,1,2025-11-21,Friday,realized_vol,0.04148243453360042
2025-11-20,Employment Situation,1.0,NVDA,2,2025-11-24,Monday,ret,0.01716164261436459
2025-11-20,Employment Situation,1.0,NVDA,2,2025-11-24,Monday,abs_ret,0.01716164261436459
2025-11-20,Employment Situation,1.0,NVDA,2,2025-11-24,Monday,range_pct,0.03911517245222049
2025-11-20,Employment Situation,1.0,NVDA,2,2025-11-24,Monday,realized_vol,0.021835566636377313
2025-11-20,Unemployment Insurance Weekly Claims Report,0.3,NVDA,0,2025-11-20,Thursday,ret,-0.07698979591836741
2025-11-20,Unemployment Insurance Weekly Claims Report,0.3,NVDA,0,2025-11-20,Thursday,abs_ret,0.07698979591836741
2025-11-20,Unemployment Insurance Weekly Claims Report,0.3,NVDA,0,2025-11-20,Thursday,range_pct,0.0823979591836735
2025-11-20,Unemployment Insurance Weekly Claims Report,0.3,NVDA,0,2025-11-20,Thursday,realized_vol,0.03163165192486226
2025-11-20,Unemployment Insurance Weekly Claims Report,0.3,NVDA,1,2025-11-21,Friday,ret,-0.012663116947609576
2025-11-20,Unemployment Insurance Weekly Claims Report,0.3,NVDA,1,2025-11-21,Friday,abs_ret,0.012663116947609576
2025-11-20,Unemployment Insurance Weekly Claims Report,0.3,NVDA,1,2025-11-21,Friday,range_pct,0.06417082793058733
2025-11-20,Unemployment Insurance Weekly Claims Report,0.3,NVDA,1,2025-11-21,Friday,realized_vol,0.04148243453360042
2025-11-20,Unemployment Insurance Weekly Claims Report,0.3,NVDA,2,2025-11-24,Monday,ret,0.01716164261436459
2025-11-20,Unemployment Insurance Weekly Claims Report,0.3,NVDA,2,2025-11-24,Monday,abs_ret,0.01716164261436459
2025-11-20,Unemployment Insurance Weekly Claims Report,0.3,NVDA,2,2025-11-24,Monday,range_pct,0.03911517245222049
2025-11-20,Unemployment Insurance Weekly Claims Report,0.3,NVDA,2,2025-11-24,Monday,realized_vol,0.021835566636377313
2025-11-25,Producer Price Index,0.6,NVDA,0,2025-11-25,Tuesday,ret,0.01646561088559828
2025-11-25,Producer Price Index,0.6,NVDA,0,2025-11-25,Tuesday,abs_ret,0.01646561088559828
2025-11-25,Producer Price Index,0.6,NVDA,0,2025-11-25,Tuesday,range_pct,0.04922531587673652
2025-11-25,Producer Price Index,0.6,NVDA,0,2025-11-25,Tuesday,realized_vol,0.029914798208876665
2025-11-25,Producer Price Index,0.6,NVDA,1,2025-11-26,Wednesday,ret,-0.008338378556882575
2025-11-25,Producer Price Index,0.6,NVDA,1,2025-11-26,Wednesday,abs_ret,0.008338378556882575
2025-11-25,Producer Price Index,0.6,NVDA,1,2025-11-26,Wednesday,range_pct,0.025703120700093497
2025-11-25,Producer Price Index,0.6,NVDA,1,2025-11-26,Wednesday,realized_vol,0.016187305491017327
2025-11-25,Producer Price Index,0.6,NVDA,2,2025-11-28,Friday,ret,-0.013519553072625645
2025-11-25,Producer Price Index,0.6,NVDA,2,2025-11-28,Friday,abs_ret,0.013519553072625645
2025-11-25,Producer Price Index,0.6,NVDA,2,2025-11-28,Friday,range_pct,0.023575418994413403
2025-11-25,Producer Price Index,0.6,NVDA,2,2025-11-28,Friday,realized_vol,0.012158861315055896
2025-11-26,Unemployment Insurance Weekly Claims Report,0.3,NVDA,0,2025-11-26,Wednesday,ret,-0.008338378556882575
2025-11-26,Unemployment Insurance Weekly Claims Report,0.3,NVDA,0,2025-11-26,Wednesday,abs_ret,0.008338378556882575
2025-11-26,Unemployment Insurance Weekly Claims Report,0.3,NVDA,0,2025-11-26,Wednesday,range_pct,0.025703120700093497
2025-11-26,Unemployment Insurance Weekly Claims Report,0.3,NVDA,0,2025-11-26,Wednesday,realized_vol,0.016187305491017327
2025-11-26,Unemployment Insurance Weekly Claims Report,0.3,NVDA,1,2025-11-28,Friday,ret,-0.013519553072625645
2025-11-26,Unemployment Insurance Weekly Claims Report,0.3,NVDA,1,2025-11-28,Friday,abs_ret,0.013519553072625645
2025-11-26,Unemployment Insurance Weekly Claims Report,0.3,NVDA,1,2025-11-28,Friday,range_pct,0.023575418994413403
2025-11-26,Unemployment Insurance Weekly Claims Report,0.3,NVDA,1,2025-11-28,Friday,realized_vol,0.012158861315055896
2025-11-26,Unemployment Insurance Weekly Claims Report,0.3,NVDA,2,2025-12-01,Monday,ret,0.029583428702220305
2025-11-26,Unemployment Insurance Weekly Claims Report,0.3,NVDA,2,2025-12-01,Monday,abs_ret,0.029583428702220305
2025-11-26,Unemployment Insurance Weekly Claims Report,0.3,NVDA,2,2025-12-01,Monday,range_pct,0.03788052185854889
2025-11-26,Unemployment Insurance Weekly Claims Report,0.3,NVDA,2,2025-12-01,Monday,realized_vol,0.015889287213490245
2025-12-04,Unemployment Insurance Weekly Claims Report,0.3,NVDA,0,2025-12-04,Thursday,ret,0.009800682744191214
2025-12-04,Unemployment Insurance Weekly Claims Report,0.3,NVDA,0,2025-12-04,Thursday,abs_ret,0.009800682744191214
2025-12-04,Unemployment Insurance Weekly Claims Report,0.3,NVDA,0,2025-12-04,Thursday,range_pct,0.025079837022354248
2025-12-04,Unemployment Insurance Weekly Claims Report,0.3,NVDA,0,2025-12-04,Thursday,realized_vol,0.021132597059643137
2025-12-04,Unemployment Insurance Weekly Claims Report,0.3,NVDA,1,2025-12-05,Friday,ret,-0.008374571754853455
2025-12-04,Unemployment Insurance Weekly Claims Report,0.3,NVDA,1,2025-12-05,Friday,abs_ret,0.008374571754853455
2025-12-04,Unemployment Insurance Weekly Claims Report,0.3,NVDA,1,2025-12-05,Friday,range_pct,0.020392626026428846
2025-12-04,Unemployment Insurance Weekly Claims Report,0.3,NVDA,1,2025-12-05,Friday,realized_vol,0.014812080836879632
2025-12-04,Unemployment Insurance Weekly Claims Report,0.3,NVDA,2,2025-12-08,Monday,ret,0.015874753667615593
2025-12-04,Unemployment Insurance Weekly Claims Report,0.3,NVDA,2,2025-12-08,Monday,abs_ret,0.015874753667615593
2025-12-04,Unemployment Insurance Weekly Claims Report,0.3,NVDA,2,2025-12-08,Monday,range_pct,0.030654696737464387
2025-12-04,Unemployment Insurance Weekly Claims Report,0.3,NVDA,2,2025-12-08,Monday,realized_vol,0.022134849277600295
2025-12-05,Personal Income and Outlays,1.0,NVDA,0,2025-12-05,Friday,ret,-0.008374571754853455
2025-12-05,Personal Income and Outlays,1.0,NVDA,0,2025-12-05,Friday,abs_ret,0.008374571754853455
2025-12-05,Personal Income and Outlays,1.0,NVDA,0,2025-12-05,Friday,range_pct,0.020392626026428846
2025-12-05,Personal Income and Outlays,1.0,NVDA,0,2025-12-05,Friday,realized_vol,0.014812080836879632
2025-12-05,Personal Income and Outlays,1.0,NVDA,1,2025-12-08,Monday,ret,0.015874753667615593
2025-12-05,Personal Income and Outlays,1.0,NVDA,1,2025-12-08,Monday,abs_ret,0.015874753667615593
2025-12-05,Personal Income and Outlays,1.0,NVDA,1,2025-12-08,Monday,range_pct,0.030654696737464387
2025-12-05,Personal Income and Outlays,1.0,NVDA,1,2025-12-08,Monday,realized_vol,0.022134849277600295
2025-12-05,Personal Income and Outlays,1.0,NVDA,2,2025-12-09,Tuesday,ret,-0.003233281241579955
2025-12-05,Personal Income and Outlays,1.0,NVDA,2,2025-12-09,Tuesday,abs_ret,0.003233281241579955
2025-12-05,Personal Income and Outlays,1.0,NVDA,2,2025-12-09,Tuesday,range_pct,0.01291534191949135
2025-12-05,Personal Income and Outlays,1.0,NVDA,2,2025-12-09,Tuesday,realized_vol,0.010742426198048535
2025-12-11,Unemployment Insurance Weekly Claims Report,0.3,NVDA,0,2025-12-11,Thursday,ret,0.0035803427810749966
2025-12-11,Unemployment Insurance Weekly Claims Report,0.3,NVDA,0,2025-12-11,Thursday,abs_ret,0.0035803427810749966
2025-12-11,Unemployment Insurance Weekly Claims Report,0.3,NVDA,0,2025-12-11,Thursday,range_pct,0.026069110876920456
2025-12-11,Unemployment Insurance Weekly Claims Report,0.3,NVDA,0,2025-12-11,Thursday,realized_vol,0.013610452150893374
2025-12-11,Unemployment Insurance Weekly Claims Report,0.3,NVDA,1,2025-12-12,Friday,ret,-0.033791618353486874
2025-12-11,Unemployment Insurance Weekly Claims Report,0.3,NVDA,1,2025-12-12,Friday,abs_ret,0.033791618353486874
2025-12-11,Unemployment Insurance Weekly Claims Report,0.3,NVDA,1,2025-12-12,Friday,range_pct,0.04527635138865876
2025-12-11,Unemployment Insurance Weekly Claims Report,0.3,NVDA,1,2025-12-12,Friday,realized_vol,0.022489896450089742
2025-12-11,Unemployment Insurance Weekly Claims Report,0.3,NVDA,2,2025-12-15,Monday,ret,-0.009306717021850597
2025-12-11,Unemployment Insurance Weekly Claims Report,0.3,NVDA,2,2025-12-15,Monday,abs_ret,0.009306717021850597
2025-12-11,Unemployment Insurance Weekly Claims Report,0.3,NVDA,2,2025-12-15,Monday,range_pct,0.019023693912417896
2025-12-11,Unemployment Insurance Weekly Claims Report,0.3,NVDA,2,2025-12-15,Monday,realized_vol,0.019183517178192232
2025-12-16,Employment Situation,1.0,NVDA,0,2025-12-16,Tuesday,ret,0.007348768584723553
2025-12-16,Employment Situation,1.0,NVDA,0,2025-12-16,Tuesday,abs_ret,0.007348768584723553
2025-12-16,Employment Situation,1.0,NVDA,0,2025-12-16,Tuesday,range_pct,0.020372261945295674
2025-12-16,Employment Situation,1.0,NVDA,0,2025-12-16,Tuesday,realized_vol,0.014379292208042014
2025-12-16,Employment Situation,1.0,NVDA,1,2025-12-17,Wednesday,ret,-0.029415105053946622
2025-12-16,Employment Situation,1.0,NVDA,1,2025-12-17,Wednesday,abs_ret,0.029415105053946622
2025-12-16,Employment Situation,1.0,NVDA,1,2025-12-17,Wednesday,range_pct,0.03304940374787049
2025-12-16,Employment Situation,1.0,NVDA,1,2025-12-17,Wednesday,realized_vol,0.016895756753178736
2025-12-16,Employment Situation,1.0,NVDA,2,2025-12-18,Thursday,ret,-0.003150779101741552
2025-12-16,Employment Situation,1.0,NVDA,2,2025-12-18,Thursday,abs_ret,0.003150779101741552
2025-12-16,Employment Situation,1.0,NVDA,2,2025-12-18,Thursday,range_pct,0.024805224564619685
2025-12-16,Employment Situation,1.0,NVDA,2,2025-12-18,Thursday,realized_vol,0.017376379892937076
2025-12-18,Consumer Price Index,1.0,NVDA,0,2025-12-18,Thursday,ret,-0.003150779101741552
2025-12-18,Consumer Price Index,1.0,NVDA,0,2025-12-18,Thursday,abs_ret,0.003150779101741552
2025-12-18,Consumer Price Index,1.0,NVDA,0,2025-12-18,Thursday,range_pct,0.024805224564619685
2025-12-18,Consumer Price Index,1.0,NVDA,0,2025-12-18,Thursday,realized_vol,0.017376379892937076
2025-12-18,Consumer Price Index,1.0,NVDA,1,2025-12-19,Friday,ret,0.024481363031726877
2025-12-18,Consumer Price Index,1.0,NVDA,1,2025-12-19,Friday,abs_ret,0.024481363031726877
2025-12-18,Consumer Price Index,1.0,NVDA,1,2025-12-19,Friday,range_pct,0.028924801177369515
2025-12-18,Consumer Price Index,1.0,NVDA,1,2025-12-19,Friday,realized_vol,0.014342924376826669
2025-12-18,Consumer Price Index,1.0,NVDA,2,2025-12-22,Monday,ret,-0.0017398869073509404
2025-12-18,Consumer Price Index,1.0,NVDA,2,2025-12-22,Monday,abs_ret,0.0017398869073509404
2025-12-18,Consumer Price Index,1.0,NVDA,2,2025-12-22,Monday,range_pct,0.009841235319704232
2025-12-18,Consumer Price Index,1.0,NVDA,2,2025-12-22,Monday,realized_vol,0.009273648843976792
2025-12-18,Unemployment Insurance Weekly Claims Report,0.3,NVDA,0,2025-12-18,Thursday,ret,-0.003150779101741552
2025-12-18,Unemployment Insurance Weekly Claims Report,0.3,NVDA,0,2025-12-18,Thursday,abs_ret,0.003150779101741552
2025-12-18,Unemployment Insurance Weekly Claims Report,0.3,NVDA,0,2025-12-18,Thursday,range_pct,0.024805224564619685
2025-12-18,Unemployment Insurance Weekly Claims Report,0.3,NVDA,0,2025-12-18,Thursday,realized_vol,0.017376379892937076
2025-12-18,Unemployment Insurance Weekly Claims Report,0.3,NVDA,1,2025-12-19,Friday,ret,0.024481363031726877
2025-12-18,Unemployment Insurance Weekly Claims Report,0.3,NVDA,1,2025-12-19,Friday,abs_ret,0.024481363031726877
2025-12-18,Unemployment Insurance Weekly Claims Report,0.3,NVDA,1,2025-12-19,Friday,range_pct,0.028924801177369515
2025-12-18,Unemployment Insurance Weekly Claims Report,0.3,NVDA,1,2025-12-19,Friday,realized_vol,0.014342924376826669
2025-12-18,Unemployment Insurance Weekly Claims Report,0.3,NVDA,2,2025-12-22,Monday,ret,-0.0017398869073509404
2025-12-18,Unemployment Insurance Weekly Claims Report,0.3,NVDA,2,2025-12-22,Monday,abs_ret,0.0017398869073509404
2025-12-18,Unemployment Insurance Weekly Claims Report,0.3,NVDA,2,2025-12-22,Monday,range_pct,0.009841235319704232
2025-12-18,Unemployment Insurance Weekly Claims Report,0.3,NVDA,2,2025-12-22,Monday,realized_vol,0.009273648843976792
2025-12-23,Gross Domestic Product,0.6,NVDA,0,2025-12-23,Tuesday,ret,0.034102087659853675
2025-12-23,Gross Domestic Product,0.6,NVDA,0,2025-12-23,Tuesday,abs_ret,0.034102087659853675
2025-12-23,Gross Domestic Product,0.6,NVDA,0,2025-12-23,Tuesday,range_pct,0.035140452508470914
2025-12-23,Gross Domestic Product,0.6,NVDA,0,2025-12-23,Tuesday,realized_vol,0.012267946425672506
2025-12-23,Gross Domestic Product,0.6,NVDA,1,2025-12-24,Wednesday,ret,0.0020219218899648617
2025-12-23,Gross Domestic Product,0.6,NVDA,1,2025-12-24,Wednesday,abs_ret,0.0020219218899648617
2025-12-23,Gross Domestic Product,0.6,NVDA,1,2025-12-24,Wednesday,range_pct,0.012344365222943457
2025-12-23,Gross Domestic Product,0.6,NVDA,1,2025-12-24,Wednesday,realized_vol,0.008309609303161622
2025-12-23,Gross Domestic Product,0.6,NVDA,2,2025-12-26,Friday,ret,0.003211878685762448
2025-12-23,Gross Domestic Product,0.6,NVDA,2,2025-12-26,Friday,abs_ret,0.003211878685762448
2025-12-23,Gross Domestic Product,0.6,NVDA,2,2025-12-26,Friday,range_pct,0.024694608256107826
2025-12-23,Gross Domestic Product,0.6,NVDA,2,2025-12-26,Friday,realized_vol,0.010475176349560014
2025-12-23,Personal Income and Outlays,1.0,NVDA,0,2025-12-23,Tuesday,ret,0.034102087659853675
2025-12-23,Personal Income and Outlays,1.0,NVDA,0,2025-12-23,Tuesday,abs_ret,0.034102087659853675
2025-12-23,Personal Income and Outlays,1.0,NVDA,0,2025-12-23,Tuesday,range_pct,0.035140452508470914
2025-12-23,Personal Income and Outlays,1.0,NVDA,0,2025-12-23,Tuesday,realized_vol,0.012267946425672506
2025-12-23,Personal Income and Outlays,1.0,NVDA,1,2025-12-24,Wednesday,ret,0.0020219218899648617
2025-12-23,Personal Income and Outlays,1.0,NVDA,1,2025-12-24,Wednesday,abs_ret,0.0020219218899648617
2025-12-23,Personal Income and Outlays,1.0,NVDA,1,2025-12-24,Wednesday,range_pct,0.012344365222943457
2025-12-23,Personal Income and Outlays,1.0,NVDA,1,2025-12-24,Wednesday,realized_vol,0.008309609303161622
2025-12-23,Personal Income and Outlays,1.0,NVDA,2,2025-12-26,Friday,ret,0.003211878685762448
2025-12-23,Personal Income and Outlays,1.0,NVDA,2,2025-12-26,Friday,abs_ret,0.003211878685762448
2025-12-23,Personal Income and Outlays,1.0,NVDA,2,2025-12-26,Friday,range_pct,0.024694608256107826
2025-12-23,Personal Income and Outlays,1.0,NVDA,2,2025-12-26,Friday,realized_vol,0.010475176349560014
2025-12-24,Unemployment Insurance Weekly Claims Report,0.3,NVDA,0,2025-12-24,Wednesday,ret,0.0020219218899648617
2025-12-24,Unemployment Insurance Weekly Claims Report,0.3,NVDA,0,2025-12-24,Wednesday,abs_ret,0.0020219218899648617
2025-12-24,Unemployment Insurance Weekly Claims Report,0.3,NVDA,0,2025-12-24,Wednesday,range_pct,0.012344365222943457
2025-12-24,Unemployment Insurance Weekly Claims Report,0.3,NVDA,0,2025-12-24,Wednesday,realized_vol,0.008309609303161622
2025-12-24,Unemployment Insurance Weekly Claims Report,0.3,NVDA,1,2025-12-26,Friday,ret,0.003211878685762448
2025-12-24,Unemployment Insurance Weekly Claims Report,0.3,NVDA,1,2025-12-26,Friday,abs_ret,0.003211878685762448
2025-12-24,Unemployment Insurance Weekly Claims Report,0.3,NVDA,1,2025-12-26,Friday,range_pct,0.024694608256107826
2025-12-24,Unemployment Insurance Weekly Claims Report,0.3,NVDA,1,2025-12-26,Friday,realized_vol,0.010475176349560014
2025-12-24,Unemployment Insurance Weekly Claims Report,0.3,NVDA,2,2025-12-29,Monday,ret,0.002823654768247197
2025-12-24,Unemployment Insurance Weekly Claims Report,0.3,NVDA,2,2025-12-29,Monday,abs_ret,0.002823654768247197
2025-12-24,Unemployment Insurance Weekly Claims Report,0.3,NVDA,2,2025-12-29,Monday,range_pct,0.015157165689930736
2025-12-24,Unemployment Insurance Weekly Claims Report,0.3,NVDA,2,2025-12-29,Monday,realized_vol,0.012995981408063222
2025-12-31,Unemployment Insurance Weekly Claims Report,0.3,NVDA,0,2025-12-31,Wednesday,ret,-0.016247296513161258
2025-12-31,Unemployment Insurance Weekly Claims Report,0.3,NVDA,0,2025-12-31,Wednesday,abs_ret,0.016247296513161258
2025-12-31,Unemployment Insurance Weekly Claims Report,0.3,NVDA,0,2025-12-31,Wednesday,range_pct,0.021469641820963198
2025-12-31,Unemployment Insurance Weekly Claims Report,0.3,NVDA,0,2025-12-31,Wednesday,realized_vol,0.010355159329538687
2025-12-31,Unemployment Insurance Weekly Claims Report,0.3,NVDA,1,2026-01-02,Friday,ret,-0.005399952590407486
2025-12-31,Unemployment Insurance Weekly Claims Report,0.3,NVDA,1,2026-01-02,Friday,abs_ret,0.005399952590407486
2025-12-31,Unemployment Insurance Weekly Claims Report,0.3,NVDA,1,2026-01-02,Friday,range_pct,0.024599784022967378
2025-12-31,Unemployment Insurance Weekly Claims Report,0.3,NVDA,1,2026-01-02,Friday,realized_vol,0.015112766485985833
2025-12-31,Unemployment Insurance Weekly Claims Report,0.3,NVDA,2,2026-01-05,Monday,ret,-0.0190853626740366
2025-12-31,Unemployment Insurance Weekly Claims Report,0.3,NVDA,2,2026-01-05,Monday,abs_ret,0.0190853626740366
2025-12-31,Unemployment Insurance Weekly Claims Report,0.3,NVDA,2,2026-01-05,Monday,range_pct,0.03900505814256656
2025-12-31,Unemployment Insurance Weekly Claims Report,0.3,NVDA,2,2026-01-05,Monday,realized_vol,0.017590156597371905
2026-01-08,Unemployment Insurance Weekly Claims Report,0.3,NVDA,0,2026-01-08,Thursday,ret,-0.02130922165820648
2026-01-08,Unemployment Insurance Weekly Claims Report,0.3,NVDA,0,2026-01-08,Thursday,abs_ret,0.02130922165820648
2026-01-08,Unemployment Insurance Weekly Claims Report,0.3,NVDA,0,2026-01-08,Thursday,range_pct,0.03087986463620983
2026-01-08,Unemployment Insurance Weekly Claims Report,0.3,NVDA,0,2026-01-08,Thursday,realized_vol,0.015658285337231233
2026-01-08,Unemployment Insurance Weekly Claims Report,0.3,NVDA,1,2026-01-09,Friday,ret,-0.0010268050151318597
2026-01-08,Unemployment Insurance Weekly Claims Report,0.3,NVDA,1,2026-01-09,Friday,abs_ret,0.0010268050151318597
2026-01-08,Unemployment Insurance Weekly Claims Report,0.3,NVDA,1,2026-01-09,Friday,range_pct,0.014428772157371449
2026-01-08,Unemployment Insurance Weekly Claims Report,0.3,NVDA,1,2026-01-09,Friday,realized_vol,0.015150541195666592
2026-01-08,Unemployment Insurance Weekly Claims Report,0.3,NVDA,2,2026-01-12,Monday,ret,0.009665792922673555
2026-01-08,Unemployment Insurance Weekly Claims Report,0.3,NVDA,2,2026-01-12,Monday,abs_ret,0.009665792922673555
2026-01-08,Unemployment Insurance Weekly Claims Report,0.3,NVDA,2,2026-01-12,Monday,range_pct,0.0223891437308868
2026-01-08,Unemployment Insurance Weekly Claims Report,0.3,NVDA,2,2026-01-12,Monday,realized_vol,0.012972425853604233
2026-01-09,Employment Situation,1.0,NVDA,0,2026-01-09,Friday,ret,-0.0010268050151318597
2026-01-09,Employment Situation,1.0,NVDA,0,2026-01-09,Friday,abs_ret,0.0010268050151318597
2026-01-09,Employment Situation,1.0,NVDA,0,2026-01-09,Friday,range_pct,0.014428772157371449
2026-01-09,Employment Situation,1.0,NVDA,0,2026-01-09,Friday,realized_vol,0.015150541195666592
2026-01-09,Employment Situation,1.0,NVDA,1,2026-01-12,Monday,ret,0.009665792922673555
2026-01-09,Employment Situation,1.0,NVDA,1,2026-01-12,Monday,abs_ret,0.009665792922673555
2026-01-09,Employment Situation,1.0,NVDA,1,2026-01-12,Monday,range_pct,0.0223891437308868
2026-01-09,Employment Situation,1.0,NVDA,1,2026-01-12,Monday,realized_vol,0.012972425853604233
2026-01-09,Employment Situation,1.0,NVDA,2,2026-01-13,Tuesday,ret,0.00432409058969796
2026-01-09,Employment Situation,1.0,NVDA,2,2026-01-13,Tuesday,abs_ret,0.00432409058969796
2026-01-09,Employment Situation,1.0,NVDA,2,2026-01-13,Tuesday,range_pct,0.025457542835522432
2026-01-09,Employment Situation,1.0,NVDA,2,2026-01-13,Tuesday,realized_vol,0.01271024074703538
2026-01-13,Consumer Price Index,1.0,NVDA,0,2026-01-13,Tuesday,ret,0.00432409058969796
2026-01-13,Consumer Price Index,1.0,NVDA,0,2026-01-13,Tuesday,abs_ret,0.00432409058969796
2026-01-13,Consumer Price Index,1.0,NVDA,0,2026-01-13,Tuesday,range_pct,0.025457542835522432
2026-01-13,Consumer Price Index,1.0,NVDA,0,2026-01-13,Tuesday,realized_vol,0.01271024074703538
2026-01-13,Consumer Price Index,1.0,NVDA,1,2026-01-14,Wednesday,ret,-0.006076059241577614
2026-01-13,Consumer Price Index,1.0,NVDA,1,2026-01-14,Wednesday,abs_ret,0.006076059241577614
2026-01-13,Consumer Price Index,1.0,NVDA,1,2026-01-14,Wednesday,range_pct,0.01985569359301251
2026-01-13,Consumer Price Index,1.0,NVDA,1,2026-01-14,Wednesday,realized_vol,0.01660177855624025
2026-01-13,Consumer Price Index,1.0,NVDA,2,2026-01-15,Thursday,ret,0.003377834968634419
2026-01-13,Consumer Price Index,1.0,NVDA,2,2026-01-15,Thursday,abs_ret,0.003377834968634419
2026-01-13,Consumer Price Index,1.0,NVDA,2,2026-01-15,Thursday,range_pct,0.01806873626079018
2026-01-13,Consumer Price Index,1.0,NVDA,2,2026-01-15,Thursday,realized_vol,0.014015886044864794
2026-01-14,Producer Price Index,0.6,NVDA,0,2026-01-14,Wednesday,ret,-0.006076059241577614
2026-01-14,Producer Price Index,0.6,NVDA,0,2026-01-14,Wednesday,abs_ret,0.006076059241577614
2026-01-14,Producer Price Index,0.6,NVDA,0,2026-01-14,Wednesday,range_pct,0.01985569359301251
2026-01-14,Producer Price Index,0.6,NVDA,0,2026-01-14,Wednesday,realized_vol,0.01660177855624025
2026-01-14,Producer Price Index,0.6,NVDA,1,2026-01-15,Thursday,ret,0.003377834968634419
2026-01-14,Producer Price Index,0.6,NVDA,1,2026-01-15,Thursday,abs_ret,0.003377834968634419
2026-01-14,Producer Price Index,0.6,NVDA,1,2026-01-15,Thursday,range_pct,0.01806873626079018
2026-01-14,Producer Price Index,0.6,NVDA,1,2026-01-15,Thursday,realized_vol,0.014015886044864794
2026-01-14,Producer Price Index,0.6,NVDA,2,2026-01-16,Friday,ret,-0.014969584765935018
2026-01-14,Producer Price Index,0.6,NVDA,2,2026-01-16,Friday,abs_ret,0.014969584765935018
2026-01-14,Producer Price Index,0.6,NVDA,2,2026-01-16,Friday,range_pct,0.02306268183020357
2026-01-14,Producer Price Index,0.6,NVDA,2,2026-01-16,Friday,realized_vol,0.013708723816521077
2026-01-15,Unemployment Insurance Weekly Claims Report,0.3,NVDA,0,2026-01-15,Thursday,ret,0.003377834968634419
2026-01-15,Unemployment Insurance Weekly Claims Report,0.3,NVDA,0,2026-01-15,Thursday,abs_ret,0.003377834968634419
2026-01-15,Unemployment Insurance Weekly Claims Report,0.3,NVDA,0,2026-01-15,Thursday,range_pct,0.01806873626079018
2026-01-15,Unemployment Insurance Weekly Claims Report,0.3,NVDA,0,2026-01-15,Thursday,realized_vol,0.014015886044864794
2026-01-15,Unemployment Insurance Weekly Claims Report,0.3,NVDA,1,2026-01-16,Friday,ret,-0.014969584765935018
2026-01-15,Unemployment Insurance Weekly Claims Report,0.3,NVDA,1,2026-01-16,Friday,abs_ret,0.014969584765935018
2026-01-15,Unemployment Insurance Weekly Claims Report,0.3,NVDA,1,2026-01-16,Friday,range_pct,0.02306268183020357
2026-01-15,Unemployment Insurance Weekly Claims Report,0.3,NVDA,1,2026-01-16,Friday,realized_vol,0.013708723816521077
2026-01-15,Unemployment Insurance Weekly Claims Report,0.3,NVDA,2,2026-01-20,Tuesday,ret,-0.02028587135788895
2026-01-15,Unemployment Insurance Weekly Claims Report,0.3,NVDA,2,2026-01-20,Tuesday,abs_ret,0.02028587135788895
2026-01-15,Unemployment Insurance Weekly Claims Report,0.3,NVDA,2,2026-01-20,Tuesday,range_pct,0.026215503023639317
2026-01-15,Unemployment Insurance Weekly Claims Report,0.3,NVDA,2,2026-01-20,Tuesday,realized_vol,0.015880702500850042
2026-01-22,Gross Domestic Product,0.6,NVDA,0,2026-01-22,Thursday,ret,0.0007579448865788763
2026-01-22,Gross Domestic Product,0.6,NVDA,0,2026-01-22,Thursday,abs_ret,0.0007579448865788763
2026-01-22,Gross Domestic Product,0.6,NVDA,0,2026-01-22,Thursday,range_pct,0.012127118185263281
2026-01-22,Gross Domestic Product,0.6,NVDA,0,2026-01-22,Thursday,realized_vol,0.011365358010554931
2026-01-22,Gross Domestic Product,0.6,NVDA,1,2026-01-23,Friday,ret,0.0008532878246494402
2026-01-22,Gross Domestic Product,0.6,NVDA,1,2026-01-23,Friday,abs_ret,0.0008532878246494402
2026-01-22,Gross Domestic Product,0.6,NVDA,1,2026-01-23,Friday,range_pct,0.014808276891899128
2026-01-22,Gross Domestic Product,0.6,NVDA,1,2026-01-23,Friday,realized_vol,0.010942945990296582
2026-01-22,Gross Domestic Product,0.6,NVDA,2,2026-01-26,Monday,ret,-0.004220761874231926
2026-01-22,Gross Domestic Product,0.6,NVDA,2,2026-01-26,Monday,abs_ret,0.004220761874231926
2026-01-22,Gross Domestic Product,0.6,NVDA,2,2026-01-26,Monday,range_pct,0.016722765400438083
2026-01-22,Gross Domestic Product,0.6,NVDA,2,2026-01-26,Monday,realized_vol,0.01049800931795355
2026-01-22,Personal Income and Outlays,1.0,NVDA,0,2026-01-22,Thursday,ret,0.0007579448865788763
2026-01-22,Personal Income and Outlays,1.0,NVDA,0,2026-01-22,Thursday,abs_ret,0.0007579448865788763
2026-01-22,Personal Income and Outlays,1.0,NVDA,0,2026-01-22,Thursday,range_pct,0.012127118185263281
2026-01-22,Personal Income and Outlays,1.0,NVDA,0,2026-01-22,Thursday,realized_vol,0.011365358010554931
2026-01-22,Personal Income and Outlays,1.0,NVDA,1,2026-01-23,Friday,ret,0.0008532878246494402
2026-01-22,Personal Income and Outlays,1.0,NVDA,1,2026-01-23,Friday,abs_ret,0.0008532878246494402
2026-01-22,Personal Income and Outlays,1.0,NVDA,1,2026-01-23,Friday,range_pct,0.014808276891899128
2026-01-22,Personal Income and Outlays,1.0,NVDA,1,2026-01-23,Friday,realized_vol,0.010942945990296582
2026-01-22,Personal Income and Outlays,1.0,NVDA,2,2026-01-26,Monday,ret,-0.004220761874231926
2026-01-22,Personal Income and Outlays,1.0,NVDA,2,2026-01-26,Monday,abs_ret,0.004220761874231926
2026-01-22,Personal Income and Outlays,1.0,NVDA,2,2026-01-26,Monday,range_pct,0.016722765400438083
2026-01-22,Personal Income and Outlays,1.0,NVDA,2,2026-01-26,Monday,realized_vol,0.01049800931795355
2026-01-22,Unemployment Insurance Weekly Claims Report,0.3,NVDA,0,2026-01-22,Thursday,ret,0.0007579448865788763
2026-01-22,Unemployment Insurance Weekly Claims Report,0.3,NVDA,0,2026-01-22,Thursday,abs_ret,0.0007579448865788763
2026-01-22,Unemployment Insurance Weekly Claims Report,0.3,NVDA,0,2026-01-22,Thursday,range_pct,0.012127118185263281
2026-01-22,Unemployment Insurance Weekly Claims Report,0.3,NVDA,0,2026-01-22,Thursday,realized_vol,0.011365358010554931
2026-01-22,Unemployment Insurance Weekly Claims Report,0.3,NVDA,1,2026-01-23,Friday,ret,0.0008532878246494402
2026-01-22,Unemployment Insurance Weekly Claims Report,0.3,NVDA,1,2026-01-23,Friday,abs_ret,0.0008532878246494402
2026-01-22,Unemployment Insurance Weekly Claims Report,0.3,NVDA,1,2026-01-23,Friday,range_pct,0.014808276891899128
2026-01-22,Unemployment Insurance Weekly Claims Report,0.3,NVDA,1,2026-01-23,Friday,realized_vol,0.010942945990296582
2026-01-22,Unemployment Insurance Weekly Claims Report,0.3,NVDA,2,2026-01-26,Monday,ret,-0.004220761874231926
2026-01-22,Unemployment Insurance Weekly Claims Report,0.3,NVDA,2,2026-01-26,Monday,abs_ret,0.004220761874231926
2026-01-22,Unemployment Insurance Weekly Claims Report,0.3,NVDA,2,2026-01-26,Monday,range_pct,0.016722765400438083
2026-01-22,Unemployment Insurance Weekly Claims Report,0.3,NVDA,2,2026-01-26,Monday,realized_vol,0.01049800931795355
2026-01-29,Unemployment Insurance Weekly Claims Report,0.3,NVDA,0,2026-01-29,Thursday,ret,0.005696665621407027
2026-01-29,Unemployment Insurance Weekly Claims Report,0.3,NVDA,0,2026-01-29,Thursday,abs_ret,0.005696665621407027
2026-01-29,Unemployment Insurance Weekly Claims Report,0.3,NVDA,0,2026-01-29,Thursday,range_pct,0.03877913661544887
2026-01-29,Unemployment Insurance Weekly Claims Report,0.3,NVDA,0,2026-01-29,Thursday,realized_vol,0.02065446344047418
2026-01-29,Unemployment Insurance Weekly Claims Report,0.3,NVDA,1,2026-01-30,Friday,ret,0.00039223889963913017
2026-01-29,Unemployment Insurance Weekly Claims Report,0.3,NVDA,1,2026-01-30,Friday,abs_ret,0.00039223889963913017
2026-01-29,Unemployment Insurance Weekly Claims Report,0.3,NVDA,1,2026-01-30,Friday,range_pct,0.026253857015846503
2026-01-29,Unemployment Insurance Weekly Claims Report,0.3,NVDA,1,2026-01-30,Friday,realized_vol,0.01757784951328348
2026-01-29,Unemployment Insurance Weekly Claims Report,0.3,NVDA,2,2026-02-02,Monday,ret,-0.008119224400406022
2026-01-29,Unemployment Insurance Weekly Claims Report,0.3,NVDA,2,2026-02-02,Monday,abs_ret,0.008119224400406022
2026-01-29,Unemployment Insurance Weekly Claims Report,0.3,NVDA,2,2026-02-02,Monday,range_pct,0.028951444901447656
2026-01-29,Unemployment Insurance Weekly Claims Report,0.3,NVDA,2,2026-02-02,Monday,realized_vol,0.014120710171031404
2026-01-30,Producer Price Index,0.6,NVDA,0,2026-01-30,Friday,ret,0.00039223889963913017
2026-01-30,Producer Price Index,0.6,NVDA,0,2026-01-30,Friday,abs_ret,0.00039223889963913017
2026-01-30,Producer Price Index,0.6,NVDA,0,2026-01-30,Friday,range_pct,0.026253857015846503
2026-01-30,Producer Price Index,0.6,NVDA,0,2026-01-30,Friday,realized_vol,0.01757784951328348
2026-01-30,Producer Price Index,0.6,NVDA,1,2026-02-02,Monday,ret,-0.008119224400406022
2026-01-30,Producer Price Index,0.6,NVDA,1,2026-02-02,Monday,abs_ret,0.008119224400406022
2026-01-30,Producer Price Index,0.6,NVDA,1,2026-02-02,Monday,range_pct,0.028951444901447656
2026-01-30,Producer Price Index,0.6,NVDA,1,2026-02-02,Monday,realized_vol,0.014120710171031404
2026-01-30,Producer Price Index,0.6,NVDA,2,2026-02-03,Tuesday,ret,-0.03168125436288449
2026-01-30,Producer Price Index,0.6,NVDA,2,2026-02-03,Tuesday,abs_ret,0.03168125436288449
2026-01-30,Producer Price Index,0.6,NVDA,2,2026-02-03,Tuesday,range_pct,0.05401922354078292
2026-01-30,Producer Price Index,0.6,NVDA,2,2026-02-03,Tuesday,realized_vol,0.021534376950693566
2026-02-05,Unemployment Insurance Weekly Claims Report,0.3,NVDA,0,2026-02-05,Thursday,ret,-0.017715298017029646
2026-02-05,Unemployment Insurance Weekly Claims Report,0.3,NVDA,0,2026-02-05,Thursday,abs_ret,0.017715298017029646
2026-02-05,Unemployment Insurance Weekly Claims Report,0.3,NVDA,0,2026-02-05,Thursday,range_pct,0.03305903194468253
2026-02-05,Unemployment Insurance Weekly Claims Report,0.3,NVDA,0,2026-02-05,Thursday,realized_vol,0.027625386689157996
2026-02-05,Unemployment Insurance Weekly Claims Report,0.3,NVDA,1,2026-02-06,Friday,ret,0.049292586304470865
2026-02-05,Unemployment Insurance Weekly Claims Report,0.3,NVDA,1,2026-02-06,Friday,abs_ret,0.049292586304470865
2026-02-05,Unemployment Insurance Weekly Claims Report,0.3,NVDA,1,2026-02-06,Friday,range_pct,0.07017543859649127
2026-02-05,Unemployment Insurance Weekly Claims Report,0.3,NVDA,1,2026-02-06,Friday,realized_vol,0.021608192649078633
2026-02-05,Unemployment Insurance Weekly Claims Report,0.3,NVDA,2,2026-02-09,Monday,ret,0.03001193965049387
2026-02-05,Unemployment Insurance Weekly Claims Report,0.3,NVDA,2,2026-02-09,Monday,abs_ret,0.03001193965049387
2026-02-05,Unemployment Insurance Weekly Claims Report,0.3,NVDA,2,2026-02-09,Monday,range_pct,0.05280581786605878
2026-02-05,Unemployment Insurance Weekly Claims Report,0.3,NVDA,2,2026-02-09,Monday,realized_vol,0.025835170545843753
2026-02-11,Employment Situation,1.0,NVDA,0,2026-02-11,Wednesday,ret,-0.012420100815881185
2026-02-11,Employment Situation,1.0,NVDA,0,2026-02-11,Wednesday,abs_ret,0.012420100815881185
2026-02-11,Employment Situation,1.0,NVDA,0,2026-02-11,Wednesday,range_pct,0.02333316011016983
2026-02-11,Employment Situation,1.0,NVDA,0,2026-02-11,Wednesday,realized_vol,0.019367721640816935
2026-02-11,Employment Situation,1.0,NVDA,1,2026-02-12,Thursday,ret,-0.031704916334248545
2026-02-11,Employment Situation,1.0,NVDA,1,2026-02-12,Thursday,abs_ret,0.031704916334248545
2026-02-11,Employment Situation,1.0,NVDA,1,2026-02-12,Thursday,range_pct,0.036781847381236195
2026-02-11,Employment Situation,1.0,NVDA,1,2026-02-12,Thursday,realized_vol,0.018963076683431352
2026-02-11,Employment Situation,1.0,NVDA,2,2026-02-13,Friday,ret,-0.02517333333333338
2026-02-11,Employment Situation,1.0,NVDA,2,2026-02-13,Friday,abs_ret,0.02517333333333338
2026-02-11,Employment Situation,1.0,NVDA,2,2026-02-13,Friday,range_pct,0.031573333333333266
2026-02-11,Employment Situation,1.0,NVDA,2,2026-02-13,Friday,realized_vol,0.024888055210547665
2026-02-12,Unemployment Insurance Weekly Claims Report,0.3,NVDA,0,2026-02-12,Thursday,ret,-0.031704916334248545
2026-02-12,Unemployment Insurance Weekly Claims Report,0.3,NVDA,0,2026-02-12,Thursday,abs_ret,0.031704916334248545
2026-02-12,Unemployment Insurance Weekly Claims Report,0.3,NVDA,0,2026-02-12,Thursday,range_pct,0.036781847381236195
2026-02-12,Unemployment Insurance Weekly Claims Report,0.3,NVDA,0,2026-02-12,Thursday,realized_vol,0.018963076683431352
2026-02-12,Unemployment Insurance Weekly Claims Report,0.3,NVDA,1,2026-02-13,Friday,ret,-0.02517333333333338
2026-02-12,Unemployment Insurance Weekly Claims Report,0.3,NVDA,1,2026-02-13,Friday,abs_ret,0.02517333333333338
2026-02-12,Unemployment Insurance Weekly Claims Report,0.3,NVDA,1,2026-02-13,Friday,range_pct,0.031573333333333266
2026-02-12,Unemployment Insurance Weekly Claims Report,0.3,NVDA,1,2026-02-13,Friday,realized_vol,0.024888055210547665
2026-02-12,Unemployment Insurance Weekly Claims Report,0.3,NVDA,2,2026-02-17,Tuesday,ret,0.01793420256367928
2026-02-12,Unemployment Insurance Weekly Claims Report,0.3,NVDA,2,2026-02-17,Tuesday,abs_ret,0.01793420256367928
2026-02-12,Unemployment Insurance Weekly Claims Report,0.3,NVDA,2,2026-02-17,Tuesday,range_pct,0.043846619354128834
2026-02-12,Unemployment Insurance Weekly Claims Report,0.3,NVDA,2,2026-02-17,Tuesday,realized_vol,0.02301026053641302
2026-02-13,Consumer Price Index,1.0,NVDA,0,2026-02-13,Friday,ret,-0.02517333333333338
2026-02-13,Consumer Price Index,1.0,NVDA,0,2026-02-13,Friday,abs_ret,0.02517333333333338
2026-02-13,Consumer Price Index,1.0,NVDA,0,2026-02-13,Friday,range_pct,0.031573333333333266
2026-02-13,Consumer Price Index,1.0,NVDA,0,2026-02-13,Friday,realized_vol,0.024888055210547665
2026-02-13,Consumer Price Index,1.0,NVDA,1,2026-02-17,Tuesday,ret,0.01793420256367928
2026-02-13,Consumer Price Index,1.0,NVDA,1,2026-02-17,Tuesday,abs_ret,0.01793420256367928
2026-02-13,Consumer Price Index,1.0,NVDA,1,2026-02-17,Tuesday,range_pct,0.043846619354128834
2026-02-13,Consumer Price Index,1.0,NVDA,1,2026-02-17,Tuesday,realized_vol,0.02301026053641302
2026-02-13,Consumer Price Index,1.0,NVDA,2,2026-02-18,Wednesday,ret,-0.004768464554413487
2026-02-13,Consumer Price Index,1.0,NVDA,2,2026-02-18,Wednesday,abs_ret,0.004768464554413487
2026-02-13,Consumer Price Index,1.0,NVDA,2,2026-02-18,Wednesday,range_pct,0.01912684115714747
2026-02-13,Consumer Price Index,1.0,NVDA,2,2026-02-18,Wednesday,realized_vol,0.013302151427123914
2026-02-19,Unemployment Insurance Weekly Claims Report,0.3,NVDA,0,2026-02-19,Thursday,ret,0.004383385898326875
2026-02-19,Unemployment Insurance Weekly Claims Report,0.3,NVDA,0,2026-02-19,Thursday,abs_ret,0.004383385898326875
2026-02-19,Unemployment Insurance Weekly Claims Report,0.3,NVDA,0,2026-02-19,Thursday,range_pct,0.014807291388250442
2026-02-19,Unemployment Insurance Weekly Claims Report,0.3,NVDA,0,2026-02-19,Thursday,realized_vol,0.0132320328939326
2026-02-19,Unemployment Insurance Weekly Claims Report,0.3,NVDA,1,2026-02-20,Friday,ret,0.01736613603473236
2026-02-19,Unemployment Insurance Weekly Claims Report,0.3,NVDA,1,2026-02-20,Friday,abs_ret,0.01736613603473236
2026-02-19,Unemployment Insurance Weekly Claims Report,0.3,NVDA,1,2026-02-20,Friday,range_pct,0.02354183416412072
2026-02-19,Unemployment Insurance Weekly Claims Report,0.3,NVDA,1,2026-02-20,Friday,realized_vol,0.013168301824626217
2026-02-19,Unemployment Insurance Weekly Claims Report,0.3,NVDA,2,2026-02-23,Monday,ret,0.0009924262209453083
2026-02-19,Unemployment Insurance Weekly Claims Report,0.3,NVDA,2,2026-02-23,Monday,abs_ret,0.0009924262209453083
2026-02-19,Unemployment Insurance Weekly Claims Report,0.3,NVDA,2,2026-02-23,Monday,range_pct,0.022851919561243147
2026-02-19,Unemployment Insurance Weekly Claims Report,0.3,NVDA,2,2026-02-23,Monday,realized_vol,0.014182994994231634
2026-02-20,Gross Domestic Product,0.6,NVDA,0,2026-02-20,Friday,ret,0.01736613603473236
2026-02-20,Gross Domestic Product,0.6,NVDA,0,2026-02-20,Friday,abs_ret,0.01736613603473236
2026-02-20,Gross Domestic Product,0.6,NVDA,0,2026-02-20,Friday,range_pct,0.02354183416412072
2026-02-20,Gross Domestic Product,0.6,NVDA,0,2026-02-20,Friday,realized_vol,0.013168301824626217
2026-02-20,Gross Domestic Product,0.6,NVDA,1,2026-02-23,Monday,ret,0.0009924262209453083
2026-02-20,Gross Domestic Product,0.6,NVDA,1,2026-02-23,Monday,abs_ret,0.0009924262209453083
2026-02-20,Gross Domestic Product,0.6,NVDA,1,2026-02-23,Monday,range_pct,0.022851919561243147
2026-02-20,Gross Domestic Product,0.6,NVDA,1,2026-02-23,Monday,realized_vol,0.014182994994231634
2026-02-20,Gross Domestic Product,0.6,NVDA,2,2026-02-24,Tuesday,ret,0.006814621409921617
2026-02-20,Gross Domestic Product,0.6,NVDA,2,2026-02-24,Tuesday,abs_ret,0.006814621409921617
2026-02-20,Gross Domestic Product,0.6,NVDA,2,2026-02-24,Tuesday,range_pct,0.03326370757180159
2026-02-20,Gross Domestic Product,0.6,NVDA,2,2026-02-24,Tuesday,realized_vol,0.013754920783194891
2026-02-20,Personal Income and Outlays,1.0,NVDA,0,2026-02-20,Friday,ret,0.01736613603473236
2026-02-20,Personal Income and Outlays,1.0,NVDA,0,2026-02-20,Friday,abs_ret,0.01736613603473236
2026-02-20,Personal Income and Outlays,1.0,NVDA,0,2026-02-20,Friday,range_pct,0.02354183416412072
2026-02-20,Personal Income and Outlays,1.0,NVDA,0,2026-02-20,Friday,realized_vol,0.013168301824626217
2026-02-20,Personal Income and Outlays,1.0,NVDA,1,2026-02-23,Monday,ret,0.0009924262209453083
2026-02-20,Personal Income and Outlays,1.0,NVDA,1,2026-02-23,Monday,abs_ret,0.0009924262209453083
2026-02-20,Personal Income and Outlays,1.0,NVDA,1,2026-02-23,Monday,range_pct,0.022851919561243147
2026-02-20,Personal Income and Outlays,1.0,NVDA,1,2026-02-23,Monday,realized_vol,0.014182994994231634
2026-02-20,Personal Income and Outlays,1.0,NVDA,2,2026-02-24,Tuesday,ret,0.006814621409921617
2026-02-20,Personal Income and Outlays,1.0,NVDA,2,2026-02-24,Tuesday,abs_ret,0.006814621409921617
2026-02-20,Personal Income and Outlays,1.0,NVDA,2,2026-02-24,Tuesday,range_pct,0.03326370757180159
2026-02-20,Personal Income and Outlays,1.0,NVDA,2,2026-02-24,Tuesday,realized_vol,0.013754920783194891
2026-02-26,Unemployment Insurance Weekly Claims Report,0.3,NVDA,0,2026-02-26,Thursday,ret,-0.04838626653626399
2026-02-26,Unemployment Insurance Weekly Claims Report,0.3,NVDA,0,2026-02-26,Thursday,abs_ret,0.04838626653626399
2026-02-26,Unemployment Insurance Weekly Claims Report,0.3,NVDA,0,2026-02-26,Thursday,range_pct,0.05134606475523752
2026-02-26,Unemployment Insurance Weekly Claims Report,0.3,NVDA,0,2026-02-26,Thursday,realized_vol,0.024539899605571458
2026-02-26,Unemployment Insurance Weekly Claims Report,0.3,NVDA,1,2026-02-27,Friday,ret,-0.022620689655172388
2026-02-26,Unemployment Insurance Weekly Claims Report,0.3,NVDA,1,2026-02-27,Friday,abs_ret,0.022620689655172388
2026-02-26,Unemployment Insurance Weekly Claims Report,0.3,NVDA,1,2026-02-27,Friday,range_pct,0.034262068965517284
2026-02-26,Unemployment Insurance Weekly Claims Report,0.3,NVDA,1,2026-02-27,Friday,realized_vol,0.020146569128104686
2026-02-26,Unemployment Insurance Weekly Claims Report,0.3,NVDA,2,2026-03-02,Monday,ret,0.04194046054511169
2026-02-26,Unemployment Insurance Weekly Claims Report,0.3,NVDA,2,2026-03-02,Monday,abs_ret,0.04194046054511169
2026-02-26,Unemployment Insurance Weekly Claims Report,0.3,NVDA,2,2026-03-02,Monday,range_pct,0.050511399348608675
2026-02-26,Unemployment Insurance Weekly Claims Report,0.3,NVDA,2,2026-03-02,Monday,realized_vol,0.015138610098571266
2026-02-27,Producer Price Index,0.6,NVDA,0,2026-02-27,Friday,ret,-0.022620689655172388
2026-02-27,Producer Price Index,0.6,NVDA,0,2026-02-27,Friday,abs_ret,0.022620689655172388
2026-02-27,Producer Price Index,0.6,NVDA,0,2026-02-27,Friday,range_pct,0.034262068965517284
2026-02-27,Producer Price Index,0.6,NVDA,0,2026-02-27,Friday,realized_vol,0.020146569128104686
2026-02-27,Producer Price Index,0.6,NVDA,1,2026-03-02,Monday,ret,0.04194046054511169
2026-02-27,Producer Price Index,0.6,NVDA,1,2026-03-02,Monday,abs_ret,0.04194046054511169
2026-02-27,Producer Price Index,0.6,NVDA,1,2026-03-02,Monday,range_pct,0.050511399348608675
2026-02-27,Producer Price Index,0.6,NVDA,1,2026-03-02,Monday,realized_vol,0.015138610098571266
2026-02-27,Producer Price Index,0.6,NVDA,2,2026-03-03,Tuesday,ret,0.008739985433357633
2026-02-27,Producer Price Index,0.6,NVDA,2,2026-03-03,Tuesday,abs_ret,0.008739985433357633
2026-02-27,Producer Price Index,0.6,NVDA,2,2026-03-03,Tuesday,range_pct,0.022298167964591956
2026-02-27,Producer Price Index,0.6,NVDA,2,2026-03-03,Tuesday,realized_vol,0.02021431614239739
2026-03-05,Unemployment Insurance Weekly Claims Report,0.3,NVDA,0,2026-03-05,Thursday,ret,0.01192250372578263
2026-03-05,Unemployment Insurance Weekly Claims Report,0.3,NVDA,0,2026-03-05,Thursday,abs_ret,0.01192250372578263
2026-03-05,Unemployment Insurance Weekly Claims Report,0.3,NVDA,0,2026-03-05,Thursday,range_pct,0.03411160788209973
2026-03-05,Unemployment Insurance Weekly Claims Report,0.3,NVDA,0,2026-03-05,Thursday,realized_vol,0.020379912369989005
2026-03-05,Unemployment Insurance Weekly Claims Report,0.3,NVDA,1,2026-03-06,Friday,ret,-0.01173526140155734
2026-03-05,Unemployment Insurance Weekly Claims Report,0.3,NVDA,1,2026-03-06,Friday,abs_ret,0.01173526140155734
2026-03-05,Unemployment Insurance Weekly Claims Report,0.3,NVDA,1,2026-03-06,Friday,range_pct,0.03301446051167968
2026-03-05,Unemployment Insurance Weekly Claims Report,0.3,NVDA,1,2026-03-06,Friday,realized_vol,0.016314726253634657
2026-03-05,Unemployment Insurance Weekly Claims Report,0.3,NVDA,2,2026-03-09,Monday,ret,0.032739609838846384
2026-03-05,Unemployment Insurance Weekly Claims Report,0.3,NVDA,2,2026-03-09,Monday,abs_ret,0.032739609838846384
2026-03-05,Unemployment Insurance Weekly Claims Report,0.3,NVDA,2,2026-03-09,Monday,range_pct,0.0415606446140797
2026-03-05,Unemployment Insurance Weekly Claims Report,0.3,NVDA,2,2026-03-09,Monday,realized_vol,0.01900146901679922
2026-03-06,Employment Situation,1.0,NVDA,0,2026-03-06,Friday,ret,-0.01173526140155734
2026-03-06,Employment Situation,1.0,NVDA,0,2026-03-06,Friday,abs_ret,0.01173526140155734
2026-03-06,Employment Situation,1.0,NVDA,0,2026-03-06,Friday,range_pct,0.03301446051167968
2026-03-06,Employment Situation,1.0,NVDA,0,2026-03-06,Friday,realized_vol,0.016314726253634657
2026-03-06,Employment Situation,1.0,NVDA,1,2026-03-09,Monday,ret,0.032739609838846384
2026-03-06,Employment Situation,1.0,NVDA,1,2026-03-09,Monday,abs_ret,0.032739609838846384
2026-03-06,Employment Situation,1.0,NVDA,1,2026-03-09,Monday,range_pct,0.0415606446140797
2026-03-06,Employment Situation,1.0,NVDA,1,2026-03-09,Monday,realized_vol,0.01900146901679922
2026-03-06,Employment Situation,1.0,NVDA,2,2026-03-10,Tuesday,ret,0.012938596491228083
2026-03-06,Employment Situation,1.0,NVDA,2,2026-03-10,Tuesday,abs_ret,0.012938596491228083
2026-03-06,Employment Situation,1.0,NVDA,2,2026-03-10,Tuesday,range_pct,0.024287280701754423
2026-03-06,Employment Situation,1.0,NVDA,2,2026-03-10,Tuesday,realized_vol,0.01610823621985638
2026-03-11,Consumer Price Index,1.0,NVDA,0,2026-03-11,Wednesday,ret,0.0006455430631018277
2026-03-11,Consumer Price Index,1.0,NVDA,0,2026-03-11,Wednesday,abs_ret,0.0006455430631018277
2026-03-11,Consumer Price Index,1.0,NVDA,0,2026-03-11,Wednesday,range_pct,0.017053095916940212
2026-03-11,Consumer Price Index,1.0,NVDA,0,2026-03-11,Wednesday,realized_vol,0.013490046834370648
2026-03-11,Consumer Price Index,1.0,NVDA,1,2026-03-12,Thursday,ret,-0.005542574580231552
2026-03-11,Consumer Price Index,1.0,NVDA,1,2026-03-12,Thursday,abs_ret,0.005542574580231552
2026-03-11,Consumer Price Index,1.0,NVDA,1,2026-03-12,Thursday,range_pct,0.01733413030484159
2026-03-11,Consumer Price Index,1.0,NVDA,1,2026-03-12,Thursday,realized_vol,0.01510246850531886
2026-03-11,Consumer Price Index,1.0,NVDA,2,2026-03-13,Friday,ret,-0.025200086523902265
2026-03-11,Consumer Price Index,1.0,NVDA,2,2026-03-13,Friday,abs_ret,0.025200086523902265
2026-03-11,Consumer Price Index,1.0,NVDA,2,2026-03-13,Friday,range_pct,0.03325762491888387
2026-03-11,Consumer Price Index,1.0,NVDA,2,2026-03-13,Friday,realized_vol,0.014461736199953518
2026-03-12,Unemployment Insurance Weekly Claims Report,0.3,NVDA,0,2026-03-12,Thursday,ret,-0.005542574580231552
2026-03-12,Unemployment Insurance Weekly Claims Report,0.3,NVDA,0,2026-03-12,Thursday,abs_ret,0.005542574580231552
2026-03-12,Unemployment Insurance Weekly Claims Report,0.3,NVDA,0,2026-03-12,Thursday,range_pct,0.01733413030484159
2026-03-12,Unemployment Insurance Weekly Claims Report,0.3,NVDA,0,2026-03-12,Thursday,realized_vol,0.01510246850531886
2026-03-12,Unemployment Insurance Weekly Claims Report,0.3,NVDA,1,2026-03-13,Friday,ret,-0.025200086523902265
2026-03-12,Unemployment Insurance Weekly Claims Report,0.3,NVDA,1,2026-03-13,Friday,abs_ret,0.025200086523902265
2026-03-12,Unemployment Insurance Weekly Claims Report,0.3,NVDA,1,2026-03-13,Friday,range_pct,0.03325762491888387
2026-03-12,Unemployment Insurance Weekly Claims Report,0.3,NVDA,1,2026-03-13,Friday,realized_vol,0.014461736199953518
2026-03-12,Unemployment Insurance Weekly Claims Report,0.3,NVDA,2,2026-03-16,Monday,ret,0.0009838753757858143
2026-03-12,Unemployment Insurance Weekly Claims Report,0.3,NVDA,2,2026-03-16,Monday,abs_ret,0.0009838753757858143
2026-03-12,Unemployment Insurance Weekly Claims Report,0.3,NVDA,2,2026-03-16,Monday,range_pct,0.04083082809510795
2026-03-12,Unemployment Insurance Weekly Claims Report,0.3,NVDA,2,2026-03-16,Monday,realized_vol,0.029303601765074377
2026-03-13,Gross Domestic Product,0.6,NVDA,0,2026-03-13,Friday,ret,-0.025200086523902265
2026-03-13,Gross Domestic Product,0.6,NVDA,0,2026-03-13,Friday,abs_ret,0.025200086523902265
2026-03-13,Gross Domestic Product,0.6,NVDA,0,2026-03-13,Friday,range_pct,0.03325762491888387
2026-03-13,Gross Domestic Product,0.6,NVDA,0,2026-03-13,Friday,realized_vol,0.014461736199953518
2026-03-13,Gross Domestic Product,0.6,NVDA,1,2026-03-16,Monday,ret,0.0009838753757858143
2026-03-13,Gross Domestic Product,0.6,NVDA,1,2026-03-16,Monday,abs_ret,0.0009838753757858143
2026-03-13,Gross Domestic Product,0.6,NVDA,1,2026-03-16,Monday,range_pct,0.04083082809510795
2026-03-13,Gross Domestic Product,0.6,NVDA,1,2026-03-16,Monday,realized_vol,0.029303601765074377
2026-03-13,Gross Domestic Product,0.6,NVDA,2,2026-03-17,Tuesday,ret,-0.016804452369373668
2026-03-13,Gross Domestic Product,0.6,NVDA,2,2026-03-17,Tuesday,abs_ret,0.016804452369373668
2026-03-13,Gross Domestic Product,0.6,NVDA,2,2026-03-17,Tuesday,range_pct,0.0200983411682067
2026-03-13,Gross Domestic Product,0.6,NVDA,2,2026-03-17,Tuesday,realized_vol,0.012403934795332024
2026-03-13,Personal Income and Outlays,1.0,NVDA,0,2026-03-13,Friday,ret,-0.025200086523902265
2026-03-13,Personal Income and Outlays,1.0,NVDA,0,2026-03-13,Friday,abs_ret,0.025200086523902265
2026-03-13,Personal Income and Outlays,1.0,NVDA,0,2026-03-13,Friday,range_pct,0.03325762491888387
2026-03-13,Personal Income and Outlays,1.0,NVDA,0,2026-03-13,Friday,realized_vol,0.014461736199953518
2026-03-13,Personal Income and Outlays,1.0,NVDA,1,2026-03-16,Monday,ret,0.0009838753757858143
2026-03-13,Personal Income and Outlays,1.0,NVDA,1,2026-03-16,Monday,abs_ret,0.0009838753757858143
2026-03-13,Personal Income and Outlays,1.0,NVDA,1,2026-03-16,Monday,range_pct,0.04083082809510795
2026-03-13,Personal Income and Outlays,1.0,NVDA,1,2026-03-16,Monday,realized_vol,0.029303601765074377
2026-03-13,Personal Income and Outlays,1.0,NVDA,2,2026-03-17,Tuesday,ret,-0.016804452369373668
2026-03-13,Personal Income and Outlays,1.0,NVDA,2,2026-03-17,Tuesday,abs_ret,0.016804452369373668
2026-03-13,Personal Income and Outlays,1.0,NVDA,2,2026-03-17,Tuesday,range_pct,0.0200983411682067
2026-03-13,Personal Income and Outlays,1.0,NVDA,2,2026-03-17,Tuesday,realized_vol,0.012403934795332024
2026-03-18,Producer Price Index,0.6,NVDA,0,2026-03-18,Wednesday,ret,-0.012159719559620918
2026-03-18,Producer Price Index,0.6,NVDA,0,2026-03-18,Wednesday,abs_ret,0.012159719559620918
2026-03-18,Producer Price Index,0.6,NVDA,0,2026-03-18,Wednesday,range_pct,0.016705921016596282
2026-03-18,Producer Price Index,0.6,NVDA,0,2026-03-18,Wednesday,realized_vol,0.01221611323719769
2026-03-18,Producer Price Index,0.6,NVDA,1,2026-03-19,Thursday,ret,0.0027807426549071312
2026-03-18,Producer Price Index,0.6,NVDA,1,2026-03-19,Thursday,abs_ret,0.0027807426549071312
2026-03-18,Producer Price Index,0.6,NVDA,1,2026-03-19,Thursday,range_pct,0.023566091792595886
2026-03-18,Producer Price Index,0.6,NVDA,1,2026-03-19,Thursday,realized_vol,0.014102002687032772
2026-03-18,Producer Price Index,0.6,NVDA,2,2026-03-20,Friday,ret,-0.028089887640449396
2026-03-18,Producer Price Index,0.6,NVDA,2,2026-03-20,Friday,abs_ret,0.028089887640449396
2026-03-18,Producer Price Index,0.6,NVDA,2,2026-03-20,Friday,range_pct,0.03674157303370782
2026-03-18,Producer Price Index,0.6,NVDA,2,2026-03-20,Friday,realized_vol,0.014928501119768976
2026-03-19,Unemployment Insurance Weekly Claims Report,0.3,NVDA,0,2026-03-19,Thursday,ret,0.0027807426549071312
2026-03-19,Unemployment Insurance Weekly Claims Report,0.3,NVDA,0,2026-03-19,Thursday,abs_ret,0.0027807426549071312
2026-03-19,Unemployment Insurance Weekly Claims Report,0.3,NVDA,0,2026-03-19,Thursday,range_pct,0.023566091792595886
2026-03-19,Unemployment Insurance Weekly Claims Report,0.3,NVDA,0,2026-03-19,Thursday,realized_vol,0.014102002687032772
2026-03-19,Unemployment Insurance Weekly Claims Report,0.3,NVDA,1,2026-03-20,Friday,ret,-0.028089887640449396
2026-03-19,Unemployment Insurance Weekly Claims Report,0.3,NVDA,1,2026-03-20,Friday,abs_ret,0.028089887640449396
2026-03-19,Unemployment Insurance Weekly Claims Report,0.3,NVDA,1,2026-03-20,Friday,range_pct,0.03674157303370782
2026-03-19,Unemployment Insurance Weekly Claims Report,0.3,NVDA,1,2026-03-20,Friday,realized_vol,0.014928501119768976
2026-03-19,Unemployment Insurance Weekly Claims Report,0.3,NVDA,2,2026-03-23,Monday,ret,-0.010598117143018171
2026-03-19,Unemployment Insurance Weekly Claims Report,0.3,NVDA,2,2026-03-23,Monday,abs_ret,0.010598117143018171
2026-03-19,Unemployment Insurance Weekly Claims Report,0.3,NVDA,2,2026-03-23,Monday,range_pct,0.020350639833136105
2026-03-19,Unemployment Insurance Weekly Claims Report,0.3,NVDA,2,2026-03-23,Monday,realized_vol,0.01533642564333358
2026-03-26,Unemployment Insurance Weekly Claims Report,0.3,NVDA,0,2026-03-26,Thursday,ret,-0.027987510644337243
2026-03-26,Unemployment Insurance Weekly Claims Report,0.3,NVDA,0,2026-03-26,Thursday,abs_ret,0.027987510644337243
2026-03-26,Unemployment Insurance Weekly Claims Report,0.3,NVDA,0,2026-03-26,Thursday,range_pct,0.030485381776894718
2026-03-26,Unemployment Insurance Weekly Claims Report,0.3,NVDA,0,2026-03-26,Thursday,realized_vol,0.01284431738198552
2026-03-26,Unemployment Insurance Weekly Claims Report,0.3,NVDA,1,2026-03-27,Friday,ret,-0.014941176470588236
2026-03-26,Unemployment Insurance Weekly Claims Report,0.3,NVDA,1,2026-03-27,Friday,abs_ret,0.014941176470588236
2026-03-26,Unemployment Insurance Weekly Claims Report,0.3,NVDA,1,2026-03-27,Friday,range_pct,0.02329411764705887
2026-03-26,Unemployment Insurance Weekly Claims Report,0.3,NVDA,1,2026-03-27,Friday,realized_vol,0.016650653761402383
2026-03-26,Unemployment Insurance Weekly Claims Report,0.3,NVDA,2,2026-03-30,Monday,ret,-0.02204052612868823
2026-03-26,Unemployment Insurance Weekly Claims Report,0.3,NVDA,2,2026-03-30,Monday,abs_ret,0.02204052612868823
2026-03-26,Unemployment Insurance Weekly Claims Report,0.3,NVDA,2,2026-03-30,Monday,range_pct,0.030690840146936713
2026-03-26,Unemployment Insurance Weekly Claims Report,0.3,NVDA,2,2026-03-30,Monday,realized_vol,0.015584629139236434
2026-04-02,Unemployment Insurance Weekly Claims Report,0.3,NVDA,0,2026-04-02,Thursday,ret,0.030317110001161662
2026-04-02,Unemployment Insurance Weekly Claims Report,0.3,NVDA,0,2026-04-02,Thursday,abs_ret,0.030317110001161662
2026-04-02,Unemployment Insurance Weekly Claims Report,0.3,NVDA,0,2026-04-02,Thursday,range_pct,0.035544197932396354
2026-04-02,Unemployment Insurance Weekly Claims Report,0.3,NVDA,0,2026-04-02,Thursday,realized_vol,0.020366871151026332
2026-04-02,Unemployment Insurance Weekly Claims Report,0.3,NVDA,1,2026-04-06,Monday,ret,0.0029924905426004234
2026-04-02,Unemployment Insurance Weekly Claims Report,0.3,NVDA,1,2026-04-06,Monday,abs_ret,0.0029924905426004234
2026-04-02,Unemployment Insurance Weekly Claims Report,0.3,NVDA,1,2026-04-06,Monday,range_pct,0.011461803399017565
2026-04-02,Unemployment Insurance Weekly Claims Report,0.3,NVDA,1,2026-04-06,Monday,realized_vol,0.011053002487741381
2026-04-02,Unemployment Insurance Weekly Claims Report,0.3,NVDA,2,2026-04-07,Tuesday,ret,0.01397745388294247
2026-04-02,Unemployment Insurance Weekly Claims Report,0.3,NVDA,2,2026-04-07,Tuesday,abs_ret,0.01397745388294247
2026-04-02,Unemployment Insurance Weekly Claims Report,0.3,NVDA,2,2026-04-07,Tuesday,range_pct,0.02601913003871552
2026-04-02,Unemployment Insurance Weekly Claims Report,0.3,NVDA,2,2026-04-07,Tuesday,realized_vol,0.013669698631928174
2026-04-09,Gross Domestic Product,0.6,NVDA,0,2026-04-09,Thursday,ret,0.01110866695996493
2026-04-09,Gross Domestic Product,0.6,NVDA,0,2026-04-09,Thursday,abs_ret,0.01110866695996493
2026-04-09,Gross Domestic Product,0.6,NVDA,0,2026-04-09,Thursday,range_pct,0.019027716673999162
2026-04-09,Gross Domestic Product,0.6,NVDA,0,2026-04-09,Thursday,realized_vol,0.010848173315527034
2026-04-09,Gross Domestic Product,0.6,NVDA,1,2026-04-10,Friday,ret,0.023493028050566966
2026-04-09,Gross Domestic Product,0.6,NVDA,1,2026-04-10,Friday,abs_ret,0.023493028050566966
2026-04-09,Gross Domestic Product,0.6,NVDA,1,2026-04-10,Friday,range_pct,0.030926157018067325
2026-04-09,Gross Domestic Product,0.6,NVDA,1,2026-04-10,Friday,realized_vol,0.014616004480330165
2026-04-09,Gross Domestic Product,0.6,NVDA,2,2026-04-13,Monday,ret,0.017094017094017033
2026-04-09,Gross Domestic Product,0.6,NVDA,2,2026-04-13,Monday,abs_ret,0.017094017094017033
2026-04-09,Gross Domestic Product,0.6,NVDA,2,2026-04-13,Monday,range_pct,0.021071870128473835
2026-04-09,Gross Domestic Product,0.6,NVDA,2,2026-04-13,Monday,realized_vol,0.009957344737608575
2026-04-09,Personal Income and Outlays,1.0,NVDA,0,2026-04-09,Thursday,ret,0.01110866695996493
2026-04-09,Personal Income and Outlays,1.0,NVDA,0,2026-04-09,Thursday,abs_ret,0.01110866695996493
2026-04-09,Personal Income and Outlays,1.0,NVDA,0,2026-04-09,Thursday,range_pct,0.019027716673999162
2026-04-09,Personal Income and Outlays,1.0,NVDA,0,2026-04-09,Thursday,realized_vol,0.010848173315527034
2026-04-09,Personal Income and Outlays,1.0,NVDA,1,2026-04-10,Friday,ret,0.023493028050566966
2026-04-09,Personal Income and Outlays,1.0,NVDA,1,2026-04-10,Friday,abs_ret,0.023493028050566966
2026-04-09,Personal Income and Outlays,1.0,NVDA,1,2026-04-10,Friday,range_pct,0.030926157018067325
2026-04-09,Personal Income and Outlays,1.0,NVDA,1,2026-04-10,Friday,realized_vol,0.014616004480330165
2026-04-09,Personal Income and Outlays,1.0,NVDA,2,2026-04-13,Monday,ret,0.017094017094017033
2026-04-09,Personal Income and Outlays,1.0,NVDA,2,2026-04-13,Monday,abs_ret,0.017094017094017033
2026-04-09,Personal Income and Outlays,1.0,NVDA,2,2026-04-13,Monday,range_pct,0.021071870128473835
2026-04-09,Personal Income and Outlays,1.0,NVDA,2,2026-04-13,Monday,realized_vol,0.009957344737608575
2026-04-09,Unemployment Insurance Weekly Claims Report,0.3,NVDA,0,2026-04-09,Thursday,ret,0.01110866695996493
2026-04-09,Unemployment Insurance Weekly Claims Report,0.3,NVDA,0,2026-04-09,Thursday,abs_ret,0.01110866695996493
2026-04-09,Unemployment Insurance Weekly Claims Report,0.3,NVDA,0,2026-04-09,Thursday,range_pct,0.019027716673999162
2026-04-09,Unemployment Insurance Weekly Claims Report,0.3,NVDA,0,2026-04-09,Thursday,realized_vol,0.010848173315527034
2026-04-09,Unemployment Insurance Weekly Claims Report,0.3,NVDA,1,2026-04-10,Friday,ret,0.023493028050566966
2026-04-09,Unemployment Insurance Weekly Claims Report,0.3,NVDA,1,2026-04-10,Friday,abs_ret,0.023493028050566966
2026-04-09,Unemployment Insurance Weekly Claims Report,0.3,NVDA,1,2026-04-10,Friday,range_pct,0.030926157018067325
2026-04-09,Unemployment Insurance Weekly Claims Report,0.3,NVDA,1,2026-04-10,Friday,realized_vol,0.014616004480330165
2026-04-09,Unemployment Insurance Weekly Claims Report,0.3,NVDA,2,2026-04-13,Monday,ret,0.017094017094017033
2026-04-09,Unemployment Insurance Weekly Claims Report,0.3,NVDA,2,2026-04-13,Monday,abs_ret,0.017094017094017033
2026-04-09,Unemployment Insurance Weekly Claims Report,0.3,NVDA,2,2026-04-13,Monday,range_pct,0.021071870128473835
2026-04-09,Unemployment Insurance Weekly Claims Report,0.3,NVDA,2,2026-04-13,Monday,realized_vol,0.009957344737608575
2026-04-10,Consumer Price Index,1.0,NVDA,0,2026-04-10,Friday,ret,0.023493028050566966
2026-04-10,Consumer Price Index,1.0,NVDA,0,2026-04-10,Friday,abs_ret,0.023493028050566966
2026-04-10,Consumer Price Index,1.0,NVDA,0,2026-04-10,Friday,range_pct,0.030926157018067325
2026-04-10,Consumer Price Index,1.0,NVDA,0,2026-04-10,Friday,realized_vol,0.014616004480330165
2026-04-10,Consumer Price Index,1.0,NVDA,1,2026-04-13,Monday,ret,0.017094017094017033
2026-04-10,Consumer Price Index,1.0,NVDA,1,2026-04-13,Monday,abs_ret,0.017094017094017033
2026-04-10,Consumer Price Index,1.0,NVDA,1,2026-04-13,Monday,range_pct,0.021071870128473835
2026-04-10,Consumer Price Index,1.0,NVDA,1,2026-04-13,Monday,realized_vol,0.009957344737608575
2026-04-10,Consumer Price Index,1.0,NVDA,2,2026-04-14,Tuesday,ret,0.029174523360570026
2026-04-10,Consumer Price Index,1.0,NVDA,2,2026-04-14,Tuesday,abs_ret,0.029174523360570026
2026-04-10,Consumer Price Index,1.0,NVDA,2,2026-04-14,Tuesday,range_pct,0.030012570710245077
2026-04-10,Consumer Price Index,1.0,NVDA,2,2026-04-14,Tuesday,realized_vol,0.014788008815138668
2026-04-14,Producer Price Index,0.6,NVDA,0,2026-04-14,Tuesday,ret,0.029174523360570026
2026-04-14,Producer Price Index,0.6,NVDA,0,2026-04-14,Tuesday,abs_ret,0.029174523360570026
2026-04-14,Producer Price Index,0.6,NVDA,0,2026-04-14,Tuesday,range_pct,0.030012570710245077
2026-04-14,Producer Price Index,0.6,NVDA,0,2026-04-14,Tuesday,realized_vol,0.014788008815138668
2026-04-14,Producer Price Index,0.6,NVDA,1,2026-04-15,Wednesday,ret,0.011791910455354992
2026-04-14,Producer Price Index,0.6,NVDA,1,2026-04-15,Wednesday,abs_ret,0.011791910455354992
2026-04-14,Producer Price Index,0.6,NVDA,1,2026-04-15,Wednesday,range_pct,0.023708979903332466
2026-04-14,Producer Price Index,0.6,NVDA,1,2026-04-15,Wednesday,realized_vol,0.01425126995735903
2026-04-14,Producer Price Index,0.6,NVDA,2,2026-04-16,Thursday,ret,0.004102719951375233
2026-04-14,Producer Price Index,0.6,NVDA,2,2026-04-16,Thursday,abs_ret,0.004102719951375233
2026-04-14,Producer Price Index,0.6,NVDA,2,2026-04-16,Thursday,range_pct,0.020462948893278588
2026-04-14,Producer Price Index,0.6,NVDA,2,2026-04-16,Thursday,realized_vol,0.01318972406236716
2026-04-16,Unemployment Insurance Weekly Claims Report,0.3,NVDA,0,2026-04-16,Thursday,ret,0.004102719951375233
2026-04-16,Unemployment Insurance Weekly Claims Report,0.3,NVDA,0,2026-04-16,Thursday,abs_ret,0.004102719951375233
2026-04-16,Unemployment Insurance Weekly Claims Report,0.3,NVDA,0,2026-04-16,Thursday,range_pct,0.020462948893278588
2026-04-16,Unemployment Insurance Weekly Claims Report,0.3,NVDA,0,2026-04-16,Thursday,realized_vol,0.01318972406236716
2026-04-16,Unemployment Insurance Weekly Claims Report,0.3,NVDA,1,2026-04-17,Friday,ret,0.00885442721360663
2026-04-16,Unemployment Insurance Weekly Claims Report,0.3,NVDA,1,2026-04-17,Friday,abs_ret,0.00885442721360663
2026-04-16,Unemployment Insurance Weekly Claims Report,0.3,NVDA,1,2026-04-17,Friday,range_pct,0.012156078039019401
2026-04-16,Unemployment Insurance Weekly Claims Report,0.3,NVDA,1,2026-04-17,Friday,realized_vol,0.010719629627360073
2026-04-16,Unemployment Insurance Weekly Claims Report,0.3,NVDA,2,2026-04-20,Monday,ret,0.011004401760704274
2026-04-16,Unemployment Insurance Weekly Claims Report,0.3,NVDA,2,2026-04-20,Monday,abs_ret,0.011004401760704274
2026-04-16,Unemployment Insurance Weekly Claims Report,0.3,NVDA,2,2026-04-20,Monday,range_pct,0.021660164065626222
2026-04-16,Unemployment Insurance Weekly Claims Report,0.3,NVDA,2,2026-04-20,Monday,realized_vol,0.010429878676412803
2026-04-23,Unemployment Insurance Weekly Claims Report,0.3,NVDA,0,2026-04-23,Thursday,ret,-0.013582929961473922
2026-04-23,Unemployment Insurance Weekly Claims Report,0.3,NVDA,0,2026-04-23,Thursday,abs_ret,0.013582929961473922
2026-04-23,Unemployment Insurance Weekly Claims Report,0.3,NVDA,0,2026-04-23,Thursday,range_pct,0.032640521584510605
2026-04-23,Unemployment Insurance Weekly Claims Report,0.3,NVDA,0,2026-04-23,Thursday,realized_vol,0.015543091898882254
2026-04-23,Unemployment Insurance Weekly Claims Report,0.3,NVDA,1,2026-04-24,Friday,ret,0.04115823164632926
2026-04-23,Unemployment Insurance Weekly Claims Report,0.3,NVDA,1,2026-04-24,Friday,abs_ret,0.04115823164632926
2026-04-23,Unemployment Insurance Weekly Claims Report,0.3,NVDA,1,2026-04-24,Friday,range_pct,0.05571114222844562
2026-04-23,Unemployment Insurance Weekly Claims Report,0.3,NVDA,1,2026-04-24,Friday,realized_vol,0.0214584585274535
2026-04-23,Unemployment Insurance Weekly Claims Report,0.3,NVDA,2,2026-04-27,Monday,ret,0.03304721030042912
2026-04-23,Unemployment Insurance Weekly Claims Report,0.3,NVDA,2,2026-04-27,Monday,abs_ret,0.03304721030042912
2026-04-23,Unemployment Insurance Weekly Claims Report,0.3,NVDA,2,2026-04-27,Monday,range_pct,0.04504053409632806
2026-04-23,Unemployment Insurance Weekly Claims Report,0.3,NVDA,2,2026-04-27,Monday,realized_vol,0.01623761335363858
2026-04-30,Gross Domestic Product,0.6,NVDA,0,2026-04-30,Thursday,ret,-0.049587957890725454
2026-04-30,Gross Domestic Product,0.6,NVDA,0,2026-04-30,Thursday,abs_ret,0.049587957890725454
2026-04-30,Gross Domestic Product,0.6,NVDA,0,2026-04-30,Thursday,range_pct,0.05525651407612072
2026-04-30,Gross Domestic Product,0.6,NVDA,0,2026-04-30,Thursday,realized_vol,0.024568560999423814
2026-04-30,Gross Domestic Product,0.6,NVDA,1,2026-05-01,Friday,ret,-0.014358108108108225
2026-04-30,Gross Domestic Product,0.6,NVDA,1,2026-05-01,Friday,abs_ret,0.014358108108108225
2026-04-30,Gross Domestic Product,0.6,NVDA,1,2026-05-01,Friday,range_pct,0.02921303656597772
2026-04-30,Gross Domestic Product,0.6,NVDA,1,2026-05-01,Friday,realized_vol,0.019694827821112423
2026-04-30,Gross Domestic Product,0.6,NVDA,2,2026-05-04,Monday,ret,-0.004711779448621556
2026-04-30,Gross Domestic Product,0.6,NVDA,2,2026-05-04,Monday,abs_ret,0.004711779448621556
2026-04-30,Gross Domestic Product,0.6,NVDA,2,2026-05-04,Monday,range_pct,0.03503759398496231
2026-04-30,Gross Domestic Product,0.6,NVDA,2,2026-05-04,Monday,realized_vol,0.018413815652769658
2026-04-30,Personal Income and Outlays,1.0,NVDA,0,2026-04-30,Thursday,ret,-0.049587957890725454
2026-04-30,Personal Income and Outlays,1.0,NVDA,0,2026-04-30,Thursday,abs_ret,0.049587957890725454
2026-04-30,Personal Income and Outlays,1.0,NVDA,0,2026-04-30,Thursday,range_pct,0.05525651407612072
2026-04-30,Personal Income and Outlays,1.0,NVDA,0,2026-04-30,Thursday,realized_vol,0.024568560999423814
2026-04-30,Personal Income and Outlays,1.0,NVDA,1,2026-05-01,Friday,ret,-0.014358108108108225
2026-04-30,Personal Income and Outlays,1.0,NVDA,1,2026-05-01,Friday,abs_ret,0.014358108108108225
2026-04-30,Personal Income and Outlays,1.0,NVDA,1,2026-05-01,Friday,range_pct,0.02921303656597772
2026-04-30,Personal Income and Outlays,1.0,NVDA,1,2026-05-01,Friday,realized_vol,0.019694827821112423
2026-04-30,Personal Income and Outlays,1.0,NVDA,2,2026-05-04,Monday,ret,-0.004711779448621556
2026-04-30,Personal Income and Outlays,1.0,NVDA,2,2026-05-04,Monday,abs_ret,0.004711779448621556
2026-04-30,Personal Income and Outlays,1.0,NVDA,2,2026-05-04,Monday,range_pct,0.03503759398496231
2026-04-30,Personal Income and Outlays,1.0,NVDA,2,2026-05-04,Monday,realized_vol,0.018413815652769658
2026-04-30,Unemployment Insurance Weekly Claims Report,0.3,NVDA,0,2026-04-30,Thursday,ret,-0.049587957890725454
2026-04-30,Unemployment Insurance Weekly Claims Report,0.3,NVDA,0,2026-04-30,Thursday,abs_ret,0.049587957890725454
2026-04-30,Unemployment Insurance Weekly Claims Report,0.3,NVDA,0,2026-04-30,Thursday,range_pct,0.05525651407612072
2026-04-30,Unemployment Insurance Weekly Claims Report,0.3,NVDA,0,2026-04-30,Thursday,realized_vol,0.024568560999423814
2026-04-30,Unemployment Insurance Weekly Claims Report,0.3,NVDA,1,2026-05-01,Friday,ret,-0.014358108108108225
2026-04-30,Unemployment Insurance Weekly Claims Report,0.3,NVDA,1,2026-05-01,Friday,abs_ret,0.014358108108108225
2026-04-30,Unemployment Insurance Weekly Claims Report,0.3,NVDA,1,2026-05-01,Friday,range_pct,0.02921303656597772
2026-04-30,Unemployment Insurance Weekly Claims Report,0.3,NVDA,1,2026-05-01,Friday,realized_vol,0.019694827821112423
2026-04-30,Unemployment Insurance Weekly Claims Report,0.3,NVDA,2,2026-05-04,Monday,ret,-0.004711779448621556
2026-04-30,Unemployment Insurance Weekly Claims Report,0.3,NVDA,2,2026-05-04,Monday,abs_ret,0.004711779448621556
2026-04-30,Unemployment Insurance Weekly Claims Report,0.3,NVDA,2,2026-05-04,Monday,range_pct,0.03503759398496231
2026-04-30,Unemployment Insurance Weekly Claims Report,0.3,NVDA,2,2026-05-04,Monday,realized_vol,0.018413815652769658
2026-05-07,Unemployment Insurance Weekly Claims Report,0.3,NVDA,0,2026-05-07,Thursday,ret,0.015458473355736801
2026-05-07,Unemployment Insurance Weekly Claims Report,0.3,NVDA,0,2026-05-07,Thursday,abs_ret,0.015458473355736801
2026-05-07,Unemployment Insurance Weekly Claims Report,0.3,NVDA,0,2026-05-07,Thursday,range_pct,0.036965914546327354
2026-05-07,Unemployment Insurance Weekly Claims Report,0.3,NVDA,0,2026-05-07,Thursday,realized_vol,0.025256104064209806
2026-05-07,Unemployment Insurance Weekly Claims Report,0.3,NVDA,1,2026-05-08,Friday,ret,0.010329123433024945
2026-05-07,Unemployment Insurance Weekly Claims Report,0.3,NVDA,1,2026-05-08,Friday,abs_ret,0.010329123433024945
2026-05-07,Unemployment Insurance Weekly Claims Report,0.3,NVDA,1,2026-05-08,Friday,range_pct,0.0230527254800696
2026-05-07,Unemployment Insurance Weekly Claims Report,0.3,NVDA,1,2026-05-08,Friday,realized_vol,0.01255808811144221
2026-05-07,Unemployment Insurance Weekly Claims Report,0.3,NVDA,2,2026-05-11,Monday,ret,0.025486485855117147
2026-05-07,Unemployment Insurance Weekly Claims Report,0.3,NVDA,2,2026-05-11,Monday,abs_ret,0.025486485855117147
2026-05-07,Unemployment Insurance Weekly Claims Report,0.3,NVDA,2,2026-05-11,Monday,range_pct,0.03929263905436039
2026-05-07,Unemployment Insurance Weekly Claims Report,0.3,NVDA,2,2026-05-11,Monday,realized_vol,0.024136299687914572
2026-05-08,Employment Situation,1.0,NVDA,0,2026-05-08,Friday,ret,0.010329123433024945
2026-05-08,Employment Situation,1.0,NVDA,0,2026-05-08,Friday,abs_ret,0.010329123433024945
2026-05-08,Employment Situation,1.0,NVDA,0,2026-05-08,Friday,range_pct,0.0230527254800696
2026-05-08,Employment Situation,1.0,NVDA,0,2026-05-08,Friday,realized_vol,0.01255808811144221
2026-05-08,Employment Situation,1.0,NVDA,1,2026-05-11,Monday,ret,0.025486485855117147
2026-05-08,Employment Situation,1.0,NVDA,1,2026-05-11,Monday,abs_ret,0.025486485855117147
2026-05-08,Employment Situation,1.0,NVDA,1,2026-05-11,Monday,range_pct,0.03929263905436039
2026-05-08,Employment Situation,1.0,NVDA,1,2026-05-11,Monday,realized_vol,0.024136299687914572
2026-05-08,Employment Situation,1.0,NVDA,2,2026-05-12,Tuesday,ret,0.010821569928390007
2026-05-08,Employment Situation,1.0,NVDA,2,2026-05-12,Tuesday,abs_ret,0.010821569928390007
2026-05-08,Employment Situation,1.0,NVDA,2,2026-05-12,Tuesday,range_pct,0.04040357821043727
2026-05-08,Employment Situation,1.0,NVDA,2,2026-05-12,Tuesday,realized_vol,0.02692112169080361
2026-05-12,Consumer Price Index,1.0,NVDA,0,2026-05-12,Tuesday,ret,0.010821569928390007
2026-05-12,Consumer Price Index,1.0,NVDA,0,2026-05-12,Tuesday,abs_ret,0.010821569928390007
2026-05-12,Consumer Price Index,1.0,NVDA,0,2026-05-12,Tuesday,range_pct,0.04040357821043727
2026-05-12,Consumer Price Index,1.0,NVDA,0,2026-05-12,Tuesday,realized_vol,0.02692112169080361
2026-05-12,Consumer Price Index,1.0,NVDA,1,2026-05-13,Wednesday,ret,0.004001244831725481
2026-05-12,Consumer Price Index,1.0,NVDA,1,2026-05-13,Wednesday,abs_ret,0.004001244831725481
2026-05-12,Consumer Price Index,1.0,NVDA,1,2026-05-13,Wednesday,range_pct,0.027896234384030567
2026-05-12,Consumer Price Index,1.0,NVDA,1,2026-05-13,Wednesday,realized_vol,0.020253956225162493
2026-05-12,Consumer Price Index,1.0,NVDA,2,2026-05-14,Thursday,ret,0.025668914509462626
2026-05-12,Consumer Price Index,1.0,NVDA,2,2026-05-14,Thursday,abs_ret,0.025668914509462626
2026-05-12,Consumer Price Index,1.0,NVDA,2,2026-05-14,Thursday,range_pct,0.03149880356754397
2026-05-12,Consumer Price Index,1.0,NVDA,2,2026-05-14,Thursday,realized_vol,0.019456450782208992
2026-05-13,Producer Price Index,0.6,NVDA,0,2026-05-13,Wednesday,ret,0.004001244831725481
2026-05-13,Producer Price Index,0.6,NVDA,0,2026-05-13,Wednesday,abs_ret,0.004001244831725481
2026-05-13,Producer Price Index,0.6,NVDA,0,2026-05-13,Wednesday,range_pct,0.027896234384030567
2026-05-13,Producer Price Index,0.6,NVDA,0,2026-05-13,Wednesday,realized_vol,0.020253956225162493
2026-05-13,Producer Price Index,0.6,NVDA,1,2026-05-14,Thursday,ret,0.025668914509462626
2026-05-13,Producer Price Index,0.6,NVDA,1,2026-05-14,Thursday,abs_ret,0.025668914509462626
2026-05-13,Producer Price Index,0.6,NVDA,1,2026-05-14,Thursday,range_pct,0.03149880356754397
2026-05-13,Producer Price Index,0.6,NVDA,1,2026-05-14,Thursday,realized_vol,0.019456450782208992
2026-05-13,Producer Price Index,0.6,NVDA,2,2026-05-15,Friday,ret,-0.019368879216539625
2026-05-13,Producer Price Index,0.6,NVDA,2,2026-05-15,Friday,abs_ret,0.019368879216539625
2026-05-13,Producer Price Index,0.6,NVDA,2,2026-05-15,Friday,range_pct,0.031599564744287226
2026-05-13,Producer Price Index,0.6,NVDA,2,2026-05-15,Friday,realized_vol,0.02175164929550751
2026-05-14,Unemployment Insurance Weekly Claims Report,0.3,NVDA,0,2026-05-14,Thursday,ret,0.025668914509462626
2026-05-14,Unemployment Insurance Weekly Claims Report,0.3,NVDA,0,2026-05-14,Thursday,abs_ret,0.025668914509462626
2026-05-14,Unemployment Insurance Weekly Claims Report,0.3,NVDA,0,2026-05-14,Thursday,range_pct,0.03149880356754397
2026-05-14,Unemployment Insurance Weekly Claims Report,0.3,NVDA,0,2026-05-14,Thursday,realized_vol,0.019456450782208992
2026-05-14,Unemployment Insurance Weekly Claims Report,0.3,NVDA,1,2026-05-15,Friday,ret,-0.019368879216539625
2026-05-14,Unemployment Insurance Weekly Claims Report,0.3,NVDA,1,2026-05-15,Friday,abs_ret,0.019368879216539625
2026-05-14,Unemployment Insurance Weekly Claims Report,0.3,NVDA,1,2026-05-15,Friday,range_pct,0.031599564744287226
2026-05-14,Unemployment Insurance Weekly Claims Report,0.3,NVDA,1,2026-05-15,Friday,realized_vol,0.02175164929550751
2026-05-14,Unemployment Insurance Weekly Claims Report,0.3,NVDA,2,2026-05-18,Monday,ret,-0.03267063992691521
2026-05-14,Unemployment Insurance Weekly Claims Report,0.3,NVDA,2,2026-05-18,Monday,abs_ret,0.03267063992691521
2026-05-14,Unemployment Insurance Weekly Claims Report,0.3,NVDA,2,2026-05-18,Monday,range_pct,0.05059381389481009
2026-05-14,Unemployment Insurance Weekly Claims Report,0.3,NVDA,2,2026-05-18,Monday,realized_vol,0.027558161583313354
2026-05-21,Unemployment Insurance Weekly Claims Report,0.3,NVDA,0,2026-05-21,Thursday,ret,-0.012728826519138314
2026-05-21,Unemployment Insurance Weekly Claims Report,0.3,NVDA,0,2026-05-21,Thursday,abs_ret,0.012728826519138314
2026-05-21,Unemployment Insurance Weekly Claims Report,0.3,NVDA,0,2026-05-21,Thursday,range_pct,0.04259389196239821
2026-05-21,Unemployment Insurance Weekly Claims Report,0.3,NVDA,0,2026-05-21,Thursday,realized_vol,0.032509847450407116
2026-05-21,Unemployment Insurance Weekly Claims Report,0.3,NVDA,1,2026-05-22,Friday,ret,-0.025594828522797264
2026-05-21,Unemployment Insurance Weekly Claims Report,0.3,NVDA,1,2026-05-22,Friday,abs_ret,0.025594828522797264
2026-05-21,Unemployment Insurance Weekly Claims Report,0.3,NVDA,1,2026-05-22,Friday,range_pct,0.028111758954115725
2026-05-21,Unemployment Insurance Weekly Claims Report,0.3,NVDA,1,2026-05-22,Friday,realized_vol,0.015878591347901608
2026-05-21,Unemployment Insurance Weekly Claims Report,0.3,NVDA,2,2026-05-26,Tuesday,ret,-0.007988179341552382
2026-05-21,Unemployment Insurance Weekly Claims Report,0.3,NVDA,2,2026-05-26,Tuesday,abs_ret,0.007988179341552382
2026-05-21,Unemployment Insurance Weekly Claims Report,0.3,NVDA,2,2026-05-26,Tuesday,range_pct,0.028535808283695833
2026-05-21,Unemployment Insurance Weekly Claims Report,0.3,NVDA,2,2026-05-26,Tuesday,realized_vol,0.019395791774709938
2026-05-28,Gross Domestic Product,0.6,NVDA,0,2026-05-28,Thursday,ret,0.014128505502307265
2026-05-28,Gross Domestic Product,0.6,NVDA,0,2026-05-28,Thursday,abs_ret,0.014128505502307265
2026-05-28,Gross Domestic Product,0.6,NVDA,0,2026-05-28,Thursday,range_pct,0.020348361140693456
2026-05-28,Gross Domestic Product,0.6,NVDA,0,2026-05-28,Thursday,realized_vol,0.016516244508207115
2026-05-28,Gross Domestic Product,0.6,NVDA,1,2026-05-29,Friday,ret,-0.015938854453092177
2026-05-28,Gross Domestic Product,0.6,NVDA,1,2026-05-29,Friday,abs_ret,0.015938854453092177
2026-05-28,Gross Domestic Product,0.6,NVDA,1,2026-05-29,Friday,range_pct,0.03136458964440516
2026-05-28,Gross Domestic Product,0.6,NVDA,1,2026-05-29,Friday,realized_vol,0.030362659055234307
2026-05-28,Gross Domestic Product,0.6,NVDA,2,2026-06-01,Monday,ret,0.04032818801279392
2026-05-28,Gross Domestic Product,0.6,NVDA,2,2026-06-01,Monday,abs_ret,0.04032818801279392
2026-05-28,Gross Domestic Product,0.6,NVDA,2,2026-06-01,Monday,range_pct,0.04250683725026661
2026-05-28,Gross Domestic Product,0.6,NVDA,2,2026-06-01,Monday,realized_vol,0.021985447345245164
2026-05-28,Personal Income and Outlays,1.0,NVDA,0,2026-05-28,Thursday,ret,0.014128505502307265
2026-05-28,Personal Income and Outlays,1.0,NVDA,0,2026-05-28,Thursday,abs_ret,0.014128505502307265
2026-05-28,Personal Income and Outlays,1.0,NVDA,0,2026-05-28,Thursday,range_pct,0.020348361140693456
2026-05-28,Personal Income and Outlays,1.0,NVDA,0,2026-05-28,Thursday,realized_vol,0.016516244508207115
2026-05-28,Personal Income and Outlays,1.0,NVDA,1,2026-05-29,Friday,ret,-0.015938854453092177
2026-05-28,Personal Income and Outlays,1.0,NVDA,1,2026-05-29,Friday,abs_ret,0.015938854453092177
2026-05-28,Personal Income and Outlays,1.0,NVDA,1,2026-05-29,Friday,range_pct,0.03136458964440516
2026-05-28,Personal Income and Outlays,1.0,NVDA,1,2026-05-29,Friday,realized_vol,0.030362659055234307
2026-05-28,Personal Income and Outlays,1.0,NVDA,2,2026-06-01,Monday,ret,0.04032818801279392
2026-05-28,Personal Income and Outlays,1.0,NVDA,2,2026-06-01,Monday,abs_ret,0.04032818801279392
2026-05-28,Personal Income and Outlays,1.0,NVDA,2,2026-06-01,Monday,range_pct,0.04250683725026661
2026-05-28,Personal Income and Outlays,1.0,NVDA,2,2026-06-01,Monday,realized_vol,0.021985447345245164
2026-05-28,Unemployment Insurance Weekly Claims Report,0.3,NVDA,0,2026-05-28,Thursday,ret,0.014128505502307265
2026-05-28,Unemployment Insurance Weekly Claims Report,0.3,NVDA,0,2026-05-28,Thursday,abs_ret,0.014128505502307265
2026-05-28,Unemployment Insurance Weekly Claims Report,0.3,NVDA,0,2026-05-28,Thursday,range_pct,0.020348361140693456
2026-05-28,Unemployment Insurance Weekly Claims Report,0.3,NVDA,0,2026-05-28,Thursday,realized_vol,0.016516244508207115
2026-05-28,Unemployment Insurance Weekly Claims Report,0.3,NVDA,1,2026-05-29,Friday,ret,-0.015938854453092177
2026-05-28,Unemployment Insurance Weekly Claims Report,0.3,NVDA,1,2026-05-29,Friday,abs_ret,0.015938854453092177
2026-05-28,Unemployment Insurance Weekly Claims Report,0.3,NVDA,1,2026-05-29,Friday,range_pct,0.03136458964440516
2026-05-28,Unemployment Insurance Weekly Claims Report,0.3,NVDA,1,2026-05-29,Friday,realized_vol,0.030362659055234307
2026-05-28,Unemployment Insurance Weekly Claims Report,0.3,NVDA,2,2026-06-01,Monday,ret,0.04032818801279392
2026-05-28,Unemployment Insurance Weekly Claims Report,0.3,NVDA,2,2026-06-01,Monday,abs_ret,0.04032818801279392
2026-05-28,Unemployment Insurance Weekly Claims Report,0.3,NVDA,2,2026-06-01,Monday,range_pct,0.04250683725026661
2026-05-28,Unemployment Insurance Weekly Claims Report,0.3,NVDA,2,2026-06-01,Monday,realized_vol,0.021985447345245164
2026-06-04,Unemployment Insurance Weekly Claims Report,0.3,NVDA,0,2026-06-04,Thursday,ret,0.02248661789111983
2026-06-04,Unemployment Insurance Weekly Claims Report,0.3,NVDA,0,2026-06-04,Thursday,abs_ret,0.02248661789111983
2026-06-04,Unemployment Insurance Weekly Claims Report,0.3,NVDA,0,2026-06-04,Thursday,range_pct,0.049694958042121484
2026-06-04,Unemployment Insurance Weekly Claims Report,0.3,NVDA,0,2026-06-04,Thursday,realized_vol,0.018807575864971535
2026-06-04,Unemployment Insurance Weekly Claims Report,0.3,NVDA,1,2026-06-05,Friday,ret,-0.0437762237762237
2026-06-04,Unemployment Insurance Weekly Claims Report,0.3,NVDA,1,2026-06-05,Friday,abs_ret,0.0437762237762237
2026-06-04,Unemployment Insurance Weekly Claims Report,0.3,NVDA,1,2026-06-05,Friday,range_pct,0.0491375291375291
2026-06-04,Unemployment Insurance Weekly Claims Report,0.3,NVDA,1,2026-06-05,Friday,realized_vol,0.021412274809897453
2026-06-04,Unemployment Insurance Weekly Claims Report,0.3,NVDA,2,2026-06-08,Monday,ret,-0.007232584697373423
2026-06-04,Unemployment Insurance Weekly Claims Report,0.3,NVDA,2,2026-06-08,Monday,abs_ret,0.007232584697373423
2026-06-04,Unemployment Insurance Weekly Claims Report,0.3,NVDA,2,2026-06-08,Monday,range_pct,0.02126950894556528
2026-06-04,Unemployment Insurance Weekly Claims Report,0.3,NVDA,2,2026-06-08,Monday,realized_vol,0.017067569809662106
2026-06-05,Employment Situation,1.0,NVDA,0,2026-06-05,Friday,ret,-0.0437762237762237
2026-06-05,Employment Situation,1.0,NVDA,0,2026-06-05,Friday,abs_ret,0.0437762237762237
2026-06-05,Employment Situation,1.0,NVDA,0,2026-06-05,Friday,range_pct,0.0491375291375291
2026-06-05,Employment Situation,1.0,NVDA,0,2026-06-05,Friday,realized_vol,0.021412274809897453
2026-06-05,Employment Situation,1.0,NVDA,1,2026-06-08,Monday,ret,-0.007232584697373423
2026-06-05,Employment Situation,1.0,NVDA,1,2026-06-08,Monday,abs_ret,0.007232584697373423
2026-06-05,Employment Situation,1.0,NVDA,1,2026-06-08,Monday,range_pct,0.02126950894556528
2026-06-05,Employment Situation,1.0,NVDA,1,2026-06-08,Monday,realized_vol,0.017067569809662106
2026-06-05,Employment Situation,1.0,NVDA,2,2026-06-09,Tuesday,ret,-0.011771406872982837
2026-06-05,Employment Situation,1.0,NVDA,2,2026-06-09,Tuesday,abs_ret,0.011771406872982837
2026-06-05,Employment Situation,1.0,NVDA,2,2026-06-09,Tuesday,range_pct,0.057243212454907925
2026-06-05,Employment Situation,1.0,NVDA,2,2026-06-09,Tuesday,realized_vol,0.029746456580375853
2026-06-10,Consumer Price Index,1.0,NVDA,0,2026-06-10,Wednesday,ret,-0.020006848309934933
2026-06-10,Consumer Price Index,1.0,NVDA,0,2026-06-10,Wednesday,abs_ret,0.020006848309934933
2026-06-10,Consumer Price Index,1.0,NVDA,0,2026-06-10,Wednesday,range_pct,0.03570904466076413
2026-06-10,Consumer Price Index,1.0,NVDA,0,2026-06-10,Wednesday,realized_vol,0.02241393893371851
2026-06-10,Consumer Price Index,1.0,NVDA,1,2026-06-11,Thursday,ret,0.01578320428826685
2026-06-10,Consumer Price Index,1.0,NVDA,1,2026-06-11,Thursday,abs_ret,0.01578320428826685
2026-06-10,Consumer Price Index,1.0,NVDA,1,2026-06-11,Thursday,range_pct,0.03037522334723052
2026-06-10,Consumer Price Index,1.0,NVDA,1,2026-06-11,Thursday,realized_vol,0.02503100390176046
2026-06-10,Consumer Price Index,1.0,NVDA,2,2026-06-12,Friday,ret,0.0013667870740992072
2026-06-10,Consumer Price Index,1.0,NVDA,2,2026-06-12,Friday,abs_ret,0.0013667870740992072
2026-06-10,Consumer Price Index,1.0,NVDA,2,2026-06-12,Friday,range_pct,0.017726740212828215
2026-06-10,Consumer Price Index,1.0,NVDA,2,2026-06-12,Friday,realized_vol,0.021653514440707084
2026-06-11,Producer Price Index,0.6,NVDA,0,2026-06-11,Thursday,ret,0.01578320428826685
2026-06-11,Producer Price Index,0.6,NVDA,0,2026-06-11,Thursday,abs_ret,0.01578320428826685
2026-06-11,Producer Price Index,0.6,NVDA,0,2026-06-11,Thursday,range_pct,0.03037522334723052
2026-06-11,Producer Price Index,0.6,NVDA,0,2026-06-11,Thursday,realized_vol,0.02503100390176046
2026-06-11,Producer Price Index,0.6,NVDA,1,2026-06-12,Friday,ret,0.0013667870740992072
2026-06-11,Producer Price Index,0.6,NVDA,1,2026-06-12,Friday,abs_ret,0.0013667870740992072
2026-06-11,Producer Price Index,0.6,NVDA,1,2026-06-12,Friday,range_pct,0.017726740212828215
2026-06-11,Producer Price Index,0.6,NVDA,1,2026-06-12,Friday,realized_vol,0.021653514440707084
2026-06-11,Producer Price Index,0.6,NVDA,2,2026-06-15,Monday,ret,0.016896419682175035
2026-06-11,Producer Price Index,0.6,NVDA,2,2026-06-15,Monday,abs_ret,0.016896419682175035
2026-06-11,Producer Price Index,0.6,NVDA,2,2026-06-15,Monday,range_pct,0.02092044801838024
2026-06-11,Producer Price Index,0.6,NVDA,2,2026-06-15,Monday,realized_vol,0.012140722417334248
2026-06-11,Unemployment Insurance Weekly Claims Report,0.3,NVDA,0,2026-06-11,Thursday,ret,0.01578320428826685
2026-06-11,Unemployment Insurance Weekly Claims Report,0.3,NVDA,0,2026-06-11,Thursday,abs_ret,0.01578320428826685
2026-06-11,Unemployment Insurance Weekly Claims Report,0.3,NVDA,0,2026-06-11,Thursday,range_pct,0.03037522334723052
2026-06-11,Unemployment Insurance Weekly Claims Report,0.3,NVDA,0,2026-06-11,Thursday,realized_vol,0.02503100390176046
2026-06-11,Unemployment Insurance Weekly Claims Report,0.3,NVDA,1,2026-06-12,Friday,ret,0.0013667870740992072
2026-06-11,Unemployment Insurance Weekly Claims Report,0.3,NVDA,1,2026-06-12,Friday,abs_ret,0.0013667870740992072
2026-06-11,Unemployment Insurance Weekly Claims Report,0.3,NVDA,1,2026-06-12,Friday,range_pct,0.017726740212828215
2026-06-11,Unemployment Insurance Weekly Claims Report,0.3,NVDA,1,2026-06-12,Friday,realized_vol,0.021653514440707084
2026-06-11,Unemployment Insurance Weekly Claims Report,0.3,NVDA,2,2026-06-15,Monday,ret,0.016896419682175035
2026-06-11,Unemployment Insurance Weekly Claims Report,0.3,NVDA,2,2026-06-15,Monday,abs_ret,0.016896419682175035
2026-06-11,Unemployment Insurance Weekly Claims Report,0.3,NVDA,2,2026-06-15,Monday,range_pct,0.02092044801838024
2026-06-11,Unemployment Insurance Weekly Claims Report,0.3,NVDA,2,2026-06-15,Monday,realized_vol,0.012140722417334248
2026-06-18,Unemployment Insurance Weekly Claims Report,0.3,NVDA,0,2026-06-18,Thursday,ret,0.014380851269182537
2026-06-18,Unemployment Insurance Weekly Claims Report,0.3,NVDA,0,2026-06-18,Thursday,abs_ret,0.014380851269182537
2026-06-18,Unemployment Insurance Weekly Claims Report,0.3,NVDA,0,2026-06-18,Thursday,range_pct,0.023598108290705466
2026-06-18,Unemployment Insurance Weekly Claims Report,0.3,NVDA,0,2026-06-18,Thursday,realized_vol,0.014141954765897637
2026-06-18,Unemployment Insurance Weekly Claims Report,0.3,NVDA,1,2026-06-22,Monday,ret,-0.01362088535754824
2026-06-18,Unemployment Insurance Weekly Claims Report,0.3,NVDA,1,2026-06-22,Monday,abs_ret,0.01362088535754824
2026-06-18,Unemployment Insurance Weekly Claims Report,0.3,NVDA,1,2026-06-22,Monday,range_pct,0.029653802497162363
2026-06-18,Unemployment Insurance Weekly Claims Report,0.3,NVDA,1,2026-06-22,Monday,realized_vol,0.015215280340678577
2026-06-18,Unemployment Insurance Weekly Claims Report,0.3,NVDA,2,2026-06-23,Tuesday,ret,-0.010625247328848397
2026-06-18,Unemployment Insurance Weekly Claims Report,0.3,NVDA,2,2026-06-23,Tuesday,abs_ret,0.010625247328848397
2026-06-18,Unemployment Insurance Weekly Claims Report,0.3,NVDA,2,2026-06-23,Tuesday,range_pct,0.01864859517214093
2026-06-18,Unemployment Insurance Weekly Claims Report,0.3,NVDA,2,2026-06-23,Tuesday,realized_vol,0.014381703674666348
2026-06-25,Gross Domestic Product,0.6,NVDA,0,2026-06-25,Thursday,ret,-0.022032374100719454
2026-06-25,Gross Domestic Product,0.6,NVDA,0,2026-06-25,Thursday,abs_ret,0.022032374100719454
2026-06-25,Gross Domestic Product,0.6,NVDA,0,2026-06-25,Thursday,range_pct,0.04331534772182262
2026-06-25,Gross Domestic Product,0.6,NVDA,0,2026-06-25,Thursday,realized_vol,0.025837179093927107
2026-06-25,Gross Domestic Product,0.6,NVDA,1,2026-06-26,Friday,ret,-0.007249378624689329
2026-06-25,Gross Domestic Product,0.6,NVDA,1,2026-06-26,Friday,abs_ret,0.007249378624689329
2026-06-25,Gross Domestic Product,0.6,NVDA,1,2026-06-26,Friday,range_pct,0.022421292460646294
2026-06-25,Gross Domestic Product,0.6,NVDA,1,2026-06-26,Friday,realized_vol,0.01972824294900854
2026-06-25,Gross Domestic Product,0.6,NVDA,2,2026-06-29,Monday,ret,0.005416838629797693
2026-06-25,Gross Domestic Product,0.6,NVDA,2,2026-06-29,Monday,abs_ret,0.005416838629797693
2026-06-25,Gross Domestic Product,0.6,NVDA,2,2026-06-29,Monday,range_pct,0.03291374329343786
2026-06-25,Gross Domestic Product,0.6,NVDA,2,2026-06-29,Monday,realized_vol,0.020352932548581757
2026-06-25,Personal Income and Outlays,1.0,NVDA,0,2026-06-25,Thursday,ret,-0.022032374100719454
2026-06-25,Personal Income and Outlays,1.0,NVDA,0,2026-06-25,Thursday,abs_ret,0.022032374100719454
2026-06-25,Personal Income and Outlays,1.0,NVDA,0,2026-06-25,Thursday,range_pct,0.04331534772182262
2026-06-25,Personal Income and Outlays,1.0,NVDA,0,2026-06-25,Thursday,realized_vol,0.025837179093927107
2026-06-25,Personal Income and Outlays,1.0,NVDA,1,2026-06-26,Friday,ret,-0.007249378624689329
2026-06-25,Personal Income and Outlays,1.0,NVDA,1,2026-06-26,Friday,abs_ret,0.007249378624689329
2026-06-25,Personal Income and Outlays,1.0,NVDA,1,2026-06-26,Friday,range_pct,0.022421292460646294
2026-06-25,Personal Income and Outlays,1.0,NVDA,1,2026-06-26,Friday,realized_vol,0.01972824294900854
2026-06-25,Personal Income and Outlays,1.0,NVDA,2,2026-06-29,Monday,ret,0.005416838629797693
2026-06-25,Personal Income and Outlays,1.0,NVDA,2,2026-06-29,Monday,abs_ret,0.005416838629797693
2026-06-25,Personal Income and Outlays,1.0,NVDA,2,2026-06-29,Monday,range_pct,0.03291374329343786
2026-06-25,Personal Income and Outlays,1.0,NVDA,2,2026-06-29,Monday,realized_vol,0.020352932548581757
2026-06-25,Unemployment Insurance Weekly Claims Report,0.3,NVDA,0,2026-06-25,Thursday,ret,-0.022032374100719454
2026-06-25,Unemployment Insurance Weekly Claims Report,0.3,NVDA,0,2026-06-25,Thursday,abs_ret,0.022032374100719454
2026-06-25,Unemployment Insurance Weekly Claims Report,0.3,NVDA,0,2026-06-25,Thursday,range_pct,0.04331534772182262
2026-06-25,Unemployment Insurance Weekly Claims Report,0.3,NVDA,0,2026-06-25,Thursday,realized_vol,0.025837179093927107
2026-06-25,Unemployment Insurance Weekly Claims Report,0.3,NVDA,1,2026-06-26,Friday,ret,-0.007249378624689329
2026-06-25,Unemployment Insurance Weekly Claims Report,0.3,NVDA,1,2026-06-26,Friday,abs_ret,0.007249378624689329
2026-06-25,Unemployment Insurance Weekly Claims Report,0.3,NVDA,1,2026-06-26,Friday,range_pct,0.022421292460646294
2026-06-25,Unemployment Insurance Weekly Claims Report,0.3,NVDA,1,2026-06-26,Friday,realized_vol,0.01972824294900854
2026-06-25,Unemployment Insurance Weekly Claims Report,0.3,NVDA,2,2026-06-29,Monday,ret,0.005416838629797693
2026-06-25,Unemployment Insurance Weekly Claims Report,0.3,NVDA,2,2026-06-29,Monday,abs_ret,0.005416838629797693
2026-06-25,Unemployment Insurance Weekly Claims Report,0.3,NVDA,2,2026-06-29,Monday,range_pct,0.03291374329343786
2026-06-25,Unemployment Insurance Weekly Claims Report,0.3,NVDA,2,2026-06-29,Monday,realized_vol,0.020352932548581757
2026-07-02,Employment Situation,1.0,NVDA,0,2026-07-02,Thursday,ret,-0.013440860215053752
2026-07-02,Employment Situation,1.0,NVDA,0,2026-07-02,Thursday,abs_ret,0.013440860215053752
2026-07-02,Employment Situation,1.0,NVDA,0,2026-07-02,Thursday,range_pct,0.03907993507810922
2026-07-02,Employment Situation,1.0,NVDA,0,2026-07-02,Thursday,realized_vol,0.018791786561607137
2026-07-02,Employment Situation,1.0,NVDA,1,2026-07-06,Monday,ret,0.006197922024483216
2026-07-02,Employment Situation,1.0,NVDA,1,2026-07-06,Monday,abs_ret,0.006197922024483216
2026-07-02,Employment Situation,1.0,NVDA,1,2026-07-06,Monday,range_pct,0.018310873366937572
2026-07-02,Employment Situation,1.0,NVDA,1,2026-07-06,Monday,realized_vol,0.012363633829379895
2026-07-02,Employment Situation,1.0,NVDA,2,2026-07-07,Tuesday,ret,0.02359790009875784
2026-07-02,Employment Situation,1.0,NVDA,2,2026-07-07,Tuesday,abs_ret,0.02359790009875784
2026-07-02,Employment Situation,1.0,NVDA,2,2026-07-07,Tuesday,range_pct,0.037787826810125325
2026-07-02,Employment Situation,1.0,NVDA,2,2026-07-07,Tuesday,realized_vol,0.015963887538209574
2026-07-02,Unemployment Insurance Weekly Claims Report,0.3,NVDA,0,2026-07-02,Thursday,ret,-0.013440860215053752
2026-07-02,Unemployment Insurance Weekly Claims Report,0.3,NVDA,0,2026-07-02,Thursday,abs_ret,0.013440860215053752
2026-07-02,Unemployment Insurance Weekly Claims Report,0.3,NVDA,0,2026-07-02,Thursday,range_pct,0.03907993507810922
2026-07-02,Unemployment Insurance Weekly Claims Report,0.3,NVDA,0,2026-07-02,Thursday,realized_vol,0.018791786561607137
2026-07-02,Unemployment Insurance Weekly Claims Report,0.3,NVDA,1,2026-07-06,Monday,ret,0.006197922024483216
2026-07-02,Unemployment Insurance Weekly Claims Report,0.3,NVDA,1,2026-07-06,Monday,abs_ret,0.006197922024483216
2026-07-02,Unemployment Insurance Weekly Claims Report,0.3,NVDA,1,2026-07-06,Monday,range_pct,0.018310873366937572
2026-07-02,Unemployment Insurance Weekly Claims Report,0.3,NVDA,1,2026-07-06,Monday,realized_vol,0.012363633829379895
2026-07-02,Unemployment Insurance Weekly Claims Report,0.3,NVDA,2,2026-07-07,Tuesday,ret,0.02359790009875784
2026-07-02,Unemployment Insurance Weekly Claims Report,0.3,NVDA,2,2026-07-07,Tuesday,abs_ret,0.02359790009875784
2026-07-02,Unemployment Insurance Weekly Claims Report,0.3,NVDA,2,2026-07-07,Tuesday,range_pct,0.037787826810125325
2026-07-02,Unemployment Insurance Weekly Claims Report,0.3,NVDA,2,2026-07-07,Tuesday,realized_vol,0.015963887538209574
2026-07-09,Unemployment Insurance Weekly Claims Report,0.3,NVDA,0,2026-07-09,Thursday,ret,-0.008162895927601777
2026-07-09,Unemployment Insurance Weekly Claims Report,0.3,NVDA,0,2026-07-09,Thursday,abs_ret,0.008162895927601777
2026-07-09,Unemployment Insurance Weekly Claims Report,0.3,NVDA,0,2026-07-09,Thursday,range_pct,0.02751620398679222
2026-07-09,Unemployment Insurance Weekly Claims Report,0.3,NVDA,0,2026-07-09,Thursday,realized_vol,0.016396832913170532
2026-07-09,Unemployment Insurance Weekly Claims Report,0.3,NVDA,1,2026-07-10,Friday,ret,0.044356435643564396
2026-07-09,Unemployment Insurance Weekly Claims Report,0.3,NVDA,1,2026-07-10,Friday,abs_ret,0.044356435643564396
2026-07-09,Unemployment Insurance Weekly Claims Report,0.3,NVDA,1,2026-07-10,Friday,range_pct,0.04495049504950501
2026-07-09,Unemployment Insurance Weekly Claims Report,0.3,NVDA,1,2026-07-10,Friday,realized_vol,0.020537798160284514
2026-07-09,Unemployment Insurance Weekly Claims Report,0.3,NVDA,2,2026-07-13,Monday,ret,-0.024448705656759273
2026-07-09,Unemployment Insurance Weekly Claims Report,0.3,NVDA,2,2026-07-13,Monday,abs_ret,0.024448705656759273
2026-07-09,Unemployment Insurance Weekly Claims Report,0.3,NVDA,2,2026-07-13,Monday,range_pct,0.03628954937679767
2026-07-09,Unemployment Insurance Weekly Claims Report,0.3,NVDA,2,2026-07-13,Monday,realized_vol,0.01836373485025763
2026-07-14,Consumer Price Index,1.0,NVDA,0,2026-07-14,Tuesday,ret,0.016510679145668394
2026-07-14,Consumer Price Index,1.0,NVDA,0,2026-07-14,Tuesday,abs_ret,0.016510679145668394
2026-07-14,Consumer Price Index,1.0,NVDA,0,2026-07-14,Tuesday,range_pct,0.0419966402687785
2026-07-14,Consumer Price Index,1.0,NVDA,0,2026-07-14,Tuesday,realized_vol,0.015824869440989493
2026-07-14,Consumer Price Index,1.0,NVDA,1,2026-07-15,Wednesday,ret,0.0025004717871297544
2026-07-14,Consumer Price Index,1.0,NVDA,1,2026-07-15,Wednesday,abs_ret,0.0025004717871297544
2026-07-14,Consumer Price Index,1.0,NVDA,1,2026-07-15,Wednesday,range_pct,0.03665785997357997
2026-07-14,Consumer Price Index,1.0,NVDA,1,2026-07-15,Wednesday,realized_vol,0.021191455900061506
2026-07-14,Consumer Price Index,1.0,NVDA,2,2026-07-16,Thursday,ret,-0.013082155939298845
2026-07-14,Consumer Price Index,1.0,NVDA,2,2026-07-16,Thursday,abs_ret,0.013082155939298845
2026-07-14,Consumer Price Index,1.0,NVDA,2,2026-07-16,Thursday,range_pct,0.024903667760810683
2026-07-14,Consumer Price Index,1.0,NVDA,2,2026-07-16,Thursday,realized_vol,0.01588724074307714
2026-07-15,Producer Price Index,0.6,NVDA,0,2026-07-15,Wednesday,ret,0.0025004717871297544
2026-07-15,Producer Price Index,0.6,NVDA,0,2026-07-15,Wednesday,abs_ret,0.0025004717871297544
2026-07-15,Producer Price Index,0.6,NVDA,0,2026-07-15,Wednesday,range_pct,0.03665785997357997
2026-07-15,Producer Price Index,0.6,NVDA,0,2026-07-15,Wednesday,realized_vol,0.021191455900061506
2026-07-15,Producer Price Index,0.6,NVDA,1,2026-07-16,Thursday,ret,-0.013082155939298845
2026-07-15,Producer Price Index,0.6,NVDA,1,2026-07-16,Thursday,abs_ret,0.013082155939298845
2026-07-15,Producer Price Index,0.6,NVDA,1,2026-07-16,Thursday,range_pct,0.024903667760810683
2026-07-15,Producer Price Index,0.6,NVDA,1,2026-07-16,Thursday,realized_vol,0.01588724074307714
2026-07-15,Producer Price Index,0.6,NVDA,2,2026-07-17,Friday,ret,0.0
2026-07-15,Producer Price Index,0.6,NVDA,2,2026-07-17,Friday,abs_ret,0.0
2026-07-15,Producer Price Index,0.6,NVDA,2,2026-07-17,Friday,range_pct,0.04280990919857882
2026-07-15,Producer Price Index,0.6,NVDA,2,2026-07-17,Friday,realized_vol,0.024184287760564843
2026-07-16,Unemployment Insurance Weekly Claims Report,0.3,NVDA,0,2026-07-16,Thursday,ret,-0.013082155939298845
2026-07-16,Unemployment Insurance Weekly Claims Report,0.3,NVDA,0,2026-07-16,Thursday,abs_ret,0.013082155939298845
2026-07-16,Unemployment Insurance Weekly Claims Report,0.3,NVDA,0,2026-07-16,Thursday,range_pct,0.024903667760810683
2026-07-16,Unemployment Insurance Weekly Claims Report,0.3,NVDA,0,2026-07-16,Thursday,realized_vol,0.01588724074307714
2026-07-16,Unemployment Insurance Weekly Claims Report,0.3,NVDA,1,2026-07-17,Friday,ret,0.0
2026-07-16,Unemployment Insurance Weekly Claims Report,0.3,NVDA,1,2026-07-17,Friday,abs_ret,0.0
2026-07-16,Unemployment Insurance Weekly Claims Report,0.3,NVDA,1,2026-07-17,Friday,range_pct,0.04280990919857882
2026-07-16,Unemployment Insurance Weekly Claims Report,0.3,NVDA,1,2026-07-17,Friday,realized_vol,0.024184287760564843
2026-07-16,Unemployment Insurance Weekly Claims Report,0.3,NVDA,2,2026-07-20,Monday,ret,-0.012095011414970602
2026-07-16,Unemployment Insurance Weekly Claims Report,0.3,NVDA,2,2026-07-20,Monday,abs_ret,0.012095011414970602
2026-07-16,Unemployment Insurance Weekly Claims Report,0.3,NVDA,2,2026-07-20,Monday,range_pct,0.026521591295477768
2026-07-16,Unemployment Insurance Weekly Claims Report,0.3,NVDA,2,2026-07-20,Monday,realized_vol,0.015457887537612333
2026-07-23,Unemployment Insurance Weekly Claims Report,0.3,NVDA,0,2026-07-23,Thursday,ret,-0.0036283777332188905
2026-07-23,Unemployment Insurance Weekly Claims Report,0.3,NVDA,0,2026-07-23,Thursday,abs_ret,0.0036283777332188905
2026-07-23,Unemployment Insurance Weekly Claims Report,0.3,NVDA,0,2026-07-23,Thursday,range_pct,0.02343502339348793
2026-07-23,Unemployment Insurance Weekly Claims Report,0.3,NVDA,0,2026-07-23,Thursday,realized_vol,0.02006123534004314
2026-07-23,Unemployment Insurance Weekly Claims Report,0.3,NVDA,1,2026-07-24,Friday,ret,-0.002746590854334263
2026-07-23,Unemployment Insurance Weekly Claims Report,0.3,NVDA,1,2026-07-24,Friday,abs_ret,0.002746590854334263
2026-07-23,Unemployment Insurance Weekly Claims Report,0.3,NVDA,1,2026-07-24,Friday,range_pct,0.03421143930997924
2026-07-23,Unemployment Insurance Weekly Claims Report,0.3,NVDA,1,2026-07-24,Friday,realized_vol,0.022208635971567577
2026-07-23,Unemployment Insurance Weekly Claims Report,0.3,NVDA,2,2026-07-27,Monday,ret,-0.05605456554109223
2026-07-23,Unemployment Insurance Weekly Claims Report,0.3,NVDA,2,2026-07-27,Monday,abs_ret,0.05605456554109223
2026-07-23,Unemployment Insurance Weekly Claims Report,0.3,NVDA,2,2026-07-27,Monday,range_pct,0.06393198520582162
2026-07-23,Unemployment Insurance Weekly Claims Report,0.3,NVDA,2,2026-07-27,Monday,realized_vol,0.0254033498817807
2026-07-30,Gross Domestic Product,0.6,NVDA,0,2026-07-30,Thursday,ret,0.00951839015053535
2026-07-30,Gross Domestic Product,0.6,NVDA,0,2026-07-30,Thursday,abs_ret,0.00951839015053535
2026-07-30,Gross Domestic Product,0.6,NVDA,0,2026-07-30,Thursday,range_pct,0.02964150845791728
2026-07-30,Gross Domestic Product,0.6,NVDA,0,2026-07-30,Thursday,realized_vol,0.019182174171888475
2026-07-30,Gross Domestic Product,0.6,NVDA,1,2026-07-31,Friday,ret,0.011688246259257351
2026-07-30,Gross Domestic Product,0.6,NVDA,1,2026-07-31,Friday,abs_ret,0.011688246259257351
2026-07-30,Gross Domestic Product,0.6,NVDA,1,2026-07-31,Friday,range_pct,0.03551816212403653
2026-07-30,Gross Domestic Product,0.6,NVDA,1,2026-07-31,Friday,realized_vol,0.020756087854222754
2026-07-30,Gross Domestic Product,0.6,NVDA,2,2026-08-03,Monday,ret,0.04537407051444187
2026-07-30,Gross Domestic Product,0.6,NVDA,2,2026-08-03,Monday,abs_ret,0.04537407051444187
2026-07-30,Gross Domestic Product,0.6,NVDA,2,2026-08-03,Monday,range_pct,0.06014467094946641
2026-07-30,Gross Domestic Product,0.6,NVDA,2,2026-08-03,Monday,realized_vol,0.019312522538455924
2026-07-30,Personal Income and Outlays,1.0,NVDA,0,2026-07-30,Thursday,ret,0.00951839015053535
2026-07-30,Personal Income and Outlays,1.0,NVDA,0,2026-07-30,Thursday,abs_ret,0.00951839015053535
2026-07-30,Personal Income and Outlays,1.0,NVDA,0,2026-07-30,Thursday,range_pct,0.02964150845791728
2026-07-30,Personal Income and Outlays,1.0,NVDA,0,2026-07-30,Thursday,realized_vol,0.019182174171888475
2026-07-30,Personal Income and Outlays,1.0,NVDA,1,2026-07-31,Friday,ret,0.011688246259257351
2026-07-30,Personal Income and Outlays,1.0,NVDA,1,2026-07-31,Friday,abs_ret,0.011688246259257351
2026-07-30,Personal Income and Outlays,1.0,NVDA,1,2026-07-31,Friday,range_pct,0.03551816212403653
2026-07-30,Personal Income and Outlays,1.0,NVDA,1,2026-07-31,Friday,realized_vol,0.020756087854222754
2026-07-30,Personal Income and Outlays,1.0,NVDA,2,2026-08-03,Monday,ret,0.04537407051444187
2026-07-30,Personal Income and Outlays,1.0,NVDA,2,2026-08-03,Monday,abs_ret,0.04537407051444187
2026-07-30,Personal Income and Outlays,1.0,NVDA,2,2026-08-03,Monday,range_pct,0.06014467094946641
2026-07-30,Personal Income and Outlays,1.0,NVDA,2,2026-08-03,Monday,realized_vol,0.019312522538455924
2026-07-30,Unemployment Insurance Weekly Claims Report,0.3,NVDA,0,2026-07-30,Thursday,ret,0.00951839015053535
2026-07-30,Unemployment Insurance Weekly Claims Report,0.3,NVDA,0,2026-07-30,Thursday,abs_ret,0.00951839015053535
2026-07-30,Unemployment Insurance Weekly Claims Report,0.3,NVDA,0,2026-07-30,Thursday,range_pct,0.02964150845791728
2026-07-30,Unemployment Insurance Weekly Claims Report,0.3,NVDA,0,2026-07-30,Thursday,realized_vol,0.019182174171888475
2026-07-30,Unemployment Insurance Weekly Claims Report,0.3,NVDA,1,2026-07-31,Friday,ret,0.011688246259257351
2026-07-30,Unemployment Insurance Weekly Claims Report,0.3,NVDA,1,2026-07-31,Friday,abs_ret,0.011688246259257351
2026-07-30,Unemployment Insurance Weekly Claims Report,0.3,NVDA,1,2026-07-31,Friday,range_pct,0.03551816212403653
2026-07-30,Unemployment Insurance Weekly Claims Report,0.3,NVDA,1,2026-07-31,Friday,realized_vol,0.020756087854222754
2026-07-30,Unemployment Insurance Weekly Claims Report,0.3,NVDA,2,2026-08-03,Monday,ret,0.04537407051444187
2026-07-30,Unemployment Insurance Weekly Claims Report,0.3,NVDA,2,2026-08-03,Monday,abs_ret,0.04537407051444187
2026-07-30,Unemployment Insurance Weekly Claims Report,0.3,NVDA,2,2026-08-03,Monday,range_pct,0.06014467094946641
2026-07-30,Unemployment Insurance Weekly Claims Report,0.3,NVDA,2,2026-08-03,Monday,realized_vol,0.019312522538455924
2026-08-06,Unemployment Insurance Weekly Claims Report,0.3,NVDA,0,2026-08-06,Thursday,ret,-0.011465715704419233
2026-08-06,Unemployment Insurance Weekly Claims Report,0.3,NVDA,0,2026-08-06,Thursday,abs_ret,0.011465715704419233
2026-08-06,Unemployment Insurance Weekly Claims Report,0.3,NVDA,0,2026-08-06,Thursday,range_pct,0.029928226425314834
2026-08-06,Unemployment Insurance Weekly Claims Report,0.3,NVDA,0,2026-08-06,Thursday,realized_vol,0.01626047133045302
2026-08-06,Unemployment Insurance Weekly Claims Report,0.3,NVDA,1,2026-08-07,Friday,ret,0.010379061371841303
2026-08-06,Unemployment Insurance Weekly Claims Report,0.3,NVDA,1,2026-08-07,Friday,abs_ret,0.010379061371841303
2026-08-06,Unemployment Insurance Weekly Claims Report,0.3,NVDA,1,2026-08-07,Friday,range_pct,0.0185018050541516
2026-08-06,Unemployment Insurance Weekly Claims Report,0.3,NVDA,1,2026-08-07,Friday,realized_vol,0.014842469472963306
2026-08-06,Unemployment Insurance Weekly Claims Report,0.3,NVDA,2,2026-08-10,Monday,ret,-0.02631578947368418
2026-08-06,Unemployment Insurance Weekly Claims Report,0.3,NVDA,2,2026-08-10,Monday,abs_ret,0.02631578947368418
2026-08-06,Unemployment Insurance Weekly Claims Report,0.3,NVDA,2,2026-08-10,Monday,range_pct,0.032974847833870356
2026-08-06,Unemployment Insurance Weekly Claims Report,0.3,NVDA,2,2026-08-10,Monday,realized_vol,0.015990647740828548
2026-08-07,Employment Situation,1.0,NVDA,0,2026-08-07,Friday,ret,0.010379061371841303
2026-08-07,Employment Situation,1.0,NVDA,0,2026-08-07,Friday,abs_ret,0.010379061371841303
2026-08-07,Employment Situation,1.0,NVDA,0,2026-08-07,Friday,range_pct,0.0185018050541516
2026-08-07,Employment Situation,1.0,NVDA,0,2026-08-07,Friday,realized_vol,0.014842469472963306
2026-08-07,Employment Situation,1.0,NVDA,1,2026-08-10,Monday,ret,-0.02631578947368418
2026-08-07,Employment Situation,1.0,NVDA,1,2026-08-10,Monday,abs_ret,0.02631578947368418
2026-08-07,Employment Situation,1.0,NVDA,1,2026-08-10,Monday,range_pct,0.032974847833870356
2026-08-07,Employment Situation,1.0,NVDA,1,2026-08-10,Monday,realized_vol,0.015990647740828548
2026-08-07,Employment Situation,1.0,NVDA,2,2026-08-11,Tuesday,ret,-0.02056969151092103
2026-08-07,Employment Situation,1.0,NVDA,2,2026-08-11,Tuesday,abs_ret,0.02056969151092103
2026-08-07,Employment Situation,1.0,NVDA,2,2026-08-11,Tuesday,range_pct,0.027020941229452825
2026-08-07,Employment Situation,1.0,NVDA,2,2026-08-11,Tuesday,realized_vol,0.01343813260339276
2026-08-12,Consumer Price Index,1.0,NVDA,0,2026-08-12,Wednesday,ret,0.01366021349737645
2026-08-12,Consumer Price Index,1.0,NVDA,0,2026-08-12,Wednesday,abs_ret,0.01366021349737645
2026-08-12,Consumer Price Index,1.0,NVDA,0,2026-08-12,Wednesday,range_pct,0.022163922561968544
2026-08-12,Consumer Price Index,1.0,NVDA,0,2026-08-12,Wednesday,realized_vol,0.016043431204710912
2026-08-12,Consumer Price Index,1.0,NVDA,1,2026-08-13,Thursday,ret,0.0010660980810235365
2026-08-12,Consumer Price Index,1.0,NVDA,1,2026-08-13,Thursday,abs_ret,0.0010660980810235365
2026-08-12,Consumer Price Index,1.0,NVDA,1,2026-08-13,Thursday,range_pct,0.015636105188343914
2026-08-12,Consumer Price Index,1.0,NVDA,1,2026-08-13,Thursday,realized_vol,0.01101707431316791
2026-08-12,Consumer Price Index,1.0,NVDA,2,2026-08-14,Friday,ret,-0.007451170583307576
2026-08-12,Consumer Price Index,1.0,NVDA,2,2026-08-14,Friday,abs_ret,0.007451170583307576
2026-08-12,Consumer Price Index,1.0,NVDA,2,2026-08-14,Friday,range_pct,0.01318284026277505
2026-08-12,Consumer Price Index,1.0,NVDA,2,2026-08-14,Friday,realized_vol,0.010336013770116859
2026-08-13,Producer Price Index,0.6,NVDA,0,2026-08-13,Thursday,ret,0.0010660980810235365
2026-08-13,Producer Price Index,0.6,NVDA,0,2026-08-13,Thursday,abs_ret,0.0010660980810235365
2026-08-13,Producer Price Index,0.6,NVDA,0,2026-08-13,Thursday,range_pct,0.015636105188343914
2026-08-13,Producer Price Index,0.6,NVDA,0,2026-08-13,Thursday,realized_vol,0.01101707431316791
2026-08-13,Producer Price Index,0.6,NVDA,1,2026-08-14,Friday,ret,-0.007451170583307576
2026-08-13,Producer Price Index,0.6,NVDA,1,2026-08-14,Friday,abs_ret,0.007451170583307576
2026-08-13,Producer Price Index,0.6,NVDA,1,2026-08-14,Friday,range_pct,0.01318284026277505
2026-08-13,Producer Price Index,0.6,NVDA,1,2026-08-14,Friday,realized_vol,0.010336013770116859
2026-08-13,Producer Price Index,0.6,NVDA,2,2026-08-17,Monday,ret,-0.0042918454935622075
2026-08-13,Producer Price Index,0.6,NVDA,2,2026-08-17,Monday,abs_ret,0.0042918454935622075
2026-08-13,Producer Price Index,0.6,NVDA,2,2026-08-17,Monday,range_pct,0.013539223928144658
2026-08-13,Producer Price Index,0.6,NVDA,2,2026-08-17,Monday,realized_vol,0.011360426585666597
2026-08-13,Unemployment Insurance Weekly Claims Report,0.3,NVDA,0,2026-08-13,Thursday,ret,0.0010660980810235365
2026-08-13,Unemployment Insurance Weekly Claims Report,0.3,NVDA,0,2026-08-13,Thursday,abs_ret,0.0010660980810235365
2026-08-13,Unemployment Insurance Weekly Claims Report,0.3,NVDA,0,2026-08-13,Thursday,range_pct,0.015636105188343914
2026-08-13,Unemployment Insurance Weekly Claims Report,0.3,NVDA,0,2026-08-13,Thursday,realized_vol,0.01101707431316791
2026-08-13,Unemployment Insurance Weekly Claims Report,0.3,NVDA,1,2026-08-14,Friday,ret,-0.007451170583307576
2026-08-13,Unemployment Insurance Weekly Claims Report,0.3,NVDA,1,2026-08-14,Friday,abs_ret,0.007451170583307576
2026-08-13,Unemployment Insurance Weekly Claims Report,0.3,NVDA,1,2026-08-14,Friday,range_pct,0.01318284026277505
2026-08-13,Unemployment Insurance Weekly Claims Report,0.3,NVDA,1,2026-08-14,Friday,realized_vol,0.010336013770116859
2026-08-13,Unemployment Insurance Weekly Claims Report,0.3,NVDA,2,2026-08-17,Monday,ret,-0.0042918454935622075
2026-08-13,Unemployment Insurance Weekly Claims Report,0.3,NVDA,2,2026-08-17,Monday,abs_ret,0.0042918454935622075
2026-08-13,Unemployment Insurance Weekly Claims Report,0.3,NVDA,2,2026-08-17,Monday,range_pct,0.013539223928144658
2026-08-13,Unemployment Insurance Weekly Claims Report,0.3,NVDA,2,2026-08-17,Monday,realized_vol,0.011360426585666597
2026-08-20,Unemployment Insurance Weekly Claims Report,0.3,NVDA,0,2026-08-20,Thursday,ret,-0.006410549933604903
2026-08-20,Unemployment Insurance Weekly Claims Report,0.3,NVDA,0,2026-08-20,Thursday,abs_ret,0.006410549933604903
2026-08-20,Unemployment Insurance Weekly Claims Report,0.3,NVDA,0,2026-08-20,Thursday,range_pct,0.019231649800815136
2026-08-20,Unemployment Insurance Weekly Claims Report,0.3,NVDA,0,2026-08-20,Thursday,realized_vol,0.014926981163740702
2026-08-20,Unemployment Insurance Weekly Claims Report,0.3,NVDA,1,2026-08-21,Friday,ret,-0.01689173723964288
2026-08-20,Unemployment Insurance Weekly Claims Report,0.3,NVDA,1,2026-08-21,Friday,abs_ret,0.01689173723964288
2026-08-20,Unemployment Insurance Weekly Claims Report,0.3,NVDA,1,2026-08-21,Friday,range_pct,0.01940947585259789
2026-08-20,Unemployment Insurance Weekly Claims Report,0.3,NVDA,1,2026-08-21,Friday,realized_vol,0.011074959513667035
2026-08-20,Unemployment Insurance Weekly Claims Report,0.3,NVDA,2,2026-08-24,Monday,ret,-0.03262029604194705
2026-08-20,Unemployment Insurance Weekly Claims Report,0.3,NVDA,2,2026-08-24,Monday,abs_ret,0.03262029604194705
2026-08-20,Unemployment Insurance Weekly Claims Report,0.3,NVDA,2,2026-08-24,Monday,range_pct,0.03869890028304953
2026-08-20,Unemployment Insurance Weekly Claims Report,0.3,NVDA,2,2026-08-24,Monday,realized_vol,0.016739336904349946
