date,weekday,ret,abs_ret,range_pct,fh_abs_ret,sh_abs_ret
2016-01-04,Monday,-0.0026423690205011896,0.0026423690205011896,0.0030979498861048145,0.0006378132118450841,0.002096818306135506
2016-01-05,Tuesday,0.0012760915139913287,0.0012760915139913287,0.0023698842402698488,0.00036459757542628424,0.0008199708454810217
2016-01-06,Wednesday,0.018258034466697826,0.018258034466697826,0.019562179785747636,0.0009315323707498324,0.019302499067512136
2016-01-07,Thursday,0.003985576010628211,0.003985576010628211,0.005124312013664892,0.0013285253368759964,0.002748554639370626
2016-01-08,Friday,-0.0003776435045317328,0.0003776435045317328,0.007836102719033351,0.000944108761329332,0.0016030174446016732
2016-01-11,Monday,0.0005734492975246752,0.0005734492975246752,0.0019114976584153956,0.0010513237121283492,0.000286642461303277
2016-01-12,Tuesday,0.00037954265110551333,0.00037954265110551333,0.0017079419299744457,0.0010437422905399396,0.0009493971328207174
2016-01-13,Wednesday,-0.0002827521206408834,0.0002827521206408834,0.0018850141376060589,0.0006597549481621723,0.0007536504945832023
2016-01-14,Thursday,0.00215306322176545,0.00215306322176545,0.003425327852808713,0.001076531610882725,0.001173249902229223
2016-01-15,Friday,-0.008432199235219096,0.008432199235219096,0.012648298852828631,0.005980978527306613,0.00266272189349126
2016-01-19,Tuesday,0.0002928257686676261,0.0002928257686676261,0.0018545632015617153,0.0009760858955587537,0.0007800312012480326
2016-01-20,Wednesday,0.0024171618491286573,0.0024171618491286573,0.004532178467116556,0.0011078658475174308,0.0020134903855835162
2016-01-21,Thursday,0.002075303883783075,0.002075303883783075,0.009289455479790472,0.004743551734361251,0.002949852507374562
2016-01-22,Friday,-0.0021411192214111363,0.0021411192214111363,0.003309002433089919,0.0,0.0016553067185979264
2016-01-25,Monday,-0.0023217567959756824,0.0023217567959756824,0.002805456128470603,0.0012576182644868927,0.0007751186900494256
2016-01-26,Tuesday,0.0007807163072117707,0.0007807163072117707,0.002439738460037084,0.0017566116912268726,0.0010714981492304654
2016-01-27,Wednesday,0.0,0.0,0.0017528483786153162,0.00048690232739301287,0.0
2016-01-28,Thursday,0.004629173643258211,0.004629173643258211,0.013986013986014003,0.00256081946222797,0.007109004739336511
2016-01-29,Friday,0.0026535626535626466,0.0026535626535626466,0.004029484029483996,0.0008845208845209562,0.001767478397486144
2016-02-01,Monday,0.001063418406805905,0.001063418406805905,0.002610208816705298,0.0019334880123742515,0.000675545261532573
2016-02-02,Tuesday,-0.0008665511265164572,0.0008665511265164572,0.006643558636626206,0.001059118043520213,0.0018276260100038577
2016-02-03,Wednesday,0.003124084740798505,0.003124084740798505,0.00468612711119793,0.0026359465000487248,0.0004868549172345471
2016-02-04,Thursday,-0.0024676734774454756,0.0024676734774454756,0.005527588589477862,0.0005922416345869319,0.0017779533781113743
2016-02-05,Friday,-0.004239376910184389,0.004239376910184389,0.009267475105984399,0.0025633441782511035,0.0015816528272043495
2016-02-08,Monday,0.0025995632733699647,0.0025995632733699647,0.0033274409899136234,0.0013517729021523817,0.0012461059190032042
2016-02-09,Tuesday,-0.0043827611395179655,0.0043827611395179655,0.005321924240843213,0.002608786392570228,0.0016741655331170557
2016-02-10,Wednesday,-0.0025533653355122032,0.0025533653355122032,0.004902461444183474,0.002042692268409807,0.0002047502047503036
2016-02-11,Thursday,0.0006300535545522568,0.0006300535545522568,0.0037803213273128154,0.0028352409954846003,0.002198952879581051
2016-02-12,Friday,0.0014353085913472174,0.0014353085913472174,0.0041008816895631685,0.0024605290137378333,0.0009205277692542202
2016-02-16,Tuesday,-0.0005033725963958791,0.0005033725963958791,0.0029195610590960056,0.0015101177891875261,0.001412144442203056
2016-02-17,Wednesday,0.00039635354736411443,0.00039635354736411443,0.0015854141894571026,0.0005945303210463937,9.90589400693409e-05
2016-02-18,Thursday,0.0004859086491739717,0.0004859086491739717,0.001457725947521921,0.0,0.0003886891458557695
2016-02-19,Friday,-0.002571456829196017,0.002571456829196017,0.004351696172485389,0.00019780437147653984,0.0023741220694432075
2016-02-22,Monday,-0.00048666536889230283,0.00048666536889230283,0.0009733307377846439,0.000681331516449224,0.0
2016-02-23,Tuesday,0.003318044305650414,0.003318044305650414,0.004098760612862318,0.0014638430760223198,0.001851490937438971
2016-02-24,Wednesday,0.0005977286312015551,0.0005977286312015551,0.0017931858936042302,0.000398485754134259,0.0008968609865471766
2016-02-25,Thursday,0.00019455252918287869,0.00019455252918287869,0.0027237354085603224,0.0005836575875486361,0.0008760829358511746
2016-02-26,Friday,-0.0010534380386898468,0.0010534380386898468,0.0027772457383643577,0.0013407393219688757,0.002390971690895194
2016-02-29,Monday,0.0027152831652443865,0.0027152831652443865,0.0030062063615205804,0.0024243599689681705,0.0003869969040248833
2016-03-01,Tuesday,0.00029050062941804455,0.00029050062941804455,0.0008715018882541242,0.0,0.00029050062941804455
2016-03-04,Friday,-0.0025502975347124757,0.0025502975347124757,0.0066118824974025015,0.0006611882497402632,0.003397508493771184
2016-03-07,Monday,-0.0011411182959298882,0.0011411182959298882,0.0015214910612399827,0.0008558387219474994,0.0
2016-03-08,Tuesday,0.0008618213157136623,0.0008618213157136623,0.002872737719046224,0.002298190175237025,0.001433075379765003
2016-03-09,Wednesday,-0.0007637231503579978,0.0007637231503579978,0.0014319809069212952,0.0006682577565632064,0.0002865329512894421
2016-03-10,Thursday,-0.002172270494899764,0.002172270494899764,0.004911220249338837,0.0006611258027957589,0.0027373985274683488
2016-03-11,Friday,0.00037839371866432714,0.00037839371866432714,0.0008513858669946402,0.00028379528899813433,0.0007570739093403223
2016-03-14,Monday,-9.429514379999393e-05,9.429514379999393e-05,0.0003771805752004361,9.429514380010495e-05,0.0
2016-03-15,Tuesday,-0.0004704111393358801,0.0004704111393358801,0.0017875623294759406,0.0006585755950702099,0.00018828845791740711
2016-03-16,Wednesday,-0.002720450281425868,0.002720450281425868,0.0032833020637898155,0.0018761726078798668,0.0008458646616541499
2016-03-17,Thursday,0.00018693335825781254,0.00018693335825781254,0.0010281334704177907,0.0006542667539022329,9.344047841519654e-05
2016-03-18,Friday,-0.0005583992554676342,0.0005583992554676342,0.0009306654257793793,0.00018613308515580407,0.0008373650911798203
2016-03-21,Monday,0.00018665422305175206,0.00018665422305175206,0.0009332711152590622,0.00018665422305186308,9.330098899051897e-05
2016-03-22,Tuesday,0.0004662004662003838,0.0004662004662003838,0.00074592074592073,0.0007459207459208361,0.000279511786080322
2016-03-23,Wednesday,-0.00027721308445760595,0.00027721308445760595,0.0007392348918868813,0.0005544261689152119,0.00027736686390533727
2016-03-24,Thursday,-0.0005621135469363603,0.0005621135469363603,0.0021547685965898817,0.0013115982761850997,0.00046891118822101063
2016-03-30,Wednesday,0.0007309941520468044,0.0007309941520468044,0.0009137426900584277,0.00045687134502925275,0.0002739976253538501
2016-03-31,Thursday,-0.00036576444769576,0.00036576444769576,0.00045720555961970894,9.144111192394e-05,0.0002743484224966286
2016-04-01,Friday,-0.002022802500919463,0.002022802500919463,0.004229496138286077,0.0009194556822361699,0.0011962823226281394
2016-04-04,Monday,-0.001356116083536807,0.001356116083536807,0.00144652382243917,0.00045203869451226897,0.0006333122229259525
2016-04-05,Tuesday,0.0,0.0,0.0011920044012469783,0.0008252338162479944,0.0008259153895568971
2016-04-06,Wednesday,-0.0008241758241758212,0.0008241758241758212,0.0013736263736264256,0.00073260073260073,9.165902841434814e-05
2016-04-07,Thursday,-0.0001815046737453363,0.0001815046737453363,0.000998275705599414,0.00045376168436339626,0.00018157058556500516
2016-04-08,Friday,0.0014571948998178819,0.0014571948998178819,0.001730418943533677,0.0008196721311475308,0.0006370006370006731
2016-04-11,Monday,0.0016451878256100727,0.0016451878256100727,0.0019193857965451784,0.0010053925600950198,0.0008219178082191636
2016-04-12,Tuesday,-0.0006432049986216937,0.0006432049986216937,0.0021133878526142054,0.0006432049986218047,0.0015606352703571025
2016-04-13,Wednesday,-0.00036258158085566983,0.00036258158085566983,0.0015409717186367089,0.0010877447425670095,0.0006351510752200529
2016-04-14,Thursday,0.0008116151140771244,0.0008116151140771244,0.0017134096852736741,0.0012625123996754528,0.0004503287399801881
2016-04-15,Friday,-0.0002709048221057886,0.0002709048221057886,0.0005418096442116876,0.0003612064294743478,0.0
2016-04-18,Monday,-0.0005437245129134016,0.0005437245129134016,0.0015405527865880154,0.0007249660172181649,0.0012677714389205397
2016-04-19,Tuesday,-0.0009854864719583967,0.0009854864719583967,0.001343845189034274,0.00044794839634487715,0.000716910117394054
2016-04-20,Wednesday,-0.00036146755828658783,0.00036146755828658783,0.0008133020061449793,0.00036146755828658783,0.00018083182640160622
2016-04-21,Thursday,-0.0012641083521445218,0.0012641083521445218,0.002347629796839647,0.0007223476297968379,0.0005421523448089216
2016-04-22,Friday,-0.0003651300775900923,0.0003651300775900923,0.0011866727521679184,0.00018256503879499064,0.0004563709382986447
2016-04-25,Monday,0.0005524861878454246,0.0005524861878454246,0.0016574585635358437,0.0009208103130755596,0.0005518763796910076
2016-04-26,Tuesday,0.00036623329060625487,0.00036623329060625487,0.0008240249038636623,0.0003662332906060328,0.00045783353172801355
2016-04-27,Wednesday,-9.304056568670838e-05,9.304056568670838e-05,0.00046520282843317043,0.0002791216970599031,9.305788200264509e-05
2016-04-28,Thursday,0.0010227801022779648,0.0010227801022779648,0.0015806601580660316,9.29800092981381e-05,0.0009297136481962731
2016-04-29,Friday,-0.0020637898686679534,0.0020637898686679534,0.0030018761726079493,0.0015009380863039157,0.0006575857209958347
2016-05-03,Tuesday,0.0008496176720473869,0.0008496176720473869,0.0016992353440952214,0.0005664117813648506,0.00018867924528298552
2016-05-04,Wednesday,-9.523809523814819e-05,9.523809523814819e-05,0.0010476190476190422,9.523809523814819e-05,0.0003808435685043188
2016-05-05,Thursday,9.475080538168257e-05,9.475080538168257e-05,0.0009475080538184035,0.0005685048322909836,0.00018944775978024797
2016-05-06,Friday,-0.002767439641187197,0.002767439641187197,0.00458058975093047,0.003053726500620413,0.0007661367554108178
2016-05-11,Wednesday,0.0,0.0,0.00046650494495252255,0.00037320395596196487,0.0002799813345777391
2016-05-12,Thursday,-0.0010296733127398427,0.0010296733127398427,0.001123279977534443,0.0007488533183562796,9.369436896844441e-05
2016-05-13,Friday,0.0022738038844150044,0.0022738038844150044,0.0032212221695879055,0.002368545712932324,0.0
2016-05-16,Monday,-0.00047285795347074,0.00047285795347074,0.0013240022697181822,0.000756572725553184,0.0003786086133459321
2016-05-18,Wednesday,-0.0002849273435273636,0.0002849273435273636,0.0013296609364612077,0.0006648304682306261,0.0009509319132749994
2016-05-19,Thursday,-0.000947508053818491,0.000947508053818491,0.0013265112753458458,0.000473754026909301,0.0003792188092529569
2016-05-20,Friday,0.0011343227148121748,0.0011343227148121748,0.0018905378580206336,9.452689290112559e-05,0.0010396975425330801
2016-05-23,Monday,-0.0006569685593617036,0.0006569685593617036,0.0010323791647113979,0.00037541060534973525,0.0009382623381496424
2016-05-24,Tuesday,0.00028058361391702924,0.00028058361391702924,0.0005611672278339158,0.0,0.00028058361391702924
2016-05-25,Wednesday,-0.0005502063273727931,0.0005502063273727931,0.0008253094910591784,0.0002751031636862855,0.0004585473220837244
2016-05-27,Friday,-0.0010017302613605228,0.0010017302613605228,0.0011838630361533143,0.00027319916218926377,0.0005466472303207182
2016-06-01,Wednesday,-0.0008169193065262759,0.0008169193065262759,0.001089225742035078,9.076881183633922e-05,0.0004540088985743873
2016-06-02,Thursday,-0.001812415043044746,0.001812415043044746,0.0020842772995014933,0.0015405527865880453,0.00045372050816694376
2016-06-03,Friday,-0.003977221368525741,0.003977221368525741,0.005333092289613931,0.0025309590526981784,0.0013594344752583254
2016-06-06,Monday,9.063717937096705e-05,9.063717937096705e-05,0.0005438230762258885,0.0003625487174838682,0.0003623844899437456
2016-06-08,Wednesday,0.0005435274934324497,0.0005435274934324497,0.0010870549868647935,0.0003623516622883738,9.05469032959072e-05
2016-06-09,Thursday,0.0,0.0,0.000909669789866356,0.00045483489493314266,0.0005455041367395941
2016-06-10,Friday,-0.001188625765749407,0.001188625765749407,0.0015543567705952428,0.0008228947609033588,0.00036603221083464366
2016-06-13,Monday,-0.0007372592387798749,0.0007372592387798749,0.002396092526034514,9.215740484735946e-05,0.0008293402137853345
2016-06-15,Wednesday,-0.0005539654694857177,0.0005539654694857177,0.0028621549256763203,0.0006462930477334483,9.238728750937675e-05
2016-06-16,Thursday,0.0011197163385276987,0.0011197163385276987,0.001492955118036732,0.00037323877950901085,0.0009329228472805262
2016-06-17,Friday,-0.0009280742459396585,0.0009280742459396585,0.0010208816705336375,0.00046403712296982924,0.0005570513415652512
2016-06-20,Monday,0.0002784739626844335,0.0002784739626844335,0.0006497725795970776,0.000371298616912652,0.0
2016-06-23,Thursday,0.0008318698585820794,0.0008318698585820794,0.0013864497643035927,9.24299842868237e-05,0.0007393715341958984
2016-06-24,Friday,-0.001235858921950661,0.001235858921950661,0.003422378553094395,0.0003802642836772119,0.0010459256441951448
2016-06-27,Monday,0.00155008719240457,0.00155008719240457,0.002906413485758684,0.0006781631466770133,0.0007744433688285923
2016-06-28,Tuesday,0.0010658914728682856,0.0010658914728682856,0.0021317829457364232,0.0010658914728682856,9.678668215240549e-05
2016-06-29,Wednesday,0.0017121658898506809,0.0017121658898506809,0.0022828878531343014,0.0012365642537810473,0.0004750142504275079
2016-06-30,Thursday,0.0015051740357479026,0.0015051740357479026,0.001693320790216433,0.0007525870178739513,0.0004698806503147246
2016-07-01,Friday,-0.00046490004649002437,0.00046490004649002437,0.0011157601115760534,0.0005578800557880514,9.303190994525146e-05
2016-07-05,Tuesday,0.0013029315960912946,0.0013029315960912946,0.0015821312238249185,0.0013029315960912946,0.00027891409445901516
2016-07-06,Wednesday,0.00028100412139386854,0.00028100412139386854,0.0008430123641813732,0.0,0.0005621662138106664
2016-07-07,Thursday,0.0007387570412780153,0.0007387570412780153,0.0013851694523963956,0.0002770338904791725,0.0005539654694857177
2016-07-08,Friday,0.003951842661519933,0.003951842661519933,0.00781178200533034,0.004962779156327368,0.000914578379367148
2016-07-11,Monday,0.00045150803684324003,0.00045150803684324003,0.0006321112515803449,0.00045150803684324003,0.00018048912553014773
2016-07-12,Tuesday,0.0,0.0,0.00044798853149369565,0.00017919541259736604,0.0002687208885704395
2016-07-13,Wednesday,0.0008950147677435627,0.0008950147677435627,0.0011635191980668546,0.00017900295354866813,0.0007158836689038495
2016-07-14,Thursday,0.0007143494954906515,0.0007143494954906515,0.0012501116171086755,0.0005357621216179886,0.0003570472194946994
2016-07-15,Friday,0.0,0.0,0.0009816169908977283,0.0,8.924587237846282e-05
2016-07-18,Monday,-0.001071619932130785,0.001071619932130785,0.0011609215931415917,0.00026790498303264076,0.001071619932130785
2016-07-19,Tuesday,0.00026747503566326714,0.00026747503566326714,0.000802425106989918,0.00044579172610559326,0.00035641094181593225
2016-07-20,Wednesday,-0.00035489308845704226,0.00035489308845704226,0.0005323396326855476,0.0004436163605713306,8.876264867740957e-05
2016-07-21,Thursday,-8.810572687234508e-05,8.810572687234508e-05,0.0009691629955947086,0.00017621145374446812,0.0
2016-07-22,Friday,0.00017652250661948088,0.00017652250661948088,0.0004413062665489599,8.826125330974044e-05,0.00017652250661948088
2016-07-27,Wednesday,8.720676724527365e-05,8.720676724527365e-05,0.0008720676724514565,0.0003488270689804285,0.0001743679163033196
2016-07-29,Friday,0.0005209690023444402,0.0005209690023444402,0.0009551098376313227,8.68281670574067e-05,0.00017359604201039325
2016-08-01,Monday,-0.0012126461671719824,0.0012126461671719824,0.001299263750541286,0.0004330879168470414,0.0008664760419373474
2016-08-02,Tuesday,-8.65201591971898e-05,8.65201591971898e-05,0.0005191209551825772,8.652015919707878e-05,8.65201591971898e-05
2016-08-03,Wednesday,-0.00026127852290525055,0.00026127852290525055,0.00043546420484233726,8.709284096841685e-05,8.710801393718715e-05
2016-08-05,Friday,0.0018967152340718663,0.0018967152340718663,0.0026726441934649737,0.0015518579187860926,0.00017213185299946865
2016-08-08,Monday,-0.0007700205338808663,0.0007700205338808663,0.0007700205338808111,0.00042778918548935785,0.0004279356384799815
2016-08-10,Wednesday,8.544087491446639e-05,8.544087491446639e-05,0.00042720437457277133,0.0,0.00025623505295524485
2016-08-12,Friday,-8.542627712293527e-05,8.542627712293527e-05,0.0010251153254740332,0.0001708525542456485,0.00034185112383555705
2016-08-15,Monday,-0.00025544959128065425,0.00025544959128065425,0.0005108991825613273,0.0002554495912807653,0.00042567682615357594
2016-08-16,Tuesday,-0.0005106382978723456,0.0005106382978723456,0.0008510638297871857,0.0007659574468085184,0.0002555148624479031
2016-08-18,Thursday,0.00042720437457277605,0.00042720437457277605,0.0005126452494872527,0.0003417634996580876,0.0
2016-08-25,Thursday,-0.0006859886811867444,0.0006859886811867444,0.0007717372663350128,0.0002572457554450569,0.00042885324641905864
2016-08-26,Friday,0.000343200343200456,0.000343200343200456,0.0010296010296010686,0.000343200343200456,0.00042866941015085036
2016-08-30,Tuesday,-0.0003426124197002389,0.0003426124197002389,0.0008565310492504866,0.0,0.00017133556069570677
2016-09-01,Thursday,-0.0012844665182394355,0.0012844665182394355,0.002911457441342725,0.0007706799109437057,0.000514182877710212
2016-09-02,Friday,0.0037709976002742174,0.0037709976002742174,0.004028111073020217,0.0029139526911208247,0.0006835269993163973
2016-09-07,Wednesday,0.0003392705682780939,0.0003392705682780939,0.0005089058524173221,8.481764206957898e-05,0.00016960651288999706
2016-09-09,Friday,-0.0008589589417626886,0.0008589589417626886,0.001460230200996285,0.0002576876825288732,0.0010305736860185544
2016-09-12,Monday,0.0007039774727208847,0.0007039774727208847,0.0019359380499823905,0.0008799718409009394,0.0
2016-09-13,Tuesday,8.644536652835377e-05,8.644536652835377e-05,0.0009508990318118899,0.0,0.000259380944146681
2016-09-14,Wednesday,0.0002591568762957408,0.0002591568762957408,0.0007774706288873825,8.638562543183959e-05,0.0003455723542116207
2016-09-15,Thursday,-0.0009482758620689147,0.0009482758620689147,0.003362068965517246,0.0,0.0007759958613554607
2016-09-16,Friday,0.0007689678742308637,0.0007689678742308637,0.0019651401230347722,8.544087491457741e-05,0.0009400102546572864
2016-09-19,Monday,-0.000849112677252184,0.000849112677252184,0.0011887577481531847,0.0005943788740765399,0.0002548853016143271
2016-09-20,Tuesday,-0.0012787723785165905,0.0012787723785165905,0.0016197783461210378,0.0009377664109121442,0.00017069215669540672
2016-09-22,Thursday,0.0006738544474393926,0.0006738544474393926,0.000758086253369301,0.0005053908355794334,0.00016837851490136835
2016-09-28,Wednesday,-0.0007589172780166908,0.0007589172780166908,0.0009275655620204017,0.0007589172780166908,0.0
2016-09-30,Friday,0.0002540005080009511,0.0002540005080009511,0.0009313351960037206,0.0,0.0002540005080009511
2016-10-03,Monday,-0.0015174506828529166,0.0015174506828529166,0.002360478839993265,0.0008430281571403242,0.0013490725126474867
2016-10-07,Friday,0.001685630004214067,0.001685630004214067,0.0052254530130636705,0.0005899705014749124,0.0007578309195013233
2016-10-10,Monday,0.0005884330867518273,0.0005884330867518273,0.00100874243443178,0.0005043712172159154,0.00016805310478118507
2016-10-12,Wednesday,0.0014490282986703296,0.0014490282986703296,0.0022161609273781547,0.00017047391749058782,0.0007666098807495025
2016-10-13,Thursday,-8.574858514842632e-05,8.574858514842632e-05,0.0015434745326701475,0.0005144915108901138,0.000514800514800573
2016-10-14,Friday,0.0004259306584888378,0.0004259306584888378,0.0011926058437686394,0.0005963029218842841,0.0003404834865509132
2016-10-17,Monday,0.0005983928876729383,0.0005983928876729383,0.0016242092665412697,0.0002564540947170846,0.001111871365035988
2016-10-18,Tuesday,0.0015259409969481386,0.0015259409969481386,0.002034587995930901,0.0018650389962699965,0.0002538715410003167
2016-10-19,Wednesday,0.00042470058608667927,0.00042470058608667927,0.0013590418754777591,0.00016988023443476052,0.00016983695652172948
2016-10-20,Thursday,-0.000848896434634927,0.000848896434634927,0.0019524617996604752,0.001612903225806428,0.00093545369504211
2016-10-21,Friday,-0.0005933711960667276,0.0005933711960667276,0.0010172077646859756,0.0,0.0005933711960667276
2016-10-24,Monday,0.0007573844988639777,0.0007573844988639777,0.0007573844988639519,0.00033661533282836054,0.00025233409033553755
2016-10-26,Wednesday,-0.0003372396931119459,0.0003372396931119459,0.0006744793862238639,0.00025292976983393167,0.0005900202292650203
2016-10-27,Thursday,0.001009591115598285,0.001009591115598285,0.0011778563015312179,0.00025239777889951576,0.0006728343145501192
2016-10-28,Friday,0.0,0.0,0.002808510638297858,0.0006808510638297571,0.0006813149378299688
2016-10-31,Monday,0.0007656316461079893,0.0007656316461079893,0.0013611229264142628,0.0011909825606124524,0.0003399048266485849
2016-11-02,Wednesday,0.00017236921485808132,0.00017236921485808132,0.0012927691114366239,0.00043092303714553637,0.0008624407072013174
2016-11-03,Thursday,0.0002605750021713593,0.0002605750021713593,0.001563450013028686,0.0004342916702857469,0.0008691117677732674
2016-11-04,Friday,0.0009646584232219091,0.0009646584232219091,0.002806279049372912,0.000175392440585731,0.0007891275756246596
2016-11-07,Monday,-8.664009703696074e-05,8.664009703696074e-05,0.0006931207762952546,0.0002599202911106602,0.00034647033347778855
2016-11-08,Tuesday,-0.0002579535683576717,0.0002579535683576717,0.0007738607050731162,0.0002579535683577827,0.0004298486932599044
2016-11-09,Wednesday,0.0031369815266644174,0.0031369815266644174,0.0036598117811084147,0.0,0.0028748148793449335
2016-11-10,Thursday,-0.000591416018925206,0.000591416018925206,0.0019432240621830835,0.0012673200405542984,0.0009307835505161233
2016-11-11,Friday,0.0019152084965612381,0.0019152084965612381,0.003221032471489549,0.0014799338382518457,0.00034767492394616184
2016-11-14,Monday,0.0019024558976132866,0.0019024558976132866,0.0035454859910066653,0.001210653753026536,0.0006909656244602491
2016-11-15,Tuesday,0.001823233200208385,0.001823233200208385,0.003038722000347233,0.0009550269143947521,0.0012147505422992477
2016-11-16,Wednesday,-0.0009498316207581237,0.0009498316207581237,0.0026767982039546502,0.0012952249373974212,0.0019839558354179943
2016-11-17,Thursday,0.00068493150684934,0.00068493150684934,0.0016267123287671038,0.0001712328767122795,0.0008563110121595496
2016-11-21,Monday,0.0,0.0,0.000764850854083362,0.000339933712925955,0.00033981819726436324
2016-11-22,Tuesday,-0.00042052144659388,0.00042052144659388,0.00109335576114378,0.00016820857863741878,0.00042052144659388
2016-11-23,Wednesday,-0.0015990573977444633,0.0015990573977444633,0.0015990573977444685,0.0010099309880490237,0.0005897219882056159
2016-11-28,Monday,0.0004215496163897381,0.0004215496163897381,0.0004215496163898251,0.0004215496163897381,8.428150021067005e-05
2016-11-29,Tuesday,-0.0014314584035028943,0.0014314584035028943,0.001684068710003392,0.001599865274503287,0.00025303643724705616
2016-11-30,Wednesday,0.00033627574611183597,0.00033627574611183597,0.0004203446826397407,0.0,0.00033627574611183597
2016-12-01,Thursday,0.0013628620102215105,0.0013628620102215105,0.0017887563884156196,0.0007666098807495025,0.0006809669731018264
2016-12-02,Friday,0.0018222839291912596,0.0018222839291912596,0.0028635890315862403,0.0008677542519959225,0.001300954032957602
2016-12-05,Monday,0.0003444415740980755,0.0003444415740980755,0.0010333247222940201,0.00025833118057350113,0.00017213185299935763
2016-12-06,Tuesday,-0.00042749658002738666,0.00042749658002738666,0.0009404924760601867,0.0001709986320110879,0.00042749658002738666
2016-12-07,Wednesday,-0.0002572016460905546,0.0002572016460905546,0.000685871056241412,0.00017146776406029574,0.0
2016-12-08,Thursday,0.0002536139994926412,0.0002536139994926412,0.0024516019950967284,0.0010989939978018892,8.450942280069373e-05
2016-12-09,Friday,0.0014297729184187258,0.0014297729184187258,0.001429772918418734,0.000841042893187538,0.0005882352941175562
2016-12-12,Monday,-0.0001679684219366706,0.0001679684219366706,0.0004199210548416659,0.0004199210548416765,8.399126490854503e-05
2016-12-13,Tuesday,-0.000251340482573692,0.000251340482573692,0.0006702412868632565,0.00033512064343166337,0.000335317293989279
2016-12-14,Wednesday,0.00024885939444208027,0.00024885939444208027,0.0009954375777685984,0.000580671920364928,0.0008300132802123716
2016-12-15,Thursday,0.00149787800615786,0.00149787800615786,0.0014978780061578813,0.0006657235582923082,0.0008316008316007206
2016-12-20,Tuesday,0.0004152134196977464,0.0004152134196977464,0.0006643414715163452,0.0004982561036372957,8.300132802130378e-05
2016-12-22,Thursday,-0.000746764022568791,0.000746764022568791,0.0009127115831397231,0.0006637902422834685,0.0001660991611993623
2016-12-28,Wednesday,-0.0004952129415648487,0.0004952129415648487,0.0013205678441729663,8.25354902607156e-05,0.0001651254953766168
2016-12-29,Thursday,0.0004169794012176542,0.0004169794012176542,0.0007505629221915537,8.339588024353084e-05,0.0002501459184522936
2017-01-03,Tuesday,0.00033512064343166337,0.00033512064343166337,0.007791554959785461,0.007372654155495928,0.0007543374402816383
2017-01-04,Wednesday,-0.0005844535359438296,0.0005844535359438296,0.0006679468982215772,0.00016698672455539576,0.00041753653444676075
2017-01-06,Friday,0.0012404895798874271,0.0012404895798874271,0.0014885874958649736,0.0004961958319549264,0.0
2017-01-12,Thursday,0.0,0.0,0.0005710090545722114,0.00032629088832680786,0.0004076973255054961
2017-01-17,Tuesday,0.0008954008954009662,0.0008954008954009662,0.0016280016280016511,0.0,0.0010583733615565638
2017-01-18,Wednesday,-0.00048736901957602274,0.00048736901957602274,0.0006498253594346381,0.000649825359434586,8.127438231464446e-05
2017-01-19,Thursday,0.000812677773262882,0.000812677773262882,0.0009752133279155185,0.000812677773262882,0.0
2017-01-20,Friday,-0.00024303305249517848,0.00024303305249517848,0.0006480881399870245,0.0003240440699936453,0.000324017820980238
2017-01-23,Monday,0.000569059426062779,0.000569059426062779,0.0008129420372326991,0.00016258840744654002,0.0004877255730775243
2017-01-25,Wednesday,0.00040070524122448603,0.00040070524122448603,0.005529732328898844,0.0007212694342042525,0.00024026910139351987
2017-01-26,Thursday,7.96305144130649e-05,7.96305144130649e-05,0.0006370441153049713,0.0001592610288261298,7.96178343948073e-05
2017-01-27,Friday,0.00031831927423220385,0.00031831927423220385,0.0007162183670221503,7.957981855799545e-05,0.00047755491881562584
2017-01-30,Monday,0.0008780332056192997,0.0008780332056192997,0.0010376756066410877,0.00039910600255432804,0.0003989149513323742
2017-01-31,Tuesday,-0.00024075114356791882,0.00024075114356791882,0.0014445068614076465,0.0008025038118930627,0.0005622038390489248
2017-02-01,Wednesday,-7.97702616465168e-05,7.97702616465168e-05,0.00662093171665613,0.00015954052329281154,0.0003987240829347316
2017-02-02,Thursday,0.0002397123451858274,0.0002397123451858274,0.0007191370355573584,0.0,7.98913477670915e-05
2017-02-03,Friday,0.002476829658037749,0.002476829658037749,0.002876318312559919,0.001837647810802201,0.0006380094106388512
2017-02-06,Monday,0.00023929169657810334,0.00023929169657810334,0.0009571667863125512,7.976389885921975e-05,7.975117632996742e-05
2017-02-07,Tuesday,-7.936507936512349e-05,7.936507936512349e-05,0.00015873015873012715,7.936507936512349e-05,0.0
2017-02-09,Thursday,-0.00031590586005370014,0.00031590586005370014,0.001026694045174502,0.0002369293950402751,7.899518129395044e-05
2017-02-10,Friday,0.0,0.0,0.00031444068862504553,7.861017215637922e-05,0.0
2017-02-15,Wednesday,-0.0007003891050584299,0.0007003891050584299,0.0014007782101165633,0.000622568093385345,0.00015572685509623874
2017-02-16,Thursday,0.0003866079022654123,0.0003866079022654123,0.0006185726436249323,7.732158045303805e-05,0.00015460729746430424
2017-02-17,Friday,0.0010081426909656077,0.0010081426909656077,0.0011632415664986871,0.0006979449398991644,0.00023246803564513918
2017-02-21,Tuesday,7.688167909591925e-05,7.688167909591925e-05,0.0003844083954794447,0.0001537633581918385,7.688167909591925e-05
2017-02-24,Friday,-0.00015471493772734046,0.00015471493772734046,0.0007735746886361438,7.73574688635037e-05,0.00030938200943608773
2017-02-27,Monday,0.0,0.0,0.0006154319563044273,0.00023078698361422845,0.0005382131324004336
2017-03-01,Wednesday,-0.0006876002750398902,0.0006876002750398902,0.0012988005195201124,0.0010696004278401006,0.0003824091778203975
2017-03-02,Thursday,0.0004564473183719109,0.0004564473183719109,0.0006085964244961012,0.0005325218714342661,7.603406326051054e-05
2017-03-03,Friday,0.0008425890463423791,0.0008425890463423791,0.0009191880505553775,7.659900421308485e-05,0.0007659313725489891
2017-03-06,Monday,0.0,0.0,0.0004591368227732038,0.00022956841138654926,0.00045934772622868714
2017-03-08,Wednesday,0.0013042811109404973,0.0013042811109404973,0.001534448365812403,0.0009973914377781057,0.00038325923654736194
2017-03-09,Thursday,0.0009181331293037776,0.0009181331293037776,0.000918133129303784,0.0006120887528693331,0.00045885591924132996
2017-03-10,Friday,0.0003805754300503228,0.0003805754300503228,0.0015223017202010737,0.00015223017201992928,0.0006090597639893947
2017-03-17,Friday,0.00045471769609695123,0.00045471769609695123,0.000757862826828301,7.57862826827882e-05,0.00022730716775276605
2017-03-22,Wednesday,-0.00015400015400024447,0.00015400015400024447,0.00023100023100023975,0.0,0.00015400015400024447
2017-03-24,Friday,-0.00022958597994948704,0.00022958597994948704,0.0005357006198820937,7.652865998308833e-05,7.654037504800648e-05
2017-03-27,Monday,0.0005389175456156359,0.0005389175456156359,0.0009238586496266423,0.00030795288320906167,0.00038488184127483116
2017-03-28,Tuesday,-7.646429117591502e-05,7.646429117591502e-05,0.0004587857470561422,0.0,0.00015291688967034034
2017-03-29,Wednesday,0.0,0.0,0.00037962189659108167,7.592437931802642e-05,7.591861524436361e-05
2017-03-30,Thursday,-7.562580352404868e-05,7.562580352404868e-05,0.00037812901762089823,0.00015125160704831941,7.562580352404868e-05
2017-03-31,Friday,7.558578987154618e-05,7.558578987154618e-05,0.0006046863189721277,0.0005291005291003792,0.00022668883179688404
2017-04-04,Tuesday,0.0003035592319950986,0.0003035592319950986,0.0008347878879867469,0.0004553388479927589,0.0008352315869402105
2017-04-05,Wednesday,-0.0001508181886736848,0.0001508181886736848,0.001131136415051698,0.000678681849030971,0.0006037280205268836
2017-04-06,Thursday,0.0003029155622868984,0.0003029155622868984,0.0006058311245739044,0.00015145778114356023,0.0004544421722336711
2017-04-07,Friday,-0.0003789601333940018,0.0003789601333940018,0.0023495528270426123,0.0016674245869334747,0.0013666388277273622
2017-04-10,Monday,-0.0006055559760805851,0.0006055559760805851,0.0006055559760806336,0.00015138899402022954,0.00037855844942469297
2017-04-17,Monday,0.0005353319057816996,0.0005353319057816996,0.0006118078923219066,7.647598654036969e-05,0.00045882083046566713
2017-04-18,Tuesday,0.00022879804758990652,0.00022879804758990652,0.0009151921903597935,0.0003050640634533197,0.0003050873312484548
2017-04-19,Wednesday,-7.583801001076473e-05,7.583801001076473e-05,0.00037919005005295723,7.583801001076473e-05,0.0
2017-04-20,Thursday,0.0,0.0,0.0008334596150932994,0.00030307622367042875,7.576331540282144e-05
2017-04-21,Friday,-0.00022597167821636344,0.00022597167821636344,0.00037661946369396936,0.0001506477854774646,7.533524182623541e-05
2017-04-24,Monday,-0.0005965697240863932,0.0005965697240863932,0.0009694258016405329,0.0002982848620431966,0.0007456009543691522
2017-04-25,Tuesday,0.0,0.0,0.0005202526941658982,0.0005202526941658903,0.0005205234979179796
2017-04-26,Wednesday,0.0004438198091574197,0.0004438198091574197,0.0004438198091574989,0.00022190990457882087,0.00022186067149831956
2017-04-28,Friday,-0.0002936857562407802,0.0002936857562407802,0.0008076358296621529,0.0005873715124815604,7.34484024971227e-05
2017-05-01,Monday,0.00029323363389766044,0.00029323363389766044,0.0006597756762700932,0.00014661681694905226,7.329228965113899e-05
2017-05-02,Tuesday,0.00043680838672077726,0.00043680838672077726,0.0005096097845078128,0.00021840419336038863,0.0002911631969717554
2017-05-03,Wednesday,0.0007293946024800047,0.0007293946024800047,0.0007293946024799002,0.00029175784099200186,0.00043750911477324905
2017-05-04,Thursday,-0.001675529977416934,0.001675529977416934,0.0016755299774169022,0.0005099439061704292,0.0011661807580174433
2017-05-05,Friday,0.0007287567409997031,0.0007287567409997031,0.0016761405042995902,0.0012388864596997173,0.0006549741649080065
2017-05-11,Thursday,0.0007976216372997946,0.0007976216372997946,0.00116017692698134,0.0007976216372997946,0.0
2017-05-12,Friday,0.0010133178922988595,0.0010133178922988595,0.0014475969889983864,0.0002895193977996424,0.0003616636528029904
2017-05-17,Wednesday,-0.0008646779074794608,0.0008646779074794608,0.0012249603689293551,0.00014411298457994715,0.0008646779074794608
2017-05-18,Thursday,0.00022083179977916423,0.00022083179977916423,0.0010305483989695604,0.0005152741994847165,0.00014716703458428348
2017-05-19,Friday,-0.0002176910238734786,0.0002176910238734786,0.0006530730716203716,0.0002176910238734786,0.00014513788098702296
2017-05-22,Monday,0.0006524102935847598,0.0006524102935847598,0.0008698803914462092,0.00014498006524088503,0.0006524102935847598
2017-05-23,Tuesday,-0.0005022241354569745,0.0005022241354569745,0.0006457167455876267,7.17463050652345e-05,0.0006456241032999355
2017-05-25,Thursday,0.0007130124777183777,0.0007130124777183777,0.0009982174688056068,0.00042780748663107104,0.0001425212000283338
2017-05-26,Friday,0.00028390943289102744,0.00028390943289102744,0.00042586414933637787,0.00035488679111361776,7.09521782318312e-05
2017-05-30,Tuesday,0.000779699461298522,0.000779699461298522,0.0008505812305075457,0.0002835270768357656,0.0004960317460316332
2017-05-31,Wednesday,-0.0002114761032003809,0.0002114761032003809,0.0004229522064006927,7.049203440023799e-05,0.00014099400775458015
2017-06-02,Friday,-0.000702099276837731,0.000702099276837731,0.0018956680474619828,0.0006318893491540356,0.0003514197357323834
2017-06-06,Tuesday,0.0005589714924538747,0.0005589714924538747,0.0005589714924537736,0.00027948574622693734,0.0002794076557697256
2017-06-08,Thursday,-0.0002086666202962828,0.0002086666202962828,0.0007651109410865524,0.0002086666202962828,0.0004172461752434131
2017-06-12,Monday,0.001224430999711812,0.001224430999711812,0.0027369634111206816,0.002016709881878409,0.0008625026953209547
2017-06-13,Tuesday,0.0005721642111287117,0.0005721642111287117,0.0010012873694751452,0.0007867257903018121,0.00014293882218396892
2017-06-14,Wednesday,0.0013515436050646201,0.0013515436050646201,0.004339166310997192,0.002560819462227748,0.0012770485987937397
2017-06-15,Thursday,0.002606240498081558,0.002606240498081558,0.0026062404980816164,0.0010859335408672788,0.0015186577957766456
2017-06-16,Friday,-0.0024486856319769768,0.0024486856319769768,0.0025207057976232936,0.0011523226503420414,0.0009376803231390118
2017-06-19,Monday,0.0002870470039468831,0.0002870470039468831,0.0011481880157875608,0.00043057050592032464,0.0004306323117775346
2017-06-20,Tuesday,-0.0012826908002565585,0.0012826908002565585,0.0015677332003135383,0.0005700848001141123,0.0007130124777182667
2017-06-21,Wednesday,7.166403898528628e-05,7.166403898528628e-05,0.0005733123118819873,0.0,7.166403898528628e-05
2017-06-22,Thursday,0.0006391137622496768,0.0006391137622496768,0.0016332907257493126,0.0012782275244993535,0.0006382978723404875
2017-06-26,Monday,-0.00042238648363257525,0.00042238648363257525,0.0006335797254488096,0.00014079549454426576,0.0004927495424468242
2017-06-27,Tuesday,-0.0007856581672736063,0.0007856581672736063,0.0012141989857868433,0.00014284693950417093,0.000500107165821162
2017-06-28,Wednesday,-7.2238676587566e-05,7.2238676587566e-05,0.001444773531748816,7.223867658745498e-05,0.00028889209880123
2017-06-29,Thursday,-0.0020055869923357728,0.0020055869923357728,0.0024353556335506297,0.0011460497099063938,0.0007172057663342724
2017-06-30,Friday,-0.0007991282237560515,0.0007991282237560515,0.002615328732292144,0.001961496549219066,0.0012375336681953453
2017-07-03,Monday,0.002029132545836587,0.002029132545836587,0.0045655482281326465,0.0007971592144357942,0.0011584968503366433
2017-07-05,Wednesday,0.00021981242672919343,0.00021981242672919343,0.002637749120750393,0.0005861664712778492,0.00029293299157828745
2017-07-06,Thursday,0.0011738811445340946,0.0011738811445340946,0.0021276595744680266,0.00022010271460015662,0.0013942907463124765
2017-07-07,Friday,0.001171989452094957,0.001171989452094957,0.004468209786111816,0.0027102256079694076,0.0015340784571552524
2017-07-10,Monday,-0.0015942028985507228,0.0015942028985507228,0.0018840579710144268,0.0008695652173913437,0.0005077983315197043
2017-07-11,Tuesday,0.0001446027040705733,0.0001446027040705733,0.000506109464246932,0.0002892054081411466,0.00014456089627745694
2017-07-12,Wednesday,0.005014326647564626,0.005014326647564626,0.005085959885386877,0.003223495702005863,0.00178507675830053
2017-07-13,Thursday,-0.000992133796329231,0.000992133796329231,0.0016299340939693726,0.0007795336971158084,0.0
2017-07-14,Friday,0.0036106194690264104,0.0036106194690264104,0.003610619469026484,0.0021946902654867984,0.0014835747085832907
2017-07-17,Monday,-0.0005619161340171264,0.0005619161340171264,0.0009131137177775898,0.00021071855025633912,7.027406886872534e-05
2017-07-18,Tuesday,-0.0018983336848764631,0.0018983336848764631,0.00224987695985371,0.0007030865499542127,0.001055520371543217
2017-07-19,Wednesday,-0.00034816516955649135,0.00034816516955649135,0.0006266973052016113,0.0002088991017338282,0.0001393339835586982
2017-07-20,Thursday,-0.0004848316941403752,0.0004848316941403752,0.0015237567530128747,0.0010389250588724863,0.00048530227398768666
2017-07-21,Friday,-0.00048651654156239843,0.00048651654156239843,0.001112037809285492,0.0002085070892410279,0.0006254343293954356
2017-07-24,Monday,-0.0005550544647192623,0.0005550544647192623,0.0007631998889890046,0.00013876361617970456,0.0004163486225799984
2017-07-25,Tuesday,-0.001729385722191501,0.001729385722191501,0.0022482014388490387,0.0009684560044272983,0.0007616673590914447
2017-07-26,Wednesday,0.000690846286701241,0.000690846286701241,0.0008981001727115403,0.00013816925734033703,0.00048349219505450236
2017-07-27,Thursday,-0.0002742919838168989,0.0002742919838168989,0.0010285949393127425,0.00034286497977109587,0.0
2017-07-28,Friday,0.002942412778478287,0.002942412778478287,0.0031525851197981548,0.0011909766008126876,0.0015391073177557502
2017-08-01,Tuesday,0.0005571030640669772,0.0005571030640669772,0.0032033426183844566,6.963788300851093e-05,0.00041776911293700536
2017-08-02,Wednesday,-6.921373200441394e-05,6.921373200441394e-05,0.0009689922480621178,0.0006229235880398365,0.000623355035323403
2017-08-03,Thursday,0.0007633058080631638,0.0007633058080631638,0.001249045867739968,6.939143709661089e-05,0.0005550159567089263
2017-08-04,Friday,-0.0011832672095773988,0.0011832672095773988,0.002644950233173213,0.0012528711630819256,0.00013939224979098164
2017-08-07,Monday,-0.0004864151205614675,0.0004864151205614675,0.00048641512056141466,0.0004169272461955753,6.951685783795902e-05
2017-08-08,Tuesday,-0.0006927606511949458,0.0006927606511949458,0.0009698649116729225,0.0007620367163143626,0.00013866740622625606
2017-08-09,Wednesday,0.0010481447837327185,0.0010481447837327185,0.002236042205296577,0.001327650059394836,0.00020936562216489207
2017-08-10,Thursday,-0.0009061127761901266,0.0009061127761901266,0.0009758137589739065,0.0007667108106222953,0.0005578022590990717
2017-08-11,Friday,0.0026278409090907395,0.0026278409090907395,0.0032670454545455107,0.0009943181818181657,0.0014187415762219047
2017-08-14,Monday,0.00020964360587005793,0.00020964360587005793,0.000768693221523307,0.00034940600978328185,0.0004893051866350362
2017-08-15,Tuesday,-0.0007617201024858744,0.0007617201024858744,0.002077418461325275,0.0009694619486184664,0.00034662045060662727
2017-08-17,Thursday,0.0008357709987460993,0.0008357709987460993,0.0011143613316617674,0.0008357709987460993,6.958458005723589e-05
2017-08-18,Friday,-0.00014094432699096604,0.00014094432699096604,0.0011980267794220402,7.047216349542751e-05,0.0
2017-08-21,Monday,0.0006368976010191485,0.0006368976010191485,0.0006368976010190602,0.0003538320005662676,0.00042450827791151724
2017-08-22,Tuesday,-0.0004226244981334615,0.0004226244981334615,0.0009861238289780572,0.00014087483271119083,0.00028178936245149
2017-08-23,Wednesday,-0.0006305170239596647,0.0006305170239596647,0.0011209191537060149,0.0004904021297464922,0.00014018364056900268
2017-08-24,Thursday,0.00034962590028686513,0.00034962590028686513,0.0005594014404587967,0.00020977554017198585,6.989585517569452e-05
2017-08-25,Friday,0.0007705239562902921,0.0007705239562902921,0.0009806668534604567,0.00021014289717014023,0.0007705239562902921
2017-08-28,Monday,0.001054852320675037,0.001054852320675037,0.0010548523206751455,0.0006329113924050667,0.0003513703443427385
2017-08-29,Tuesday,-0.0003536818278278009,0.0003536818278278009,0.0014147273113106645,0.0006366272900898418,0.00042474869035813434
2017-08-30,Wednesday,-0.002163142837206089,0.002163142837206089,0.0026515944456073927,0.0011164608192031356,0.0009082652134423386
2017-08-31,Thursday,0.00027591915568736525,0.00027591915568736525,0.0004828585224528742,0.0003448989446093176,6.895600606826591e-05
2017-09-01,Friday,-0.0001365560562611723,0.0001365560562611723,0.0036870135190497093,0.00027311211252212253,0.0003413202266366877
2017-09-05,Tuesday,0.0,0.0,0.0010985992859104407,0.0006179620983246537,0.0007547169811321641
2017-09-06,Wednesday,0.00020669698222408606,0.00020669698222408606,0.000688989940746826,0.00034449497037347676,6.888950123995485e-05
2017-09-07,Thursday,0.0008948853858332662,0.0008948853858332662,0.0015144214221793821,0.0,0.0009637890678784178
2017-09-08,Friday,0.0,0.0,0.0005505849965587342,0.0,6.88278615184057e-05
2017-09-11,Monday,0.0006196213425129216,0.0006196213425129216,0.000757314974182538,0.00020654044750423317,0.0004129955947136388
2017-09-12,Tuesday,-0.0011623931623930828,0.0011623931623930828,0.001572649572649697,6.837606837595267e-05,0.001025781303425899
2017-09-14,Thursday,-0.0012331300952250768,0.0012331300952250768,0.0021237240528875954,0.0016441734603001024,0.00034307671195277223
2017-09-15,Friday,-0.00027517886626315935,0.00027517886626315935,0.0006879471656576383,0.0002751788662629373,0.0006189395502372852
2017-09-18,Monday,-0.00047971491228060437,0.00047971491228060437,0.0009594298245615048,0.00013706140350877583,0.0006851661527920161
2017-09-19,Tuesday,-0.00048034035545185816,0.00048034035545185816,0.0005489604062305914,0.0003431002538940575,0.00027453671928612255
2017-09-22,Friday,-6.939625260227178e-05,6.939625260227178e-05,0.000763358778626049,0.0004163775156141858,0.0003471257983893583
2017-09-25,Monday,-0.0018054301784597993,0.0018054301784597993,0.0020137490452053364,0.0016665509339628404,0.00013911108019759588
2017-09-26,Tuesday,0.0017450788775652537,0.0017450788775652537,0.001745078877565266,0.0010470473265391522,0.0007670850767083071
2017-09-27,Wednesday,0.0002783964365256075,0.0002783964365256075,0.0007655902004453314,0.0,0.00020878279629754637
2017-09-28,Thursday,0.0006944926731022871,0.0006944926731022871,0.0007639419404126234,0.0004166956038613723,0.00027768136063865967
2017-09-29,Friday,-0.00041476565740361515,0.00041476565740361515,0.0005530208765379793,0.0004838932669707363,6.916107614629574e-05
2017-10-02,Monday,-0.000548772122376251,0.000548772122376251,0.0015777198518316517,0.00020578954589112186,0.0003430531732419029
2017-10-03,Tuesday,0.00027459325873557816,0.00027459325873557816,0.0006178348321548941,0.00013729662936767806,0.0004806371875860638
2017-10-04,Wednesday,0.0003434537711222152,0.0003434537711222152,0.0005495260337959369,0.00020607226267355117,0.0003434537711222152
2017-10-05,Thursday,-0.0004774246351111344,0.0004774246351111344,0.0007502387123174548,0.0004092211158095438,0.00020466639377814122
2017-10-06,Friday,-0.0028482300284824458,0.0028482300284824458,0.003119490031194954,0.0015597450155975245,0.0012904978604904027
2017-10-11,Wednesday,0.0002713336046671344,0.0002713336046671344,0.0006105006105006337,0.00020350020350023978,0.00047493045661184397
2017-10-12,Thursday,-0.000811468758452838,0.000811468758452838,0.0008790911549905021,0.0006762239653772539,6.768189509309686e-05
2017-10-13,Friday,0.001147640585971832,0.001147640585971832,0.0018227232836023103,0.0008776075069196754,0.000134879956838585
2017-10-17,Tuesday,0.0004031445273129375,0.0004031445273129375,0.0007390983000738105,6.719075455230428e-05,0.0002687269062815467
2017-10-18,Wednesday,-6.703760809811943e-05,6.703760809811943e-05,0.0008714889052758294,0.0002011128242944693,0.00026824034334760327
2017-10-19,Thursday,0.0012169562571835435,0.0012169562571835435,0.0064228246906904,0.00033804340477328054,0.000675721332522361
2017-10-20,Friday,0.00020177562550438566,0.00020177562550438566,0.0006725854183480919,0.00047080979284364055,0.00033611185802628896
2017-10-23,Monday,0.0003355704697987072,0.0003355704697987072,0.0022818791946308953,0.0,0.00026843835984169395
2017-10-24,Tuesday,0.0007436954905011284,0.0007436954905011284,0.0011493475762288953,0.0006084781285917717,0.00033790633236474577
2017-10-26,Thursday,-0.0010839374026151427,0.0010839374026151427,0.0016259061039225599,0.00027098435065386894,0.000813173409229595
2017-10-27,Friday,0.0017432115320146213,0.0017432115320146213,0.002078444518940679,0.001273885350318471,0.0004017408771341824
2017-10-30,Monday,0.00033066596124586844,0.00033066596124586844,0.0008597314992394382,0.00033066596124586844,6.611570247927467e-05
2017-10-31,Tuesday,-6.575054244195577e-05,6.575054244195577e-05,0.0003287527122099505,6.575054244195577e-05,0.0
2017-11-01,Wednesday,-0.00039261876717711086,0.00039261876717711086,0.0006543646119617479,0.00039261876717711086,0.00019634792852940564
2017-11-02,Thursday,0.0009213557091150015,0.0009213557091150015,0.0012504113195129828,0.00032905561039831,0.0005921052631578938
2017-11-03,Friday,0.000787246604998959,0.000787246604998959,0.0021649281637471894,0.0008528504887488353,0.0
2017-11-07,Tuesday,0.0002602472348731677,0.0002602472348731677,0.0005204944697463404,0.0002602472348731677,6.504911207971809e-05
2017-11-08,Wednesday,0.00013001365143328059,0.00013001365143328059,0.0005200546057334986,0.0002600273028667832,0.0001949571094359559
2017-11-09,Thursday,0.0,0.0,0.00835073068893529,0.0005871607515657296,0.0005216484089723972
2017-11-10,Friday,0.00013034410844636746,0.00013034410844636746,0.000912408759124184,0.00013034410844636746,0.0
2017-11-13,Monday,-0.0006528693608408576,0.0006528693608408576,0.001044590977345411,0.0005222954886726638,0.0
2017-11-14,Tuesday,-0.001691607026675257,0.001691607026675257,0.001886792452830137,0.00013012361743647283,0.0016266510508166077
2017-11-15,Wednesday,-0.0005233547036505026,0.0005233547036505026,0.0017663221248199776,0.0005887740416067322,0.0001309243257396897
2017-11-16,Thursday,0.0002608752364181566,0.0002608752364181566,0.0010435009456727098,0.0002608752364182676,0.0004566210045662267
2017-11-17,Friday,-0.0005431830526887449,0.0005431830526887449,0.0012544941931146168,0.0004138537544294829,0.00012941633234131444
2017-11-20,Monday,0.00038968630252655956,0.00038968630252655956,0.0007793726050529619,0.00019484315126327978,0.0
2017-11-21,Tuesday,0.0004528692501779563,0.0004528692501779563,0.000646956071682696,0.0004528692501779563,6.466214031697337e-05
2017-11-22,Wednesday,-0.000321254176304131,0.000321254176304131,0.0007710100231303299,6.425083526107045e-05,0.00019277727798483468
2017-11-24,Friday,-0.00032059502436532217,0.00032059502436532217,0.00038471402923828077,0.00025647601949230214,0.00019238168526358734
2017-11-28,Tuesday,0.0,0.0,0.0005112474437628611,0.00031952965235160224,6.391001469929769e-05
2017-11-29,Wednesday,-0.00012781186094057428,0.00012781186094057428,0.00108640081799583,0.0005751533742331949,0.0005115743701240572
2017-11-30,Thursday,-0.00012964283399241605,0.00012964283399241605,0.0008426784209504366,0.00045374991897340067,0.0003242542153047978
2017-12-01,Friday,-0.0010345273503168384,0.0010345273503168384,0.002263028578818016,0.0007112375533426807,0.0003235198964737229
2017-12-04,Monday,6.437077566801008e-05,6.437077566801008e-05,0.0007080785323462196,0.00045059542967496036,0.0005146680391147074
2017-12-05,Tuesday,-0.0007849293563579884,0.0007849293563579884,0.0014390371533228603,0.0005232862375718073,0.0006541933795631838
2017-12-06,Wednesday,0.0009843165562044565,0.0009843165562044565,0.00111555876369851,0.0007218321412167938,0.00026229508196706774
2017-12-07,Thursday,-0.0012996296055622913,0.0012996296055622913,0.0015595555266747722,0.0009747222041717185,0.0004552549427678798
2017-12-08,Friday,0.0016786106268966705,0.0016786106268966705,0.002324230098779684,0.001807734521273252,0.00025774856627358567
2017-12-11,Monday,0.0010996119016819517,0.0010996119016819517,0.001358344113842041,0.0005174644243208792,0.0007112375533429027
2017-12-12,Tuesday,-6.412311638337442e-05,6.412311638337442e-05,0.001025969862135278,0.0007053542802178958,0.0006416837782341478
2017-12-13,Wednesday,0.002053388090349051,0.002053388090349051,0.002823408624229965,0.001732546201232088,0.00044845922224356904
2017-12-14,Thursday,0.0008325328210054828,0.0008325328210054828,0.0010886967659301152,6.404098623113974e-05,0.0007684426229508379
2017-12-15,Friday,-0.0001279590531030328,0.0001279590531030328,0.003071017274472285,0.00019193857965449368,6.399180904836932e-05
2017-12-18,Monday,-0.00044189129474148103,0.00044189129474148103,0.0010100372451233924,0.00037876396692126946,6.315922440469635e-05
2017-12-19,Tuesday,-0.0008829465186681595,0.0008829465186681595,0.0009460141271443346,0.00018920282542889133,0.0007569067743156133
2017-12-20,Wednesday,-0.00012622278321228197,0.00012622278321228197,0.00025244556642468945,0.00025244556642467497,6.312334301239453e-05
2017-12-21,Thursday,0.0006342360626627741,0.0006342360626627741,0.000887930487727626,0.0003805416375974868,0.00038044512079138393
2017-12-26,Tuesday,0.0010234105155431106,0.0010234105155431106,0.0014071894588716825,0.000895484201099972,0.0001278118609406853
2017-12-27,Wednesday,0.00019144862795150708,0.00019144862795150708,0.0007019783024887379,0.00019144862795150708,6.38080653394546e-05
2017-12-28,Thursday,0.00019097332739193007,0.00019097332739193007,0.0006365777579731002,0.00012731555159473107,0.00019097332739193007
2017-12-29,Friday,-0.0010185244127569604,0.0010185244127569604,0.0010821821885544332,0.0005729199821757902,0.0003821899484043323
2018-01-02,Tuesday,-0.0006393861892582953,0.0006393861892582953,0.004347826086956565,0.0002557544757032515,0.00031979533098802637
2018-01-03,Wednesday,-0.00037845338715780663,0.00037845338715780663,0.0005676800807367441,0.00012615112905267623,0.0005675726808349602
2018-01-04,Thursday,-0.0004354316994277241,0.0004354316994277241,0.0008086588703657344,0.00012440905697919113,0.000621929224454254
2018-01-05,Friday,-0.0001241002730206775,0.0001241002730206775,0.001861504095308904,0.0009307520476544706,0.0009919404835710965
2018-01-08,Monday,0.0004946515797936701,0.0004946515797936701,0.0008038088171645575,0.0005564830272677401,0.00012358647963917058
2018-01-09,Tuesday,0.0003069744597250512,0.0003069744597250512,0.0006139489194498668,0.0003069744597250512,0.0
2018-01-10,Wednesday,-0.0003709657474959549,0.0003709657474959549,0.0012983801162359833,0.00024731049833082164,0.000185517284026937
2018-01-11,Thursday,-0.0007993605115906854,0.0007993605115906854,0.0011682961323248953,0.0004919141609788236,6.153467478919872e-05
2018-01-12,Friday,-0.004396141164977441,0.004396141164977441,0.004884601294419412,0.0036634509708144414,0.0009802720254870056
2018-01-16,Tuesday,-0.0004828876682561045,0.0004828876682561045,0.0009657753365123233,0.00042252670972409145,0.00018120318917613787
2018-01-17,Wednesday,0.0015167141903780212,0.0015167141903780212,0.0017593884608383913,0.0007886913789965089,0.0007274490785644794
2018-01-18,Thursday,-0.00036275695284160303,0.00036275695284160303,0.0016928657799274555,0.0,0.00036275695284160303
2018-01-19,Friday,0.0005422340040968088,0.0005422340040968088,0.0015062055669357755,0.00012049644535494508,0.0006025185274447509
2018-01-22,Monday,-0.001021327726043797,0.001021327726043797,0.0012015620306397635,0.0005407029137878272,0.0003607069856920164
2018-01-23,Tuesday,-0.001245847176079784,0.001245847176079784,0.001601803512102576,5.932605600378338e-05,0.0010087823403751583
2018-01-24,Wednesday,0.0007659674758424551,0.0007659674758424551,0.0015908555267498338,0.0008838086259721489,0.000176595243701394
2018-01-25,Thursday,0.0011797322007902622,0.0011797322007902622,0.00855305845573065,0.00011797322007911504,0.0009435631302707748
2018-01-26,Friday,0.00011811953697149491,0.00011811953697149491,0.0016536735175998179,0.0004724781478857576,0.00023615539024668397
2018-01-29,Monday,-0.0004692082111438234,0.0004692082111438234,0.001173020527859171,0.00017595307917894765,0.0006450477921774445
2018-01-30,Tuesday,-0.001833343190017156,0.001833343190017156,0.0023656041161510275,0.00023656041161501662,0.0018923713778828954
2018-01-31,Wednesday,0.00035385704175516786,0.00035385704175516786,0.0013564519933946082,0.00041283321538099216,0.00017683465959328348
2018-02-01,Thursday,-0.003378178154447853,0.003378178154447853,0.005096900373377667,0.0013631245184614338,0.0018993352326684976
2018-02-02,Friday,0.00023934897079946893,0.00023934897079946893,0.005205840114887533,0.001316419339396857,0.0013143744772373678
2018-02-05,Monday,0.001284875183553691,0.001284875183553691,0.002569750367107119,0.001468428781204123,0.0003665017408832627
2018-02-06,Tuesday,0.00965872504829357,0.00965872504829357,0.01262073406310372,0.003219575016097931,0.006095604748155292
2018-02-07,Wednesday,0.0009910802775023875,0.0009910802775023875,0.0023538156590683563,0.0009910802775023875,0.00018567803428859442
2018-02-08,Thursday,-0.0016149068322980353,0.0016149068322980353,0.0032919254658385164,0.0010559006211179334,0.0008702138239681245
2018-02-09,Friday,0.0033619965086959525,0.0033619965086959525,0.005689532553177704,0.00025861511605373977,0.0031674208144796268
2018-02-12,Monday,-0.0024685106652320155,0.0024685106652320155,0.013418570795620003,0.0006962465978860299,0.0017734988598936408
2018-02-13,Tuesday,-0.0027161897542796742,0.0027161897542796742,0.003347861790158557,0.0002526688143515976,0.002905140836175324
2018-02-14,Wednesday,-0.009860825063970458,0.009860825063970458,0.028895962054546562,0.013106159895150737,0.0032884335673180054
2018-02-15,Thursday,0.0017737003058102552,0.0017737003058102552,0.003486238532110224,0.002324159021406702,0.0009149688910576881
2018-02-16,Friday,-0.0018078823671207056,0.0018078823671207056,0.0028323490418223386,0.0014463058936965423,0.00030176836260498163
2018-02-20,Tuesday,0.0004870624048707306,0.0004870624048707306,0.0014611872146119275,0.001035007610350025,0.0005473786643959144
2018-02-21,Wednesday,0.00012056181807218458,0.00012056181807218458,0.00452106817770812,0.00030140454518057247,0.0003012774162449716
2018-02-22,Thursday,0.0024230676035859045,0.0024230676035859045,0.002786527744124109,0.0013326871819723252,0.0010889292196005762
2018-02-23,Friday,-0.00120264582080587,0.00120264582080587,0.0012627781118461092,0.0006614552014432284,0.0006618133686301375
2018-02-26,Monday,0.00017763041032625715,0.00017763041032625715,0.0010065723251821655,0.0007697317780805957,0.00047337278106518443
2018-02-27,Tuesday,0.000645956897058042,0.000645956897058042,0.0026425509425097695,0.0007046802513359651,0.0011162681393572793
2018-02-28,Wednesday,0.0005918910920392761,0.0005918910920392761,0.0014797277300976621,0.0006510802012431594,0.0
2018-03-01,Thursday,0.0037125748502995215,0.0037125748502995215,0.004251497005987901,0.002514970059880106,0.0011348026040733927
2018-03-02,Friday,0.0020893504578136657,0.0020893504578136657,0.0033183801388803054,0.0014748356172802346,0.0009206972747362041
2018-03-05,Monday,-0.0015684381975026307,0.0015684381975026307,0.0030765518489472817,0.0004825963684623735,0.0010863661053776008
2018-03-06,Tuesday,-0.00047460844803048907,0.00047460844803048907,0.0014831514000949216,0.00023730422401513351,0.0005339028296850179
2018-03-07,Wednesday,-0.0007761194029850538,0.0007761194029850538,0.0016716417910447828,0.00047761194029860565,0.0003583587170757907
2018-03-08,Thursday,-0.0005894488653108709,0.0005894488653108709,0.0010610079575595543,0.0009431181844974379,0.00041268718311515684
2018-03-09,Friday,0.007592701589170137,0.007592701589170137,0.009770453207769255,0.0064743967039435635,0.0009940357852882276
2018-03-12,Monday,-0.0004605111673958717,0.0004605111673958717,0.0009785862307161864,0.00017269168777334087,0.0006330935251799286
2018-03-13,Tuesday,0.0031005971520441378,0.0031005971520441378,0.0044212218649518275,0.0025264124942581123,0.00034356390288592387
2018-03-14,Wednesday,0.0007535358219337152,0.0007535358219337152,0.0021446788778112947,0.0009853929979131149,0.00011582787977060249
2018-03-15,Thursday,0.0014003150708910006,0.0014003150708910006,0.00204212614504927,0.0016920473773267553,0.0001747640685074714
2018-03-16,Friday,0.0006985272716688584,0.0006985272716688584,0.0011642121194480974,0.0011060015134758405,0.00017447946958237814
2018-03-19,Monday,-0.000945514714572715,0.000945514714572715,0.0012409880628767756,0.0005909466966079746,0.0003547776726584573
2018-03-20,Tuesday,-0.00035741943170308765,0.00035741943170308765,0.0008935485792577929,0.0002978495264193137,0.00017880557873395375
2018-03-21,Wednesday,0.00017916865742950705,0.00017916865742950705,0.0013736263736263126,0.0005972288580984308,0.0005376986497789282
2018-03-22,Thursday,-0.0030826885880076427,0.0030826885880076427,0.005621373307543562,0.003868471953578201,0.0007281111583035127
2018-03-23,Friday,-0.0012927054478300004,0.0012927054478300004,0.004370575561711345,0.0008002462296092805,0.002214022140221261
2018-03-26,Monday,-0.00148267127942181,0.00148267127942181,0.0022240069191327215,6.177796997586249e-05,0.0015443538423524084
2018-03-27,Tuesday,-0.0015082956259426794,0.0015082956259426794,0.0019909502262444195,0.00018099547511307712,0.0015082956259426794
2018-03-28,Wednesday,-0.0072782030367674055,0.0072782030367674055,0.0080938637219224,0.003513615259129188,0.0038405842724926753
2018-03-29,Thursday,0.0004420866489831532,0.0004420866489831532,0.0031577617784514338,0.0013894151825186718,0.001135002206948732
2018-04-02,Monday,0.0015098137896325525,0.0015098137896325525,0.007360342224458904,0.0002516356316053514,0.0013208377885400857
2018-04-03,Tuesday,0.0008278145695364003,0.0008278145695364003,0.002228731533367259,0.0001273560876208224,0.0008278145695364003
2018-04-04,Wednesday,0.003500356517793346,0.003500356517793346,0.005444999027678582,0.00239839242885842,0.0010993274702535416
2018-04-05,Thursday,0.000619962802231866,0.000619962802231866,0.0017978921264725383,0.0002479851208927464,0.00018590816136820898
2018-04-06,Friday,0.0009432182607056472,0.0009432182607056472,0.006728290259699385,0.0017606740866502602,0.0007532956685499803
2018-04-09,Monday,-0.00037965072133638866,0.00037965072133638866,0.0015186028853455397,0.0004429258415590276,0.000506136910034205
2018-04-10,Tuesday,0.0008124999999998828,0.0008124999999998828,0.002562499999999979,0.0009375000000000355,6.245316012987168e-05
2018-04-11,Wednesday,-0.00012515644555699534,0.00012515644555699534,0.0021902377972465225,0.000750938673341528,0.0008754377188593399
2018-04-12,Thursday,-6.203473945398663e-05,6.203473945398663e-05,0.0014888337468983196,0.0003722084367245859,0.0004960625038755717
2018-04-13,Friday,0.0006752608962552475,0.0006752608962552475,0.0012277470841006053,0.0009208103130755596,0.0002453235203926374
2018-04-16,Monday,0.0027719600837747826,0.0027719600837747826,0.0027719600837747237,0.0009239866945915942,0.0017846153846152735
2018-04-17,Tuesday,0.0,0.0,0.00103500761035,0.0006088280060883022,0.0006084575600850961
2018-04-18,Wednesday,-0.00030026423252471623,0.00030026423252471623,0.0010208983905838091,0.00018015853951480754,0.00018018018018017834
2018-04-19,Thursday,-0.001626996083157417,0.001626996083157417,0.0019282916541126436,0.00024103645676398777,0.0013261000602772244
2018-04-20,Friday,0.0007293502704674992,0.0007293502704674992,0.002431167568224502,0.0001823375676168748,0.0008510120965292689
2018-04-23,Monday,-0.0004906169508157587,0.0004906169508157587,0.002637066110634164,0.00042928983196355297,0.0009807527277184702
2018-04-24,Tuesday,-0.0008588957055213342,0.0008588957055213342,0.0012883435582822574,0.001042944785276001,0.00012281994595930712
2018-04-25,Wednesday,-6.309546343630235e-05,6.309546343630235e-05,0.0027131049277557373,0.0008202410246702652,0.0010085728693898233
2018-04-26,Thursday,0.0020544107576419,0.0020544107576419,0.002241175371972942,0.00037352922866218385,0.0015555970381433415
2018-04-27,Friday,0.0020070551027855377,0.0020070551027855377,0.002067874954385132,0.0013380367351902844,0.0007896974851171468
2018-04-30,Monday,-0.0011660018410555306,0.0011660018410555306,0.0017796870205585792,0.0011660018410555306,0.0
2018-05-01,Tuesday,0.0003731343283581712,0.0003731343283581712,0.0011815920398009808,0.0006218905472636926,0.0
2018-05-04,Friday,0.0003093102381688251,0.0003093102381688251,0.005381998144138599,0.0008042066192390784,0.000680735194009463
2018-05-07,Monday,0.0009052504526252392,0.0009052504526252392,0.0014484007242002456,6.035003017523799e-05,0.0009052504526252392
2018-05-08,Tuesday,0.0013874645593290325,0.0013874645593290325,0.0013874645593291292,0.0004825963684622625,0.0008440853732061271
2018-05-09,Wednesday,-0.0005422120811816589,0.0005422120811816589,0.0012009126936471037,0.000840638885552969,0.00023856739378658176
2018-05-10,Thursday,0.002081846300261647,0.002081846300261647,0.002795622174637157,0.0016059957173446548,0.00041567695961997053
2018-05-11,Friday,-0.001296634643720207,0.001296634643720207,0.0016502622738256683,0.0009430070136146051,0.0005308481774213281
2018-05-14,Monday,-0.00023551577955716052,0.00023551577955716052,0.0006476683937822964,0.00011775788977863577,5.888934691711256e-05
2018-05-15,Tuesday,-0.005318205991845293,0.005318205991845293,0.009218223719198738,0.0031318324174200995,0.0020749347877637714
2018-05-16,Wednesday,-0.0007742703990469835,0.0007742703990469835,0.0015485407980942187,0.00041691483025607656,0.000238364817352954
2018-05-17,Thursday,-0.0004158498188083781,0.0004158498188083781,0.002554506029822413,0.0011881423394524138,0.0007136909718092888
2018-05-18,Friday,-0.0030967127203429534,0.0030967127203429534,0.003215817055740782,0.0014888041924726592,0.0016103059581319412
2018-05-21,Monday,0.0008894686907021665,0.0008894686907021665,0.0015417457305502307,0.0005929791271348517,0.00029631385563577695
2018-05-22,Tuesday,-0.00023661638568484022,0.00023661638568484022,0.00047323277136949126,0.00017746228926351915,0.0
2018-05-23,Wednesday,0.0001798992564163715,0.0001798992564163715,0.001019429119692897,0.0005996641880547937,0.0003596044351213967
2018-05-24,Thursday,0.0008862629246677578,0.0008862629246677578,0.001240768094534591,0.0009453471196454455,0.0
2018-05-25,Friday,-0.00035391966023712307,0.00035391966023712307,0.001533651861027493,0.00041290627027656956,5.9004012272767525e-05
2018-05-29,Tuesday,0.0013017751479289519,0.0013017751479289519,0.002307692307692227,0.0008284023668638785,0.00225065150438275
2018-05-30,Wednesday,-0.0012365306482954308,0.0012365306482954308,0.0018253547665312503,0.001354295471942657,0.00011789672247097815
2018-05-31,Thursday,-0.0005276735459662785,0.0005276735459662785,0.0010553470919324977,0.0006449343339588465,0.0002345903466072219
2018-06-01,Friday,0.0020512219422141875,0.0020512219422141875,0.005391783390962995,0.00011721268241215999,0.0022274325908557824
2018-06-04,Monday,0.00017321016166271797,0.00017321016166271797,0.0005773672055428565,0.000346420323325658,5.772338951759437e-05
2018-06-05,Tuesday,-5.7319729450999723e-05,5.7319729450999723e-05,0.0008024762123123626,0.0003439183767052212,0.0
2018-06-06,Wednesday,-0.001369394043135852,0.001369394043135852,0.0013693940431358021,0.000513522766176,0.0006851661527919051
2018-06-07,Thursday,-0.00028434940855326385,0.00028434940855326385,0.0008530482256597229,0.00039808917197448057,0.0
2018-06-08,Friday,-0.0006913637149277285,0.0006913637149277285,0.0015555683585873725,0.0004609091432850043,0.0002305608392415559
2018-06-11,Monday,0.00034451079467157086,0.00034451079467157086,0.0008038585209002433,0.00034451079467157086,0.00040195233993678414
2018-06-12,Tuesday,0.0018306636155605016,0.0018306636155605016,0.0018878718535469822,0.0005720823798627261,0.0012006174604082265
2018-06-13,Wednesday,5.683109797671726e-05,5.683109797671726e-05,0.0005114798817913356,0.00017049329393037382,0.0
2018-06-14,Thursday,0.0006239364719227147,0.0006239364719227147,0.0016449234259785618,0.0004537719795800754,0.0005104355716878395
2018-06-15,Friday,-0.001637308039747043,0.001637308039747043,0.0025406504065041613,0.0007339656729900002,0.0008475533958638426
2018-06-18,Monday,0.0006841895204972026,0.0006841895204972026,0.0008552369006215047,0.00022806317349921557,0.0004560223450948975
2018-06-19,Tuesday,0.002011031946678843,0.002011031946678843,0.002528154447253492,0.001723741668582024,0.00011469862935120645
2018-06-20,Wednesday,0.0013589264481059793,0.0013589264481059793,0.00209501160749677,0.0001698658060131919,0.0011321822813472604
2018-06-21,Thursday,-0.0006761325219741821,0.0006761325219741821,0.0014649537976109473,0.001408609420779805,0.0006770480704130222
2018-06-22,Friday,-0.00028344671201818716,0.00028344671201818716,0.0006802721088435632,0.0,0.00022677022506945033
2018-06-25,Monday,-0.0010917030567685337,0.0010917030567685337,0.001436451390484946,0.00040220638933574637,0.000747212323255475
2018-06-26,Tuesday,-0.00011626555051746923,0.00011626555051746923,0.001278921055691192,0.0002906638762933955,0.00046490004649002437
2018-06-27,Wednesday,0.0002903263267914902,0.0002903263267914902,0.003135524329346139,0.0018000232261061733,0.0017962683972650995
2018-06-28,Thursday,-0.00017738883632922864,0.00017738883632922864,0.0024834437086091975,0.0002956480605487144,0.00041380941120827686
2018-06-29,Friday,-0.0006973905968501448,0.0006973905968501448,0.0012204335444877547,0.00023246353228345562,0.0007554625755463729
2018-07-02,Monday,-0.00023492100781119518,0.00023492100781119518,0.00880953779291713,0.0,0.00023492100781119518
2018-07-03,Tuesday,-0.0008055699407329975,0.0008055699407329975,0.0014097473962828963,0.00023016284020938027,0.000575539568345329
2018-07-05,Thursday,-0.0009873388314555198,0.0009873388314555198,0.0016262051341619302,0.0008711813218724718,0.0
2018-07-06,Friday,0.0012721910599664543,0.0012721910599664543,0.004105707511709822,0.0020817671890358547,0.0007502308402584923
2018-07-09,Monday,-0.0002266288951841,0.0002266288951841,0.0007932011331443986,0.00011331444759210552,0.00016998130205680972
2018-07-10,Tuesday,5.636343140591471e-05,5.636343140591471e-05,0.0009018149024912445,0.0005636343140571487,0.00033804721392760584
2018-07-11,Wednesday,-0.0008515469770082884,0.0008515469770082884,0.0034629577065002195,0.0,0.0009082652134423386
2018-07-12,Thursday,0.0007902907140839854,0.0007902907140839854,0.001298334744566854,0.0007902907140839854,5.64015792443584e-05
2018-07-13,Friday,-0.00022297786944636133,0.00022297786944636133,0.0009476559451475329,0.00011148893472312515,0.00022297786944636133
2018-07-16,Monday,-0.0005006397062914392,0.0005006397062914392,0.0013350392167770433,0.0001668799020971834,0.0002781950703832914
2018-07-17,Tuesday,-0.0009563456345633714,0.0009563456345633714,0.0011813681368137263,0.0001125112511249915,0.0006190208216093618
2018-07-18,Wednesday,0.0006111111111111178,0.0006111111111111178,0.001000000000000038,0.0002777777777778212,0.000277685216039103
2018-07-19,Thursday,-0.00044622936189209206,0.00044622936189209206,0.0012829094154396374,0.00039045069165544177,0.0006134627181976215
2018-07-20,Friday,-0.0009479201516673363,0.0009479201516673363,0.002118880339020829,0.0008921601427456238,0.0002789867202321883
2018-07-23,Monday,-0.0005598790661218711,0.0005598790661218711,0.0006718548793460867,0.0006158669727339694,0.0
2018-07-24,Tuesday,-0.0009371554575524632,0.0009371554575524632,0.0009922822491731356,0.0008269018743108925,0.0003309614429919394
2018-07-25,Wednesday,0.001165565854470918,0.001165565854470918,0.0013320752622523679,0.00033301881556302426,0.0006657050926439645
2018-07-26,Thursday,-0.0016074496979102681,0.0016074496979102681,0.0019400254974779353,0.0004988636993514817,0.0011091393078970224
2018-07-27,Friday,0.001602652666482518,0.001602652666482518,0.0033158331030671145,0.0006079027355623268,0.0009388634229856585
2018-07-30,Monday,-0.001125935934245259,0.001125935934245259,0.0014074199178066768,0.0003377807802735777,0.0008446897173105539
2018-07-31,Tuesday,-0.000626245374323986,0.000626245374323986,0.00227725590663254,0.0,0.0006831378799955212
2018-08-01,Wednesday,0.00039617409021452943,0.00039617409021452943,0.001754485256664227,0.00028298149301042574,0.0007360018116966405
2018-08-02,Thursday,0.00022753128555175195,0.00022753128555175195,0.001080773606370863,0.00017064846416392498,0.00017063875774980808
2018-08-03,Friday,-0.0005563591854902405,0.0005563591854902405,0.0033937910314898474,0.0004450873483921036,0.0008898776418243548
2018-08-06,Monday,-0.0008882473768944132,0.0008882473768944132,0.0012768556042858947,0.0008327319158385471,0.0001666666666666483
2018-08-07,Tuesday,0.0003304874690168713,0.0003304874690168713,0.0006609749380336246,0.00011016248967232745,5.5066079295285064e-05
2018-08-08,Wednesday,-0.000606027216131233,0.000606027216131233,0.001212054432262679,0.0006611205994160319,0.0001102657404346008
2018-08-09,Thursday,0.0,0.0,0.0007146391072508134,0.0,5.496921723824322e-05
2018-08-10,Friday,5.529444290863772e-05,5.529444290863772e-05,0.0016588332872546937,0.0006082388719934606,0.000773480662983328
2018-08-13,Monday,-0.0010493179433368471,0.0010493179433368471,0.0014359087645661396,0.00016568178052689397,0.0008837825894829621
2018-08-14,Tuesday,-0.00016559947008165654,0.00016559947008165654,0.0008279973504085101,0.0006623978803268482,0.0007172018095552568
2018-08-15,Wednesday,-0.0016095016095016845,0.0016095016095016845,0.0019425019425019108,0.0011100011100012575,0.0005000555617290514
2018-08-16,Thursday,-0.0011076650420912548,0.0011076650420912548,0.007532122286220722,0.00033229951262736535,0.0006648936170211561
2018-08-17,Friday,0.0008366800535475338,0.0008366800535475338,0.0015060240963855993,5.577867023642824e-05,0.0006692320562156073
2018-08-20,Monday,-0.0006101958173850841,0.0006101958173850841,0.0009985022466300927,0.00027736173517500795,0.0007764836383805651
2018-08-21,Tuesday,-0.00044372954684113175,0.00044372954684113175,0.0008319929003272821,0.0006101281269065284,5.5493895671610005e-05
2018-08-22,Wednesday,0.00038932146829817604,0.00038932146829817604,0.0013348164627362661,5.561735261405687e-05,0.00038932146829817604
2018-08-23,Thursday,-0.0001105399878406077,0.0001105399878406077,0.0007185099209638835,0.0004974299452826791,0.00022115331453531617
2018-08-24,Friday,0.00011030831173131084,0.00011030831173131084,0.0007170040262533532,0.0004963874027907877,0.00033077898450839527
2018-08-27,Monday,5.4510765876258915e-05,5.4510765876258915e-05,0.00032706459525757577,0.00016353229762877675,0.00016355012811430925
2018-08-28,Tuesday,-0.000324605063839023,0.000324605063839023,0.0007038519800908827,0.0001623025319195115,0.000324605063839023
2018-08-29,Wednesday,0.00016241676140982264,0.00016241676140982264,0.0006496670456391345,0.0,0.00010827197921181586
2018-08-30,Thursday,-0.0005896542481909073,0.0005896542481909073,0.0012329134280353244,0.00032162958992221213,0.0009109908365040331
2018-08-31,Friday,-0.0006445029271174851,0.0006445029271174851,0.0008056286588968563,0.0002685428862989614,0.00037606102933274155
2018-09-04,Tuesday,-0.0003222860826125329,0.0003222860826125329,0.003330289520330905,0.0003222860826125329,0.0
2018-09-05,Wednesday,-5.39141686434208e-05,5.39141686434208e-05,0.0008087125296528234,0.0006469700237221598,0.0005934397928355484
2018-09-06,Thursday,5.4418807139855474e-05,5.4418807139855474e-05,0.0013060513713538347,0.0006530256856770444,0.0006534168254832551
2018-09-07,Friday,-0.004575775952367689,0.004575775952367689,0.004575775952367739,0.0031424003528308653,0.0014378940382701044
2018-09-10,Monday,0.00016460905349791055,0.00016460905349791055,0.0009327846364882716,0.0006584362139917532,0.0006038315858813981
2018-09-11,Tuesday,-0.0014892443463873084,0.0014892443463873084,0.002040816326530637,0.0005515719801435504,0.0010484493985211119
2018-09-12,Wednesday,-0.0018012117242509618,0.0018012117242509618,0.0020741225915615713,0.0013645543365536916,0.00038261820169438465
2018-09-13,Thursday,0.0008730288645169004,0.0008730288645169004,0.003928629890325742,0.0014732362088720752,0.0007082152974503542
2018-09-14,Friday,-0.0013512783092806124,0.0013512783092806124,0.0013512783092805795,0.0011350737797956034,0.00016234644731860648
2018-09-17,Monday,0.0005449591280652921,0.0005449591280652921,0.0009809264305177484,0.00016348773841967645,0.000763109124604755
2018-09-18,Tuesday,0.0008807177849949888,0.0008807177849949888,0.0015412561237408552,0.001321076677492261,0.0004947229551449661
2018-09-19,Wednesday,0.0007115079147725911,0.0007115079147725911,0.0013145642767158302,0.0003834145807087852,0.001040490932003868
2018-09-20,Thursday,0.0008703693629983356,0.0008703693629983356,0.0013055540444975285,0.000489582766686425,0.0002718277699249594
2018-09-21,Friday,0.0012977883523495048,0.0012977883523495048,0.001676309955118165,0.0006488941761748634,0.0006484733855713909
2018-09-24,Monday,-0.0007676701211822845,0.0007676701211822845,0.0012063387618577554,0.00010966716016891365,0.0008772410768134176
2018-09-25,Tuesday,-0.0007598371777475244,0.0007598371777475244,0.0013568521031207597,0.0010854816824965585,0.00032599837000812926
2018-09-26,Wednesday,5.418585749117355e-05,5.418585749117355e-05,0.0004334868599296261,0.0001083717149823471,5.417998591317197e-05
2018-09-27,Thursday,0.0009747644319288984,0.0009747644319288984,0.0017870681252029898,0.00027076789775792864,0.0012458696711987738
2018-09-28,Friday,0.000702474873014225,0.000702474873014225,0.0009726575164811781,0.0003242191721604115,0.00027006589607880827
2018-10-01,Monday,-0.00016053082191780366,0.00016053082191780366,0.005886130136986271,0.0003210616438356073,0.00021412129971620786
2018-10-02,Tuesday,-0.0005917796427802324,0.0005917796427802324,0.0007531740908112028,0.000753174090811215,5.383290267024776e-05
2018-10-03,Wednesday,0.0013413456379440802,0.0013413456379440802,0.0013413456379439855,0.001234037986908465,0.0001607717041800516
2018-10-04,Thursday,0.0011896393229871016,0.0011896393229871016,0.002108906072567925,0.0004866706321311476,0.0015687547333116392
2018-10-05,Friday,0.002366017387476438,0.002366017387476438,0.0086387146472983,0.00016507098052165325,0.0022557218309859906
2018-10-08,Monday,-0.0008331019161343933,0.0008331019161343933,0.0013885031935573452,0.0006109414051652662,0.00016673150669710424
2018-10-09,Tuesday,0.0027431002631137513,0.0027431002631137513,0.003190953367295489,0.0007277612942955258,0.0020699300699300593
2018-10-10,Wednesday,-0.0010071056901470588,0.0010071056901470588,0.002014211380294216,0.0007833044256699839,0.00016799193638705745
2018-10-11,Thursday,0.0030554086609084763,0.0030554086609084763,0.006639638051589541,0.0030554086609084763,0.00011717148046175296
2018-10-12,Friday,-0.001498127340824107,0.001498127340824107,0.003975799481417445,0.0010947853644482919,0.00046144084905119787
2018-10-15,Monday,-0.0015503875968992942,0.0015503875968992942,0.0025839793281654724,0.0021246052253804937,0.0007482014388489056
2018-10-16,Tuesday,0.0009214997408282244,0.0009214997408282244,0.001555030812647643,0.0,0.000979149867526674
2018-10-17,Wednesday,0.0007314465762675582,0.0007314465762675582,0.0019130141225454534,0.0004501209700106257,0.0011257458065969672
2018-10-18,Thursday,0.000678656260604038,0.000678656260604038,0.0012442031444406677,0.0006221015722203127,5.651952749663458e-05
2018-10-19,Friday,-0.0002864672854359096,0.0002864672854359096,0.0018333906267903816,0.0008021083992206801,0.0005734273754229857
2018-10-22,Monday,-0.001204957539591489,0.001204957539591489,0.001319715400504876,0.0008033050263943631,0.0006315306005282295
2018-10-23,Tuesday,0.001814882032667997,0.001814882032667997,0.002283238686259673,0.0012879807973771307,0.0003507541213609855
2018-10-24,Wednesday,0.0012114918656975782,0.0012114918656975782,0.002538363909080571,0.0009230414214838056,0.0019050917907863507
2018-10-25,Thursday,-0.003208937485143726,0.003208937485143726,0.0052888043736630305,0.002911813643926897,0.00023840743831204936
2018-10-26,Friday,0.00564320388349504,0.00564320388349504,0.005825242718446477,0.00564320388349504,0.0
2018-10-29,Monday,0.00017685550904911196,0.00017685550904911196,0.0017096032541413196,5.895183634962997e-05,0.0002947939390365306
2018-10-30,Tuesday,-0.005714633108395595,0.005714633108395595,0.006748130585445834,0.0010942914462885867,0.004685978578383487
2018-10-31,Wednesday,0.0006537112973197257,0.0006537112973197257,0.002258275390741044,0.00023771319902554655,0.0009511354179050358
2018-11-01,Thursday,-0.0028776133427296235,0.0028776133427296235,0.0035236081747709322,0.001820530890298322,0.0007650659133709992
2018-11-02,Friday,-0.00034863451481692564,0.00034863451481692564,0.004125508425334154,0.0014526438117373752,0.001222138159808983
2018-11-05,Monday,0.0008261536645814971,0.0008261536645814971,0.0020063731854125066,0.00011802195208310273,0.0007080481472740985
2018-11-06,Tuesday,0.0005935070330582715,0.0005935070330582715,0.0013650661760341253,0.0008309098462815356,0.0003557663800770605
2018-11-07,Wednesday,-0.001739937362254862,0.001739937362254862,0.0024939102192319826,5.7997912075058444e-05,0.0013344937626921238
2018-11-08,Thursday,-0.0005146974722635145,0.0005146974722635145,0.0016584696328490907,0.0009150177284685812,0.0004579540901026302
2018-11-09,Friday,-0.000635177272202414,0.000635177272202414,0.0020210185933710262,0.0010393809908766372,0.000867453157529452
2018-11-12,Monday,0.0011754334410813971,0.0011754334410813971,0.0013517484572435484,0.00047017337643251444,0.0007637175420043274
2018-11-13,Tuesday,-0.0005378914654554645,0.0005378914654554645,0.0020320344250538097,0.0005378914654554645,5.9794307582072825e-05
2018-11-14,Wednesday,0.0038311882669859187,0.0038311882669859187,0.0054474708171206015,0.0044896737503741235,0.000238478507124551
2018-11-15,Thursday,-0.0011494252873562871,0.0011494252873562871,0.003992740471869307,6.0496067755710925e-05,0.0008472012102873627
2018-11-16,Friday,0.0040963855421687345,0.0040963855421687345,0.005662650602409625,0.0007831325301204117,0.00349247651563922
2018-11-19,Monday,-0.0036433136236039276,0.0036433136236039276,0.0043003046049095075,0.002209878755300765,0.0013170498084290605
2018-11-20,Tuesday,-0.005570856284426551,0.005570856284426551,0.006572358537806781,0.0053204807210816,0.00025171480712349315
2018-11-21,Wednesday,-0.0010547214294578389,0.0010547214294578389,0.002853952103238488,0.002295570169996264,0.001243703749766789
2018-11-23,Friday,-0.0028234408332287186,0.0028234408332287186,0.00702723051825828,0.005144936629439045,0.002586424425939926
2018-11-26,Monday,-0.00037128712871292713,0.00037128712871292713,0.0017945544554454954,0.001361386138613807,0.0010534795810868136
2018-11-27,Tuesday,0.0017333168255539988,0.0017333168255539988,0.003219016961743285,0.001609508480871824,0.00018542555164091645
2018-11-28,Wednesday,-0.00030360070435375697,0.00030360070435375697,0.0012144028174144673,0.0001214402817415472,0.00018218254691204638
2018-11-29,Thursday,0.00011912561796423304,0.00011912561796423304,0.0016081958425159942,0.0006551908988028377,0.0005952026665079213
2018-11-30,Friday,0.002022004162949731,0.002022004162949731,0.003092476955099505,0.0006541778174249391,0.0014264487369985979
2018-12-03,Monday,-0.0013287117273251825,0.0013287117273251825,0.0021374927787406388,0.0010398613518197708,0.0002891510525097063
2018-12-04,Tuesday,0.0005831583858177947,0.0005831583858177947,0.0019827385117796538,0.0001749475157453162,0.001050175029171596
2018-12-06,Thursday,-0.00306222439980397,0.00306222439980397,0.0033072023517882903,0.001163645271925473,0.0016559337626496085
2018-12-07,Friday,-0.00030082425846822414,0.00030082425846822414,0.005475001504121272,0.002346429216051993,0.0028206205365179926
2018-12-10,Monday,-0.0028998025666338023,0.0028998025666338023,0.0033933859822308917,0.0014190523198421845,0.0014211566979732693
2018-12-11,Tuesday,0.0021760154738879045,0.0021760154738879045,0.004533365570599613,0.0033849129593810368,0.00120481927710836
2018-12-12,Wednesday,0.004591867560872487,0.004591867560872487,0.0062231889311824135,0.00036251586006885717,0.004045893719806903
2018-12-13,Thursday,0.00024081878386517097,0.00024081878386517097,0.002589403973509995,0.0008428657435278764,0.001386293773732783
2018-12-14,Friday,0.0018415075808728698,0.0018415075808728698,0.0033147136455711256,0.0015959732367565316,0.00030644765873999447
2018-12-17,Monday,-0.0021169292073968116,0.0021169292073968116,0.0029886059398544183,0.0019301413361558772,0.00012477384740150477
2018-12-18,Tuesday,-0.003079049893175645,0.003079049893175645,0.003141887646097776,0.002010808093502514,0.0012590494176896172
2018-12-19,Wednesday,-0.0007565250283697589,0.0007565250283697589,0.0017021813138318638,0.0002521750094566233,0.0010084457330139518
2018-12-20,Thursday,-0.005742305955222959,0.005742305955222959,0.006193947996644996,0.00012904058326346224,0.0053572581165688415
2018-12-21,Friday,0.0016286644951140072,0.0016286644951140072,0.011856677524430108,0.0016286644951140072,6.50448809678128e-05
2018-12-24,Monday,-0.0021187888729410354,0.0021187888729410354,0.0052627981682729155,0.0008885243660721187,0.0019823637979355935
2018-12-26,Wednesday,0.0006229667058905708,0.0006229667058905708,0.004360766941233443,0.00027687409150678466,0.00020756936276211668
2018-12-27,Thursday,-0.001659806134643449,0.001659806134643449,0.003186827778515401,0.0018589828708006628,0.0
2018-12-28,Friday,0.0011697426566155134,0.0011697426566155134,0.002729399532103041,0.00019560696646736542,0.0016253819647618073
2018-12-31,Monday,-0.0011003948475630798,0.0011003948475630798,0.001424040390963809,0.0008414784128422115,0.0003886513797124458
2019-01-02,Wednesday,6.642752756746972e-05,6.642752756746972e-05,0.0014614056064833191,0.00013285505513493945,6.64187035068764e-05
2019-01-03,Thursday,0.0010510411876765158,0.0010510411876765158,0.002824673191880752,0.0007225908165274797,0.002170195975272904
2019-01-04,Friday,-0.0011834319526627946,0.0011834319526627946,0.005785667324128833,0.0015779092702168374,0.0
2019-01-07,Monday,-0.0015357051446123204,0.0015357051446123204,0.002303557716918439,0.0010871512669567984,0.000512426338713845
2019-01-08,Tuesday,0.00201131363922058,0.00201131363922058,0.0025769956002513928,0.001005656819610179,0.0010675039246466067
2019-01-09,Wednesday,-0.00024965672200716327,0.00024965672200716327,0.0017475970540506874,0.00031207090250917613,6.243366423186458e-05
2019-01-10,Thursday,-0.000813873411381727,0.000813873411381727,0.0023164089400862465,0.0011269016465283999,0.00012532898859496377
2019-01-11,Friday,-6.232859635990629e-05,6.232859635990629e-05,0.0023061580653203975,0.0007479431563200967,0.0003741348132444422
2019-01-14,Monday,0.0011307953260459858,0.0011307953260459858,0.0021359467269757722,0.0015705490639528197,0.0002509410288581426
2019-01-15,Tuesday,0.0,0.0,0.0013143894348124148,0.00025035989234512,0.00012516427811493092
2019-01-16,Wednesday,0.00012305420537761513,0.00012305420537761513,0.0009844336430197293,0.0003691626161324013,0.00018452454176409727
2019-01-17,Thursday,0.0007425038639876647,0.0007425038639876647,0.0021638330757341225,0.0012982998454404981,0.0004316413486475934
2019-01-18,Friday,0.0007916692040679241,0.0007916692040679241,0.0015833384081360411,0.00048718104865708156,0.00048703275295269854
2019-01-22,Tuesday,-0.00018294914013905483,0.00018294914013905483,0.0009757287474081998,6.098304671309229e-05,0.0
2019-01-23,Wednesday,0.00043138461538450024,0.00043138461538450024,0.00172307692307693,0.0008615384615383581,0.0011707106786549293
2019-01-24,Thursday,-0.003559374041116836,0.003559374041116836,0.00484811291807298,0.0019024240564590178,0.0015373262821301026
2019-01-25,Friday,0.0023767444694984263,0.0023767444694984263,0.0032908769577670305,0.0003656529953075527,0.0021935169388251907
2019-01-28,Monday,0.0005481120584653887,0.0005481120584653887,0.001644336175395748,0.00024360535931788885,0.000730949625388444
2019-01-29,Tuesday,-0.0002446782481037024,0.0002446782481037024,0.0006116956202593243,0.0002446782481037024,0.0001835199119104569
2019-01-30,Wednesday,0.001658069270449536,0.001658069270449536,0.0024563989191845105,0.0009211495946941373,0.0007976438826851062
2019-01-31,Thursday,-0.0006583597915293948,0.0006583597915293948,0.0018570658359791665,0.000179716048643197,0.0006583597915293948
2019-02-01,Friday,0.0028113410695058683,0.0028113410695058683,0.004366551022849561,0.003529130278741466,0.0006556986170719314
2019-02-04,Monday,0.0,0.0,0.0007767686424475614,0.0004182600382410806,0.0005978715771852716
2019-02-05,Tuesday,0.0014176064238058395,0.0014176064238058395,0.0017122276672373621,0.0007675503335891065,0.0007085963773671988
2019-02-06,Wednesday,0.0006435759419611831,0.0006435759419611831,0.0011116311724783392,0.0004680552305171837,0.0002339318088777631
2019-02-07,Thursday,0.0009457382669346703,0.0009457382669346703,0.0010639555503014944,0.00011821728336669501,0.0006500029545588593
2019-02-08,Friday,-0.0011978917105894826,0.0011978917105894826,0.0014973646382367032,5.989458552946303e-05,0.0011380652890086163
2019-02-11,Monday,-0.0003545051698671253,0.0003545051698671253,0.0012998522895125487,0.00023633677991141688,0.0006497341996456463
2019-02-12,Tuesday,-0.0007660126097459585,0.0007660126097459585,0.0012374049849742475,0.00041246832832486646,0.0004715312978897934
2019-02-13,Wednesday,0.0013988459520895002,0.0013988459520895002,0.0022731246721454006,0.0005828524800373103,0.0008155181452789151
2019-02-14,Thursday,-0.00687245195107733,0.00687245195107733,0.007221898660454169,0.004426324985439711,0.002398642719241728
2019-02-15,Friday,0.0018075801749271037,0.0018075801749271037,0.0030320699708455408,0.0019241982507289812,0.00017458100558664924
2019-02-19,Tuesday,-0.00035019208123066026,0.00035019208123066026,0.0009322917303975268,0.000524996780680187,0.00017489651955937546
2019-02-20,Wednesday,0.0010452354683234688,0.0010452354683234688,0.0014517159282271645,0.0005806863712909394,0.00046427949625660325
2019-02-21,Thursday,-0.0004066930048802764,0.0004066930048802764,0.0019753660237044122,0.0005234719962816659,5.811926072296636e-05
2019-02-22,Friday,-0.001335811360204553,0.001335811360204553,0.0021489139272854252,0.0006969450574979552,0.000639311867953074
2019-02-25,Monday,0.0013222950442681736,0.0013222950442681736,0.0015522593997930908,0.00045992871104982846,0.000689457052571063
2019-02-26,Tuesday,-0.0015024559375903523,0.0015024559375903523,0.002080323605894329,0.0005778676683041439,0.0009251228678808232
2019-02-27,Wednesday,-0.0006357646514854043,0.0006357646514854043,0.0013293260894693662,0.00023118714599457135,0.0008667514156940337
2019-02-28,Thursday,0.0004045775054906109,0.0004045775054906109,0.0016761068084614034,0.0009247485839787295,0.0005196904954383186
2019-03-01,Friday,5.739210284660956e-05,5.739210284660956e-05,0.0006887052341598057,0.00011478420569333014,0.0002870264064294137
2019-03-04,Monday,5.700929251473141e-05,5.700929251473141e-05,0.0005700929251467665,0.0002280371700587036,0.00011399908800735492
2019-03-05,Tuesday,-0.0002293577981651307,0.0002293577981651307,0.00143348623853211,0.0009747706422018609,0.0011457378551786856
2019-03-06,Wednesday,0.00200826256598563,0.00200826256598563,0.002295157218269484,0.0016066100527887262,0.00034370166695318893
2019-03-07,Thursday,-0.0012104444060176967,0.0012104444060176967,0.0028820104905181855,0.0008069629373450571,0.00201578068306163
2019-03-08,Friday,-0.0032311126777112564,0.0032311126777112564,0.003701092703560072,0.002467395135706707,0.0005301602262016702
2019-03-11,Monday,0.001512859304084735,0.001512859304084735,0.0021529151635050394,0.0016874199930174694,0.0
2019-03-12,Tuesday,0.0021721733165656065,0.0021721733165656065,0.0027437978735565896,0.0022864982279640067,5.7035304853791935e-05
2019-03-13,Wednesday,-0.0011900039666798978,0.0011900039666798978,0.001360004533348496,0.00011333371111243995,0.00107679229243407
2019-03-14,Thursday,-0.00011270780501537736,0.00011270780501537736,0.001465201465201414,0.000732600732600952,0.0006195786864930941
2019-03-15,Friday,-0.0011256824449822345,0.0011256824449822345,0.002195080767715511,0.0007879777114875308,0.00016901408450709088
2019-03-18,Monday,-0.0006733628864822316,0.0006733628864822316,0.0007855900342292035,0.00011222714774705711,0.0006733628864822316
2019-03-19,Tuesday,0.00016738269262961403,0.00016738269262961403,0.0007811192322714657,0.0,0.00022318937618570622
2019-03-20,Wednesday,-0.001340183158365038,0.001340183158365038,0.0016193879830244608,0.000167522894795602,0.0011170688114386929
2019-03-21,Thursday,0.0013419066256639134,0.0013419066256639134,0.0018451216102880208,0.0009505171931787348,0.00033513936211804207
2019-03-22,Friday,0.0008249917500824377,0.0008249917500824377,0.0023099769002310855,0.0008249917500824377,0.00010992030777701167
2019-03-25,Monday,0.0012903949730700415,0.0012903949730700415,0.002075852782764837,0.0004488330341112512,0.0006728343145501192
2019-03-26,Tuesday,-0.0007246376811593791,0.0007246376811593791,0.0068561872909698425,0.00033444816053518345,0.0003345787096414865
2019-03-27,Wednesday,0.0010611561016475868,0.0010611561016475868,0.0019547612398772563,0.0010611561016475868,5.579423087653801e-05
2019-03-28,Thursday,0.0003932584269663586,0.0003932584269663586,0.002022471910112436,0.00028089887640458944,0.000674346726608599
2019-03-29,Friday,0.0007809885083120971,0.0007809885083120971,0.001617761910074866,0.0005020640410577926,0.00016725204883760725
2019-04-01,Monday,-0.0009366907267619462,0.0009366907267619462,0.0019284809080391356,0.0005509945451541709,0.0004410143329658389
2019-04-02,Tuesday,0.0,0.0,0.0006035003017502257,5.486366379536811e-05,0.0001645639056500059
2019-04-03,Wednesday,0.0002721680910129365,0.0002721680910129365,0.0008709378912417669,0.0005987698002285491,0.000489529507750941
2019-04-04,Thursday,5.440104450005201e-05,5.440104450005201e-05,0.0005984114895006726,0.00021760417800043008,0.0003806416530722778
2019-04-05,Friday,0.001630434782608825,0.001630434782608825,0.0032608695652173603,0.0027173913043478937,0.001029866117404743
2019-04-08,Monday,-0.0007593838142765374,0.0007593838142765374,0.0009221089173357339,5.42417010198637e-05,0.0005967558183692656
2019-04-09,Tuesday,0.0002166143182062985,0.0002166143182062985,0.0009747644319288336,0.00037961659265683956,0.0
2019-04-10,Wednesday,0.0005955603681646604,0.0005955603681646604,0.0024363833243097838,0.0006497022198157509,0.0016259281339765508
2019-04-11,Thursday,-0.0003770332866529502,0.0003770332866529502,0.0010772379618657149,0.00010772379618662065,0.0002693385046325103
2019-04-12,Friday,-0.0006986617939485074,0.0006986617939485074,0.0009136346536249126,0.0005374321491911083,0.00016131634134541883
2019-04-15,Monday,-5.382131324016548e-05,5.382131324016548e-05,0.000592034445640394,0.00021528525296032885,0.0001614987080102992
2019-04-16,Tuesday,0.0,0.0,0.003645330760158716,0.00021443122118580682,0.00016084928422066547
2019-04-17,Wednesday,0.0006935552710201076,0.0006935552710201076,0.0011737089201877874,0.0005335040546308178,0.00015996587394684347
2019-04-18,Thursday,0.00010691756655623053,0.00010691756655623053,0.002138351331123734,0.0003742114829465848,0.0003208213025345241
2019-04-22,Monday,-5.3622178132983755e-05,5.3622178132983755e-05,0.0008579548501259938,0.0003217330687972364,0.00042881646655235084
2019-04-23,Tuesday,-0.0006903510169401494,0.0006903510169401494,0.0009558706388402465,0.0006903510169401494,0.00010629251700677855
2019-04-24,Wednesday,-0.00026230196201870726,0.00026230196201870726,0.0008918266708634325,0.00047214353163360645,0.0002099406917546176
2019-04-25,Thursday,-0.0004176673279732146,0.0004176673279732146,0.0007836483241098935,0.00010441683199347018,0.0005220296512841172
2019-04-26,Friday,0.000999211149092849,0.000999211149092849,0.0022613726005785264,0.00042072048382846283,0.0007360672975815774
2019-04-29,Monday,-0.0003146963180531426,0.0003146963180531426,0.0015210322039233214,0.0008391901814748248,0.0005249343832021136
2019-04-30,Tuesday,-0.0016868740115971725,0.0016868740115971725,0.0019504480759092047,0.001581444385872377,0.0
2019-05-01,Wednesday,-0.0007329075489478365,0.0007329075489478365,0.0013611140194745017,0.0006282064705266377,0.00020951183741879653
2019-05-02,Thursday,-0.0013218421191772967,0.0013218421191772967,0.0023264421297520105,0.0011632210648759855,5.294647111764306e-05
2019-05-03,Friday,0.0013199577613516311,0.0013199577613516311,0.00417106652587113,0.00047518479408670267,0.0007915567282321678
2019-05-06,Monday,-0.0006919310197998074,0.0006919310197998074,0.0018096657440918405,0.0011177347242921076,0.0005862289490514705
2019-05-07,Tuesday,-0.0004245833775606833,0.0004245833775606833,0.0011676042882921075,0.0005838021441462171,0.0007957981855801766
2019-05-08,Wednesday,0.0008081461128170986,0.0008081461128170986,0.006195786864931876,0.001832336619794206,0.0031320876984555213
2019-05-09,Thursday,-0.0027666268851035403,0.0027666268851035403,0.003037864815015744,0.0017359227514375242,0.0010867793294571104
2019-05-10,Friday,0.00043572984749462584,0.00043572984749462584,0.003050108932461886,0.00032679738562091387,0.00043572984749462584
2019-05-13,Monday,-0.0004983940635729933,0.0004983940635729933,0.002104330490641242,5.537711817482638e-05,0.0004983940635729933
2019-05-14,Tuesday,0.000779423226812126,0.000779423226812126,0.003618750695913627,0.00011078944438258631,0.0009466005902332153
2019-05-15,Wednesday,-0.0016686133822791938,0.0016686133822791938,0.0033928472106347055,0.003003504088102793,0.0014506500027897662
2019-05-16,Thursday,-0.0006537015852263739,0.0006537015852263739,0.0027237566051097673,0.0002179005284088653,0.0009802319882372679
2019-05-17,Friday,0.0015304728067777607,0.0015304728067777607,0.003771522273845456,0.0030609456135555213,0.001471389645776644
2019-05-20,Monday,-0.0014970059880240472,0.0014970059880240472,0.0033821246396097447,0.0,0.0013862703781745145
2019-05-21,Tuesday,0.002317497103128785,0.002317497103128785,0.0028141036252275612,0.0013794625613861022,0.0011022320198401658
2019-05-22,Wednesday,0.001829775436650971,0.001829775436650971,0.002550041585805404,0.000998059329082368,0.0006091820346680876
2019-05-23,Thursday,0.0007826038347589215,0.0007826038347589215,0.0022360109564537184,0.001397506847783614,0.0005024564537740028
2019-05-24,Friday,0.0006708782914965905,0.0006708782914965905,0.004137082797562527,0.00033543914574829525,0.0010626398210291654
2019-05-28,Tuesday,-0.0012868572707435133,0.0012868572707435133,0.0030213170704414035,0.00044760252895414965,0.0008396305625525402
2019-05-29,Wednesday,0.0006242197253434334,0.0006242197253434334,0.001418681193962093,0.0005674724775848183,0.00011343656060347485
2019-05-30,Thursday,-5.66315551026042e-05,5.66315551026042e-05,0.001245894212255062,0.0007928417714349045,0.000905335823006781
2019-05-31,Friday,0.0013762257010150325,0.0013762257010150325,0.002465737714318521,0.0013188829634727117,5.7260650480950304e-05
2019-06-03,Monday,0.0022530329289429663,0.0022530329289429663,0.0023685730791449832,0.0013287117273252935,0.0009230946748974844
2019-06-04,Tuesday,0.0005237734970608976,0.0005237734970608976,0.001861723796775824,0.001222138159808983,0.0007555943039815327
2019-06-05,Wednesday,0.0009666780393493557,0.0009666780393493557,0.001990219492778314,0.0009098146252701778,5.6805271529181134e-05
2019-06-06,Thursday,-0.0032798009500113467,0.0032798009500113467,0.004354218502601279,0.002092286812938271,0.001359773371104822
2019-06-07,Friday,0.0014603459896653792,0.0014603459896653792,0.006459222646596143,0.0009548416086272438,0.002192119611039267
2019-06-10,Monday,0.0005494807407000479,0.0005494807407000479,0.0018132864443101955,0.00010989614813983195,0.0004945054945055816
2019-06-11,Tuesday,0.0011912497292614344,0.0011912497292614344,0.0021659085986571675,0.001516136019060088,0.00021628636314474647
2019-06-12,Wednesday,5.473753352669419e-05,5.473753352669419e-05,0.001915813673435844,0.00027368766763380403,0.0003285151116951823
2019-06-13,Thursday,0.0005462093074066754,0.0005462093074066754,0.0021848372296264236,0.0003277255844439386,0.001038308104267971
2019-06-14,Friday,0.0009882572431956227,0.0009882572431956227,0.0019754170324847104,0.0006035996488147344,0.0004392892398814574
2019-06-17,Monday,-0.0012568306010928287,0.0012568306010928287,0.0016393442622949887,0.00021857923497259346,0.0009838753757855923
2019-06-18,Tuesday,-0.0003227368081329951,0.0003227368081329951,0.0017212629767091236,0.0006992630842880265,0.0005383580080753347
2019-06-19,Wednesday,0.0004284260697264841,0.0004284260697264841,0.0008032988807369233,0.0004284260697264841,0.0
2019-06-20,Thursday,0.0005267038870746532,0.0005267038870746532,0.0017381228273463819,0.0005793742757820297,5.263989050896534e-05
2019-06-21,Friday,0.0007970244420829609,0.0007970244420829609,0.0019128586609988589,0.0009032943676940963,0.00010617401921753089
2019-06-24,Monday,0.0001590752425897346,0.0001590752425897346,0.001007476536401706,0.0006893260512221833,0.0005298855447223305
2019-06-25,Tuesday,0.0006915997233600812,0.0006915997233600812,0.0009038676384530116,0.00021279991487999084,0.00037228101898634236
2019-06-26,Wednesday,-0.0022546703886621167,0.0022546703886621167,0.004079879750912556,0.003757783981103602,0.0014008620689656137
2019-06-27,Thursday,0.0012336408496029794,0.0012336408496029794,0.0019845526711006465,0.00026818279339202444,0.0016097011321563048
2019-06-28,Friday,0.0008030408480110829,0.0008030408480110829,0.0011242571872156324,0.0007495047914771735,0.0
2019-07-01,Monday,-0.0008419609807321926,0.0008419609807321926,0.0011042197381512452,0.0005786510860088523,5.3124342520471934e-05
2019-07-02,Tuesday,0.00037042916865104303,0.00037042916865104303,0.0020638196539132475,0.0003175107159867352,0.00010580890911016105
2019-07-03,Wednesday,-0.00052405408238132,0.00052405408238132,0.001048108164762693,0.0005764594906193521,0.00010487676979553662
2019-07-05,Friday,-0.002722940776038185,0.002722940776038185,0.006126616746085856,0.004398596638215402,0.001525031552376932
2019-07-08,Monday,-0.0006315457081206288,0.0006315457081206288,0.000999947371190978,0.00015788642703018496,0.0005789473684211233
2019-07-09,Tuesday,-0.00010589294223550816,0.00010589294223550816,0.0012701858421136536,0.0008471435378831771,0.0009009963960142642
2019-07-10,Wednesday,0.007928590181150108,0.007928590181150108,0.008978734576004243,0.0057757941716987116,0.0020881186051366907
2019-07-11,Thursday,-0.001501035196687317,0.001501035196687317,0.003157349896480255,0.0015527950310557648,0.0002073935811686134
2019-07-12,Friday,-0.0005703619205642552,0.0005703619205642552,0.0010370216737529223,0.00010370216737531912,0.00046670815183569303
2019-07-15,Monday,0.0005158095631092596,0.0005158095631092596,0.0009800381699076584,0.0,0.00046420466267793614
2019-07-16,Tuesday,-0.0009268317800319448,0.0009268317800319448,0.0011327943978167903,0.00030894392667735193,0.0004121374478389672
2019-07-17,Wednesday,-0.0009830298013244754,0.0009830298013244754,0.0014486754966887476,0.0008278145695364003,0.0004658867377576037
2019-07-18,Thursday,0.00020892092343038904,0.00020892092343038904,0.0018802883108742568,0.0008356836937220002,0.0006783906486458324
2019-07-19,Friday,0.0006719388018814332,0.0006719388018814332,0.0015506280043416703,0.0007753140021709015,0.0011376564277587597
2019-07-22,Monday,-0.00041758012318615645,0.00041758012318615645,0.000991752792567062,0.0,0.00041758012318615645
2019-07-23,Tuesday,-0.00015501472639900538,0.00015501472639900538,0.0007234020565286331,0.0003617010282643829,0.0005165289256198191
2019-07-24,Wednesday,-0.0011894295909397057,0.0011894295909397057,0.002068573201634202,0.0002585716502041535,0.0015508684863524413
2019-07-25,Thursday,-0.0012808033198421498,0.0012808033198421498,0.0026128387724780517,0.0,0.0013831258644537714
2019-07-26,Friday,0.0005654654809026383,0.0005654654809026383,0.0021076440651827304,0.0009767131033773246,0.00030816640986131016
2019-07-29,Monday,0.00030739279676206266,0.00030739279676206266,0.0004098570623495697,0.00010246426558735422,0.00020490753547464102
2019-07-30,Tuesday,-0.0015514299012256982,0.0015514299012256982,0.002999431142369615,0.0005171433004085291,0.0008280287739999004
2019-07-31,Wednesday,-5.141652527129725e-05,5.141652527129725e-05,0.000565581777983514,0.0,0.00010282776349623823
2019-08-01,Thursday,0.0011491250979367429,0.0011491250979367429,0.0012535910159311,0.0008357273439540958,0.00020873558419864935
2019-08-02,Friday,-0.0009525321479599835,0.0009525321479599835,0.005186008361115467,0.001587553579933343,0.0014322087842137954
2019-08-05,Monday,-0.0019041401447146278,0.0019041401447146278,0.00282900821500468,0.0011968880909635216,0.0011433549300374768
2019-08-06,Tuesday,0.0008259911894272776,0.0008259911894272776,0.002312775330396407,0.0005506607929515184,0.00027517886626315935
2019-08-07,Wednesday,-0.008432263717008115,0.008432263717008115,0.008870879421750107,0.004654473770671297,0.004178948526176951
2019-08-08,Thursday,0.0008660351826792478,0.0008660351826792478,0.0019485791610284907,0.0012449255751014743,0.00021627466882934154
2019-08-09,Friday,0.00048125768675477687,0.00048125768675477687,0.0018715576707127657,5.347307630598763e-05,0.000641779869504866
2019-08-12,Monday,0.000701602892762665,0.000701602892762665,0.0035080144638135126,0.0009714501592097413,0.0012960362890159782
2019-08-13,Tuesday,-0.000761159136628109,0.000761159136628109,0.0030446365465122724,0.0012504757244604647,0.0003810145874156845
2019-08-14,Wednesday,0.0003227715315510249,0.0003227715315510249,0.0032277153155091417,0.0006993383183603319,0.0013462574044156295
2019-08-15,Thursday,0.0036059662350433896,0.0036059662350433896,0.005736764464841892,0.0015844397093371931,0.0022370144041903295
2019-08-16,Friday,-0.0005955603681645494,0.0005955603681645494,0.0022198159177043673,0.00189442338927992,0.0012475591234539785
2019-08-19,Monday,0.0014383890043150327,0.0014383890043150327,0.013904427041713354,0.0013318416706622482,0.0001063829787234516
2019-08-20,Tuesday,-0.002014739409363364,0.002014739409363364,0.0028630507396213986,0.0010603891628228057,0.001273412214145564
2019-08-21,Wednesday,0.0012213254035684518,0.0012213254035684518,0.008389974511469906,0.00010620220900592336,0.0010087067317900988
2019-08-22,Thursday,0.0007404664938912564,0.0007404664938912564,0.002538742264769608,0.000581795102343019,0.0013230313293819407
2019-08-23,Friday,0.0018217864223328828,0.0018217864223328828,0.003911482612656155,0.00032149172158812966,0.002197684391080701
2019-08-26,Monday,0.002826086956521756,0.002826086956521756,0.0047282608695652425,0.0017391304347824654,0.0011393847322447304
2019-08-27,Tuesday,0.0005916205023395182,0.0005916205023395182,0.0019362125531114593,0.0002689184101543063,0.00026883165761582006
2019-08-28,Wednesday,0.0025613079019073393,0.0025613079019073393,0.0027792915531334654,0.002016348773842047,0.0005982813009897114
2019-08-29,Thursday,-0.0010128471666932537,0.0010128471666932537,0.0012793858947704071,0.000533077456154385,0.0004267121826326825
2019-08-30,Friday,-0.0002643684238353705,0.0002643684238353705,0.0010574736953419186,0.00010574736953405939,0.0001057641459544234
2019-09-03,Tuesday,0.0009661317159572747,0.0009661317159572747,0.00338146100585044,0.0016638935108153063,0.0008036862408914436
2019-09-04,Wednesday,-0.00021317416329136307,0.00021317416329136307,0.0015988062246856288,0.0,0.00026645350386367284
2019-09-05,Thursday,0.0002623845507976341,0.0002623845507976341,0.001101490344248406,0.0002623845507976341,5.246039240369704e-05
2019-09-06,Friday,-0.0007810466024472662,0.0007810466024472662,0.004061442332725858,0.0014579536579015784,0.002183860232945034
2019-09-09,Monday,0.0001040745173543911,0.0001040745173543911,0.0007285216214809095,0.0001040745173543911,5.202913631630057e-05
2019-09-10,Tuesday,0.0,0.0,0.001523509324927723,0.0001576044129235621,0.0007349467163630941
2019-09-11,Wednesday,-5.234505862639072e-05,5.234505862639072e-05,0.0007851758793970147,0.0004711055276381826,0.0004189578423672291
2019-09-12,Thursday,0.0011888762534890684,0.0011888762534890684,0.0022743719631965146,0.001809159516179104,0.0007222824124233362
2019-09-13,Friday,-0.0031983492391024493,0.0031983492391024493,0.003249935517152414,0.001960278565901419,0.0012921232168700003
2019-09-16,Monday,-0.0009404388714734369,0.0009404388714734369,0.0013061650992685476,0.0,0.0008360330233043722
2019-09-17,Tuesday,0.0005223568742165341,0.0005223568742165341,0.0016193063100710524,0.0006268282490597965,0.000992944865429779
2019-09-18,Wednesday,0.0006765195670275226,0.0006765195670275226,0.0010407993338885152,0.00036427976686082,0.00020806241872550757
2019-09-19,Thursday,0.0027010180760440594,0.0027010180760440594,0.0035321005609805648,0.0009869104508621884,0.0017124176223339838
2019-09-20,Friday,0.0016579451841873816,0.0016579451841873816,0.002435106989275161,0.0009844049531111398,0.000413971539456659
2019-09-23,Monday,0.0009983186212694228,0.0009983186212694228,0.0017339218158889454,5.254308532987029e-05,0.0009983186212694228
2019-09-24,Tuesday,-0.0007837400073147371,0.0007837400073147371,0.0013062333455248446,0.0009399655154395115,0.00010459156991959873
2019-09-25,Wednesday,0.001065132875326169,0.001065132875326169,0.00175746924428814,0.00010651328753263911,0.001171770972037356
2019-09-26,Thursday,-0.0008407777193906174,0.0008407777193906174,0.0024697845507094,0.001471361008933303,0.0004209197095652595
2019-09-27,Friday,-0.0003689647902170856,0.0003689647902170856,0.0015285684166139156,0.0004216740459624946,0.0
2019-09-30,Monday,-0.0014378528064756813,0.0014378528064756813,0.0020236446905953533,0.0013313451911811658,0.0003731741123788046
2019-10-01,Tuesday,0.0004223195903498844,0.0004223195903498844,0.0012669587710500401,0.0008446391806999909,0.0004746835443038
2019-10-02,Wednesday,-0.002684707903780059,0.002684707903780059,0.0031142611683849467,0.0012349656357388827,0.0015588883513411034
2019-10-03,Thursday,-0.0004351136734472849,0.0004351136734472849,0.0014141194387034663,0.00010877841836187674,0.0004351136734472849
2019-10-04,Friday,0.006509576070583112,0.006509576070583112,0.007531740908112792,0.004142457499462182,0.0023036537019178738
2019-10-07,Monday,-0.0007429026266914107,0.0007429026266914107,0.0012199522419739266,0.00010612894667005879,0.0006368412673141144
2019-10-08,Tuesday,-0.00032059845044085655,0.00032059845044085655,0.0020304568527920058,0.0004274646005877347,0.000854472630173575
2019-10-09,Wednesday,-0.0005879208979154837,0.0005879208979154837,0.0017103153393906638,0.00085515766969535,5.347593582882837e-05
2019-10-10,Thursday,0.00037415147789832126,0.00037415147789832126,0.0012828050670800637,0.000801753166925101,0.00026707975001338813
2019-10-11,Friday,-0.0003669340042984359,0.0003669340042984359,0.001205640299837596,0.0005766105781830344,0.000890658563420188
2019-10-14,Monday,-0.00020974254103101053,0.00020974254103101053,0.0011011483404121858,0.0005243563525771933,0.00020983056182122262
2019-10-15,Tuesday,-0.0005215123859191317,0.0005215123859191317,0.0009908735332464027,0.00015645371577577283,0.00026082420448603205
2019-10-16,Wednesday,0.0003625064733299155,0.0003625064733299155,0.0011910926980838413,0.0003107198342826578,0.00020711437891574036
2019-10-17,Thursday,0.0010303967027305294,0.0010303967027305294,0.0018031942297784356,0.0008758371973209833,0.00015442425490297396
2019-10-18,Friday,-0.0005165822915591534,0.0005165822915591534,0.0009815063539621743,5.165822915587093e-05,0.0006198347107437829
2019-10-21,Monday,0.0008829334164330849,0.0008829334164330849,0.0020255531318166945,0.001506180533915158,0.0005186452984803358
2019-10-22,Tuesday,-0.0004635829813535164,0.0004635829813535164,0.0008756567425569998,0.0003605645410528213,0.0
2019-10-23,Wednesday,-0.0004701703061329443,0.0004701703061329443,0.0008358583220144008,0.0001044822902517284,0.0002612603197825747
2019-10-24,Thursday,-0.00010337520028946834,0.00010337520028946834,0.0013438776037628102,0.00025843800072367085,0.0002585315408478728
2019-10-25,Friday,-0.00031071983428276884,0.00031071983428276884,0.0012951838425686345,0.00056965302951828,0.00046644208344126525
2019-10-28,Monday,0.001578974176131842,0.001578974176131842,0.0016299088269749562,0.00045841185758654923,0.0012219959266801528
2019-10-29,Tuesday,0.0006593629539459744,0.0006593629539459744,0.0006593629539460107,0.0002536011361331525,0.0004563894523326173
2019-10-30,Wednesday,0.0007129398584304614,0.0007129398584304614,0.0011712583388500777,0.0005601670316239815,0.00025450473378785254
2019-10-31,Thursday,0.0011661511940375124,0.0011661511940375124,0.001723875678142288,0.0007098311615880704,0.00045599635202919764
2019-11-01,Friday,0.002431610942249085,0.002431610942249085,0.003039513677811665,0.002532928064842954,0.00015158405335757852
2019-11-04,Monday,0.0004496402877698369,0.0004496402877698369,0.0013988808952837787,0.0006994404476419191,0.00034944089456867555
2019-11-05,Tuesday,0.00034900533479587104,0.00034900533479587104,0.0005982948596500202,0.0005484369546793211,9.967108541819591e-05
2019-11-06,Wednesday,0.00014985014985025025,0.00014985014985025025,0.0008491508491509287,0.0003996003996005193,0.0003494757863206077
2019-11-07,Thursday,-0.0010450880859959044,0.0010450880859959044,0.0014929829799939433,0.0005474270926644209,0.0003983865345351667
2019-11-08,Friday,0.00019987008444499743,0.00019987008444499743,0.0007994803377804257,0.0002498376055563023,0.00039982008096339783
2019-11-11,Monday,0.0005992808629644575,0.0005992808629644575,0.0009488613663603562,0.0006492209348780698,0.00014970806926484226
2019-11-12,Tuesday,-0.0007455268389661152,0.0007455268389661152,0.0009443339960238456,0.0006958250497016705,4.974134500601579e-05
2019-11-13,Wednesday,0.000746751630407827,0.000746751630407827,0.0007965350724348911,0.0002489172101358683,0.0005973120955700129
2019-11-14,Thursday,-0.0003981486089683628,0.0003981486089683628,0.0015925944358731556,0.0003981486089683628,0.0
2019-11-15,Friday,0.001186415542043573,0.001186415542043573,0.0015329477482821968,0.0005932077710217865,0.0005928560841856889
2019-11-18,Monday,0.00044422507403751865,0.00044422507403751865,0.001480750246791764,4.9358341559724295e-05,0.0003948472434724959
2019-11-19,Tuesday,-0.00044139283962729703,0.00044139283962729703,0.000588523786169574,0.00044139283962729703,0.0
2019-11-20,Wednesday,-0.0011840157868771017,0.0011840157868771017,0.0018253576714356418,0.0002960039467192477,0.0008882747729963558
2019-11-21,Thursday,-0.0012354830738818823,0.0012354830738818823,0.0014825796886583217,0.0008401284902396222,0.0003956870115738864
2019-11-22,Friday,0.0007422068283029493,0.0007422068283029493,0.002127659574468119,0.00024740227610087207,0.0007422068283029493
2019-11-25,Monday,0.0007898894154818592,0.0007898894154818592,0.0008886255924170953,0.0001481042654027931,0.0005923000987166915
2019-11-26,Tuesday,-9.789525208037109e-05,9.789525208037109e-05,0.0006852667645618519,0.00024473813020065016,0.00039146604032103127
2019-11-27,Wednesday,-0.00058456742010915,0.00058456742010915,0.001266562743569714,0.00014614185502725974,0.0007306025035312969
2019-11-29,Friday,-0.0001459073002285649,0.0001459073002285649,0.0007781722678857866,0.00038908613394283975,0.0006805366517596001
2019-12-02,Monday,9.743264968076204e-05,9.743264968076204e-05,0.0013640570955327186,0.0008768938471281906,0.0008775778850371729
2019-12-03,Tuesday,-0.00189111177465906,0.00189111177465906,0.002139942271324666,0.0004976609933312615,0.001145475372279492
2019-12-04,Wednesday,0.00044591655131509533,0.00044591655131509533,0.001730274866521625,0.0010381649199130427,0.0010892901310908254
2019-12-05,Thursday,-0.0008363260687755947,0.0008363260687755947,0.0012790869287155966,0.00029517390662670007,0.00034453905596298906
2019-12-06,Friday,0.0056600059060931684,0.0056600059060931684,0.006545919874003268,0.005020179151491222,0.0006366307541627592
2019-12-09,Monday,-0.0002931261908251104,0.0002931261908251104,0.0006351067467878033,0.0002931261908251104,4.88710780959245e-05
2019-12-10,Tuesday,0.003685322588570683,0.003685322588570683,0.005454277431084535,0.004324111837256117,0.0006360389451538495
2019-12-11,Wednesday,0.00068493150684934,0.00068493150684934,0.0010763209393346324,0.0006360078277887204,9.77708251858056e-05
2019-12-12,Thursday,0.0006837606837606369,0.0006837606837606369,0.0018559218559218338,0.00039072039072041154,0.0011727339359881572
2019-12-13,Friday,0.0006758061401814786,0.0006758061401814786,0.0017860590847654208,0.0008206217416490968,0.0002411381721725281
2019-12-16,Monday,0.00033586028212284624,0.00033586028212284624,0.0007197006045485351,9.500047980026682e-05,0.00033586028212284624
2019-12-17,Tuesday,0.0007164008023690105,0.0007164008023690105,0.0014805616582289323,0.00038208042793019814,0.0003819527333492889
2019-12-18,Wednesday,-0.0007158879396745865,0.0007158879396745865,0.000906791390254368,0.0003818069011598535,0.00033420864168054454
2019-12-19,Thursday,0.00047734975416480196,0.00047734975416480196,0.0007637596066637863,0.00028640985249883677,0.0001908852302552333
2019-12-20,Friday,0.0007570739093403223,0.0007570739093403223,0.0011829279833443739,0.0006624396706726987,0.0
2019-12-23,Monday,0.0,0.0,0.0007537475252191632,0.00047138682002456633,0.0005182567726738085
2019-12-24,Tuesday,0.0,0.0,0.00028295213393068745,0.00014147606696535142,0.000141496085275028
2019-12-26,Thursday,-0.0002824725766207292,0.0002824725766207292,0.0004237088649310457,9.415752554031709e-05,4.7089847428960496e-05
2019-12-27,Friday,-0.0006984866123399547,0.0006984866123399547,0.000931315483119854,0.00013969732246799094,0.0006519511967961744
2019-12-30,Monday,0.0006088992974238039,0.0006088992974238039,0.0011241217798593944,0.0006088992974238039,0.00023410431688342115
2019-12-31,Tuesday,-0.001697792869269854,0.001697792869269854,0.002075080173552149,0.0010847009998112833,0.0005665722379604166
2020-01-02,Thursday,0.0005605558923658105,0.0005605558923658105,0.0008860700461689023,0.0006995289838176433,4.5674869500467175e-05
2020-01-03,Friday,-0.001494628678187726,0.001494628678187726,0.00186828584773473,0.001027557216254027,0.0002805836139169182
2020-01-06,Monday,9.399379640950833e-05,9.399379640950833e-05,0.0008929410658896406,0.00014099069461415148,9.399379640950833e-05
2020-01-07,Tuesday,-0.001483541956420975,0.001483541956420975,0.0018544274455260885,0.0006490496059341488,0.0006032202682010324
2020-01-08,Wednesday,-0.0014818244964112104,0.0014818244964112104,0.0028247279462839253,0.0007409122482056052,0.0007414616061911516
2020-01-09,Thursday,9.143275121137329e-05,9.143275121137329e-05,0.0006400292584803253,9.143275121137329e-05,0.0
2020-01-10,Friday,-0.0008637541482929834,0.0008637541482929834,0.0030004091467018073,0.00163658680729184,0.0007740995400937756
2020-01-13,Monday,-0.0007746639325586502,0.0007746639325586502,0.0011847801321485118,0.00031897926634760765,0.00036560871115176585
2020-01-14,Tuesday,0.0009057971014492239,0.0009057971014492239,0.00167572463768118,0.000725543478260704,9.050592813841796e-05
2020-01-15,Wednesday,-0.001768787700122565,0.001768787700122565,0.0029026259694317873,0.0013152523923988246,0.0004995231824168611
2020-01-16,Thursday,0.0001356422661300538,0.0001356422661300538,0.0008147578785550186,0.0004069267983903835,0.0002259887005650052
2020-01-17,Friday,0.0005379477294122914,0.0005379477294122914,0.0013000403460797978,0.000941408526471621,0.0004926108374384564
2020-01-21,Tuesday,-0.0004045125623624024,0.0004045125623624024,0.0007191334441997239,0.0003146208818375351,8.99199712255383e-05
2020-01-22,Wednesday,-0.00040080160320643543,0.00040080160320643543,0.0007125361834781786,0.0003562680917390537,4.4553352639864485e-05
2020-01-23,Thursday,0.0001341621573274221,0.0001341621573274221,0.0017888287643664292,0.0008049729439647546,0.0005362888809439248
2020-01-24,Friday,-4.4312491676024024e-07,4.4312491676024024e-07,0.0004874374086054204,0.00026587495014829265,4.4312491676024024e-07
2020-01-27,Monday,-0.001005578928114148,0.001005578928114148,0.0019206145966708774,0.0010517651362722535,9.108385206879621e-05
2020-01-28,Tuesday,-0.00022750022750028798,0.00022750022750028798,0.0013195013195012833,0.00013650013650012838,4.550832802407978e-05
2020-01-29,Wednesday,-0.0012125566982529312,0.0012125566982529312,0.0014820137423091754,0.001167647190910226,0.0001798237727027585
2020-01-30,Thursday,0.00099854756717499,0.00099854756717499,0.003086419753086451,0.0007716049382717749,0.0002721335268505154
2020-01-31,Friday,0.0002683723218679379,0.0002683723218679379,0.0018338775327637724,4.472872031135999e-05,0.00022363359871180322
2020-02-03,Monday,-0.0011323489446507518,0.0011323489446507518,0.0013588187335809919,0.000860585197934638,0.00027199782401743366
2020-02-04,Tuesday,0.00035497182411137196,0.00035497182411137196,0.0009318010382926208,0.00022185739006963523,0.00013308490817132146
2020-02-05,Wednesday,0.0004344426101312582,0.0004344426101312582,0.001346772091406735,0.0003041098270918363,0.0007387771066011961
2020-02-06,Thursday,-0.001177291357809418,0.001177291357809418,0.002267375948373638,0.00017441353449021424,0.0010030527692979074
2020-02-07,Friday,-0.0025673382359340247,0.0025673382359340247,0.005352247508811582,0.002871937687655035,0.00039279011914628015
2020-02-10,Monday,-0.001744363525358672,0.001744363525358672,0.001962408966028471,0.000872181762679336,0.0009601536245799069
2020-02-11,Tuesday,0.0005578202102551888,0.0005578202102551888,0.0015876421368805171,0.0003432739755417913,0.000815485643160585
2020-02-12,Wednesday,4.2881646655335004e-05,4.2881646655335004e-05,0.001072041166380789,4.2881646655335004e-05,0.0001286559739257509
2020-02-13,Thursday,0.0009454232917920358,0.0009454232917920358,0.002105715513536782,0.0005586592178772332,0.0003865481252414149
2020-02-14,Friday,-0.0013630942238882504,0.0013630942238882504,0.0024706082807974634,0.0013204975293917842,4.265665657121609e-05
2020-02-18,Tuesday,-8.568613169968042e-05,8.568613169968042e-05,0.0014138211730430749,6.426459877473256e-05,0.00012852369120042173
2020-02-19,Wednesday,0.0005514082117408226,0.0005514082117408226,0.0008059043094672452,0.000254496097726431,0.00038167938931277234
2020-02-20,Thursday,-0.0010565910147499746,0.0010565910147499746,0.0026626093571700074,0.0011833819365200116,0.0002534912173124404
2020-02-21,Friday,-0.00047060836827250707,0.00047060836827250707,0.0012406947890818518,4.278257893375326e-05,0.00021396781923999075
2020-02-24,Monday,-0.0031682284694333207,0.0031682284694333207,0.004373047746541804,0.001427933958054406,0.0016981722304152402
2020-02-25,Tuesday,0.0016590440319252941,0.0016590440319252941,0.003721639314859582,8.967805577975163e-05,0.0017039594637011657
2020-02-26,Wednesday,-0.00027781623517475484,0.00027781623517475484,0.005999353915732204,0.001015275278047012,0.001521939528023708
2020-02-27,Thursday,-0.003295203125735613,0.003295203125735613,0.022360306924633998,0.001129783928823569,0.004092191909689569
2020-02-28,Friday,-0.013705876552948193,0.013705876552948193,0.02755866692959956,0.005915992900808575,0.007688606715936741
2020-03-02,Monday,0.010516578217050654,0.010516578217050654,0.012950971322849197,0.0002434393105799071,0.010123132330754014
2020-03-03,Tuesday,-0.001387796641532102,0.001387796641532102,0.007817921080630974,0.002821853171115274,0.001438114678047775
2020-03-04,Wednesday,-0.00023436767601014985,0.00023436767601014985,0.0049217211962126715,0.0007499765632323907,0.0013578050379250417
2020-03-05,Thursday,0.0027332704995288726,0.0027332704995288726,0.004005655042412925,0.000895381715362964,0.0015533066603907741
2020-03-06,Friday,0.002495962413742392,0.002495962413742392,0.007585768120197774,0.0002447021974257835,0.0027904244382435106
2020-03-09,Monday,0.00010220322417775485,0.00010220322417775485,0.007703760616424109,5.1871988150709036e-05,0.0005652039872572345
2020-03-10,Tuesday,0.0027962250961202084,0.0027962250961202084,0.00973685524541877,0.00384480950716537,0.00621273610902362
2020-03-11,Wednesday,-0.004139323573952525,0.004139323573952525,0.006057546693589183,0.0018677435638566608,0.0020234722784298054
2020-03-12,Thursday,-0.002499592457751443,0.002499592457751443,0.01021572569689722,0.0007064065641471107,0.0042310821806346155
2020-03-13,Friday,0.0014962060489474016,0.0014962060489474016,0.057016137650956596,0.0002137437212781368,0.0018709573956272596
2020-03-16,Monday,-0.010179129940290021,0.010179129940290021,0.011885129371623402,0.004151265282911543,0.005656663060082168
2020-03-17,Tuesday,0.0024582666361765426,0.0024582666361765426,0.00937571461239416,0.002686942602332487,0.005793277503728378
2020-03-18,Wednesday,-0.003478260869565153,0.003478260869565153,0.005797101449275362,0.004347826086956497,0.0008733624454149158
2020-03-19,Thursday,0.015820584144645267,0.015820584144645267,0.016805748725081164,0.00996754751970319,0.006372717878057044
2020-03-20,Friday,-0.0038944654709012205,0.0038944654709012205,0.009050518347869045,0.001974658548625996,0.0058575573438440776
2020-03-23,Monday,-0.0014271035506335794,0.0014271035506335794,0.022034478821783384,0.0030254595273433438,0.001660558863948891
2020-03-24,Tuesday,0.008514717491823642,0.008514717491823642,0.013533325814819024,0.0006766662907409238,0.009311512415349998
2020-03-25,Wednesday,0.006248287201973124,0.006248287201973124,0.00778295423403681,0.002356810084954919,0.003224043715847058
2020-03-26,Thursday,0.01901246994352168,0.01901246994352168,0.021808421405804426,0.010233182351954362,0.009193110704989627
2020-03-27,Friday,-0.004478805651826234,0.004478805651826234,0.0071447613969606765,0.001546254332178143,0.0030968017512946755
2020-03-30,Monday,0.006063207597789333,0.006063207597789333,0.006331491119815458,0.003971669260073973,0.0019772350772191416
2020-03-31,Tuesday,0.0013656179421188686,0.0013656179421188686,0.005304900467461479,0.0006828089710594343,0.002049826553137901
2020-04-01,Wednesday,0.00043313481321072267,0.00043313481321072267,0.004331348132106026,0.002436383324309732,0.0017827237858570877
2020-04-02,Thursday,-0.0114630303688813,0.0114630303688813,0.017058727657956293,0.009235616884880726,0.0019198069222752245
2020-04-03,Friday,0.0035154137371553595,0.0035154137371553595,0.011249323958896615,0.0032449972958354945,0.0008090614886731018
2020-04-06,Monday,0.0025761000998894,0.0025761000998894,0.0037327164712686396,0.0017874980284948716,0.0007871949619522312
2020-04-07,Tuesday,0.00542153693111147,0.00542153693111147,0.005719970156677472,0.004227804028848592,0.0011391213907185893
2020-04-08,Wednesday,-0.0014144271570014633,0.0014144271570014633,0.005051525560719337,0.0007072135785006761,0.002422285022204207
2020-04-09,Thursday,0.012442928101951578,0.012442928101951578,0.016205910390848375,0.004716271135417172,0.0077910403036507425
2020-04-13,Monday,0.0006496751624187613,0.0006496751624187613,0.0037981009495253342,0.0001999000499749437,0.0006496751624187613
2020-04-14,Tuesday,0.00043478260869567187,0.00043478260869567187,0.002898550724637654,0.0010628019323671856,0.0017414018284720445
2020-04-15,Wednesday,-0.0024473343250634993,0.0024473343250634993,0.0048466817025768555,0.0011516867412062481,0.0014410606206167742
2020-04-16,Thursday,0.00336301629405078,0.00336301629405078,0.005352406214475159,0.002131489200454695,0.0015602836879433646
2020-04-17,Friday,-0.0007374291376688324,0.0007374291376688324,0.002166198091902101,0.0013365903120247102,0.0005537865152984711
2020-04-20,Monday,-0.00023473076381386182,0.00023473076381386182,0.0016900614994601834,0.00018778461105106725,4.695938013621337e-05
2020-04-21,Tuesday,-0.0013307984790874583,0.0013307984790874583,0.0027091254752851387,0.0009030418250950412,0.0008559201141227213
2020-04-22,Wednesday,0.004175866372276182,0.004175866372276182,0.005327829509455626,0.0011999616012288161,0.002828108522672901
2020-04-23,Thursday,0.0039746380240370804,0.0039746380240370804,0.005346834484716549,0.0013248793413456195,0.0022673594709494704
2020-04-24,Friday,0.0016595542911332917,0.0016595542911332917,0.003793266951161742,0.0027975343764816696,0.0013708991207336263
2020-04-27,Monday,-0.001476287137848309,0.001476287137848309,0.002491234545118989,0.0010610813803284547,0.0006002678117928983
2020-04-28,Tuesday,0.0008273960009193004,0.0008273960009193004,0.0017467248908298039,4.596644449539333e-05,0.0006434119215037448
2020-04-29,Wednesday,0.007197251114412939,0.007197251114412939,0.0078008915304605235,0.0020895245170875487,0.004910817697475034
2020-04-30,Thursday,-0.005169599129330793,0.005169599129330793,0.00798113549791398,0.0013599673499002929,0.0034976152623211743
2020-05-01,Friday,0.0016352847731626596,0.0016352847731626596,0.0018688968836144731,0.0006536466850441958,0.0009805294859224212
2020-05-04,Monday,-0.00094500094500094,0.00094500094500094,0.0025042525042525098,0.0007560007560006854,0.0004727238347357332
2020-05-05,Tuesday,-0.0007808911345887903,0.0007808911345887903,0.0015158474965549496,0.00013780431786858394,0.0003216911764705177
2020-05-06,Wednesday,0.00013695503309740786,0.00013695503309740786,0.002876055695046772,0.0017347637525679804,0.001645940014630698
2020-05-07,Thursday,0.0008122010648858868,0.0008122010648858868,0.009814096200703958,0.0010378124717984605,4.508363013389083e-05
2020-05-08,Friday,-0.0002229853275653726,0.0002229853275653726,0.004192124158230379,0.0008027471792355634,0.0008913450396648148
2020-05-11,Monday,0.0012561686855092624,0.0012561686855092624,0.00296096904441452,0.0011215791834903177,0.0023353992634509435
2020-05-12,Tuesday,0.0010563380281689572,0.0010563380281689572,0.002904929577464774,0.0008802816901409827,0.00030786823239647987
2020-05-13,Wednesday,-0.0021019677996422237,0.0021019677996422237,0.002861806797853361,0.0015652951699463014,0.0005375139977603638
2020-05-14,Thursday,-4.5873663929607567e-05,4.5873663929607567e-05,0.005735125464470877,0.00417450341758796,0.004007185297775218
2020-05-15,Friday,-0.0003201756392077204,0.0003201756392077204,0.0036591501623748405,0.0014179206879202377,0.00119102153000461
2020-05-18,Monday,0.0007502537623018668,0.0007502537623018668,0.002956882474954709,0.0007061211880489138,0.0011479028697571891
2020-05-19,Tuesday,0.0010102784854606472,0.0010102784854606472,0.0018887815162962611,0.0007028024246682474,8.77693421688086e-05
2020-05-20,Wednesday,-0.00013071895424832114,0.00013071895424832114,0.001002178649237552,4.357298474944038e-05,8.716495968630333e-05
2020-05-21,Thursday,0.0026015696136669764,0.0026015696136669764,0.0036421974591336922,0.0026882886007890683,0.0001729580144420595
2020-05-22,Friday,0.0002191156492397095,0.0002191156492397095,0.0019282177133090746,0.0009198474955081082,0.0007005253940455258
2020-05-26,Tuesday,0.00034327397554156924,0.00034327397554156924,0.0020587856683115706,0.00012872774082817173,0.00012870012870003222
2020-05-27,Wednesday,-0.004603291787901198,0.004603291787901198,0.004950710036044707,0.0004777000911972973,0.003997740407595707
2020-05-28,Thursday,-0.0003068156914310949,0.0003068156914310949,0.004821389436774027,0.0002629848783695099,0.0004382505039880469
2020-05-29,Friday,-0.0016440252660724353,0.0016440252660724353,0.0027688846586483794,0.0008652764558275683,0.000563038676425931
2020-06-01,Monday,-0.000559067647185274,0.000559067647185274,0.0028383434395561715,0.0003440416290371173,0.0
2020-06-02,Tuesday,-0.0008943401047656341,0.0008943401047656341,0.002810783186406016,0.0007239896086198572,0.00034088972217494184
2020-06-03,Wednesday,-0.0018201058201058329,0.0018201058201058329,0.003005291005291039,0.0027936507936507926,0.0005091217649555446
2020-06-04,Thursday,-0.0015241320914478607,0.0015241320914478607,0.0033869602032176606,0.0031329381879762197,0.0015713254342379912
2020-06-05,Friday,0.00046756779733070353,0.00046756779733070353,0.006843492306384363,0.00017002465357496277,8.497981729349569e-05
2020-06-08,Monday,0.0015045764199439482,0.0015045764199439482,0.0020061018932586187,0.0005015254733145014,0.0012116654132197091
2020-06-09,Tuesday,0.0007070665058437342,0.0007070665058437342,0.0017884623383104372,0.0005818741421619311,0.00020785699438774508
2020-06-10,Wednesday,0.0015118084497833806,0.0015118084497833806,0.0021655634550952077,0.0006537550053118402,0.000816626515863117
2020-06-11,Thursday,0.0016526194017518758,0.0016526194017518758,0.003966286564204179,0.0011981490662700267,0.0029786529869271217
2020-06-12,Friday,0.0020618556701030855,0.0020618556701030855,0.003113822848727158,0.002272249105827795,4.199386889514045e-05
2020-06-15,Monday,-0.0005160180606321729,0.0005160180606321729,0.0020640722425284445,0.0005160180606321729,0.00038736334681943596
2020-06-16,Tuesday,0.003990784168518058,0.003990784168518058,0.005101620998930342,0.0043610631119888055,0.000245810971363003
2020-06-17,Wednesday,-0.000858579663927439,0.000858579663927439,0.0017989288196573765,0.0005315016967168962,0.0005316755960901309
2020-06-18,Thursday,0.0014383758681626446,0.0014383758681626446,0.003986355977479139,0.0016438581350428638,8.206811653665991e-05
2020-06-19,Friday,0.001096268626415986,0.001096268626415986,0.0016647042104835626,0.0011368711681352117,8.110957904128302e-05
2020-06-22,Monday,-0.0013101330603889627,0.0013101330603889627,0.0017604912998975574,0.0010194472876151606,0.000409376064162581
2020-06-23,Tuesday,-0.00047996141013795235,0.00047996141013795235,0.008200345700848141,0.0006431643686939381,4.263191763187457e-05
2020-06-24,Wednesday,0.0005600074130476251,0.0005600074130476251,0.0022964332765267985,0.0010112364077337066,0.0014924596711265448
2020-06-25,Thursday,0.002589821590068153,0.002589821590068153,0.004521910712817538,0.0024253884732385877,0.00045122651571083416
2020-06-26,Friday,-0.0019496344435417923,0.0019496344435417923,0.003046303818034119,0.00040617384240448917,0.0013817768024059207
2020-06-29,Monday,-0.0005824596438676055,0.0005824596438676055,0.0023298385754701376,0.0005408553835913876,8.32500832501637e-05
2020-06-30,Tuesday,-0.0008227017954982596,0.0008227017954982596,0.002057783380435995,0.0014811924772377694,0.0003296250515039123
2020-07-01,Wednesday,0.0032412284255733947,0.0032412284255733947,0.003646381978769977,0.0004861842638359537,0.0023072252580449426
2020-07-02,Thursday,0.003807408582533478,0.003807408582533478,0.0044023161735544285,0.0024986118822876158,0.0011471065226849042
2020-07-06,Monday,0.00019543464665416899,0.00019543464665416899,0.0007817385866165909,7.8173858661712e-05,0.00019543464665416899
2020-07-07,Tuesday,0.0009313154831198656,0.0009313154831198656,0.0017074117190531539,0.00019441210710124945,0.00128100617212068
2020-07-08,Wednesday,0.00038794273965181425,0.00038794273965181425,0.002017302246188392,0.0008534740272334584,0.0012036030439508405
2020-07-09,Thursday,0.00011462193863898129,0.00011462193863898129,0.0016429144538264884,7.641462575924685e-05,0.0001527883880826364
2020-07-10,Friday,0.0029517748984129177,0.0029517748984129177,0.004676838150732298,0.0024150885532470134,0.0006119248862201943
2020-07-13,Monday,0.000453643960724337,0.000453643960724337,0.0011622283291280748,3.3742112780954514e-05,0.00048740251949608293
2020-07-14,Tuesday,-0.01095256459699201,0.01095256459699201,0.011685306594677874,0.0033551870420363006,0.007545379470902613
2020-07-15,Wednesday,0.0001529285823520521,0.0001529285823520521,0.0022174644441045424,3.823214558795751e-05,7.645844483539221e-05
2020-07-16,Thursday,-0.0006207806316443909,0.0006207806316443909,0.0041902692635989135,0.0030263055792660865,0.0027246174382522526
2020-07-17,Friday,-0.00019296079036745795,0.00019296079036745795,0.0015822784810127547,0.00015436863229401077,0.0002702702702701565
2020-07-20,Monday,0.0017321016166280678,0.0017321016166280678,0.0021939953810623295,0.001385681293302632,0.0004997693372290613
2020-07-21,Tuesday,-0.00126318918115631,0.00126318918115631,0.0016718680338831497,0.0005201367216527419,0.0008177222717812294
2020-07-22,Wednesday,-0.0002262528752969839,0.0002262528752969839,0.004110260567894837,0.001319808439232295,0.0010572021899186712
2020-07-23,Thursday,-0.0024125452352231624,0.0024125452352231624,0.003279553679131501,0.0004900482509047066,0.0018481499641685994
2020-07-24,Friday,-0.0010583669789503425,0.0010583669789503425,0.0030967033828544236,0.00031359021598531545,0.0010192081536651854
2020-07-27,Monday,-0.0008928571428572507,0.0008928571428572507,0.0019021739130435135,0.0011257763975156543,0.0003070453299960363
2020-07-28,Tuesday,0.0020064824818644134,0.0020064824818644134,0.002160827288161762,0.0011961722488038617,0.0008093421204762308
2020-07-29,Wednesday,-0.0007727676674007533,0.0007727676674007533,0.0028592403693829802,0.0017773656350217326,0.0010063866847300762
2020-07-30,Thursday,-0.004143111592968318,0.004143111592968318,0.005227290327576949,0.00046464802911794223,0.003178171388705797
2020-07-31,Friday,-0.0015013887846259122,0.0015013887846259122,0.0021394790180917092,0.0008257638315443128,0.0007512583577493626
2020-08-03,Monday,3.729951510633711e-05,3.729951510633711e-05,0.001342782543826769,0.00026109660574413773,0.0002982959841902888
2020-08-04,Tuesday,0.00011174849139550247,0.00011174849139550247,0.001899724353721191,0.0008939879311627985,0.000782764276129555
2020-08-05,Wednesday,-0.0014763961170782824,0.0014763961170782824,0.002214594175617192,0.0008489277673200402,0.0004433770552374483
2020-08-06,Thursday,0.0022561674742020976,0.0022561674742020976,0.0029219218108518714,0.0022561674742020976,0.0003320175600397546
2020-08-07,Friday,-0.0006207097999124667,0.0006207097999124667,0.0046735796699283365,0.001606543011537842,0.0009874195435926048
2020-08-10,Monday,0.0002577319587628857,0.0002577319587628857,0.00110456553755527,0.0,3.681071928141044e-05
2020-08-11,Tuesday,-0.003262038032397996,0.003262038032397996,0.008080957852985902,0.0005560292100676989,0.002707514279356227
2020-08-12,Wednesday,-0.0013457440843333002,0.0013457440843333002,0.0029531606295090415,0.0014205076445740206,0.00011228385358197368
2020-08-13,Thursday,0.002975206611570247,0.002975206611570247,0.0037098255280073127,0.003048668503213836,3.6623329060514465e-05
2020-08-14,Friday,-0.0008046229244387249,0.0008046229244387249,0.002450442542608499,0.0006949016165606059,3.6601881336695286e-05
2020-08-17,Monday,0.000950084045896249,0.000950084045896249,0.0016078345392092294,0.000950084045896249,0.00010950903449524763
2020-08-18,Tuesday,-0.00039910346323490664,0.00039910346323490664,0.0011568216325645042,0.0002530547321235588,0.0005075004518344528
2020-08-19,Wednesday,-0.00014404551838387292,0.00014404551838387292,0.0008642731103028885,0.00046814793474736494,0.00028821558525771174
2020-08-20,Thursday,-0.0009780482503802812,0.0009780482503802812,0.0017749764543940052,0.0009056002318336143,0.00010879025239352025
2020-08-21,Friday,0.002401605849881472,0.002401605849881472,0.0031185031185031347,0.0019714674887088,0.000429292025900585
2020-08-24,Monday,0.0005263527265071399,0.0005263527265071399,0.0016843287248226588,3.509018176717227e-05,0.00038593782892437645
2020-08-25,Tuesday,-0.00038778819713747303,0.00038778819713747303,0.0011986180638794042,0.0005288020870056753,0.00010581264108355803
2020-08-26,Wednesday,-0.00013950406305596186,0.00013950406305596186,0.0014996686778502662,0.0009765284413909558,0.0008378425554198543
2020-08-27,Thursday,0.00020554280428908278,0.00020554280428908278,0.0021581994450344125,0.00034257134048176763,0.0006854714329782574
2020-08-28,Friday,0.00017135023989034437,0.00017135023989034437,0.0015078821110349476,0.00013708019191238652,0.0004113392520481707
2020-08-31,Monday,-0.0006141877367181747,0.0006141877367181747,0.001808441669225883,0.0006141877367182857,0.001193561587778058
2020-09-01,Tuesday,-0.0026161328190507094,0.0026161328190507094,0.0035887975851081446,0.00033875565990271195,0.0020136255327718455
2020-09-02,Wednesday,-0.00032953272259927946,0.00032953272259927946,0.0008567850787584781,0.0003954392671192686,0.00013187392852431756
2020-09-03,Thursday,-0.0002672456990147065,0.0002672456990147065,0.0025388341406380184,0.0002973108401536084,6.68337510443262e-05
2020-09-04,Friday,0.0017565431231336692,0.0017565431231336692,0.010293342701563348,0.0018268048480591936,0.00017531556802252712
2020-09-08,Tuesday,0.004071153493489854,0.004071153493489854,0.009609389326975994,0.0013203741059968355,0.0026002563633034104
2020-09-09,Wednesday,-0.0008408584067559621,0.0008408584067559621,0.004825796073556807,0.0004387087339596807,0.0014249698564068325
2020-09-10,Thursday,0.0032569792412313614,0.0032569792412313614,0.0063350035790982065,0.0011811023622048111,0.0020734279483787255
2020-09-11,Friday,-0.0030247813411078406,0.0030247813411078406,0.003717201166180899,0.0012026239067054467,0.001860770577933435
2020-09-14,Monday,-3.657109420707183e-05,3.657109420707183e-05,0.002486834406085455,0.0010239906378000097,0.0009864815491413825
2020-09-15,Tuesday,0.0005389092476828505,0.0005389092476828505,0.001904146008478741,0.0014011640439750561,0.0008252009184845921
2020-09-16,Wednesday,-0.0008911385185713661,0.0008911385185713661,0.0019248592001141385,0.0006772652741141583,0.00014268897370939282
2020-09-17,Thursday,-0.004898140932873218,0.004898140932873218,0.005528962113622061,0.0026346061078335037,0.002232392008036488
2020-09-18,Friday,0.0013986528764400319,0.0013986528764400319,0.0016923699804925825,0.0014722661857262676,0.00018374246655894488
2020-09-21,Monday,0.0016012199771255897,0.0016012199771255897,0.003926801372474378,0.0013343499809379544,0.0025950236605098986
2020-09-22,Tuesday,0.0018956993643832742,0.0018956993643832742,0.0030479872133221207,0.003047987213322223,0.0010007041992512455
2020-09-23,Wednesday,-0.0004045158680543448,0.0004045158680543448,0.005957415511344848,0.0004412900378774065,0.0004780290494575956
2020-09-24,Thursday,-0.0038195638058133863,0.0038195638058133863,0.0067988235743477055,0.004927619265879812,0.0009978890807906815
2020-09-25,Friday,0.0007892363199040187,0.0007892363199040187,0.004096512327119783,0.0007892363199036856,0.0013913959085438687
2020-09-28,Monday,-0.0010470826112072285,0.0010470826112072285,0.0020587810514153663,0.0006860196418255748,0.00025294500252937
2020-09-29,Tuesday,0.0003247338986109849,0.0003247338986109849,0.0020566480245354257,0.00021648926574058258,0.0005774505557962772
2020-09-30,Wednesday,0.0015972701201583117,0.0015972701201583117,0.0035575561767162236,0.0024685083675171082,0.0005795631542723223
2020-10-01,Thursday,3.547860640029654e-05,3.547860640029654e-05,0.0035833392464343678,0.002306109416022162,0.002124119375508937
2020-10-02,Friday,-0.0026730241294609103,0.0026730241294609103,0.004912584886577134,0.0023118046525067992,0.0003982477100754611
2020-10-05,Monday,0.00032612240460916375,0.00032612240460916375,0.0021741493640611872,7.24716454687524e-05,0.0002173913043477249
2020-10-06,Tuesday,0.00014324082363481594,0.00014324082363481594,0.0020053715308863108,0.00014324082363481594,0.0003223495702007195
2020-10-07,Wednesday,0.0011173619581894556,0.0011173619581894556,0.0022722338078093986,0.0014058995845778188,0.0002953337271116574
2020-10-08,Thursday,0.00017724211272573953,0.00017724211272573953,0.0019496632399858607,3.544842254532554e-05,0.00028361754174488496
2020-10-09,Friday,0.0020160577229157983,0.0020160577229157983,0.0025112297952111073,0.000707388674707321,0.001343135868796752
2020-10-12,Monday,-0.0005837912087912622,0.0005837912087912622,0.0020260989010990106,0.000618131868131977,0.0009954689001785422
2020-10-13,Tuesday,-0.0035976060789455477,0.0035976060789455477,0.0076323044852396665,0.0015466343890795375,0.0018524755810035431
2020-10-14,Wednesday,0.0005752961082909902,0.0005752961082909902,0.0023011844331641516,0.0005752961082911012,0.0008801326969296586
2020-10-15,Thursday,-0.0005904622972456863,0.0005904622972456863,0.003542773783473939,0.0018408530443542181,0.0011133532809128877
2020-10-16,Friday,0.002127951674903983,0.002127951674903983,0.0022995606809445906,0.0011669412410761915,0.000856956775100226
2020-10-19,Monday,-0.0009308397110541211,0.0009308397110541211,0.0017556518218846161,0.0008275660744727631,0.00010338054378178363
2020-10-20,Tuesday,0.0004208085988268717,0.0004208085988268717,0.001721170395869223,0.0008781481611577213,0.00021132446379057424
2020-10-21,Wednesday,0.0010545556805396927,0.0010545556805396927,0.001687289088863756,0.0007733408323957747,0.00014047903350422608
2020-10-22,Thursday,-0.0006671348314606362,0.0006671348314606362,0.0024929775280898158,0.00010533707865179043,0.0005267593763168543
2020-10-23,Friday,-0.0001403262585512044,0.0001403262585512044,0.0010173653744957743,0.0003157340817401266,3.508771929827681e-05
2020-10-26,Monday,-7.090689924127425e-05,7.090689924127425e-05,0.001028150038998867,3.54534496205261e-05,0.00010637920641132226
2020-10-27,Tuesday,-0.0008520911737556203,0.0008520911737556203,0.001171625363914084,7.100759781308863e-05,0.0007456591982387684
2020-10-28,Wednesday,-0.003011832197920339,0.003011832197920339,0.004446038006453959,0.0024381498745068564,0.0005750844655310061
2020-10-29,Thursday,0.0029357798165137172,0.0029357798165137172,0.0049908256880734445,0.0020183486238531945,0.0007323324789454411
2020-10-30,Friday,0.0038787806033153682,0.0038787806033153682,0.0051970828993281705,0.003549388025188893,0.0005106693416014885
2020-11-02,Monday,-0.0009564097848079323,0.0009564097848079323,0.0015449696523818866,0.00018392495861696556,0.0005519982336057438
2020-11-03,Tuesday,-0.0009195909659382995,0.0009195909659382995,0.0027587728978150515,0.0001839181931877487,0.00044161483825855274
2020-11-04,Wednesday,-0.004479440069991125,0.004479440069991125,0.005109361329833699,0.004059492563429634,0.0002460111056441505
2020-11-05,Thursday,-0.0005777400169924007,0.0005777400169924007,0.0015972812234495404,0.0001699235344095884,0.0004418612555657786
2020-11-06,Friday,0.0057280054879094155,0.0057280054879094155,0.005830903790087424,0.0035328417081117447,0.0022902068022561117
2020-11-09,Monday,0.0016877215218951136,0.0016877215218951136,0.012161324016858183,0.00942367485484108,0.007663732806800327
2020-11-10,Tuesday,0.0009846326968385721,0.0009846326968385721,0.004571508949607945,0.0017582726729261644,0.0024652227504842195
2020-11-11,Wednesday,-0.0022657557166758657,0.0022657557166758657,0.0034857780256553265,0.0016383156720578551,0.0006982508815417399
2020-11-12,Thursday,0.0009641873278238844,0.0009641873278238844,0.002685950413223047,0.001756198347107496,0.0009279945007732993
2020-11-13,Friday,-0.00027555800496004146,0.00027555800496004146,0.0017222375310002756,0.0005166712592999945,0.00010337341924815391
2020-11-16,Monday,0.00020671122441950907,0.00020671122441950907,0.001515882312409556,0.0009991042513607384,0.0010689286576324175
2020-11-17,Tuesday,0.00030674846625777796,0.00030674846625777796,0.0035787321063395073,0.000579413769597692,0.0008866759881320796
2020-11-18,Wednesday,-0.00030780806457120224,0.00030780806457120224,0.0012996340504121053,0.00020520537638091252,0.00013682698228079104
2020-11-19,Thursday,6.903931789148388e-05,6.903931789148388e-05,0.001346266698884968,0.00031067693051178846,0.0004834754981524192
2020-11-20,Friday,-0.000444353295050548,0.000444353295050548,0.0008203445447086145,0.00047853431774669275,9.574024304348505e-05
2020-11-23,Monday,0.0001373013421206437,0.0001373013421206437,0.003260906875364668,0.00020595201318096557,0.0007556242486692621
2020-11-24,Tuesday,0.00041172030467295784,0.00041172030467295784,0.0011322308378507655,0.00024017017772592908,0.0002058177826564922
2020-11-25,Wednesday,0.001764266811427051,0.001764266811427051,0.002985682296261096,0.0020356924747233496,0.00023702299123007364
2020-11-27,Friday,0.0013763007720712928,0.0013763007720712928,0.002148371936891529,0.0016448472641825695,0.0002681054995140597
2020-11-30,Monday,0.00013362284950724224,0.00013362284950724224,0.0014698513445799155,0.00020043427426097438,0.0003007016371532334
2020-12-01,Tuesday,-0.0001324678765398657,0.0001324678765398657,0.001490263611074277,0.000562988475294568,0.00043076311342327145
2020-12-02,Wednesday,0.00023142025919065112,0.00023142025919065112,0.0008926209997356475,0.0,0.0003637085041661159
2020-12-03,Thursday,-0.0008210180623974273,0.0008210180623974273,0.002068965517241364,0.0015763546798029937,0.0006248766690784002
2020-12-04,Friday,-0.001312594342718465,0.001312594342718465,0.002461114392596968,9.844457570395981e-05,0.001050351211186351
2020-12-07,Monday,0.00045814516656861315,0.00045814516656861315,0.0007853917141174458,0.0,0.0003926701570680091
2020-12-08,Tuesday,0.0008819306739145105,0.0008819306739145105,0.0010125386967081787,0.0006860186397239509,0.00016314278256324144
2020-12-09,Wednesday,0.00012987012987020208,0.00012987012987020208,0.000909090909091005,0.0002597402597401821,0.00032473858543879963
2020-12-10,Thursday,-0.003867164079674912,0.003867164079674912,0.004829791486243383,0.0008327226700419743,0.0031366666666665655
2020-12-11,Friday,0.0010318199973371467,0.0010318199973371467,0.0013646651577686893,0.0006324058048194914,0.0002993414488126067
2020-12-14,Monday,0.000726240385567456,0.000726240385567456,0.0016505463308355065,0.000726240385567456,0.00016496205872629233
2020-12-15,Tuesday,0.0009478672985783199,0.0009478672985783199,0.0012747180911913266,0.0005556463474425399,0.00045736687357078587
2020-12-16,Wednesday,0.0011705413753861915,0.0011705413753861915,0.002340432450008011,0.001268086490001652,0.00012989121610640364
2020-12-17,Thursday,0.0003865979381443285,0.0003865979381443285,0.005186855670102954,0.00016108247422685906,0.0002576987501610173
2020-12-18,Friday,0.0008348585556947619,0.0008348585556947619,0.001155958000192521,0.001027518222393553,0.00019246190858057677
2020-12-21,Monday,0.0011433798307796117,0.0011433798307796117,0.0017640717389172636,0.0008493678742935717,6.526563111863837e-05
2020-12-22,Tuesday,-0.0005151320025756911,0.0005151320025756911,0.0055376690276882495,0.0002253702511270106,0.00028982706984825857
2020-12-23,Wednesday,0.000645598631330957,0.000645598631330957,0.0018076761677265317,0.0008702669550340048,0.0002580062566516217
2020-12-24,Thursday,-9.723527695837397e-05,9.723527695837397e-05,0.00029170583087536055,0.00012964703594453564,9.723527695837397e-05
2020-12-28,Monday,0.0010574550581599063,0.0010574550581599063,0.0013138077995320542,0.0004806613900727452,0.000512426338713734
2020-12-29,Tuesday,6.369426751584584e-05,6.369426751584584e-05,0.00044585987261142154,6.369426751584584e-05,3.184611955031613e-05
2020-12-30,Wednesday,0.00019100372457270254,0.00019100372457270254,0.0007321809441951364,0.000604845127813336,0.00031817747939810737
2020-12-31,Thursday,-0.00019164430816409617,0.00019164430816409617,0.00051105148843754,6.388143605473573e-05,9.583133684720746e-05
2021-01-04,Monday,-0.0001268472125324216,0.0001268472125324216,0.0010464895033931126,0.0005708124563963413,0.0005705591479649996
2021-01-05,Tuesday,-0.0017567729931060594,0.0017567729931060594,0.0025978158862936356,0.00028900701735024015,0.001980390883708716
2021-01-06,Wednesday,-0.004772727272727373,0.004772727272727373,0.005844155844155881,0.0018181818181818299,0.0027977487881843954
2021-01-07,Thursday,-0.0010961730663830993,0.0010961730663830993,0.0015475384466583427,0.0003224038430539311,0.001031758826374296
2021-01-08,Friday,0.0009492810870597168,0.0009492810870597168,0.002370042660767894,0.0020224364038552434,0.0012284795358515899
2021-01-11,Monday,-0.0013258831328722964,0.0013258831328722964,0.002051961991350299,0.001010196672664665,0.0004107684529828237
2021-01-12,Tuesday,-0.0020016521573361645,0.0020016521573361645,0.004066848827603649,0.000698989642244463,0.0012083055105091
2021-01-13,Wednesday,0.001916381871027495,0.001916381871027495,0.0019802612667284315,0.0011178894247660942,0.0007656723560376388
2021-01-14,Thursday,0.0007274337402745079,0.0007274337402745079,0.001518122588398891,0.00018976532354986198,0.00044265975274293545
2021-01-15,Friday,-0.0006043256997455559,0.0006043256997455559,0.0012404580152671322,9.541984732819309e-05,0.0005102261536074071
2021-01-19,Tuesday,-0.00022271714922050823,0.00022271714922050823,0.0009863188036907486,0.00044543429844101645,0.0006042872590802384
2021-01-20,Wednesday,0.0011585308576260722,0.0011585308576260722,0.0013777123712308537,0.0006262328960140451,0.0005006571124601678
2021-01-21,Thursday,-0.0028567917920993002,0.0028567917920993002,0.0045155741229955465,0.0007679547828224331,0.002029083530605269
2021-01-22,Friday,0.0010789814415193,0.0010789814415193,0.0016030581416856212,0.0006782169060979282,0.0003696743784848966
2021-01-25,Monday,-0.00027377258623850764,0.00027377258623850764,0.0010950903449535002,0.0003644217314594522,6.085871648964236e-05
2021-01-26,Tuesday,0.0006702821278410376,0.0006702821278410376,0.0011272926695507517,0.0005484126500516773,6.0897631082079684e-05
2021-01-27,Wednesday,0.001349693251533779,0.001349693251533779,0.010368098159509188,0.00033742331288344474,0.0016876860290282458
2021-01-28,Thursday,0.009248445440484865,0.009248445440484865,0.010163820586471294,0.004324358448281274,0.004587155963302836
2021-01-29,Friday,0.004549819551231904,0.004549819551231904,0.007374862702024058,0.004927035932841939,0.000500218572409783
2021-02-01,Monday,0.00018871485185889547,0.00018871485185889547,0.0012266465370824255,0.0006605019815058011,0.0003457923359844184
2021-02-02,Tuesday,0.0008302327726701364,0.0008302327726701364,0.001509793671781266,0.0008917314965715128,0.00012288031457352577
2021-02-03,Wednesday,6.060973392330027e-05,6.060973392330027e-05,0.0010909752106188666,0.00036365840353957957,0.00030312215822991817
2021-02-04,Thursday,-0.00018295471870710678,0.00018295471870710678,0.0015246226558926666,0.0003049245311784743,0.00015251342118105526
2021-02-05,Friday,0.0006044304753844987,0.0006044304753844987,0.0026897156154612905,0.0016924053310767295,0.0010861366721979238
2021-02-08,Monday,0.00021031126066595185,0.00021031126066595185,0.0006309337819972947,0.00012017786323759161,3.0039050766150766e-05
2021-02-09,Tuesday,-6.0058256508788155e-05,6.0058256508788155e-05,0.0005705534368337219,6.005825650867713e-05,9.008467959870092e-05
2021-02-10,Wednesday,0.0018239445042458335,0.0018239445042458335,0.0022425547183351274,0.002093051070445995,0.00017904568649096397
2021-02-11,Thursday,-0.0005382775119615602,0.0005382775119615602,0.0008373205741625979,0.00011991626794261023,0.00047849751779405203
2021-02-12,Friday,-0.0014366525994433665,0.0014366525994433665,0.0017658854868156445,0.0003292328873724104,0.0010479669441284534
2021-02-16,Tuesday,-0.0014786337424219642,0.0014786337424219642,0.0017447878160580567,0.001449061067573476,0.00017766722927958778
2021-02-17,Wednesday,-0.003467240554758555,0.003467240554758555,0.00511119081779047,0.001225490196078538,0.0022445009726170806
2021-02-18,Thursday,-0.0019620864525475845,0.0019620864525475845,0.0029884085969571128,0.001297995653223749,0.0005139056831923172
2021-02-19,Friday,0.0005083428024639236,0.0005083428024639236,0.001046588122720001,0.00017941510675201222,0.0005981040102873703
2021-02-22,Monday,0.0018380100477883854,0.0018380100477883854,0.0027570150716823222,0.0015623085406200055,0.00027527144823369376
2021-02-23,Tuesday,0.0014511498785449994,0.0014511498785449994,0.003911795324773681,0.0013249629325846612,0.0027797959377073855
2021-02-24,Wednesday,-0.010912698412698374,0.010912698412698374,0.013203745039682585,0.0026351686507937178,0.007991045054569157
2021-02-25,Thursday,0.002928257686676483,0.002928257686676483,0.004641599950157344,0.0031463194293013252,9.3190854870695e-05
2021-02-26,Friday,0.006691520887104563,0.006691520887104563,0.007966096294172005,0.006978300353694733,0.00044293985509535894
2021-03-01,Monday,0.001225259189443939,0.001225259189443939,0.0033616085453974025,0.0002513352183475259,0.000816505982476512
2021-03-02,Tuesday,-0.00030922415659095925,0.00030922415659095925,0.002381026005751513,0.0016079656142736765,0.0013938793210259703
2021-03-03,Wednesday,-0.00626978902159947,0.00626978902159947,0.008652308849807175,0.006332486911815316,9.464916708745719e-05
2021-03-04,Thursday,-0.00025876568766991515,0.00025876568766991515,0.003558028205460029,0.0008409884849269744,0.0010019716215780017
2021-03-05,Friday,-0.0005246073641759219,0.0005246073641759219,0.012688940621003982,0.0016066100527886151,0.0007879444499163668
2021-03-08,Monday,0.0028047746396191453,0.0028047746396191453,0.005055117083034411,0.0006848868306046363,0.0035248041775457484
2021-03-09,Tuesday,0.0019250848342469151,0.0019250848342469151,0.0041111981205951146,0.001239885147481079,0.0006843511699146099
2021-03-10,Wednesday,0.010648907763086024,0.010648907763086024,0.013415693465881723,0.007914293987067111,0.0027451481103166753
2021-03-11,Thursday,-0.0013622384960382261,0.0013622384960382261,0.0030974332392513103,0.0007301092635377815,0.0005377534558568264
2021-03-12,Friday,-0.0025473650692565686,0.0025473650692565686,0.0068142015602612425,0.0001273682534629339,0.0024838391236504664
2021-03-15,Monday,0.0006347392808405683,0.0006347392808405683,0.0018090069503951037,0.00015868482021019759,0.00034900691668249273
2021-03-16,Tuesday,-0.0006234413965087171,0.0006234413965087171,0.002556109725685764,0.0003117206982544696,0.00031181789834722196
2021-03-17,Wednesday,0.0005991989655933505,0.0005991989655933505,0.01211012646251845,0.00028383108896523623,0.0008832807570977597
2021-03-18,Thursday,-0.0008804039129062247,0.0008804039129062247,0.0022088987062164364,0.0005364468286523927,6.632975363229932e-05
2021-03-19,Friday,-0.0013692959271405236,0.0013692959271405236,0.002229086393019739,0.00044581727860415477,0.0018778446163149054
2021-03-22,Monday,0.0002219896616242334,0.0002219896616242334,0.0011416611169251694,3.171280880343019e-05,0.00019027081879885444
2021-03-23,Tuesday,0.00210097209156479,0.00210097209156479,0.002728127939793053,0.0009407337723423836,0.0012218810702424587
2021-03-24,Wednesday,-0.0007518796992481702,0.0007518796992481702,0.0017230576441103114,3.1328320801993215e-05,0.0006579565748662253
2021-03-25,Thursday,-0.0005157131345689958,0.0005157131345689958,0.003255439161966127,0.0017727639000806317,0.0012592831772682
2021-03-26,Friday,0.0037481017157257046,0.0037481017157257046,0.0050082393615301125,0.0042973924844098566,0.0006433971368828839
2021-03-29,Monday,-0.002597484874402034,0.002597484874402034,0.0033260477050271195,0.0018689220437770881,0.0006982132089243809
2021-03-30,Tuesday,0.00012756729174645542,0.00012756729174645542,0.0015626993238933827,0.00015945911468306928,9.56724176421897e-05
2021-03-31,Wednesday,-0.00018980734554430168,0.00018980734554430168,0.0013602859764006415,0.0009174021701305879,0.0011061946902654052
2021-04-01,Thursday,0.00015496668216341547,0.00015496668216341547,0.0013327134666045251,0.00018596001859605416,0.0002479697476907017
2021-04-05,Monday,0.0031884235698080854,0.0031884235698080854,0.003924213624379094,0.003038199766999705,0.00012225686166633665
2021-04-06,Tuesday,0.0,0.0,0.0025960144927536445,0.00048309178743954906,0.00033223594792963773
2021-04-07,Wednesday,-0.0020876826722338038,0.0020876826722338038,0.0024810141901908966,0.0007564067653020867,0.0012415589134846527
2021-04-08,Thursday,-2.9915041282690957e-05,2.9915041282690957e-05,0.0018547325595309459,0.00011966016513087485,0.0003591201556187862
2021-04-09,Friday,-0.0034106207928197296,0.0034106207928197296,0.004936424831712722,0.0012565445026178068,0.002067106051527823
2021-04-12,Monday,0.0002677057616227163,0.0002677057616227163,0.0010113328772419614,0.0002677057616227163,5.947071067513576e-05
2021-04-13,Tuesday,0.0046319665073191185,0.0046319665073191185,0.006116571157100871,0.004453813949345298,0.00014779781259233182
2021-04-14,Wednesday,-0.0007025349803876368,0.0007025349803876368,0.0014899596042386703,0.0005561735261401246,0.0013164438463563188
2021-04-15,Thursday,0.0011496285815351115,0.0011496285815351115,0.0020339582596391867,0.0011201509255984732,0.00011776135661090148
2021-04-16,Friday,0.0002044571662236372,0.0002044571662236372,0.0007302041650845576,2.920816660334502e-05,0.00014603230234522258
2021-04-19,Monday,-0.0002642938948109741,0.0002642938948109741,0.0011159075558687796,0.00044048982468503084,0.0003526093088856985
2021-04-20,Tuesday,5.9229425178441986e-05,5.9229425178441986e-05,0.0014215062042821729,0.0005034501140164238,0.0005919086093106873
2021-04-21,Wednesday,0.0006866491521375639,0.0006866491521375639,0.002059947456412699,0.0001492715548123691,0.0007762816110827853
2021-04-22,Thursday,0.0004416236162361198,0.0004416236162361198,0.0017121771217713385,0.001092250922509308,0.000590976113240993
2021-04-23,Friday,-0.00014891589230403568,0.00014891589230403568,0.0007743626399809117,8.934953538231039e-05,2.97867270345753e-05
2021-04-26,Monday,0.0012986246384509847,0.0012986246384509847,0.002036479546661938,0.0004722271412549439,0.0005603562686171681
2021-04-27,Tuesday,-0.00035070286699590003,0.00035070286699590003,0.0007890814507408066,0.00040915334482871657,5.847440283024419e-05
2021-04-28,Wednesday,0.0,0.0,0.0008245236903323794,8.834182396411094e-05,0.00017671487055626045
2021-04-29,Thursday,0.0013736665205319465,0.0013736665205319465,0.0023381557796288512,0.001344439573286671,0.0002043497299664132
2021-04-30,Friday,-0.0003254919366770803,0.0003254919366770803,0.002929427430093068,0.0014795088030773451,0.0010963937535186652
2021-05-03,Monday,5.9026650532922886e-05,5.9026650532922886e-05,0.001210046335920742,0.0005017265295281792,0.0005604058518169364
2021-05-04,Tuesday,0.0014109453333732702,0.0014109453333732702,0.0016811263546576273,0.000960643631232827,0.0003298647554501599
2021-05-05,Wednesday,-0.0007522643155899456,0.0007522643155899456,0.002798423253994544,0.0012337134775673997,0.0005121870386548544
2021-05-06,Thursday,-0.000608272506082641,0.000608272506082641,0.0017944038929441357,0.00039537712895376664,0.0001825594839651723
2021-05-07,Friday,0.009230306674684385,0.009230306674684385,0.013529765484064942,0.01184606133493693,0.002555492823819394
2021-05-10,Monday,6.004202942055947e-05,6.004202942055947e-05,0.0012909036325426297,0.0006004202942058168,0.00024309650931420013
2021-05-11,Tuesday,-0.0007204159619119688,0.0007204159619119688,0.0019106684207227866,0.00034454676439277243,0.0011271486270704179
2021-05-12,Wednesday,-0.007977243213159513,0.007977243213159513,0.01335724444994123,0.004483334363984848,0.0035096437556295657
2021-05-13,Thursday,0.0013492312519611804,0.0013492312519611804,0.0070599309695638535,0.003514276749293943,0.0020326474451184406
2021-05-14,Friday,-0.000866631588721356,0.000866631588721356,0.0037450865084031684,0.0026308458943327118,0.0018310471106697257
2021-05-17,Monday,-9.243568017258674e-05,9.243568017258674e-05,0.0015113233708211285,0.0005238021876445842,0.0004927929037822354
2021-05-18,Tuesday,-0.0007971058924519658,0.0007971058924519658,0.0022717517934882133,0.0007051321356307261,0.0001533883486211085
2021-05-19,Wednesday,-0.00280341449585797,0.00280341449585797,0.004472863577660752,0.0005039846284689009,0.002489208179727198
2021-05-20,Thursday,0.0033155676747644858,0.0033155676747644858,0.003687407040158644,0.0016422905304906976,0.001645744266189908
2021-05-21,Friday,-0.0010905125408942062,0.0010905125408942062,0.0016660608263662042,0.0009087604507451719,0.00018222054993022319
2021-05-24,Monday,-0.00015179574364743154,0.00015179574364743154,0.0007893378669663552,0.00039466893348305554,0.00048558421851296885
2021-05-25,Tuesday,-0.0006580915345498761,0.0006580915345498761,0.0014657493269518668,0.00014956625785234046,0.0007477641850865968
2021-05-26,Wednesday,-0.0017632994620443432,0.0017632994620443432,0.0022414823670053796,0.0002689778840407886,0.001375310192244572
2021-05-27,Thursday,0.0015937453014582825,0.0015937453014582825,0.003367914599308388,0.0003307773267178238,0.001322751322751392
2021-05-28,Friday,-0.0006587812546787752,0.0006587812546787752,0.0018565653540949382,2.9944602485398875e-05,0.0005091344713985535
2021-06-01,Tuesday,-0.00029838276541138686,0.00029838276541138686,0.0010741779554813322,0.0007459569135286337,0.0003881639843539286
2021-06-02,Wednesday,0.0002400744230710572,0.0002400744230710572,0.0007202232692134834,9.002790865153543e-05,0.0002400744230710572
2021-06-03,Thursday,0.0009728157105191038,0.0009728157105191038,0.0026972148983240487,0.0015698396823953242,0.0005114083398898295
2021-06-04,Friday,0.0034197863390128536,0.0034197863390128536,0.0059014012044910835,0.0023000332899554277,0.0007847872019317581
2021-06-07,Monday,0.0003566631596776393,0.0003566631596776393,0.0011898712434065058,0.0009530898481020511,0.0004469606674614157
2021-06-08,Tuesday,-0.0008267879288963442,0.0008267879288963442,0.001624047717474619,0.00029528140317724993,0.0005611838024632831
2021-06-09,Wednesday,0.0009180289031034405,0.0009180289031034405,0.0016583747927031577,0.0010957119166075113,0.00011833269236449784
2021-06-10,Thursday,0.0031240702171970725,0.0031240702171970725,0.007765545968461808,0.0008925914906278143,0.003930560104814962
2021-06-11,Friday,-0.0004430621167219595,0.0004430621167219595,0.0012352923916551517,0.0009095977230715313,0.0004669603524227739
2021-06-14,Monday,-0.0007017133500965,0.0007017133500965,0.0012864744751768836,0.0005555230688263357,0.00014627153848412178
2021-06-15,Tuesday,-0.0019715900855196145,0.0019715900855196145,0.002493114944194686,0.001797361936512587,2.875733457274876e-05
2021-06-16,Wednesday,0.00011677468324866602,0.00011677468324866602,0.00037951772055816967,2.3354936649844227e-05,8.757845569973277e-05
2021-06-17,Thursday,0.0008257151282806685,0.0008257151282806685,0.0015039811265113267,0.0005897965202004141,0.00041268718311515684
2021-06-18,Friday,0.0023589713719893712,0.0023589713719893712,0.003261787576084121,0.00029123103357897584,0.0026217664879981672
2021-06-21,Monday,0.0007004640574381771,0.0007004640574381771,0.0016636021364155212,0.00011674400957306652,0.0008757334267448513
2021-06-22,Tuesday,-0.0016815980980546819,0.0016815980980546819,0.002725348641674633,0.0008697921196834102,0.0009284781662556307
2021-06-23,Wednesday,-0.00020121881108425832,0.00020121881108425832,0.0008048752443370493,0.0002299643555248032,8.626142963952255e-05
2021-06-24,Thursday,-0.0005717062573249443,0.0005717062573249443,0.0012291684532485779,0.0002286825029299555,0.00037168344007321164
2021-06-25,Friday,0.0011429224527115256,0.0011429224527115256,0.002457283273329781,0.0013429338819359593,0.00017121333181147058
2021-06-28,Monday,0.00037080350266704976,0.00037080350266704976,0.0006845603126159021,0.00011295245158171596,0.00028520905823969933
2021-06-29,Tuesday,-2.8318985047515177e-05,2.8318985047515177e-05,0.0008212505663795979,0.00045310376076124204,0.00048166827222750896
2021-06-30,Wednesday,0.00036654824338810954,0.00036654824338810954,0.0009304686178312776,0.00019737213105508467,0.00019733874605321056
2021-07-01,Thursday,-0.0003105151729004829,0.0003105151729004829,0.001157374735356297,0.00028228652081874195,0.0005362232946688472
2021-07-02,Friday,0.0016299002388646677,0.0016299002388646677,0.0041309540536743775,0.00193901924968376,0.00033655868742110684
2021-07-06,Tuesday,-5.568083743978658e-05,5.568083743978658e-05,0.0008073721428770858,0.00022272334975914632,0.00027834219389311077
2021-07-07,Wednesday,-0.00011041793187205329,0.00011041793187205329,0.000772925523104877,0.0004968806934246839,0.0004142845306156495
2021-07-08,Thursday,0.0008382559774964271,0.0008382559774964271,0.002503516174402212,0.0004781997187059961,0.00038801102176222457
2021-07-09,Friday,-0.0012817297779262882,0.0012817297779262882,0.0018668672852406474,0.001170275014628297,5.5802014452766e-05
2021-07-12,Monday,0.0008555972620887253,0.0008555972620887253,0.0009383969971295402,0.0006347979686465166,0.00041381593467226807
2021-07-13,Tuesday,-0.006826314340765305,0.006826314340765305,0.0069639416460226524,0.0034406826314340444,0.003424846710490037
2021-07-14,Wednesday,0.002583482204205012,0.002583482204205012,0.003490449361000518,0.002555998350968647,8.224586029181857e-05
2021-07-15,Thursday,-0.0003030303030303605,0.0003030303030303605,0.0015151515151515464,0.0004683195592287692,0.00079850212016086
2021-07-16,Friday,0.0008302889405513714,0.0008302889405513714,0.0016329015830841775,0.0011624045167719643,0.00033172997180297426
2021-07-19,Monday,0.0008472661545413374,0.0008472661545413374,0.0018922277451422253,0.0006213285133302993,0.00028226261713903966
2021-07-20,Tuesday,-2.8095412019202293e-05,2.8095412019202293e-05,0.0010957210687495946,0.00028095412019224497,0.0003372681281619272
2021-07-21,Wednesday,5.5808242877430914e-05,5.5808242877430914e-05,0.001478918436253117,8.371236431625739e-05,0.0002232703524880364
2021-07-22,Thursday,-0.0008563772479902587,0.0008563772479902587,0.0014088786983065579,0.0006630017403795874,0.00011058277120434834
2021-07-23,Friday,-0.0005750273822562324,0.0005750273822562324,0.0011226725082145897,8.214676889373163e-05,0.0006023931436707208
2021-07-26,Monday,-0.00043281794425087394,0.00043281794425087394,0.0008438588850174278,0.00043554006968649084,5.174010130171158e-05
2021-07-27,Tuesday,0.0004070887724916261,0.0004070887724916261,0.001004152305479427,0.00032567101799307885,0.0002170727736472422
2021-07-28,Wednesday,-0.0005192391779623717,0.0005192391779623717,0.0010658067337122495,0.00010931351114984444,0.0005465526193534354
2021-07-29,Thursday,-0.0008475039641312465,0.0008475039641312465,0.0022691235168680194,0.000822899010334055,8.209281961479853e-05
2021-07-30,Friday,0.0005243259651737109,0.0005243259651737109,0.0019869194469740057,2.7596103430171937e-05,0.000496716154313237
2021-08-02,Monday,0.00010925976509135182,0.00010925976509135182,0.0008740781207320217,0.00030046435400143956,0.00030034129692835254
2021-08-03,Tuesday,0.0013430544896393393,0.0013430544896393393,0.0013430544896393189,0.0005481855059752405,0.0008766883099093903
2021-08-04,Wednesday,-0.00016373311502249077,0.00016373311502249077,0.0013917314776913383,0.00019102196752629474,0.0003819605489318034
2021-08-05,Thursday,-0.00027164316953254275,0.00027164316953254275,0.0008964224594572137,8.149295085990715e-05,0.0003259540947982975
2021-08-06,Friday,-0.0025453560790684726,0.0025453560790684726,0.00452206877877069,0.002653669103709788,0.00021722602367768573
2021-08-09,Monday,-2.714809284665165e-05,2.714809284665165e-05,0.0004615175783901613,8.144427853928882e-05,0.00013572572545406114
2021-08-10,Tuesday,-0.0004874746106974248,0.0004874746106974248,0.0007853757616791346,0.0001624915368991786,0.00029795763584161694
2021-08-11,Wednesday,0.005300546448087529,0.005300546448087529,0.00666666666666666,0.005874316939890711,0.0005704196658969929
2021-08-12,Thursday,-0.0016664390110641136,0.0016664390110641136,0.0019942630788144194,0.0007922414970632508,0.0008475734791524303
2021-08-13,Friday,0.000489889230601781,0.000489889230601781,0.0006259695724356155,5.443213673350655e-05,0.000489889230601781
2021-08-16,Monday,0.0002994419490947031,0.0002994419490947031,0.0009527698380290346,0.0008166598611676346,0.0005711643593441229
2021-08-17,Tuesday,-0.0002724795640327571,0.0002724795640327571,0.002040871934604969,0.00016348773841967645,0.00010900964735383045
2021-08-18,Wednesday,-0.0009847096474191463,0.0009847096474191463,0.001312946196558881,0.00038294264066296435,0.0006019975372827391
2021-08-19,Thursday,-0.001383802288553282,0.001383802288553282,0.0020284652020963164,0.0003390037735011564,0.0017222222222221806
2021-08-20,Friday,0.0020333580633637993,0.0020333580633637993,0.0022806583683676555,0.0013189349600197797,0.0009057473788220971
2021-08-23,Monday,-0.0005420641803989268,0.0005420641803989268,0.0010570251517780876,0.0006775802254986862,0.0001084834020392833
2021-08-24,Tuesday,0.00034805890227573855,0.00034805890227573855,0.0009638554216867835,0.00010709504685413318,0.0004016279318839189
2021-08-25,Wednesday,0.001389965518163061,0.001389965518163061,0.001710726791585326,0.0010424741386223513,0.00021358964090234522
2021-08-26,Thursday,-0.0010156625861976742,0.0010156625861976742,0.0019511412840112295,0.001282942214144378,0.0003479377994273225
2021-08-27,Friday,0.00072298835185447,0.00072298835185447,0.0009907618155040958,0.0007765430445842991,0.00016057378365363917
2021-08-30,Monday,0.00047808764940238113,0.00047808764940238113,0.0008499335989377158,7.968127490043386e-05,0.0003983746315034953
2021-08-31,Tuesday,0.0012119615333947564,0.0012119615333947564,0.0014754314319589045,0.000790409695692329,0.00044755686604891487
2021-09-01,Wednesday,-0.0003933910306845867,0.0003933910306845867,0.0009179124049305605,2.6226068712276174e-05,0.00036717459151835996
2021-09-02,Thursday,0.0003931641853638368,0.0003931641853638368,0.0008387502621094391,0.00041937513105483326,7.859575582913614e-05
2021-09-03,Friday,-0.0012861567536354146,0.0012861567536354146,0.006981993805449171,0.002204840149089282,0.0011577424023154759
2021-09-07,Tuesday,-0.0007857517024620897,0.0007857517024620897,0.001231011000523906,0.0002095337873231351,0.000602520105834059
2021-09-08,Wednesday,0.0007072691552061361,0.0007072691552061361,0.0008906352324819253,0.00039292730844797674,0.0003142183817752553
2021-09-09,Thursday,0.0006568921120395643,0.0006568921120395643,0.001734195175784395,5.360239634244479e-05,0.0007094807651881752
2021-09-10,Friday,-0.0003673962105704698,0.0003673962105704698,0.0005773369023251648,1.3121293234608089e-05,0.0002886911791721847
2021-09-13,Monday,0.00018486240954951327,0.00018486240954951327,0.0007922674694975822,0.00013204457824955718,7.921837866398107e-05
2021-09-14,Tuesday,0.0038017759344926016,0.0038017759344926016,0.0048120380709310425,0.004014462700058452,0.00031772088220494155
2021-09-15,Wednesday,0.0010653598252809982,0.0010653598252809982,0.0014648697597613898,0.0010387258296491453,7.981058288319964e-05
2021-09-16,Thursday,0.0010885148409705003,0.0010885148409705003,0.0018318908299261873,0.0006371794191046831,0.00047759293162452643
2021-09-17,Friday,-0.00010574457398149217,0.00010574457398149217,0.0010310095963202031,0.00013218071747678195,0.0
2021-09-20,Monday,0.0005720044670824986,0.0005720044670824986,0.0018794432489853668,0.0003540980034320018,0.001008256805733243
2021-09-21,Tuesday,-0.001765728566771596,0.001765728566771596,0.0028794958165815556,0.00043464087797451256,0.0022535976106434763
2021-09-22,Wednesday,0.00021765746156976462,0.00021765746156976462,0.000789008298190778,0.0006529723847095159,0.00040785252052855103
2021-09-23,Thursday,-0.002691200602587984,0.002691200602587984,0.003308853199903051,0.0004707717967342706,0.002073755047106274
2021-09-24,Friday,-0.0007826626723881347,0.0007826626723881347,0.0015653253447763585,0.0005667557282810209,5.4016096796782875e-05
2021-09-27,Monday,0.00048606610499035696,0.00048606610499035696,0.0036724994599264334,0.0004320587599915271,5.3984020729869187e-05
2021-09-28,Tuesday,0.00030160122833944314,0.00030160122833944314,0.0018644439570081343,0.0009596402719895814,0.0013174145738985565
2021-09-29,Wednesday,-0.00030385900941964916,0.00030385900941964916,0.0018784011491395454,0.0012154360376784856,0.0009680542110357404
2021-09-30,Thursday,5.541701302314017e-05,5.541701302314017e-05,0.0013022998060405301,0.0006650041562759057,0.0005261554650937139
2021-10-01,Friday,-0.0020326901122156293,0.0020326901122156293,0.003592014033915194,0.0031464929134296105,0.0011452833878040636
2021-10-04,Monday,0.0013110181311017932,0.0013110181311017932,0.0028451882845187777,0.0010041841004184704,0.00019504040122608757
2021-10-05,Tuesday,0.00017234608223448689,0.00017234608223448689,0.0008758571392245621,5.933225781840079e-05,0.00019777922187991237
2021-10-06,Wednesday,-2.826775214836985e-05,2.826775214836985e-05,0.001950474898236086,0.0007632293080053199,0.0007062146892655718
2021-10-07,Thursday,-0.0006321807487219555,0.0006321807487219555,0.0014292782145016267,0.0004122917926447922,0.0009891468608326237
2021-10-08,Friday,0.004293262879788706,0.004293262879788706,0.007430647291942,0.0033025099075296716,0.000872183915612279
2021-10-11,Monday,0.0014219595159761234,0.0014219595159761234,0.0024814587631739986,0.0016728935482070995,0.00027834219389311077
2021-10-12,Tuesday,-0.002220310288362781,0.002220310288362781,0.0029963087341455157,0.0023590796813854897,0.00013909753519181223
2021-10-13,Wednesday,-0.0015620641562064108,0.0015620641562064108,0.00602510460251053,0.0036541143654114094,0.001959467024969186
2021-10-14,Thursday,-0.0004946413849957754,0.0004946413849957754,0.0021431712008793567,0.0003297609233305909,0.00019241870309794074
2021-10-15,Friday,2.7192386131913437e-05,2.7192386131913437e-05,0.0019306594153636425,0.0014140040788579444,0.0011125307466993695
2021-10-18,Monday,-0.0015222768912931395,0.0015222768912931395,0.0031801995270069345,0.00010873406366385119,0.0015494182885723573
2021-10-19,Tuesday,-0.0006685385746757477,0.0006685385746757477,0.0012835940633773536,0.00010696617194805302,0.0005616324784040172
2021-10-20,Wednesday,-0.0001064282673477468,0.0001064282673477468,0.0007716049382715082,0.000399106002554217,0.00031942078364566306
2021-10-21,Thursday,0.0006957638684470524,0.0006957638684470524,0.0016323690759720989,0.0016056089271856422,0.0009350788137857391
2021-10-22,Friday,-0.0008497079129050622,0.0008497079129050622,0.0012745618693574567,0.0004514073287308351,0.0003984804611748549
2021-10-25,Monday,0.0001600170684872282,0.0001600170684872282,0.0013334755707275444,0.0006667377853637468,0.000506383092135021
2021-10-26,Tuesday,0.00010528255204911297,0.00010528255204911297,0.0005790540362697614,5.264127602444546e-05,0.0002105872752640181
2021-10-27,Wednesday,0.00116091923695949,0.00116091923695949,0.0016912482520250642,0.0010553811245086475,5.2710644914633065e-05
2021-10-28,Thursday,-0.0009157269563851989,0.0009157269563851989,0.002148033803406425,0.0008110724470841157,2.6188293832607457e-05
2021-10-29,Friday,-0.0012845383526449705,0.0012845383526449705,0.0027787972526608353,0.0006291616421117974,0.0005509208248071218
2021-11-01,Monday,-0.0012909888974954598,0.0012909888974954598,0.0018073844564936447,0.0012651691195455506,5.170363476547646e-05
2021-11-02,Tuesday,-0.00010340192327562558,0.00010340192327562558,0.001085720194395657,0.0,0.00012924906294431437
2021-11-03,Wednesday,5.13518371119126e-05,5.13518371119126e-05,0.0007702775566794734,0.00015405551133595985,5.13518371119126e-05
2021-11-04,Thursday,-0.00040527875579432493,0.00040527875579432493,0.0012411661896198209,0.0011145165784340882,0.0007100291619119847
2021-11-05,Friday,0.001554663991975902,0.001554663991975902,0.004087261785356057,0.0009779338014042072,0.0006764374295378239
2021-11-08,Monday,-7.524454477048081e-05,7.524454477048081e-05,0.00037622272385246365,2.5081514923530612e-05,0.00010034367709410574
2021-11-09,Tuesday,0.0010281615969105484,0.0010281615969105484,0.0017553978483838943,0.001504626727186098,0.00047574930515559277
2021-11-10,Wednesday,-0.0023632852205732746,0.0023632852205732746,0.0038117503557633667,0.0028461069323033605,0.0007392301809838742
2021-11-11,Thursday,0.0006115428717035076,0.0006115428717035076,0.0012230857434068498,0.0009173143075551504,0.00022913590304995957
2021-11-12,Friday,-5.233597140663626e-05,5.233597140663626e-05,0.0006382435537401073,7.658922644870891e-05,2.6806913630661455e-05
2021-11-15,Monday,-0.0005799440227942654,0.0005799440227942654,0.001059028215537497,0.0002521495751279801,0.0007563152321887756
2021-11-16,Tuesday,-0.0015450861195542842,0.0015450861195542842,0.0030141843971631145,0.0007864741641336881,0.0007351450010140148
2021-11-17,Wednesday,0.00017607848069434162,0.00017607848069434162,0.0006540057854357714,0.0,0.0001509206157561671
2021-11-18,Thursday,0.0003003078155108252,0.0003003078155108252,0.0007507695387772752,0.0004754873745589361,0.00010006253908700913
2021-11-19,Friday,0.000817904676927661,0.000817904676927661,0.0014623144223857411,0.00027263489230922033,0.00047075146800135137
2021-11-22,Monday,0.0006903182860382717,0.0006903182860382717,0.0008875520820491526,0.00029585069401649733,0.00041900818298312714
2021-11-23,Tuesday,-0.0006518904823988869,0.0006518904823988869,0.00599237789589807,0.00047638150636841736,0.001177797268512748
2021-11-24,Wednesday,-0.0035838675483317317,0.0035838675483317317,0.005499469991418985,0.0017414567664429947,0.001769911504424737
2021-11-26,Friday,-0.0008605416350291328,0.0008605416350291328,0.0018223234624146476,0.000733991394583744,5.066112771667797e-05
2021-11-29,Monday,0.002608915906788134,0.002608915906788134,0.0029128672745693447,0.0012158054711244315,0.0013660856586303893
2021-11-30,Tuesday,0.002992807202856884,0.002992807202856884,0.004199989940143896,0.00015089784216082425,0.003043259557343969
2021-12-01,Wednesday,-0.0011281022812734687,0.0011281022812734687,0.0021559288042114736,0.0005264477312609817,0.0016036482998822432
2021-12-02,Thursday,-0.00028485601823080575,0.00028485601823080575,0.0038585042469442953,0.0024860161591051533,0.0021806287479557707
2021-12-03,Friday,-0.00010222858311170757,0.00010222858311170757,0.005929257820486591,0.0012523001431199443,0.0011743681388817206
2021-12-06,Monday,0.001673421362269556,0.001673421362269556,0.0033991371421101097,0.0011766243953457156,0.0005746075691486219
2021-12-07,Tuesday,-0.0008897701850723028,0.0008897701850723028,0.002084604433597705,0.0008135041692087785,0.001676531104732426
2021-12-08,Wednesday,-0.0007277289836888912,0.0007277289836888912,0.001606022584692563,0.0006775407779171516,0.0
2021-12-09,Thursday,-7.536741615377096e-05,7.536741615377096e-05,0.0015575932671775016,0.00030146966461508384,0.0003265101092553291
2021-12-10,Friday,0.00631050737493033,0.00631050737493033,0.008490040042576976,0.006969435855846751,0.0006543679057710028
2021-12-13,Monday,-0.0001752014817039127,0.0001752014817039127,0.004355008259498446,0.0001501726986032903,0.00022524777254973039
2021-12-14,Tuesday,-0.004898440705785823,0.004898440705785823,0.0066936807550267065,0.004436807550266764,0.00028341749974236663
2021-12-15,Wednesday,-0.0024178198466999756,0.0024178198466999756,0.004192602500128596,0.0022120479448529684,0.00038660790226563435
2021-12-16,Thursday,-0.0018284283030682857,0.0018284283030682857,0.0034815278647463655,0.0013775829680651164,0.0003261005894895641
2021-12-17,Friday,0.0018540279409846594,0.0018540279409846594,0.0026113069591330463,0.0008617312965137902,0.0009914422876227125
2021-12-20,Monday,0.0007653532501121774,0.0007653532501121774,0.0028238895780000346,0.00021113193106536698,0.00042211903756861346
2021-12-21,Tuesday,0.0009619384359400573,0.0009619384359400573,0.001325915141430925,0.0002859816971714224,0.0006237492528002875
2021-12-22,Wednesday,2.5756600128712392e-05,2.5756600128712392e-05,0.0019317450096587251,0.0013650998068254205,0.0012119961835013182
2021-12-23,Thursday,5.069322991935188e-05,5.069322991935188e-05,0.0018503028920488131,0.0008617849086254292,0.0011164395727081278
2021-12-27,Monday,0.00012283749602026717,0.00012283749602026717,0.0005765841649933648,0.0003735262634088077,0.00020048617898404952
2021-12-28,Tuesday,-0.0014562148287097232,0.0014562148287097232,0.001752394115904777,0.00027149767992873386,0.0014808598859737954
2021-12-29,Wednesday,0.00042351768809179013,0.00042351768809179013,0.0009715994020926417,7.473841554550553e-05,0.0003487532072838917
2021-12-30,Thursday,-0.00014919806042523742,0.00014919806042523742,0.00082058933233864,2.486634340437277e-05,0.00022378039683734752
2021-12-31,Friday,0.0004239682023847724,0.0004239682023847724,0.0010249231307651132,0.0008249381296403513,0.0003507019033821557
2022-01-03,Monday,-0.002674529009045079,0.002674529009045079,0.0028734196192093777,0.0006996152116336418,0.0018764691172792336
2022-01-04,Tuesday,-2.4839166397505608e-05,2.4839166397505608e-05,0.0013661541518666916,0.0003477483295660777,0.00024845955078500737
2022-01-05,Wednesday,0.0009368748892208956,0.0009368748892208956,0.0017468918542525662,0.00030385131542298716,0.0005821753107044803
2022-01-06,Thursday,-0.001149005066067743,0.001149005066067743,0.002454692641144821,0.0008095262965477357,0.0003920031360250542
2022-01-07,Friday,-0.006526091365279041,0.006526091365279041,0.012428173994435998,0.007878110293544238,0.0013365130113474066
2022-01-10,Monday,-0.0009588749200938329,0.0009588749200938329,0.0027434476880459535,0.00010654165778833935,0.0010120918340169593
2022-01-11,Tuesday,-0.003250668484244601,0.003250668484244601,0.004456561631625829,0.0024380013631836173,0.001024670922991966
2022-01-12,Wednesday,0.005736434108527311,0.005736434108527311,0.00904392764857881,0.005142118863049161,0.0007199053838640168
2022-01-13,Thursday,0.0024253057433303304,0.0024253057433303304,0.003328345115847104,0.001341658496310627,0.001082195310486922
2022-01-14,Friday,-0.0013876287559374534,0.0013876287559374534,0.004536478625180246,0.0027752575118749068,0.0011235955056179137
2022-01-18,Tuesday,0.000988643954575874,0.000988643954575874,0.0030728122912492563,0.0002939211756847193,0.0011759046448234223
2022-01-19,Wednesday,-0.00021427614838631648,0.00021427614838631648,0.0025445292620866356,0.0020356234096693404,0.0017712890153243066
2022-01-20,Thursday,0.0019219316766823091,0.0019219316766823091,0.0034648909100751793,0.0016241676140977823,0.00027024835824129845
2022-01-21,Friday,-0.000473709142586487,0.000473709142586487,0.0028979853428818805,0.0010588792598991148,0.0008356545961003548
2022-01-24,Monday,-0.0032352092352091466,0.0032352092352091466,0.004415584415584337,0.0011572871572871346,0.002025543226999438
2022-01-25,Tuesday,0.003999768129383741,0.003999768129383741,0.005333024172511831,0.003101269491623704,0.000693321007626313
2022-01-26,Wednesday,-0.0011896668932699361,0.0011896668932699361,0.003370722864264666,0.0028042148198504924,0.0013915315366483938
2022-01-27,Thursday,0.002329259525521321,0.002329259525521321,0.006470165348670022,0.00043134435657798953,0.002848347095549153
2022-01-28,Friday,0.008804065232805414,0.008804065232805414,0.011935712597494574,0.009837804301583652,0.0009657974294750016
2022-01-31,Monday,0.002500071024744921,0.002500071024744921,0.0037501065371175124,0.0018750532685587462,0.0005954743946010588
2022-02-01,Tuesday,-5.487118988167783e-05,5.487118988167783e-05,0.0020027984306840193,0.0005487118988174444,0.0003842670106772861
2022-02-02,Wednesday,-0.0021579046745610064,0.0021579046745610064,0.003182909394977495,0.0008901356782565761,0.0012149684108212488
2022-02-03,Thursday,-0.0066225165562913135,0.0066225165562913135,0.008423619385408195,0.002992601623763469,0.0035300330766878663
2022-02-04,Friday,-0.011692290396020155,0.011692290396020155,0.012479271480367786,0.007785491441580805,0.0038245792962774416
2022-02-07,Monday,-0.0006677982136398253,0.0006677982136398253,0.0018086201619411618,0.001112997022732931,0.0004986475230588372
2022-02-08,Tuesday,0.00011291779584454709,0.00011291779584454709,0.0022301264679314035,0.0011009485094850557,0.0010737496467929653
2022-02-09,Wednesday,-0.0010438126630957223,0.0010438126630957223,0.0011262189259716197,0.0006592501030078246,0.0006045783066310761
2022-02-10,Thursday,-0.014657313644676151,0.014657313644676151,0.015121325436034665,0.011955127330294468,0.0025144372910392843
2022-02-11,Friday,0.0017583030979626546,0.0017583030979626546,0.0030142338822215574,0.0017722578844543424,2.78613618633905e-05
2022-02-14,Monday,-0.004575407901930784,0.004575407901930784,0.006445857673160511,0.005467468562055711,0.0008390475363828642
2022-02-15,Tuesday,-0.003220066096093488,0.003220066096093488,0.003954467135553581,0.00042369290738064613,0.002769378585356308
2022-02-16,Wednesday,-0.0034884375175827653,0.0034884375175827653,0.00607663309514439,0.00047825353063646325,0.0038527517646727016
2022-02-17,Thursday,-0.0037581237637750453,0.0037581237637750453,0.005538287651879004,0.002825656965244394,0.0006802528273008868
2022-02-18,Friday,0.001273922232838176,0.001273922232838176,0.003879382726772634,0.00023162222415251676,0.0012449334105384402
2022-02-22,Tuesday,0.00280277327039391,0.00280277327039391,0.003746865319368585,0.003392830801003166,0.0006468305304011546
2022-02-23,Wednesday,0.001229724190431547,0.001229724190431547,0.002605844117819249,0.0005563038004333665,0.0016109662868690755
2022-02-24,Thursday,0.004717722912407574,0.004717722912407574,0.036074854536876956,0.00619279760968694,0.0014691172793198648
2022-02-25,Friday,-0.0002627276973375947,0.0002627276973375947,0.005166978047641236,0.0014304063521719534,0.0016325102760690324
2022-02-28,Monday,-0.0010531242686635522,0.0010531242686635522,0.004329510882284163,0.0023402761525859184,0.0008206330597890776
2022-03-01,Tuesday,0.00020246427951642332,0.00020246427951642332,0.003499739688783584,0.0001735408110141723,8.676036786403607e-05
2022-03-02,Wednesday,-0.0014878781690346177,0.0014878781690346177,0.005513901449951823,0.0023922747031537295,0.00032149641969891896
2022-03-03,Thursday,0.005842903606481764,0.005842903606481764,0.006677604121693559,0.001611835477650203,0.004108841191851287
2022-03-04,Friday,-0.0014425341497880106,0.0014425341497880106,0.008861281205840765,0.00032383419689119286,0.0012367126998616973
2022-03-07,Monday,0.0028636200930676203,0.0028636200930676203,0.0037585013721512673,0.0015809569263809387,0.0013999344711523865
2022-03-08,Tuesday,0.00179289026275109,0.00179289026275109,0.0049459041731067166,0.0016692426584234976,3.0857530780359355e-05
2022-03-09,Wednesday,-0.0024449877750610804,0.0024449877750610804,0.004346946783784688,0.0011470313018805411,0.0012390824745383
2022-03-10,Thursday,-0.0016651528913109725,0.0016651528913109725,0.007871631849833553,0.001271571298819385,0.0027219113866625566
2022-03-11,Friday,-0.0027090589741300963,0.0027090589741300963,0.0030662975201691807,0.0020392367003065903,0.0007457121551081025
2022-03-14,Monday,0.0035863348276394813,0.0035863348276394813,0.004699335291389824,0.0017622507342711646,0.0017899577199642636
2022-03-15,Tuesday,0.0035679634440235475,0.0035679634440235475,0.006948139338361952,0.003787048918656888,0.00021825891743587622
2022-03-16,Wednesday,-0.0031741278634526138,0.0031741278634526138,0.0043419673603834275,0.0024554574038029298,0.0008404118017829587
2022-03-17,Thursday,-0.0016248153618907413,0.0016248153618907413,0.004165435745937867,0.0015361890694238767,5.917685001644024e-05
2022-03-18,Friday,-0.0003803616361401918,0.0003803616361401918,0.003423254725261911,0.0010825677336299133,0.0014029754771578418
2022-03-21,Monday,-0.0006280331144733475,0.0006280331144733475,0.0015986297459320647,0.00017128175849268068,0.0002855674224685467
2022-03-22,Tuesday,0.0014847386003482566,0.0014847386003482566,0.0022556605659138865,0.000456842646261002,0.0010274265818088768
2022-03-23,Wednesday,-0.0017486462093863064,0.0017486462093863064,0.00905347472924182,0.0007897111913358623,0.001044283254776901
2022-03-24,Thursday,0.0009897630224535714,0.0009897630224535714,0.002686499632373702,0.0010745998529495537,0.00011299115844176644
2022-03-25,Friday,-0.0010245617921523786,0.0010245617921523786,0.0017445241325838214,0.0009414892144102849,0.00016628789978379022
2022-03-28,Monday,-0.0014725903698147302,0.0014725903698147302,0.0019727154010724334,0.001166958406268237,0.00041721135927452746
2022-03-29,Tuesday,0.0005961413396919912,0.0005961413396919912,0.0024929546932580724,0.0017071320182093785,0.0018721002794583885
2022-03-30,Wednesday,0.0018729133302570755,0.0018729133302570755,0.002388643087864052,0.0017914823158979853,0.00046079202016646725
2022-03-31,Thursday,-0.00038041410792888364,0.00038041410792888364,0.002798760936905529,0.0009510352698222091,0.0006255949952400641
2022-04-01,Friday,-0.0029131283150576337,0.0029131283150576337,0.003655151565119367,0.0020062110094264396,0.0010187785671017524
2022-04-04,Monday,-0.0015702479338842723,0.0015702479338842723,0.0025068870523416668,0.0004958677685951152,0.0011024446710580227
2022-04-05,Tuesday,-0.0007335162596103784,0.0007335162596103784,0.0014398652503463086,0.00019017088212125444,0.0010863070990170254
2022-04-06,Wednesday,-2.5303003466592422e-05,2.5303003466592422e-05,0.0016025235528790407,0.0007000497625735402,0.0007033733787242813
2022-04-07,Thursday,-0.001698513800424739,0.001698513800424739,0.0031988676574663706,0.00039631988676580576,0.0018680478899550934
2022-04-08,Friday,-0.003382854565444293,0.003382854565444293,0.004087615933244971,0.002508950469371163,0.0007320747677288519
2022-04-11,Monday,0.0012777326054129734,0.0012777326054129734,0.0028284353583458866,0.0013648507376000651,0.00020297503407074036
2022-04-12,Tuesday,0.015408906172334147,0.015408906172334147,0.01701704628519632,0.013186748925470004,0.0021932355996767683
2022-04-13,Wednesday,-0.000940844407856023,0.000940844407856023,0.005586263671645402,0.0011760555098199177,0.0021730193222528893
2022-04-14,Thursday,-0.0022519921468993065,0.0022519921468993065,0.0035223466913037603,0.001732301651460988,0.0006940026603435845
2022-04-18,Monday,0.0009200724186033682,0.0009200724186033682,0.0022853411687888837,0.0005639153533374408,0.00035595633602270027
2022-04-19,Tuesday,-0.0020929135715128666,0.0020929135715128666,0.003861572927720794,0.0017391817002713195,0.0002067336089782712
2022-04-20,Wednesday,0.0003103876396743921,0.0003103876396743921,0.002155469719961374,0.0007529774221731733,0.0010353753235547991
2022-04-21,Thursday,0.0013913043478261944,0.0013913043478261944,0.002579710144927497,0.0009565217391303005,0.00037642970899076644
2022-04-22,Friday,-0.003814519012993345,0.003814519012993345,0.004917153415186486,0.0029800929789008945,0.0008070542519803547
2022-04-25,Monday,0.003495962627231286,0.003495962627231286,0.005073477090616624,0.0016706370077033128,0.001698526913931131
2022-04-26,Tuesday,-0.0008517957552635069,0.0008517957552635069,0.00334753601568358,0.002647292345493657,0.0018614018491960316
2022-04-27,Wednesday,-9.442870632658806e-05,9.442870632658806e-05,0.0033364809568775648,0.00047214353163371747,0.0006606266515665205
2022-04-28,Thursday,-0.0026070763500930516,0.0026070763500930516,0.007262569832402334,0.001244568590937245,0.003936397731147068
2022-04-29,Friday,-0.00326525582971382,0.00326525582971382,0.005113513846532878,0.002125496719342035,0.0011421868247206701
2022-05-02,Monday,-0.001121291728070628,0.001121291728070628,0.00397257640802207,0.0008009226629076549,3.207184092368642e-05
2022-05-03,Tuesday,0.0019452200922411844,0.0019452200922411844,0.004015938254949423,0.0026040849621935536,0.0007196945991613246
2022-05-04,Wednesday,-0.0011570816524376637,0.0011570816524376637,0.0016887137630172326,0.0006254495418581696,0.00037556334501753774
2022-05-05,Thursday,-0.0023829163229767136,0.0023829163229767136,0.0031161213454311606,0.0013442092078330692,0.0010706638115630662
2022-05-06,Friday,-0.005930627684811229,0.005930627684811229,0.013656472398538151,0.00201961915753035,0.007870740681491073
2022-05-09,Monday,0.0035401157981802545,0.0035401157981802545,0.006815550041356501,0.004433416046319083,0.0009222661396575127
2022-05-10,Tuesday,0.006359511112583149,0.006359511112583149,0.0071875724553675455,0.0022854493060846526,0.004230705668484491
2022-05-11,Wednesday,-0.02537067545304772,0.02537067545304772,0.028270181219110325,0.019077429983525573,0.006348886425476152
2022-05-12,Thursday,0.001428123584938712,0.001428123584938712,0.006443972273503162,0.0011146330419034012,0.00045237846678491955
2022-05-13,Friday,-0.00040412204485751335,0.00040412204485751335,0.001717518690644544,0.0,0.00040412204485751335
2022-05-16,Monday,-0.001127545267626262,0.001127545267626262,0.0049413013198912545,0.0010579027658019768,0.002120328650940806
2022-05-17,Tuesday,0.00013157029142818466,0.00013157029142818466,0.004210249325702167,0.0017104137885665116,0.0017131185346246358
2022-05-18,Wednesday,-0.006328905297161902,0.006328905297161902,0.00639483139400731,0.0033292678906945428,0.0031085684050398132
2022-05-19,Thursday,0.000694444444444331,0.000694444444444331,0.00503472222222238,0.0012152777777778567,0.001737921445950752
2022-05-20,Friday,-0.0017358747447242528,0.0017358747447242528,0.004016337644656252,0.0011572498298163536,0.0005452376895551669
2022-05-23,Monday,-0.002064693737095724,0.002064693737095724,0.0027529249827942578,0.0015141087405368125,0.0005169739789763206
2022-05-24,Tuesday,0.0017006212473535953,0.0017006212473535953,0.0036788949432547888,0.0017700343594904133,0.00013857132959194107
2022-05-25,Wednesday,0.0019642230796212967,0.0019642230796212967,0.005612065941774696,0.0017186951946683848,0.0004552936644137695
2022-05-26,Thursday,6.848611444043584e-05,6.848611444043584e-05,0.004999486354141823,0.00030818751498129515,0.0003082614056721944
2022-05-27,Friday,0.008492922564529604,0.008492922564529604,0.010857618651124033,0.006694421315570409,0.0017865413882089953
2022-05-31,Tuesday,-0.0015589477102954108,0.0015589477102954108,0.0025982461838259547,0.0019486846378693468,0.000585861215987471
2022-06-01,Wednesday,-0.0012588766946416419,0.0012588766946416419,0.0015493867010973575,9.683666881854514e-05,0.0013874907653920188
2022-06-02,Thursday,-0.0015612802498049527,0.0015612802498049527,0.002699713765287669,0.0006180067655477961,0.0006511264487565338
2022-06-03,Friday,-0.0038876751060276105,0.0038876751060276105,0.00934969798226457,0.00449813648631292,0.0010009040423606397
2022-06-06,Monday,0.0003864112059250857,0.0003864112059250857,0.0024472709708581253,0.0011914345516019775,0.000803743986795169
2022-06-07,Tuesday,-0.0019421310773890532,0.0019421310773890532,0.002732150498699707,0.0002962572829916521,0.0015477327361940185
2022-06-08,Wednesday,-0.0004210935475513766,0.0004210935475513766,0.0027209121534075374,0.00012956724540025277,0.0006476893681791607
2022-06-09,Thursday,-0.004064268522734671,0.004064268522734671,0.006537435764001792,0.004195667729135377,0.0002299601489514913
2022-06-10,Friday,-0.02166522231851209,0.02166522231851209,0.021765215652289758,0.01629891340577294,0.005421523448088994
2022-06-13,Monday,-0.0020998683133431895,0.0020998683133431895,0.0030608249991100713,0.0012812755810229781,0.0007484229658931696
2022-06-14,Tuesday,0.0042299349240779716,0.0042299349240779716,0.009255242227042668,0.007519884309472147,0.0032653940002871362
2022-06-15,Wednesday,0.003589117794845942,0.003589117794845942,0.00699734405283193,0.0016151030076807515,0.0017913442247061706
2022-06-16,Thursday,-0.0011209546194178577,0.0011209546194178577,0.0063279696257457965,0.001229434098716231,0.0022754361252573796
2022-06-17,Friday,-0.003789396975769632,0.003789396975769632,0.005319730369830703,0.001457460375295927,0.0021532846715327514
2022-06-21,Tuesday,-0.0011132258412037688,0.0011132258412037688,0.0028728408805257706,0.000430926132078735,0.0015793251974156597
2022-06-22,Wednesday,0.0023143125768423367,0.0023143125768423367,0.004375497215592607,0.0008678672163159318,0.0031849439015563252
2022-06-23,Thursday,-1.414427157064857e-06,1.414427157064857e-06,0.0029349363507778785,0.002263083451202186,0.0024089040124768424
2022-06-24,Friday,0.0003832085002613006,0.0003832085002613006,0.0013586483191081217,0.0011147883643964906,0.0006959910913140188
2022-06-27,Monday,-0.0016224986479176362,0.0016224986479176362,0.0028731746890211696,0.0006760411032989966,0.000710491592516127
2022-06-28,Tuesday,0.0009560229445506607,0.0009560229445506607,0.0022876263316034414,0.000375580442502077,0.0006143764079460379
2022-06-29,Wednesday,-0.00250105678455681,0.00250105678455681,0.004297590531210266,0.002395378328871378,0.0
2022-06-30,Thursday,0.0001787629603147156,0.0001787629603147156,0.0059706828745082555,0.0036467643904183333,0.0034554003989741844
2022-07-01,Friday,0.002693094904664406,0.002693094904664406,0.0040935042550899,0.002621279040540214,0.00017902538579972482
2022-07-05,Tuesday,-0.0020099798966112248,0.0020099798966112248,0.0036975875933372686,0.000430786904078051,0.002081628257592061
2022-07-06,Wednesday,0.003321794468337913,0.003321794468337913,0.004755411028357484,0.0036364907863910556,0.00031355607427785426
2022-07-07,Thursday,0.0003450179409330012,0.0003450179409330012,0.002725641733370206,0.0004830251173062461,3.448870494904277e-05
2022-07-08,Friday,-0.006906406287211286,0.006906406287211286,0.011669445105977637,0.007756948933419605,0.0011661407600493945
2022-07-11,Monday,0.00010297333808861886,0.00010297333808861886,0.002216313568135198,0.0011586205391576065,0.001023855841097543
2022-07-12,Tuesday,0.0013147879039512311,0.0013147879039512311,0.003702165940073328,0.0026295758079024623,0.001311339636965947
2022-07-13,Wednesday,-0.0320691674417003,0.0320691674417003,0.03885501705073897,0.03585822052288945,0.004109344291584716
2022-07-14,Thursday,0.0014844661223625266,0.0014844661223625266,0.006998197433994338,0.0016611882797863409,0.00014114824093991452
2022-07-15,Friday,0.008762436725431977,0.008762436725431977,0.014227613894222297,0.003700471286437468,0.005078260869565199
2022-07-18,Monday,0.0015630840327567341,0.0015630840327567341,0.002038805260117648,0.0011213428930645364,0.0007469527722134828
2022-07-19,Tuesday,0.003192256204304522,0.003192256204304522,0.003998901589263105,0.0019565441252187288,0.0010961156402000682
2022-07-20,Wednesday,0.0012761527353326585,0.0012761527353326585,0.002955301071296623,0.00010074890015787652,0.0011080518433952413
2022-07-21,Thursday,0.002997364953886583,0.002997364953886583,0.00602766798418967,0.005204216073781298,0.0021300301481190775
2022-07-22,Friday,-0.00022852665600203714,0.00022852665600203714,0.0011752799451534616,0.00013058666057264023,3.265306122446354e-05
2022-07-25,Monday,-0.001649402916144349,0.001649402916144349,0.002540080490862248,0.0014844626245298365,9.911785112504123e-05
2022-07-26,Tuesday,-0.0018055973517906443,0.0018055973517906443,0.0040124385595345195,0.0011034206038719185,0.0007029524000804477
2022-07-27,Wednesday,0.0012392818863879995,0.0012392818863879995,0.003315916398713857,0.000267952840300012,0.0009040380365632483
2022-07-28,Thursday,0.00344431687715252,0.00344431687715252,0.010201738559947559,0.0036083319665407565,9.806164808956463e-05
2022-07-29,Friday,-0.00032025620496400897,0.00032025620496400897,0.0038430744595676176,0.0018254603682945625,0.0015722261438746443
2022-08-01,Monday,-0.003113384375893369,0.003113384375893369,0.00362169202910057,0.0006957461003271881,0.00244786368260419
2022-08-02,Tuesday,-0.000575539568345329,0.000575539568345329,0.002813749000799528,0.0017266187050359871,0.0011851377322229517
2022-08-03,Wednesday,0.00018977732793512558,0.00018977732793512558,0.0015182186234818389,0.0008539979757085092,0.0007268130826353358
2022-08-04,Thursday,0.0017934446505876167,0.0017934446505876167,0.0030303030303030867,0.0012677798392084494,0.0005249992279423576
2022-08-05,Friday,-0.014459242816623474,0.014459242816623474,0.015846590208410366,0.010636330003699568,0.003677731026959674
2022-08-08,Monday,0.0005854259744260126,0.0005854259744260126,0.002156832537359561,0.0008627330149438839,0.0015111796453353143
2022-08-09,Tuesday,-6.273132174894336e-05,6.273132174894336e-05,0.0015996487045981773,9.409698262330402e-05,0.0
2022-08-10,Wednesday,0.017733278930353702,0.017733278930353702,0.02156241172593454,0.01902011864034403,0.0013243401398257415
2022-08-11,Thursday,0.0020734235882424734,0.0020734235882424734,0.004085864129771848,0.0008232711306257467,0.0014321845385012466
2022-08-12,Friday,0.0010442901898151113,0.0010442901898151113,0.0013821487806375964,0.0001535720867376078,0.0009213193292796351
2022-08-15,Monday,-0.0026700649311244273,0.0026700649311244273,0.0034286061047393516,0.001486740700285205,0.0011243808308263326
2022-08-16,Tuesday,-0.0018930288461538325,0.0018930288461538325,0.0031850961538461607,0.001472355769230771,0.00039121275955456003
2022-08-17,Wednesday,-9.11272440082822e-05,9.11272440082822e-05,0.0034932110203214793,0.0012454056681145964,0.0012742718446602241
2022-08-18,Thursday,-0.0006983452254440969,0.0006983452254440969,0.0020950356763321624,0.0008805222407773927,0.0001823375676168748
2022-08-19,Friday,0.0005528085746753231,0.0005528085746753231,0.0018734068363994152,0.00033782746230159866,0.0001842016393946988
2022-08-22,Monday,3.143962020946134e-05,3.143962020946134e-05,0.0011318263275378276,0.0004715943031410319,0.00047135719448210267
2022-08-23,Tuesday,-0.0021913109756097615,0.0021913109756097615,0.0026994410569104606,0.0016196646341463117,0.0006679389312976847
2022-08-24,Wednesday,-0.0010806687432459716,0.0010806687432459716,0.003178437480134766,0.0012078062424512037,0.0
2022-08-25,Thursday,-0.0009143649892798811,0.0009143649892798811,0.002995333585571915,0.002017908941859159,0.001074147790099067
2022-08-26,Friday,0.004481213374698312,0.004481213374698312,0.00592272257215376,0.001190811945724013,0.003286487839994967
2022-08-29,Monday,-0.00022992281162748096,0.00022992281162748096,0.0021349975365412294,0.00039415339136150696,0.0
2022-08-30,Tuesday,-0.0017284675341615596,0.0017284675341615596,0.0019241431040667091,0.0008479274695887273,0.0009138977740060783
2022-08-31,Wednesday,0.00026366962196355814,0.00026366962196355814,0.004119837843182492,0.0017468112455094609,0.0019478375701553752
2022-09-01,Thursday,-0.0016145307769930284,0.0016145307769930284,0.004439959636730552,0.0015472586612850225,3.3691587210560314e-05
2022-09-02,Friday,0.006915906585145848,0.006915906585145848,0.012127894156560072,0.004109451738999681,0.0025614583679849368
2022-09-06,Tuesday,0.0005059021922426687,0.0005059021922426687,0.001854974704890426,0.0008768971332209219,0.00033698399326043127
2022-09-07,Wednesday,0.0017788116170083246,0.0017788116170083246,0.002599801594088841,0.002291930352683602,0.0003072301495186114
2022-09-08,Thursday,-0.005356365705868504,0.005356365705868504,0.006293729704395553,0.0033142512805059976,0.0018812779252191936
2022-09-09,Friday,0.0001318130890397562,0.0001318130890397562,0.002537401964014967,0.00211230475186186,0.0019730351857941697
2022-09-12,Monday,0.002340473945974253,0.002340473945974253,0.0026005266066376964,0.0012352501381529546,0.0011688691191273914
2022-09-13,Tuesday,-0.035961802561400136,0.035961802561400136,0.0386765034652359,0.030915652646034908,0.005142869196309574
2022-09-14,Wednesday,0.0022108843537413936,0.0022108843537413936,0.005714285714285738,0.0028571428571426694,0.0004410068525679822
2022-09-15,Thursday,0.0011868429976262806,0.0011868429976262806,0.005018650389962761,0.001593760596812599,0.0006769334912843927
2022-09-16,Friday,-0.002224771439496842,0.002224771439496842,0.0034066812667291036,0.0003823825911632994,0.0025021720243267875
2022-09-19,Monday,0.0013615416841223915,0.0013615416841223915,0.0032467532467532704,0.0016757436112275759,0.00045302481182041276
2022-09-20,Tuesday,0.0015245486989363677,0.0015245486989363677,0.0024254183846713164,0.0011780603582689508,0.0003460806367885372
2022-09-21,Wednesday,0.001450927557259618,0.001450927557259618,0.0026254879607560287,0.001520019345700785,3.449465332872048e-05
2022-09-22,Thursday,0.0014116318464143518,0.0014116318464143518,0.007269904009034452,0.0008836815358554961,0.0005641748942171176
2022-09-23,Friday,-0.0014452433428477907,0.0014452433428477907,0.0027820934349820498,0.0015175055099900803,0.00021714740689815493
2022-09-26,Monday,0.0042608980662077744,0.0042608980662077744,0.006518809861976112,0.0004370151862774785,0.00469996720953092
2022-09-27,Tuesday,-0.001257635644987487,0.001257635644987487,0.004240028745957624,0.0014732303269850977,0.002691065662002168
2022-09-28,Wednesday,0.00447757094065615,0.00447757094065615,0.00835080715312571,0.006272261951635105,0.0017471699486769632
2022-09-29,Thursday,-0.003976861894432471,0.003976861894432471,0.008134490238611713,0.0031814895155458656,0.0005441683294031829
2022-09-30,Friday,-0.004715256963228165,0.004715256963228165,0.011075371006652434,0.0014620951823962614,0.003294410483546173
2022-10-03,Monday,0.0029819591471598184,0.0029819591471598184,0.00562844789026387,0.001938273445653893,0.001078909185609378
2022-10-04,Tuesday,0.0012561461436313426,0.0012561461436313426,0.002749165560061801,0.000538348347270512,0.002083333333333437
2022-10-05,Wednesday,-0.0010402473676009993,0.0010402473676009993,0.003151179633353072,0.00014144499490620355,0.0011457624691181278
2022-10-06,Thursday,0.0022413547744413176,0.0022413547744413176,0.006297139604383232,0.0037711683506476135,0.00170062783962166
2022-10-07,Friday,-0.014783791523482193,0.014783791523482193,0.021441867124856847,0.01396048109965653,0.0006535710395411121
2022-10-10,Monday,0.004768113242689553,0.004768113242689553,0.005624883590985252,0.0012665300800895896,0.0036465116279069676
2022-10-11,Tuesday,-0.0026309854919942532,0.0026309854919942532,0.004247162294219332,0.0018041043373675514,0.0009412296223786365
2022-10-12,Wednesday,-0.005538391982518376,0.005538391982518376,0.008816215808906758,0.004106698816969456,0.00151314545110659
2022-10-13,Thursday,-0.03425744070101222,0.03425744070101222,0.03826106662637859,0.03535277232210299,0.0012530837608175638
2022-10-14,Friday,0.01175158051320202,0.01175158051320202,0.0190777240609892,0.0022685013015990574,0.009349261705127176
2022-10-17,Monday,0.0034023892333283623,0.0034023892333283623,0.004687736277030127,0.0029109330107366382,0.00037690336197804264
2022-10-18,Tuesday,0.0025404659940480023,0.0025404659940480023,0.0030848515642012873,0.0013428177397112329,0.0011960421876697769
2022-10-19,Wednesday,-0.0009250693802035359,0.0009250693802035359,0.00358926919518974,0.002849213691026753,0.0020411950269068058
2022-10-20,Thursday,-0.009063778047971871,0.009063778047971871,0.012085037397295504,0.006853100475295748,0.002188914446835444
2022-10-21,Friday,0.003161579284127969,0.003161579284127969,0.005081109563777206,0.0010162219127554106,0.002105500620370515
2022-10-24,Monday,0.0021006120748976453,0.0021006120748976453,0.005251530187244173,0.0012676107348519317,0.0007957463739283188
2022-10-25,Tuesday,0.000754608501922327,0.000754608501922327,0.002443494196701307,0.0010780121456035463,0.0018345983668477395
2022-10-26,Wednesday,0.000609231651375941,0.000609231651375941,0.002401089449541341,0.0009317660550460793,0.0016861591447225877
2022-10-27,Thursday,0.0043042644771584815,0.0043042644771584815,0.00658299272977174,0.001989365934820908,0.001984771390422635
2022-10-28,Friday,0.003968695523163035,0.003968695523163035,0.013352620451763532,0.002930158376914571,0.0006654343807763752
2022-10-31,Monday,-0.00039509000465243194,0.00039509000465243194,0.001789356905128297,0.0006799556239487359,0.00042836676217761216
2022-11-01,Tuesday,-0.00017750008875005996,0.00017750008875005996,0.0011715005857502363,0.0,0.00017750008875005996
2022-11-02,Wednesday,0.00032716565487667104,0.00032716565487667104,0.0034897669853501748,0.0011632556617834355,0.001601514158841022
2022-11-03,Thursday,-0.0023947088338147626,0.0023947088338147626,0.0035730576250570085,0.0011023262885813123,0.0012938087446251467
2022-11-04,Friday,0.007093821510297582,0.007093821510297582,0.021815408085431073,0.0003051106025933059,0.006748255747454968
2022-11-07,Monday,0.0008672045848727716,0.0008672045848727716,0.0019229319055877794,3.7704547168559976e-05,0.0009049432525169987
2022-11-08,Tuesday,0.0017487721387112742,0.0017487721387112742,0.002716178002679038,0.0018976038100908532,0.0001856803327390244
2022-11-09,Wednesday,-7.46602956547271e-05,7.46602956547271e-05,0.004106316261012479,0.001754516947887197,0.0019375512333258404
2022-11-10,Thursday,0.03922087745839642,0.03922087745839642,0.045423600605143694,0.035363086232980345,0.003982753580824339
2022-11-11,Friday,0.00010547410610683983,0.00010547410610683983,0.002461062475828811,0.0003867383890588938,0.00021097046413509624
2022-11-14,Monday,-0.0010821377456626813,0.0010821377456626813,0.0024784445142599096,0.00041889203057909885,0.0006635236598567795
2022-11-15,Tuesday,0.01217451284704274,0.01217451284704274,0.01589929298154859,0.010863942058975784,0.0012964858410098312
2022-11-16,Wednesday,-0.004396136937934836,0.004396136937934836,0.006853819793000859,0.0005884592751564943,0.0039479152237151816
2022-11-17,Thursday,-0.0037206335707450355,0.0037206335707450355,0.005350625420785907,0.002126076326140036,0.0012078152753107751
2022-11-18,Friday,3.4751181540171316e-05,3.4751181540171316e-05,0.001841812621629238,0.0006950236308034263,0.000869504730105719
2022-11-21,Monday,0.0,0.0,0.001093667313459172,0.00035279590756731594,0.00038822615938460814
2022-11-22,Tuesday,0.0019464892412230927,0.0019464892412230927,0.002406568516421315,0.00010617214043029399,0.0018046709129511118
2022-11-23,Wednesday,3.4945485043236246e-05,3.4945485043236246e-05,0.0032149846239866364,0.0006989097008668343,0.0008043645520039444
2022-11-25,Friday,-0.001492330117304097,0.001492330117304097,0.001874088984521287,0.0015617408204344763,3.4758428919090534e-05
2022-11-28,Monday,0.0012641781086490944,0.0012641781086490944,0.0015802226358115163,0.0006633423464552646,0.0008073008073008481
2022-11-29,Tuesday,-0.0008112016365109387,0.0008112016365109387,0.0026452227277536772,0.0013049765456916163,0.00042375874002398284
2022-11-30,Wednesday,-0.005460024818294662,0.005460024818294662,0.00595639071086669,0.0038291083141286375,0.0015661149670760377
2022-12-01,Thursday,0.0005442547112046725,0.0005442547112046725,0.008640043540376965,0.0034356078644806054,0.002982848620432521
2022-12-02,Friday,-0.01668600286630717,0.01668600286630717,0.024090629905138886,0.019449941991401043,0.002888564070439248
2022-12-05,Monday,-0.0031223194372961283,0.0031223194372961283,0.0039800995024874535,0.0008920912677988779,0.0023007451667180767
2022-12-06,Tuesday,-0.00013886478042013373,0.00013886478042013373,0.0030550251692414354,0.0005554591216803129,0.00027784530962371434
2022-12-07,Wednesday,0.002825566007367941,0.002825566007367941,0.004041632390285963,0.0012554097070711645,0.001496637031586534
2022-12-08,Thursday,0.0009218924085228064,0.0009218924085228064,0.0033697490884828313,0.0011701897097795566,0.00028342662793168216
2022-12-09,Friday,-0.009200951581304184,0.009200951581304184,0.01878673383711169,0.013119227539882483,0.003970364068205168
2022-12-12,Monday,-0.00042435815828545387,0.00042435815828545387,0.002192517151142247,0.0003182686187142014,0.0008130368694544421
2022-12-13,Tuesday,0.014330175450596894,0.014330175450596894,0.03283286022093787,0.013851362905708209,0.0005735299078977185
2022-12-14,Wednesday,0.0006592643997223036,0.0006592643997223036,0.001249132546842518,0.00052047189451776,3.4676468548378026e-05
2022-12-15,Thursday,-0.0005311802825878065,0.0005311802825878065,0.007471935975069987,0.0012394206593716595,0.0007091192738617469
2022-12-16,Friday,-3.6300275882084065e-05,3.6300275882084065e-05,0.002214316828807742,0.0009075068970524347,0.0012357794497148689
2022-12-19,Monday,-0.0008025096665935649,0.0008025096665935649,0.00171445246954121,0.0007295542423578771,0.0001825017337665491
2022-12-20,Tuesday,0.00033510816546900024,0.00033510816546900024,0.0032021446922590522,0.0016755408273447792,0.0013753113035719355
2022-12-21,Wednesday,0.0,0.0,0.0019921053602389186,0.00011067252001328853,0.00011066027296213754
2022-12-22,Thursday,-0.0069408740359896415,0.0069408740359896415,0.007932427469702626,0.005251560778553044,0.0015876532269972765
2022-12-23,Friday,0.0005251115862119349,0.0005251115862119349,0.014740632384381705,0.007576610029631281,0.007109357552296691
2022-12-27,Tuesday,-0.00406792311998494,0.00406792311998494,0.0054487777570443605,0.0046277290539280536,0.0005624086086011282
2022-12-28,Wednesday,-0.0014019931037095867,0.0014019931037095867,0.0022356106248343443,0.0013262096926983657,7.5884049172803e-05
2022-12-29,Thursday,0.004237935247403568,0.004237935247403568,0.0055360415394013,0.005192425167990011,0.0007597918170423323
2022-12-30,Friday,0.0015559181814732703,0.0015559181814732703,0.0020492580926720827,0.0007589844787674327,0.0007963293011263861
2023-01-03,Tuesday,0.0022761194029852216,0.0022761194029852216,0.0033582089552237956,0.0015671641791046298,0.0005960141553362774
2023-01-04,Wednesday,-0.0010874864064199796,0.0010874864064199796,0.002549968125398458,3.7499531255758e-05,0.0012747450509899005
2023-01-05,Thursday,-0.002642506606266526,0.002642506606266526,0.00403926009815022,0.00207625519063781,0.00056742954416511
2023-01-06,Friday,0.016948501152959317,0.016948501152959317,0.019408147578785593,0.010415065334358431,0.006121673003802286
2023-01-09,Monday,-0.0005916722135937968,0.0005916722135937968,0.0020338732342282794,0.000336513571481456,0.0011088113542283562
2023-01-10,Tuesday,0.0021228259655132753,0.0021228259655132753,0.002830434620684696,0.000782093776768189,0.0013396844298896315
2023-01-11,Wednesday,0.0006576303386796045,0.0006576303386796045,0.002740126411165102,0.00032881516933969124,0.0005845175903260724
2023-01-12,Thursday,0.010599045000723617,0.010599045000723617,0.02333236868759944,0.0007922153089278128,0.011257511040324353
2023-01-13,Friday,3.622663382119029e-05,3.622663382119029e-05,0.0017388784234169618,0.0006158527749600129,0.0006154514517414666
2023-01-17,Tuesday,-0.0002500267885846563,0.0002500267885846563,0.002357395435225292,0.0006429260277884818,0.0010350119561726157
2023-01-18,Wednesday,0.0020533153963251394,0.0020533153963251394,0.006832583991220129,0.00017700994795910585,0.0020533153963251394
2023-01-19,Thursday,0.001197778665021243,0.001197778665021243,0.004282966135530496,0.000435555878189553,0.0022891610043238586
2023-01-20,Friday,-0.0019504442678610623,0.0019504442678610623,0.0024561150039731517,0.0002889547063499309,0.0018062278737085435
2023-01-23,Monday,-0.0008815232722143573,0.0008815232722143573,0.002150916784203151,0.0003173483779972397,0.0003880618076622655
2023-01-24,Tuesday,-0.0027446756766145164,0.0027446756766145164,0.004203870340131257,0.003196331167703015,0.00034850491391935634
2023-01-25,Wednesday,-0.0034771003090756647,0.0034771003090756647,0.003968811463894536,0.0023883113234054454,0.001021054855291803
2023-01-26,Thursday,0.0014467791939374308,0.0014467791939374308,0.0066138477437134545,0.0011023079572856087,0.00041293874741921144
2023-01-27,Friday,-0.0024606971975393854,0.0024606971975393854,0.003930280246069836,0.0014661654135339486,0.0012318642211881503
2023-01-30,Monday,-0.0006821747731768912,0.0006821747731768912,0.002524046660754516,0.0011255883757418372,0.000478076765469293
2023-01-31,Tuesday,0.00566846398451526,0.00566846398451526,0.006947324761509716,0.004700677450573787,0.0010321337645358142
2023-02-01,Wednesday,-0.0005096320456629,0.0005096320456629,0.001596847076410731,3.3975469710734174e-05,0.0005435890466806148
2023-02-02,Thursday,0.0036936554113686793,0.0036936554113686793,0.004347399731964776,0.0009152420488345303,0.0026448979591837674
2023-02-03,Friday,-0.01251617076326006,0.01251617076326006,0.01393919793014231,0.009767141009055624,0.0026458483046971626
2023-02-06,Monday,-0.0018756786995294261,0.0018756786995294261,0.0037151600908224,0.001382079041758355,0.0004942827956636586
2023-02-07,Tuesday,-0.0011507101525514152,0.0011507101525514152,0.002334297738032734,0.000887690689111098,0.00029632556301839585
2023-02-08,Wednesday,-0.0002914507772021624,0.0002914507772021624,0.00191062176165795,0.0006476683937823857,0.0004212845939464138
2023-02-09,Thursday,0.0025665183067478115,0.0025665183067478115,0.0028589064682758695,0.0016565413729248135,0.0009081473793461914
2023-02-10,Friday,0.00020043427426097438,0.00020043427426097438,0.00210455987973942,0.00113579422081167,0.0009342987754011878
2023-02-13,Monday,-0.0014609688880034,0.0014609688880034,0.0018594149483680388,0.0005644652521832327,0.0007974216699339065
2023-02-14,Tuesday,-0.004682690418495006,0.004682690418495006,0.01774837906870134,0.004355229550068729,0.0001644736842105754
2023-02-15,Wednesday,0.000556555901129574,0.000556555901129574,0.006089376330004955,0.0005238173187100958,0.0
2023-02-16,Thursday,-0.00831817000259949,0.00831817000259949,0.010332726800103999,0.006141148947231612,0.002190473076797428
2023-02-17,Friday,0.0016964939125805323,0.0016964939125805323,0.0024615794025680563,0.0006652917304237338,0.0010305165879929135
2023-02-21,Tuesday,-0.0008396023643202355,0.0008396023643202355,0.002082213863514255,0.00030225685115525813,0.0005710830421929991
2023-02-22,Wednesday,0.000678656260604038,0.000678656260604038,0.0014591109602986319,0.00020359687818127803,0.0005089058524172518
2023-02-23,Thursday,0.00010094212651412526,0.00010094212651412526,0.004004037685060558,0.0010767160161506695,0.001178927512799799
2023-02-24,Friday,-0.007515217465229318,0.007515217465229318,0.009487536980990991,0.00931750943652876,0.0017504719409644487
2023-02-27,Monday,0.005345590738849104,0.005345590738849104,0.006673476336397809,0.0042219952332311905,0.0010170525816182163
2023-02-28,Tuesday,-0.0007130487929102314,0.0007130487929102314,0.002546602831822349,0.0020033275610334966,0.0011906786868516317
2023-03-01,Wednesday,-0.003029065414199117,0.003029065414199117,0.0031992376284800143,0.0025525832142128113,0.000545907400457124
2023-03-02,Thursday,-0.0024567474048442506,0.0024567474048442506,0.003044982698961922,0.0016262975778548183,0.0008318025855195144
2023-03-03,Friday,0.0033615157380055827,0.0033615157380055827,0.0041424739397644475,0.0012902787681232653,0.002136534744124452
2023-03-06,Monday,0.0006646947389410407,0.0006646947389410407,0.00229319684934693,0.0011964505300940953,0.00046476114596838425
2023-03-07,Tuesday,-0.0004322814484754023,0.0004322814484754023,0.0014963588601072239,0.0007648056396101222,0.0010966005383311606
2023-03-08,Wednesday,-0.0003033776039912395,0.0003033776039912395,0.002123643227937691,0.0007415896986449066,0.0009432373252485915
2023-03-09,Thursday,0.007185507539722691,0.007185507539722691,0.007387916202813472,0.004149377593360981,0.002888814242526072
2023-03-10,Friday,0.004439739079949545,0.004439739079949545,0.014207165055838342,0.00601072367747002,0.0016293832105637174
2023-03-13,Monday,-0.00801658604008293,0.00801658604008293,0.01710435383552173,0.007567380787836919,0.000348213663904251
2023-03-14,Tuesday,0.0021489238325886895,0.0021489238325886895,0.019101545178565413,0.00023876931473199026,0.0023198689956331897
2023-03-15,Wednesday,-0.0009538409129621339,0.0009538409129621339,0.008959291432464642,0.0022824050417306063,0.0014683786367983842
2023-03-16,Thursday,-0.002771933340012689,0.002771933340012689,0.0054102795311091224,0.0035066626590521954,0.0007037769362245871
2023-03-17,Friday,0.0003270004251005876,0.0003270004251005876,0.002550603315784407,0.0009156011902815564,0.0005554103502350971
2023-03-20,Monday,0.002230388136093664,0.002230388136093664,0.003871518094425692,0.001673283244200796,0.0008184260533385945
2023-03-21,Tuesday,-0.00019497611542584892,0.00019497611542584892,0.0015598089234069416,0.0004874402885647333,0.00019505217645710005
2023-03-22,Wednesday,0.0011632039807425443,0.0011632039807425443,0.0014540049759281031,0.0008077805421822237,0.0004197339532481248
2023-03-23,Thursday,0.0008093234056330001,0.0008093234056330001,0.0030106830689543766,0.001165425704111378,0.00042033109156747184
2023-03-24,Friday,0.0018813454863926271,0.0018813454863926271,0.0035356320347725576,0.0006163028317494046,0.0012642634854771462
2023-03-27,Monday,-0.0012184954787404223,0.0012184954787404223,0.0019845443468222805,0.00022445969345219474,0.0013145660328961473
2023-03-28,Tuesday,-0.0009080001297143703,0.0009080001297143703,0.0021078574439797456,0.001913285987612423,0.0009421702404157628
2023-03-29,Wednesday,0.0011947045527931355,0.0011947045527931355,0.0020019373587342737,3.228931223764331e-05,0.0011947045527931355
2023-03-30,Thursday,0.0012081134354930967,0.0012081134354930967,0.003274623259362973,0.0021300947415272553,0.0008566261619974425
2023-03-31,Friday,0.0016798732171157127,0.0016798732171157127,0.0053248811410458,0.001933438985737057,0.0002530764607258096
2023-04-03,Monday,0.0014448143727621154,0.0014448143727621154,0.002575538664488954,3.1409008103500113e-05,0.0013190126248350253
2023-04-04,Tuesday,-0.0008092125739184164,0.0008092125739184164,0.0015250544662309652,0.0007469654528478031,0.00018685767673620735
2023-04-05,Wednesday,-0.0010968692218494835,0.0010968692218494835,0.0020370428405778224,0.0006267824124854826,0.00040768965409099245
2023-04-06,Thursday,-0.0017778342169593175,0.0017778342169593175,0.003238198038033076,0.000984158227245291,0.0007627037849176066
2023-04-10,Monday,-9.508716323292088e-05,9.508716323292088e-05,0.0013946117274167915,0.0006656101426307792,0.0006019134511816571
2023-04-11,Tuesday,-0.00044104211952233907,0.00044104211952233907,0.0016696594524778048,0.0010080962731939813,0.001447678992918866
2023-04-12,Wednesday,0.009100998890122058,0.009100998890122058,0.014269858886951006,0.01084509275408263,0.0016627450980390979
2023-04-13,Thursday,0.003826774666751742,0.003826774666751742,0.004942917277887657,0.00248740353338861,0.0013360478432369316
2023-04-14,Friday,-0.003299811439346323,0.003299811439346323,0.0071653048397233585,0.003551225644248923,0.000157678965625907
2023-04-17,Monday,-0.0005335007061036956,0.0005335007061036956,0.0024478267691824033,0.0007217950729639933,0.0003455099412632556
2023-04-18,Tuesday,0.0004048709084683022,0.0004048709084683022,0.0011523248933321018,0.0009343174810800825,0.0005600497822026984
2023-04-19,Wednesday,-0.0008213811840527274,0.0008213811840527274,0.001705945536109245,0.0012649270234410537,0.000506136910034094
2023-04-20,Thursday,0.0006331117442230916,0.0006331117442230916,0.0018993352326684581,0.00031655587211132374,0.0007598303045652788
2023-04-21,Friday,0.0005385712022809575,0.0005385712022809575,0.0016157136068429936,0.00034848724853464574,0.0008873676871394842
2023-04-24,Monday,0.000916387537129637,0.000916387537129637,0.005435126082285367,0.0008215888263920501,0.0
2023-04-25,Tuesday,-0.0010796735575244742,0.0010796735575244742,0.0015877552316534882,0.001111428662157521,6.390083099705457e-05
2023-04-26,Wednesday,0.002014259679636865,0.002014259679636865,0.0029414585797869334,0.002110176807238684,0.00015951507417455435
2023-04-27,Thursday,-9.514446100666873e-05,9.514446100666873e-05,0.00475722305033142,0.0022834670641591615,0.002288911495422097
2023-04-28,Friday,0.0007822277847309156,0.0007822277847309156,0.004005006257822193,0.000750938673341528,3.126563281652395e-05
2023-05-01,Monday,0.001025322355134417,0.001025322355134417,0.0015845890942987346,0.001211744601522513,0.00018619662363461575
2023-05-02,Tuesday,0.0008390565275488981,0.0008390565275488981,0.0016162714814009556,0.0010565897013579129,0.00015522647542765
2023-05-03,Wednesday,-0.0011555638839438886,0.0011555638839438886,0.0024953933601923176,0.0010618695149754442,9.379396592157363e-05
2023-05-04,Thursday,-0.00040996531062753583,0.00040996531062753583,0.001923683380637066,0.0005045726900030356,0.0008195946158937595
2023-05-05,Friday,-0.0010999371464486263,0.0010999371464486263,0.004336895034569439,0.0001571338780641529,0.0009429514380008275
2023-05-08,Monday,-0.0013634110064454363,0.0013634110064454363,0.002200049578582165,0.0012704511650967198,6.205398696879083e-05
2023-05-09,Tuesday,-0.0012721462037296183,0.0012721462037296183,0.0013962580284838048,0.0008067268609017741,0.0004347556052418655
2023-05-10,Wednesday,0.008860562723457255,0.008860562723457255,0.009637805067619978,0.008363127623192801,0.0005550074000986172
2023-05-11,Thursday,-0.000643974241030465,0.000643974241030465,0.002851885924562864,0.0003373198405397515,0.000276090557703057
2023-05-12,Friday,0.0004594602873158049,0.0004594602873158049,0.0015315342910527765,0.0010720740037368781,0.0006425358749195809
2023-05-15,Monday,-0.00033758900073643794,0.00033758900073643794,0.0013503560029462245,0.0007365578197886524,0.0003992628992628422
2023-05-16,Tuesday,-0.002417454634474847,0.002417454634474847,0.0036414822974999163,0.0015912359619328909,0.0010418581847152497
2023-05-17,Wednesday,0.0016177278554421193,0.0016177278554421193,0.001922959526280433,0.0005188938404250276,0.0010371861749183253
2023-05-18,Thursday,-0.002199457667972138,0.002199457667972138,0.0023501054534499233,0.0008436275986741792,0.001326859865504626
2023-05-19,Friday,0.0010666666666667712,0.0010666666666667712,0.0016888888888888687,0.0002370370370370356,0.0007701421800947461
2023-05-22,Monday,-0.0006831412617323007,0.0006831412617323007,0.0014850896994178448,0.0005049304978020919,0.000208011410911646
2023-05-23,Tuesday,-0.00201876261726619,0.00201876261726619,0.0021968887305544244,0.0006828167676047325,0.0013665260531162682
2023-05-24,Wednesday,-0.0016565267152579555,0.0016565267152579555,0.0018372387205588725,0.000783085356303781,0.0006632699207089754
2023-05-25,Thursday,0.0015051351670405388,0.0015051351670405388,0.0032758824223822858,0.0011804981702279171,0.00029476787030224827
2023-05-26,Friday,0.00017605633802819654,0.00017605633802819654,0.004284037558685386,0.0015551643192489584,0.0016456068175139116
2023-05-30,Tuesday,-0.0008206231076146597,0.0008206231076146597,0.0022354905345369717,0.0005942443193072133,0.00019820483053489824
2023-05-31,Wednesday,-0.00037612226557670603,0.00037612226557670603,0.0013494462963442274,0.0004278031875644128,0.0006314943452551125
2023-06-01,Thursday,0.0002876787204049158,0.0002876787204049158,0.0025603406116049203,0.00011507148816192192,0.00017258737235725796
2023-06-02,Friday,-0.00178152306082624,0.00178152306082624,0.003902383847524236,0.0015835760540677812,0.00031151765738723913
2023-06-05,Monday,0.0004236689733088106,0.0004236689733088106,0.0013269312244032305,0.000988560937720484,0.0005925340707091387
2023-06-06,Tuesday,0.0001410317885652823,0.0001410317885652823,0.0007897780159648819,5.6412715426112925e-05,5.64015792443584e-05
2023-06-07,Wednesday,-0.00019699997185718132,0.00019699997185718132,0.0010412855655306463,0.0003658570905917813,0.00019707762042853183
2023-06-08,Thursday,0.003760801538770675,0.003760801538770675,0.0045646369821721695,0.00318663336491265,0.0005437115467161746
2023-06-09,Friday,0.0016958733747878263,0.0016958733747878263,0.0019502543810062116,0.0015545505935556925,0.0001975559506675051
2023-06-12,Monday,0.001489140513051046,0.001489140513051046,0.0020227023685763126,0.0010676856508666788,0.0005614192679093133
2023-06-13,Tuesday,0.003587889493003704,0.003587889493003704,0.010073689730356243,0.002842712444456774,0.0009083402146985442
2023-06-14,Wednesday,-0.0009343226161032669,0.0009343226161032669,0.0033800494641383935,0.0005770816158284786,0.0003849326367885153
2023-06-15,Thursday,0.0020360994937267396,0.0020360994937267396,0.0041547435615231975,0.0002751485802333642,0.0023946491976549744
2023-06-16,Friday,0.00024214377959519418,0.00024214377959519418,0.0014528626775721601,5.380972879898138e-05,0.00016141615775744356
2023-06-20,Tuesday,0.0009547971738004257,0.0009547971738004257,0.003235534822816832,0.00010911967700577563,0.001200611220257608
2023-06-21,Wednesday,0.0002188064110277832,0.0002188064110277832,0.010393304523822578,0.0004649636234341781,0.0003553563130415105
2023-06-22,Thursday,-0.0006645438183578989,0.0006645438183578989,0.0024643499930776308,8.306797729462634e-05,0.0004154434166065979
2023-06-23,Friday,-0.003880744794961366,0.003880744794961366,0.005363183805935226,0.0034104348304407894,0.0004719194149304107
2023-06-26,Monday,-0.0002481389578162796,0.0002481389578162796,0.0012131237937689488,0.0001929969671905507,0.0003034482758621504
2023-06-27,Tuesday,0.00069661168078472,0.00069661168078472,0.0022291573785109546,0.0015325456977262064,0.0007790545616427336
2023-06-28,Wednesday,-0.0009927217862044646,0.0009927217862044646,0.005408831281680711,0.0014889448395697391,0.00038648409893982105
2023-06-29,Thursday,-0.0035519125683060038,0.0035519125683060038,0.005054644808743232,0.0020218579234972944,0.0015878230398598259
2023-06-30,Friday,0.003224043715847058,0.003224043715847058,0.004726775956284203,0.003715846994535532,0.0006260036471517072
2023-07-03,Monday,0.00032442077374361666,0.00032442077374361666,0.0014598934818458558,0.00032442077374350564,0.0006219914543783567
2023-07-05,Wednesday,0.0007876796045305223,0.0007876796045305223,0.0011136159926121764,0.0003802591194284055,0.0005702647657841453
2023-07-06,Thursday,-0.004184782608695703,0.004184782608695703,0.012926630434782623,0.003478260869565153,0.0007362364682464984
2023-07-07,Friday,-0.00046283691805071303,0.00046283691805071303,0.0069697794718214055,0.00027225701061794894,0.0008164820510029314
2023-07-10,Monday,-0.0008738394320043641,0.0008738394320043641,0.0017203713817585894,0.0010922992900054274,0.00032808398950123774
2023-07-11,Tuesday,0.0001088761261875959,0.0001088761261875959,0.001388170608889711,0.0007076948202182631,0.0006255779796551231
2023-07-12,Wednesday,0.005355838675647151,0.005355838675647151,0.007168167924477204,0.005058292082555704,2.6906312220909e-05
2023-07-13,Thursday,0.0002929505446216396,0.0002929505446216396,0.003169192255452869,0.0002663186769287229,2.6623359335453678e-05
2023-07-14,Friday,-0.0006322944384434814,0.0006322944384434814,0.0010538240640724432,0.0005532576336380046,0.00010543796293860375
2023-07-17,Monday,0.0008443940153572971,0.0008443940153572971,0.0012138163970763817,0.00013483916932721662,0.0007123634636696519
2023-07-18,Tuesday,-0.0007064549046285062,0.0007064549046285062,0.002511839660901741,0.0017007247704020623,0.0010222000891149108
2023-07-19,Wednesday,0.0006209894431794538,0.0006209894431794538,0.0010867315255641066,0.0005174912026495448,0.0001551750892256898
2023-07-20,Thursday,-0.0014876680151376664,0.0014876680151376664,0.0024011483753099724,0.002270651180999672,0.0006015430887928996
2023-07-21,Friday,0.0004219298014294104,0.0004219298014294104,0.0008412225415996858,0.0002109649007147052,0.00023729171060971055
2023-07-24,Monday,-0.0001327809645209621,0.0001327809645209621,0.0009294667516463933,0.0005842362438921445,0.00034539561081881054
2023-07-25,Tuesday,-0.00021195983361144144,0.00021195983361144144,0.000635879500834616,0.00021195983361144144,5.299838354921871e-05
2023-07-26,Wednesday,-0.0009260239178747742,0.0009260239178747742,0.0016668430521748214,0.00010583130490005033,0.0009260239178747742
2023-07-27,Thursday,-0.0004961871931473683,0.0004961871931473683,0.0021675545805912044,0.00018280580800156265,0.0008354000783187265
2023-07-28,Friday,0.00021008403361344463,0.00021008403361344463,0.0018644957983194232,0.00044642857142862535,0.0007093875620713952
2023-07-31,Monday,0.0006247396917948844,0.0006247396917948844,0.0016373386089130026,0.0007291232819657267,0.00015606304947202165
2023-08-01,Tuesday,0.0007575558992372056,0.0007575558992372056,0.0011795853102309069,0.0007077511861384167,0.00020696882368365088
2023-08-02,Wednesday,-0.0004477218856993037,0.0004477218856993037,0.002422965499078262,0.001264155912562459,0.0007382992748845574
2023-08-03,Thursday,0.0003760307270821439,0.0003760307270821439,0.002847089790765766,0.0015041229083290197,0.0006707807888381989
2023-08-04,Friday,0.0034980907367352376,0.0034980907367352376,0.008544954471414427,0.0009613073780341264,0.002266968929190538
2023-08-07,Monday,0.002572898799313883,0.002572898799313883,0.0028677101200685925,0.0016080617495712879,0.0010168584426009097
2023-08-08,Tuesday,0.0007789626366541125,0.0007789626366541125,0.0022831663488141573,0.0016116468344569146,0.0007777509587792997
2023-08-09,Wednesday,-0.00034886217260621244,0.00034886217260621244,0.0018248175182481936,0.0004830399313010547,0.0001879497368704186
2023-08-10,Thursday,0.002292217248260675,0.002292217248260675,0.007254193409201224,0.0014831993959333323,0.0038623595505618002
2023-08-11,Friday,-0.005513307984790772,0.005513307984790772,0.0065453557848995795,0.0036936447582835985,0.0018808264733141122
2023-08-14,Monday,-0.00046445549423512755,0.00046445549423512755,0.002349598382601926,0.0010381946341729842,0.0004922471080481827
2023-08-15,Tuesday,-0.000949152542372933,0.000949152542372933,0.003335593220338878,0.0009762711864407247,2.7143671453178086e-05
2023-08-16,Wednesday,-0.001311188811188746,0.001311188811188746,0.0022675371503496937,0.0001912150349649977,0.001502116618871896
2023-08-17,Thursday,0.0010990218705353438,0.0010990218705353438,0.0023628970216506124,0.0008242664029014524,0.000329453107841049
2023-08-18,Friday,0.0004756682069388951,0.0004756682069388951,0.0014064701565316895,0.00036540094666703826,0.0006724249500604795
2023-08-21,Monday,-0.002218709265884633,0.002218709265884633,0.0022741769975316672,0.001109354632942261,0.0012492365776470837
2023-08-22,Tuesday,-0.0010359869138495403,0.0010359869138495403,0.0019901853871318468,0.00059978189749188,0.0003819292885202108
2023-08-23,Wednesday,0.0011414583161426517,0.0011414583161426517,0.002392936710949761,0.0022004015732870474,0.0009195212999559832
2023-08-24,Thursday,-5.364806866958727e-05,5.364806866958727e-05,0.0019849785407725566,0.00013412017167380164,0.00018674016072517396
2023-08-25,Friday,-0.00019326867299795936,0.00019326867299795936,0.001628702717164274,0.0008004084043160553,0.000992882365923764
2023-08-28,Monday,0.002158057202174435,0.002158057202174435,0.00232196028082067,0.0008195153932308852,0.0013921113689094877
2023-08-29,Tuesday,0.0010928364570244042,0.0010928364570244042,0.0017512704223813442,0.0007925796404568697,0.00010917626508000211
2023-08-30,Wednesday,0.0002932864075082531,0.0002932864075082531,0.0024529408627953285,2.666240068249781e-05,0.0003199573390215704
2023-08-31,Thursday,-0.0012440115401922691,0.0012440115401922691,0.003147613879992663,0.0015880998385432443,0.00042420064690595893
2023-09-01,Friday,0.00374600997177299,0.00374600997177299,0.006726989738043135,0.0030073601181839216,0.0008417287003181784
2023-09-05,Tuesday,0.0025794442228426195,0.0025794442228426195,0.003909054646988505,0.0008509506714533543,0.001567356480620452
2023-09-06,Wednesday,0.00042435815828545387,0.00042435815828545387,0.0023339698705707496,0.0004243581582856759,0.0007694144490726362
2023-09-07,Thursday,-0.004008393414397959,0.004008393414397959,0.0048423544603465275,0.0033092112342625324,0.0006208497543593872
2023-09-08,Friday,0.00045723507261974383,0.00045723507261974383,0.0018017751479291043,0.0010758472296932275,0.0006179473401396463
2023-09-11,Monday,0.0005858698836249676,0.0005858698836249676,0.0011973049985352596,5.326089851132032e-05,0.0004792970310212308
2023-09-12,Tuesday,-0.0005587186718459813,0.0005587186718459813,0.0017027616665779449,0.0005853243228861604,0.0011699327288681172
2023-09-13,Wednesday,0.00016096579476854167,0.00016096579476854167,0.007645875251508963,0.0019315895372233882,0.0020427361913721853
2023-09-14,Thursday,-0.0004254413954476455,0.0004254413954476455,0.003935332907891986,0.0018878961922994542,0.0014118649937400196
2023-09-15,Friday,-0.0020164499867338925,0.0020164499867338925,0.002122578933404116,0.0014062085433801386,0.0006642046813145619
2023-09-18,Monday,0.0003519792061517091,0.0003519792061517091,0.0012183895597553623,0.00029782855905136074,8.12039844089174e-05
2023-09-19,Tuesday,-0.0016994469175771743,0.0016994469175771743,0.0025279913665183108,0.0015378389316066388,2.72965595524699e-05
2023-09-20,Wednesday,0.001375812673662713,0.001375812673662713,0.0020502306509482073,0.00029674391000567013,0.0010517515708852176
2023-09-21,Thursday,-0.0014138781846912973,0.0014138781846912973,0.0026192786448947535,0.00160793989631558,0.0002777006387113534
2023-09-22,Friday,-0.000666167041385668,0.000666167041385668,0.0014711188830598516,0.0004163544008659592,0.00033319450229074565
2023-09-25,Monday,-8.405244872811135e-05,8.405244872811135e-05,0.0018771713549253588,0.0011487167992827452,0.0012593048637151716
2023-09-26,Tuesday,-0.001340931947703572,0.001340931947703572,0.001759973181361192,0.00025142474019435035,0.0009501984237884065
2023-09-27,Wednesday,0.0018020047302624853,0.0018020047302624853,0.0028719450388556755,0.0015204414911587083,0.00042176296921137
2023-09-28,Thursday,-0.0028732394366196568,0.0028732394366196568,0.00664788732394354,0.001183098591549303,0.0014950212970014087
2023-09-29,Friday,0.002801275828595129,0.002801275828595129,0.003772014977118329,0.0031895714880043613,0.00016592002654725047
2023-10-02,Monday,-0.000530355896720125,0.000530355896720125,0.001842288904396441,0.0008374040474530275,0.0012551951131070105
2023-10-03,Tuesday,-0.0029513308831718987,0.0029513308831718987,0.0032297583249805794,0.002199576790288482,0.0006418664359667536
2023-10-04,Wednesday,0.0005895895333818402,0.0005895895333818402,0.0028637205907126695,0.0017406929080800992,0.0010931106003699842
2023-10-05,Thursday,-0.0026649640507454553,0.0026649640507454553,0.0050245676373428146,0.003941925991727602,0.0012820155514059461
2023-10-06,Friday,-0.01308900523560208,0.01308900523560208,0.014759942074189628,0.011473766291634213,0.0018589454709329045
2023-10-09,Monday,-0.0018214433558714216,0.0018214433558714216,0.0027321650338071176,0.0024285911411618955,0.0006363083052067786
2023-10-10,Tuesday,0.00013363150430878434,0.00013363150430878434,0.0017181193411148561,5.454347114652869e-05,7.908371966180994e-05
2023-10-11,Wednesday,0.000540540540540535,0.000540540540540535,0.004648648648648722,0.000540540540540535,0.0011087373914924203
2023-10-12,Thursday,-0.0027367856184598027,0.0027367856184598027,0.0052320901529379895,0.0026562919237993476,0.0001882985877605936
2023-10-13,Friday,0.0032244079553460647,0.0032244079553460647,0.0034953666070558186,0.0018696146967973615,0.0013793476496997137
2023-10-16,Monday,0.0023791292933712516,0.0023791292933712516,0.002926055567709454,0.0012579304309778827,0.001037769342108863
2023-10-17,Tuesday,-0.003914107094319053,0.003914107094319053,0.0041043761891818185,0.0016036966567001265,0.002151123213070205
2023-10-18,Wednesday,-0.0024284427951648535,0.0024284427951648535,0.0029468744031214606,0.0013370078310458444,0.0009291140624145822
2023-10-19,Thursday,0.0017853709451480793,0.0017853709451480793,0.004587029966764677,0.00120855879363857,0.0006035665294925607
2023-10-20,Friday,0.0008372871895059308,0.0008372871895059308,0.0013117499302261436,0.0005861010326542182,0.00033474670832411846
2023-10-23,Monday,8.490886448564439e-05,8.490886448564439e-05,0.0015849654703949548,0.0005943620513981784,0.0005939585926009183
2023-10-24,Tuesday,-5.585344057190689e-05,5.585344057190689e-05,0.001228775692582657,0.00047475424486131956,0.0003073054895934568
2023-10-25,Wednesday,-0.001901938298883854,0.001901938298883854,0.002377422873605076,0.0012866053198332672,0.0006161256896406453
2023-10-26,Thursday,0.00431977882732415,0.00431977882732415,0.006364474138924192,0.0034846215873747255,0.0007748156225786396
2023-10-27,Friday,0.0015314820701015641,0.0015314820701015641,0.003987632559886715,0.0005201259860720953,0.0009530135443440724
2023-10-30,Monday,-0.0004024839006439018,0.0004024839006439018,0.0016087856485740256,0.00037373505059801193,2.8761252840237006e-05
2023-10-31,Tuesday,-0.002115615529761472,0.002115615529761472,0.0027159929098291655,0.002229973125964846,0.00011461318051586566
2023-11-01,Wednesday,0.003830541421302458,0.003830541421302458,0.004973986621691182,0.0034303356011662345,0.0004843442833128986
2023-11-02,Thursday,0.002713253412331529,0.002713253412331529,0.0031839198205929767,0.0019380381516653777,0.0008566849057647374
2023-11-03,Friday,0.004739597685312846,0.004739597685312846,0.007219619729953168,0.005345825296224849,0.0007125630344222422
2023-11-06,Monday,0.0004887054735012164,0.0004887054735012164,0.0010045612510860245,0.00046155516941803754,0.00010855995223368886
2023-11-07,Tuesday,0.0016796250643404953,0.0016796250643404953,0.0017338065180288417,0.0005689052637281033,0.001055880441845236
2023-11-08,Wednesday,-0.00018776824034327788,0.00018776824034327788,0.0008315450643776885,0.0005901287553649048,0.00024151996565047185
2023-11-09,Thursday,0.0006699166956849467,0.0006699166956849467,0.0016875150670988012,8.303645568263907e-05,0.0007235273633174888
2023-11-10,Friday,0.0023196223870534105,0.0023196223870534105,0.002859069453809851,0.0012137559002023401,0.0010775571778778303
2023-11-13,Monday,-0.002012019167129897,0.002012019167129897,0.002885659068646851,0.0018267016122627266,0.00034473614425878374
2023-11-14,Tuesday,0.014775070042818639,0.014775070042818639,0.01950626420679811,0.012898451128614541,0.0017742987606002014
2023-11-15,Wednesday,-0.0018547140649148863,0.0018547140649148863,0.006955177743431192,0.0029881504379185575,0.0011368334022323623
2023-11-16,Thursday,0.002964966579104722,0.002964966579104722,0.0029649665791047527,0.0020546698223620208,0.0008305001167889792
2023-11-17,Friday,-0.0016817158676359911,0.0016817158676359911,0.0020698041447828296,0.0015006080049675408,5.182958432670137e-05
2023-11-20,Monday,0.0015029021558872202,0.0015029021558872202,0.0018915837479269312,0.0012178689883912686,0.00023291322688323568
2023-11-21,Tuesday,-0.0015403573629081402,0.0015403573629081402,0.0021565003080715544,0.0012322858903264233,0.0003341472818403357
2023-11-22,Wednesday,0.00043635338731173867,0.00043635338731173867,0.0016654709439376276,0.0,0.000615822249558029
2023-11-24,Friday,0.0009748088861525339,0.0009748088861525339,0.001487866194653902,0.0005387101739264821,0.00038456608127157565
2023-11-27,Monday,-0.0013093373725963087,0.0013093373725963087,0.0014377037816744173,0.0008985648635464472,0.000385455479891994
2023-11-28,Tuesday,0.0006698592677680804,0.0006698592677680804,0.0007465764321780714,0.000489651163449345,0.00028307470598831763
2023-11-29,Wednesday,-0.0006620005090353098,0.0006620005090353098,0.0020997709340798898,0.00045813184016274544,7.665469732853758e-05
2023-11-30,Thursday,-0.002120863677015583,0.002120863677015583,0.003372939823687219,0.0006388143605468022,0.0013042477559266352
2023-12-01,Friday,-0.0008763564193108309,0.0008763564193108309,0.00115988349614658,0.0,0.0007733353955611255
2023-12-04,Monday,-0.002499098263513133,0.002499098263513133,0.002730973360127795,0.0017519451744215653,0.0007226738934055232
2023-12-05,Tuesday,-0.0007795042353063719,0.0007795042353063719,0.00134048744998178,0.00010393389804086439,0.0007275750961437399
2023-12-06,Wednesday,0.0033976833976834264,0.0033976833976834264,0.003603603603603545,0.00205920205920207,0.001310010017723684
2023-12-07,Thursday,0.002587322121604174,0.002587322121604174,0.004243208279430754,0.0013479948253558582,0.001237658938403774
2023-12-08,Friday,-0.0014634146341463428,0.0014634146341463428,0.006598202824133487,0.0010012836970474392,0.00020565024035368307
2023-12-11,Monday,0.0008264146123388993,0.0008264146123388993,0.001386383957082705,0.00020181376931915906,0.0006730351715154015
2023-12-12,Tuesday,-0.0046528004828853,0.0046528004828853,0.006287568220115188,0.0026659289253287977,0.0018915033668760461
2023-12-13,Wednesday,0.0012260728137121202,0.0012260728137121202,0.0018516201676467138,0.0005004378831479084,0.0007252719769912375
2023-12-14,Thursday,0.0015303729667019983,0.0015303729667019983,0.002715177844148848,0.0010120208328192604,0.0004931574405129258
2023-12-15,Friday,-0.0009637720555528695,0.0009637720555528695,0.0031878614145208826,0.0018286956951515387,0.0009160683337459119
2023-12-18,Monday,0.0005928267957711064,0.0005928267957711064,0.001354263412706182,0.0004940223298093294,0.0011121271284877388
2023-12-19,Tuesday,-0.0002697400686610951,0.0002697400686610951,0.0008092202059834254,0.00039234919077990593,9.812339016312954e-05
2023-12-20,Wednesday,0.0001714803654981889,0.0001714803654981889,0.0007349158521348191,0.00019597756056932703,2.4492395111486154e-05
2023-12-21,Thursday,0.004164510485202388,0.004164510485202388,0.006308370912496001,0.0047805623321257595,0.0006621379699339736
2023-12-22,Friday,0.0020333170014699142,0.0020333170014699142,0.0044830965213131825,0.001861832435080757,0.00019562293678920817
2023-12-26,Tuesday,-0.0002443553904799556,0.0002443553904799556,0.0006841950933438313,0.0004887107809598001,0.00019557033198069895
2023-12-27,Wednesday,-0.00017021276595741153,0.00017021276595741153,0.0005349544072948992,4.863221884499058e-05,2.4319657579208176e-05
2023-12-28,Thursday,-0.0009444242644387479,0.0009444242644387479,0.0013560963797069918,9.686402712194564e-05,0.0009928081942999212
2023-12-29,Friday,9.729046067041835e-05,9.729046067041835e-05,0.0006810332246922526,0.00024322615167582384,0.00024314335732344983
2024-01-02,Tuesday,0.0014072684179340378,0.0014072684179340378,0.0018516689709658304,0.0011110013825794685,0.0003699501800424887
2024-01-03,Wednesday,-0.0013977286908772868,0.0013977286908772868,0.001822039186322272,9.983776363398089e-05,0.0012730903644534441
2024-01-04,Thursday,-0.0023872412144994026,0.0023872412144994026,0.0030186401026337352,0.002490378084672784,7.817425293143998e-05
2024-01-05,Friday,-0.0002529532289479164,0.0002529532289479164,0.005666152328434352,0.0015430146965824676,0.001393534002229746
2024-01-08,Monday,-0.0008050111946868999,0.0008050111946868999,0.0015093959900380437,2.5156599833930926e-05,0.0005787328267324865
2024-01-09,Tuesday,-0.0020862308762169546,0.0020862308762169546,0.0027319690045698956,0.0021855752036558096,9.956192751903181e-05
2024-01-10,Wednesday,-0.0012560648227962767,0.0012560648227962767,0.0014383173657117612,0.0008620052705464731,0.0003943995267206013
2024-01-11,Thursday,-0.007518979949386773,0.007518979949386773,0.009149308935176152,0.0056696515475958,0.0019575696772456963
2024-01-12,Friday,0.002841744243018196,0.002841744243018196,0.003697207251347431,0.002229299363057491,0.00043990419864115005
2024-01-16,Tuesday,0.0005398243117238355,0.0005398243117238355,0.0027972714334790283,0.0018403101536046407,0.001469291801351802
2024-01-17,Wednesday,-0.002824165029469472,0.002824165029469472,0.003634577603143324,0.002333005893909612,0.0005415118024958421
2024-01-18,Thursday,-0.0018252172008469403,0.0018252172008469403,0.003796451777761559,0.0018495534301916638,0.0001463057790782596
2024-01-19,Friday,-0.0006967469126905046,0.0006967469126905046,0.0014655710922107461,0.00028830906732013606,0.0004325779241066696
2024-01-22,Monday,-0.001862548626665017,0.001862548626665017,0.00233407992455488,0.0019097017564541074,0.00011811674659245597
2024-01-23,Tuesday,-0.0004965125901406076,0.0004965125901406076,0.0017023288804823911,0.0007093037002010583,0.0012285592779851529
2024-01-24,Wednesday,-0.0010998783113357335,0.0010998783113357335,0.0019657399606852755,0.0007956566507534291,0.0002342194636373307
2024-01-25,Thursday,0.003281993576669695,0.003281993576669695,0.005438732212766939,0.002813137351431072,0.0003739978027630375
2024-01-26,Friday,0.0016482222745466402,0.0016482222745466402,0.0040263715563927,0.0010124793972214885,0.0007763427200224715
2024-01-29,Monday,-4.714201532107776e-05,4.714201532107776e-05,0.0006364172068355494,0.0003535651149085828,0.0003772962010988312
2024-01-30,Tuesday,-0.0003978748800523846,0.0003978748800523846,0.0010063894024855639,0.0006085145224330457,0.00030447104011988024
2024-01-31,Wednesday,-0.0011861833364964491,0.0011861833364964491,0.0030366293414310816,0.0005219206680583399,0.0004748112625232448
2024-02-01,Thursday,0.0001907259506497283,0.0001907259506497283,0.002026463225652559,0.0003337704136368025,0.00014299673490791864
2024-02-02,Friday,-0.006101424447938486,0.006101424447938486,0.006852134325205886,0.002205899608100803,0.0038572806171649487
2024-02-05,Monday,-0.0003965662032285877,0.0003965662032285877,0.0010497340673695731,0.0002799290846319247,4.667117821388622e-05
2024-02-06,Tuesday,0.00023291021311266924,0.00023291021311266924,0.0009549318737625903,2.32910213111559e-05,0.0002096143096701475
2024-02-07,Wednesday,2.3283429183340587e-05,2.3283429183340587e-05,0.0010477543132552298,0.0002794011502014193,0.0002560461814203885
2024-02-08,Thursday,0.001275244035335854,0.001275244035335854,0.0018780866702218977,0.0010201952282686833,0.000324299281908802
2024-02-09,Friday,0.0011290322580645995,0.0011290322580645995,0.0036866359447003823,0.0012672811059908362,0.00018409002001973374
2024-02-12,Monday,-0.0006632513036318732,0.0006632513036318732,0.0008690879151038227,0.0006175098344158858,0.0
2024-02-13,Tuesday,-0.010859519408502716,0.010859519408502716,0.012731053604436209,0.009681146025877996,0.001096670322234372
2024-02-14,Wednesday,4.6405865701482085e-05,4.6405865701482085e-05,0.001763422896654116,0.0009745231797297915,0.0010198405340255956
2024-02-15,Thursday,0.0004608294930874557,0.0004608294930874557,0.0028778801843318516,0.0014285714285713347,0.0009663614191708358
2024-02-16,Friday,-0.002772495016382881,0.002772495016382881,0.004834681392204967,0.0035057168388974436,0.0009659613615455864
2024-02-20,Tuesday,-0.00018652366519000818,0.00018652366519000818,0.002401492189321589,0.000816041035206494,0.0011878974215637772
2024-02-21,Wednesday,0.0005417883727505401,0.0005417883727505401,0.0014133609723922687,0.0004240082917177368,0.00014127952153342171
2024-02-22,Thursday,0.0005756654692825602,0.0005756654692825602,0.0014967302201344232,0.00027862208713291814,0.00016111955070652328
2024-02-23,Friday,0.0007319091885382711,0.0007319091885382711,0.0015048600138172785,0.00027589100253311294,0.00045817291582594954
2024-02-26,Monday,0.0005945575120054336,0.0005945575120054336,0.0012119826206265097,0.001029041847701695,0.00041120299721297826
2024-02-27,Tuesday,0.0016027356526910896,0.0016027356526910896,0.002310208376220844,0.0006175804570094368,0.0010303127286026559
2024-02-28,Wednesday,0.0008746556473828715,0.0008746556473828715,0.0022268135904498863,4.591368227724324e-05,0.0007368131111415988
2024-02-29,Thursday,0.007041443265757064,0.007041443265757064,0.009204501000989483,0.007409623305796531,0.000456798300710326
2024-03-01,Friday,-0.0006636046915943217,0.0006636046915943217,0.0019771783619418268,0.0012522129625631706,0.00042999499476725767
2024-03-04,Monday,-0.00020186161265001168,0.00020186161265001168,0.0008971627228888129,0.00029157788493883174,0.00038122575292087735
2024-03-05,Tuesday,-0.0008158085569252016,0.0008158085569252016,0.0013370195794053096,0.00022661348803476589,0.0005666749778996394
2024-03-06,Wednesday,0.0012283894449498511,0.0012283894449498511,0.002320291173794317,4.549590536839787e-05,0.0012283894449498511
2024-03-07,Thursday,0.0006117316537144202,0.0006117316537144202,0.0012198382309626104,0.0010195527561909223,0.0004752744143941001
2024-03-08,Friday,0.004069153121557534,0.004069153121557534,0.0085429734043748,0.003934264067804172,6.717570926362271e-05
2024-03-11,Monday,0.0005495511998534486,0.0005495511998534486,0.0019234291994870282,0.0004579593332113552,0.0007787091750262043
2024-03-12,Tuesday,0.0017995444191345467,0.0017995444191345467,0.00986332574031887,0.004145785876993102,0.002630683750992069
2024-03-13,Wednesday,-0.00022792473288313353,0.00022792473288313353,0.0008809776593100959,0.0003388375612730643,0.0002691707912398922
2024-03-14,Thursday,-0.0021702762580819712,0.0021702762580819712,0.003436270741963155,0.0013790297056561762,0.0007244736246321271
2024-03-15,Friday,-0.0005012873971791398,0.0005012873971791398,0.002369722241210428,0.000797502677330475,0.0003420752565563845
2024-03-18,Monday,-0.0006608933454876897,0.0006608933454876897,0.0014585232452141894,0.000820419325432975,2.280501710383298e-05
2024-03-19,Tuesday,0.002464926628118702,0.002464926628118702,0.0029256605772997276,0.0009445045958211828,0.0015881418740073538
2024-03-20,Wednesday,-0.00040956563289273884,0.00040956563289273884,0.0033902932945004643,0.000841884912057167,0.000432683548915902
2024-03-21,Thursday,-0.00031226301467635054,0.00031226301467635054,0.0012490520587054518,0.0007583530356425339,0.0004017677782242046
2024-03-22,Friday,0.0013945746547303628,0.0013945746547303628,0.0020693688425030723,0.0008997255836971085,0.000516888779018787
2024-03-25,Monday,-0.00040525024202442417,0.00040525024202442417,0.0009906117027264284,0.0001350834140081414,0.00020266618627273747
2024-03-26,Tuesday,-0.0013425822331617487,0.0013425822331617487,0.0022376370552696354,0.0016558514208994124,0.00011204481792725929
2024-03-27,Wednesday,0.0017519428597096987,0.0017519428597096987,0.001751942859709745,0.0010107362652171936,0.0006730984967466824
2024-03-28,Thursday,0.00011243534967397828,0.00011243534967397828,0.0027883966719136704,0.0006970991679784433,0.0006074514038876266
2024-04-01,Monday,0.0004582869055749228,0.0004582869055749228,0.0014377628410194708,0.00039089177240203554,2.2454249466785647e-05
2024-04-02,Tuesday,-0.00392741061755153,0.00392741061755153,0.004491693752257153,0.00325027085590468,0.0007698578027351966
2024-04-03,Wednesday,0.0002707554532195289,0.0002707554532195289,0.0015904038806763775,0.0007030540760071258,0.00018421190281803224
2024-04-04,Thursday,0.004163384719252816,0.004163384719252816,0.004948801620344351,0.0015753347586362487,0.0024938776427239073
2024-04-05,Friday,-0.0003203148237124198,0.0003203148237124198,0.008099389113871838,0.001578694488297172,0.002192331407431025
2024-04-08,Monday,0.001790124855543862,0.001790124855543862,0.0025832181459744543,0.000611814824046597,0.001268288263803985
2024-04-09,Tuesday,0.0006334984954410317,0.0006334984954410317,0.0011086223670218988,0.0009276227968957329,0.00031644854320667104
2024-04-10,Wednesday,-0.015370428893905164,0.015370428893905164,0.018148984198645645,0.016997742663656834,0.0014944666391145667
2024-04-11,Thursday,0.007537227949599101,0.007537227949599101,0.009438717067583058,0.006071019473081307,0.0014117539904821008
2024-04-12,Friday,-0.004261555806087891,0.004261555806087891,0.004622322435174772,0.0040360766629087275,0.00020375820692775104
2024-04-15,Monday,0.001881531521320312,0.001881531521320312,0.004103098859746565,0.0013601432684242631,0.000362154821186067
2024-04-16,Tuesday,0.0009277298450691696,0.0009277298450691696,0.002690416550700494,0.0019482326746451673,0.0010185185185185297
2024-04-17,Wednesday,0.001366120218579292,0.001366120218579292,0.0017829026581457391,0.0006251736593498869,0.0006478632083111169
2024-04-18,Thursday,-0.0006793159990629016,0.0006793159990629016,0.002272194893417593,0.00035137034434284953,0.00032806092560044853
2024-04-19,Friday,-0.0007326699912552082,0.0007326699912552082,0.0025690718725626645,0.00023634515846948645,0.0005673222390317756
2024-04-22,Monday,0.0021002604322934992,0.0021002604322934992,0.002760342282442968,0.0021962723377697557,0.00014369536582448106
2024-04-23,Tuesday,0.0020011435105775632,0.0020011435105775632,0.0038498189441585322,0.0012626262626262985,0.0006661591168635184
2024-04-24,Wednesday,-0.00182102584455901,0.00182102584455901,0.0031751219853851324,0.0007704340111596153,0.0010514018691588634
2024-04-25,Thursday,-0.005612522793473351,0.005612522793473351,0.017072015535084195,0.004049541762379483,0.0019015925837889691
2024-04-26,Friday,-0.0005599626691553672,0.0005599626691553672,0.006742883807746118,0.0010032664489032506,0.0016082041720079099
2024-04-29,Monday,0.0005313005313005714,0.0005313005313005714,0.0012243012243011613,0.0003465003465004113,0.0002540298369591021
2024-04-30,Tuesday,-0.002638644569947335,0.002638644569947335,0.004582908989908384,0.003032126654939349,0.0005340515940277513
2024-05-01,Wednesday,0.0016574324004356988,0.0016574324004356988,0.005564237344319662,0.0016574324004356988,7.091025125860462e-05
2024-05-02,Thursday,-0.00014112334180071961,0.00014112334180071961,0.003386960203217607,0.0020933295700442667,0.002276621212476737
2024-05-03,Friday,0.007224325768310669,0.007224325768310669,0.009431113382424684,0.006806197588794083,0.000507637639023617
2024-05-06,Monday,-0.0003889270189888494,0.0003889270189888494,0.0009151223976207598,0.0004575611988104633,0.0
2024-05-07,Tuesday,0.001592682760346742,0.001592682760346742,0.0018202088689676106,0.0010693727105186568,0.0005000113638946591
2024-05-08,Wednesday,-0.000342465753424559,0.000342465753424559,0.0016666666666667082,0.0004109589041095818,0.00011420740063949886
2024-05-09,Thursday,0.002001728765752331,0.002001728765752331,0.002342932532641765,0.002001728765752331,0.0
2024-05-10,Friday,-0.0023021712634857527,0.0023021712634857527,0.0025951338419176353,0.001296664108698553,0.00094923834922922
2024-05-13,Monday,0.0012858109632303272,0.0012858109632303272,0.0013986013986014088,0.0010827881795623107,0.0001577287066245603
2024-05-14,Tuesday,-0.0018050948802996736,0.0018050948802996736,0.0070849974051760784,0.0018502222523071321,0.00011303522177508185
2024-05-15,Wednesday,0.0057194123584163314,0.0057194123584163314,0.00785017382527756,0.004687675227094346,0.0010045764036163973
2024-05-16,Thursday,-0.0008380011467383763,0.0008380011467383763,0.002403740131433809,0.0001984739558064108,0.000529427336098176
2024-05-17,Friday,0.00046391410961632573,0.00046391410961632573,0.0005966819095588697,0.00028939403980809963,8.833141948594303e-05
2024-05-20,Monday,-0.0013475600326949833,0.0013475600326949833,0.001502198069233673,0.0014138334769259187,4.423995752955712e-05
2024-05-21,Tuesday,-0.0007046440446567548,0.0007046440446567548,0.000902825182216601,0.0006385836654703159,2.2035168128264893e-05
2024-05-22,Wednesday,0.0005486546986788188,0.0005486546986788188,0.0009217398937803605,0.00032919281920729127,0.00019744636040552876
2024-05-23,Thursday,0.0001974012451462226,0.0001974012451462226,0.001388316449380651,0.0009110826699061381,0.0007346885700663108
2024-05-24,Friday,0.0010559894401054315,0.0010559894401054315,0.0023979760202398675,0.0019139808601913444,0.000944100469854714
2024-05-28,Tuesday,-0.00032662660047044767,0.00032662660047044767,0.001284731295183292,0.0006750283076386587,0.00030504412245346835
2024-05-29,Wednesday,-0.0017300659177014177,0.0017300659177014177,0.0021242581521143384,0.0016205680748089257,6.580823480384357e-05
2024-05-30,Thursday,0.0007256474750521047,0.0007256474750521047,0.0018680534303264127,0.0016483599773891022,0.0010070855663057987
2024-05-31,Friday,0.0036566717638455426,0.0036566717638455426,0.005274471998758938,0.004255036234292797,0.00048554403001555
2024-06-03,Monday,-0.0006605456106744123,0.0006605456106744123,0.0011889820992139958,0.0006605456106744123,0.0001321789703258025
2024-06-04,Tuesday,0.0010849108823203224,0.0010849108823203224,0.001350603343296831,0.0005535259603675069,0.00044253661990523163
2024-06-05,Wednesday,0.0017080915361875615,0.0017080915361875615,0.002430745647651404,0.0009197415964086186,0.0006124904298370204
2024-06-06,Thursday,-0.00025850369444868626,0.00025850369444868626,0.0028004566898602173,0.0008832209560327708,0.0007331536388139881
2024-06-07,Friday,-0.006243272335844985,0.006243272335844985,0.01078579117330461,0.007491926803014026,0.0013884068031935204
2024-06-10,Monday,-0.0017072959889350425,0.0017072959889350425,0.0021179114799447143,0.0005402835408022666,0.0012324324324324287
2024-06-11,Tuesday,-0.0002803899577258351,0.0002803899577258351,0.0009921490811837556,0.00021568458286602699,0.0004959675680338282
2024-06-12,Wednesday,0.0059402146142053525,0.0059402146142053525,0.008133197070345754,0.004705331289388548,0.0011442374928485322
2024-06-13,Thursday,4.188481675382327e-05,4.188481675382327e-05,0.003853403141361204,0.00043958115183251323,0.00027216581178690635
2024-06-14,Friday,-0.0001680001680001153,0.0001680001680001153,0.00105000105000105,0.0002100002100002829,0.0005038312165425163
2024-06-17,Monday,-0.0008544692912072493,0.0008544692912072493,0.0014171685805389551,0.0006252214325906946,0.00027108747784376774
2024-06-18,Tuesday,-0.0012960562858729263,0.0012960562858729263,0.003703017959637128,0.0018103643358226007,0.0004740020196607464
2024-06-20,Thursday,-0.0017630176301762779,0.0017630176301762779,0.0022140221402213696,0.0018450184501845879,2.0535989321279757e-05
2024-06-21,Friday,0.00205988223299558,0.00205988223299558,0.0023927924928735926,0.00205988223299558,2.0764550759055922e-05
2024-06-24,Monday,-0.0014192390374220265,0.0014192390374220265,0.001920146932982731,0.0014192390374220265,0.0
2024-06-25,Tuesday,0.0002520955442113504,0.0002520955442113504,0.0013235016071090847,0.0007352786706160686,0.0009039310489804553
2024-06-26,Wednesday,-0.0015435639640390963,0.0015435639640390963,0.0018147306063703396,0.0007719905717444853,0.0006263440298974743
2024-06-27,Thursday,0.0018978102189781687,0.0018978102189781687,0.002252346193952,0.0012513034410845947,0.0005623359853377252
2024-06-28,Friday,-0.003180503923998268,0.003180503923998268,0.005534902932672464,0.0018174308137133277,0.0013862164566651458
2024-07-01,Monday,-4.164237528103687e-05,4.164237528103687e-05,0.0011453735321062428,0.00045806612809184966,0.0004999791675346366
2024-07-02,Tuesday,-0.00033352789126994686,0.00033352789126994686,0.0012924205786709008,0.0007712832485616827,0.0006050869029983197
2024-07-03,Wednesday,-0.0005960455461010428,0.0005960455461010428,0.0015209438072923277,0.0009865581452707106,0.00041148030038051786
2024-07-05,Friday,-0.0012392077196546891,0.0012392077196546891,0.00604834941594721,0.0004469273743017421,0.0008332486535921335
2024-07-08,Monday,-0.00016111167052657027,0.00016111167052657027,0.001812506293424584,6.041687644753324e-05,0.00024164803963022674
2024-07-09,Tuesday,0.00038105934497911775,0.00038105934497911775,0.0009025089749503392,2.005575499886003e-05,0.00044325974419301417
2024-07-10,Wednesday,-0.00026010924588326656,0.00026010924588326656,0.0007603193341203214,4.0016807067999594e-07,0.0002201012465733454
2024-07-11,Thursday,-0.0013697542382975492,0.0013697542382975492,0.005101838249890803,0.0013300512168976653,0.0028741328047571235
2024-07-12,Friday,0.001729153528490457,0.001729153528490457,0.006265638667941461,0.0013426368574160907,0.0004266471627965007
2024-07-15,Monday,-0.001407966203983091,0.001407966203983091,0.0018306175819755078,0.0010460671897003504,0.00028376307293853653
2024-07-16,Tuesday,0.0007444967604330888,0.0007444967604330888,0.003621876131836314,0.0013487464284276385,0.0006028333165878363
2024-07-17,Wednesday,-0.001225991009399241,0.001225991009399241,0.0020024519820187195,0.0006579485083776371,0.0005929379050889638
2024-07-18,Thursday,0.0017533726638887526,0.0017533726638887526,0.002227814678823351,0.0009901398572549347,0.0008243513385404189
2024-07-19,Friday,0.0019584149339555434,0.0019584149339555434,0.0028542855952331443,0.0010625442726779344,0.0009574158098488716
2024-07-22,Monday,-0.000624349635796051,0.000624349635796051,0.001165452653485957,0.0002705515088449184,0.0003747033598401339
2024-07-23,Tuesday,0.0007903101822035463,0.0007903101822035463,0.0023476616874077982,6.232730143551635e-05,0.0008734858401377998
2024-07-24,Wednesday,-0.00046421336934510116,0.00046421336934510116,0.0021100607697501685,0.000822923700202649,0.00042238648363257525
2024-07-25,Thursday,0.004327318360811905,0.004327318360811905,0.007745899865853096,0.002639664200095204,0.0015103132821265852
2024-07-26,Friday,-0.0015739203553180037,0.0015739203553180037,0.004635518854703385,0.0016170414609431027,4.319094717741834e-05
2024-07-29,Monday,-0.0006642667352361187,0.0006642667352361187,0.0026999228593468563,0.0008356904088453465,0.0015628345108114061
2024-07-30,Tuesday,0.0005807852750183695,0.0005807852750183695,0.0009031092762224572,0.0006880832580742346,0.00010722420387632159
2024-07-31,Wednesday,0.003026010816379099,0.003026010816379099,0.004141986436604015,0.0019529573353935792,0.0008994539029874016
2024-08-01,Thursday,-0.0014973634254377144,0.0014973634254377144,0.005315334317654465,0.001434296561906745,0.0001269727251600461
2024-08-02,Friday,-0.007333613129818173,0.007333613129818173,0.013363963685361515,0.009520443551059188,0.002207850133809197
2024-08-05,Monday,0.002270362311985741,0.002270362311985741,0.01324378015324951,0.00229401191940215,0.0007083825265643551
2024-08-06,Tuesday,-0.00324261751924948,0.00324261751924948,0.004830884849479209,0.0030603199777597956,0.00022866550809474973
2024-08-07,Wednesday,0.001549517179429527,0.001549517179429527,0.0026049854030990903,0.0021333932180551685,0.00035862378123940886
2024-08-08,Thursday,0.008908276891286926,0.008908276891286926,0.011479738261967626,0.009757777522672484,0.0006595105976531235
2024-08-09,Friday,-0.0014548221759663749,0.0014548221759663749,0.003804919537142831,0.0010743302222521178,0.00013446884805023984
2024-08-12,Monday,-0.0013702263083451571,0.0013702263083451571,0.0020553394625176954,0.0012818246110326559,0.00011064149941364398
2024-08-13,Tuesday,0.0028167774305707383,0.0028167774305707383,0.004269178293208921,0.0017384798204302943,0.0009444944758056906
2024-08-14,Wednesday,-0.00015104436388746478,0.00015104436388746478,0.008523217676506104,0.0005825996892800944,0.0007116670260943758
2024-08-15,Thursday,0.009525862068965552,0.009525862068965552,0.011099137931034434,0.007155172413793043,0.0022251700971371857
2024-08-16,Friday,-0.0016918684572274634,0.0016918684572274634,0.0031722533573014695,0.0025378026858412506,0.0006783541432600071
2024-08-19,Monday,-0.0005884207208154413,0.0005884207208154413,0.0007565409267626639,0.00033624041189450615,0.00018921078080991194
2024-08-20,Tuesday,-0.0011211693380948073,0.0011211693380948073,0.001391080475043516,0.0008927829914459062,0.0002701410967728135
2024-08-21,Wednesday,-0.0007894791515176136,0.0007894791515176136,0.0012257702615668564,2.0775767145209123e-05,0.0007085110671091188
2024-08-22,Thursday,0.0009917355371902303,0.0009917355371902303,0.0023760330578511926,0.00033057851239681746,0.0005576093017494177
2024-08-23,Friday,0.0015255051929869978,0.0015255051929869978,0.001713581175683851,0.0008778968925668984,0.0005427974947807002
2024-08-26,Monday,-0.00014587892049611195,0.00014587892049611195,0.0017088673543815634,0.0014354485776805204,0.0011685655857434085
2024-08-27,Tuesday,-0.002611901000526662,0.002611901000526662,0.0031806213796734934,0.0013914691943127666,0.0009494472107350882
2024-08-28,Wednesday,0.00048268625393488307,0.00048268625393488307,0.000692549842602275,0.00027282266526751364,0.0003777148253070184
2024-08-29,Thursday,-0.0009302325581395099,0.0009302325581395099,0.003424947145877388,0.0016279069767441978,0.0006988120195667857
2024-08-30,Friday,-0.0012214897963481741,0.0012214897963481741,0.0032643261798959867,0.0002948423646357279,0.0006111181354575557
2024-09-03,Tuesday,-0.0007178599328588886,0.0007178599328588886,0.0020902392162657608,0.0007178599328589996,0.001624266970425614
2024-09-04,Wednesday,0.001875109017966281,0.001875109017966281,0.0032487353915925544,0.0008285365428222224,0.001030440475179084
2024-09-05,Thursday,0.0019864658371533395,0.0019864658371533395,0.004496834752237507,0.001920977952412084,0.0002397036391370566
2024-09-06,Friday,0.00901639344262306,0.00901639344262306,0.012444989918471138,0.0048654335057420894,0.004174664107485571
2024-09-09,Monday,0.0018601767167880645,0.0018601767167880645,0.0021259162477577772,0.0011736829284496597,0.0006192909119058232
2024-09-10,Tuesday,0.0005701379295222075,0.0005701379295222075,0.001644628642852444,0.0008552068942833113,0.000350531273962007
2024-09-11,Wednesday,0.0005450185306299371,0.0005450185306299371,0.007499454981469365,0.003858731196860643,0.004442790860544443
2024-09-12,Thursday,-0.002065587734241925,0.002065587734241925,0.003939522998296471,0.000596252129472008,0.0015765813750346913
2024-09-13,Friday,2.1123339177364642e-05,2.1123339177364642e-05,0.0021547918294924345,0.0007393168712110931,0.0007186945125561284
2024-09-16,Monday,-0.00042248463212146703,0.00042248463212146703,0.0010773358119098226,0.0003379877056971514,8.452549500248541e-05
2024-09-17,Tuesday,0.0006091669117338494,0.0006091669117338494,0.002247615846741993,0.00012603453346216043,0.000504085190397241
2024-09-18,Wednesday,0.001286919831223754,0.001286919831223754,0.0015400843881856923,0.0013713080168775704,0.00012640360671622997
2024-09-19,Thursday,-0.00027000083077177717,0.00027000083077177717,0.0013292348591841538,0.00018692365207284567,0.00010386373078508093
2024-09-20,Friday,0.0007216065231241409,0.0007216065231241409,0.0012841447885676412,0.0011565587902195862,0.0001655492095025135
2024-09-23,Monday,0.00010328696804107196,0.00010328696804107196,0.0012212286802451395,6.727107136939026e-05,0.00012398832564008977
2024-09-24,Tuesday,0.00033071517155836005,0.00033071517155836005,0.0015074410913601143,0.00022736668044653907,0.0006202704379107971
2024-09-25,Wednesday,0.00033005342739866883,0.00033005342739866883,0.0008251335684963534,0.00026569300905587845,0.000206257863581083
2024-09-26,Thursday,0.0009325521519656377,0.0009325521519656377,0.00204756015975022,0.00020272872868809522,0.0006284708014412388
2024-09-27,Friday,0.0004691292553082871,0.0004691292553082871,0.0019988985660961537,0.0005507169518836896,0.0003668378576668907
2024-09-30,Monday,0.0005146695236524224,0.0005146695236524224,0.0013392121312015355,0.0005768913795946018,0.0010509173366315405
2024-10-01,Tuesday,0.00013173610983052697,0.00013173610983052697,0.0008604846987381933,0.00028068191363606054,0.0003715316201482466
2024-10-02,Wednesday,0.0024158110669136867,0.0024158110669136867,0.003894454047524844,0.0030614157485888693,0.000830340647250627
2024-10-03,Thursday,-0.0024937655860348684,0.0024937655860348684,0.0037198669991686693,0.0011429758935993517,0.0016638935108153063
2024-10-04,Friday,0.00841135015603367,0.00841135015603367,0.008514683696034068,0.005373344080021436,0.0026507757114970776
2024-10-07,Monday,-2.1438878581747645e-05,2.1438878581747645e-05,0.0010904968047825115,0.0007421150278292821,0.0008864722359531729
2024-10-08,Tuesday,-0.0003100454733361291,0.0003100454733361291,0.0007633319553533545,0.0004547333608929671,0.00022738548040357465
2024-10-09,Wednesday,0.0,0.0,0.0012500000000000308,0.00032738582419389317,0.0003889218676438322
2024-10-10,Thursday,-0.0043200486766048485,0.0043200486766048485,0.006956698103640618,0.004766250887333956,0.000550290431060807
2024-10-11,Friday,-0.0011989837398374004,0.0011989837398374004,0.0034146341463414773,0.0003861788617885997,0.0007724841904065416
2024-10-14,Monday,0.0012324228220461642,0.0012324228220461642,0.0014142556974300724,0.00030305479230641197,0.0009290864656339437
2024-10-15,Tuesday,0.000301507537688428,0.000301507537688428,0.0011859296482411557,0.00044221105527642024,0.0008849379537820834
2024-10-16,Wednesday,-0.00044774600590213876,0.00044774600590213876,0.0010379566500457738,0.0008140836470947876,0.0002647657841139406
2024-10-17,Thursday,0.001756724012599964,0.001756724012599964,0.0021201841531378954,4.0384460059716965e-05,0.0019185717747798314
2024-10-18,Friday,0.00038445973290168745,0.00038445973290168745,0.0006677458518817971,0.00046539862403882637,0.00018200938359491659
2024-10-21,Monday,0.0005077585506541027,0.0005077585506541027,0.001117475018279229,0.0,0.00038584947808772974
2024-10-22,Tuesday,-0.0013988849467815312,0.0013988849467815312,0.00328433857070452,0.002331474911302589,0.0009957932814437243
2024-10-23,Wednesday,-0.0011119647406089284,0.0011119647406089284,0.003616918038089821,0.0011523998220855924,6.071645415917093e-05
2024-10-24,Thursday,-0.0009130937645841497,0.0009130937645841497,0.0022525008623664254,0.00034494653328742686,0.0012981217800495104
2024-10-25,Friday,0.0016405048952179424,0.0016405048952179424,0.0019823610324460274,0.000849583299619594,0.0006689030797832896
2024-10-28,Monday,0.0026107038859324305,0.0026107038859324305,0.002690832412892861,0.0023295511597549723,0.0002804992887339708
2024-10-29,Tuesday,-0.00020188968747469893,0.00020188968747469893,0.0008277477186464673,0.00010094484373746049,0.00020188968747469893
2024-10-30,Wednesday,-0.0007194532155562205,0.0007194532155562205,0.002178144610096327,0.00027978736160516604,0.0008991547944933176
2024-10-31,Thursday,-0.00040567951318459805,0.00040567951318459805,0.0016780933062879914,0.0005273833671399775,0.0010743315833214861
2024-11-01,Friday,0.0002878171127831397,0.0002878171127831397,0.004317256691747919,0.0012746186423255867,0.0010675864334400709
2024-11-04,Monday,-0.0005330381122250483,0.0005330381122250483,0.0018861348586424256,0.00022551612440280255,0.0003075913546324305
2024-11-05,Tuesday,-0.0013737953660036828,0.0013737953660036828,0.0018453967603034188,0.0003075661267173402,0.0015171084732558127
2024-11-06,Wednesday,-0.0006188118811881749,0.0006188118811881749,0.0019163206643245697,0.0004191951453209608,0.0001997004493260457
2024-11-07,Thursday,0.00045309483471900336,0.00045309483471900336,0.0016744809109175483,7.879910169017457e-05,0.00031515294766504276
2024-11-08,Friday,-0.0006629618796919479,0.0006629618796919479,0.0010139416983523093,0.0007994540313931431,0.00013660135820758867
2024-11-11,Monday,-0.00021321548332076112,0.00021321548332076112,0.001024984978000129,0.00027136516059000915,9.6946194861669e-05
2024-11-12,Tuesday,0.000798442064264826,0.000798442064264826,0.0014216163583252546,0.0004673807205453073,0.00027249547462870893
2024-11-13,Wednesday,0.001523377993047026,0.001523377993047026,0.004824030311316018,0.004199054724424833,0.002683885020809851
2024-11-14,Thursday,-0.0017552071144394388,0.0017552071144394388,0.0028473359856462663,0.0010336219673920954,0.0006442921572074045
2024-11-15,Friday,-0.0013666884544536462,0.0013666884544536462,0.002772991067007303,0.0010695822687029066,0.0002379535990482129
2024-11-18,Monday,0.0023548354634195245,0.0023548354634195245,0.0028378786354030894,0.002596357049411191,2.0079111700099794e-05
2024-11-19,Tuesday,-0.006801356258652191,0.006801356258652191,0.007282868206167356,0.0028690086872780185,0.004344328238133466
2024-11-20,Wednesday,-0.0010105613569263427,0.0010105613569263427,0.0013729764004200937,0.000865119781243151,0.00021813710908824557
2024-11-21,Thursday,0.0009504950495049513,0.0009504950495049513,0.00233663366336635,0.0017425742574257441,0.0008697027197975826
2024-11-22,Friday,-0.0009114686534040795,0.0009114686534040795,0.0013077593722755508,0.000752952365855597,0.0002379347265731857
2024-11-25,Monday,0.0021832343338183957,0.0021832343338183957,0.003894418000865462,0.001553833444789765,0.0006873797085509281
2024-11-26,Tuesday,0.000905921972546686,0.000905921972546686,0.00126041317919539,0.0011422494436457153,0.00023605783416935644
2024-11-27,Wednesday,-0.00013761377710497236,0.00013761377710497236,0.0010220771816698586,0.00015727288812006357,0.00017692504275679255
2024-11-29,Friday,-0.0006124787608171589,0.0006124787608171589,0.0014225313154462608,0.0009878689690598907,0.00045490506329115554
2024-12-02,Monday,0.00021544548250007622,0.00021544548250007622,0.0011163993184088237,0.00037213310613626316,0.0006858307369741468
2024-12-03,Tuesday,-0.0005047171642660331,0.0005047171642660331,0.0012812051092906166,0.0004853049656403652,0.0009699640983282798
2024-12-04,Wednesday,0.0012105374401936153,0.0012105374401936153,0.001366177968218613,0.0006917356801106056,0.0005568677151139845
2024-12-05,Thursday,0.00013386112864055555,0.00013386112864055555,0.001204750157764893,5.7369055131650804e-05,0.0002486277659838887
2024-12-06,Friday,0.0010537407797681642,0.0010537407797681642,0.003946738193313431,0.0015135549382123692,0.0004973601652765725
2024-12-09,Monday,-3.804523578554431e-05,3.804523578554431e-05,0.0008750404230628748,0.0003424071220681224,0.00024724229745154425
2024-12-10,Tuesday,-0.0008027216085013666,0.0008027216085013666,0.0010320706395014784,0.00019112419250033597,0.00040152195942722013
2024-12-11,Wednesday,0.003084409364343399,0.003084409364343399,0.003486723629257704,0.0028928311429556874,0.00019102561653516759
2024-12-12,Thursday,-0.0010607466899019702,0.0010607466899019702,0.0036936715094802947,0.0007197923967192654,0.00037909661277180096
2024-12-13,Friday,-0.000620977757705643,0.000620977757705643,0.0011855029919837332,0.0002258100937111429,0.0003952569169959341
2024-12-16,Monday,0.0003751289505768973,0.0003751289505768973,0.000637719215980553,0.00013129513270193627,0.000150017814615655
2024-12-17,Tuesday,0.00037275878778841864,0.00037275878778841864,0.001528311029932412,0.0005218623029037417,0.0007271371306050156
2024-12-18,Wednesday,-0.0033700752215686247,0.0033700752215686247,0.0034073136218068832,0.0013219632084606747,0.0021810454104840282
2024-12-19,Thursday,-0.0017660722169964282,0.0017660722169964282,0.0025339297026470667,0.0012669648513234932,0.0004997405193457594
2024-12-20,Friday,0.004695070323735839,0.004695070323735839,0.005804642494036445,0.003671879104447884,0.0011568400619597075
2024-12-23,Monday,-0.0040548071564463495,0.0040548071564463495,0.005188615792608974,0.004074024251974562,1.929496208541437e-05
2024-12-24,Tuesday,0.001144666806570438,0.001144666806570438,0.0014499112883224737,0.0002861667016427205,0.000820078574970351
2024-12-26,Thursday,0.0005683971201213556,0.0005683971201213556,0.0018188707843880948,0.0004926108374383453,3.7873049537839876e-05
2024-12-27,Friday,-0.0010819291307995194,0.0010819291307995194,0.00151583766136557,0.0003431477505916325,0.000568731160780267
2024-12-30,Monday,-0.003850246686659564,0.003850246686659564,0.005204604817645457,0.0028248041017704395,0.0011058727664279289
2024-12-31,Tuesday,-0.000232009589729687,0.000232009589729687,0.0017594060554502304,0.0007346970341439718,0.0009080897269935218
2025-01-02,Thursday,-0.00011626555051724718,0.00011626555051724718,0.011471534317714917,0.0019765143587957557,0.0019728443773935345
2025-01-03,Friday,-0.0013852577359815266,0.0013852577359815266,0.0021463690638779368,0.0001365747063643008,0.0011319060908256962
2025-01-06,Monday,0.00022888096282591697,0.00022888096282591697,0.0019264147704516673,0.0009155238513036679,0.0011072294446670128
2025-01-07,Tuesday,0.0012773339942426798,0.0012773339942426798,0.0017158217833109469,9.532343240603591e-05,0.0012009836628095183
2025-01-08,Wednesday,0.0006016263318262549,0.0006016263318262549,0.0035515360878763387,0.0019795447047178394,0.002293934681182108
2025-01-10,Friday,-0.008982385192674136,0.008982385192674136,0.012326476649687038,0.008729634094178929,0.0002549769540061142
2025-01-13,Monday,-0.0003980654021455976,0.0003980654021455976,0.0018908106601914468,0.00013932289075091475,0.0005572028417344388
2025-01-14,Tuesday,0.004206410332365573,0.004206410332365573,0.007899362126508285,0.004127416711100507,0.0003342048872549963
2025-01-15,Wednesday,0.012914037854889537,0.012914037854889537,0.01553627760252365,0.01348580441640368,0.0005447152889909157
2025-01-16,Thursday,0.0012938609196067041,0.0012938609196067041,0.0025297877681865846,3.8622714018332616e-05,0.0013325350997470675
2025-01-17,Friday,0.004323489673808245,0.004323489673808245,0.004516502605674641,0.00270218104613007,0.0015978521294781611
2025-01-21,Tuesday,0.001564885496183388,0.001564885496183388,0.001774809160305248,0.0007633587786259888,0.0008009153318078166
2025-01-22,Wednesday,0.0004531294250920137,0.0004531294250920137,0.0008684980647598158,0.00047314264136710804,5.661231884057649e-05
2025-01-23,Thursday,-0.00018893234332773012,0.00018893234332773012,0.0016626046212851093,0.0001511458746621397,0.00017010017010021805
2025-01-24,Friday,-0.00041320761804575223,0.00041320761804575223,0.0010518012095712885,0.0008827617294615564,0.0005075855845695365
2025-01-27,Monday,-0.0004887003188857042,0.0004887003188857042,0.0023087281251916937,0.0012699957927237993,0.0006648676131253417
2025-01-28,Tuesday,-0.0023238700182037775,0.0023238700182037775,0.0032146868585149853,0.0029242031062395313,0.0006020937323982789
2025-01-29,Wednesday,0.0007431099534598307,0.0007431099534598307,0.0018202363396088044,0.00042135100453910557,0.0012608745640594332
2025-01-30,Thursday,0.002198852772466564,0.002198852772466564,0.0027533460803058143,0.000458891013384255,0.0017583089654644724
2025-01-31,Friday,0.00024658105878105907,0.00024658105878105907,0.002162326207773183,0.00026554883253349093,0.00047430230131473294
2025-02-03,Monday,-0.0010512176604567935,0.0010512176604567935,0.002684498432906822,0.0011874866164418574,9.744689144408625e-05
2025-02-04,Tuesday,-0.001328302467947573,0.001328302467947573,0.0017133176760481775,0.0010395410618720957,0.0004431599229287597
2025-02-05,Wednesday,3.837004067230865e-05,3.837004067230865e-05,0.0017266518302511144,0.0,5.75561652245149e-05
2025-02-06,Thursday,0.0006072682417685993,0.0006072682417685993,0.0014802163393110783,0.0007592750735364584,0.0014244473144420233
2025-02-07,Friday,0.0,0.0,0.005850712465792248,0.00020760592620550078,0.0002830188679244783
2025-02-10,Monday,0.0008536469695532567,0.0008536469695532567,0.0011990894432325463,0.000607037845015812,0.00018957345971570838
2025-02-11,Tuesday,-0.0016914363905887742,0.0016914363905887742,0.002603671747310815,0.00022805883918053382,0.0018811279166983663
2025-02-12,Wednesday,-0.013416477702192009,0.013416477702192009,0.01470143613000772,0.01324640967498103,0.00017235105995905275
2025-02-13,Thursday,0.0016813072636252535,0.0016813072636252535,0.004930575233777299,0.001794653820723413,5.6581354557661e-05
2025-02-14,Friday,0.0005412871434971045,0.0005412871434971045,0.001922502613110297,0.00035463640436028676,0.00018658456945597202
2025-02-18,Tuesday,0.0006842981320509534,0.0006842981320509534,0.0010909931570185745,0.00046236360273721466,0.0002773053316573737
2025-02-19,Wednesday,0.00039008804844509193,0.00039008804844509193,0.0012445666307537226,1.8575621354544047e-05,0.00039008804844509193
2025-02-20,Thursday,0.00044583147570209647,0.00044583147570209647,0.0008359340169414693,0.0005201367216525199,1.8568378052252754e-05
2025-02-21,Friday,0.0003153052897100217,0.0003153052897100217,0.0017063580384300747,0.0009088211291639059,0.0006114961271910246
2025-02-24,Monday,0.0011162201029366603,0.0011162201029366603,0.0013245534362701435,0.0005487435664546236,0.0005482431256855769
2025-02-25,Tuesday,-0.0020557946510914027,0.0020557946510914027,0.002632185674761767,0.0011931294189978514,0.0008056498601078932
2025-02-26,Wednesday,-0.0024533003650973884,0.0024533003650973884,0.003496435953406505,0.0009658662854714617,0.0015081789705710946
2025-02-27,Thursday,-0.0016788236656246625,0.0016788236656246625,0.004611940874532025,0.0007303847786652717,0.0024872744099952993
2025-02-28,Friday,0.0007801092152901479,0.0007801092152901479,0.004540635688996423,0.00214029964194995,0.0014569404251073559
2025-03-03,Monday,-0.0003108150347738148,0.0003108150347738148,0.001758224583886804,0.0012502930374306276,0.0009210757946209736
2025-03-04,Tuesday,0.002497614067861864,0.002497614067861864,0.004182995918533113,0.003188011452474271,0.0006884056577594055
2025-03-05,Wednesday,-0.00044320883194326477,0.00044320883194326477,0.0027599822716467314,0.0005237922559329089,0.0002417989844442081
2025-03-06,Thursday,0.0008304974882513694,0.0008304974882513694,0.0035853184248905807,0.0014181251012801432,0.000829120323559196
2025-03-07,Friday,-0.0014939117978102212,0.0014939117978102212,0.011521538933797188,0.0035833418602271294,0.005018546803403745
2025-03-10,Monday,0.0009301364200082762,0.0009301364200082762,0.0027672591980158097,0.0,0.000950825771512287
2025-03-11,Tuesday,-0.002151730538038077,0.002151730538038077,0.0028895028789572576,0.0006747094678675181,0.001351345646438018
2025-03-12,Wednesday,0.006504406210658731,0.006504406210658731,0.01049097775912715,0.003336130927402481,0.003052860488457654
2025-03-13,Thursday,0.002190718934973468,0.002190718934973468,0.004212921028795315,0.002106460514397668,0.0005678233438486391
2025-03-14,Friday,-0.0013890642757923288,0.0013890642757923288,0.002294060697899514,0.0012627857052657232,0.00014750816563058322
2025-03-17,Monday,0.0032340176932064146,0.0032340176932064146,0.005633450175262871,0.0040060090135203286,0.0009555571392626527
2025-03-18,Tuesday,-0.0026225826575171363,0.0026225826575171363,0.003680598877105508,0.0005032231233104145,0.0020000000000000018
2025-03-19,Wednesday,0.0004621557464865589,0.0004621557464865589,0.0014494884776169521,0.00031510619078645163,0.00012600012600016974
2025-03-20,Thursday,-0.00046015477933492033,0.00046015477933492033,0.0019033674963396111,0.0006274837900019925,0.0011078363746578335
2025-03-21,Friday,-0.005655397762975967,0.005655397762975967,0.006073897197436158,0.004922290645553273,0.0007367335340054959
2025-03-24,Monday,0.0006149431177615572,0.0006149431177615572,0.0008404222609409142,0.0007170236753100134,8.193531207112414e-05
2025-03-25,Tuesday,-0.0007929246721561922,0.0007929246721561922,0.0020331401850157567,0.0003029378875674116,0.0009554204866546456
2025-03-26,Wednesday,0.0007100399651065459,0.0007100399651065459,0.0014606536425050764,0.00010143428072950655,0.0005679513184584373
2025-03-27,Thursday,4.13795957214802e-05,4.13795957214802e-05,0.002234498168952974,0.0006206939358202046,0.0004962881780019579
2025-03-28,Friday,-0.0036219816819316186,0.0036219816819316186,0.003642797668609492,0.0027060782681098683,0.000897534909933273
2025-03-31,Monday,0.002033443658467915,0.002033443658467915,0.015512579228589337,0.0019283102948493003,0.0001295476627443115
2025-04-01,Tuesday,0.0013069934864586852,0.0013069934864586852,0.004815092560850179,0.0003213918409323835,0.0007280669821623231
2025-04-02,Wednesday,0.0017140898183063413,0.0017140898183063413,0.0023140212547137127,0.0010713061364415744,0.0006851456945944356
2025-04-03,Thursday,-0.006490601728452394,0.006490601728452394,0.0075393340167539055,0.002862980143579441,0.003354086285513924
2025-04-04,Friday,0.0019375869064715001,0.0019375869064715001,0.011124028357154245,0.0011397570038067517,0.0009564583712879937
2025-04-07,Monday,-0.0004822763443452782,0.0004822763443452782,0.013913672534362147,0.0053050397877983935,0.005140889470876431
2025-04-08,Tuesday,-0.0011043114158193479,0.0011043114158193479,0.00506142732250492,0.002599733124741266,0.0014762190339991932
2025-04-09,Wednesday,0.010431935893677302,0.010431935893677302,0.018640672334603724,0.005151959347210022,0.005225549290297504
2025-04-10,Thursday,-0.0010110778969579792,0.0010110778969579792,0.014858449094425864,0.0023518551081413985,0.0010792713816876187
2025-04-11,Friday,-0.003614054656999488,0.003614054656999488,0.010117122141662075,0.0007852760736195563,0.004679874311947052
2025-04-14,Monday,0.0023361958943519667,0.0023361958943519667,0.0032879794068657806,0.001427675268770523,0.0009937136808451097
2025-04-15,Tuesday,0.004303908651734911,0.004303908651734911,0.004589371980676399,0.003425559947298984,0.0011163401554119545
2025-04-16,Wednesday,-0.0033427047129922505,0.0033427047129922505,0.004183915170566458,0.0023908086688951835,0.0009985133246055433
2025-04-17,Thursday,2.232441844896016e-05,2.232441844896016e-05,0.0035049336964771915,0.0005804348796714098,0.0007361470509502643
2025-04-21,Monday,0.0,0.0,0.0018718469650968869,0.0004428515990595461,0.0005247547342003278
2025-04-22,Tuesday,0.002652398591485028,0.002652398591485028,0.0030639776832669663,0.0005259066172771387,0.0020795722022899366
2025-04-23,Wednesday,0.0032815576460292206,0.0032815576460292206,0.003828483920367534,0.002122511485451728,0.0010894979686788542
2025-04-24,Thursday,0.003212100503388271,0.003212100503388271,0.0038061597786228064,0.0034541246525578995,0.00024119104523434576
2025-04-25,Friday,-0.0004936893620675065,0.0004936893620675065,0.00266162960418994,0.0009444492143899641,0.00143678160919547
2025-04-28,Monday,0.001270755676041846,0.001270755676041846,0.0018849542527956335,0.0005930193154861652,0.00038088789199708373
2025-04-29,Tuesday,-0.001908235094563615,0.001908235094563615,0.004622169451276291,0.0022262742769909583,0.003956750809335441
2025-04-30,Wednesday,-0.007821466524973397,0.007821466524973397,0.011668437832093537,0.007056110520722636,0.0008561277342580276
2025-05-01,Thursday,-0.001694529974582193,0.001694529974582193,0.002190489967142655,0.0005786199913208057,0.0009306365554040408
2025-05-02,Friday,0.007057265257973011,0.007057265257973011,0.008050663300151051,0.004366812227074357,0.002616776214122485
2025-05-05,Monday,0.0005575862709867874,0.0005575862709867874,0.0015488507527414658,0.00045432955413760023,0.0009503346830839199
2025-05-06,Tuesday,0.00047982896855502943,0.00047982896855502943,0.0021025043741458387,0.001143887280785294,0.0016255757247358726
2025-05-07,Wednesday,0.0009948392712801901,0.0009948392712801901,0.002860162904930663,0.0015337105432238207,0.0004790961948586414
2025-05-08,Thursday,-0.0016338868124911032,0.0016338868124911032,0.0045940812450218265,0.0024712538038926812,0.0008804258804258058
2025-05-09,Friday,0.0015522875816993409,0.0015522875816993409,0.0026552287581699577,0.0015727124183007035,2.039359641070604e-05
2025-05-12,Monday,-0.0021258587091312897,0.0021258587091312897,0.0025589040017320918,0.00200775544751286,0.0001577815908329061
2025-05-13,Tuesday,0.0007270869360163079,0.0007270869360163079,0.0059542524760257285,5.8952994812289106e-05,0.0006877579092159358
2025-05-14,Wednesday,-0.0013522127996599131,0.0013522127996599131,0.002278671740684317,0.001294260822531701,0.0
2025-05-15,Thursday,0.0015133876600696983,0.0015133876600696983,0.004326736515327716,0.002949165696546352,0.001334958500203265
2025-05-16,Friday,-0.002570348915274412,0.002570348915274412,0.0029539830817334072,0.001937352540617221,0.0006342250922509729
2025-05-19,Monday,0.0017521999844247738,0.0017521999844247738,0.0023167977571841264,0.0011846818783585178,0.0005639280505589372
2025-05-20,Tuesday,-0.0006149943305211458,0.0006149943305211458,0.0014029558165011015,0.00071108719466495,0.00028853922209814975
2025-05-21,Wednesday,-0.0005800489823434285,0.0005800489823434285,0.0017977459462769976,0.0012952043421139425,0.0007741885536223236
2025-05-22,Thursday,0.006952332458579624,0.006952332458579624,0.0072265089499040334,0.0038776389487289453,0.00321938656052434
2025-05-23,Friday,-0.0006529223220292923,0.0006529223220292923,0.0027699734873965756,5.935657472977418e-05,0.0006726945373247695
2025-05-27,Tuesday,-0.0003103832885302804,0.0003103832885302804,0.0021672648575681366,0.0009296018192641586,0.0005810350170436518
2025-05-28,Wednesday,-0.0002658836784749097,0.0002658836784749097,0.0016079358525477492,0.001035778678349475,0.001300315517736017
2025-05-29,Thursday,-0.0006273764258556414,0.0006273764258556414,0.00269961977186304,0.0010266159695816457,9.512575624959219e-05
2025-05-30,Friday,0.0018942688702039412,0.0018942688702039412,0.0035565864501786375,0.00291872040204888,0.0010022164402042621
2025-06-02,Monday,0.0015298218435322308,0.0015298218435322308,0.0022269558481796616,0.0016266460108442793,0.00011599806669881918
2025-06-03,Tuesday,-0.0002483522781545622,0.0002483522781545622,0.0016620498614958535,0.0013945935619448235,0.0010520879162922991
2025-06-04,Wednesday,0.0013641798409596007,0.0013641798409596007,0.001537264428460165,0.00026570002467218856,0.0010981880277014522
2025-06-05,Thursday,0.002061348765082016,0.002061348765082016,0.008188660690646471,0.00041624115889415947,0.0015878116552936472
2025-06-06,Friday,0.0035085722955545684,0.0035085722955545684,0.004627522379001773,0.00407752996510391,0.0006987724268177065
2025-06-09,Monday,-0.0003959723950673899,0.0003959723950673899,0.0009050797601536834,0.0002451257683750985,0.0006974552309142457
2025-06-10,Tuesday,-9.403268576169133e-05,9.403268576169133e-05,0.0008274876347017111,7.522614860921983e-05,0.00011283710083886955
2025-06-11,Wednesday,0.0033512440791567677,0.0033512440791567677,0.006515267818695858,0.004156291539512802,0.0008762281176010189
2025-06-12,Thursday,0.003493598217320759,0.003493598217320759,0.005438682630207341,0.003380292329191459,0.0001505712296023809
2025-06-13,Friday,-0.0012694202349373684,0.0012694202349373684,0.00263357332322847,0.0008904888215230944,0.000398225054044854
2025-06-16,Monday,-0.0007339380481011792,0.0007339380481011792,0.0011855922315480362,0.00043283525913662135,0.000338874559933644
2025-06-17,Tuesday,-0.00047012806288437847,0.00047012806288437847,0.002482276172029355,0.0006205690430074462,0.0010149231289703353
2025-06-18,Wednesday,-0.0007542758009465578,0.0007542758009465578,0.0012256981765384229,0.0004902792706152903,0.00035842293906818146
2025-06-20,Friday,0.0019430296170532824,0.0019430296170532824,0.0026787398604038344,0.0011507262780607874,0.0006971135729896272
2025-06-23,Monday,0.0021567395496986386,0.0021567395496986386,0.0022622477427426137,0.0013392886846741447,0.0008543600842967347
2025-06-24,Tuesday,0.00013039023935901284,0.00013039023935901284,0.0019931079444911056,0.0005401881344881954,0.00039096680505656956
2025-06-25,Wednesday,0.0007750364451664105,0.0007750364451664105,0.001162554667749249,0.00011071949216678867,0.0006827072108643861
2025-06-26,Thursday,-0.0008523142584727639,0.0008523142584727639,0.002482468713998499,0.0007603709727691532,0.0002759889604415644
2025-06-27,Friday,-0.001567340987789323,0.001567340987789323,0.001986513577546987,0.0015853836340441463,9.1259194363702e-05
2025-06-30,Monday,-0.000580267285618552,0.000580267285618552,0.0013056013926413287,0.0006528006963207877,5.443460589349414e-05
2025-07-01,Tuesday,0.0008742213965686751,0.0008742213965686751,0.0012566932575675785,0.000364258915237059,0.00043691971600212653
2025-07-02,Wednesday,-0.000971033876257299,0.000971033876257299,0.00806141331232497,0.0018687821769479696,0.0009361748994989316
2025-07-03,Thursday,0.0007792254861098691,0.0007792254861098691,0.002573256256455718,0.0010691698530342908,0.0004343891402714961
2025-07-07,Monday,-0.001406647310237763,0.001406647310237763,0.0020198012659825874,0.0007392111954698244,0.0006316777360669823
2025-07-08,Tuesday,-0.0002348647720907815,0.0002348647720907815,0.001120124297664007,0.0008671930046431076,0.0006147837407783907
2025-07-09,Wednesday,-0.00025543227124824597,0.00025543227124824597,0.0012103226431133527,0.00014198710410240345,0.0004515243461927776
2025-07-10,Thursday,-0.0002695659987421717,0.0002695659987421717,0.0013298589271273412,0.0005571030640669772,0.0002697114087926167
2025-07-11,Friday,0.0006151396728901748,0.0006151396728901748,0.0012664640324215614,7.236937328136683e-05,0.00018084490740721826
2025-07-14,Monday,-0.0004700182584015389,0.0004700182584015389,0.0009219588914802043,0.0002169315038776931,0.0002169864202665739
2025-07-15,Tuesday,0.002057245080500758,0.002057245080500758,0.002576028622540348,0.0007334525939175496,0.0013586227855342248
2025-07-16,Wednesday,0.0018156976953223047,0.0018156976953223047,0.002247150613022687,0.001599971236472042,0.00023333452992058135
2025-07-17,Thursday,0.0020430473664403426,0.0020430473664403426,0.002598612878367077,0.0010932095557267818,0.000984639621898209
2025-07-18,Friday,0.0002668184567222731,0.0002668184567222731,0.0006937279874772962,7.115158845927283e-05,0.00016007398975537157
2025-07-21,Monday,-0.0017240153561780547,0.0017240153561780547,0.0019195222522395154,0.0005509739798094104,0.0012092113452477626
2025-07-22,Tuesday,-0.00019622764321036712,0.00019622764321036712,0.0005994958349929883,0.0004798448330355365,0.0003192338387867366
2025-07-23,Wednesday,-0.0007472113006815606,0.0007472113006815606,0.0008895372627159351,0.00035581490508640456,0.0004093255027585174
2025-07-24,Thursday,-0.0009375718657679277,0.0009375718657679277,0.002264324506005719,0.0016274832386915516,0.0007974340344847342
2025-07-25,Friday,-0.00015937875893301534,0.00015937875893301534,0.000813698436283939,0.0002476473501735743,7.059572887002652e-05
2025-07-28,Monday,0.00033421284080925595,0.00033421284080925595,0.000932277924362309,0.00033421284080925595,5.275003516669319e-05
2025-07-29,Tuesday,-0.0005956969654495881,0.0005956969654495881,0.0010337094400449083,0.0002803279837408912,0.00035049595177183424
2025-07-30,Wednesday,0.0004048939353931136,0.0004048939353931136,0.0013027022269166608,0.0007745797024911738,0.00031664497062244834
2025-07-31,Thursday,0.0007993744026413285,0.0007993744026413285,0.0014944825788511598,0.0005213311321574654,0.0005559512847685966
2025-08-01,Friday,-0.0021444017514072877,0.0021444017514072877,0.004557233491198204,0.0014475918148513234,0.0032488351750360467
2025-08-04,Monday,8.987557067419161e-05,8.987557067419161e-05,0.0008951750067138127,0.0001969385014768399,0.00034060994609697026
2025-08-05,Tuesday,-0.0002473935324261989,0.0002473935324261989,0.0012369676621311989,0.0002297225658243196,0.00045934772622868714
2025-08-06,Wednesday,0.0011254793543207242,0.0011254793543207242,0.0014982609471150127,0.0008383126727906642,0.00039389726588967555
2025-08-07,Thursday,5.249435685650283e-05,5.249435685650283e-05,0.0012248683266547651,0.00033246426009192476,0.00013995801259625296
2025-08-08,Friday,7.032868047440743e-05,7.032868047440743e-05,0.00115752940431622,0.00024571192355260507,0.0001402770471680137
2025-08-11,Monday,-0.0005215939912371903,0.0005215939912371903,0.0010779609152235978,0.0005042075248625766,6.957731779433374e-05
2025-08-12,Tuesday,0.003920748601599744,0.003920748601599744,0.006342899959921213,0.004443515081812954,0.0005377929670556947
2025-08-13,Wednesday,0.0005671857275444392,0.0005671857275444392,0.0011859337939569875,0.0007562476367259929,0.00017174753112925156
2025-08-14,Thursday,-0.004684002066471571,0.004684002066471571,0.007163767866368121,0.00458067849147592,3.460207612449029e-05
2025-08-15,Friday,0.00036237511000680733,0.00036237511000680733,0.001052613414781477,0.00012079170333567646,5.174644243199911e-05
2025-08-18,Monday,0.00024287424318658601,0.00024287424318658601,0.0009714969727461429,0.00013878528182076355,0.000310726626669533
2025-08-19,Tuesday,-0.0015603599230221699,0.0015603599230221699,0.001716395915324484,0.0005027826418626535,0.0010925902124107045
2025-08-20,Wednesday,0.0005809961442984068,0.0005809961442984068,0.0016549587140619634,0.00036972481909902655,0.00017598817359476548
2025-08-21,Thursday,-0.0005144215418454445,0.0005144215418454445,0.0022528115798062616,8.869336928363225e-05,0.0003548301250775321
2025-08-22,Friday,-0.0012216065010711707,0.0012216065010711707,0.0013278331533381725,0.0006196554715578451,0.0006731382413377451
2025-08-25,Monday,0.0004212373848180295,0.0004212373848180295,0.0008775778850372971,0.0005440982887230383,7.017174534662551e-05
2025-08-26,Tuesday,8.777165326701031e-05,8.777165326701031e-05,0.0015974440894568132,0.0002808692904541221,0.0003509326033933613
2025-08-27,Wednesday,-0.0005236515971372979,0.0005236515971372979,0.0014138593122710057,0.0011869436201779049,0.0004018379719412657
2025-08-28,Thursday,0.0012735075538188312,0.0012735075538188312,0.0023551167091167596,0.0017096402777292408,0.00045279601539505165
2025-08-29,Friday,0.0016201808330866818,0.0016201808330866818,0.002228184177975987,0.0012369122489155338,0.00046983486174689837
2025-09-02,Tuesday,-0.0028569997203757858,0.0028569997203757858,0.004299178785791035,0.0015068443992182212,0.0014943162613630934
2025-09-03,Wednesday,-0.0005618076160045504,0.0005618076160045504,0.0015291701048121998,0.0004564686880036417,0.00012294937998391653
2025-09-04,Thursday,-0.0005427645977412743,0.0005427645977412743,0.0015232425807581275,0.0008053926289064428,0.000315424245610485
2025-09-05,Friday,0.0035442600276627267,0.0035442600276627267,0.006120331950207602,0.0016597510373443924,0.001743062267016482
2025-09-08,Monday,0.0008830608297516473,0.0008830608297516473,0.0010215530202636696,0.00017328835337804271,0.0006057354493691491
2025-09-09,Tuesday,-0.00046547711404187897,0.00046547711404187897,0.0006906301180933611,0.0003792776484784488,6.898692697743236e-05
2025-09-10,Wednesday,0.003230240549828123,0.003230240549828123,0.0049999999999999455,0.0034879725085910085,0.00037664783427504567
2025-09-11,Thursday,0.001271302913688821,0.001271302913688821,0.00542880703683337,0.00034359538207817675,0.0014949737949996322
2025-09-12,Friday,0.00020514924607639706,0.00020514924607639706,0.001179608164940087,0.00018805347557016017,0.0003932766786927111
2025-09-15,Monday,0.000527228817306602,0.000527228817306602,0.001323514405251828,0.00013605904962765702,0.0006974212424304405
2025-09-16,Tuesday,0.0004050086064328884,0.0004050086064328884,0.0008606432886698688,0.00038813324783126824,0.00013493000505970798
2025-09-17,Wednesday,5.075111652441677e-05,5.075111652441677e-05,0.0007105156313438203,0.0004229259710379907,0.0005077430820004114
2025-09-18,Thursday,-0.002430235481437948,0.002430235481437948,0.0027319198860303287,0.0008547724796781342,0.0017107779007748958
2025-09-19,Friday,-0.00048586794444349657,0.00048586794444349657,0.0007539330172400112,0.0005863923467421817,0.0
2025-09-22,Monday,0.0011062688568554968,0.0011062688568554968,0.001575595038551885,0.0010056989607778455,1.6743407283303924e-05
2025-09-23,Tuesday,0.0006808821575661206,0.0006808821575661206,0.0009964129135113969,0.0005314202205395357,0.00016598336846662676
2025-09-24,Wednesday,6.673006022395178e-05,6.673006022395178e-05,0.0005838880269587927,0.0002335552107836092,0.0003003554205811554
2025-09-25,Thursday,-0.001686340640809414,0.001686340640809414,0.0025969645868464818,0.0015514333895446653,0.00018577629156746323
2025-09-26,Friday,0.0018343683209638417,0.0018343683209638417,0.004089463321048221,0.003147035559818878,0.0012415274142675292
2025-09-29,Monday,0.0005572223889054317,0.0005572223889054317,0.001033436677001041,0.0003500350035001709,0.0002071148879447815
2025-09-30,Tuesday,0.0007354047233041339,0.0007354047233041339,0.0012702445220704834,0.0008858284167072572,0.00021707186748598506
2025-10-01,Wednesday,-8.367220576677159e-05,8.367220576677159e-05,0.0011212075572735562,1.6734441153243296e-05,0.00016733041062888532
2025-10-02,Thursday,0.00024719434419351316,0.00024719434419351316,0.0005438275572255582,0.00018127585240834687,0.0004285478819845423
2025-10-03,Friday,-0.0007590486260891094,0.0007590486260891094,0.001549415219378142,0.0009568463136693239,0.0001814852089554453
2025-10-06,Monday,-0.0008875447881396825,0.0008875447881396825,0.0010354689194963932,0.0007920515433417208,9.869395006101289e-05
2025-10-07,Tuesday,0.001561216105176788,0.001561216105176788,0.0018077239112572272,0.000624486442070582,0.0009358162738746234
2025-10-08,Wednesday,-6.611679531887127e-05,6.611679531887127e-05,0.0010578687251028716,3.3058397659435634e-05,3.305949055321111e-05
2025-10-09,Thursday,0.00027803673355908387,0.00027803673355908387,0.0006705591809364411,3.271020394834956e-05,0.00021260241712584005
2025-10-10,Friday,-0.0011606237944224995,0.0011606237944224995,0.0015692941445712826,0.0011606237944224995,0.0
2025-10-13,Monday,-0.0010510685863961422,0.0010510685863961422,0.0026193296518127597,0.0003169889387544256,0.0013676240034691256
2025-10-14,Tuesday,-0.001494216208048571,0.001494216208048571,0.0038782465624631825,0.0030723771468865735,0.0015830245874033366
2025-10-15,Wednesday,0.0006621529904484724,0.0006621529904484724,0.0017712592494494798,9.932294856707102e-05,0.000546212923728806
2025-10-16,Thursday,0.0011565850998793703,0.0011565850998793703,0.0025940551525867024,0.0017532177849743924,0.0006102589477157139
2025-10-17,Friday,-0.0013193493436653991,0.0013193493436653991,0.002638698687330785,0.0006680249841343189,0.0005515443241075335
2025-10-20,Monday,0.0015994459651087478,0.0015994459651087478,0.0016818916334135504,0.00047818487616657634,0.00108772681576208
2025-10-21,Tuesday,-0.0003759152719665648,0.0003759152719665648,0.0007681746861925131,0.0001797855648535407,0.0002942186044230244
2025-10-22,Wednesday,0.00039312683254433267,0.00039312683254433267,0.00090091565791406,0.00042588740192295305,0.00011460379829719702
2025-10-23,Thursday,0.001573446842340731,0.001573446842340731,0.0029647051029364885,0.000281564171787152,0.001872131745058736
2025-10-24,Friday,0.0036508246952213774,0.0036508246952213774,0.006617119760088575,0.004093650172762198,0.0005518226377122515
2025-10-27,Monday,-0.00014401382532724938,0.00014401382532724938,0.0004640445482765763,4.800460844256449e-05,6.40112659827663e-05
2025-10-28,Tuesday,-0.000270016995187472,0.000270016995187472,0.0007147508696136302,0.0004923839324005863,0.0002701628923320598
2025-10-29,Wednesday,-0.00020453758771510344,0.00020453758771510344,0.0010698889203563102,0.0007080147267063408,0.00047232937101493455
2025-10-30,Thursday,-0.0027789187652058622,0.0027789187652058622,0.0034756232424404117,0.0015482321716325798,0.0013274056260480505
2025-10-31,Friday,-0.0019976405819897014,0.0019976405819897014,0.0023594180102241447,0.0016830515139599767,0.00028361642454222125
2025-11-03,Monday,0.0016590560760953998,0.0016590560760953998,0.0017538592804437006,0.0011850400543538253,0.00047345495865180887
2025-11-04,Tuesday,9.637006103435652e-05,9.637006103435652e-05,0.0018631545133311405,4.818503051717826e-05,0.0001766926351296494
2025-11-05,Wednesday,0.0010663047692902605,0.0010663047692902605,0.002181077937184992,0.0012117099651027807,9.682416731204846e-05
2025-11-06,Thursday,-0.0017595495553138774,0.0017595495553138774,0.0022874144219079116,0.00036790581611112483,0.001392155921463245
2025-11-07,Friday,0.0013001333048070496,0.0013001333048070496,0.010730214110560674,0.0002304033704720876,0.001440222534956348
2025-11-10,Monday,0.00027456554040972136,0.00027456554040972136,0.0011305639899217195,0.00020996188384259096,0.0005496051792777124
2025-11-11,Tuesday,0.0004999516175854257,0.0004999516175854257,0.0011611779505209614,0.0004031867883753648,9.672583063324858e-05
2025-11-12,Wednesday,0.0003839201446098617,0.0003839201446098617,0.0007518436165278059,0.00019196007230504186,0.00027191298784390305
2025-11-13,Thursday,-0.003000323116683856,0.003000323116683856,0.0032569774571668837,0.0024034525574210264,0.0006144691310112638
2025-11-14,Friday,0.00041726474613623665,0.00041726474613623665,0.0032713556097071182,0.0014353907267082855,0.0018218285141233803
2025-11-17,Monday,-0.0005586683974433404,0.0005586683974433404,0.003269853267388569,0.0025140077884948653,0.001993278861360137
2025-11-18,Tuesday,0.0007673188877213022,0.0007673188877213022,0.0025354884985570765,0.00036697859847545367,0.0005391687861797667
2025-11-19,Wednesday,-0.0008516038539249093,0.0008516038539249093,0.0020705662330723013,0.0006178302469651564,0.00023391812865491968
2025-11-20,Thursday,0.003423606557376946,0.003423606557376946,0.005098360655737728,0.0021311475409835356,0.0013060903989923212
2025-11-21,Friday,0.0018557613729228706,0.0018557613729228706,0.004511713429583181,0.0024346227186051728,0.0005095541401273218
2025-11-24,Monday,-0.0021477591153916675,0.0021477591153916675,0.0028860513113076617,0.0006040572512039377,0.0015446349121068792
2025-11-25,Tuesday,-0.0020813029617271495,0.0020813029617271495,0.003302334032607036,0.0022630040139414165,0.0003477281759174389
2025-11-26,Wednesday,0.0007845572972000614,0.0007845572972000614,0.0018142887497752795,4.903483107498996e-05,0.000751842832159122
2025-11-28,Friday,-0.0001621981087700508,0.0001621981087700508,0.0011678263831444169,0.000356835839294245,0.0004864365281405103
2025-12-01,Monday,0.0008151287903488402,0.0008151287903488402,0.0013531137919791994,0.0003325725464624618,0.0004726128974430477
2025-12-02,Tuesday,0.0004035251961131969,0.0004035251961131969,0.0012751396197177966,0.0004196662039577248,1.6134236850540162e-05
2025-12-03,Wednesday,-0.0004650193223545429,0.0004650193223545429,0.003681670221124784,0.0002084569376071821,0.00030471669366338716
2025-12-04,Thursday,-0.000914120760163506,0.000914120760163506,0.0018122043140084926,0.0005773394274716237,0.0003209345614427761
2025-12-05,Friday,-0.002770038748518888,0.002770038748518888,0.004179075799788667,0.002770038748518888,1.6056518946649945e-05
2025-12-08,Monday,4.7800385589713557e-05,4.7800385589713557e-05,0.0011153423304282046,0.00011153423304288701,0.00017481227599680516
2025-12-09,Tuesday,-0.0012358325718591079,0.0012358325718591079,0.0016191346446720707,0.0009458311290657662,0.00032235807579994447
2025-12-10,Wednesday,-0.0015669219576929239,0.0015669219576929239,0.0018547239499224026,0.001215163967190569,0.00043219362274293793
2025-12-11,Thursday,-0.0011848720658405032,0.0011848720658405032,0.0018413552374547304,0.0012811028917282252,6.412722842119578e-05
2025-12-12,Friday,0.00141297366730897,0.00141297366730897,0.001894669235709618,0.00025690430314706525,0.001686394809116143
2025-12-15,Monday,0.0011182419292106172,0.0011182419292106172,0.0013775444055489257,0.0001721120186699565,0.0009073675000406123
2025-12-16,Tuesday,-0.001541716553771555,0.001541716553771555,0.005724032736874923,0.000706893441144163,0.0007714529577834695
2025-12-17,Wednesday,0.0008311603650585919,0.0008311603650585919,0.002737940026075723,4.88917861798388e-05,0.00078223033424063
2025-12-18,Thursday,0.004424267437061369,0.004424267437061369,0.006273215022699246,0.0055633512174990685,0.0011481960975781025
2025-12-19,Friday,0.00040911546584143643,0.00040911546584143643,0.0018008283810553225,0.00031105217490945414,0.00011440074630519881
2025-12-22,Monday,0.00022558814050910314,0.00022558814050910314,0.0009345794392522192,0.0004189494038027153,0.0006609385327163153
2025-12-23,Tuesday,-0.0018907257478062434,0.0018907257478062434,0.0026664081058806054,0.001195843635364513,0.0006957140776935322
2025-12-24,Wednesday,0.0004980959879170577,0.0004980959879170577,0.0008515834632131573,0.00038562270032294066,9.588508437641252e-05
2025-12-26,Friday,3.202254387102421e-05,3.202254387102421e-05,0.0012168566670936194,0.000864608684514101,0.0008478507782629929
2025-12-29,Monday,-0.0020793100439017165,0.0020793100439017165,0.0033651525412376608,0.00034037954412335925,0.0017716789073572992
2025-12-30,Tuesday,-0.0007411403445328757,0.0007411403445328757,0.0016430409724482677,0.0010149805066076434,0.0002418613650654322
2025-12-31,Wednesday,0.0020195492366104073,0.0020195492366104073,0.0027934405040795566,0.0009532272396799435,0.0010168342560161747
2026-01-02,Friday,-0.00012928810936307933,0.00012928810936307933,0.0008705184420945275,0.00012896569512521605,1.644498186226251e-05
2026-01-05,Monday,0.0014266491577905605,0.0014266491577905605,0.002010278358705006,0.0003404503671999848,0.0010696053804393202
2026-01-06,Tuesday,-0.0002100229409673915,0.0002100229409673915,0.0017609615819574652,0.00012924488674925794,9.69446284596609e-05
2026-01-07,Wednesday,0.0005139158783946662,0.0005139158783946662,0.0010278317567892887,0.0006102751055936384,3.2904742375827745e-05
2026-01-08,Thursday,-0.0001603977865105577,0.0001603977865105577,0.0012490175635575555,0.0002245569011148918,9.626337659840445e-05
2026-01-09,Friday,0.0026208737317705566,0.0026208737317705566,0.002701268631518119,0.0022349782129822415,0.0003368893879842627
2026-01-12,Monday,-0.00041767068273090846,0.00041767068273090846,0.0008674698795180138,0.00033734939759044735,4.821058383008836e-05
2026-01-13,Tuesday,0.0021551724137931494,0.0021551724137931494,0.0049648786717752455,0.0029533844189018055,0.0006686088160847703
2026-01-14,Wednesday,-0.0017477191463433073,0.0017477191463433073,0.002822005227123304,0.002020299196690556,0.0002731318584214826
2026-01-15,Thursday,0.0008957014008825759,0.0008957014008825759,0.0023653489413418775,0.0008795496705686912,1.597750367565709e-07
2026-01-16,Friday,6.405329233927226e-05,6.405329233927226e-05,0.001104599026389942,9.607993850524466e-07,0.0001309977512584659
2026-01-20,Tuesday,-0.0013857905212715238,0.0013857905212715238,0.004257924078593269,0.0014185437834145498,3.279979008130596e-05
2026-01-21,Wednesday,0.00041213320145061516,0.00041213320145061516,0.0033300362677216974,0.00103857566765575,0.0014522171064574874
2026-01-22,Thursday,0.001335027585208426,0.001335027585208426,0.0023594601984848395,0.000369947403130122,0.0017217242988396553
2026-01-23,Friday,-3.231748699217274e-05,3.231748699217274e-05,0.0016643505800988474,0.0006948259703325466,0.0006620912394024181
2026-01-26,Monday,0.0010936695831189613,0.0010936695831189613,0.0024125064333504888,0.0004985846628923207,0.001657520799472234
2026-01-27,Tuesday,-0.0004290072454556926,0.0004290072454556926,0.0009056819626287817,0.00012711325791281425,0.00039724155464460065
2026-01-28,Wednesday,-0.00012577232065658084,0.00012577232065658084,0.0011633939660729306,0.0005974185231185647,0.0005348855502242955
2026-01-29,Thursday,0.0007416992803939149,0.0007416992803939149,0.0016412069183183368,0.0008206034591593525,7.883948281306452e-05
2026-01-30,Friday,-0.0008482157119580336,0.0008482157119580336,0.003993482636337497,0.00022363502763489418,0.000576815530877961
2026-02-02,Monday,0.001960593687212464,0.001960593687212464,0.0031434312009852466,0.0005185041156265946,0.0013602578012403832
2026-02-03,Tuesday,-0.0009370285079012275,0.0009370285079012275,0.0013976018422933304,0.000584292861113278,0.0003019467620183347
2026-02-04,Wednesday,-0.0013652986590817484,0.0013652986590817484,0.002893132872816069,8.126777732619939e-05,0.0011542463259202052
2026-02-05,Thursday,-0.001115086960139955,0.001115086960139955,0.0044936340184737154,0.0007704085878339484,0.0017796257796258708
2026-02-06,Friday,-0.0007314194524329354,0.0007314194524329354,0.003008793656598476,0.0002825938793491467,0.00039908874736016564
2026-02-09,Monday,-0.0017283950617285049,0.0017283950617285049,0.006701799317047451,0.000574599422117239,0.0012036793692510317
2026-02-10,Tuesday,0.001823777499145196,0.001823777499145196,0.002724430476624671,0.0009281724772434163,0.0008622092077434917
2026-02-11,Wednesday,0.007988499175011876,0.007988499175011876,0.008364236355022633,0.004067763383595047,0.0039048517783344394
2026-02-12,Thursday,0.0022619280088524985,0.0022619280088524985,0.004769576254637831,0.0028965696804008623,0.0006652388369678963
2026-02-13,Friday,0.003135779816513695,0.003135779816513695,0.004637197664720555,0.002819015846538875,0.0003811023789705992
2026-02-17,Tuesday,0.00043380678011528673,0.00043380678011528673,0.004991290365804667,0.00015074366876577372,0.0004170504982832224
2026-02-18,Wednesday,-0.002747343682764636,0.002747343682764636,0.004087914997848323,0.0018950051305814952,0.0008953739015089557
2026-02-19,Thursday,0.0009124844462877757,0.0009124844462877757,0.003384487764413046,0.000779759435918681,0.00029844807003565066
2026-02-20,Friday,-0.003552445541152305,0.003552445541152305,0.005408027579250682,0.004596210437582848,0.0009986019572598703
2026-02-23,Monday,0.0003634621421138018,0.0003634621421138018,0.001701663665350636,0.000899734011795994,0.0005117031461491228
2026-02-24,Tuesday,0.0007951364155913687,0.0007951364155913687,0.0020872330909271473,0.0005632216277104973,0.0002041300492179321
2026-02-25,Wednesday,0.00040944004978782367,0.00040944004978782367,0.0015886273931771356,0.00022928642788122566,0.0005896999082688481
2026-02-26,Thursday,-0.00048629459726690083,0.00048629459726690083,0.0031771247021446184,0.0004050833995232761,8.108195764267023e-05
2026-02-27,Friday,-0.0004454405610599954,0.0004454405610599954,0.0034404618158361162,0.0016706088624974802,0.0012272185035457905
2026-03-02,Monday,-0.003198667221990803,0.003198667221990803,0.004614743856726334,0.001699291961682614,0.0014852641767630903
2026-03-03,Tuesday,-0.0013753312535641493,0.0013753312535641493,0.003354466472107611,0.0013082419241219334,3.359199166919069e-05
2026-03-04,Wednesday,0.00041337345811709447,0.00041337345811709447,0.0024637058103773425,0.0009424914845068688,0.0005121088974792132
2026-03-05,Thursday,-0.0022820929583476923,0.0022820929583476923,0.004005976128322669,0.0013462706660757329,0.0007070856560273953
2026-03-06,Friday,-0.009012466106739003,0.009012466106739003,0.011209576086237637,0.005356788572184357,0.003460022943787666
2026-03-09,Monday,-0.0030936848476696976,0.0030936848476696976,0.0042706301701527965,0.003377664940480307,0.00038806121243806224
2026-03-10,Tuesday,0.0019634371700103515,0.0019634371700103515,0.004207365364308267,0.0012704593453010116,0.0007085887548612391
2026-03-11,Wednesday,-0.001513904887279982,0.001513904887279982,0.005594865887773722,0.001958203060720809,0.0005276522771493486
2026-03-12,Thursday,4.96606522097931e-05,4.96606522097931e-05,0.0016388015229266827,0.00033107101473273115,0.00041398953434446106
2026-03-13,Friday,0.0009833661122038428,0.0009833661122038428,0.004000133337777888,0.00018333944464821172,0.000833236122452341
2026-03-16,Monday,-0.00021659085986569515,0.00021659085986569515,0.0016327618666798361,0.0004498425551056062,0.0007493380846917974
2026-03-17,Tuesday,0.0009151262042228492,0.0009151262042228492,0.001247899369394852,0.0006655463303439912,0.0002993115833582749
2026-03-18,Wednesday,-0.005690837418841799,0.005690837418841799,0.006062011395256341,0.003958526566847698,0.001722595450312614
2026-03-19,Thursday,-0.001708967851099863,0.001708967851099863,0.003604060913705576,0.00047377326565145594,0.0020973225309947052
2026-03-20,Friday,0.00010148849797020354,0.00010148849797020354,0.0023680649526386624,0.0015223274695536082,0.0014057551276189795
2026-03-23,Monday,0.004571235079996683,0.004571235079996683,0.006772200118513503,0.0028273935494795843,0.001603646185010188
2026-03-24,Tuesday,-0.0032353091423025226,0.0032353091423025226,0.003734398147359747,0.0035503260851057483,0.00027340612771475925
2026-03-25,Wednesday,0.0007807196198232891,0.0007807196198232891,0.004056347589952648,0.00030549898167020473,0.00108655054157758
2026-03-26,Thursday,-0.0005326277447509353,0.0005326277447509353,0.0024569602419159996,0.0014690216831036995,0.0007053156717702347
2026-03-27,Friday,-0.0015419389882777024,0.0015419389882777024,0.0023829966182472707,0.0007884915280966798,0.0008766854277347802
2026-03-30,Monday,0.0001939522172265118,0.0001939522172265118,0.0012871374415939667,0.00026448029621795044,3.525844439744574e-05
2026-03-31,Tuesday,-0.0011634970080240947,0.0011634970080240947,0.002886605971201227,0.0009793209215178678,0.0021054121476974386
2026-04-01,Wednesday,-0.0034314734747100673,0.0034314734747100673,0.007943861093953931,0.0015613204309929962,0.005036143752783495
2026-04-02,Thursday,-6.980071894735485e-05,6.980071894735485e-05,0.0019195197710536818,0.0006107562907897712,0.0005058345397777053
2026-04-06,Monday,1.7029682737090823e-05,1.7029682737090823e-05,0.001513087311183236,0.0003405936547400401,0.0005276326315251101
2026-04-07,Tuesday,-0.001141264968322897,0.001141264968322897,0.0040302039880917954,0.001568193356891845,0.0003591585428424082
2026-04-08,Wednesday,0.0010519395134780396,0.0010519395134780396,0.0017422748191979933,4.9309664694296984e-05,0.0010190329049011293
2026-04-09,Thursday,-0.0004932802142395554,0.0004932802142395554,0.0018018613723902468,3.306167655781067e-05,0.0004271851080360767
2026-04-10,Friday,-0.001567372528531119,0.001567372528531119,0.002846577086972914,0.0011755293963983116,0.0005066684100419883
2026-04-13,Monday,0.0016301663098963193,0.0016301663098963193,0.002371150996212835,0.0008196937263298398,0.0007403264016845323
2026-04-14,Tuesday,-0.0007747907276239863,0.0007747907276239863,0.0022215067611075262,0.00072440437862209,9.874673797471978e-05
2026-04-15,Wednesday,0.0006210784469853348,0.0006210784469853348,0.0013377074242762552,0.0011784565404335812,0.0004772282582758969
2026-04-16,Thursday,-0.0008295897443924005,0.0008295897443924005,0.001471347848544995,0.0003467059026093233,0.00034108110495245647
2026-04-17,Friday,0.0046130189646333974,0.0046130189646333974,0.005296429181616392,0.0004504294611933357,0.005112585663004321
2026-04-20,Monday,0.001129716178154716,0.001129716178154716,0.0023213346126466313,0.0005416447429509308,0.0007052318176958838
2026-04-21,Tuesday,-0.0014785513090859181,0.0014785513090859181,0.002185657775246768,0.0012313564930968024,0.0003245292322865412
2026-04-22,Wednesday,-0.0017541969932447499,0.0017541969932447499,0.0020927262375550495,0.0010925261975472944,0.0006777885607774925
2026-04-23,Thursday,-0.0009633616734968653,0.0009633616734968653,0.003364120129671609,0.0,0.001036837311342076
2026-04-24,Friday,-0.0019681761063420344,0.0019681761063420344,0.0034064586455920427,0.0018319177605184978,0.0001971668638335311
2026-04-27,Monday,-4.520523175211011e-05,4.520523175211011e-05,0.0016424567536615004,4.520523175211011e-05,0.0
2026-04-28,Tuesday,0.0036348086380157962,0.0036348086380157962,0.0042380646934848,0.0017024038608386416,0.0019271347896618884
2026-04-29,Wednesday,-0.00030338885349356914,0.00030338885349356914,0.0020327053184064775,0.00021237219744540958,0.0005004929096837918
2026-04-30,Thursday,-0.0007349191588925663,0.0007349191588925663,0.004889462159162478,0.002069772325044239,0.0014313892863300204
2026-05-01,Friday,-0.0013758243730279673,0.0013758243730279673,0.0016599620152836345,0.0014805066622799457,0.0001795850850618841
2026-05-04,Monday,-0.000687617258007589,0.000687617258007589,0.0014671144082490494,0.00021636232687316515,0.0008445695658615415
2026-05-05,Tuesday,-0.0005162394170920015,0.0005162394170920015,0.0008554824626095768,0.00047199032419842357,8.853605630898542e-05
2026-05-06,Wednesday,-0.0012603398571614521,0.0012603398571614521,0.0024192730591491587,0.0016225064827826152,0.000288731771086459
2026-05-07,Thursday,0.0005313801522333073,0.0005313801522333073,0.00228349849202918,0.0005744650294414733,2.8707172487152377e-05
2026-05-08,Friday,0.000499757260759015,0.000499757260759015,0.002677271039780678,0.0021846531684610593,0.0016954465150736953
2026-05-11,Monday,-0.0003800943197015405,0.0003800943197015405,0.0018441613289222854,0.0011684380938974392,0.0007892659826362891
2026-05-12,Tuesday,0.00233449822436671,0.00233449822436671,0.005135896093606298,0.0016270745200130943,0.0006921392753724831
2026-05-13,Wednesday,-0.004033278057280931,0.004033278057280931,0.005340228786643903,0.0036819472160544153,0.0004090267983074547
2026-05-14,Thursday,-0.0024275908253809098,0.0024275908253809098,0.0029158993247391483,0.0013972598917350032,0.0009501187648457421
2026-05-15,Friday,-0.0003247670149675308,0.0003247670149675308,0.002061564529793734,0.001341428974865888,0.0010888009049774272
2026-05-18,Monday,0.006959443244540564,0.006959443244540564,0.011984923559056466,0.0037832267536244135,0.0031360306009085015
2026-05-19,Tuesday,0.0015725201742484707,0.0015725201742484707,0.002656573591373297,0.0017567664071984623,0.00019817790387655077
2026-05-20,Wednesday,-0.0014990171538471486,0.0014990171538471486,0.00214882694836891,0.0006222335355591246,0.0008066342126117343
2026-05-21,Thursday,-0.0015220914664222374,0.0015220914664222374,0.0035233598759777324,7.046719751946373e-05,0.0015080192800969172
2026-05-22,Friday,0.001380060220809609,0.001380060220809609,0.00168827367012377,0.0001860990297759546,0.0012265321198099421
2026-05-26,Tuesday,0.0007301381752056191,0.0007301381752056191,0.001239857278651004,0.0006061524473406354,5.5067595473357045e-05
2026-05-27,Wednesday,-0.0030393899510169353,0.0030393899510169353,0.0033175484063556492,0.0012890269881545846,0.0018068688186066995
2026-05-28,Thursday,0.0034514527728504163,0.0034514527728504163,0.003987734279388882,0.0025576502619528707,0.0010837506001781794
2026-05-29,Friday,0.0005973715651135247,0.0005973715651135247,0.0016427718040621761,0.00031226240903647895,0.0008555481619294536
2026-06-01,Monday,2.7039816129281746e-05,2.7039816129281746e-05,0.001960386669370556,0.0012843912661395507,0.0012557385903322338
2026-06-02,Tuesday,-0.0005659080803589456,0.0005659080803589456,0.0010779201530646005,0.0003099020440060496,0.0008622151615437224
2026-06-03,Wednesday,-0.0011641131999732268,0.0011641131999732268,0.0017247608215695286,0.0009500234160702004,0.0002946297040311574
2026-06-04,Thursday,0.0019863675324145458,0.0019863675324145458,0.0027210514142664726,0.0019863675324145458,4.073319755593108e-05
2026-06-05,Friday,-0.0019672131147541183,0.0019672131147541183,0.003674863387978217,0.00015027322404370658,0.0019944810251086853
2026-06-08,Monday,0.0009355320664088396,0.0009355320664088396,0.002066548445201584,0.0012427217001549362,0.0003625714684144521
2026-06-09,Tuesday,0.002065342444866447,0.002065342444866447,0.0022871241839124757,0.0008178201627324633,0.0012742382271466735
2026-06-10,Wednesday,0.0027316933638443786,0.0027316933638443786,0.00875286041189932,0.005749427917620009,0.003014660921746848
2026-06-11,Thursday,0.002058966513197591,0.002058966513197591,0.0063746461151305564,0.00022877405702192988,0.0023169336384438743
2026-06-12,Friday,-0.003952873387242706,0.003952873387242706,0.005330623947445236,0.0018371863213128004,0.0021613218070274387
2026-06-15,Monday,0.0005023965674093578,0.0005023965674093578,0.0015479245590451563,0.0003666137113528256,0.0008285454273799786
2026-06-16,Tuesday,-0.0012371910384335605,0.0012371910384335605,0.0019230252010434764,0.0011296092090046228,5.3854646309581256e-05
2026-06-17,Wednesday,0.0006813660025619672,0.0006813660025619672,0.0016216510860973274,0.001212831484560306,0.0005716307809564558
2026-06-18,Thursday,0.0012801656044016951,0.0012801656044016951,0.0024513809445987286,0.00016342539630653796,0.00113018968123213
2026-06-22,Monday,-0.0005525532000916211,0.0005525532000916211,0.001603751970997769,0.0004435250198785434,0.0001752659323472905
2026-06-23,Tuesday,-0.001436240674893674,0.001436240674893674,0.002872481349787435,0.0011155267377814804,0.0002792048246594847
2026-06-24,Wednesday,-0.00282438712190769,0.00282438712190769,0.003700921056293071,0.0017948075799314456,0.0009478805112977939
2026-06-25,Thursday,0.0021226740179185466,0.0021226740179185466,0.004024810475534058,0.0017918676774637543,0.000343978315606952
2026-06-26,Friday,-0.002640947039794339,0.002640947039794339,0.0038706578705731244,0.00235912359264856,0.00016922989775403074
2026-06-29,Monday,-0.0005468684724038164,0.0005468684724038164,0.0027385339956858623,0.0014969721035602568,0.0009795415745432745
2026-06-30,Tuesday,-0.0009115518479642093,0.0009115518479642093,0.0017954809126566967,0.0002334125186453928,0.0011322838994753948
2026-07-01,Wednesday,-0.003113223005079435,0.003113223005079435,0.0052160139821946176,0.003167840952537082,9.588909740965157e-05
2026-07-02,Thursday,0.0003984446917548734,0.0003984446917548734,0.006526249261503372,0.00225327342923487,0.002110572047254844
2026-07-06,Monday,0.001386481802426287,0.001386481802426287,0.0014558058925475974,0.00033275563258228225,0.0010395010395010118
2026-07-07,Tuesday,-0.0015353478958755051,0.0015353478958755051,0.002861330169586249,5.583083257743038e-05,0.0014801571836478011
2026-07-08,Wednesday,-0.0008802441967771246,0.0008802441967771246,0.003066657201675258,9.93824093133977e-05,0.0010362547199272987
2026-07-09,Thursday,-0.0005985106827198772,0.0005985106827198772,0.002338367318533041,0.0001809450901245624,0.00043155652694448765
2026-07-10,Friday,-0.0015532687987128702,0.0015532687987128702,0.0019970598840594973,0.0007488974565222906,0.0009297678355837391
2026-07-13,Monday,0.0010663383194331466,0.0010663383194331466,0.0035975496669348,0.00014362867386119582,0.000936532723571526
2026-07-14,Tuesday,0.00273265946322776,0.00273265946322776,0.008672011153712134,0.004391774137330051,0.001748858384110319
2026-07-15,Wednesday,0.003393727836879412,0.003393727836879412,0.004017065602836848,0.0023686835106384585,0.000911967500794475
2026-07-16,Thursday,-0.0005909084513977536,0.0005909084513977536,0.0018712100960930273,0.0012240246493240292,0.000732569770226732
2026-07-17,Friday,-0.00023079697078975947,0.00023079697078975947,0.0015285971871619485,5.7699242697384356e-05,0.00010098678515768622
2026-07-20,Monday,-0.00035612535612539187,0.00035612535612539187,0.0014438746438746393,0.001011396011396104,0.0007272830985112222
2026-07-21,Tuesday,0.0012775924480090683,0.0012775924480090683,0.002526793952729202,0.0001419547164454027,0.0011354765453126525
2026-07-22,Wednesday,-0.00031334567725394,0.00031334567725394,0.0036604472297394244,0.0009685230024212288,0.0012806283616494385
2026-07-23,Thursday,-0.0026354990260111233,0.0026354990260111233,0.0041537756388220146,0.0024779420190214063,0.00015794839395188998
2026-07-24,Friday,-0.003299569182888318,0.003299569182888318,0.003515698168667139,0.0020027952682160066,0.001227277321358966
2026-07-27,Monday,0.0013127903286305198,0.0013127903286305198,0.0020918087654001063,0.0006491820306413487,0.0006631777748944412
2026-07-28,Tuesday,-0.000545899849508702,0.000545899849508702,0.009045708046858822,0.0001327864498805731,0.0005311536361892744
2026-07-29,Wednesday,0.0014384008541432625,0.0014384008541432625,0.003080847025327661,0.001542202977637963,0.00013325042195955206
2026-07-30,Thursday,0.0025320980666687642,0.0025320980666687642,0.003708778932944099,0.001504364145491266,0.001115523626790349
2026-07-31,Friday,-0.000826015129119062,0.000826015129119062,0.002405587919890978,0.0014491493493319352,0.00034820457018502893
2026-08-03,Monday,0.0004353188710730649,0.0004353188710730649,0.008271058550388061,0.0012624247261119326,0.0007536559560560319
2026-08-04,Tuesday,-0.0006638793152156097,0.0006638793152156097,0.00847505508785807,9.887564269173144e-05,0.0004944620253164445
2026-08-05,Wednesday,-0.0005929317025413772,0.0005929317025413772,0.0018201624357081897,0.0001930475310598645,0.0008684743800058126
2026-08-06,Thursday,-0.0008555399719495371,0.0008555399719495371,0.0023983169705470357,0.0001542776998597617,0.000995652783620904
2026-08-07,Friday,0.006204440487451945,0.006204440487451945,0.006969562072227465,0.004771576428690638,0.001337470109045169
2026-08-10,Monday,-0.0014428353450803844,0.0014428353450803844,0.0016641927668972145,0.00048823146349485924,0.000913583322951661
2026-08-11,Tuesday,0.00015214384508999146,0.00015214384508999146,0.0012309820193639005,0.0006362378976487726,0.00046997028129103224
2026-08-12,Wednesday,0.00034479905111295395,0.00034479905111295395,0.0064822221609246765,0.0003999668992911154,9.65197727647027e-05
2026-08-13,Thursday,0.0006353942206751562,0.0006353942206751562,0.0023343831150893068,0.0003038841924968283,0.0010778840307335003
2026-08-14,Friday,0.00036795769849273796,0.00036795769849273796,0.0009675924664068746,0.00029981738395701285,6.811989100818927e-05
2026-08-17,Monday,-0.0011045504752295043,0.0011045504752295043,0.002250010227319184,0.0015818253719336317,0.0005190264157128865
2026-08-18,Tuesday,-7.629775545880957e-05,7.629775545880957e-05,0.0013039980023861145,0.0008462114696334844,0.000784460735310466
2026-08-19,Wednesday,0.005574602112774274,0.005574602112774274,0.006940379630403905,0.0034841263204838935,0.0019301534402553777
2026-08-20,Thursday,0.0023793433575491907,0.0023793433575491907,0.007694148786394143,0.00043644759813044054,0.002012553832296593
2026-08-21,Friday,-0.00039081582804112447,0.00039081582804112447,0.0011026589434014425,0.00022471910112353832,0.0006689463494982117
2026-08-24,Monday,-0.0006765804496441374,0.0006765804496441374,0.0022975544435830508,0.0008457255620551996,0.0001410695896286729
2026-08-25,Tuesday,-0.0013042563635088378,0.0013042563635088378,0.0019633966762498804,0.0015707173409998942,0.00018258683408478582
2026-08-26,Wednesday,-0.003547147502216963,0.003547147502216963,0.0043072505384064005,0.0030685641090606453,0.0003247945321547263
