date,weekday,entry_date,entry_close,exit_close,ret,abs_ret
2016-01-05,Tuesday,2016-01-04,200.99,201.28,0.001442857853624524,0.001442857853624524
2016-01-06,Wednesday,2016-01-05,201.43,198.731,-0.01339919575038484,0.01339919575038484
2016-01-07,Thursday,2016-01-06,198.79,194.48,-0.02168117108506462,0.02168117108506462
2016-01-08,Friday,2016-01-07,194.01,193.88,-0.0006700685531673134,0.0006700685531673134
2016-01-11,Monday,2016-01-08,191.89,190.185,-0.008885298869143687,0.008885298869143687
2016-01-12,Tuesday,2016-01-11,192.08,191.87,-0.0010932944606414363,0.0010932944606414363
2016-01-13,Wednesday,2016-01-12,193.62,190.35,-0.016888751162070115,0.016888751162070115
2016-01-14,Thursday,2016-01-13,188.84,192.231,0.017957000635458575,0.017957000635458575
2016-01-15,Friday,2016-01-14,191.89,187.16,-0.02464953879826981,0.02464953879826981
2016-01-19,Tuesday,2016-01-15,187.78,187.83,0.00026626903823623316,0.00026626903823623316
2016-01-20,Wednesday,2016-01-19,188.02,184.11,-0.020795660036166397,0.020795660036166397
2016-01-21,Thursday,2016-01-20,185.79,187.27,0.007965983099198048,0.007965983099198048
2016-01-22,Friday,2016-01-21,186.68,190.41,0.019980715663166837,0.019980715663166837
2016-01-25,Monday,2016-01-22,190.49,189.15,-0.007034489999475091,0.007034489999475091
2016-01-26,Tuesday,2016-01-25,187.66,190.07,0.012842374507087362,0.012842374507087362
2016-01-27,Wednesday,2016-01-26,190.18,190.96,0.004101377642233617,0.004101377642233617
2016-01-28,Thursday,2016-01-27,188.12,188.7,0.0030831384222835823,0.0030831384222835823
2016-01-29,Friday,2016-01-28,189.14,192.52,0.017870360579465006,0.017870360579465006
2016-02-01,Monday,2016-01-29,193.7,193.22,-0.0024780588538977355,0.0024780588538977355
2016-02-02,Tuesday,2016-02-01,193.69,190.085,-0.018612215395735432,0.018612215395735432
2016-02-03,Wednesday,2016-02-02,190.13,187.985,-0.011281754588965298,0.011281754588965298
2016-02-04,Thursday,2016-02-03,191.19,191.07,-0.0006276478895339554,0.0006276478895339554
2016-02-05,Friday,2016-02-04,191.55,188.18,-0.017593317671626196,0.017593317671626196
2016-02-08,Monday,2016-02-05,187.95,183.05,-0.02607076350093096,0.02607076350093096
2016-02-09,Tuesday,2016-02-08,185.37,184.38,-0.005340670011328763,0.005340670011328763
2016-02-10,Wednesday,2016-02-09,185.37,186.77,0.007552462642282931,0.007552462642282931
2016-02-11,Thursday,2016-02-10,185.29,182.0,-0.017755950132225085,0.017755950132225085
2016-02-12,Friday,2016-02-11,183.06,185.45,0.013055828690046845,0.013055828690046845
2016-02-16,Tuesday,2016-02-12,186.64,189.45,0.015055722246035241,0.015055722246035241
2016-02-17,Wednesday,2016-02-16,189.77,192.59,0.014860093797755214,0.014860093797755214
2016-02-18,Thursday,2016-02-17,192.88,192.05,-0.00430319369556198,0.00430319369556198
2016-02-19,Friday,2016-02-18,192.04,191.81,-0.0011976671526764404,0.0011976671526764404
2016-02-22,Monday,2016-02-19,192.02,194.85,0.014738048119987468,0.014738048119987468
2016-02-23,Tuesday,2016-02-22,194.79,192.78,-0.010318804866779607,0.010318804866779607
2016-02-24,Wednesday,2016-02-23,192.37,191.24,-0.005874096792639172,0.005874096792639172
2016-02-25,Thursday,2016-02-24,193.22,194.635,0.007323258461856996,0.007323258461856996
2016-02-26,Friday,2016-02-25,195.53,195.49,-0.00020457218841096747,0.00020457218841096747
2016-02-29,Monday,2016-02-26,195.12,195.52,0.0020500205002049743,0.0020500205002049743
2016-03-01,Tuesday,2016-02-29,193.48,197.46,0.02057060161256996,0.02057060161256996
2016-03-02,Wednesday,2016-03-01,198.18,198.0001,-0.0009077606216570944,0.0009077606216570944
2016-03-03,Thursday,2016-03-02,199.0,199.16,0.0008040201005024006,0.0008040201005024006
2016-03-04,Friday,2016-03-03,199.76,201.2405,0.007411393672406952,0.007411393672406952
2016-03-07,Monday,2016-03-04,200.38,200.3776,-1.1977243237870638e-05,1.1977243237870638e-05
2016-03-08,Tuesday,2016-03-07,200.6,199.66,-0.004685942173479507,0.004685942173479507
2016-03-09,Wednesday,2016-03-08,198.36,199.4,0.005242992538818214,0.005242992538818214
2016-03-10,Thursday,2016-03-09,199.42,198.07,-0.006769631932604492,0.006769631932604492
2016-03-11,Friday,2016-03-10,199.54,202.23,0.013481006314523425,0.013481006314523425
2016-03-14,Monday,2016-03-11,202.73,202.59,-0.0006905736694124975,0.0006905736694124975
2016-03-15,Tuesday,2016-03-14,202.495,201.9,-0.0029383441566458446,0.0029383441566458446
2016-03-16,Wednesday,2016-03-15,202.17,201.77,-0.0019785329178413358,0.0019785329178413358
2016-03-17,Thursday,2016-03-16,203.4,204.9,0.007374631268436627,0.007374631268436627
2016-03-18,Friday,2016-03-17,204.65,204.128,-0.002550696310774536,0.002550696310774536
2016-03-21,Monday,2016-03-18,204.44,204.685,0.0011983956172960664,0.0011983956172960664
2016-03-22,Tuesday,2016-03-21,204.68,205.01,0.0016122728161032107,0.0016122728161032107
2016-03-23,Wednesday,2016-03-22,204.59,203.819,-0.0037685126350262,0.0037685126350262
2016-03-24,Thursday,2016-03-23,203.24,202.531,-0.0034884865184019453,0.0034884865184019453
2016-03-28,Monday,2016-03-24,203.14,203.59,0.0022152210298316266,0.0022152210298316266
2016-03-29,Tuesday,2016-03-28,203.26,204.32,0.005214995572173642,0.005214995572173642
2016-03-30,Wednesday,2016-03-29,205.15,205.98,0.004045820131610922,0.004045820131610922
2016-03-31,Thursday,2016-03-30,206.07,205.83,-0.0011646527878874657,0.0011646527878874657
2016-04-01,Friday,2016-03-31,205.55,206.32,0.003746047190464452,0.003746047190464452
2016-04-04,Monday,2016-04-01,206.89,206.28,-0.002948426700178808,0.002948426700178808
2016-04-05,Tuesday,2016-04-04,206.27,204.54,-0.008387065496679225,0.008387065496679225
2016-04-06,Wednesday,2016-04-05,204.19,205.65,0.00715020324207849,0.00715020324207849
2016-04-07,Thursday,2016-04-06,206.43,203.83,-0.012595068546238375,0.012595068546238375
2016-04-08,Friday,2016-04-07,203.94,204.8899,0.004657742473276549,0.004657742473276549
2016-04-11,Monday,2016-04-08,204.53,205.05,0.0025424143157484203,0.0025424143157484203
2016-04-12,Tuesday,2016-04-11,203.98,205.67,0.008285125992744335,0.008285125992744335
2016-04-13,Wednesday,2016-04-12,205.94,207.65,0.00830338933669994,0.00830338933669994
2016-04-14,Thursday,2016-04-13,208.02,208.08,0.00028843380444198985,0.00028843380444198985
2016-04-15,Friday,2016-04-14,208.01,207.56,-0.0021633575308879216,0.0021633575308879216
2016-04-18,Monday,2016-04-15,207.81,208.96,0.005533901159713306,0.005533901159713306
2016-04-19,Tuesday,2016-04-18,209.28,209.67,0.0018635321100917146,0.0018635321100917146
2016-04-20,Wednesday,2016-04-19,209.87,210.57,0.003335398103587961,0.003335398103587961
2016-04-21,Thursday,2016-04-20,210.06,209.0761,-0.0046838998381415475,0.0046838998381415475
2016-04-22,Friday,2016-04-21,208.96,208.68,-0.0013399693721286576,0.0013399693721286576
2016-04-25,Monday,2016-04-22,208.99,208.23,-0.0036365376333796773,0.0036365376333796773
2016-04-26,Tuesday,2016-04-25,208.61,208.64,0.00014380902161925668,0.00014380902161925668
2016-04-27,Wednesday,2016-04-26,208.97,208.538,-0.0020672823850312882,0.0020672823850312882
2016-04-28,Thursday,2016-04-27,209.34,209.25,-0.00042992261392948983,0.00042992261392948983
2016-04-29,Friday,2016-04-28,207.48,205.35,-0.010266049739733885,0.010266049739733885
2016-05-02,Monday,2016-04-29,206.33,207.57,0.006009790142005533,0.006009790142005533
2016-05-03,Tuesday,2016-05-02,207.98,206.44,-0.007404558130589489,0.007404558130589489
2016-05-04,Wednesday,2016-05-03,206.15,204.67,-0.007179238418627332,0.007179238418627332
2016-05-05,Thursday,2016-05-04,204.99,204.68,-0.0015122688911654025,0.0015122688911654025
2016-05-06,Friday,2016-05-05,204.98,205.34,0.0017562689042833757,0.0017562689042833757
2016-05-09,Monday,2016-05-06,205.7,205.88,0.0008750607681089484,0.0008750607681089484
2016-05-10,Tuesday,2016-05-09,205.89,208.01,0.010296760406041994,0.010296760406041994
2016-05-11,Wednesday,2016-05-10,208.43,207.2,-0.005901261814518111,0.005901261814518111
2016-05-12,Thursday,2016-05-11,206.56,206.3,-0.0012587141750580733,0.0012587141750580733
2016-05-13,Friday,2016-05-12,206.56,205.12,-0.006971340046475594,0.006971340046475594
2016-05-16,Monday,2016-05-13,204.76,206.656,0.009259621019730435,0.009259621019730435
2016-05-17,Tuesday,2016-05-16,206.78,205.26,-0.007350807621626876,0.007350807621626876
2016-05-18,Wednesday,2016-05-17,204.88,205.9,0.004978524014056962,0.004978524014056962
2016-05-19,Thursday,2016-05-18,204.96,203.64,-0.0064402810304450275,0.0064402810304450275
2016-05-20,Friday,2016-05-19,204.22,205.41,0.005827049260601402,0.005827049260601402
2016-05-23,Monday,2016-05-20,205.46,205.53,0.0003406989194976173,0.0003406989194976173
2016-05-24,Tuesday,2016-05-23,205.15,207.65,0.0121862052156958,0.0121862052156958
2016-05-25,Wednesday,2016-05-24,207.85,209.615,0.008491700745730135,0.008491700745730135
2016-05-26,Thursday,2016-05-25,209.22,209.34,0.0005735589331803403,0.0005735589331803403
2016-05-27,Friday,2016-05-26,209.3264,209.68,0.0016892279234725915,0.0016892279234725915
2016-05-31,Tuesday,2016-05-27,210.2,209.788,-0.0019600380589913646,0.0019600380589913646
2016-06-01,Wednesday,2016-05-31,209.9,209.955,0.0002620295378752413,0.0002620295378752413
2016-06-02,Thursday,2016-06-01,210.27,210.39,0.0005706948209442952,0.0005706948209442952
2016-06-03,Friday,2016-06-02,210.91,210.125,-0.0037219667156607184,0.0037219667156607184
2016-06-06,Monday,2016-06-03,210.3,211.39,0.005183071802187245,0.005183071802187245
2016-06-07,Tuesday,2016-06-06,211.35,212.1005,0.003550981783771112,0.003550981783771112
2016-06-08,Wednesday,2016-06-07,211.67,212.1392,0.00221665800538573,0.00221665800538573
2016-06-09,Thursday,2016-06-08,212.34,211.73,-0.002872751247998573,0.002872751247998573
2016-06-10,Friday,2016-06-09,212.01,209.765,-0.01058912315456817,0.01058912315456817
2016-06-13,Monday,2016-06-10,210.06,209.08,-0.004665333714176878,0.004665333714176878
2016-06-14,Tuesday,2016-06-13,208.44,207.21,-0.005900978698906156,0.005900978698906156
2016-06-15,Wednesday,2016-06-14,208.08,208.8,0.0034602076124568004,0.0034602076124568004
2016-06-16,Thursday,2016-06-15,207.75,207.085,-0.0032009626955474824,0.0032009626955474824
2016-06-17,Friday,2016-06-16,208.42,206.58,-0.008828327415794868,0.008828327415794868
2016-06-20,Monday,2016-06-17,206.58,208.84,0.01094007164294708,0.01094007164294708
2016-06-21,Tuesday,2016-06-20,207.86,208.295,0.002092754738766356,0.002092754738766356
2016-06-22,Wednesday,2016-06-21,208.39,208.63,0.0011516867412064702,0.0011516867412064702
2016-06-23,Thursday,2016-06-22,208.05,209.935,0.009060322037971691,0.009060322037971691
2016-06-24,Friday,2016-06-23,210.83,204.61,-0.02950244272636726,0.02950244272636726
2016-06-27,Monday,2016-06-24,203.22,199.44,-0.018600531443755508,0.018600531443755508
2016-06-28,Tuesday,2016-06-27,199.59,201.65,0.010321158374668071,0.010321158374668071
2016-06-29,Wednesday,2016-06-28,203.1725,206.2468,0.01513147694692929,0.01513147694692929
2016-06-30,Thursday,2016-06-29,206.67,208.79,0.01025789906614416,0.01025789906614416
2016-07-01,Friday,2016-06-30,209.5,209.82,0.0015274463007159955,0.0015274463007159955
2016-07-05,Tuesday,2016-07-01,209.83,207.865,-0.009364723824048071,0.009364723824048071
2016-07-06,Wednesday,2016-07-05,208.43,209.07,0.003070575253082408,0.003070575253082408
2016-07-07,Thursday,2016-07-06,209.75,209.2207,-0.002523480333730621,0.002523480333730621
2016-07-08,Friday,2016-07-07,209.53,212.4,0.01369732257910572,0.01369732257910572
2016-07-11,Monday,2016-07-08,212.65,213.7608,0.005223606865741859,0.005223606865741859
2016-07-12,Tuesday,2016-07-11,213.41,214.98,0.00735673117473401,0.00735673117473401
2016-07-13,Wednesday,2016-07-12,214.94,214.7,-0.0011165906764678546,0.0011165906764678546
2016-07-14,Thursday,2016-07-13,214.93,215.82,0.004140883078211477,0.004140883078211477
2016-07-15,Friday,2016-07-14,216.07,215.705,-0.0016892673670568792,0.0016892673670568792
2016-07-18,Monday,2016-07-15,215.81,216.435,0.0028960659839674108,0.0028960659839674108
2016-07-19,Tuesday,2016-07-18,216.4,215.7,-0.0032347504621073053,0.0032347504621073053
2016-07-20,Wednesday,2016-07-19,216.15,217.21,0.00490400185056683,0.00490400185056683
2016-07-21,Thursday,2016-07-20,217.09,216.18,-0.004191809848449912,0.004191809848449912
2016-07-22,Friday,2016-07-21,216.25,217.045,0.003676300578034697,0.003676300578034697
2016-07-25,Monday,2016-07-22,217.23,216.33,-0.004143074161027327,0.004143074161027327
2016-07-26,Tuesday,2016-07-25,216.67,216.205,-0.002146120828910192,0.002146120828910192
2016-07-27,Wednesday,2016-07-26,216.73,216.2328,-0.0022940986480874948,0.0022940986480874948
2016-07-28,Thursday,2016-07-27,216.53,216.63,0.00046182976954689536,0.00046182976954689536
2016-07-29,Friday,2016-07-28,216.78,217.3,0.002398745271704028,0.002398745271704028
2016-08-01,Monday,2016-07-29,217.14,216.94,-0.0009210647508519632,0.0009210647508519632
2016-08-02,Tuesday,2016-08-01,216.89,214.849,-0.00941030015215083,0.00941030015215083
2016-08-03,Wednesday,2016-08-02,215.55,215.86,0.0014381813964277068,0.0014381813964277068
2016-08-04,Thursday,2016-08-03,216.21,216.35,0.000647518616160081,0.000647518616160081
2016-08-05,Friday,2016-08-04,216.41,218.11,0.00785545954438338,0.00785545954438338
2016-08-08,Monday,2016-08-05,218.17,218.06,-0.0005041939771737169,0.0005041939771737169
2016-08-09,Tuesday,2016-08-08,218.03,218.12,0.00041278723111504156,0.00041278723111504156
2016-08-10,Wednesday,2016-08-09,218.17,217.591,-0.0026538937525781847,0.0026538937525781847
2016-08-11,Thursday,2016-08-10,217.64,218.71,0.0049163756662378155,0.0049163756662378155
2016-08-12,Friday,2016-08-11,218.65,218.13,-0.0023782300480219565,0.0023782300480219565
2016-08-15,Monday,2016-08-12,218.45,219.3501,0.004120393682764956,0.004120393682764956
2016-08-16,Tuesday,2016-08-15,219.13,218.26,-0.003970245972710229,0.003970245972710229
2016-08-17,Wednesday,2016-08-16,217.98,217.7501,-0.0010546839159555343,0.0010546839159555343
2016-08-18,Thursday,2016-08-17,218.37,218.6,0.001053258231441978,0.001053258231441978
2016-08-19,Friday,2016-08-18,218.87,218.315,-0.0025357518161466253,0.0025357518161466253
2016-08-22,Monday,2016-08-19,218.57,218.4399,-0.0005952326485794135,0.0005952326485794135
2016-08-23,Tuesday,2016-08-22,218.5,219.1977,0.0031931350114415835,0.0031931350114415835
2016-08-24,Wednesday,2016-08-23,218.94,218.5,-0.0020096830181784986,0.0020096830181784986
2016-08-25,Thursday,2016-08-24,217.88,217.56,-0.0014686983660729958,0.0014686983660729958
2016-08-26,Friday,2016-08-25,217.63,216.75,-0.0040435601709323254,0.0040435601709323254
2016-08-29,Monday,2016-08-26,217.25,218.61,0.006260069044879302,0.006260069044879302
2016-08-30,Tuesday,2016-08-29,218.36,217.74,-0.0028393478659095583,0.0028393478659095583
2016-08-31,Wednesday,2016-08-30,217.97,216.89,-0.0049548102949947825,0.0049548102949947825
2016-09-01,Thursday,2016-08-31,217.39,217.1,-0.0013340080040480373,0.0013340080040480373
2016-09-02,Friday,2016-09-01,217.41,217.85,0.002023825950968172,0.002023825950968172
2016-09-06,Tuesday,2016-09-02,218.37,218.67,0.001373815084489527,0.001373815084489527
2016-09-07,Wednesday,2016-09-06,219.07,218.71,-0.001643310357419936,0.001643310357419936
2016-09-08,Thursday,2016-09-07,219.06,218.4695,-0.002695608509084235,0.002695608509084235
2016-09-09,Friday,2016-09-08,218.53,214.61,-0.01793804054363235,0.01793804054363235
2016-09-12,Monday,2016-09-09,213.28,215.5052,0.010433233308327017,0.010433233308327017
2016-09-13,Tuesday,2016-09-12,216.34,213.21,-0.014467967088841571,0.014467967088841571
2016-09-14,Wednesday,2016-09-13,213.23,213.402,0.0008066407165971956,0.0008066407165971956
2016-09-15,Thursday,2016-09-14,213.14,215.35,0.010368771699352575,0.010368771699352575
2016-09-16,Friday,2016-09-15,215.29,212.79,-0.011612243950020917,0.011612243950020917
2016-09-19,Monday,2016-09-16,213.34,213.531,0.0008952845223586525,0.0008952845223586525
2016-09-20,Tuesday,2016-09-19,213.39,213.88,0.0022962650545950147,0.0022962650545950147
2016-09-21,Wednesday,2016-09-20,213.43,213.85,0.0019678583142013206,0.0019678583142013206
2016-09-22,Thursday,2016-09-21,215.79,217.27,0.006858519857268819,0.006858519857268819
2016-09-23,Friday,2016-09-22,217.16,215.94,-0.005617977528089901,0.005617977528089901
2016-09-26,Monday,2016-09-23,215.98,214.29,-0.007824798592462212,0.007824798592462212
2016-09-27,Tuesday,2016-09-26,214.21,215.47,0.005882078334344731,0.005882078334344731
2016-09-28,Wednesday,2016-09-27,215.55,215.56,4.639294827191165e-05,4.639294827191165e-05
2016-09-29,Thursday,2016-09-28,216.68,214.3,-0.010983939449879965,0.010983939449879965
2016-09-30,Friday,2016-09-29,214.6863,216.67,0.009239993422961668,0.009239993422961668
2016-10-03,Monday,2016-09-30,216.36,215.535,-0.0038130892956185214,0.0038130892956185214
2016-10-04,Tuesday,2016-10-03,215.68,214.47,-0.005610163204747831,0.005610163204747831
2016-10-05,Wednesday,2016-10-04,214.72,215.99,0.005914679582712523,0.005914679582712523
2016-10-06,Thursday,2016-10-05,215.66,215.79,0.0006028007048131112,0.0006028007048131112
2016-10-07,Friday,2016-10-06,215.83,215.19,-0.0029652967613400527,0.0029652967613400527
2016-10-10,Monday,2016-10-07,215.05,216.26,0.005626598465473087,0.005626598465473087
2016-10-11,Tuesday,2016-10-10,216.11,212.97,-0.014529637684512542,0.014529637684512542
2016-10-12,Wednesday,2016-10-11,213.45,214.015,0.0026469899273835473,0.0026469899273835473
2016-10-13,Thursday,2016-10-12,213.72,213.2101,-0.002385831929627491,0.002385831929627491
2016-10-14,Friday,2016-10-13,213.04,213.51,0.0022061584678934043,0.0022061584678934043
2016-10-17,Monday,2016-10-14,213.09,212.22,-0.004082781923131051,0.004082781923131051
2016-10-18,Tuesday,2016-10-17,212.4,214.0001,0.0075334274952918445,0.0075334274952918445
2016-10-19,Wednesday,2016-10-18,213.69,214.52,0.003884131218119702,0.003884131218119702
2016-10-20,Thursday,2016-10-19,214.25,213.8,-0.00210035005834297,0.00210035005834297
2016-10-21,Friday,2016-10-20,213.89,213.81,-0.000374024031043918,0.000374024031043918
2016-10-24,Monday,2016-10-21,213.935,214.79,0.003996541005445442,0.003996541005445442
2016-10-25,Tuesday,2016-10-24,214.85,214.42,-0.0020013963230161025,0.0020013963230161025
2016-10-26,Wednesday,2016-10-25,214.18,213.41,-0.003595106919413671,0.003595106919413671
2016-10-27,Thursday,2016-10-26,213.74,213.69,-0.00023392907270525232,0.00023392907270525232
2016-10-28,Friday,2016-10-27,213.18,211.855,-0.006215404822216053,0.006215404822216053
2016-10-31,Monday,2016-10-28,212.52,212.68,0.0007528703180876839,0.0007528703180876839
2016-11-01,Tuesday,2016-10-31,212.51,210.29,-0.010446567220366076,0.010446567220366076
2016-11-02,Wednesday,2016-11-01,211.0,209.98,-0.004834123222748898,0.004834123222748898
2016-11-03,Thursday,2016-11-02,209.7,209.17,-0.0025274201239866567,0.0025274201239866567
2016-11-04,Friday,2016-11-03,208.84,209.71,0.00416586860754653,0.00416586860754653
2016-11-07,Monday,2016-11-04,208.52,212.89,0.020957222328793268,0.020957222328793268
2016-11-08,Tuesday,2016-11-07,213.1,214.34,0.005818864382918898,0.005818864382918898
2016-11-09,Wednesday,2016-11-08,214.07,215.8372,0.008255243611902552,0.008255243611902552
2016-11-10,Thursday,2016-11-09,216.41,217.63,0.005637447437733867,0.005637447437733867
2016-11-11,Friday,2016-11-10,216.87,216.1,-0.0035505141328907586,0.0035505141328907586
2016-11-14,Monday,2016-11-11,216.46,216.32,-0.0006467707659614241,0.0006467707659614241
2016-11-15,Tuesday,2016-11-14,216.55,217.405,0.003948279842992397,0.003948279842992397
2016-11-16,Wednesday,2016-11-15,218.25,217.71,-0.0024742268041236803,0.0024742268041236803
2016-11-17,Thursday,2016-11-16,217.93,218.7,0.0035332446198319545,0.0035332446198319545
2016-11-18,Friday,2016-11-17,218.95,218.58,-0.0016898835350535046,0.0016898835350535046
2016-11-21,Monday,2016-11-18,218.52,219.91,0.006360973823906324,0.006360973823906324
2016-11-22,Tuesday,2016-11-21,220.11,220.13,9.086365907950977e-05,9.086365907950977e-05
2016-11-23,Wednesday,2016-11-22,220.53,220.365,-0.0007481975241463434,0.0007481975241463434
2016-11-25,Friday,2016-11-23,220.73,221.56,0.003760250079282379,0.003760250079282379
2016-11-28,Monday,2016-11-25,221.67,221.0854,-0.002637253575134224,0.002637253575134224
2016-11-29,Tuesday,2016-11-28,220.54,221.31,0.00349143012605424,0.00349143012605424
2016-11-30,Wednesday,2016-11-29,220.89,221.1985,0.0013966227534067954,0.0013966227534067954
2016-12-01,Thursday,2016-11-30,220.33,219.29,-0.004720192438614879,0.004720192438614879
2016-12-02,Friday,2016-12-01,219.52,219.415,-0.00047831632653072553,0.00047831632653072553
2016-12-05,Monday,2016-12-02,219.66,220.795,0.005167076390785619,0.005167076390785619
2016-12-06,Tuesday,2016-12-05,220.92,221.4,0.0021727322107552016,0.0021727322107552016
2016-12-07,Wednesday,2016-12-06,221.69,223.92,0.01005909152420048,0.01005909152420048
2016-12-08,Thursday,2016-12-07,224.57,225.64,0.00476466135280762,0.00476466135280762
2016-12-09,Friday,2016-12-08,225.14,225.915,0.0034423025672913887,0.0034423025672913887
2016-12-12,Monday,2016-12-09,226.49,225.95,-0.0023842112234536694,0.0023842112234536694
2016-12-13,Tuesday,2016-12-12,226.22,228.05,0.00808947042701802,0.00808947042701802
2016-12-14,Wednesday,2016-12-13,227.71,227.82,0.00048307057221896876,0.00048307057221896876
2016-12-15,Thursday,2016-12-14,225.92,226.4892,0.0025194759206799144,0.0025194759206799144
2016-12-16,Friday,2016-12-15,226.77,224.96,-0.007981655421792966,0.007981655421792966
2016-12-19,Monday,2016-12-16,225.07,225.79,0.0031990047540764177,0.0031990047540764177
2016-12-20,Tuesday,2016-12-19,225.49,226.34,0.003769568495276987,0.003769568495276987
2016-12-21,Wednesday,2016-12-20,226.37,226.0799,-0.0012815302381057325,0.0012815302381057325
2016-12-22,Thursday,2016-12-21,225.81,225.44,-0.0016385456799964393,0.0016385456799964393
2016-12-23,Friday,2016-12-22,225.43,225.44,4.435966818960857e-05,4.435966818960857e-05
2016-12-27,Tuesday,2016-12-23,225.69,226.401,0.003150338960521193,0.003150338960521193
2016-12-28,Wednesday,2016-12-27,226.24,224.61,-0.007204738330975902,0.007204738330975902
2016-12-29,Thursday,2016-12-28,224.43,224.17,-0.0011584903978969496,0.0011584903978969496
2016-12-30,Friday,2016-12-29,224.37,223.4375,-0.00415608147256763,0.00415608147256763
2017-01-03,Tuesday,2016-12-30,223.55,224.0199,0.0021019906061283677,0.0021019906061283677
2017-01-04,Wednesday,2017-01-03,225.19,226.35,0.005151205648563417,0.005151205648563417
2017-01-05,Thursday,2017-01-04,226.53,226.02,-0.0022513574361011646,0.0022513574361011646
2017-01-06,Friday,2017-01-05,226.36,227.52,0.0051245803145432145,0.0051245803145432145
2017-01-09,Monday,2017-01-06,227.24,226.77,-0.0020682978348882664,0.0020682978348882664
2017-01-10,Tuesday,2017-01-09,226.49,226.62,0.0005739767760166714,0.0005739767760166714
2017-01-11,Wednesday,2017-01-10,226.43,226.33,-0.00044163759219184584,0.00044163759219184584
2017-01-12,Thursday,2017-01-11,227.06,226.26,-0.0035232978067472054,0.0035232978067472054
2017-01-13,Friday,2017-01-12,226.57,226.999,0.0018934545615041376,0.0018934545615041376
2017-01-17,Tuesday,2017-01-13,227.03,226.61,-0.0018499757741267109,0.0018499757741267109
2017-01-18,Wednesday,2017-01-17,226.29,226.315,0.00011047770559913239,0.00011047770559913239
2017-01-19,Thursday,2017-01-18,226.74,226.1141,-0.0027604304489724507,0.0027604304489724507
2017-01-20,Friday,2017-01-19,225.95,226.415,0.002057977428634672,0.002057977428634672
2017-01-23,Monday,2017-01-20,226.7,225.88,-0.003617115130127857,0.003617115130127857
2017-01-24,Tuesday,2017-01-23,226.18,227.685,0.0066539923954371805,0.0066539923954371805
2017-01-25,Wednesday,2017-01-24,227.58,229.355,0.007799455136655142,0.007799455136655142
2017-01-26,Thursday,2017-01-25,229.49,229.32,-0.0007407730184322281,0.0007407730184322281
2017-01-27,Friday,2017-01-26,229.3,228.91,-0.0017008286088094904,0.0017008286088094904
2017-01-30,Monday,2017-01-27,228.99,226.8501,-0.0093449495611162,0.0093449495611162
2017-01-31,Tuesday,2017-01-30,227.62,226.5,-0.004920481504261498,0.004920481504261498
2017-02-01,Wednesday,2017-01-31,227.56,227.26,-0.0013183336262964085,0.0013183336262964085
2017-02-02,Thursday,2017-02-01,227.64,227.78,0.0006150061500616033,0.0006150061500616033
2017-02-03,Friday,2017-02-02,227.77,229.21,0.00632216709838862,0.00632216709838862
2017-02-06,Monday,2017-02-03,229.37,228.8,-0.002485067794393281,0.002485067794393281
2017-02-07,Tuesday,2017-02-06,228.97,228.9925,9.826614840369174e-05,9.826614840369174e-05
2017-02-08,Wednesday,2017-02-07,228.97,229.21,0.0010481722496398227,0.0010481722496398227
2017-02-09,Thursday,2017-02-08,229.26,230.74,0.0064555526476490765,0.0064555526476490765
2017-02-10,Friday,2017-02-09,230.57,231.585,0.004402133842217104,0.004402133842217104
2017-02-13,Monday,2017-02-10,231.48,232.91,0.006177639536893098,0.006177639536893098
2017-02-14,Tuesday,2017-02-13,232.73,233.46,0.003136681992008006,0.003136681992008006
2017-02-15,Wednesday,2017-02-14,233.71,234.5665,0.003664798254246593,0.003664798254246593
2017-02-16,Thursday,2017-02-15,234.87,234.345,-0.00223527909056076,0.00223527909056076
2017-02-17,Friday,2017-02-16,234.73,234.38,-0.0014910748519575412,0.0014910748519575412
2017-02-21,Tuesday,2017-02-17,235.06,236.075,0.004318046456223801,0.004318046456223801
2017-02-22,Wednesday,2017-02-21,236.45,236.43,-8.458447874803987e-05,8.458447874803987e-05
2017-02-23,Thursday,2017-02-22,236.3,236.45,0.0006347862886160183,0.0006347862886160183
2017-02-24,Friday,2017-02-23,236.45,236.075,-0.0015859589765278015,0.0015859589765278015
2017-02-27,Monday,2017-02-24,236.78,237.01,0.0009713658248162726,0.0009713658248162726
2017-02-28,Tuesday,2017-02-27,237.13,236.62,-0.002150719014886282,0.002150719014886282
2017-03-01,Wednesday,2017-02-28,236.51,239.895,0.014312291235043073,0.014312291235043073
2017-03-02,Thursday,2017-03-01,239.75,238.83,-0.003837330552659002,0.003837330552659002
2017-03-03,Friday,2017-03-02,238.33,238.27,-0.0002517517727520513,0.0002517517727520513
2017-03-06,Monday,2017-03-03,238.48,237.7847,-0.002915548473666596,0.002915548473666596
2017-03-07,Tuesday,2017-03-06,237.76,237.18,-0.0024394347240914716,0.0024394347240914716
2017-03-08,Wednesday,2017-03-07,237.05,237.32,0.0011390002109259445,0.0011390002109259445
2017-03-09,Thursday,2017-03-08,236.59,236.46,-0.0005494737731941424,0.0005494737731941424
2017-03-10,Friday,2017-03-09,236.82,237.11,0.0012245587365933286,0.0012245587365933286
2017-03-13,Monday,2017-03-10,237.64,237.4774,-0.0006842282444032843,0.0006842282444032843
2017-03-14,Tuesday,2017-03-13,237.76,236.71,-0.004416218034993147,0.004416218034993147
2017-03-15,Wednesday,2017-03-14,236.93,237.79,0.003629764065335772,0.003629764065335772
2017-03-16,Thursday,2017-03-15,238.89,238.585,-0.0012767382477290035,0.0012767382477290035
2017-03-17,Friday,2017-03-16,238.52,237.66,-0.003605567667281595,0.003605567667281595
2017-03-20,Monday,2017-03-17,237.08,236.67,-0.001729374050953414,0.001729374050953414
2017-03-21,Tuesday,2017-03-20,236.74,233.915,-0.011932922193123363,0.011932922193123363
2017-03-22,Wednesday,2017-03-21,233.78,233.65,-0.0005560783642740708,0.0005560783642740708
2017-03-23,Thursday,2017-03-22,234.27,234.69,0.0017928031758227547,0.0017928031758227547
2017-03-24,Friday,2017-03-23,234.01,233.98,-0.00012819964958765695,0.00012819964958765695
2017-03-27,Monday,2017-03-24,233.9,233.29,-0.0026079521162890584,0.0026079521162890584
2017-03-28,Tuesday,2017-03-27,233.58,235.4787,0.008128692525045,0.008128692525045
2017-03-29,Wednesday,2017-03-28,235.27,235.59,0.0013601394142899181,0.0013601394142899181
2017-03-30,Thursday,2017-03-29,235.59,236.22,0.002674137272379973,0.002674137272379973
2017-03-31,Friday,2017-03-30,236.27,236.16,-0.0004655690523553968,0.0004655690523553968
2017-04-03,Monday,2017-03-31,235.71,234.75,-0.004072801323660502,0.004072801323660502
2017-04-04,Tuesday,2017-04-03,235.37,235.27,-0.00042486298168842307,0.00042486298168842307
2017-04-05,Wednesday,2017-04-04,235.51,237.24,0.007345760264956924,0.007345760264956924
2017-04-06,Thursday,2017-04-05,234.77,235.655,0.003769646888444056,0.003769646888444056
2017-04-07,Friday,2017-04-06,235.39,235.7,0.0013169633374399137,0.0013169633374399137
2017-04-10,Monday,2017-04-07,235.17,235.785,0.002615129480801226,0.002615129480801226
2017-04-11,Tuesday,2017-04-10,235.32,234.62,-0.002974672785993504,0.002974672785993504
2017-04-12,Wednesday,2017-04-11,235.04,234.62,-0.0017869298842749792,0.0017869298842749792
2017-04-13,Thursday,2017-04-12,234.1,233.11,-0.00422896198205891,0.00422896198205891
2017-04-17,Monday,2017-04-13,232.54,233.86,0.0056764427625355385,0.0056764427625355385
2017-04-18,Tuesday,2017-04-17,234.57,233.8,-0.003282602208295904,0.003282602208295904
2017-04-19,Wednesday,2017-04-18,233.86,234.0965,0.001011288805268018,0.001011288805268018
2017-04-20,Thursday,2017-04-19,233.47,235.74,0.00972287660084814,0.00972287660084814
2017-04-21,Friday,2017-04-20,235.3,234.79,-0.0021674458138547514,0.0021674458138547514
2017-04-24,Monday,2017-04-21,234.59,237.08,0.010614263182573858,0.010614263182573858
2017-04-25,Tuesday,2017-04-24,237.12,238.64,0.0064102564102563875,0.0064102564102563875
2017-04-26,Wednesday,2017-04-25,238.53,238.99,0.0019284785980799857,0.0019284785980799857
2017-04-27,Thursday,2017-04-26,238.44,238.68,0.0010065425264218497,0.0010065425264218497
2017-04-28,Friday,2017-04-27,238.61,238.11,-0.0020954695947361657,0.0020954695947361657
2017-05-01,Monday,2017-04-28,238.1,239.02,0.003863922721545565,0.003863922721545565
2017-05-02,Tuesday,2017-05-01,238.65,238.66,4.1902367483803715e-05,4.1902367483803715e-05
2017-05-03,Wednesday,2017-05-02,238.79,238.21,-0.0024289124335189483,0.0024289124335189483
2017-05-04,Thursday,2017-05-03,238.52,238.52,0.0,0.0
2017-05-05,Friday,2017-05-04,238.75,239.1,0.0014659685863873673,0.0014659685863873673
2017-05-08,Monday,2017-05-05,239.72,239.7093,-4.4635407975945895e-05,4.4635407975945895e-05
2017-05-09,Tuesday,2017-05-08,239.67,239.6862,6.75929402929043e-05,6.75929402929043e-05
2017-05-10,Wednesday,2017-05-09,239.46,239.72,0.0010857763300760048,0.0010857763300760048
2017-05-11,Thursday,2017-05-10,239.85,239.3,-0.002293099854075442,0.002293099854075442
2017-05-12,Friday,2017-05-11,239.41,238.98,-0.0017960820350026996,0.0017960820350026996
2017-05-15,Monday,2017-05-12,239.03,240.295,0.005292222733548124,0.005292222733548124
2017-05-16,Tuesday,2017-05-15,240.245,239.98,-0.0011030406460073028,0.0011030406460073028
2017-05-17,Wednesday,2017-05-16,240.1,236.975,-0.01301541024573094,0.01301541024573094
2017-05-18,Thursday,2017-05-17,235.85,236.73,0.003731185075259713,0.003731185075259713
2017-05-19,Friday,2017-05-18,236.67,238.76,0.008830861537161505,0.008830861537161505
2017-05-22,Monday,2017-05-19,238.3,239.35,0.004406210658833398,0.004406210658833398
2017-05-23,Tuesday,2017-05-22,239.53,240.02,0.0020456727758526583,0.0020456727758526583
2017-05-24,Wednesday,2017-05-23,240.02,240.15,0.0005416215315390271,0.0005416215315390271
2017-05-25,Thursday,2017-05-24,240.59,241.81,0.005070867450849947,0.005070867450849947
2017-05-26,Friday,2017-05-25,241.71,241.68,-0.00012411567580983274,0.00012411567580983274
2017-05-30,Tuesday,2017-05-26,241.74,241.64,-0.00041366757673544363,0.00041366757673544363
2017-05-31,Wednesday,2017-05-30,241.52,241.02,-0.0020702219277906053,0.0020702219277906053
2017-06-01,Thursday,2017-05-31,241.42,242.82,0.005799022450501123,0.005799022450501123
2017-06-02,Friday,2017-06-01,243.32,244.21,0.003657734670392987,0.003657734670392987
2017-06-05,Monday,2017-06-02,244.13,244.08,-0.0002048089132837827,0.0002048089132837827
2017-06-06,Tuesday,2017-06-05,243.965,243.501,-0.0019019121595310606,0.0019019121595310606
2017-06-07,Wednesday,2017-06-06,243.25,243.485,0.0009660842754368737,0.0009660842754368737
2017-06-08,Thursday,2017-06-07,243.65,243.985,0.0013749230453519168,0.0013749230453519168
2017-06-09,Friday,2017-06-08,243.76,243.285,-0.0019486380045946605,0.0019486380045946605
2017-06-12,Monday,2017-06-09,243.45,242.515,-0.0038406243581844413,0.0038406243581844413
2017-06-13,Tuesday,2017-06-12,243.34,244.31,0.003986192159118884,0.003986192159118884
2017-06-14,Wednesday,2017-06-13,244.52,244.29,-0.0009406183543269053,0.0009406183543269053
2017-06-15,Thursday,2017-06-14,244.26,243.3299,-0.003807827724555679,0.003807827724555679
2017-06-16,Friday,2017-06-15,243.79,242.33,-0.0059887608187373376,0.0059887608187373376
2017-06-19,Monday,2017-06-16,242.63,244.43,0.007418703375509983,0.007418703375509983
2017-06-20,Tuesday,2017-06-19,244.64,243.705,-0.0038219424460430584,0.0038219424460430584
2017-06-21,Wednesday,2017-06-20,243.04,242.56,-0.0019749835418038098,0.0019749835418038098
2017-06-22,Thursday,2017-06-21,242.95,243.395,0.0018316526034163338,0.0018316526034163338
2017-06-23,Friday,2017-06-22,242.83,243.39,0.0023061400980108893,0.0023061400980108893
2017-06-26,Monday,2017-06-23,243.16,243.575,0.001706695180128337,0.001706695180128337
2017-06-27,Tuesday,2017-06-26,243.27,242.13,-0.004686151190035792,0.004686151190035792
2017-06-28,Wednesday,2017-06-27,241.36,243.59,0.009239310573417203,0.009239310573417203
2017-06-29,Thursday,2017-06-28,243.46,240.87,-0.010638297872340385,0.010638297872340385
2017-06-30,Friday,2017-06-29,241.39,242.105,0.0029620116823398934,0.0029620116823398934
2017-07-03,Monday,2017-06-30,241.77,241.82,0.00020680812342299681,0.00020680812342299681
2017-07-05,Wednesday,2017-07-03,241.83,242.6504,0.0033924657817474557,0.0033924657817474557
2017-07-06,Thursday,2017-07-05,242.77,241.38,-0.005725583885982655,0.005725583885982655
2017-07-07,Friday,2017-07-06,240.58,242.2,0.00673372682683504,0.00673372682683504
2017-07-10,Monday,2017-07-07,242.1,242.71,0.002519619991738997,0.002519619991738997
2017-07-11,Tuesday,2017-07-10,242.36,242.22,-0.0005776530780657874,0.0005776530780657874
2017-07-12,Wednesday,2017-07-11,242.16,244.07,0.007887347208457296,0.007887347208457296
2017-07-13,Thursday,2017-07-12,243.98,244.36,0.0015575047135012454,0.0015575047135012454
2017-07-14,Friday,2017-07-13,244.41,245.495,0.0044392618959945285,0.0044392618959945285
2017-07-17,Monday,2017-07-14,245.54,245.69,0.0006108984279546981,0.0006108984279546981
2017-07-18,Tuesday,2017-07-17,245.51,245.44,-0.0002851207690114377,0.0002851207690114377
2017-07-19,Wednesday,2017-07-18,245.69,246.72,0.004192274817859998,0.004192274817859998
2017-07-20,Thursday,2017-07-19,246.99,247.29,0.001214624073849091,0.001214624073849091
2017-07-21,Friday,2017-07-20,247.07,246.725,-0.0013963654025175298,0.0013963654025175298
2017-07-24,Monday,2017-07-21,246.89,246.625,-0.0010733525051641601,0.0010733525051641601
2017-07-25,Tuesday,2017-07-24,246.81,247.65,0.0034034277379360045,0.0034034277379360045
2017-07-26,Wednesday,2017-07-25,247.39,247.36,-0.00012126601721962338,0.00012126601721962338
2017-07-27,Thursday,2017-07-26,247.45,246.24,-0.004889876742776189,0.004889876742776189
2017-07-28,Friday,2017-07-27,247.22,246.64,-0.0023460885041663992,0.0023460885041663992
2017-07-31,Monday,2017-07-28,246.9,247.05,0.0006075334143378353,0.0006075334143378353
2017-08-01,Tuesday,2017-07-31,246.74,247.33,0.00239118100024327,0.00239118100024327
2017-08-02,Wednesday,2017-08-01,247.309,247.17,-0.0005620499051793848,0.0005620499051793848
2017-08-03,Thursday,2017-08-02,247.44,247.1,-0.0013740704817329918,0.0013740704817329918
2017-08-04,Friday,2017-08-03,246.98,247.405,0.0017207871082678405,0.0017207871082678405
2017-08-07,Monday,2017-08-04,247.4,247.6732,0.0011042845594180228,0.0011042845594180228
2017-08-08,Tuesday,2017-08-07,247.85,248.12,0.0010893685696995448,0.0010893685696995448
2017-08-09,Wednesday,2017-08-08,247.291,246.795,-0.0020057341350878666,0.0020057341350878666
2017-08-10,Thursday,2017-08-09,247.23,244.82,-0.009748007927840474,0.009748007927840474
2017-08-11,Friday,2017-08-10,243.79,244.42,0.0025841913121948945,0.0025841913121948945
2017-08-14,Monday,2017-08-11,244.11,246.62,0.010282249805415589,0.010282249805415589
2017-08-15,Tuesday,2017-08-14,246.52,246.38,-0.0005679052409541807,0.0005679052409541807
2017-08-16,Wednesday,2017-08-15,246.53,246.9589,0.0017397476980489657,0.0017397476980489657
2017-08-17,Thursday,2017-08-16,246.92,244.59,-0.00943625465737885,0.00943625465737885
2017-08-18,Friday,2017-08-17,243.13,243.1,-0.00012339077859579994,0.00012339077859579994
2017-08-21,Monday,2017-08-18,242.69,242.63,-0.0002472289752358803,0.0002472289752358803
2017-08-22,Tuesday,2017-08-21,242.93,244.96,0.008356316634421379,0.008356316634421379
2017-08-23,Wednesday,2017-08-22,245.4,244.555,-0.003443357783211032,0.003443357783211032
2017-08-24,Thursday,2017-08-23,244.538,244.37,-0.0006870097898895589,0.0006870097898895589
2017-08-25,Friday,2017-08-24,244.03,244.89,0.0035241568659589717,0.0035241568659589717
2017-08-28,Monday,2017-08-25,244.54,244.451,-0.00036394863825961465,0.00036394863825961465
2017-08-29,Tuesday,2017-08-28,244.59,244.63,0.0001635389836052159,0.0001635389836052159
2017-08-30,Wednesday,2017-08-29,244.85,246.22,0.005595262405554413,0.005595262405554413
2017-08-31,Thursday,2017-08-30,246.04,247.22,0.004795968135262507,0.004795968135262507
2017-09-01,Friday,2017-08-31,247.42,248.17,0.00303128283889742,0.00303128283889742
2017-09-05,Tuesday,2017-09-01,247.88,245.745,-0.008613038567048537,0.008613038567048537
2017-09-06,Wednesday,2017-09-05,246.1,246.88,0.0031694433157252178,0.0031694433157252178
2017-09-07,Thursday,2017-09-06,246.91,246.765,-0.0005872585152485454,0.0005872585152485454
2017-09-08,Friday,2017-09-07,246.89,246.735,-0.0006278099558506556,0.0006278099558506556
2017-09-11,Monday,2017-09-08,246.55,249.16,0.01058608801460137,0.01058608801460137
2017-09-12,Tuesday,2017-09-11,249.17,249.8,0.002528394268973111,0.002528394268973111
2017-09-13,Wednesday,2017-09-12,250.07,249.955,-0.0004598712360538437,0.0004598712360538437
2017-09-14,Thursday,2017-09-13,250.18,250.02,-0.0006395395315372809,0.0006395395315372809
2017-09-15,Friday,2017-09-14,250.1,248.955,-0.0045781687325069376,0.0045781687325069376
2017-09-18,Monday,2017-09-15,249.25,249.84,0.0023671013039117117,0.0023671013039117117
2017-09-19,Tuesday,2017-09-18,249.69,250.0,0.0012415395089910852,0.0012415395089910852
2017-09-20,Wednesday,2017-09-19,249.96,249.89,-0.00028004480716925517,0.00028004480716925517
2017-09-21,Thursday,2017-09-20,250.09,249.76,-0.0013195249710105106,0.0013195249710105106
2017-09-22,Friday,2017-09-21,249.4,249.23,-0.0006816359262229454,0.0006816359262229454
2017-09-25,Monday,2017-09-22,249.42,248.72,-0.0028065111057653525,0.0028065111057653525
2017-09-26,Tuesday,2017-09-25,248.94,249.42,0.0019281754639672855,0.0019281754639672855
2017-09-27,Wednesday,2017-09-26,249.05,249.736,0.0027544669745029893,0.0027544669745029893
2017-09-28,Thursday,2017-09-27,250.02,250.41,0.0015598752099832414,0.0015598752099832414
2017-09-29,Friday,2017-09-28,250.34,251.05,0.00283614284572975,0.00283614284572975
2017-10-02,Monday,2017-09-29,251.2,252.08,0.003503184713375962,0.003503184713375962
2017-10-03,Tuesday,2017-10-02,252.29,252.575,0.0011296523841610728,0.0011296523841610728
2017-10-04,Wednesday,2017-10-03,252.85,253.09,0.0009491793553491057,0.0009491793553491057
2017-10-05,Thursday,2017-10-04,253.16,254.515,0.005352346342234027,0.005352346342234027
2017-10-06,Friday,2017-10-05,254.64,254.0725,-0.002228636506440451,0.002228636506440451
2017-10-09,Monday,2017-10-06,254.4,254.28,-0.0004716981132075748,0.0004716981132075748
2017-10-10,Tuesday,2017-10-09,253.96,254.34,0.0014962986297053504,0.0014962986297053504
2017-10-11,Wednesday,2017-10-10,254.6,254.645,0.00017674783974874764,0.00017674783974874764
2017-10-12,Thursday,2017-10-11,255.0,254.915,-0.00033333333333340764,0.00033333333333340764
2017-10-13,Friday,2017-10-12,254.6,255.0775,0.0018754909662215269,0.0018754909662215269
2017-10-16,Monday,2017-10-13,254.91,255.02,0.0004315248519086712,0.0004315248519086712
2017-10-17,Tuesday,2017-10-16,255.3,255.1,-0.0007833920877400313,0.0007833920877400313
2017-10-18,Wednesday,2017-10-17,255.46,255.875,0.001624520472872426,0.001624520472872426
2017-10-19,Thursday,2017-10-18,255.69,255.42,-0.001055966209081327,0.001055966209081327
2017-10-20,Friday,2017-10-19,255.82,256.92,0.0042998983660387236,0.0042998983660387236
2017-10-23,Monday,2017-10-20,257.08,256.805,-0.0010697059281157273,0.0010697059281157273
2017-10-24,Tuesday,2017-10-23,256.15,256.64,0.0019129416357603901,0.0019129416357603901
2017-10-25,Wednesday,2017-10-24,256.55,255.09,-0.0056908984603391,0.0056908984603391
2017-10-26,Thursday,2017-10-25,255.3,256.02,0.0028202115158635355,0.0028202115158635355
2017-10-27,Friday,2017-10-26,255.59,257.69,0.008216283892171106,0.008216283892171106
2017-10-30,Monday,2017-10-27,257.68,256.7,-0.0038031667184105222,0.0038031667184105222
2017-10-31,Tuesday,2017-10-30,256.8,257.27,0.0018302180685356717,0.0018302180685356717
2017-11-01,Wednesday,2017-10-31,257.11,257.42,0.001205709618451234,0.001205709618451234
2017-11-02,Thursday,2017-11-01,257.51,257.18,-0.001281503630926939,0.001281503630926939
2017-11-03,Friday,2017-11-02,257.61,258.365,0.002930786848336586,0.002930786848336586
2017-11-06,Monday,2017-11-03,258.44,258.84,0.0015477480266212762,0.0015477480266212762
2017-11-07,Tuesday,2017-11-06,258.82,258.49,-0.0012750173866006298,0.0012750173866006298
2017-11-08,Wednesday,2017-11-07,258.7,259.005,0.0011789717819867818,0.0011789717819867818
2017-11-09,Thursday,2017-11-08,259.13,257.54,-0.006135916335429981,0.006135916335429981
2017-11-10,Friday,2017-11-09,258.2,257.83,-0.0014329976762199603,0.0014329976762199603
2017-11-13,Monday,2017-11-10,258.08,258.34,0.00100743955362681,0.00100743955362681
2017-11-14,Tuesday,2017-11-13,258.34,257.51,-0.0032128203143143574,0.0032128203143143574
2017-11-15,Wednesday,2017-11-14,257.75,256.63,-0.004345295829291995,0.004345295829291995
2017-11-16,Thursday,2017-11-15,256.43,258.79,0.009203291346566278,0.009203291346566278
2017-11-17,Friday,2017-11-16,258.609,258.215,-0.001523535530472686,0.001523535530472686
2017-11-20,Monday,2017-11-17,257.89,258.47,0.0022490209003840356,0.0022490209003840356
2017-11-21,Tuesday,2017-11-20,258.29,259.98,0.006543033024894562,0.006543033024894562
2017-11-22,Wednesday,2017-11-21,259.96,259.8,-0.0006154793045082263,0.0006154793045082263
2017-11-24,Friday,2017-11-22,259.77,260.01,0.0009238942141125417,0.0009238942141125417
2017-11-27,Monday,2017-11-24,260.12,260.42,0.0011533138551438338,0.0011533138551438338
2017-11-28,Tuesday,2017-11-27,260.26,261.42,0.004457081380158323,0.004457081380158323
2017-11-29,Wednesday,2017-11-28,262.85,262.4751,-0.001426288757846783,0.001426288757846783
2017-11-30,Thursday,2017-11-29,262.73,265.05,0.008830358162372098,0.008830358162372098
2017-12-01,Friday,2017-11-30,264.88,263.98,-0.003397765025671906,0.003397765025671906
2017-12-04,Monday,2017-12-01,264.44,265.939,0.00566858266525494,0.00566858266525494
2017-12-05,Tuesday,2017-12-04,264.13,264.35,0.0008329231817667537,0.0008329231817667537
2017-12-06,Wednesday,2017-12-05,263.2,263.479,0.0010600303951366907,0.0010600303951366907
2017-12-07,Thursday,2017-12-06,263.21,264.1671,0.00363626002051598,0.00363626002051598
2017-12-08,Friday,2017-12-07,264.04,265.35,0.004961369489471235,0.004961369489471235
2017-12-11,Monday,2017-12-08,265.49,266.155,0.002504802440769671,0.002504802440769671
2017-12-12,Tuesday,2017-12-11,266.34,266.96,0.002327851618232346,0.002327851618232346
2017-12-13,Wednesday,2017-12-12,266.79,266.97,0.0006746879568200193,0.0006746879568200193
2017-12-14,Thursday,2017-12-13,266.73,266.18,-0.002062010272560255,0.002062010272560255
2017-12-15,Friday,2017-12-14,265.67,266.79,0.004215756389505776,0.004215756389505776
2017-12-18,Monday,2017-12-15,266.53,268.23,0.006378268862792247,0.006378268862792247
2017-12-19,Tuesday,2017-12-18,268.18,267.6337,-0.002037064658065635,0.002037064658065635
2017-12-20,Wednesday,2017-12-19,267.22,267.41,0.0007110246239054874,0.0007110246239054874
2017-12-21,Thursday,2017-12-20,267.04,268.19,0.004306470940683038,0.004306470940683038
2017-12-22,Friday,2017-12-21,267.57,267.355,-0.0008035280487348473,0.0008035280487348473
2017-12-26,Tuesday,2017-12-22,267.48,267.08,-0.0014954389113206457,0.0014954389113206457
2017-12-27,Wednesday,2017-12-26,267.17,267.329,0.0005951266983568182,0.0005951266983568182
2017-12-28,Thursday,2017-12-27,267.33,267.5401,0.0007859200239404007,0.0007859200239404007
2017-12-29,Friday,2017-12-28,267.86,267.42,-0.0016426491450757252,0.0016426491450757252
2018-01-02,Tuesday,2017-12-29,266.88,268.28,0.005245803357314172,0.005245803357314172
2018-01-03,Wednesday,2018-01-02,268.8,270.04,0.004613095238095166,0.004613095238095166
2018-01-04,Thursday,2018-01-03,270.47,271.94,0.005434983547158545,0.005434983547158545
2018-01-05,Friday,2018-01-04,271.63,272.67,0.003828737621028644,0.003828737621028644
2018-01-08,Monday,2018-01-05,273.39,273.95,0.00204835582866969,0.00204835582866969
2018-01-09,Tuesday,2018-01-08,273.93,275.2098,0.004671996495454911,0.004671996495454911
2018-01-10,Wednesday,2018-01-09,274.53,274.29,-0.0008742213965684531,0.0008742213965684531
2018-01-11,Thursday,2018-01-10,274.1,275.55,0.005290040131338936,0.005290040131338936
2018-01-12,Friday,2018-01-11,276.08,277.715,0.0059221964647928615,0.0059221964647928615
2018-01-16,Tuesday,2018-01-12,277.91,277.69,-0.000791623187362922,0.000791623187362922
2018-01-17,Wednesday,2018-01-16,276.96,279.175,0.007997544771808363,0.007997544771808363
2018-01-18,Thursday,2018-01-17,279.61,279.435,-0.0006258717499374455,0.0006258717499374455
2018-01-19,Friday,2018-01-18,279.18,279.58,0.0014327673902141402,0.0014327673902141402
2018-01-22,Monday,2018-01-19,280.38,281.82,0.00513588701048584,0.00513588701048584
2018-01-23,Tuesday,2018-01-22,282.67,283.46,0.0027947783634625356,0.0027947783634625356
2018-01-24,Wednesday,2018-01-23,283.26,283.14,-0.00042363905952125247,0.00042363905952125247
2018-01-25,Thursday,2018-01-24,283.18,283.78,0.002118793700119914,0.002118793700119914
2018-01-26,Friday,2018-01-25,283.28,285.453,0.0076708556904829805,0.0076708556904829805
2018-01-29,Monday,2018-01-26,286.57,285.735,-0.0029137732491187895,0.0029137732491187895
2018-01-30,Tuesday,2018-01-29,284.68,282.13,-0.008957425881691794,0.008957425881691794
2018-01-31,Wednesday,2018-01-30,281.66,282.25,0.0020947241354825064,0.0020947241354825064
2018-02-01,Thursday,2018-01-31,281.91,282.03,0.0004256677663081465,0.0004256677663081465
2018-02-02,Friday,2018-02-01,281.6,277.78,-0.013565340909091117,0.013565340909091117
2018-02-05,Monday,2018-02-02,275.52,272.64,-0.010452961672473893,0.010452961672473893
2018-02-06,Tuesday,2018-02-05,264.18,262.845,-0.005053372700431491,0.005053372700431491
2018-02-07,Wednesday,2018-02-06,269.18,269.7,0.001931792852366332,0.001931792852366332
2018-02-08,Thursday,2018-02-07,267.66,264.1717,-0.013032578644549209,0.013032578644549209
2018-02-09,Friday,2018-02-08,257.72,255.73,-0.007721558280304297,0.007721558280304297
2018-02-12,Monday,2018-02-09,261.67,266.3,0.017694042114113184,0.017694042114113184
2018-02-13,Tuesday,2018-02-12,265.26,265.89,0.0023750282741461515,0.0023750282741461515
2018-02-14,Wednesday,2018-02-13,266.01,269.02,0.011315364084056867,0.011315364084056867
2018-02-15,Thursday,2018-02-14,269.71,271.67,0.007267064624967734,0.007267064624967734
2018-02-16,Friday,2018-02-15,273.0,273.66,0.002417582417582498,0.002417582417582498
2018-02-20,Tuesday,2018-02-16,273.09,273.02,-0.00025632575341461017,0.00025632575341461017
2018-02-21,Wednesday,2018-02-20,271.43,273.31,0.006926279335371932,0.006926279335371932
2018-02-22,Thursday,2018-02-21,270.0,271.2,0.004444444444444473,0.004444444444444473
2018-02-23,Friday,2018-02-22,270.32,272.76,0.00902633915359563,0.00902633915359563
2018-02-26,Monday,2018-02-23,274.69,277.2499,0.009319232589464654,0.009319232589464654
2018-02-27,Tuesday,2018-02-26,277.89,276.35,-0.005541761128503908,0.005541761128503908
2018-02-28,Wednesday,2018-02-27,274.38,275.57,0.004337050805452325,0.004337050805452325
2018-03-01,Thursday,2018-02-28,271.33,267.2938,-0.01487561272251503,0.01487561272251503
2018-03-02,Friday,2018-03-01,267.73,267.21,-0.0019422552571621843,0.0019422552571621843
2018-03-05,Monday,2018-03-02,269.13,271.79,0.009883699327462692,0.009883699327462692
2018-03-06,Tuesday,2018-03-05,272.21,272.42,0.0007714632085522588,0.0007714632085522588
2018-03-07,Wednesday,2018-03-06,272.89,271.38,-0.005533365092161624,0.005533365092161624
2018-03-08,Thursday,2018-03-07,272.8,272.94,0.0005131964809383938,0.0005131964809383938
2018-03-09,Friday,2018-03-08,274.08,277.93,0.014046993578517242,0.014046993578517242
2018-03-12,Monday,2018-03-09,278.82,278.69,-0.00046625062764504843,0.00046625062764504843
2018-03-13,Tuesday,2018-03-12,278.5,277.64,-0.0030879712746858523,0.0030879712746858523
2018-03-14,Wednesday,2018-03-13,276.69,276.225,-0.001680581155806049,0.001680581155806049
2018-03-15,Thursday,2018-03-14,275.27,274.5575,-0.002588367784357115,0.002588367784357115
2018-03-16,Friday,2018-03-15,275.01,274.41,-0.0021817388458600373,0.0021817388458600373
2018-03-19,Monday,2018-03-16,274.19,269.85,-0.01582844013275453,0.01582844013275453
2018-03-20,Tuesday,2018-03-19,270.49,270.3899,-0.00037006913379422635,0.00037006913379422635
2018-03-21,Wednesday,2018-03-20,270.94,272.03,0.004023030929356963,0.004023030929356963
2018-03-22,Thursday,2018-03-21,270.43,267.82,-0.009651296084014382,0.009651296084014382
2018-03-23,Friday,2018-03-22,263.67,263.82,0.0005688929343496962,0.0005688929343496962
2018-03-26,Monday,2018-03-23,258.01,262.02,0.015542033254525078,0.015542033254525078
2018-03-27,Tuesday,2018-03-26,265.17,264.83,-0.0012821963268847547,0.0012821963268847547
2018-03-28,Wednesday,2018-03-27,260.53,261.08,0.0021110812574367532,0.0021110812574367532
2018-03-29,Thursday,2018-03-28,259.84,263.57,0.014354987684729092,0.014354987684729092
2018-04-02,Monday,2018-03-29,263.49,255.4015,-0.03069755967968424,0.03069755967968424
2018-04-03,Tuesday,2018-04-02,257.53,259.07,0.005979885838543142,0.005979885838543142
2018-04-04,Wednesday,2018-04-03,260.77,260.39,-0.001457222840050565,0.001457222840050565
2018-04-05,Thursday,2018-04-04,263.83,265.16,0.005041124966834953,0.005041124966834953
2018-04-06,Friday,2018-04-05,265.65,260.395,-0.01978166760775457,0.01978166760775457
2018-04-09,Monday,2018-04-06,259.8,264.78,0.01916859122401826,0.01916859122401826
2018-04-10,Tuesday,2018-04-09,260.86,265.17,0.016522272483324496,0.016522272483324496
2018-04-11,Wednesday,2018-04-10,265.14,264.6986,-0.0016647808704834954,0.0016647808704834954
2018-04-12,Thursday,2018-04-11,263.75,265.615,0.007071090047393369,0.007071090047393369
2018-04-13,Friday,2018-04-12,265.91,266.0662,0.0005874167951560594,0.0005874167951560594
2018-04-16,Monday,2018-04-13,265.16,268.0501,0.010899456931663831,0.010899456931663831
2018-04-17,Tuesday,2018-04-16,267.32,270.15,0.010586562920843923,0.010586562920843923
2018-04-18,Wednesday,2018-04-17,270.15,270.571,0.0015583934851011172,0.0015583934851011172
2018-04-19,Thursday,2018-04-18,270.37,268.3,-0.00765617487147241,0.00765617487147241
2018-04-20,Friday,2018-04-19,268.86,266.9508,-0.007101093505913814,0.007101093505913814
2018-04-23,Monday,2018-04-20,266.63,266.92,0.0010876495518135076,0.0010876495518135076
2018-04-24,Tuesday,2018-04-23,266.58,262.31,-0.016017705754370115,0.016017705754370115
2018-04-25,Wednesday,2018-04-24,263.03,263.17,0.0005322586777174454,0.0005322586777174454
2018-04-26,Thursday,2018-04-25,263.57,266.63,0.011609819023409296,0.011609819023409296
2018-04-27,Friday,2018-04-26,266.31,266.56,0.0009387555855957519,0.0009387555855957519
2018-04-30,Monday,2018-04-27,266.58,266.06,-0.0019506339560356745,0.0019506339560356745
2018-05-01,Tuesday,2018-04-30,264.45,263.6611,-0.0029831726224239796,0.0029831726224239796
2018-05-02,Wednesday,2018-05-01,264.99,264.79,-0.0007547454620928651,0.0007547454620928651
2018-05-03,Thursday,2018-05-02,263.2,262.65,-0.0020896656534954428,0.0020896656534954428
2018-05-04,Friday,2018-05-03,262.61,266.03,0.01302311412360524,0.01302311412360524
2018-05-07,Monday,2018-05-04,266.0,267.59,0.005977443609022526,0.005977443609022526
2018-05-08,Tuesday,2018-05-07,266.91,266.02,-0.003334457307706873,0.003334457307706873
2018-05-09,Wednesday,2018-05-08,266.9,269.63,0.010228550018733573,0.010228550018733573
2018-05-10,Thursday,2018-05-09,269.48,271.72,0.008312305180347312,0.008312305180347312
2018-05-11,Friday,2018-05-10,272.01,272.19,0.0006617403771920216,0.0006617403771920216
2018-05-14,Monday,2018-05-11,272.64,272.9,0.0009536384976525092,0.0009536384976525092
2018-05-15,Tuesday,2018-05-14,272.92,270.11,-0.010296057452733431,0.010296057452733431
2018-05-16,Wednesday,2018-05-15,271.03,272.485,0.005368409401173446,0.005368409401173446
2018-05-17,Thursday,2018-05-16,272.21,271.52,-0.0025348076852430568,0.0025348076852430568
2018-05-18,Friday,2018-05-17,272.01,271.43,-0.0021322745487297734,0.0021322745487297734
2018-05-21,Monday,2018-05-18,271.34,273.59,0.00829217955332795,0.00829217955332795
2018-05-22,Tuesday,2018-05-21,273.36,273.51,0.0005487269534678596,0.0005487269534678596
2018-05-23,Wednesday,2018-05-22,272.56,271.69,-0.003191957734076878,0.003191957734076878
2018-05-24,Thursday,2018-05-23,273.38,272.869,-0.001869193064598651,0.001869193064598651
2018-05-25,Friday,2018-05-24,272.85,271.78,-0.0039215686274511885,0.0039215686274511885
2018-05-29,Tuesday,2018-05-25,272.18,268.61,-0.01311632008229846,0.01311632008229846
2018-05-30,Wednesday,2018-05-29,269.1,272.7875,0.013703084355258355,0.013703084355258355
2018-05-31,Thursday,2018-05-30,272.58,270.65,-0.007080490131337602,0.007080490131337602
2018-06-01,Friday,2018-05-31,270.74,273.62,0.010637512004136873,0.010637512004136873
2018-06-04,Monday,2018-06-01,273.65,274.7125,0.003882696875570968,0.003882696875570968
2018-06-05,Tuesday,2018-06-04,274.9,274.94,0.00014550745725716574,0.00014550745725716574
2018-06-06,Wednesday,2018-06-05,275.2,276.32,0.0040697674418603835,0.0040697674418603835
2018-06-07,Thursday,2018-06-06,277.5,276.5,-0.003603603603603567,0.003603603603603567
2018-06-08,Friday,2018-06-07,277.33,277.69,0.0012980925251506736,0.0012980925251506736
2018-06-11,Monday,2018-06-08,278.2,279.16,0.0034507548526241383,0.0034507548526241383
2018-06-12,Tuesday,2018-06-11,278.565,279.08,0.0018487606124244493,0.0018487606124244493
2018-06-13,Wednesday,2018-06-12,278.98,279.0989,0.0004261954261954859,0.0004261954261954859
2018-06-14,Thursday,2018-06-13,277.92,278.7,0.0028065630397235974,0.0028065630397235974
2018-06-15,Friday,2018-06-14,278.72,276.235,-0.008915757749712983,0.008915757749712983
2018-06-18,Monday,2018-06-15,277.2,276.37,-0.0029942279942278827,0.0029942279942278827
2018-06-19,Tuesday,2018-06-18,276.57,275.04,-0.0055320533680441875,0.0055320533680441875
2018-06-20,Wednesday,2018-06-19,275.51,276.58,0.003883706580523283,0.003883706580523283
2018-06-21,Thursday,2018-06-20,275.98,274.89,-0.003949561562432202,0.003949561562432202
2018-06-22,Friday,2018-06-21,274.23,275.5473,0.004803631987747581,0.004803631987747581
2018-06-25,Monday,2018-06-22,274.71,270.73,-0.014488005533107473,0.014488005533107473
2018-06-26,Tuesday,2018-06-25,271.01,272.355,0.00496291649754621,0.00496291649754621
2018-06-27,Wednesday,2018-06-26,271.55,270.87,-0.0025041428834469137,0.0025041428834469137
2018-06-28,Thursday,2018-06-27,269.27,270.41,0.004233668808259594,0.004233668808259594
2018-06-29,Friday,2018-06-28,270.95,272.96,0.007418342867687722,0.007418342867687722
2018-07-02,Monday,2018-06-29,271.19,270.55,-0.002359969025406472,0.002359969025406472
2018-07-03,Tuesday,2018-07-02,271.94,270.46,-0.005442376994925446,0.005442376994925446
2018-07-05,Thursday,2018-07-03,270.3,272.56,0.008361080281169109,0.008361080281169109
2018-07-06,Friday,2018-07-05,273.09,275.5,0.008824929510417912,0.008824929510417912
2018-07-09,Monday,2018-07-06,275.37,277.505,0.007753204779024525,0.007753204779024525
2018-07-10,Tuesday,2018-07-09,277.89,278.3832,0.0017748029795963127,0.0017748029795963127
2018-07-11,Wednesday,2018-07-10,278.82,276.87,-0.0069937594146760595,0.0069937594146760595
2018-07-12,Thursday,2018-07-11,276.91,278.92,0.00725867610414932,0.00725867610414932
2018-07-13,Friday,2018-07-12,279.3,279.67,0.0013247404224847603,0.0013247404224847603
2018-07-16,Monday,2018-07-13,279.57,279.42,-0.0005365382551775211,0.0005365382551775211
2018-07-17,Tuesday,2018-07-16,279.35,280.55,0.004295686414891753,0.004295686414891753
2018-07-18,Wednesday,2018-07-17,280.5,280.82,0.0011408199643494488,0.0011408199643494488
2018-07-19,Thursday,2018-07-18,281.05,280.55,-0.0017790428749332454,0.0017790428749332454
2018-07-20,Friday,2018-07-19,280.01,280.09,0.000285704081997018,0.000285704081997018
2018-07-23,Monday,2018-07-20,279.74,280.1601,0.0015017516265103392,0.0015017516265103392
2018-07-24,Tuesday,2018-07-23,280.24,281.13,0.003175849272052389,0.003175849272052389
2018-07-25,Wednesday,2018-07-24,281.57,282.525,0.003391696558582069,0.003391696558582069
2018-07-26,Thursday,2018-07-25,284.13,283.4,-0.002569246471685549,0.002569246471685549
2018-07-27,Friday,2018-07-26,283.29,281.49,-0.0063539129513926484,0.0063539129513926484
2018-07-30,Monday,2018-07-27,281.46,280.4749,-0.003499964470972783,0.003499964470972783
2018-07-31,Tuesday,2018-07-30,279.89,281.71,0.006502554575011699,0.006502554575011699
2018-08-01,Wednesday,2018-07-31,281.22,280.62,-0.0021335609131641897,0.0021335609131641897
2018-08-02,Thursday,2018-08-01,280.92,282.37,0.005161611846788983,0.005161611846788983
2018-08-03,Friday,2018-08-02,282.34,283.285,0.003347028405468855,0.003347028405468855
2018-08-06,Monday,2018-08-03,283.64,284.46,0.0028909885770695976,0.0028909885770695976
2018-08-07,Tuesday,2018-08-06,284.68,285.845,0.004092314177321921,0.004092314177321921
2018-08-08,Wednesday,2018-08-07,285.54,285.68,0.0004902990824402487,0.0004902990824402487
2018-08-09,Thursday,2018-08-08,285.42,285.79,0.0012963352252821636,0.0012963352252821636
2018-08-10,Friday,2018-08-09,285.06,282.77,-0.008033396477934551,0.008033396477934551
2018-08-13,Monday,2018-08-10,283.12,282.45,-0.0023664877083922065,0.0023664877083922065
2018-08-14,Tuesday,2018-08-13,282.05,284.04,0.0070554866158483165,0.0070554866158483165
2018-08-15,Wednesday,2018-08-14,283.86,281.0199,-0.010005284295075079,0.010005284295075079
2018-08-16,Thursday,2018-08-15,281.76,284.4685,0.009612791027825196,0.009612791027825196
2018-08-17,Friday,2018-08-16,284.1,284.45,0.0012319605772614928,0.0012319605772614928
2018-08-20,Monday,2018-08-17,285.02,285.84,0.002876991088344605,0.002876991088344605
2018-08-21,Tuesday,2018-08-20,285.71,287.11,0.004900073501102664,0.004900073501102664
2018-08-22,Wednesday,2018-08-21,286.25,286.435,0.0006462882096069933,0.0006462882096069933
2018-08-23,Thursday,2018-08-22,286.2,285.77,-0.0015024458420684894,0.0015024458420684894
2018-08-24,Friday,2018-08-23,285.77,287.38,0.005633901389229257,0.005633901389229257
2018-08-27,Monday,2018-08-24,287.5,289.7149,0.007703999999999933,0.007703999999999933
2018-08-28,Tuesday,2018-08-27,289.72,289.9236,0.0007027474803258382,0.0007027474803258382
2018-08-29,Wednesday,2018-08-28,289.88,291.1498,0.004380433282737739,0.004380433282737739
2018-08-30,Thursday,2018-08-29,291.47,291.23,-0.0008234123580471708,0.0008234123580471708
2018-08-31,Friday,2018-08-30,290.24,289.8,-0.001515986769569988,0.001515986769569988
2018-09-04,Tuesday,2018-08-31,290.22,289.61,-0.002101853766108497,0.002101853766108497
2018-09-05,Wednesday,2018-09-04,289.87,289.1197,-0.002588401697312559,0.002588401697312559
2018-09-06,Thursday,2018-09-05,289.06,287.6415,-0.004907285684632945,0.004907285684632945
2018-09-07,Friday,2018-09-06,288.2,287.15,-0.003643303261623876,0.003643303261623876
2018-09-10,Monday,2018-09-07,287.56,288.27,0.0024690499374042663,0.0024690499374042663
2018-09-11,Tuesday,2018-09-10,288.09,289.16,0.003714117116179194,0.003714117116179194
2018-09-12,Wednesday,2018-09-11,289.11,288.82,-0.0010030784130607984,0.0010030784130607984
2018-09-13,Thursday,2018-09-12,289.16,290.56,0.0048416101812145396,0.0048416101812145396
2018-09-14,Friday,2018-09-13,290.82,290.63,-0.0006533250808059554,0.0006533250808059554
2018-09-17,Monday,2018-09-14,290.9,289.96,-0.0032313509797181617,0.0032313509797181617
2018-09-18,Tuesday,2018-09-17,289.34,291.225,0.006514826847307864,0.006514826847307864
2018-09-19,Wednesday,2018-09-18,290.9,291.26,0.0012375386730836269,0.0012375386730836269
2018-09-20,Thursday,2018-09-19,291.25,293.47,0.007622317596566619,0.007622317596566619
2018-09-21,Friday,2018-09-20,293.55,292.57,-0.0033384431953671356,0.0033384431953671356
2018-09-24,Monday,2018-09-21,292.01,291.0,-0.003458785658025376,0.003458785658025376
2018-09-25,Tuesday,2018-09-24,291.07,290.78,-0.0009963239083382591,0.0009963239083382591
2018-09-26,Wednesday,2018-09-25,290.7,291.41,0.0024423804609563504,0.0024423804609563504
2018-09-27,Thursday,2018-09-26,289.84,291.43,0.005485785260833653,0.005485785260833653
2018-09-28,Friday,2018-09-27,290.65,290.86,0.0007225184930330641,0.0007225184930330641
2018-10-01,Monday,2018-09-28,290.61,292.04,0.004920684078318027,0.004920684078318027
2018-10-02,Tuesday,2018-10-01,291.67,292.16,0.0016799808002194716,0.0016799808002194716
2018-10-03,Wednesday,2018-10-02,291.57,292.76,0.004081352676887251,0.004081352676887251
2018-10-04,Thursday,2018-10-03,291.78,288.15,-0.012440880115155206,0.012440880115155206
2018-10-05,Friday,2018-10-04,289.47,287.23,-0.007738280305385703,0.007738280305385703
2018-10-08,Monday,2018-10-05,287.89,286.4,-0.0051755878981555314,0.0051755878981555314
2018-10-09,Tuesday,2018-10-08,287.8,287.6701,-0.00045135510771376897,0.00045135510771376897
2018-10-10,Wednesday,2018-10-09,287.43,282.85,-0.015934314441777064,0.015934314441777064
2018-10-11,Thursday,2018-10-10,278.17,275.99,-0.007836934248840688,0.007836934248840688
2018-10-12,Friday,2018-10-11,272.25,273.85,0.005876951331496905,0.005876951331496905
2018-10-15,Monday,2018-10-12,276.01,276.5599,0.001992319118872654,0.001992319118872654
2018-10-16,Tuesday,2018-10-15,274.48,279.36,0.01777907315651417,0.01777907315651417
2018-10-17,Wednesday,2018-10-16,280.3,280.765,0.0016589368533712623,0.0016589368533712623
2018-10-18,Thursday,2018-10-17,280.4,275.405,-0.017813837375178387,0.017813837375178387
2018-10-19,Friday,2018-10-18,276.47,276.73,0.0009404275328244172,0.0009404275328244172
2018-10-22,Monday,2018-10-19,276.19,275.0838,-0.004005213802092733,0.004005213802092733
2018-10-23,Tuesday,2018-10-22,275.06,271.66,-0.012360939431396711,0.012360939431396711
2018-10-24,Wednesday,2018-10-23,273.54,269.49,-0.014805878482123336,0.014805878482123336
2018-10-25,Thursday,2018-10-24,265.22,269.81,0.017306387150290314,0.017306387150290314
2018-10-26,Friday,2018-10-25,270.14,267.29,-0.010550085141037835,0.010550085141037835
2018-10-29,Monday,2018-10-26,265.29,266.99,0.006408081721889225,0.006408081721889225
2018-10-30,Tuesday,2018-10-29,263.8,265.32,0.005761940864291049,0.005761940864291049
2018-10-31,Wednesday,2018-10-30,267.81,272.42,0.017213696277211588,0.017213696277211588
2018-11-01,Thursday,2018-10-31,270.69,272.82,0.007868779784993896,0.007868779784993896
2018-11-02,Friday,2018-11-01,273.51,270.91,-0.0095060509670577,0.0095060509670577
2018-11-05,Monday,2018-11-02,271.8,272.86,0.003899926416482735,0.003899926416482735
2018-11-06,Tuesday,2018-11-05,273.43,274.72,0.00471784368942707,0.00471784368942707
2018-11-07,Wednesday,2018-11-06,275.11,279.24,0.015012176947402756,0.015012176947402756
2018-11-08,Thursday,2018-11-07,280.92,280.4975,-0.0015039869001851613,0.0015039869001851613
2018-11-09,Friday,2018-11-08,280.44,276.74,-0.013193552988161383,0.013193552988161383
2018-11-12,Monday,2018-11-09,277.83,273.97,-0.013893388043047739,0.013893388043047739
2018-11-13,Tuesday,2018-11-12,272.49,273.0911,0.002205952512018605,0.002205952512018605
2018-11-14,Wednesday,2018-11-13,272.06,269.51,-0.009372932441373272,0.009372932441373272
2018-11-15,Thursday,2018-11-14,270.14,272.4525,0.008560376101280909,0.008560376101280909
2018-11-16,Friday,2018-11-15,273.04,272.86,-0.0006592440668033994,0.0006592440668033994
2018-11-19,Monday,2018-11-16,273.67,268.71,-0.018124017977856677,0.018124017977856677
2018-11-20,Tuesday,2018-11-19,269.12,264.37,-0.01765011890606416,0.01765011890606416
2018-11-21,Wednesday,2018-11-20,264.2,266.59,0.009046177138531286,0.009046177138531286
2018-11-23,Friday,2018-11-21,265.07,262.87,-0.00829969442034173,0.00829969442034173
2018-11-26,Monday,2018-11-23,262.94,266.65,0.014109682817372793,0.014109682817372793
2018-11-27,Tuesday,2018-11-26,267.46,267.72,0.000972107978763459,0.000972107978763459
2018-11-28,Wednesday,2018-11-27,268.34,273.3,0.01848401281955736,0.01848401281955736
2018-11-29,Thursday,2018-11-28,274.49,274.15,-0.0012386607890999546,0.0012386607890999546
2018-11-30,Friday,2018-11-29,273.96,275.19,0.004489706526500381,0.004489706526500381
2018-12-03,Monday,2018-11-30,275.76,278.2925,0.00918371047287514,0.00918371047287514
2018-12-04,Tuesday,2018-12-03,279.23,272.24,-0.0250331268130215,0.0250331268130215
2018-12-06,Thursday,2018-12-04,270.49,267.2,-0.012163111390439685,0.012163111390439685
2018-12-07,Friday,2018-12-06,269.93,264.4,-0.02048679287222621,0.02048679287222621
2018-12-10,Monday,2018-12-07,263.65,263.0213,-0.002384600796510483,0.002384600796510483
2018-12-11,Tuesday,2018-12-10,264.08,262.695,-0.005244622841563129,0.005244622841563129
2018-12-12,Wednesday,2018-12-11,264.09,268.22,0.015638608050286162,0.015638608050286162
2018-12-13,Thursday,2018-12-12,265.51,264.92,-0.0022221385258558435,0.0022221385258558435
2018-12-14,Friday,2018-12-13,265.37,261.11,-0.016053057994498188,0.016053057994498188
2018-12-17,Monday,2018-12-14,260.49,256.39,-0.015739567737725113,0.015739567737725113
2018-12-18,Tuesday,2018-12-17,255.28,255.9,0.0024287057348792995,0.0024287057348792995
2018-12-19,Wednesday,2018-12-18,255.14,258.87,0.014619424629615185,0.014619424629615185
2018-12-20,Thursday,2018-12-19,251.2,246.78,-0.01759554140127384,0.01759554140127384
2018-12-21,Friday,2018-12-20,247.24,243.62,-0.014641643746966526,0.014641643746966526
2018-12-24,Monday,2018-12-21,240.69,233.2,-0.031118866591881678,0.031118866591881678
2018-12-26,Wednesday,2018-12-24,233.07,241.2721,0.03519157334706313,0.03519157334706313
2018-12-27,Thursday,2018-12-26,245.945,239.99,-0.024212730488523793,0.024212730488523793
2018-12-28,Friday,2018-12-27,248.17,248.57,0.001611798364024697,0.001611798364024697
2018-12-31,Monday,2018-12-28,247.81,248.96,0.004640652112505528,0.004640652112505528
2019-01-02,Wednesday,2018-12-31,250.12,251.16,0.004158004158004047,0.004158004158004047
2019-01-03,Thursday,2019-01-02,250.26,245.21,-0.02017901382562126,0.02017901382562126
2019-01-04,Friday,2019-01-03,244.13,252.16,0.03289231147339522,0.03289231147339522
2019-01-07,Monday,2019-01-04,252.47,254.84,0.009387253931160133,0.009387253931160133
2019-01-08,Tuesday,2019-01-07,254.29,256.21,0.007550434543238005,0.007550434543238005
2019-01-09,Wednesday,2019-01-08,256.69,258.17,0.005765709610814573,0.005765709610814573
2019-01-10,Thursday,2019-01-09,257.88,257.445,-0.0016868310842251821,0.0016868310842251821
2019-01-11,Friday,2019-01-10,258.96,258.33,-0.002432808155699684,0.002432808155699684
2019-01-14,Monday,2019-01-11,258.91,257.97,-0.003630605229616446,0.003630605229616446
2019-01-15,Tuesday,2019-01-14,257.46,260.1388,0.010404723063776933,0.010404723063776933
2019-01-16,Wednesday,2019-01-15,260.38,261.41,0.003955756970581481,0.003955756970581481
2019-01-17,Thursday,2019-01-16,260.95,261.86,0.003487258095420609,0.003487258095420609
2019-01-18,Friday,2019-01-17,262.98,266.47,0.013270971176515323,0.013270971176515323
2019-01-22,Tuesday,2019-01-18,266.42,262.51,-0.014676075369717045,0.014676075369717045
2019-01-23,Wednesday,2019-01-22,262.93,262.45,-0.0018255809531054767,0.0018255809531054767
2019-01-24,Thursday,2019-01-23,263.31,262.76,-0.0020887926778322408,0.0020887926778322408
2019-01-25,Friday,2019-01-24,263.62,266.2,0.009786814353994311,0.009786814353994311
2019-01-28,Monday,2019-01-25,265.82,263.26,-0.009630577082236136,0.009630577082236136
2019-01-29,Tuesday,2019-01-28,263.79,263.8655,0.0002862125175326913,0.0002862125175326913
2019-01-30,Wednesday,2019-01-29,263.43,265.4525,0.0076775614015107685,0.0076775614015107685
2019-01-31,Thursday,2019-01-30,267.59,269.69,0.007847826899361143,0.007847826899361143
2019-02-01,Friday,2019-01-31,269.89,270.1399,0.0009259327874320267,0.0009259327874320267
2019-02-04,Monday,2019-02-01,270.09,271.39,0.004813210411344304,0.004813210411344304
2019-02-05,Tuesday,2019-02-04,272.0,272.435,0.0015992647058824527,0.0015992647058824527
2019-02-06,Wednesday,2019-02-05,273.19,272.765,-0.0015556938394524211,0.0015556938394524211
2019-02-07,Thursday,2019-02-06,272.75,269.43,-0.01217231897341886,0.01217231897341886
2019-02-08,Friday,2019-02-07,270.19,269.2801,-0.0033676301861652602,0.0033676301861652602
2019-02-11,Monday,2019-02-08,270.49,270.48,-3.696994343593829e-05,3.696994343593829e-05
2019-02-12,Tuesday,2019-02-11,270.6599,274.5,0.014187916274261525,0.014187916274261525
2019-02-13,Wednesday,2019-02-12,274.12,274.97,0.003100831752517186,0.003100831752517186
2019-02-14,Thursday,2019-02-13,274.98,274.98,0.0,0.0
2019-02-15,Friday,2019-02-14,274.38,276.49,0.007690064873533187,0.007690064873533187
2019-02-19,Tuesday,2019-02-15,277.39,277.95,0.002018818270305367,0.002018818270305367
2019-02-20,Wednesday,2019-02-19,277.85,278.42,0.0020514666186790542,0.0020514666186790542
2019-02-21,Thursday,2019-02-20,278.44,277.75,-0.002478092228128115,0.002478092228128115
2019-02-22,Friday,2019-02-21,277.46,278.8917,0.005160023066387964,0.005160023066387964
2019-02-25,Monday,2019-02-22,279.15,280.21,0.003797241626365855,0.003797241626365855
2019-02-26,Tuesday,2019-02-25,279.57,279.4545,-0.000413134456486719,0.000413134456486719
2019-02-27,Wednesday,2019-02-26,279.34,279.18,-0.0005727786926325029,0.0005727786926325029
2019-02-28,Thursday,2019-02-27,279.23,279.1557,-0.00026608888729717783,0.00026608888729717783
2019-03-01,Friday,2019-02-28,278.54,279.7385,0.004302793135635641,0.004302793135635641
2019-03-04,Monday,2019-03-01,280.49,278.47,-0.0072016827694391106,0.0072016827694391106
2019-03-05,Tuesday,2019-03-04,279.41,279.16,-0.0008947424931105008,0.0008947424931105008
2019-03-06,Wednesday,2019-03-05,279.05,277.8,-0.004479483963447439,0.004479483963447439
2019-03-07,Thursday,2019-03-06,277.3,275.53,-0.006382978723404431,0.006382978723404431
2019-03-08,Friday,2019-03-07,275.08,273.02,-0.0074887305511124325,0.0074887305511124325
2019-03-11,Monday,2019-03-08,274.525,278.19,0.01335033239231409,0.01335033239231409
2019-03-12,Tuesday,2019-03-11,278.5,279.9,0.0050269299820466795,0.0050269299820466795
2019-03-13,Wednesday,2019-03-12,279.44,282.02,0.009232751216719182,0.009232751216719182
2019-03-14,Thursday,2019-03-13,281.34,281.04,-0.0010663254425249402,0.0010663254425249402
2019-03-15,Friday,2019-03-14,281.19,281.725,0.0019026281162204395,0.0019026281162204395
2019-03-18,Monday,2019-03-15,281.35,282.11,0.0027012617735915345,0.0027012617735915345
2019-03-19,Tuesday,2019-03-18,282.39,283.15,0.0026913134317787524,0.0026913134317787524
2019-03-20,Wednesday,2019-03-19,282.48,281.24,-0.004389691305579202,0.004389691305579202
2019-03-21,Thursday,2019-03-20,281.53,284.07,0.009022129080382246,0.009022129080382246
2019-03-22,Friday,2019-03-21,284.67,279.81,-0.017072399620613354,0.017072399620613354
2019-03-25,Monday,2019-03-22,279.25,278.17,-0.00386750223813781,0.00386750223813781
2019-03-26,Tuesday,2019-03-25,279.03,279.98,0.0034046518295525185,0.0034046518295525185
2019-03-27,Wednesday,2019-03-26,281.03,279.76,-0.004519090488559918,0.004519090488559918
2019-03-28,Thursday,2019-03-27,279.72,280.39,0.0023952523952521787,0.0023952523952521787
2019-03-29,Friday,2019-03-28,280.78,281.95,0.004166963458935857,0.004166963458935857
2019-04-01,Monday,2019-03-29,282.62,285.5451,0.010349939848559808,0.010349939848559808
2019-04-02,Tuesday,2019-04-01,285.89,285.77,-0.00041974185875692793,0.00041974185875692793
2019-04-03,Wednesday,2019-04-02,285.98,286.5,0.0018183089726553359,0.0018183089726553359
2019-04-04,Thursday,2019-04-03,286.52,286.65,0.00045372050816694376,0.00045372050816694376
2019-04-05,Friday,2019-04-04,287.22,288.415,0.004160573776199383,0.004160573776199383
2019-04-08,Monday,2019-04-05,288.53,288.43,-0.0003465844106330662,0.0003465844106330662
2019-04-09,Tuesday,2019-04-08,288.81,287.35,-0.0050552266195768025,0.0050552266195768025
2019-04-10,Wednesday,2019-04-09,287.305,288.0,0.002419032039122193,0.002419032039122193
2019-04-11,Thursday,2019-04-10,288.29,287.86,-0.0014915536439003008,0.0014915536439003008
2019-04-12,Friday,2019-04-11,288.23,289.8285,0.00554591819033412,0.00554591819033412
2019-04-15,Monday,2019-04-12,290.19,289.855,-0.001154416072228437,0.001154416072228437
2019-04-16,Tuesday,2019-04-15,289.99,290.22,0.0007931307976136726,0.0007931307976136726
2019-04-17,Wednesday,2019-04-16,290.18,289.53,-0.002239988972362106,0.002239988972362106
2019-04-18,Thursday,2019-04-17,289.48,290.07,0.0020381373497304622,0.0020381373497304622
2019-04-22,Monday,2019-04-18,290.02,290.12,0.000344803806634042,0.000344803806634042
2019-04-23,Tuesday,2019-04-22,290.31,292.76,0.008439254589921008,0.008439254589921008
2019-04-24,Wednesday,2019-04-23,292.85,292.425,-0.0014512549086563853,0.0014512549086563853
2019-04-25,Thursday,2019-04-24,292.23,292.545,0.0010779180782261033,0.0010779180782261033
2019-04-26,Friday,2019-04-25,292.08,292.45,0.0012667762256917126,0.0012667762256917126
2019-04-29,Monday,2019-04-26,293.44,294.2,0.0025899672846236843,0.0025899672846236843
2019-04-30,Tuesday,2019-04-29,293.81,293.94,0.00044246281610571536,0.00044246281610571536
2019-05-01,Wednesday,2019-04-30,293.97,294.35,0.0012926489097526694,0.0012926489097526694
2019-05-02,Thursday,2019-05-01,291.84,290.985,-0.002929687499999889,0.002929687499999889
2019-05-03,Friday,2019-05-02,291.27,294.19,0.010025062656641603,0.010025062656641603
2019-05-06,Monday,2019-05-03,294.02,291.74,-0.007754574518740176,0.007754574518740176
2019-05-07,Tuesday,2019-05-06,292.87,287.2325,-0.019249154915150002,0.019249154915150002
2019-05-08,Wednesday,2019-05-07,288.04,288.72,0.002360783224552243,0.002360783224552243
2019-05-09,Thursday,2019-05-08,287.56,286.64,-0.00319933231325642,0.00319933231325642
2019-05-10,Friday,2019-05-09,286.75,286.604,-0.0005091543156059419,0.0005091543156059419
2019-05-13,Monday,2019-05-10,288.02,281.12,-0.023956669675716857,0.023956669675716857
2019-05-14,Tuesday,2019-05-13,280.96,284.86,0.013880979498861246,0.013880979498861246
2019-05-15,Wednesday,2019-05-14,283.33,285.44,0.007447146437016938,0.007447146437016938
2019-05-16,Thursday,2019-05-15,285.06,288.13,0.01076966252718714,0.01076966252718714
2019-05-17,Friday,2019-05-16,287.63,287.64,3.476688801584693e-05,3.476688801584693e-05
2019-05-20,Monday,2019-05-17,285.9,284.495,-0.0049143057012940305,0.0049143057012940305
2019-05-21,Tuesday,2019-05-20,283.97,286.69,0.009578476599640728,0.009578476599640728
2019-05-22,Wednesday,2019-05-21,286.49,285.88,-0.0021292191699536778,0.0021292191699536778
2019-05-23,Thursday,2019-05-22,285.62,281.21,-0.01544009523142642,0.01544009523142642
2019-05-24,Friday,2019-05-23,282.27,283.1,0.0029404470896661206,0.0029404470896661206
2019-05-28,Tuesday,2019-05-24,282.8,282.6135,-0.0006594766619519854,0.0006594766619519854
2019-05-29,Wednesday,2019-05-28,280.2,278.2,-0.007137758743754441,0.007137758743754441
2019-05-30,Thursday,2019-05-29,278.34,278.7565,0.0014963713443991722,0.0014963713443991722
2019-05-31,Friday,2019-05-30,279.05,276.52,-0.009066475542017671,0.009066475542017671
2019-06-03,Monday,2019-05-31,275.37,274.92,-0.0016341649417147552,0.0016341649417147552
2019-06-04,Tuesday,2019-06-03,274.58,279.785,0.018956224051278392,0.018956224051278392
2019-06-05,Wednesday,2019-06-04,280.52,282.4884,0.007016968487095543,0.007016968487095543
2019-06-06,Thursday,2019-06-05,282.9,283.7338,0.0029473312124426165,0.0029473312124426165
2019-06-07,Friday,2019-06-06,284.74,288.295,0.012485074102690286,0.012485074102690286
2019-06-10,Monday,2019-06-07,287.63,289.67,0.007092445155234328,0.007092445155234328
2019-06-11,Tuesday,2019-06-10,288.94,289.14,0.0006921852287671282,0.0006921852287671282
2019-06-12,Wednesday,2019-06-11,288.89,288.39,-0.0017307625739900745,0.0017307625739900745
2019-06-13,Thursday,2019-06-12,288.36,289.555,0.0041441253988070414,0.0041441253988070414
2019-06-14,Friday,2019-06-13,289.65,288.76,-0.0030726739167961092,0.0030726739167961092
2019-06-17,Monday,2019-06-14,289.19,289.98,0.002731768041771998,0.002731768041771998
2019-06-18,Tuesday,2019-06-17,289.44,292.43,0.010330292979546796,0.010330292979546796
2019-06-19,Wednesday,2019-06-18,292.29,292.18,-0.000376338567860679,0.000376338567860679
2019-06-20,Thursday,2019-06-19,293.05,295.0,0.00665415458112939,0.00665415458112939
2019-06-21,Friday,2019-06-20,295.84,294.5234,-0.004450378583017778,0.004450378583017778
2019-06-24,Monday,2019-06-21,294.08,293.9,-0.0006120783460282775,0.0006120783460282775
2019-06-25,Tuesday,2019-06-24,293.64,291.8501,-0.0060955591881214355,0.0060955591881214355
2019-06-26,Wednesday,2019-06-25,290.79,290.9733,0.0006303518002681585,0.0006303518002681585
2019-06-27,Thursday,2019-06-26,290.47,291.87,0.004819774847660607,0.004819774847660607
2019-06-28,Friday,2019-06-27,291.54,292.555,0.003481511970913065,0.003481511970913065
2019-07-01,Monday,2019-06-28,293.08,294.87,0.006107547427323778,0.006107547427323778
2019-07-02,Tuesday,2019-07-01,295.61,295.5665,-0.00014715334393289314,0.00014715334393289314
2019-07-03,Wednesday,2019-07-02,296.46,298.56,0.007083586318558988,0.007083586318558988
2019-07-05,Friday,2019-07-03,298.72,298.025,-0.00232659346545272,0.00232659346545272
2019-07-08,Monday,2019-07-05,298.36,296.615,-0.005848639227778563,0.005848639227778563
2019-07-09,Tuesday,2019-07-08,296.86,296.79,-0.00023580138785961324,0.00023580138785961324
2019-07-10,Wednesday,2019-07-09,297.26,298.92,0.00558433694408933,0.00558433694408933
2019-07-11,Thursday,2019-07-10,298.61,298.4965,-0.0003800944375607074,0.0003800944375607074
2019-07-12,Friday,2019-07-11,299.3,299.9901,0.002305713331105741,0.002305713331105741
2019-07-15,Monday,2019-07-12,300.68,300.43,-0.0008314487162431883,0.0008314487162431883
2019-07-16,Tuesday,2019-07-15,300.76,299.59,-0.0038901449660859733,0.0038901449660859733
2019-07-17,Wednesday,2019-07-16,299.74,298.99,-0.0025021685460732135,0.0025021685460732135
2019-07-18,Thursday,2019-07-17,297.77,297.64,-0.0004365785673505762,0.0004365785673505762
2019-07-19,Friday,2019-07-18,298.85,299.02,0.0005688472477829443,0.0005688472477829443
2019-07-22,Monday,2019-07-19,297.12,298.05,0.003130048465266544,0.003130048465266544
2019-07-23,Tuesday,2019-07-22,297.92,299.75,0.006142588614393096,0.006142588614393096
2019-07-24,Wednesday,2019-07-23,299.96,300.41,0.0015002000266703952,0.0015002000266703952
2019-07-25,Thursday,2019-07-24,301.38,299.66,-0.005707080761828798,0.005707080761828798
2019-07-26,Friday,2019-07-25,299.9702,301.775,0.006016597648699662,0.006016597648699662
2019-07-29,Monday,2019-07-26,301.99,301.46,-0.0017550250008279145,0.0017550250008279145
2019-07-30,Tuesday,2019-07-29,301.48,300.66,-0.0027199150855777843,0.0027199150855777843
2019-07-31,Wednesday,2019-07-30,300.82,300.96,0.00046539458812566714,0.00046539458812566714
2019-08-01,Thursday,2019-07-31,297.38,296.41,-0.0032618198937385268,0.0032618198937385268
2019-08-02,Friday,2019-08-01,294.88,291.52,-0.011394465545306653,0.011394465545306653
2019-08-05,Monday,2019-08-02,292.76,284.1317,-0.029472263970487633,0.029472263970487633
2019-08-06,Tuesday,2019-08-05,284.04,286.6,0.009012815096465232,0.009012815096465232
2019-08-07,Wednesday,2019-08-06,287.77,286.75,-0.0035444973416269843,0.0035444973416269843
2019-08-08,Thursday,2019-08-07,288.03,292.64,0.01600527722806655,0.01600527722806655
2019-08-09,Friday,2019-08-08,293.55,291.98,-0.005348322261965577,0.005348322261965577
2019-08-12,Monday,2019-08-09,291.59,288.49,-0.010631365959052008,0.010631365959052008
2019-08-14,Wednesday,2019-08-13,292.43,285.5199,-0.023629928529904642,0.023629928529904642
2019-08-15,Thursday,2019-08-14,283.92,282.68,-0.004367427444350591,0.004367427444350591
2019-08-16,Friday,2019-08-15,284.69,288.87,0.014682637254557651,0.014682637254557651
2019-08-19,Monday,2019-08-16,288.87,292.65,0.013085470973102087,0.013085470973102087
2019-08-20,Tuesday,2019-08-19,292.32,291.25,-0.003660372194854933,0.003660372194854933
2019-08-21,Wednesday,2019-08-20,290.05,292.32,0.007826236855714486,0.007826236855714486
2019-08-22,Thursday,2019-08-21,292.43,292.6,0.0005813357042712131,0.0005813357042712131
2019-08-23,Friday,2019-08-22,292.31,286.62,-0.01946563579761207,0.01946563579761207
2019-08-26,Monday,2019-08-23,284.81,287.13,0.00814578139812494,0.00814578139812494
2019-08-27,Tuesday,2019-08-26,287.97,287.4643,-0.0017560857033720456,0.0017560857033720456
2019-08-28,Wednesday,2019-08-27,286.84,288.48,0.005717473155766539,0.005717473155766539
2019-08-29,Thursday,2019-08-28,288.83,292.94,0.014229823771768846,0.014229823771768846
2019-08-30,Friday,2019-08-29,292.56,292.3921,-0.0005738993710691087,0.0005738993710691087
2019-09-03,Tuesday,2019-08-30,292.46,289.78,-0.009163646310606621,0.009163646310606621
2019-09-04,Wednesday,2019-09-03,290.77,293.195,0.008339925026653372,0.008339925026653372
2019-09-05,Thursday,2019-09-04,293.97,297.71,0.012722386638092109,0.012722386638092109
2019-09-06,Friday,2019-09-05,297.82,298.6249,0.0027026391780271553,0.0027026391780271553
2019-09-09,Monday,2019-09-06,298.07,297.8,-0.0009058274901868613,0.0009058274901868613
2019-09-10,Tuesday,2019-09-09,298.15,297.165,-0.003303706188160227,0.003303706188160227
2019-09-11,Wednesday,2019-09-10,298.2,299.595,0.00467806841046281,0.00467806841046281
2019-09-12,Thursday,2019-09-11,300.29,302.18,0.006293915881314671,0.006293915881314671
2019-09-13,Friday,2019-09-12,301.27,301.1436,-0.0004195572078201648,0.0004195572078201648
2019-09-16,Monday,2019-09-13,301.05,300.26,-0.002624148812489735,0.002624148812489735
2019-09-17,Tuesday,2019-09-16,300.16,300.28,0.00039978678038354865,0.00039978678038354865
2019-09-18,Wednesday,2019-09-17,300.94,300.15,-0.002625107994949194,0.002625107994949194
2019-09-19,Thursday,2019-09-18,301.1,301.78,0.0022583859182994104,0.0022583859182994104
2019-09-20,Friday,2019-09-19,301.06,298.68,-0.00790540091676073,0.00790540091676073
2019-09-23,Monday,2019-09-20,298.13,298.72,0.0019790024485963897,0.0019790024485963897
2019-09-24,Tuesday,2019-09-23,298.25,295.46,-0.009354568315171896,0.009354568315171896
2019-09-25,Wednesday,2019-09-24,295.81,296.88,0.0036171867076839614,0.0036171867076839614
2019-09-26,Thursday,2019-09-25,297.6,296.87,-0.0024529569892474123,0.0024529569892474123
2019-09-27,Friday,2019-09-26,296.97,295.23,-0.005859177694716666,0.005859177694716666
2019-09-30,Monday,2019-09-27,295.36,297.305,0.006585184182015036,0.006585184182015036
2019-10-01,Tuesday,2019-09-30,296.83,293.24,-0.012094464845197495,0.012094464845197495
2019-10-02,Wednesday,2019-10-01,293.21,287.32,-0.02008799154189822,0.02008799154189822
2019-10-03,Thursday,2019-10-02,288.04,289.98,0.006735175670045779,0.006735175670045779
2019-10-04,Friday,2019-10-03,290.37,293.03,0.009160725970313699,0.009160725970313699
2019-10-07,Monday,2019-10-04,294.37,295.15,0.0026497265346332455,0.0026497265346332455
2019-10-08,Tuesday,2019-10-07,293.11,290.62,-0.008495104227081995,0.008495104227081995
2019-10-09,Wednesday,2019-10-08,288.55,291.39,0.009842315023392834,0.009842315023392834
2019-10-10,Thursday,2019-10-09,291.23,293.4,0.007451155444150537,0.007451155444150537
2019-10-11,Friday,2019-10-10,293.24,298.13,0.01667576046924024,0.01667576046924024
2019-10-14,Monday,2019-10-11,296.26,296.37,0.00037129548369674303,0.00037129548369674303
2019-10-15,Tuesday,2019-10-14,296.01,299.48,0.011722576939968254,0.011722576939968254
2019-10-16,Wednesday,2019-10-15,298.9,298.1,-0.0026764804282367605,0.0026764804282367605
2019-10-17,Thursday,2019-10-16,298.41,299.38,0.0032505613082669527,0.0032505613082669527
2019-10-18,Friday,2019-10-17,299.24,298.57,-0.002239005480550782,0.002239005480550782
2019-10-21,Monday,2019-10-18,297.98,299.68,0.005705080877911328,0.005705080877911328
2019-10-22,Tuesday,2019-10-21,300.05,300.5,0.0014997500416595866,0.0014997500416595866
2019-10-23,Wednesday,2019-10-22,299.03,299.29,0.0008694779787983276,0.0008694779787983276
2019-10-24,Thursday,2019-10-23,299.86,299.745,-0.0003835123057427392,0.0003835123057427392
2019-10-25,Friday,2019-10-24,300.42,301.725,0.004343918514080336,0.004343918514080336
2019-10-28,Monday,2019-10-25,301.64,303.44,0.005967378331786177,0.005967378331786177
2019-10-29,Tuesday,2019-10-28,303.36,303.79,0.0014174578059071852,0.0014174578059071852
2019-10-30,Wednesday,2019-10-29,303.2,302.5,-0.002308707124010545,0.002308707124010545
2019-10-31,Thursday,2019-10-30,304.14,302.36,-0.005852567896363459,0.005852567896363459
2019-11-01,Friday,2019-10-31,303.26,305.85,0.008540526281079153,0.008540526281079153
2019-11-04,Monday,2019-11-01,306.18,307.59,0.004605134234763719,0.004605134234763719
2019-11-05,Tuesday,2019-11-04,307.34,307.31,-9.761176547140593e-05,9.761176547140593e-05
2019-11-06,Wednesday,2019-11-05,307.0,307.1,0.0003257328990229347,0.0003257328990229347
2019-11-07,Thursday,2019-11-06,307.14,308.75,0.00524190922706258,0.00524190922706258
2019-11-08,Friday,2019-11-07,308.22,308.1,-0.00038933229511384226,0.00038933229511384226
2019-11-11,Monday,2019-11-08,308.97,308.505,-0.001505000485484076,0.001505000485484076
2019-11-12,Tuesday,2019-11-11,308.39,309.505,0.003615551736437572,0.003615551736437572
2019-11-13,Wednesday,2019-11-12,308.94,308.83,-0.0003560561921409633,0.0003560561921409633
2019-11-14,Thursday,2019-11-13,309.07,308.74,-0.0010677192868928653,0.0010677192868928653
2019-11-15,Friday,2019-11-14,309.53,311.145,0.0052175879559333005,0.0052175879559333005
2019-11-18,Monday,2019-11-15,311.83,312.13,0.0009620626623481066,0.0009620626623481066
2019-11-19,Tuesday,2019-11-18,311.99,311.93,-0.00019231385621332198,0.00019231385621332198
2019-11-20,Wednesday,2019-11-19,311.89,309.99,-0.00609189137195798,0.00609189137195798
2019-11-21,Thursday,2019-11-20,310.79,310.38,-0.0013192187650825637,0.0013192187650825637
2019-11-22,Friday,2019-11-21,310.29,310.895,0.0019497889071511398,0.0019497889071511398
2019-11-25,Monday,2019-11-22,311.0,312.905,0.006125401929260255,0.006125401929260255
2019-11-26,Tuesday,2019-11-25,313.35,313.67,0.0010212222754109046,0.0010212222754109046
2019-11-27,Wednesday,2019-11-26,314.02,315.295,0.004060250939430743,0.004060250939430743
2019-11-29,Friday,2019-11-27,315.44,314.47,-0.0030750697438497454,0.0030750697438497454
2019-12-02,Monday,2019-11-29,314.5,312.04,-0.007821939586645454,0.007821939586645454
2019-12-03,Tuesday,2019-12-02,311.6,308.79,-0.009017971758664922,0.009017971758664922
2019-12-04,Wednesday,2019-12-03,309.47,311.68,0.007141241477364391,0.007141241477364391
2019-12-05,Thursday,2019-12-04,311.47,311.57,0.00032105820785299777,0.00032105820785299777
2019-12-06,Friday,2019-12-05,312.04,315.07,0.009710293552108507,0.009710293552108507
2019-12-09,Monday,2019-12-06,314.82,314.4339,-0.001226415094339628,0.001226415094339628
2019-12-10,Tuesday,2019-12-09,313.87,313.835,-0.0001115111351834841,0.0001115111351834841
2019-12-11,Wednesday,2019-12-10,313.55,313.88,0.0010524637218944921,0.0010524637218944921
2019-12-12,Thursday,2019-12-11,314.41,316.2,0.005693203142393521,0.005693203142393521
2019-12-13,Friday,2019-12-12,317.14,317.425,0.0008986567446553906,0.0008986567446553906
2019-12-16,Monday,2019-12-13,317.28,320.05,0.008730458900655602,0.008730458900655602
2019-12-17,Tuesday,2019-12-16,319.51,319.89,0.0011893211480078492,0.0011893211480078492
2019-12-18,Wednesday,2019-12-17,319.56,320.0,0.0013768932281887913,0.0013768932281887913
2019-12-19,Thursday,2019-12-18,319.57,320.79,0.003817629940232381,0.003817629940232381
2019-12-20,Friday,2019-12-19,320.91,321.0885,0.0005562307188931026,0.0005562307188931026
2019-12-23,Monday,2019-12-20,320.95,321.38,0.0013397725502415359,0.0013397725502415359
2019-12-24,Tuesday,2019-12-23,321.22,321.2,-6.226262374708913e-05,6.226262374708913e-05
2019-12-26,Thursday,2019-12-24,321.16,322.34,0.003674181093535678,0.003674181093535678
2019-12-27,Friday,2019-12-26,322.91,322.91,0.0,0.0
2019-12-30,Monday,2019-12-27,322.86,321.73,-0.0034999690268227024,0.0034999690268227024
2019-12-31,Tuesday,2019-12-30,321.1,320.92,-0.0005605730302087331,0.0005605730302087331
2020-01-02,Thursday,2019-12-31,321.89,323.165,0.003960980459163155,0.003960980459163155
2020-01-03,Friday,2020-01-02,324.84,322.94,-0.005849033370274537,0.005849033370274537
2020-01-06,Monday,2020-01-03,322.44,322.75,0.0009614191787619131,0.0009614191787619131
2020-01-07,Tuesday,2020-01-06,323.67,323.149,-0.0016096641641177856,0.0016096641641177856
2020-01-08,Wednesday,2020-01-07,322.76,324.61,0.005731813111909956,0.005731813111909956
2020-01-09,Thursday,2020-01-08,324.42,326.19,0.005455890512298778,0.005455890512298778
2020-01-10,Friday,2020-01-09,326.62,326.765,0.00044394097115918463,0.00044394097115918463
2020-01-13,Monday,2020-01-10,325.7,327.23,0.004697574455019948,0.004697574455019948
2020-01-14,Tuesday,2020-01-13,327.94,327.61,-0.001006281636884765,0.001006281636884765
2020-01-15,Wednesday,2020-01-14,327.43,327.93,0.0015270439483248133,0.0015270439483248133
2020-01-16,Thursday,2020-01-15,328.17,330.08,0.00582015418837778,0.00582015418837778
2020-01-17,Friday,2020-01-16,330.9,331.66,0.002296766394681349,0.002296766394681349
2020-01-21,Tuesday,2020-01-17,332.01,331.0,-0.003042077045872116,0.003042077045872116
2020-01-22,Wednesday,2020-01-21,331.31,332.06,0.00226374090730741,0.00226374090730741
2020-01-23,Thursday,2020-01-22,331.39,331.1979,-0.0005796795316695968,0.0005796795316695968
2020-01-24,Friday,2020-01-23,331.74,328.46,-0.00988726110809679,0.00988726110809679
2020-01-27,Monday,2020-01-24,328.75,324.6187,-0.012566692015209102,0.012566692015209102
2020-01-28,Tuesday,2020-01-27,323.52,327.09,0.011034866468842663,0.011034866468842663
2020-01-29,Wednesday,2020-01-28,326.89,328.04,0.0035180029979504646,0.0035180029979504646
2020-01-30,Thursday,2020-01-29,326.62,324.54,-0.006368256689731178,0.006368256689731178
2020-01-31,Friday,2020-01-30,327.66,322.47,-0.015839589818714472,0.015839589818714472
2020-02-03,Monday,2020-01-31,321.74,324.62,0.008951327158575273,0.008951327158575273
2020-02-04,Tuesday,2020-02-03,324.14,329.6401,0.016968285308817332,0.016968285308817332
2020-02-05,Wednesday,2020-02-04,329.08,332.11,0.009207487541023518,0.009207487541023518
2020-02-06,Thursday,2020-02-05,332.82,333.8701,0.003155158944774916,0.003155158944774916
2020-02-07,Friday,2020-02-06,333.96,332.27,-0.005060486285782706,0.005060486285782706
2020-02-10,Monday,2020-02-07,332.2,333.19,0.00298013245033113,0.00298013245033113
2020-02-11,Tuesday,2020-02-10,334.69,335.87,0.003525650602049568,0.003525650602049568
2020-02-12,Wednesday,2020-02-11,335.29,336.99,0.00507023770467363,0.00507023770467363
2020-02-13,Thursday,2020-02-12,337.41,337.88,0.0013929640496723739,0.0013929640496723739
2020-02-14,Friday,2020-02-13,337.08,336.59,-0.001453660852023253,0.001453660852023253
2020-02-18,Tuesday,2020-02-14,337.6,336.22,-0.0040876777251184215,0.0040876777251184215
2020-02-19,Wednesday,2020-02-18,336.7,338.64,0.005761805761805849,0.005761805761805849
2020-02-20,Thursday,2020-02-19,338.31,335.85,-0.007271437439035133,0.007271437439035133
2020-02-21,Friday,2020-02-20,336.98,333.08,-0.011573387144637737,0.011573387144637737
2020-02-24,Monday,2020-02-21,333.49,322.99,-0.03148520195508109,0.03148520195508109
2020-02-25,Tuesday,2020-02-24,322.41,315.085,-0.02271951862535293,0.02271951862535293
2020-02-26,Wednesday,2020-02-25,312.7,311.1,-0.005116725295810531,0.005116725295810531
2020-02-27,Thursday,2020-02-26,311.55,304.52,-0.022564596372973922,0.022564596372973922
2020-02-28,Friday,2020-02-27,297.55,290.235,-0.024584103512014788,0.024584103512014788
2020-03-02,Monday,2020-02-28,296.16,302.57,0.021643706104808036,0.021643706104808036
2020-03-03,Tuesday,2020-03-02,309.08,300.21,-0.028698071696648175,0.028698071696648175
2020-03-04,Wednesday,2020-03-03,300.34,308.98,0.028767396950123425,0.028767396950123425
2020-03-05,Thursday,2020-03-04,312.91,303.49,-0.030104502892205454,0.030104502892205454
2020-03-06,Friday,2020-03-05,302.45,293.63,-0.029161844933046743,0.029161844933046743
2020-03-09,Monday,2020-03-06,297.42,275.84,-0.07255732633985623,0.07255732633985623
2020-03-10,Tuesday,2020-03-09,274.4,277.17,0.010094752186589062,0.010094752186589062
2020-03-11,Wednesday,2020-03-10,288.44,275.97,-0.043232561364581756,0.043232561364581756
2020-03-12,Thursday,2020-03-11,274.36,257.12,-0.06283714827234299,0.06283714827234299
2020-03-13,Friday,2020-03-12,248.1,259.33,0.045264006449012406,0.045264006449012406
2020-03-16,Monday,2020-03-13,270.93,247.205,-0.0875687446942014,0.0875687446942014
2020-03-17,Tuesday,2020-03-16,239.41,249.6201,0.04264692368739831,0.04264692368739831
2020-03-18,Wednesday,2020-03-17,254.19,231.88,-0.08776899169912267,0.08776899169912267
2020-03-19,Thursday,2020-03-18,241.01,244.47,0.014356250777975976,0.014356250777975976
2020-03-20,Friday,2020-03-19,241.16,237.83,-0.013808260076297874,0.013808260076297874
2020-03-23,Monday,2020-03-20,228.94,222.95,-0.0261640604525204,0.0261640604525204
2020-03-24,Tuesday,2020-03-23,222.51,237.25,0.06624421374320266,0.06624421374320266
2020-03-25,Wednesday,2020-03-24,243.59,254.03,0.04285890225378708,0.04285890225378708
2020-03-26,Thursday,2020-03-25,246.77,256.75,0.04044251732382387,0.04044251732382387
2020-03-27,Friday,2020-03-26,261.39,255.6699,-0.021883392631699694,0.021883392631699694
2020-03-30,Monday,2020-03-27,253.39,259.0919,0.022502466553534273,0.022502466553534273
2020-03-31,Tuesday,2020-03-30,261.68,260.1,-0.00603790889636191,0.00603790889636191
2020-04-01,Wednesday,2020-03-31,257.7,247.9,-0.03802871556072951,0.03802871556072951
2020-04-02,Thursday,2020-04-01,246.12,248.25,0.008654314968308041,0.008654314968308041
2020-04-03,Friday,2020-04-02,251.87,246.09,-0.022948346369158656,0.022948346369158656
2020-04-06,Monday,2020-04-03,248.21,262.81,0.05882115950203448,0.05882115950203448
2020-04-07,Tuesday,2020-04-06,264.96,270.78,0.02196557971014501,0.02196557971014501
2020-04-08,Wednesday,2020-04-07,265.1,270.31,0.01965296114673709,0.01965296114673709
2020-04-09,Thursday,2020-04-08,274.07,279.89,0.02123545079724165,0.02123545079724165
2020-04-13,Monday,2020-04-09,278.24,274.085,-0.014933151236342868,0.014933151236342868
2020-04-14,Tuesday,2020-04-13,275.57,283.73,0.029611351017890364,0.029611351017890364
2020-04-15,Wednesday,2020-04-14,283.87,277.1699,-0.023602705463768747,0.023602705463768747
2020-04-16,Thursday,2020-04-15,277.75,277.4401,-0.001115751575157642,0.001115751575157642
2020-04-17,Friday,2020-04-16,279.21,284.0801,0.017442426847176007,0.017442426847176007
2020-04-20,Monday,2020-04-17,286.73,284.8445,-0.006575872772294655,0.006575872772294655
2020-04-21,Tuesday,2020-04-20,281.61,274.02,-0.026952167891765355,0.026952167891765355
2020-04-22,Wednesday,2020-04-21,273.02,279.24,0.022782213757233993,0.022782213757233993
2020-04-23,Thursday,2020-04-22,279.17,279.8801,0.0025436114195651616,0.0025436114195651616
2020-04-24,Friday,2020-04-23,279.06,281.52,0.008815308535798705,0.008815308535798705
2020-04-27,Monday,2020-04-24,283.04,286.515,0.012277416619558945,0.012277416619558945
2020-04-28,Tuesday,2020-04-27,287.11,287.45,0.0011842151091914221,0.0011842151091914221
2020-04-29,Wednesday,2020-04-28,285.77,293.69,0.027714595653847596,0.027714595653847596
2020-04-30,Thursday,2020-04-29,293.19,289.2195,-0.013542412769876222,0.013542412769876222
2020-05-01,Friday,2020-04-30,290.39,281.95,-0.02906436172044491,0.02906436172044491
2020-05-04,Monday,2020-05-01,282.73,281.46,-0.004491918084391644,0.004491918084391644
2020-05-05,Tuesday,2020-05-04,283.66,288.74,0.01790876401325514,0.01790876401325514
2020-05-06,Wednesday,2020-05-05,286.22,287.01,0.002760114597162966,0.002760114597162966
2020-05-07,Thursday,2020-05-06,284.29,288.82,0.015934433149248806,0.015934433149248806
2020-05-08,Friday,2020-05-07,287.7,291.1099,0.011852276677094098,0.011852276677094098
2020-05-11,Monday,2020-05-08,292.47,293.3599,0.0030427052347248296,0.0030427052347248296
2020-05-12,Tuesday,2020-05-11,292.56,291.484,-0.00367787804211106,0.00367787804211106
2020-05-13,Wednesday,2020-05-12,286.62,280.78,-0.02037540995045717,0.02037540995045717
2020-05-14,Thursday,2020-05-13,281.67,282.09,0.0014911066141227725,0.0014911066141227725
2020-05-15,Friday,2020-05-14,285.05,285.0,-0.00017540782318892223,0.00017540782318892223
2020-05-18,Monday,2020-05-15,286.26,295.585,0.032575281212883445,0.032575281212883445
2020-05-19,Tuesday,2020-05-18,294.995,295.5,0.0017118934219224613,0.0017118934219224613
2020-05-20,Wednesday,2020-05-19,292.02,296.5023,0.015349291144442168,0.015349291144442168
2020-05-21,Thursday,2020-05-20,296.96,295.19,-0.005960398706896464,0.005960398706896464
2020-05-22,Friday,2020-05-21,294.79,294.75,-0.0001356898130873141,0.0001356898130873141
2020-05-26,Tuesday,2020-05-22,295.42,301.1101,0.019261052061471773,0.019261052061471773
2020-05-27,Wednesday,2020-05-26,299.15,300.36,0.004044793581815309,0.004044793581815309
2020-05-28,Thursday,2020-05-27,303.48,306.4643,0.009833596942137701,0.009833596942137701
2020-05-29,Friday,2020-05-28,302.96,301.13,-0.006040401373118565,0.006040401373118565
2020-06-01,Monday,2020-05-29,304.16,305.905,0.005737112046291237,0.005737112046291237
2020-06-02,Tuesday,2020-06-01,305.58,307.06,0.004843248903724229,0.004843248903724229
2020-06-03,Wednesday,2020-06-02,308.13,311.36,0.010482588517833458,0.010482588517833458
2020-06-04,Thursday,2020-06-03,312.2117,311.51,-0.0022475134660232543,0.0022475134660232543
2020-06-05,Friday,2020-06-04,311.31,320.07,0.02813915389804378,0.02813915389804378
2020-06-08,Monday,2020-06-05,319.27,321.7627,0.0078074983556237765,0.0078074983556237765
2020-06-09,Tuesday,2020-06-08,323.25,321.97,-0.003959783449342558,0.003959783449342558
2020-06-10,Wednesday,2020-06-09,320.81,319.95,-0.002680714441569809,0.002680714441569809
2020-06-11,Thursday,2020-06-10,319.01,304.72,-0.04479483401774231,0.04479483401774231
2020-06-12,Friday,2020-06-11,300.62,298.88,-0.0057880380546869725,0.0057880380546869725
2020-06-15,Monday,2020-06-12,304.28,304.06,-0.0007230182726435386,0.0007230182726435386
2020-06-16,Tuesday,2020-06-15,307.03,312.695,0.018450965703677324,0.018450965703677324
2020-06-17,Wednesday,2020-06-16,312.93,313.68,0.002396702137858364,0.002396702137858364
2020-06-18,Thursday,2020-06-17,311.56,311.845,0.0009147515727307987,0.0009147515727307987
2020-06-19,Friday,2020-06-18,311.74,307.9,-0.012317957272085844,0.012317957272085844
2020-06-22,Monday,2020-06-19,308.56,310.45,0.006125226860254074,0.006125226860254074
2020-06-23,Tuesday,2020-06-22,310.68,314.18,0.01126561091798628,0.01126561091798628
2020-06-24,Wednesday,2020-06-23,312.03,303.8601,-0.026183059321219115,0.026183059321219115
2020-06-25,Thursday,2020-06-24,304.12,304.57,0.0014796790740496668,0.0014796790740496668
2020-06-26,Friday,2020-06-25,307.31,301.79,-0.017962318180339,0.017962318180339
2020-06-29,Monday,2020-06-26,300.01,303.63,0.012066264457851528,0.012066264457851528
2020-06-30,Tuesday,2020-06-29,304.43,306.52,0.0068652892290508305,0.0068652892290508305
2020-07-01,Wednesday,2020-06-30,308.57,310.74,0.007032439964999915,0.007032439964999915
2020-07-02,Thursday,2020-07-01,310.57,313.76,0.0102714363911518,0.0102714363911518
2020-07-06,Monday,2020-07-02,312.18,316.629,0.014251393426869097,0.014251393426869097
2020-07-07,Tuesday,2020-07-06,316.99,316.2,-0.0024921921827187887,0.0024921921827187887
2020-07-08,Wednesday,2020-07-07,313.72,313.86,0.00044625780951168537,0.00044625780951168537
2020-07-09,Thursday,2020-07-08,316.12,313.39,-0.008635961027458006,0.008635961027458006
2020-07-10,Friday,2020-07-09,314.42,316.51,0.006647159849882289,0.006647159849882289
2020-07-13,Monday,2020-07-10,317.61,321.92,0.013570101697049752,0.013570101697049752
2020-07-14,Tuesday,2020-07-13,314.81,316.34,0.0048600743305484695,0.0048600743305484695
2020-07-15,Wednesday,2020-07-14,318.89,321.095,0.006914610053623704,0.006914610053623704
2020-07-16,Thursday,2020-07-15,321.865,319.93,-0.006011837260963437,0.006011837260963437
2020-07-17,Friday,2020-07-16,320.81,321.24,0.001340357220784849,0.001340357220784849
2020-07-20,Monday,2020-07-17,321.67,323.71,0.006341903192712994,0.006341903192712994
2020-07-21,Tuesday,2020-07-20,324.36,326.52,0.006659267480576991,0.006659267480576991
2020-07-22,Wednesday,2020-07-21,324.96,324.77,-0.0005846873461349267,0.0005846873461349267
2020-07-23,Thursday,2020-07-22,326.82,323.57,-0.00994431185361977,0.00994431185361977
2020-07-24,Friday,2020-07-23,322.935,320.535,-0.007431836128013347,0.007431836128013347
2020-07-27,Monday,2020-07-24,320.86,322.49,0.0050800972386710885,0.0050800972386710885
2020-07-28,Tuesday,2020-07-27,323.18,323.52,0.0010520452998328267,0.0010520452998328267
2020-07-29,Wednesday,2020-07-28,321.2,324.03,0.008810709838106945,0.008810709838106945
2020-07-30,Thursday,2020-07-29,325.09,323.715,-0.004229597957488673,0.004229597957488673
2020-07-31,Friday,2020-07-30,323.98,322.58,-0.004321254398419794,0.004321254398419794
2020-08-03,Monday,2020-07-31,326.55,329.08,0.0077476649823915444,0.0077476649823915444
2020-08-04,Tuesday,2020-08-03,328.76,329.335,0.0017489962282515314,0.0017489962282515314
2020-08-05,Wednesday,2020-08-04,330.02,331.881,0.00563905217865579,0.00563905217865579
2020-08-06,Thursday,2020-08-05,332.06,332.81,0.002258627958802606,0.002258627958802606
2020-08-07,Friday,2020-08-06,334.31,333.0203,-0.00385779665579844,0.00385779665579844
2020-08-10,Monday,2020-08-07,334.55,335.09,0.0016141085039604874,0.0016141085039604874
2020-08-11,Tuesday,2020-08-10,335.55,337.22,0.004976903591119131,0.004976903591119131
2020-08-12,Wednesday,2020-08-11,332.82,337.89,0.015233459527672633,0.015233459527672633
2020-08-13,Thursday,2020-08-12,337.42,337.6,0.0005334597830597421,0.0005334597830597421
2020-08-14,Friday,2020-08-13,336.86,337.415,0.0016475687229116076,0.0016475687229116076
2020-08-17,Monday,2020-08-14,336.86,338.055,0.0035474677907736396,0.0035474677907736396
2020-08-18,Tuesday,2020-08-17,337.88,338.73,0.0025156860423820593,0.0025156860423820593
2020-08-19,Wednesday,2020-08-18,338.62,339.37,0.00221487212804905,0.00221487212804905
2020-08-20,Thursday,2020-08-19,337.22,337.5823,0.0010743728130002683,0.0010743728130002683
2020-08-21,Friday,2020-08-20,338.25,338.845,0.001759053954176082,0.001759053954176082
2020-08-24,Monday,2020-08-21,339.44,341.77,0.006864246995050616,0.006864246995050616
2020-08-25,Tuesday,2020-08-24,342.94,343.19,0.0007289904939640213,0.0007289904939640213
2020-08-26,Wednesday,2020-08-25,344.0999,347.02,0.008486198339493933,0.008486198339493933
2020-08-27,Thursday,2020-08-26,347.56,348.66,0.003164921164691137,0.003164921164691137
2020-08-28,Friday,2020-08-27,348.29,349.25,0.002756323753194012,0.002756323753194012
2020-08-31,Monday,2020-08-28,350.54,350.62,0.0002282193187652659,0.0002282193187652659
2020-09-01,Tuesday,2020-08-31,349.35,351.32,0.00563904393874326,0.00563904393874326
2020-09-02,Wednesday,2020-09-01,352.56,356.43,0.01097685500340373,0.01097685500340373
2020-09-03,Thursday,2020-09-02,357.68,345.58,-0.033829121002013074,0.033829121002013074
2020-09-04,Friday,2020-09-03,345.41,340.355,-0.014634781853449574,0.014634781853449574
2020-09-08,Tuesday,2020-09-04,342.6,337.1701,-0.015849095154699455,0.015849095154699455
2020-09-09,Wednesday,2020-09-08,333.26,341.14,0.023645201944427763,0.023645201944427763
2020-09-10,Thursday,2020-09-09,339.76,337.78,-0.005827643042147446,0.005827643042147446
2020-09-11,Friday,2020-09-10,333.92,331.475,-0.00732211308097741,0.00732211308097741
2020-09-14,Monday,2020-09-11,334.08,338.9,0.014427681992337238,0.014427681992337238
2020-09-15,Tuesday,2020-09-14,338.42,341.17,0.008125997281484443,0.008125997281484443
2020-09-16,Wednesday,2020-09-15,340.15,341.15,0.002939879464942008,0.002939879464942008
2020-09-17,Thursday,2020-09-16,338.81,334.38,-0.013075174876774565,0.013075174876774565
2020-09-18,Friday,2020-09-17,335.86,329.96,-0.017566843327577075,0.017566843327577075
2020-09-21,Monday,2020-09-18,330.69,323.64,-0.021319060146965496,0.021319060146965496
2020-09-22,Tuesday,2020-09-21,327.0,329.08,0.006360856269113091,0.006360856269113091
2020-09-23,Wednesday,2020-09-22,330.33,326.9905,-0.0101095873823146,0.0101095873823146
2020-09-24,Thursday,2020-09-23,322.66,325.78,0.009669621273166618,0.009669621273166618
2020-09-25,Friday,2020-09-24,323.52,326.92,0.010509396636993129,0.010509396636993129
2020-09-28,Monday,2020-09-25,328.69,334.63,0.018071739328850978,0.018071739328850978
2020-09-29,Tuesday,2020-09-28,334.2,333.26,-0.002812687013764248,0.002812687013764248
2020-09-30,Wednesday,2020-09-29,332.39,337.505,0.015388549595354961,0.015388549595354961
2020-10-01,Thursday,2020-09-30,334.9,336.25,0.004031054045984028,0.004031054045984028
2020-10-02,Friday,2020-10-01,337.03,334.5,-0.007506750140936935,0.007506750140936935
2020-10-05,Monday,2020-10-02,333.87,337.845,0.011905831611106255,0.011905831611106255
2020-10-06,Tuesday,2020-10-05,339.73,340.45,0.0021193300562210027,0.0021193300562210027
2020-10-07,Wednesday,2020-10-06,334.94,340.38,0.016241714934017937,0.016241714934017937
2020-10-08,Thursday,2020-10-07,340.73,342.91,0.006398027763918623,0.006398027763918623
2020-10-09,Friday,2020-10-08,343.73,346.91,0.00925144735693717,0.00925144735693717
2020-10-12,Monday,2020-10-09,346.84,353.31,0.018654134471226103,0.018654134471226103
2020-10-13,Tuesday,2020-10-12,352.43,349.95,-0.0070368583832250975,0.0070368583832250975
2020-10-14,Wednesday,2020-10-13,350.15,348.11,-0.005826074539483028,0.005826074539483028
2020-10-15,Thursday,2020-10-14,347.97,346.508,-0.0042015116245655015,0.0042015116245655015
2020-10-16,Friday,2020-10-15,347.51,349.25,0.005007050156830006,0.005007050156830006
2020-10-19,Monday,2020-10-16,347.24,344.84,-0.006911646123718529,0.006911646123718529
2020-10-20,Tuesday,2020-10-19,342.02,345.7399,0.010876264545933045,0.010876264545933045
2020-10-21,Wednesday,2020-10-20,343.34,343.53,0.0005533873128678035,0.0005533873128678035
2020-10-22,Thursday,2020-10-21,342.69,344.33,0.004785666345676898,0.004785666345676898
2020-10-23,Friday,2020-10-22,344.63,344.48,-0.00043524939790495765,0.00043524939790495765
2020-10-26,Monday,2020-10-23,345.76,337.391,-0.024204650624710666,0.024204650624710666
2020-10-27,Tuesday,2020-10-26,339.415,339.66,0.0007218302078575434,0.0007218302078575434
2020-10-28,Wednesday,2020-10-27,338.25,328.75,-0.028085735402808565,0.028085735402808565
2020-10-29,Thursday,2020-10-28,326.68,331.49,0.014723888820864506,0.014723888820864506
2020-10-30,Friday,2020-10-29,329.99,324.5,-0.0166368677838723,0.0166368677838723
2020-11-02,Monday,2020-10-30,326.53,327.405,0.0026796925244234604,0.0026796925244234604
2020-11-03,Tuesday,2020-11-02,330.21,335.03,0.0145967717513098,0.0145967717513098
2020-11-04,Wednesday,2020-11-03,335.97,345.85,0.029407387564365894,0.029407387564365894
2020-11-05,Thursday,2020-11-04,343.49,351.15,0.022300503653672532,0.022300503653672532
2020-11-06,Friday,2020-11-05,350.21,350.47,0.0007424116958398841,0.0007424116958398841
2020-11-09,Monday,2020-11-06,350.19,361.15,0.031297295753733634,0.031297295753733634
2020-11-10,Tuesday,2020-11-09,354.54,354.08,-0.0012974558582953266,0.0012974558582953266
2020-11-11,Wednesday,2020-11-10,354.07,356.7,0.007427909735363114,0.007427909735363114
2020-11-12,Thursday,2020-11-11,356.62,353.46,-0.00886097246368689,0.00886097246368689
2020-11-13,Friday,2020-11-12,353.28,356.6,0.009397644927536364,0.009397644927536364
2020-11-16,Monday,2020-11-13,358.05,360.57,0.007038123167155463,0.007038123167155463
2020-11-17,Tuesday,2020-11-16,362.44,360.98,-0.004028252952212763,0.004028252952212763
2020-11-18,Wednesday,2020-11-17,360.64,359.84,-0.002218278615794156,0.002218278615794156
2020-11-19,Thursday,2020-11-18,356.29,356.53,0.0006736085772824918,0.0006736085772824918
2020-11-20,Friday,2020-11-19,357.745,357.16,-0.0016352429803351276,0.0016352429803351276
2020-11-23,Monday,2020-11-20,355.35,356.76,0.0039679189531447445,0.0039679189531447445
2020-11-24,Tuesday,2020-11-23,357.47,363.08,0.015693624639829817,0.015693624639829817
2020-11-25,Wednesday,2020-11-24,363.19,362.6999,-0.0013494314270766639,0.0013494314270766639
2020-11-27,Friday,2020-11-25,362.65,363.97,0.0036398731559355024,0.0036398731559355024
2020-11-30,Monday,2020-11-27,363.79,361.03,-0.007586794579290346,0.007586794579290346
2020-12-01,Tuesday,2020-11-30,362.0,367.115,0.014129834254143603,0.014129834254143603
2020-12-02,Wednesday,2020-12-01,365.97,365.69,-0.0007650900347023759,0.0007650900347023759
2020-12-03,Thursday,2020-12-02,366.7599,366.52,-0.000654106405853061,0.000654106405853061
2020-12-04,Friday,2020-12-03,366.6698,368.74,0.005645951752775824,0.005645951752775824
2020-12-07,Monday,2020-12-04,369.83,368.42,-0.003812562528729302,0.003812562528729302
2020-12-08,Tuesday,2020-12-07,369.12,370.0616,0.0025509319462504454,0.0025509319462504454
2020-12-09,Wednesday,2020-12-08,370.1599,366.05,-0.011103039524270386,0.011103039524270386
2020-12-10,Thursday,2020-12-09,366.89,366.58,-0.0008449399002425917,0.0008449399002425917
2020-12-11,Friday,2020-12-10,366.72,365.676,-0.0028468586387435657,0.0028468586387435657
2020-12-14,Monday,2020-12-11,366.28,366.84,0.001528885006006231,0.001528885006006231
2020-12-15,Tuesday,2020-12-14,364.61,369.175,0.012520227091961322,0.012520227091961322
2020-12-16,Wednesday,2020-12-15,369.57,369.8324,0.0007100143409908277,0.0007100143409908277
2020-12-17,Thursday,2020-12-16,370.14,372.135,0.005389852488247637,0.005389852488247637
2020-12-18,Friday,2020-12-17,372.21,368.35,-0.01037048977727617,0.01037048977727617
2020-12-21,Monday,2020-12-18,369.13,368.07,-0.0028716170454853307,0.0028716170454853307
2020-12-22,Tuesday,2020-12-21,367.93,368.0,0.00019025358084423516,0.00019025358084423516
2020-12-23,Wednesday,2020-12-22,367.22,369.38,0.005882032569032081,0.005882032569032081
2020-12-24,Thursday,2020-12-23,367.53,369.03,0.004081299485756196,0.004081299485756196
2020-12-28,Monday,2020-12-24,368.97,372.2399,0.008862238122340438,0.008862238122340438
2020-12-29,Tuesday,2020-12-28,372.14,371.72,-0.0011286075133013496,0.0011286075133013496
2020-12-30,Wednesday,2020-12-29,371.48,372.24,0.0020458705717669723,0.0020458705717669723
2020-12-31,Thursday,2020-12-30,371.93,371.75,-0.0004839620358669805,0.0004839620358669805
2021-01-04,Monday,2020-12-31,373.85,368.595,-0.0140564397485623,0.0140564397485623
2021-01-05,Tuesday,2021-01-04,368.85,370.87,0.00547648095431752,0.00547648095431752
2021-01-06,Wednesday,2021-01-05,371.32,376.4899,0.013923031347624626,0.013923031347624626
2021-01-07,Thursday,2021-01-06,373.53,378.971,0.014566433753647745,0.014566433753647745
2021-01-08,Friday,2021-01-07,379.06,378.24,-0.0021632459241280877,0.0021632459241280877
2021-01-11,Monday,2021-01-08,381.24,379.24,-0.005246039240373479,0.005246039240373479
2021-01-12,Tuesday,2021-01-11,378.74,378.8801,0.00036991075671966023,0.00036991075671966023
2021-01-13,Wednesday,2021-01-12,378.81,380.243,0.003782899078693891,0.003782899078693891
2021-01-14,Thursday,2021-01-13,379.76,380.24,0.001263956182852466,0.001263956182852466
2021-01-15,Friday,2021-01-14,378.45,376.76,-0.004465583300303888,0.004465583300303888
2021-01-19,Tuesday,2021-01-15,375.68,379.1086,0.009126384156729284,0.009126384156729284
2021-01-20,Wednesday,2021-01-19,378.63,383.84,0.01376013522436148,0.01376013522436148
2021-01-21,Thursday,2021-01-20,383.86,384.1799,0.0008333767519406177,0.0008333767519406177
2021-01-22,Friday,2021-01-21,384.2,383.22,-0.0025507548152002846,0.0025507548152002846
2021-01-25,Monday,2021-01-22,382.86,383.46,0.0015671524839366846,0.0015671524839366846
2021-01-26,Tuesday,2021-01-25,384.4,384.545,0.0003772112382935955,0.0003772112382935955
2021-01-27,Wednesday,2021-01-26,383.83,377.39,-0.016778261209389522,0.016778261209389522
2021-01-28,Thursday,2021-01-27,374.44,381.63,0.01920200833244312,0.01920200833244312
2021-01-29,Friday,2021-01-28,377.6,369.79,-0.02068326271186438,0.02068326271186438
2021-02-01,Monday,2021-01-29,370.19,376.43,0.01685620897377027,0.01685620897377027
2021-02-02,Tuesday,2021-02-01,376.18,382.63,0.017146047105109252,0.017146047105109252
2021-02-03,Wednesday,2021-02-02,381.54,383.3098,0.004638570005766063,0.004638570005766063
2021-02-04,Thursday,2021-02-03,381.86,385.19,0.008720473471953039,0.008720473471953039
2021-02-05,Friday,2021-02-04,386.17,387.5854,0.00366522515990364,0.00366522515990364
2021-02-08,Monday,2021-02-05,387.68,388.8,0.0028889806025589326,0.0028889806025589326
2021-02-09,Tuesday,2021-02-08,390.53,390.365,-0.00042250275266930704,0.00042250275266930704
2021-02-10,Wednesday,2021-02-09,390.25,389.645,-0.0015502882767457482,0.0015502882767457482
2021-02-11,Thursday,2021-02-10,390.1,389.51,-0.0015124327095616952,0.0015124327095616952
2021-02-12,Friday,2021-02-11,390.73,390.85,0.0003071174468303184,0.0003071174468303184
2021-02-16,Tuesday,2021-02-12,392.69,392.5,-0.00048384221650665804,0.00048384221650665804
2021-02-17,Wednesday,2021-02-16,392.34,391.27,-0.002727226385278003,0.002727226385278003
2021-02-18,Thursday,2021-02-17,392.43,390.255,-0.005542389725556207,0.005542389725556207
2021-02-19,Friday,2021-02-18,390.75,390.82,0.00017914267434426812,0.00017914267434426812
2021-02-22,Monday,2021-02-19,390.02,389.39,-0.00161530177939595,0.00161530177939595
2021-02-23,Tuesday,2021-02-22,387.11,385.15,-0.0050631603420217,0.0050631603420217
2021-02-24,Wednesday,2021-02-23,387.5,392.0,0.011612903225806548,0.011612903225806548
2021-02-25,Thursday,2021-02-24,391.76,384.13,-0.019476209924443544,0.019476209924443544
2021-02-26,Friday,2021-02-25,382.39,382.19,-0.0005230262297654109,0.0005230262297654109
2021-03-01,Monday,2021-02-26,380.32,389.51,0.02416386201093812,0.02416386201093812
2021-03-02,Tuesday,2021-03-01,389.52,389.23,-0.0007445060587388808,0.0007445060587388808
2021-03-03,Wednesday,2021-03-02,386.55,384.13,-0.006260509636528355,0.006260509636528355
2021-03-04,Thursday,2021-03-03,381.45,371.94,-0.024931183641368482,0.024931183641368482
2021-03-05,Friday,2021-03-04,376.73,381.34,0.012236880524513438,0.012236880524513438
2021-03-08,Monday,2021-03-05,383.595,384.34,0.0019421525306637655,0.0019421525306637655
2021-03-09,Tuesday,2021-03-08,381.74,389.7605,0.02101037355267965,0.02101037355267965
2021-03-10,Wednesday,2021-03-09,387.11,389.8702,0.007130273049004154,0.007130273049004154
2021-03-11,Thursday,2021-03-10,389.5199,394.57,0.012964934525809824,0.012964934525809824
2021-03-12,Friday,2021-03-11,393.5,392.7499,-0.0019062261753494125,0.0019062261753494125
2021-03-15,Monday,2021-03-12,394.09,394.65,0.0014209952041412954,0.0014209952041412954
2021-03-16,Tuesday,2021-03-15,396.47,396.275,-0.0004918404923450748,0.0004918404923450748
2021-03-17,Wednesday,2021-03-16,395.94,393.975,-0.004962873162600356,0.004962873162600356
2021-03-18,Thursday,2021-03-17,397.22,396.03,-0.0029958209556418813,0.0029958209556418813
2021-03-19,Friday,2021-03-18,391.41,391.09,-0.0008175570373778474,0.0008175570373778474
2021-03-22,Monday,2021-03-19,389.5,393.31,0.009781771501925496,0.009781771501925496
2021-03-23,Tuesday,2021-03-22,392.54,391.85,-0.001757782646354511,0.001757782646354511
2021-03-24,Wednesday,2021-03-23,389.51,391.29,0.004569844163179404,0.004569844163179404
2021-03-25,Thursday,2021-03-24,387.48,387.37,-0.00028388561990300154,0.00028388561990300154
2021-03-26,Friday,2021-03-25,389.65,391.98,0.005979725394585023,0.005979725394585023
2021-03-29,Monday,2021-03-26,395.94,395.62,-0.0008082032631206992,0.0008082032631206992
2021-03-30,Tuesday,2021-03-29,395.77,394.0,-0.004472294514490716,0.004472294514490716
2021-03-31,Wednesday,2021-03-30,394.78,397.71,0.007421855210496986,0.007421855210496986
2021-04-01,Thursday,2021-03-31,396.25,399.65,0.008580441640378522,0.008580441640378522
2021-04-05,Monday,2021-04-01,400.54,406.59,0.015104608778149453,0.015104608778149453
2021-04-06,Tuesday,2021-04-05,406.31,406.63,0.0007875759887769895,0.0007875759887769895
2021-04-07,Wednesday,2021-04-06,406.06,406.39,0.0008126877801308829,0.0008126877801308829
2021-04-08,Thursday,2021-04-07,406.58,408.07,0.003664715431157539,0.003664715431157539
2021-04-09,Friday,2021-04-08,408.49,409.805,0.0032191730519719464,0.0032191730519719464
2021-04-12,Monday,2021-04-09,411.44,410.73,-0.001725646509819101,0.001725646509819101
2021-04-13,Tuesday,2021-04-12,411.62,412.18,0.0013604781108789155,0.0013604781108789155
2021-04-14,Wednesday,2021-04-13,412.8299,412.11,-0.0017438174899637726,0.0017438174899637726
2021-04-15,Thursday,2021-04-14,411.49,415.4091,0.009524168266543676,0.009524168266543676
2021-04-16,Friday,2021-04-15,415.83,416.5,0.0016112353606041463,0.0016112353606041463
2021-04-19,Monday,2021-04-16,417.3101,414.67,-0.0063264704113319414,0.0063264704113319414
2021-04-20,Tuesday,2021-04-19,415.26,411.905,-0.008079275634542249,0.008079275634542249
2021-04-21,Wednesday,2021-04-20,412.24,414.915,0.0064889384824373675,0.0064889384824373675
2021-04-22,Thursday,2021-04-21,416.09,411.82,-0.010262202888798089,0.010262202888798089
2021-04-23,Friday,2021-04-22,412.32,417.02,0.011398913465269667,0.011398913465269667
2021-04-26,Monday,2021-04-23,416.72,417.7089,0.0023730562488002427,0.0023730562488002427
2021-04-27,Tuesday,2021-04-26,417.64,417.3933,-0.0005907001245091248,0.0005907001245091248
2021-04-28,Wednesday,2021-04-27,417.4875,417.31,-0.0004251624300128931,0.0004251624300128931
2021-04-29,Thursday,2021-04-28,417.35,418.615,0.003031029112255945,0.003031029112255945
2021-04-30,Friday,2021-04-29,420.0,416.6699,-0.007928809523809588,0.007928809523809588
2021-05-03,Monday,2021-04-30,417.29,418.57,0.0030674111529152004,0.0030674111529152004
2021-05-04,Tuesday,2021-05-03,418.1699,413.51,-0.01114355672180134,0.01114355672180134
2021-05-05,Wednesday,2021-05-04,415.65,416.8799,0.0029589799109828174,0.0029589799109828174
2021-05-06,Thursday,2021-05-05,415.72,416.23,0.0012267872606561703,0.0012267872606561703
2021-05-07,Friday,2021-05-06,419.08,421.695,0.006239858738188442,0.006239858738188442
2021-05-10,Monday,2021-05-07,422.09,421.44,-0.001539955933568593,0.001539955933568593
2021-05-11,Tuesday,2021-05-10,417.99,414.2257,-0.009005717840139704,0.009005717840139704
2021-05-12,Wednesday,2021-05-11,414.27,407.28,-0.016873053805489202,0.016873053805489202
2021-05-13,Thursday,2021-05-12,405.44,408.8,0.008287292817679592,0.008287292817679592
2021-05-14,Friday,2021-05-13,410.25,416.43,0.015063985374771605,0.015063985374771605
2021-05-17,Monday,2021-05-14,416.55,414.025,-0.006061697275237199,0.006061697275237199
2021-05-18,Tuesday,2021-05-17,415.54,414.99,-0.0013235789575011259,0.0013235789575011259
2021-05-19,Wednesday,2021-05-18,411.98,409.4,-0.006262439924268226,0.006262439924268226
2021-05-20,Thursday,2021-05-19,410.89,415.12,0.010294726082406447,0.010294726082406447
2021-05-21,Friday,2021-05-20,415.25,415.72,0.001131848284166237,0.001131848284166237
2021-05-24,Monday,2021-05-21,414.95,419.7481,0.01156307988914329,0.01156307988914329
2021-05-25,Tuesday,2021-05-24,419.13,418.76,-0.0008827809987355106,0.0008827809987355106
2021-05-26,Wednesday,2021-05-25,418.25,418.69,0.0010520023909146303,0.0010520023909146303
2021-05-27,Thursday,2021-05-26,419.0499,419.7089,0.0015726050763884558,0.0015726050763884558
2021-05-28,Friday,2021-05-27,419.22,420.69,0.0035065120938886363,0.0035065120938886363
2021-06-01,Tuesday,2021-05-28,420.03,419.6015,-0.0010201652262933347,0.0010201652262933347
2021-06-02,Wednesday,2021-06-01,419.63,419.79,0.00038128827776851004,0.00038128827776851004
2021-06-03,Thursday,2021-06-02,420.3601,419.5301,-0.0019744975795752406,0.0019744975795752406
2021-06-04,Friday,2021-06-03,418.82,422.155,0.007962848001528133,0.007962848001528133
2021-06-07,Monday,2021-06-04,422.57,421.235,-0.0031592398892490436,0.0031592398892490436
2021-06-08,Tuesday,2021-06-07,422.22,422.23,2.368433518062929e-05,2.368433518062929e-05
2021-06-09,Wednesday,2021-06-08,422.27,422.64,0.0008762166386435677,0.0008762166386435677
2021-06-10,Thursday,2021-06-09,421.62,424.08,0.005834637825530065,0.005834637825530065
2021-06-11,Friday,2021-06-10,423.59,423.48,-0.00025968507282980724,0.00025968507282980724
2021-06-14,Monday,2021-06-11,424.32,423.325,-0.002344928355957787,0.002344928355957787
2021-06-15,Tuesday,2021-06-14,425.29,424.65,-0.0015048555103577277,0.0015048555103577277
2021-06-16,Wednesday,2021-06-15,424.5,423.135,-0.0032155477031802215,0.0032155477031802215
2021-06-17,Thursday,2021-06-16,422.12,422.19,0.0001658296219084754,0.0001658296219084754
2021-06-18,Friday,2021-06-17,421.98,416.635,-0.012666477084222083,0.012666477084222083
2021-06-21,Monday,2021-06-18,415.0,420.75,0.013855421686747027,0.013855421686747027
2021-06-22,Tuesday,2021-06-21,420.84,422.4101,0.003730871590153173,0.003730871590153173
2021-06-23,Wednesday,2021-06-22,423.04,423.56,0.0012291981845689026,0.0012291981845689026
2021-06-24,Thursday,2021-06-23,422.6,425.13,0.005986748698532773,0.005986748698532773
2021-06-25,Friday,2021-06-24,425.0899,426.25,0.002729069780298188,0.002729069780298188
2021-06-28,Monday,2021-06-25,426.56,426.5,-0.0001406601650412176,0.0001406601650412176
2021-06-29,Tuesday,2021-06-28,427.48,427.87,0.0009123233835501843,0.0009123233835501843
2021-06-30,Wednesday,2021-06-29,427.67,427.89,0.0005144153202234492,0.0005144153202234492
2021-07-01,Thursday,2021-06-30,428.07,429.91,0.004298362417361812,0.004298362417361812
2021-07-02,Friday,2021-07-01,430.47,433.3101,0.006597672311659197,0.006597672311659197
2021-07-06,Tuesday,2021-07-02,433.75,431.74,-0.0046340057636887755,0.0046340057636887755
2021-07-07,Wednesday,2021-07-06,432.9,433.88,0.002263802263802406,0.002263802263802406
2021-07-08,Thursday,2021-07-07,434.43,430.98,-0.007941440508252184,0.007941440508252184
2021-07-09,Friday,2021-07-08,430.95,434.97,0.009328228332753374,0.009328228332753374
2021-07-12,Monday,2021-07-09,435.49,436.5699,0.002479735470389599,0.002479735470389599
2021-07-13,Tuesday,2021-07-12,437.08,436.47,-0.0013956255147797858,0.0013956255147797858
2021-07-14,Wednesday,2021-07-13,435.61,436.48,0.0019971993296756807,0.0019971993296756807
2021-07-15,Thursday,2021-07-14,436.22,432.79,-0.007863004905781512,0.007863004905781512
2021-07-16,Friday,2021-07-15,434.73,433.165,-0.0035999355922066156,0.0035999355922066156
2021-07-19,Monday,2021-07-16,431.4,422.135,-0.02147658785350015,0.02147658785350015
2021-07-20,Tuesday,2021-07-19,424.96,431.075,0.01438958960843384,0.01438958960843384
2021-07-21,Wednesday,2021-07-20,431.03,433.9117,0.006685613530380774,0.006685613530380774
2021-07-22,Thursday,2021-07-21,434.56,435.229,0.0015394882179675662,0.0015394882179675662
2021-07-23,Friday,2021-07-22,435.49,439.77,0.009828009828009687,0.009828009828009687
2021-07-26,Monday,2021-07-23,439.89,440.33,0.0010002500625156951,0.0010002500625156951
2021-07-27,Tuesday,2021-07-26,440.99,436.339,-0.010546724415519626,0.010546724415519626
2021-07-28,Wednesday,2021-07-27,438.99,438.2,-0.0017995854119684518,0.0017995854119684518
2021-07-29,Thursday,2021-07-28,438.79,441.52,0.0062216550058113995,0.0062216550058113995
2021-07-30,Friday,2021-07-29,440.68,438.8702,-0.004106834891531297,0.004106834891531297
2021-08-02,Monday,2021-07-30,438.47,438.56,0.00020525919675229432,0.00020525919675229432
2021-08-03,Tuesday,2021-08-02,437.58,440.2,0.00598747657571197,0.00598747657571197
2021-08-04,Wednesday,2021-08-03,441.12,439.83,-0.0029243743199129923,0.0029243743199129923
2021-08-05,Thursday,2021-08-04,439.01,440.98,0.00448736930821636,0.00448736930821636
2021-08-06,Friday,2021-08-05,441.76,442.65,0.0020146685983339907,0.0020146685983339907
2021-08-09,Monday,2021-08-06,442.53,442.24,-0.0006553228029737568,0.0006553228029737568
2021-08-10,Tuesday,2021-08-09,442.14,442.965,0.0018659248201926548,0.0018659248201926548
2021-08-11,Wednesday,2021-08-10,442.66,443.3712,0.001606650702570711,0.001606650702570711
2021-08-12,Thursday,2021-08-11,443.74,444.358,0.001392707441294494,0.001392707441294494
2021-08-13,Friday,2021-08-12,445.07,445.725,0.0014716786123532,0.0014716786123532
2021-08-16,Monday,2021-08-13,445.9,445.65,-0.0005606638259699759,0.0005606638259699759
2021-08-17,Tuesday,2021-08-16,447.02,442.09,-0.011028589324862392,0.011028589324862392
2021-08-18,Wednesday,2021-08-17,444.06,443.32,-0.0016664414718732257,0.0016664414718732257
2021-08-19,Thursday,2021-08-18,439.21,438.92,-0.0006602764053641463,0.0006602764053641463
2021-08-20,Friday,2021-08-19,439.84,442.78,0.00668424881775187,0.00668424881775187
2021-08-23,Monday,2021-08-20,443.33,447.72,0.009902330092707468,0.009902330092707468
2021-08-24,Tuesday,2021-08-23,447.25,448.23,0.0021911682504192065,0.0021911682504192065
2021-08-25,Wednesday,2021-08-24,447.95,449.06,0.0024779551289206836,0.0024779551289206836
2021-08-26,Thursday,2021-08-25,448.88,447.49,-0.003096595972197469,0.003096595972197469
2021-08-27,Friday,2021-08-26,446.27,450.35,0.009142447397315623,0.009142447397315623
2021-08-30,Monday,2021-08-27,450.18,452.94,0.006130880980940834,0.006130880980940834
2021-08-31,Tuesday,2021-08-30,452.22,451.8599,-0.0007962938392818142,0.0007962938392818142
2021-09-01,Wednesday,2021-08-31,451.61,453.03,0.0031443059276807794,0.0031443059276807794
2021-09-02,Thursday,2021-09-01,451.82,452.36,0.0011951662166349575,0.0011951662166349575
2021-09-03,Friday,2021-09-02,453.2,453.41,0.0004633715798765259,0.0004633715798765259
2021-09-07,Tuesday,2021-09-03,453.06,452.345,-0.001578157418443471,0.001578157418443471
2021-09-08,Wednesday,2021-09-07,451.52,450.33,-0.002635542168674676,0.002635542168674676
2021-09-09,Thursday,2021-09-08,450.95,449.32,-0.0036145914181172634,0.0036145914181172634
2021-09-10,Friday,2021-09-09,448.96,448.635,-0.0007238952245188779,0.0007238952245188779
2021-09-13,Monday,2021-09-10,445.5002,444.92,-0.0013023563176851605,0.0013023563176851605
2021-09-14,Tuesday,2021-09-13,446.5599,445.025,-0.0034371648685876943,0.0034371648685876943
2021-09-15,Wednesday,2021-09-14,444.18,447.3961,0.007240533117204739,0.007240533117204739
2021-09-16,Thursday,2021-09-15,447.86,446.745,-0.0024896172911177405,0.0024896172911177405
2021-09-17,Friday,2021-09-16,447.15,441.54,-0.012546125461254554,0.012546125461254554
2021-09-20,Monday,2021-09-17,441.42,431.99,-0.021362874360019934,0.021362874360019934
2021-09-21,Tuesday,2021-09-20,434.06,434.2114,0.00034879970510992564,0.00034879970510992564
2021-09-22,Wednesday,2021-09-21,433.68,438.01,0.009984320236118727,0.009984320236118727
2021-09-23,Thursday,2021-09-22,437.83,444.855,0.016045040312450132,0.016045040312450132
2021-09-24,Friday,2021-09-23,443.08,442.8079,-0.000614110318678307,0.000614110318678307
2021-09-27,Monday,2021-09-24,443.92,443.4,-0.001171382231032747,0.001171382231032747
2021-09-28,Tuesday,2021-09-27,442.68,433.705,-0.02027423872774925,0.02027423872774925
2021-09-29,Wednesday,2021-09-28,433.75,434.93,0.0027204610951008235,0.0027204610951008235
2021-09-30,Thursday,2021-09-29,434.43,431.89,-0.005846741707524861,0.005846741707524861
2021-10-01,Friday,2021-09-30,429.16,433.295,0.009635101127784429,0.009635101127784429
2021-10-04,Monday,2021-10-01,434.19,427.335,-0.015788019069992387,0.015788019069992387
2021-10-05,Tuesday,2021-10-04,428.69,435.0001,0.014719494273250922,0.014719494273250922
2021-10-06,Wednesday,2021-10-05,433.05,432.56,-0.0011315090636185854,0.0011315090636185854
2021-10-07,Thursday,2021-10-06,434.91,440.5673,0.013007978662251896,0.013007978662251896
2021-10-08,Friday,2021-10-07,438.64,438.06,-0.0013222688309318942,0.0013222688309318942
2021-10-11,Monday,2021-10-08,437.83,436.48,-0.0030833885297946173,0.0030833885297946173
2021-10-12,Tuesday,2021-10-11,434.66,434.2001,-0.0010580683752818842,0.0010580683752818842
2021-10-13,Wednesday,2021-10-12,433.63,434.76,0.0026059082628047125,0.0026059082628047125
2021-10-14,Thursday,2021-10-13,435.13,442.28,0.016431870935122772,0.016431870935122772
2021-10-15,Friday,2021-10-14,442.47,445.58,0.0070287251113068105,0.0070287251113068105
2021-10-18,Monday,2021-10-15,445.83,446.69,0.0019289863849449862,0.0019289863849449862
2021-10-19,Tuesday,2021-10-18,447.2225,450.41,0.007127324765636711,0.007127324765636711
2021-10-20,Wednesday,2021-10-19,450.68,451.8,0.002485133575929721,0.002485133575929721
2021-10-21,Thursday,2021-10-20,452.4,451.92,-0.0010610079575595899,0.0010610079575595899
2021-10-22,Friday,2021-10-21,453.61,452.535,-0.0023698772072925367,0.0023698772072925367
2021-10-25,Monday,2021-10-22,453.13,455.43,0.005075806060071075,0.005075806060071075
2021-10-26,Tuesday,2021-10-25,455.49,456.61,0.0024588904256954702,0.0024588904256954702
2021-10-27,Wednesday,2021-10-26,455.9801,456.96,0.0021489972917676514,0.0021489972917676514
2021-10-28,Thursday,2021-10-27,453.9,457.34,0.007578761841815274,0.007578761841815274
2021-10-29,Friday,2021-10-28,458.26,458.7,0.000960153624580018,0.000960153624580018
2021-11-01,Monday,2021-10-29,459.23,458.83,-0.0008710232345449098,0.0008710232345449098
2021-11-02,Tuesday,2021-11-01,460.1,461.66,0.003390567267985256,0.003390567267985256
2021-11-03,Wednesday,2021-11-02,461.87,461.135,-0.0015913568753113116,0.0015913568753113116
2021-11-04,Thursday,2021-11-03,464.74,466.3,0.003356715582906622,0.003356715582906622
2021-11-05,Friday,2021-11-04,466.88,468.17,0.002763022618231803,0.002763022618231803
2021-11-08,Monday,2021-11-05,468.49,469.06,0.0012166748489828016,0.0012166748489828016
2021-11-09,Tuesday,2021-11-08,468.96,466.17,-0.005949334698055142,0.005949334698055142
2021-11-10,Wednesday,2021-11-09,467.39,464.23,-0.006760949100322988,0.006760949100322988
2021-11-11,Thursday,2021-11-10,463.65,464.39,0.0015960314892700111,0.0015960314892700111
2021-11-12,Friday,2021-11-11,463.81,466.96,0.006791574135960765,0.006791574135960765
2021-11-15,Monday,2021-11-12,467.26,467.06,-0.0004280272225313242,0.0004280272225313242
2021-11-16,Tuesday,2021-11-15,467.4,470.35,0.006311510483526073,0.006311510483526073
2021-11-17,Wednesday,2021-11-16,469.24,468.722,-0.0011039127099139456,0.0011039127099139456
2021-11-18,Thursday,2021-11-17,468.11,469.3799,0.0027128239089102557,0.0027128239089102557
2021-11-19,Friday,2021-11-18,469.72,469.54,-0.00038320701694627424,0.00038320701694627424
2021-11-22,Monday,2021-11-19,468.92,470.72,0.003838607864881105,0.003838607864881105
2021-11-23,Tuesday,2021-11-22,467.52,466.27,-0.002673682409308653,0.002673682409308653
2021-11-24,Wednesday,2021-11-23,468.24,468.476,0.0005040150350248407,0.0005040150350248407
2021-11-26,Friday,2021-11-24,469.37,457.55,-0.025182691693120596,0.025182691693120596
2021-11-29,Monday,2021-11-26,456.93,466.24,0.02037511216160026,0.02037511216160026
2021-11-30,Tuesday,2021-11-29,464.63,458.91,-0.012310871015646763,0.012310871015646763
2021-12-01,Wednesday,2021-11-30,455.84,459.12,0.007195507195507211,0.007195507195507211
2021-12-02,Thursday,2021-12-01,450.51,458.2772,0.017240904752391817,0.017240904752391817
2021-12-03,Friday,2021-12-02,457.36,450.53,-0.0149335315725031,0.0149335315725031
2021-12-06,Monday,2021-12-03,453.43,460.355,0.015272478662638145,0.015272478662638145
2021-12-07,Tuesday,2021-12-06,458.78,468.46,0.0210994376389555,0.0210994376389555
2021-12-08,Wednesday,2021-12-07,468.24,468.65,0.0008756193405090595,0.0008756193405090595
2021-12-09,Thursday,2021-12-08,469.5401,468.45,-0.002321633445152016,0.002321633445152016
2021-12-10,Friday,2021-12-09,466.33,469.25,0.006261660197714125,0.006261660197714125
2021-12-13,Monday,2021-12-10,470.71,467.75,-0.006288372883516358,0.006288372883516358
2021-12-14,Tuesday,2021-12-13,466.61,460.66,-0.012751548402305968,0.012751548402305968
2021-12-15,Wednesday,2021-12-14,463.39,462.64,-0.001618507089061083,0.001618507089061083
2021-12-16,Thursday,2021-12-15,470.58,468.2246,-0.0050053125929703235,0.0050053125929703235
2021-12-17,Friday,2021-12-16,466.43,463.59,-0.006088802178247588,0.006088802178247588
2021-12-20,Monday,2021-12-17,459.9,453.41,-0.014111763426831847,0.014111763426831847
2021-12-21,Tuesday,2021-12-20,454.98,462.1475,0.015753439711635675,0.015753439711635675
2021-12-22,Wednesday,2021-12-21,463.05,465.8727,0.006095885973437021,0.006095885973437021
2021-12-23,Thursday,2021-12-22,467.7,471.2999,0.007697028009407747,0.007697028009407747
2021-12-27,Monday,2021-12-23,470.58,476.3,0.012155212716222552,0.012155212716222552
2021-12-28,Tuesday,2021-12-27,477.27,477.17,-0.0002095250068094856,0.0002095250068094856
2021-12-29,Wednesday,2021-12-28,476.8901,477.18,0.0006078968718368216,0.0006078968718368216
2021-12-30,Thursday,2021-12-29,477.47,478.24,0.0016126667644040804,0.0016126667644040804
2021-12-31,Friday,2021-12-30,476.14,476.32,0.00037804007224773173,0.00037804007224773173
2022-01-03,Monday,2021-12-31,474.88,476.74,0.003916778975741275,0.003916778975741275
2022-01-04,Tuesday,2022-01-03,477.76,475.72,-0.004269926322839845,0.004269926322839845
2022-01-05,Wednesday,2022-01-04,477.51,475.85,-0.0034763669870787606,0.0034763669870787606
2022-01-06,Thursday,2022-01-05,468.38,469.07,0.001473162816516549,0.001473162816516549
2022-01-07,Friday,2022-01-06,467.93,466.91,-0.0021798132199259967,0.0021798132199259967
2022-01-10,Monday,2022-01-07,466.12,461.88,-0.009096370033467749,0.009096370033467749
2022-01-11,Tuesday,2022-01-10,465.54,468.47,0.006293766378828947,0.006293766378828947
2022-01-12,Wednesday,2022-01-11,469.74,470.36,0.0013198790820454498,0.0013198790820454498
2022-01-13,Thursday,2022-01-12,471.07,468.6596,-0.005116861612923684,0.005116861612923684
2022-01-14,Friday,2022-01-13,464.54,461.975,-0.005521591251560709,0.005521591251560709
2022-01-18,Tuesday,2022-01-14,464.69,457.15,-0.016225871010781434,0.016225871010781434
2022-01-19,Wednesday,2022-01-18,456.51,456.43,-0.0001752426014763886,0.0001752426014763886
2022-01-20,Thursday,2022-01-19,451.79,455.29,0.007746962084154152,0.007746962084154152
2022-01-21,Friday,2022-01-20,446.79,442.1805,-0.010316927415564447,0.010316927415564447
2022-01-24,Monday,2022-01-21,438.02,431.26,-0.015433085247248957,0.015433085247248957
2022-01-25,Tuesday,2022-01-24,439.89,436.3093,-0.008139989542840231,0.008139989542840231
2022-01-26,Wednesday,2022-01-25,434.48,440.74,0.0144080279874792,0.0144080279874792
2022-01-27,Thursday,2022-01-26,433.46,431.99,-0.0033913163844414562,0.0033913163844414562
2022-01-28,Friday,2022-01-27,431.27,436.2,0.011431353908224473,0.011431353908224473
2022-01-31,Monday,2022-01-28,441.9,447.38,0.012400995700384776,0.012400995700384776
2022-02-01,Tuesday,2022-01-31,449.79,450.43,0.0014228862357990035,0.0014228862357990035
2022-02-02,Wednesday,2022-02-01,452.97,456.2715,0.007288562156434253,0.007288562156434253
2022-02-03,Thursday,2022-02-02,457.3,449.9728,-0.01602274218237487,0.01602274218237487
2022-02-04,Friday,2022-02-03,446.65,450.64,0.008933169148102493,0.008933169148102493
2022-02-07,Monday,2022-02-04,448.73,449.42,0.0015376729882110585,0.0015376729882110585
2022-02-08,Tuesday,2022-02-07,447.23,450.3599,0.006998412449969793,0.006998412449969793
2022-02-09,Wednesday,2022-02-08,450.89,456.76,0.01301869635609565,0.01301869635609565
2022-02-10,Thursday,2022-02-09,457.5,452.07,-0.011868852459016366,0.011868852459016366
2022-02-11,Friday,2022-02-10,449.38,441.76,-0.016956695892118012,0.016956695892118012
2022-02-14,Monday,2022-02-11,440.51,436.24,-0.009693310027014124,0.009693310027014124
2022-02-15,Tuesday,2022-02-14,439.06,445.49,0.014644923245114683,0.014644923245114683
2022-02-16,Wednesday,2022-02-15,446.07,442.97,-0.006949581904185376,0.006949581904185376
2022-02-17,Thursday,2022-02-16,446.61,440.33,-0.014061485412328545,0.014061485412328545
2022-02-18,Friday,2022-02-17,437.11,433.95,-0.007229301548809297,0.007229301548809297
2022-02-22,Tuesday,2022-02-18,434.27,427.3199,-0.016004098832523517,0.016004098832523517
2022-02-23,Wednesday,2022-02-22,429.65,426.16,-0.008122890725008602,0.008122890725008602
2022-02-24,Thursday,2022-02-23,421.97,418.98,-0.007085811787567842,0.007085811787567842
2022-02-25,Friday,2022-02-24,428.31,436.6,0.019355139968714408,0.019355139968714408
2022-02-28,Monday,2022-02-25,437.68,434.58,-0.007082800219338381,0.007082800219338381
2022-03-01,Tuesday,2022-02-28,436.67,429.11,-0.01731284494011498,0.01731284494011498
2022-03-02,Wednesday,2022-03-01,430.01,438.75,0.020325108718401985,0.020325108718401985
2022-03-03,Thursday,2022-03-02,437.83,438.0201,0.0004341867848252079,0.0004341867848252079
2022-03-04,Friday,2022-03-03,435.72,430.48,-0.012026071789222437,0.012026071789222437
2022-03-07,Monday,2022-03-04,432.24,422.6602,-0.02216315010179537,0.02216315010179537
2022-03-08,Tuesday,2022-03-07,419.46,419.53,0.00016688122824581875,0.00016688122824581875
2022-03-09,Wednesday,2022-03-08,416.3,426.7001,0.024982224357434468,0.024982224357434468
2022-03-10,Thursday,2022-03-09,427.41,423.4799,-0.00919515219578404,0.00919515219578404
2022-03-11,Friday,2022-03-10,425.48,423.68,-0.004230516122966987,0.004230516122966987
2022-03-14,Monday,2022-03-11,420.08,416.71,-0.008022281470196124,0.008022281470196124
2022-03-15,Tuesday,2022-03-14,417.06,423.2,0.014722102335395393,0.014722102335395393
2022-03-16,Wednesday,2022-03-15,426.14,431.3465,0.01221781574130576,0.01221781574130576
2022-03-17,Thursday,2022-03-16,435.61,439.4359,0.008782856224604618,0.008782856224604618
2022-03-18,Friday,2022-03-17,441.0,442.035,0.0023469387755101767,0.0023469387755101767
2022-03-21,Monday,2022-03-18,444.47,442.55,-0.004319751614282219,0.004319751614282219
2022-03-22,Tuesday,2022-03-21,444.43,449.505,0.011419121121436504,0.011419121121436504
2022-03-23,Wednesday,2022-03-22,449.58,445.78,-0.008452333288847425,0.008452333288847425
2022-03-24,Thursday,2022-03-23,443.84,448.24,0.009913482335976997,0.009913482335976997
2022-03-25,Friday,2022-03-24,450.41,451.335,0.0020536844208609573,0.0020536844208609573
2022-03-28,Monday,2022-03-25,452.66,452.4299,-0.0005083285468122645,0.0005083285468122645
2022-03-29,Tuesday,2022-03-28,455.8698,459.55,0.008072919065926332,0.008072919065926332
2022-03-30,Wednesday,2022-03-29,461.59,458.64,-0.006390953010247169,0.006390953010247169
2022-03-31,Thursday,2022-03-30,458.72,456.95,-0.0038585629577957414,0.0038585629577957414
2022-04-01,Friday,2022-03-31,451.65,450.53,-0.0024797963024465464,0.0024797963024465464
2022-04-04,Monday,2022-04-01,452.88,455.715,0.006259936406995292,0.006259936406995292
2022-04-05,Tuesday,2022-04-04,456.78,453.02,-0.008231533779937794,0.008231533779937794
2022-04-06,Wednesday,2022-04-05,451.1,446.06,-0.011172688982487244,0.011172688982487244
2022-04-07,Thursday,2022-04-06,446.57,447.49,0.002060147345321006,0.002060147345321006
2022-04-08,Friday,2022-04-07,448.74,448.83,0.00020056157240277983,0.00020056157240277983
2022-04-11,Monday,2022-04-08,447.62,442.1891,-0.012132835887583182,0.012132835887583182
2022-04-12,Tuesday,2022-04-11,439.97,439.6099,-0.0008184648953338813,0.0008184648953338813
2022-04-13,Wednesday,2022-04-12,438.24,442.02,0.008625410733844374,0.008625410733844374
2022-04-14,Thursday,2022-04-13,443.36,441.28,-0.004691447130999782,0.004691447130999782
2022-04-18,Monday,2022-04-14,437.87,439.15,0.0029232420581450924,0.0029232420581450924
2022-04-19,Tuesday,2022-04-18,437.99,443.57,0.01274001689536286,0.01274001689536286
2022-04-20,Wednesday,2022-04-19,445.01,446.61,0.003595424821914106,0.003595424821914106
2022-04-21,Thursday,2022-04-20,444.68,441.75,-0.0065890078258523666,0.0065890078258523666
2022-04-22,Friday,2022-04-21,438.04,428.75,-0.02120810884850699,0.02120810884850699
2022-04-25,Monday,2022-04-22,426.09,422.49,-0.008448919242413533,0.008448919242413533
2022-04-26,Tuesday,2022-04-25,428.49,419.41,-0.02119069289831732,0.02119069289831732
2022-04-27,Wednesday,2022-04-26,416.11,421.93,0.013986686212780208,0.013986686212780208
2022-04-28,Thursday,2022-04-27,417.26,427.17,0.023750179744044475,0.023750179744044475
2022-04-29,Friday,2022-04-28,427.79,417.66,-0.023679842913579052,0.023679842913579052
2022-05-02,Monday,2022-04-29,412.05,407.65,-0.010678315738381294,0.010678315738381294
2022-05-03,Tuesday,2022-05-02,414.5,417.55,0.007358262967430695,0.007358262967430695
2022-05-04,Wednesday,2022-05-03,416.42,418.205,0.004286537630276976,0.004286537630276976
2022-05-05,Thursday,2022-05-04,428.99,413.45,-0.03622462062052734,0.03622462062052734
2022-05-06,Friday,2022-05-05,413.92,410.11,-0.009204677232315439,0.009204677232315439
2022-05-09,Monday,2022-05-06,411.38,400.54,-0.026350333025426553,0.026350333025426553
2022-05-10,Tuesday,2022-05-09,398.24,403.07,0.012128364805142677,0.012128364805142677
2022-05-11,Wednesday,2022-05-10,399.07,393.52,-0.013907334552835326,0.013907334552835326
2022-05-12,Thursday,2022-05-11,392.77,387.04,-0.014588690582274522,0.014588690582274522
2022-05-13,Friday,2022-05-12,392.41,399.35,0.01768558395555675,0.01768558395555675
2022-05-16,Monday,2022-05-13,401.69,402.0,0.0007717394010307022,0.0007717394010307022
2022-05-17,Tuesday,2022-05-16,400.23,406.31,0.015191265022612033,0.015191265022612033
2022-05-18,Wednesday,2022-05-17,408.27,393.01,-0.03737722585543879,0.03737722585543879
2022-05-19,Thursday,2022-05-18,391.93,391.75,-0.0004592656851989396,0.0004592656851989396
2022-05-20,Friday,2022-05-19,389.45,383.46,-0.015380665040441666,0.015380665040441666
2022-05-23,Monday,2022-05-20,389.6,396.72,0.01827515400410684,0.01827515400410684
2022-05-24,Tuesday,2022-05-23,396.93,391.4701,-0.01375532209709518,0.01375532209709518
2022-05-25,Wednesday,2022-05-24,394.0,394.48,0.0012182741116750773,0.0012182741116750773
2022-05-26,Thursday,2022-05-25,397.55,406.25,0.021884039743428563,0.021884039743428563
2022-05-27,Friday,2022-05-26,405.29,412.275,0.017234572775049806,0.017234572775049806
2022-05-31,Tuesday,2022-05-27,415.35,416.22,0.0020946189960273642,0.0020946189960273642
2022-06-01,Wednesday,2022-05-31,412.94,409.82,-0.007555577081416187,0.007555577081416187
2022-06-02,Thursday,2022-06-01,409.62,415.0344,0.013218104584737045,0.013218104584737045
2022-06-03,Friday,2022-06-02,417.37,410.7699,-0.015813546733114525,0.015813546733114525
2022-06-06,Monday,2022-06-03,410.59,413.78,0.007769307581772633,0.007769307581772633
2022-06-07,Tuesday,2022-06-06,411.76,413.105,0.003266465902467486,0.003266465902467486
2022-06-08,Wednesday,2022-06-07,415.7,411.52,-0.010055328361799343,0.010055328361799343
2022-06-09,Thursday,2022-06-08,411.29,409.43,-0.004522356488122714,0.004522356488122714
2022-06-10,Friday,2022-06-09,401.47,391.62,-0.024534834483273982,0.024534834483273982
2022-06-13,Monday,2022-06-10,389.82,379.3544,-0.02684726283925909,0.02684726283925909
2022-06-14,Tuesday,2022-06-13,375.02,373.17,-0.004933070236254,0.004933070236254
2022-06-15,Wednesday,2022-06-14,373.82,378.138,0.011551013856936354,0.011551013856936354
2022-06-16,Thursday,2022-06-15,379.13,365.8265,-0.03508954712104029,0.03508954712104029
2022-06-17,Friday,2022-06-16,366.93,367.2599,0.0008990815686915621,0.0008990815686915621
2022-06-21,Tuesday,2022-06-17,365.84,374.835,0.02458725125738037,0.02458725125738037
2022-06-22,Wednesday,2022-06-21,375.0699,377.11,0.005439252789946503,0.005439252789946503
2022-06-23,Thursday,2022-06-22,374.39,374.86,0.0012553754106681136,0.0012553754106681136
2022-06-24,Friday,2022-06-23,378.13,386.99,0.023431095126014823,0.023431095126014823
2022-06-27,Monday,2022-06-24,390.05,388.3918,-0.004251249839764215,0.004251249839764215
2022-06-28,Tuesday,2022-06-27,388.66,383.085,-0.014344156846601286,0.014344156846601286
2022-06-29,Wednesday,2022-06-28,380.74,380.8207,0.00021195566528331433,0.00021195566528331433
2022-06-30,Thursday,2022-06-29,380.36,379.835,-0.0013802713219056573,0.0013802713219056573
2022-07-01,Friday,2022-06-30,377.285,378.2197,0.002477437480949307,0.002477437480949307
2022-07-05,Tuesday,2022-07-01,381.2,377.475,-0.009771773347324153,0.009771773347324153
2022-07-06,Wednesday,2022-07-05,381.95,381.88,-0.00018327006152640823,0.00018327006152640823
2022-07-07,Thursday,2022-07-06,383.31,388.42,0.013331246249771667,0.013331246249771667
2022-07-08,Friday,2022-07-07,388.94,388.48,-0.0011827017020619168,0.0011827017020619168
2022-07-11,Monday,2022-07-08,388.68,386.415,-0.005827415869095409,0.005827415869095409
2022-07-12,Tuesday,2022-07-11,384.3,384.43,0.0003382773874576195,0.0003382773874576195
2022-07-13,Wednesday,2022-07-12,380.8802,380.84,-0.00010554499813864027,0.00010554499813864027
2022-07-14,Thursday,2022-07-13,378.87,375.6,-0.008630928814632899,0.008630928814632899
2022-07-15,Friday,2022-07-14,377.96,384.19,0.01648322573817329,0.01648322573817329
2022-07-18,Monday,2022-07-15,385.1,384.5171,-0.0015136328226434959,0.0015136328226434959
2022-07-19,Tuesday,2022-07-18,381.99,391.5991,0.025155370559438728,0.025155370559438728
2022-07-20,Wednesday,2022-07-19,392.25,392.5401,0.000739579349904318,0.000739579349904318
2022-07-21,Thursday,2022-07-20,394.79,396.4799,0.00428050355885401,0.00428050355885401
2022-07-22,Friday,2022-07-21,398.8,394.0212,-0.01198294884653961,0.01198294884653961
2022-07-25,Monday,2022-07-22,395.12,394.485,-0.0016071067017614515,0.0016071067017614515
2022-07-26,Tuesday,2022-07-25,395.55,391.27,-0.01082037669068392,0.01082037669068392
2022-07-27,Wednesday,2022-07-26,390.91,396.31,0.013813921362973547,0.013813921362973547
2022-07-28,Thursday,2022-07-27,401.0,406.15,0.012842892768079706,0.012842892768079706
2022-07-29,Friday,2022-07-28,406.01,410.89,0.012019408388955988,0.012019408388955988
2022-08-01,Monday,2022-07-29,412.06,410.03,-0.004926467019366165,0.004926467019366165
2022-08-02,Tuesday,2022-08-01,410.71,409.49,-0.002970465778773246,0.002970465778773246
2022-08-03,Wednesday,2022-08-02,408.12,414.555,0.015767421346662758,0.015767421346662758
2022-08-04,Thursday,2022-08-03,414.41,414.18,-0.0005550059120195128,0.0005550059120195128
2022-08-05,Friday,2022-08-04,414.17,412.53,-0.003959726682280285,0.003959726682280285
2022-08-08,Monday,2022-08-05,413.43,413.9008,0.0011387659337736,0.0011387659337736
2022-08-09,Tuesday,2022-08-08,413.02,411.285,-0.004200765096121106,0.004200765096121106
2022-08-10,Wednesday,2022-08-09,411.34,419.4299,0.019667185296834644,0.019667185296834644
2022-08-11,Thursday,2022-08-10,419.95,421.95,0.004762471722824069,0.004762471722824069
2022-08-12,Friday,2022-08-11,420.01,424.81,0.011428299326206481,0.011428299326206481
2022-08-15,Monday,2022-08-12,427.06,428.55,0.0034889711047627614,0.0034889711047627614
2022-08-16,Tuesday,2022-08-15,428.86,430.9999,0.004989740241570617,0.004989740241570617
2022-08-17,Wednesday,2022-08-16,429.66,426.7,-0.006889168179490812,0.006889168179490812
2022-08-18,Thursday,2022-08-17,426.67,426.9957,0.000763353411301404,0.000763353411301404
2022-08-19,Friday,2022-08-18,427.83,422.845,-0.01165182432274492,0.01165182432274492
2022-08-22,Monday,2022-08-19,422.15,413.3692,-0.020800189506099742,0.020800189506099742
2022-08-23,Tuesday,2022-08-22,413.46,412.46,-0.0024186136506554323,0.0024186136506554323
2022-08-24,Wednesday,2022-08-23,412.33,413.08,0.0018189314384109423,0.0018189314384109423
2022-08-25,Thursday,2022-08-24,413.63,416.75,0.007542973188598534,0.007542973188598534
2022-08-26,Friday,2022-08-25,419.51,409.08,-0.02486233939596194,0.02486233939596194
2022-08-29,Monday,2022-08-26,405.32,405.08,-0.0005921247409454988,0.0005921247409454988
2022-08-30,Tuesday,2022-08-29,402.63,397.395,-0.01300201177259519,0.01300201177259519
2022-08-31,Wednesday,2022-08-30,398.18,396.7553,-0.0035780300366669016,0.0035780300366669016
2022-09-01,Thursday,2022-08-31,395.13,392.13,-0.007592437931819962,0.007592437931819962
2022-09-02,Friday,2022-09-01,396.4,392.37,-0.010166498486377296,0.010166498486377296
2022-09-06,Tuesday,2022-09-02,392.27,390.38,-0.0048181099752721,0.0048181099752721
2022-09-07,Wednesday,2022-09-06,390.79,396.45,0.014483482177128248,0.014483482177128248
2022-09-08,Thursday,2022-09-07,397.77,398.99,0.00306709907735625,0.00306709907735625
2022-09-09,Friday,2022-09-08,400.4,406.54,0.015334665334665543,0.015334665334665543
2022-09-12,Monday,2022-09-09,406.55,410.92,0.010748985364653851,0.010748985364653851
2022-09-13,Tuesday,2022-09-12,410.95,398.41,-0.03051466115099155,0.03051466115099155
2022-09-14,Wednesday,2022-09-13,393.13,393.11,-5.0873756772484846e-05,5.0873756772484846e-05
2022-09-15,Thursday,2022-09-14,394.61,392.87,-0.004409416892628193,0.004409416892628193
2022-09-16,Friday,2022-09-15,390.13,382.795,-0.018801425165970276,0.018801425165970276
2022-09-19,Monday,2022-09-16,385.64,385.42,-0.000570480240638882,0.000570480240638882
2022-09-20,Tuesday,2022-09-19,388.54,381.41,-0.01835074895763622,0.01835074895763622
2022-09-21,Wednesday,2022-09-20,384.17,387.1,0.007626831871307083,0.007626831871307083
2022-09-22,Thursday,2022-09-21,377.39,375.43,-0.005193566337210798,0.005193566337210798
2022-09-23,Friday,2022-09-22,374.23,366.1599,-0.021564545867514662,0.021564545867514662
2022-09-26,Monday,2022-09-23,367.92,363.31,-0.012529897803870482,0.012529897803870482
2022-09-27,Tuesday,2022-09-26,364.31,361.76,-0.006999533364442367,0.006999533364442367
2022-09-28,Wednesday,2022-09-27,363.39,368.71,0.014639918544814057,0.014639918544814057
2022-09-29,Thursday,2022-09-28,370.48,360.5,-0.02693802634420217,0.02693802634420217
2022-09-30,Friday,2022-09-29,362.79,360.99,-0.00496154800297699,0.00496154800297699
2022-10-03,Monday,2022-09-30,357.19,365.68,0.023768862510148647,0.023768862510148647
2022-10-04,Tuesday,2022-10-03,366.6,376.29,0.02643207855973806,0.02643207855973806
2022-10-05,Wednesday,2022-10-04,377.93,375.83,-0.005556584552695032,0.005556584552695032
2022-10-06,Thursday,2022-10-05,377.15,375.41,-0.004613548985814564,0.004613548985814564
2022-10-07,Friday,2022-10-06,373.22,363.43,-0.026231177321687005,0.026231177321687005
2022-10-10,Monday,2022-10-07,362.8,361.498,-0.003588754134509431,0.003588754134509431
2022-10-11,Tuesday,2022-10-10,360.07,361.89,0.005054572721970629,0.005054572721970629
2022-10-12,Wednesday,2022-10-11,357.74,357.6599,-0.00022390562978702455,0.00022390562978702455
2022-10-13,Thursday,2022-10-12,356.55,365.556,0.02525872949095498,0.02525872949095498
2022-10-14,Friday,2022-10-13,365.96,360.12,-0.015958028199803187,0.015958028199803187
2022-10-17,Monday,2022-10-14,357.68,367.41,0.027203086557817002,0.027203086557817002
2022-10-18,Tuesday,2022-10-17,366.8,372.04,0.014285714285714235,0.014285714285714235
2022-10-19,Wednesday,2022-10-18,371.14,366.9301,-0.011343158915773088,0.011343158915773088
2022-10-20,Thursday,2022-10-19,368.56,366.11,-0.006647492945517697,0.006647492945517697
2022-10-21,Friday,2022-10-20,365.43,372.6,0.019620720794680357,0.019620720794680357
2022-10-24,Monday,2022-10-21,374.28,377.16,0.007694773966014923,0.007694773966014923
2022-10-25,Tuesday,2022-10-24,378.84,382.97,0.010901699926090247,0.010901699926090247
2022-10-26,Wednesday,2022-10-25,384.87,383.78,-0.002832125133161889,0.002832125133161889
2022-10-27,Thursday,2022-10-26,382.08,380.7801,-0.003402167085427066,0.003402167085427066
2022-10-28,Friday,2022-10-27,379.96,387.52,0.01989683124539421,0.01989683124539421
2022-10-31,Monday,2022-10-28,388.97,387.07,-0.00488469547780046,0.00488469547780046
2022-11-01,Tuesday,2022-10-31,386.21,385.09,-0.0028999766966157914,0.0028999766966157914
2022-11-02,Wednesday,2022-11-01,384.53,383.325,-0.0031336956804409732,0.0031336956804409732
2022-11-03,Thursday,2022-11-02,374.87,372.2622,-0.006956544935577624,0.006956544935577624
2022-11-04,Friday,2022-11-03,371.02,370.76,-0.0007007708479327412,0.0007007708479327412
2022-11-07,Monday,2022-11-04,376.34,377.92,0.004198331296168423,0.004198331296168423
2022-11-08,Tuesday,2022-11-07,379.94,380.75,0.0021319155656156497,0.0021319155656156497
2022-11-09,Wednesday,2022-11-08,381.97,376.14,-0.015262978767966229,0.015262978767966229
2022-11-10,Thursday,2022-11-09,374.15,391.28,0.04578377656020316,0.04578377656020316
2022-11-11,Friday,2022-11-10,394.64,398.18,0.008970200689235819,0.008970200689235819
2022-11-14,Monday,2022-11-11,398.5,400.1001,0.0040153074027602376,0.0040153074027602376
2022-11-15,Tuesday,2022-11-14,395.18,396.47,0.003264335239637761,0.003264335239637761
2022-11-16,Wednesday,2022-11-15,398.54,395.3,-0.008129673307572638,0.008129673307572638
2022-11-17,Thursday,2022-11-16,395.51,394.2111,-0.0032841141816895014,0.0032841141816895014
2022-11-18,Friday,2022-11-17,394.28,393.89,-0.0009891447702140566,0.0009891447702140566
2022-11-21,Monday,2022-11-18,396.09,394.7401,-0.003408063823878371,0.003408063823878371
2022-11-22,Tuesday,2022-11-21,394.58,398.535,0.010023315930863363,0.010023315930863363
2022-11-23,Wednesday,2022-11-22,399.87,400.9699,0.0027506439592868137,0.0027506439592868137
2022-11-25,Friday,2022-11-23,402.39,402.27,-0.0002982181465742695,0.0002982181465742695
2022-11-28,Monday,2022-11-25,402.37,396.57,-0.01441459353331509,0.01441459353331509
2022-11-29,Tuesday,2022-11-28,395.92,395.015,-0.0022858153162256256,0.0022858153162256256
2022-11-30,Wednesday,2022-11-29,395.25,399.72,0.011309297912713623,0.011309297912713623
2022-12-01,Thursday,2022-11-30,407.47,407.1115,-0.0008798193732054704,0.0008798193732054704
2022-12-02,Friday,2022-12-01,407.38,405.22,-0.00530217487358231,0.00530217487358231
2022-12-05,Monday,2022-12-02,406.87,399.1901,-0.01887556221889064,0.01887556221889064
2022-12-06,Tuesday,2022-12-05,399.61,393.3,-0.015790395635744803,0.015790395635744803
2022-12-07,Wednesday,2022-12-06,393.86,393.0425,-0.0020756106230640503,0.0020756106230640503
2022-12-08,Thursday,2022-12-07,393.15,396.47,0.008444614015007179,0.008444614015007179
2022-12-09,Friday,2022-12-08,396.21,395.9853,-0.0005671234951162285,0.0005671234951162285
2022-12-12,Monday,2022-12-09,393.285,395.8699,0.006572587309457312,0.006572587309457312
2022-12-13,Tuesday,2022-12-12,398.91,401.64,0.006843648943370528,0.006843648943370528
2022-12-14,Wednesday,2022-12-13,401.95,404.76,0.006990919268565765,0.006990919268565765
2022-12-15,Thursday,2022-12-14,399.41,388.7501,-0.026689116446759087,0.026689116446759087
2022-12-16,Friday,2022-12-15,389.65,381.725,-0.020338765558834737,0.020338765558834737
2022-12-19,Monday,2022-12-16,383.3,379.9,-0.008870336551004554,0.008870336551004554
2022-12-20,Tuesday,2022-12-19,379.98,381.26,0.0033685983472813152,0.0033685983472813152
2022-12-21,Wednesday,2022-12-20,380.52,386.38,0.015399978976137874,0.015399978976137874
2022-12-22,Thursday,2022-12-21,386.23,375.53,-0.0277036998679544,0.0277036998679544
2022-12-23,Friday,2022-12-22,380.76,381.47,0.0018646916692930393,0.0018646916692930393
2022-12-27,Tuesday,2022-12-23,382.9,381.18,-0.004492034473752904,0.004492034473752904
2022-12-28,Wednesday,2022-12-27,381.39,378.67,-0.007131807336322349,0.007131807336322349
2022-12-29,Thursday,2022-12-28,376.68,383.88,0.019114367633004115,0.019114367633004115
2022-12-30,Friday,2022-12-29,383.39,379.32,-0.010615822008920417,0.010615822008920417
2023-01-03,Tuesday,2022-12-30,382.44,379.83,-0.006824599937245046,0.006824599937245046
2023-01-04,Wednesday,2023-01-03,380.84,384.14,0.008665056191576648,0.008665056191576648
2023-01-05,Thursday,2023-01-04,383.74,380.57,-0.008260801584406119,0.008260801584406119
2023-01-06,Friday,2023-01-05,379.4,386.72,0.0192936215076438,0.0192936215076438
2023-01-09,Monday,2023-01-06,388.03,390.485,0.006326830399711492,0.006326830399711492
2023-01-10,Tuesday,2023-01-09,387.8657,389.52,0.004265136102522105,0.004265136102522105
2023-01-11,Wednesday,2023-01-10,390.63,393.64,0.007705501369582368,0.007705501369582368
2023-01-12,Thursday,2023-01-11,395.5,398.26,0.006978508217446278,0.006978508217446278
2023-01-13,Friday,2023-01-12,396.94,397.52,0.0014611780117901318,0.0014611780117901318
2023-01-17,Tuesday,2023-01-13,398.47,398.655,0.000464275855145857,0.000464275855145857
2023-01-18,Wednesday,2023-01-17,397.76,393.5889,-0.0104864742558326,0.0104864742558326
2023-01-19,Thursday,2023-01-18,391.54,389.81,-0.004418450222199555,0.004418450222199555
2023-01-20,Friday,2023-01-19,388.68,393.42,0.012195121951219523,0.012195121951219523
2023-01-23,Monday,2023-01-20,395.83,402.005,0.015600131369527315,0.015600131369527315
2023-01-24,Tuesday,2023-01-23,400.59,400.78,0.00047430040689988573,0.00047430040689988573
2023-01-25,Wednesday,2023-01-24,400.17,398.99,-0.002948746782617362,0.002948746782617362
2023-01-26,Thursday,2023-01-25,400.36,402.905,0.006356778898990889,0.006356778898990889
2023-01-27,Friday,2023-01-26,404.71,406.42,0.004225247708235624,0.004225247708235624
2023-01-30,Monday,2023-01-27,405.68,402.25,-0.008454939854072197,0.008454939854072197
2023-01-31,Tuesday,2023-01-30,400.63,404.22,0.008960886603599505,0.008960886603599505
2023-02-01,Wednesday,2023-01-31,406.45,404.73,-0.004231762824455587,0.004231762824455587
2023-02-02,Thursday,2023-02-01,410.79,418.055,0.01768543538060796,0.01768543538060796
2023-02-03,Friday,2023-02-02,416.78,412.9792,-0.009119439512452532,0.009119439512452532
2023-02-06,Monday,2023-02-03,412.36,409.97,-0.005795906489475144,0.005795906489475144
2023-02-07,Tuesday,2023-02-06,409.9,408.905,-0.002427421322273693,0.002427421322273693
2023-02-08,Wednesday,2023-02-07,415.18,411.41,-0.009080398863143602,0.009080398863143602
2023-02-09,Thursday,2023-02-08,410.66,409.3399,-0.003214581405542316,0.003214581405542316
2023-02-10,Friday,2023-02-09,407.13,406.73,-0.00098248716626137,0.00098248716626137
2023-02-13,Monday,2023-02-10,408.03,412.75,0.011567776879151115,0.011567776879151115
2023-02-14,Tuesday,2023-02-13,412.82,412.45,-0.000896274405309816,0.000896274405309816
2023-02-15,Wednesday,2023-02-14,412.67,412.98,0.0007512055637677317,0.0007512055637677317
2023-02-16,Thursday,2023-02-15,413.99,412.15,-0.004444551800768193,0.004444551800768193
2023-02-17,Friday,2023-02-16,408.33,405.16,-0.007763328680233994,0.007763328680233994
2023-02-21,Tuesday,2023-02-17,407.24,399.655,-0.01862538061094199,0.01862538061094199
2023-02-22,Wednesday,2023-02-21,399.13,400.3599,0.0030814521584445753,0.0030814521584445753
2023-02-23,Thursday,2023-02-22,398.58,398.195,-0.0009659290481207616,0.0009659290481207616
2023-02-24,Friday,2023-02-23,400.65,395.58,-0.012654436540621483,0.012654436540621483
2023-02-27,Monday,2023-02-24,396.39,399.02,0.0066348797901056855,0.0066348797901056855
2023-02-28,Tuesday,2023-02-27,397.73,398.94,0.0030422648530410434,0.0030422648530410434
2023-03-01,Wednesday,2023-02-28,396.2,394.8076,-0.0035143866733973184,0.0035143866733973184
2023-03-02,Thursday,2023-03-01,394.78,396.139,0.003442423628350122,0.003442423628350122
2023-03-03,Friday,2023-03-02,397.79,402.875,0.01278312677543414,0.01278312677543414
2023-03-06,Monday,2023-03-03,404.14,404.855,0.001769188894937379,0.001769188894937379
2023-03-07,Tuesday,2023-03-06,404.46,398.3866,-0.0150160708104633,0.0150160708104633
2023-03-08,Wednesday,2023-03-07,398.26,397.0099,-0.0031389042334153405,0.0031389042334153405
2023-03-09,Thursday,2023-03-08,398.92,395.17,-0.009400381028777716,0.009400381028777716
2023-03-10,Friday,2023-03-09,391.59,384.91,-0.01705865829055886,0.01705865829055886
2023-03-13,Monday,2023-03-10,385.92,387.83,0.004949212271973424,0.004949212271973424
2023-03-14,Tuesday,2023-03-13,385.29,389.1691,0.010068000726725312,0.010068000726725312
2023-03-15,Wednesday,2023-03-14,391.69,386.49,-0.013275804845668704,0.013275804845668704
2023-03-16,Thursday,2023-03-15,389.35,395.025,0.014575574675741443,0.014575574675741443
2023-03-17,Friday,2023-03-16,396.03,391.0088,-0.012678837461808312,0.012678837461808312
2023-03-20,Monday,2023-03-17,390.11,393.02,0.007459434518469088,0.007459434518469088
2023-03-21,Tuesday,2023-03-20,393.66,396.275,0.006642788192856575,0.006642788192856575
2023-03-22,Wednesday,2023-03-21,398.87,398.54,-0.0008273372276681457,0.0008273372276681457
2023-03-23,Thursday,2023-03-22,392.14,394.82,0.006834293874636632,0.006834293874636632
2023-03-24,Friday,2023-03-23,393.11,393.555,0.0011319986772149182,0.0011319986772149182
2023-03-27,Monday,2023-03-24,395.72,396.83,0.0028050136460122665,0.0028050136460122665
2023-03-28,Tuesday,2023-03-27,396.45,393.845,-0.006570815991928214,0.006570815991928214
2023-03-29,Wednesday,2023-03-28,395.65,399.5589,0.009879691646657474,0.009879691646657474
2023-03-30,Thursday,2023-03-29,401.34,402.33,0.00246673643294959,0.00246673643294959
2023-03-31,Friday,2023-03-30,403.7,407.13,0.00849640822392872,0.00849640822392872
2023-04-03,Monday,2023-03-31,409.36,409.2214,-0.0003385772913816476,0.0003385772913816476
2023-04-04,Tuesday,2023-04-03,410.93,408.68,-0.0054753851020855615,0.0054753851020855615
2023-04-05,Wednesday,2023-04-04,408.7,407.16,-0.003768045020797528,0.003768045020797528
2023-04-06,Thursday,2023-04-05,407.65,408.86,0.002968232552434724,0.002968232552434724
2023-04-10,Monday,2023-04-06,409.2,408.64,-0.001368523949169087,0.001368523949169087
2023-04-11,Tuesday,2023-04-10,409.66,410.81,0.002807205975687177,0.002807205975687177
2023-04-12,Wednesday,2023-04-11,409.71,410.8799,0.002855434331600515,0.002855434331600515
2023-04-13,Thursday,2023-04-12,408.07,412.67,0.011272575783566552,0.011272575783566552
2023-04-14,Friday,2023-04-13,413.445,411.02,-0.00586535089310547,0.00586535089310547
2023-04-17,Monday,2023-04-14,412.49,411.3234,-0.0028281897742975515,0.0028281897742975515
2023-04-18,Tuesday,2023-04-17,413.94,413.9512,2.7057061409818672e-05,2.7057061409818672e-05
2023-04-19,Wednesday,2023-04-18,414.22,414.5394,0.0007710878277242816,0.0007710878277242816
2023-04-20,Thursday,2023-04-19,414.21,413.23,-0.002365949639071885,0.002365949639071885
2023-04-21,Friday,2023-04-20,411.88,412.22,0.0008254831504321825,0.0008254831504321825
2023-04-24,Monday,2023-04-21,412.18,412.17,-2.4261245087031647e-05,2.4261245087031647e-05
2023-04-25,Tuesday,2023-04-24,412.63,406.975,-0.01370477182948393,0.01370477182948393
2023-04-26,Wednesday,2023-04-25,406.12,405.28,-0.002068354181030352,0.002068354181030352
2023-04-27,Thursday,2023-04-26,404.37,410.77,0.015827089052105725,0.015827089052105725
2023-04-28,Friday,2023-04-27,412.4,414.9475,0.006177255092143508,0.006177255092143508
2023-05-01,Monday,2023-04-28,415.93,417.03,0.002644675786791062,0.002644675786791062
2023-05-02,Tuesday,2023-05-01,415.53,410.82,-0.011334921666305675,0.011334921666305675
2023-05-03,Wednesday,2023-05-02,410.87,412.12,0.0030423248229367594,0.0030423248229367594
2023-05-04,Thursday,2023-05-03,407.99,406.132,-0.004554033187087914,0.004554033187087914
2023-05-05,Friday,2023-05-04,405.17,411.8599,0.016511340918626605,0.016511340918626605
2023-05-08,Monday,2023-05-05,412.61,412.76,0.00036353941979094806,0.00036353941979094806
2023-05-09,Tuesday,2023-05-08,412.79,411.84,-0.0023014123404153652,0.0023014123404153652
2023-05-10,Wednesday,2023-05-09,410.96,410.1,-0.0020926610862369577,0.0020926610862369577
2023-05-11,Thursday,2023-05-10,412.8,411.3299,-0.0035612887596899734,0.0035612887596899734
2023-05-12,Friday,2023-05-11,412.16,409.3101,-0.006914547748447353,0.006914547748447353
2023-05-15,Monday,2023-05-12,411.61,412.3,0.0016763441121450118,0.0016763441121450118
2023-05-16,Tuesday,2023-05-15,413.01,411.88,-0.0027360112345947707,0.0027360112345947707
2023-05-17,Wednesday,2023-05-16,410.25,415.75,0.013406459475929333,0.013406459475929333
2023-05-18,Thursday,2023-05-17,415.21,415.625,0.0009994942318345412,0.0009994942318345412
2023-05-19,Friday,2023-05-18,419.23,418.005,-0.0029220237101352797,0.0029220237101352797
2023-05-22,Monday,2023-05-19,418.61,419.16,0.00131387210052325,0.00131387210052325
2023-05-23,Tuesday,2023-05-22,418.78,415.68,-0.007402454749510401,0.007402454749510401
2023-05-24,Wednesday,2023-05-23,414.09,411.2,-0.006979159119998024,0.006979159119998024
2023-05-25,Thursday,2023-05-24,411.09,414.9799,0.00946240482619376,0.00946240482619376
2023-05-26,Friday,2023-05-25,414.63,419.565,0.011902177845307893,0.011902177845307893
2023-05-30,Tuesday,2023-05-26,419.98,419.015,-0.0022977284632602624,0.0022977284632602624
2023-05-31,Wednesday,2023-05-30,420.17,418.31,-0.004426779636813705,0.004426779636813705
2023-06-01,Thursday,2023-05-31,417.83,422.08,0.010171600890314325,0.010171600890314325
2023-06-02,Friday,2023-06-01,421.81,428.14,0.015006756596571913,0.015006756596571913
2023-06-05,Monday,2023-06-02,427.91,428.4999,0.0013785609123413423,0.0013785609123413423
2023-06-06,Tuesday,2023-06-05,427.1,426.86,-0.0005619292905643114,0.0005619292905643114
2023-06-07,Wednesday,2023-06-06,428.04,426.715,-0.003095505092982065,0.003095505092982065
2023-06-08,Thursday,2023-06-07,426.6,428.21,0.0037740271917485746,0.0037740271917485746
2023-06-09,Friday,2023-06-08,429.125,430.58,0.0033906204485871783,0.0033906204485871783
2023-06-12,Monday,2023-06-09,429.89,431.79,0.004419735281118609,0.004419735281118609
2023-06-13,Tuesday,2023-06-12,433.79,436.845,0.00704257820604437,0.00704257820604437
2023-06-14,Wednesday,2023-06-13,436.66,437.29,0.0014427701186277009,0.0014427701186277009
2023-06-15,Thursday,2023-06-14,437.18,441.735,0.010419049361819033,0.010419049361819033
2023-06-16,Friday,2023-06-15,442.6,441.32,-0.0028920018075011544,0.0028920018075011544
2023-06-20,Tuesday,2023-06-16,439.43,437.44,-0.004528593860228081,0.004528593860228081
2023-06-21,Wednesday,2023-06-20,437.23,435.8799,-0.0030878485007890255,0.0030878485007890255
2023-06-22,Thursday,2023-06-21,434.93,435.655,0.0016669349090656649,0.0016669349090656649
2023-06-23,Friday,2023-06-22,436.54,434.58,-0.0044898520181427815,0.0044898520181427815
2023-06-26,Monday,2023-06-23,433.21,432.1879,-0.00235936381893298,0.00235936381893298
2023-06-27,Tuesday,2023-06-26,431.43,436.225,0.01111420160860388,0.01111420160860388
2023-06-28,Wednesday,2023-06-27,436.14,435.38,-0.0017425597285275485,0.0017425597285275485
2023-06-29,Thursday,2023-06-28,436.38,437.1,0.0016499381273202829,0.0016499381273202829
2023-06-30,Friday,2023-06-29,438.14,443.8,0.012918245309718301,0.012918245309718301
2023-07-03,Monday,2023-06-30,443.34,443.79,0.001015022330491444,0.001015022330491444
2023-07-05,Wednesday,2023-07-03,443.99,443.2801,-0.0015989098853578243,0.0015989098853578243
2023-07-06,Thursday,2023-07-05,443.14,439.72,-0.00771765130658475,0.00771765130658475
2023-07-07,Friday,2023-07-06,439.67,441.79,0.004821798166806834,0.004821798166806834
2023-07-10,Monday,2023-07-07,438.521,438.97,0.0010238962330195722,0.0010238962330195722
2023-07-11,Tuesday,2023-07-10,439.66,441.01,0.003070554519401192,0.003070554519401192
2023-07-12,Wednesday,2023-07-11,442.48,446.34,0.008723558126920938,0.008723558126920938
2023-07-13,Thursday,2023-07-12,446.01,448.69,0.006008833882648279,0.006008833882648279
2023-07-14,Friday,2023-07-13,449.53,449.8387,0.0006867172380042863,0.0006867172380042863
2023-07-17,Monday,2023-07-14,449.28,450.79,0.0033609330484332123,0.0033609330484332123
2023-07-18,Tuesday,2023-07-17,450.855,453.49,0.005844451098468539,0.005844451098468539
2023-07-19,Wednesday,2023-07-18,454.19,455.0785,0.001956229771681528,0.001956229771681528
2023-07-20,Thursday,2023-07-19,455.13,453.3989,-0.0038035286621403985,0.0038035286621403985
2023-07-21,Friday,2023-07-20,452.18,454.05,0.0041355212525986396,0.0041355212525986396
2023-07-24,Monday,2023-07-21,452.19,454.77,0.00570556624427776,0.00570556624427776
2023-07-25,Tuesday,2023-07-24,454.2,455.82,0.0035667107001320364,0.0035667107001320364
2023-07-26,Wednesday,2023-07-25,455.41,454.24,-0.0025691135460355063,0.0025691135460355063
2023-07-27,Thursday,2023-07-26,455.51,456.04,0.0011635309872450872,0.0011635309872450872
2023-07-28,Friday,2023-07-27,452.48,456.27,0.00837606082036757,0.00837606082036757
2023-07-31,Monday,2023-07-28,456.91,456.88,-6.565844477035565e-05,6.565844477035565e-05
2023-08-01,Tuesday,2023-07-31,457.79,456.43,-0.002970794469079774,0.002970794469079774
2023-08-02,Wednesday,2023-08-01,456.465,450.57,-0.01291446222601944,0.01291446222601944
2023-08-03,Thursday,2023-08-02,450.14,449.5101,-0.0013993424268005095,0.0013993424268005095
2023-08-04,Friday,2023-08-03,448.84,450.76,0.0042776936101951435,0.0042776936101951435
2023-08-07,Monday,2023-08-04,446.8,450.21,0.0076320501342881375,0.0076320501342881375
2023-08-08,Tuesday,2023-08-07,450.7,447.2449,-0.007666074994453154,0.007666074994453154
2023-08-09,Wednesday,2023-08-08,448.75,447.5205,-0.0027398328690807494,0.0027398328690807494
2023-08-10,Thursday,2023-08-09,445.75,444.8623,-0.0019914750420638727,0.0019914750420638727
2023-08-11,Friday,2023-08-10,445.93,444.9487,-0.002200569596125024,0.002200569596125024
2023-08-14,Monday,2023-08-11,445.58,447.111,0.0034359710938551835,0.0034359710938551835
2023-08-15,Tuesday,2023-08-14,448.09,444.04,-0.009038362828895918,0.009038362828895918
2023-08-16,Wednesday,2023-08-15,442.94,442.28,-0.0014900437982571235,0.0014900437982571235
2023-08-17,Thursday,2023-08-16,439.63,438.82,-0.0018424584309533198,0.0018424584309533198
2023-08-18,Friday,2023-08-17,436.26,435.905,-0.0008137349287122841,0.0008137349287122841
2023-08-21,Monday,2023-08-18,436.46,438.05,0.0036429455161985924,0.0036429455161985924
2023-08-22,Tuesday,2023-08-21,439.34,438.18,-0.002640324122547333,0.002640324122547333
2023-08-23,Wednesday,2023-08-22,438.11,443.55,0.01241697290634769,0.01241697290634769
2023-08-24,Thursday,2023-08-23,442.97,439.3399,-0.008194911619297085,0.008194911619297085
2023-08-25,Friday,2023-08-24,436.92,438.5696,0.0037755195459121538,0.0037755195459121538
2023-08-28,Monday,2023-08-25,439.95,441.14,0.002704852824184645,0.002704852824184645
2023-08-29,Tuesday,2023-08-28,442.72,448.07,0.012084387423201948,0.012084387423201948
2023-08-30,Wednesday,2023-08-29,449.14,450.735,0.0035512312419290204,0.0035512312419290204
2023-08-31,Thursday,2023-08-30,450.99,451.46,0.0010421517106808942,0.0010421517106808942
2023-09-01,Friday,2023-08-31,450.28,450.65,0.0008217109354180518,0.0008217109354180518
2023-09-05,Tuesday,2023-09-01,451.21,450.02,-0.0026373528955475622,0.0026373528955475622
2023-09-06,Wednesday,2023-09-05,449.25,445.31,-0.008770172509738439,0.008770172509738439
2023-09-07,Thursday,2023-09-06,446.19,445.07,-0.0025101414195746186,0.0025101414195746186
2023-09-08,Friday,2023-09-07,444.84,445.881,0.0023401672511464966,0.0023401672511464966
2023-09-11,Monday,2023-09-08,445.51,448.3799,0.006441830710870677,0.006441830710870677
2023-09-12,Tuesday,2023-09-11,448.48,447.0329,-0.0032266767748840852,0.0032266767748840852
2023-09-13,Wednesday,2023-09-12,445.97,447.375,0.003150436127990597,0.003150436127990597
2023-09-14,Thursday,2023-09-13,446.51,450.15,0.008152113054578747,0.008152113054578747
2023-09-15,Friday,2023-09-14,450.39,443.97,-0.014254312928794977,0.014254312928794977
2023-09-18,Monday,2023-09-15,443.29,444.31,0.002300976787204645,0.002300976787204645
2023-09-19,Tuesday,2023-09-18,443.64,442.15,-0.00335857902804082,0.00335857902804082
2023-09-20,Wednesday,2023-09-19,442.75,443.575,0.0018633540372670065,0.0018633540372670065
2023-09-21,Thursday,2023-09-20,438.58,434.42,-0.009485156641889647,0.009485156641889647
2023-09-22,Friday,2023-09-21,431.41,431.62,0.00048677592081780574,0.00048677592081780574
2023-09-25,Monday,2023-09-22,430.38,431.47,0.0025326455690319882,0.0025326455690319882
2023-09-26,Tuesday,2023-09-25,432.22,426.71,-0.0127481375225581,0.0127481375225581
2023-09-27,Wednesday,2023-09-26,425.83,423.31,-0.00591785454289262,0.00591785454289262
2023-09-28,Thursday,2023-09-27,426.02,428.155,0.005011501807426821,0.005011501807426821
2023-09-29,Friday,2023-09-28,428.53,426.17,-0.005507199029239351,0.005507199029239351
2023-10-02,Monday,2023-09-29,427.39,425.4973,-0.00442850792016658,0.00442850792016658
2023-10-03,Tuesday,2023-10-02,427.36,420.89,-0.015139460876076427,0.015139460876076427
2023-10-04,Wednesday,2023-10-03,421.67,422.2,0.001256907060023238,0.001256907060023238
2023-10-05,Thursday,2023-10-04,424.71,424.07,-0.0015069105978197106,0.0015069105978197106
2023-10-06,Friday,2023-10-05,424.46,429.74,0.012439334684069214,0.012439334684069214
2023-10-09,Monday,2023-10-06,429.52,432.11,0.006029986962190481,0.006029986962190481
2023-10-10,Tuesday,2023-10-09,432.27,435.43,0.007310245911120505,0.007310245911120505
2023-10-11,Wednesday,2023-10-10,434.48,433.8296,-0.0014969618854722144,0.0014969618854722144
2023-10-12,Thursday,2023-10-11,436.31,432.4399,-0.008870069446036077,0.008870069446036077
2023-10-13,Friday,2023-10-12,433.7,431.4,-0.005303204980401266,0.005303204980401266
2023-10-16,Monday,2023-10-13,431.55,436.46,0.0113775923994901,0.0113775923994901
2023-10-17,Tuesday,2023-10-16,436.01,434.8738,-0.002605903534322551,0.002605903534322551
2023-10-18,Wednesday,2023-10-17,436.09,432.49,-0.008255176683712007,0.008255176683712007
2023-10-19,Thursday,2023-10-18,430.25,429.47,-0.0018128994770482132,0.0018128994770482132
2023-10-20,Friday,2023-10-19,426.43,424.22,-0.005182562202471597,0.005182562202471597
2023-10-23,Monday,2023-10-20,421.21,422.96,0.00415469718192818,0.00415469718192818
2023-10-24,Tuesday,2023-10-23,420.45,422.16,0.0040670709953622985,0.0040670709953622985
2023-10-25,Wednesday,2023-10-24,423.62,417.72,-0.01392757660167121,0.01392757660167121
2023-10-26,Thursday,2023-10-25,417.61,413.6201,-0.009554129450923154,0.009554129450923154
2023-10-27,Friday,2023-10-26,412.59,410.4,-0.005307932814658578,0.005307932814658578
2023-10-30,Monday,2023-10-27,410.73,415.68,0.012051712804031833,0.012051712804031833
2023-10-31,Tuesday,2023-10-30,415.58,417.8431,0.0054456422349487,0.0054456422349487
2023-11-01,Wednesday,2023-10-31,418.23,420.14,0.004566865122061836,0.004566865122061836
2023-11-02,Thursday,2023-11-01,422.7,430.275,0.017920511000709682,0.017920511000709682
2023-11-03,Friday,2023-11-02,430.75,435.65,0.011375507835171161,0.011375507835171161
2023-11-06,Monday,2023-11-03,434.67,434.2912,-0.0008714657096188239,0.0008714657096188239
2023-11-07,Tuesday,2023-11-06,435.65,437.225,0.003615287501434805,0.003615287501434805
2023-11-08,Wednesday,2023-11-07,436.87,436.565,-0.0006981481905372622,0.0006981481905372622
2023-11-09,Thursday,2023-11-08,437.2,435.46,-0.00397987191216842,0.00397987191216842
2023-11-10,Friday,2023-11-09,433.87,439.5299,0.013045151773572794,0.013045151773572794
2023-11-13,Monday,2023-11-10,440.6,440.5299,-0.00015910122560147677,0.00015910122560147677
2023-11-14,Tuesday,2023-11-13,440.2,448.23,0.018241708314402638,0.018241708314402638
2023-11-15,Wednesday,2023-11-14,448.71,450.225,0.0033763455238351447,0.0033763455238351447
2023-11-16,Thursday,2023-11-15,449.63,448.9297,-0.0015575028356648035,0.0015575028356648035
2023-11-17,Friday,2023-11-16,450.21,451.04,0.0018435841051953616,0.0018435841051953616
2023-11-20,Monday,2023-11-17,450.78,453.9972,0.00713696259816321,0.00713696259816321
2023-11-21,Tuesday,2023-11-20,454.24,453.24,-0.0022014793941528277,0.0022014793941528277
2023-11-22,Wednesday,2023-11-21,453.27,455.32,0.004522690670020202,0.004522690670020202
2023-11-24,Friday,2023-11-22,455.03,455.03,0.0,0.0
2023-11-27,Monday,2023-11-24,455.5,455.135,-0.0008013172338090513,0.0008013172338090513
2023-11-28,Tuesday,2023-11-27,454.5,454.39,-0.00024202420242025457,0.00024202420242025457
2023-11-29,Wednesday,2023-11-28,454.88,456.1011,0.0026844442490325804,0.0026844442490325804
2023-11-30,Thursday,2023-11-29,454.62,453.924,-0.0015309489243764407,0.0015309489243764407
2023-12-01,Friday,2023-11-30,456.31,458.31,0.00438298525125469,0.00438298525125469
2023-12-04,Monday,2023-12-01,459.035,455.89,-0.006851329419325425,0.006851329419325425
2023-12-05,Tuesday,2023-12-04,456.66,456.19,-0.0010292121052862813,0.0010292121052862813
2023-12-06,Wednesday,2023-12-05,456.58,456.47,-0.00024092163476274742,0.00024092163476274742
2023-12-07,Thursday,2023-12-06,454.71,458.31,0.007917133997493053,0.007917133997493053
2023-12-08,Friday,2023-12-07,458.21,459.4999,0.0028150847864516493,0.0028150847864516493
2023-12-11,Monday,2023-12-08,460.13,461.6408,0.0032834199030709055,0.0032834199030709055
2023-12-12,Tuesday,2023-12-11,461.97,463.21,0.0026841569798903286,0.0026841569798903286
2023-12-13,Wednesday,2023-12-12,464.16,464.42,0.0005601516718372057,0.0005601516718372057
2023-12-14,Thursday,2023-12-13,470.44,470.18,-0.0005526740923390561,0.0005526740923390561
2023-12-15,Friday,2023-12-14,472.0,468.68,-0.007033898305084718,0.007033898305084718
2023-12-18,Monday,2023-12-15,469.37,472.49,0.0066472079596053835,0.0066472079596053835
2023-12-19,Tuesday,2023-12-18,472.02,474.1758,0.00456717935680695,0.00456717935680695
2023-12-20,Wednesday,2023-12-19,474.82,475.06,0.0005054546986227315,0.0005054546986227315
2023-12-21,Thursday,2023-12-20,467.97,470.55,0.005513173921405157,0.005513173921405157
2023-12-22,Friday,2023-12-21,472.67,474.22,0.0032792434468023046,0.0032792434468023046
2023-12-26,Tuesday,2023-12-22,473.62,475.2,0.0033360077699420287,0.0033360077699420287
2023-12-27,Wednesday,2023-12-26,475.59,476.02,0.0009041401206921762,0.0009041401206921762
2023-12-28,Thursday,2023-12-27,476.51,477.0199,0.0010700719817002824,0.0010700719817002824
2023-12-29,Friday,2023-12-28,476.68,475.05,-0.003419484769656811,0.003419484769656811
2024-01-02,Tuesday,2023-12-29,475.35,472.1499,-0.006732092142631818,0.006732092142631818
2024-01-03,Wednesday,2024-01-02,472.6,470.0825,-0.0053269149386374615,0.0053269149386374615
2024-01-04,Thursday,2024-01-03,468.73,469.07,0.0007253642822093731,0.0007253642822093731
2024-01-05,Friday,2024-01-04,467.27,468.35,0.002311297536756074,0.002311297536756074
2024-01-08,Monday,2024-01-05,467.96,472.02,0.008675955209846986,0.008675955209846986
2024-01-09,Tuesday,2024-01-08,474.56,474.28,-0.0005900202292650203,0.0005900202292650203
2024-01-10,Wednesday,2024-01-09,473.84,475.753,0.004037227756204631,0.004037227756204631
2024-01-11,Thursday,2024-01-10,476.52,475.7588,-0.00159741458910434,0.00159741458910434
2024-01-12,Friday,2024-01-11,476.32,476.931,0.0012827510917030605,0.0012827510917030605
2024-01-16,Tuesday,2024-01-12,476.665,474.0606,-0.005463795327955712,0.005463795327955712
2024-01-17,Wednesday,2024-01-16,474.95,470.6602,-0.009032108643015069,0.009032108643015069
2024-01-18,Thursday,2024-01-17,472.275,473.9801,0.0036103964850988657,0.0036103964850988657
2024-01-19,Friday,2024-01-18,476.46,481.6694,0.010933551609788816,0.010933551609788816
2024-01-22,Monday,2024-01-19,482.42,483.84,0.002943493221673865,0.002943493221673865
2024-01-23,Tuesday,2024-01-22,483.52,483.97,0.000930675049636065,0.000930675049636065
2024-01-24,Wednesday,2024-01-23,484.88,487.3103,0.0050121679590826584,0.0050121679590826584
2024-01-25,Thursday,2024-01-24,485.32,485.95,0.0012981125855104914,0.0012981125855104914
2024-01-26,Friday,2024-01-25,488.0,486.98,-0.0020901639344261813,0.0020901639344261813
2024-01-29,Monday,2024-01-26,487.47,488.215,0.0015282991773850618,0.0015282991773850618
2024-01-30,Tuesday,2024-01-29,491.26,490.74,-0.0010585026259006813,0.0010585026259006813
2024-01-31,Wednesday,2024-01-30,490.86,487.43,-0.006987735810618068,0.006987735810618068
2024-02-01,Thursday,2024-01-31,482.92,487.23,0.008924873685082435,0.008924873685082435
2024-02-02,Friday,2024-02-01,489.23,494.275,0.010312123132268924,0.010312123132268924
2024-02-05,Monday,2024-02-02,494.27,493.14,-0.0022861998502842207,0.0022861998502842207
2024-02-06,Tuesday,2024-02-05,492.58,493.515,0.0018981688253685292,0.0018981688253685292
2024-02-07,Wednesday,2024-02-06,493.97,498.071,0.00830212361074567,0.00830212361074567
2024-02-08,Thursday,2024-02-07,498.05,498.13,0.00016062644312819785,0.00016062644312819785
2024-02-09,Friday,2024-02-08,498.4,500.715,0.004644863563402879,0.004644863563402879
2024-02-12,Monday,2024-02-09,501.18,502.08,0.0017957620016759712,0.0017957620016759712
2024-02-13,Tuesday,2024-02-12,500.94,493.59,-0.014672415858186683,0.014672415858186683
2024-02-14,Wednesday,2024-02-13,494.14,496.5701,0.004917837050228746,0.004917837050228746
2024-02-15,Thursday,2024-02-14,498.625,501.38,0.005525194284281776,0.005525194284281776
2024-02-16,Friday,2024-02-15,501.95,502.3601,0.0008170136467775535,0.0008170136467775535
2024-02-20,Tuesday,2024-02-16,499.49,495.8982,-0.0071909347534485635,0.0071909347534485635
2024-02-21,Wednesday,2024-02-20,496.74,495.34,-0.0028183758102831025,0.0028183758102831025
2024-02-22,Thursday,2024-02-21,497.17,507.25,0.02027475511394483,0.02027475511394483
2024-02-23,Friday,2024-02-22,507.53,508.53,0.0019703268772288673,0.0019703268772288673
2024-02-26,Monday,2024-02-23,507.82,506.885,-0.001841203576070316,0.001841203576070316
2024-02-27,Tuesday,2024-02-26,505.99,505.7726,-0.0004296527599360056,0.0004296527599360056
2024-02-28,Wednesday,2024-02-27,506.87,506.63,-0.00047349418983178015,0.00047349418983178015
2024-02-29,Thursday,2024-02-28,506.19,507.8,0.003180623876410049,0.003180623876410049
2024-03-01,Friday,2024-02-29,508.0,512.615,0.009084645669291458,0.009084645669291458
2024-03-04,Monday,2024-03-01,512.84,512.765,-0.00014624444271127413,0.00014624444271127413
2024-03-05,Tuesday,2024-03-04,512.25,506.76,-0.01071742313323576,0.01071742313323576
2024-03-06,Wednesday,2024-03-05,507.15,510.15,0.005915409642117675,0.005915409642117675
2024-03-07,Thursday,2024-03-06,509.8,515.705,0.011582973715182465,0.011582973715182465
2024-03-08,Friday,2024-03-07,514.87,511.71,-0.006137471594771515,0.006137471594771515
2024-03-11,Monday,2024-03-08,511.76,511.05,-0.0013873690792558513,0.0013873690792558513
2024-03-12,Tuesday,2024-03-11,511.26,515.6,0.008488831514298134,0.008488831514298134
2024-03-13,Wednesday,2024-03-12,516.81,517.08,0.0005224357113835509,0.0005224357113835509
2024-03-14,Thursday,2024-03-13,515.99,514.53,-0.002829512199848949,0.002829512199848949
2024-03-15,Friday,2024-03-14,514.95,509.905,-0.009797067676473592,0.009797067676473592
2024-03-18,Monday,2024-03-15,509.74,513.8,0.007964844822850647,0.007964844822850647
2024-03-19,Tuesday,2024-03-18,512.87,514.99,0.004133601107493057,0.004133601107493057
2024-03-20,Wednesday,2024-03-19,515.76,515.48,-0.0005428881650380024,0.0005428881650380024
2024-03-21,Thursday,2024-03-20,520.42,522.81,0.004592444564005982,0.004592444564005982
2024-03-22,Friday,2024-03-21,522.11,522.545,0.0008331577636895293,0.0008331577636895293
2024-03-25,Monday,2024-03-22,521.27,520.66,-0.0011702188884838982,0.0011702188884838982
2024-03-26,Tuesday,2024-03-25,519.81,520.655,0.0016255939670264397,0.0016255939670264397
2024-03-27,Wednesday,2024-03-26,518.66,520.175,0.002920988701654137,0.002920988701654137
2024-03-28,Thursday,2024-03-27,523.17,523.38,0.0004013991627960234,0.0004013991627960234
2024-04-01,Monday,2024-03-28,523.12,521.74,-0.002638018045572732,0.002638018045572732
2024-04-02,Tuesday,2024-04-01,522.22,517.75,-0.008559610891961333,0.008559610891961333
2024-04-03,Wednesday,2024-04-02,518.85,520.55,0.0032764768237447672,0.0032764768237447672
2024-04-04,Thursday,2024-04-03,519.36,521.86,0.004813616759088202,0.004813616759088202
2024-04-05,Friday,2024-04-04,513.03,517.8099,0.009316999005906101,0.009316999005906101
2024-04-08,Monday,2024-04-05,518.4,519.31,0.0017554012345677439,0.0017554012345677439
2024-04-09,Tuesday,2024-04-08,518.67,516.6701,-0.003855823548691628,0.003855823548691628
2024-04-10,Wednesday,2024-04-09,519.29,513.76,-0.0106491555778081,0.0106491555778081
2024-04-11,Thursday,2024-04-10,514.16,518.0,0.007468492298117413,0.007468492298117413
2024-04-12,Friday,2024-04-11,518.05,510.49,-0.014593185985908641,0.014593185985908641
2024-04-15,Monday,2024-04-12,510.82,506.365,-0.008721271680826925,0.008721271680826925
2024-04-16,Tuesday,2024-04-15,504.5,503.9699,-0.0010507433102081576,0.0010507433102081576
2024-04-17,Wednesday,2024-04-16,503.49,502.4,-0.002164889074261711,0.002164889074261711
2024-04-18,Thursday,2024-04-17,500.5,499.62,-0.0017582417582417964,0.0017582417582417964
2024-04-19,Friday,2024-04-18,499.48,497.3,-0.004364539120685573,0.004364539120685573
2024-04-22,Monday,2024-04-19,495.1,501.43,0.01278529589981825,0.01278529589981825
2024-04-23,Tuesday,2024-04-22,499.63,505.98,0.0127094049596701,0.0127094049596701
2024-04-24,Wednesday,2024-04-23,505.64,506.43,0.001562376394272702,0.001562376394272702
2024-04-25,Thursday,2024-04-24,505.47,503.49,-0.00391714641818508,0.00391714641818508
2024-04-26,Friday,2024-04-25,503.44,509.42,0.011878277451136121,0.011878277451136121
2024-04-29,Monday,2024-04-26,508.24,510.175,0.0038072564142923593,0.0038072564142923593
2024-04-30,Tuesday,2024-04-29,510.05,506.11,-0.007724732869326512,0.007724732869326512
2024-05-01,Wednesday,2024-04-30,502.04,500.99,-0.0020914668153931837,0.0020914668153931837
2024-05-02,Thursday,2024-05-01,500.25,503.85,0.007196401799100416,0.007196401799100416
2024-05-03,Friday,2024-05-02,505.02,511.3,0.01243515108312554,0.01243515108312554
2024-05-06,Monday,2024-05-03,511.29,514.89,0.007041013906002425,0.007041013906002425
2024-05-07,Tuesday,2024-05-06,516.6,516.99,0.0007549361207896954,0.0007549361207896954
2024-05-08,Wednesday,2024-05-07,517.2,517.07,-0.00025135344160864825,0.00025135344160864825
2024-05-09,Thursday,2024-05-08,517.19,519.2,0.0038863860476807677,0.0038863860476807677
2024-05-10,Friday,2024-05-09,520.13,520.8,0.001288139503585528,0.001288139503585528
2024-05-13,Monday,2024-05-10,520.84,520.6888,-0.0002903002841564417,0.0002903002841564417
2024-05-14,Tuesday,2024-05-13,520.91,521.29,0.0007294926186864892,0.0007294926186864892
2024-05-15,Wednesday,2024-05-14,523.29,528.96,0.010835292094250049,0.010835292094250049
2024-05-16,Thursday,2024-05-15,529.76,530.05,0.0005474176985804657,0.0005474176985804657
2024-05-17,Friday,2024-05-16,528.66,528.72,0.00011349449551700808,0.00011349449551700808
2024-05-20,Monday,2024-05-17,529.43,530.2465,0.0015422246567062814,0.0015422246567062814
2024-05-21,Tuesday,2024-05-20,530.02,530.7601,0.001396362401418827,0.001396362401418827
2024-05-22,Wednesday,2024-05-21,531.32,529.9995,-0.0024853195814199536,0.0024853195814199536
2024-05-23,Thursday,2024-05-22,529.82,526.7,-0.005888792420067235,0.005888792420067235
2024-05-24,Friday,2024-05-23,525.95,529.565,0.006873276927464644,0.006873276927464644
2024-05-28,Tuesday,2024-05-24,529.5,528.79,-0.0013408876298395267,0.0013408876298395267
2024-05-29,Wednesday,2024-05-28,529.87,527.01,-0.005397550342536861,0.005397550342536861
2024-05-30,Thursday,2024-05-29,526.11,524.78,-0.002527988443481455,0.002527988443481455
2024-05-31,Friday,2024-05-30,522.63,520.85,-0.0034058511757839582,0.0034058511757839582
2024-06-03,Monday,2024-05-31,527.35,525.19,-0.004095951455390101,0.004095951455390101
2024-06-04,Tuesday,2024-06-03,527.77,526.84,-0.00176213123140756,0.00176213123140756
2024-06-05,Wednesday,2024-06-04,528.35,533.26,0.009293082237153305,0.009293082237153305
2024-06-06,Thursday,2024-06-05,534.65,534.19,-0.0008603759468810424,0.0008603759468810424
2024-06-07,Friday,2024-06-06,534.63,535.8899,0.0023565830574416857,0.0023565830574416857
2024-06-10,Monday,2024-06-07,533.96,535.305,0.0025189152745521692,0.0025189152745521692
2024-06-11,Tuesday,2024-06-10,535.65,535.2,-0.0008401008120972886,0.0008401008120972886
2024-06-12,Wednesday,2024-06-11,536.91,542.5651,0.01053267772997346,0.01053267772997346
2024-06-13,Thursday,2024-06-12,541.34,541.67,0.0006095984039604652,0.0006095984039604652
2024-06-14,Friday,2024-06-13,542.4,541.77,-0.0011615044247788031,0.0011615044247788031
2024-06-17,Monday,2024-06-14,542.73,547.41,0.008623072245868002,0.008623072245868002
2024-06-18,Tuesday,2024-06-17,547.05,548.12,0.0019559455260032,0.0019559455260032
2024-06-20,Thursday,2024-06-18,548.49,547.02,-0.0026800853251655044,0.0026800853251655044
2024-06-21,Friday,2024-06-20,546.95,543.96,-0.005466678855471252,0.005466678855471252
2024-06-24,Monday,2024-06-21,544.13,543.975,-0.00028485839780933997,0.00028485839780933997
2024-06-25,Tuesday,2024-06-24,542.65,543.98,0.0024509352252835015,0.0024509352252835015
2024-06-26,Wednesday,2024-06-25,544.78,544.865,0.00015602628584021616,0.00015602628584021616
2024-06-27,Thursday,2024-06-26,545.52,545.78,0.00047660947352978766,0.00047660947352978766
2024-06-28,Friday,2024-06-27,546.35,546.03,-0.0005857051340716346,0.0005857051340716346
2024-07-01,Monday,2024-06-28,544.09,544.92,0.0015254829164290662,0.0015254829164290662
2024-07-02,Tuesday,2024-07-01,545.37,547.275,0.003493041421420262,0.003493041421420262
2024-07-03,Wednesday,2024-07-02,548.97,550.91,0.003533890740841761,0.003533890740841761
2024-07-05,Friday,2024-07-03,550.86,554.27,0.006190320589623433,0.006190320589623433
2024-07-08,Monday,2024-07-05,554.7,555.23,0.0009554714259960573,0.0009554714259960573
2024-07-09,Tuesday,2024-07-08,555.34,556.14,0.0014405589368673422,0.0014405589368673422
2024-07-10,Wednesday,2024-07-09,555.85,559.8,0.00710623369614094,0.00710623369614094
2024-07-11,Thursday,2024-07-10,561.26,555.93,-0.009496490040266647,0.009496490040266647
2024-07-12,Friday,2024-07-11,556.42,563.0499,0.01191527982459295,0.01191527982459295
2024-07-15,Monday,2024-07-12,559.9,561.04,0.002036077871048425,0.002036077871048425
2024-07-16,Tuesday,2024-07-15,561.49,563.2097,0.003062743771037768,0.003062743771037768
2024-07-17,Wednesday,2024-07-16,564.845,557.3157,-0.013329851552195793,0.013329851552195793
2024-07-18,Thursday,2024-07-17,556.95,553.65,-0.005925127928898544,0.005925127928898544
2024-07-19,Friday,2024-07-18,552.66,549.42,-0.005862555639995715,0.005862555639995715
2024-07-22,Monday,2024-07-19,548.93,554.515,0.010174339168928626,0.010174339168928626
2024-07-23,Tuesday,2024-07-22,554.65,555.245,0.0010727485801858005,0.0010727485801858005
2024-07-24,Wednesday,2024-07-23,553.72,543.88,-0.01777071444051148,0.01777071444051148
2024-07-25,Thursday,2024-07-24,541.21,544.635,0.006328412261414229,0.006328412261414229
2024-07-26,Friday,2024-07-25,538.34,544.96,0.01229706133670172,0.01229706133670172
2024-07-29,Monday,2024-07-26,544.38,545.4593,0.0019826224328594044,0.0019826224328594044
2024-07-30,Tuesday,2024-07-29,544.76,541.32,-0.006314707394081687,0.006314707394081687
2024-07-31,Wednesday,2024-07-30,541.91,550.29,0.015463822405934469,0.015463822405934469
2024-08-01,Thursday,2024-07-31,550.44,542.56,-0.014315820071215901,0.014315820071215901
2024-08-02,Friday,2024-08-01,543.04,530.2212,-0.023605627578078936,0.023605627578078936
2024-08-05,Monday,2024-08-02,532.98,519.06,-0.026117302713047574,0.026117302713047574
2024-08-06,Tuesday,2024-08-05,517.41,527.93,0.02033203842214104,0.02033203842214104
2024-08-07,Wednesday,2024-08-06,522.19,522.04,-0.00028725176659849527,0.00028725176659849527
2024-08-08,Thursday,2024-08-07,518.65,530.24,0.022346476429191187,0.022346476429191187
2024-08-09,Friday,2024-08-08,530.63,532.5999,0.003712379624220441,0.003712379624220441
2024-08-12,Monday,2024-08-09,532.91,532.43,-0.0009007149424856697,0.0009007149424856697
2024-08-13,Tuesday,2024-08-12,533.25,540.72,0.014008438818565505,0.014008438818565505
2024-08-14,Wednesday,2024-08-13,542.0,543.28,0.0023616236162360416,0.0023616236162360416
2024-08-15,Thursday,2024-08-14,543.78,552.645,0.01630254882489246,0.01630254882489246
2024-08-16,Friday,2024-08-15,553.0678,554.55,0.0026799607570715533,0.0026799607570715533
2024-08-19,Monday,2024-08-16,554.21,557.55,0.006026596416520702,0.006026596416520702
2024-08-20,Tuesday,2024-08-19,559.56,558.325,-0.0022070912860102654,0.0022070912860102654
2024-08-21,Wednesday,2024-08-20,558.62,560.3999,0.0031862446743762263,0.0031862446743762263
2024-08-22,Thursday,2024-08-21,560.7,555.52,-0.009238451935081216,0.009238451935081216
2024-08-23,Friday,2024-08-22,556.21,560.39,0.007515147156649471,0.007515147156649471
2024-08-26,Monday,2024-08-23,562.09,559.5,-0.004607803020868606,0.004607803020868606
2024-08-27,Tuesday,2024-08-26,560.73,561.94,0.0021579013072245967,0.0021579013072245967
2024-08-28,Wednesday,2024-08-27,561.5318,555.335,-0.011035528174895726,0.011035528174895726
2024-08-29,Thursday,2024-08-28,558.33,562.85,0.00809557071982514,0.00809557071982514
2024-08-30,Friday,2024-08-29,558.315,558.867,0.000988689180838609,0.000988689180838609
2024-09-03,Tuesday,2024-08-30,563.57,554.34,-0.01637773479780691,0.01637773479780691
2024-09-04,Wednesday,2024-09-03,552.16,550.95,-0.0021913937988987664,0.0021913937988987664
2024-09-05,Thursday,2024-09-04,550.84,550.68,-0.00029046547091726715,0.00029046547091726715
2024-09-06,Friday,2024-09-05,549.57,540.64,-0.01624906745273591,0.01624906745273591
2024-09-09,Monday,2024-09-06,540.43,545.7401,0.009825694354495651,0.009825694354495651
2024-09-10,Tuesday,2024-09-09,546.42,546.99,0.0010431536180961487,0.0010431536180961487
2024-09-11,Wednesday,2024-09-10,548.82,550.0,0.0021500674173680068,0.0021500674173680068
2024-09-12,Thursday,2024-09-11,554.36,559.14,0.008622555739952409,0.008622555739952409
2024-09-13,Friday,2024-09-12,559.02,562.57,0.006350398912382538,0.006350398912382538
2024-09-16,Monday,2024-09-13,561.94,562.5005,0.0009974374488377347,0.0009974374488377347
2024-09-17,Tuesday,2024-09-16,562.86,562.62,-0.0004263937746509239,0.0004263937746509239
2024-09-18,Wednesday,2024-09-17,563.1,563.15,8.879417510199161e-05,8.879417510199161e-05
2024-09-19,Thursday,2024-09-18,561.33,572.5,0.019899168047316174,0.019899168047316174
2024-09-20,Friday,2024-09-19,570.92,568.07,-0.004991942829117746,0.004991942829117746
2024-09-23,Monday,2024-09-20,568.1,569.295,0.0021035029044180753,0.0021035029044180753
2024-09-24,Tuesday,2024-09-23,569.6,570.465,0.0015186095505617114,0.0015186095505617114
2024-09-25,Wednesday,2024-09-24,571.24,570.2719,-0.0016947342623065964,0.0016947342623065964
2024-09-26,Thursday,2024-09-25,570.0,571.53,0.0026842105263158444,0.0026842105263158444
2024-09-27,Friday,2024-09-26,572.29,572.43,0.0002446312184380961,0.0002446312184380961
2024-09-30,Monday,2024-09-27,571.41,571.59,0.00031501023783286897,0.00031501023783286897
2024-10-01,Tuesday,2024-09-30,574.02,569.34,-0.008153026026967658,0.008153026026967658
2024-10-02,Wednesday,2024-10-01,568.69,569.06,0.0006506180871825862,0.0006506180871825862
2024-10-03,Thursday,2024-10-02,568.85,567.0889,-0.003095895227212875,0.003095895227212875
2024-10-04,Friday,2024-10-03,567.78,570.2387,0.00433037444080453,0.00433037444080453
2024-10-07,Monday,2024-10-04,572.91,570.43,-0.004328777643958115,0.004328777643958115
2024-10-08,Tuesday,2024-10-07,567.81,571.7457,0.006931367887145434,0.006931367887145434
2024-10-09,Wednesday,2024-10-08,573.13,575.736,0.004546961422364992,0.004546961422364992
2024-10-10,Thursday,2024-10-09,577.1,576.22,-0.0015248657078495986,0.0015248657078495986
2024-10-11,Friday,2024-10-10,576.1,579.14,0.005276861655962417,0.005276861655962417
2024-10-14,Monday,2024-10-11,579.55,583.6,0.006988180484859052,0.006988180484859052
2024-10-15,Tuesday,2024-10-14,584.28,580.98,-0.005647976997329995,0.005647976997329995
2024-10-16,Wednesday,2024-10-15,579.79,581.635,0.0031821866537884436,0.0031821866537884436
2024-10-17,Thursday,2024-10-16,582.24,584.35,0.00362393514701842,0.00362393514701842
2024-10-18,Friday,2024-10-17,582.28,584.58,0.003949989695679168,0.003949989695679168
2024-10-21,Monday,2024-10-18,584.57,583.25,-0.002258070034384385,0.002258070034384385
2024-10-22,Tuesday,2024-10-21,583.67,583.98,0.0005311220381380988,0.0005311220381380988
2024-10-23,Wednesday,2024-10-22,583.32,575.95,-0.01263457450456007,0.01263457450456007
2024-10-24,Thursday,2024-10-23,577.93,578.49,0.0009689754814596885,0.0009689754814596885
2024-10-25,Friday,2024-10-24,579.18,579.1899,1.709313166897708e-05,1.709313166897708e-05
2024-10-28,Monday,2024-10-25,579.015,581.68,0.004602644145661028,0.004602644145661028
2024-10-29,Tuesday,2024-10-28,580.77,581.97,0.0020662224288445774,0.0020662224288445774
2024-10-30,Wednesday,2024-10-29,581.7,580.64,-0.0018222451435448983,0.0018222451435448983
2024-10-31,Thursday,2024-10-30,579.97,570.36,-0.01656982257702988,0.01656982257702988
2024-11-01,Friday,2024-10-31,568.55,571.6499,0.005452290915486824,0.005452290915486824
2024-11-04,Monday,2024-11-01,571.02,570.6627,-0.0006257223915099308,0.0006257223915099308
2024-11-05,Tuesday,2024-11-04,569.77,575.2348,0.009591238569949256,0.009591238569949256
2024-11-06,Wednesday,2024-11-05,576.68,590.27,0.0235659291114656,0.0235659291114656
2024-11-07,Thursday,2024-11-06,591.04,594.8062,0.0063721575527884156,0.0063721575527884156
2024-11-08,Friday,2024-11-07,595.55,599.01,0.005809755688019447,0.005809755688019447
2024-11-11,Monday,2024-11-08,598.24,598.23,-1.671569938488382e-05,1.671569938488382e-05
2024-11-12,Tuesday,2024-11-11,598.72,597.425,-0.002162947621592859,0.002162947621592859
2024-11-13,Wednesday,2024-11-12,596.87,598.91,0.003417829678154405,0.003417829678154405
2024-11-14,Thursday,2024-11-13,597.17,593.9,-0.005475827653766863,0.005475827653766863
2024-11-15,Friday,2024-11-14,593.37,584.5,-0.014948514417648329,0.014948514417648329
2024-11-18,Monday,2024-11-15,585.7,588.36,0.004541574184736108,0.004541574184736108
2024-11-19,Tuesday,2024-11-18,588.14,590.9,0.0046927602271567,0.0046927602271567
2024-11-20,Wednesday,2024-11-19,590.29,586.8,-0.00591234816784969,0.00591234816784969
2024-11-21,Thursday,2024-11-20,590.51,594.43,0.006638329579516045,0.006638329579516045
2024-11-22,Friday,2024-11-21,593.61,595.43,0.00306598608513986,0.00306598608513986
2024-11-25,Monday,2024-11-22,595.48,597.32,0.003089944246658316,0.003089944246658316
2024-11-26,Tuesday,2024-11-25,597.45,600.149,0.004517532847936989,0.004517532847936989
2024-11-27,Wednesday,2024-11-26,600.74,598.9294,-0.0030139494623298013,0.0030139494623298013
2024-11-29,Friday,2024-11-27,598.79,602.66,0.006463033784799288,0.006463033784799288
2024-12-02,Monday,2024-11-29,602.9,603.79,0.0014761983745230634,0.0014761983745230634
2024-12-03,Tuesday,2024-12-02,603.65,603.44,-0.000347883707446206,0.000347883707446206
2024-12-04,Wednesday,2024-12-03,603.85,605.9801,0.0035275316717726657,0.0035275316717726657
2024-12-05,Thursday,2024-12-04,607.61,607.36,-0.0004114481328483244,0.0004114481328483244
2024-12-06,Friday,2024-12-05,606.61,608.04,0.0023573630503948007,0.0023573630503948007
2024-12-09,Monday,2024-12-06,607.88,606.01,-0.0030762650523129542,0.0030762650523129542
2024-12-10,Tuesday,2024-12-09,604.66,604.05,-0.0010088314093871231,0.0010088314093871231
2024-12-11,Wednesday,2024-12-10,602.87,607.81,0.00819413803970992,0.00819413803970992
2024-12-12,Thursday,2024-12-11,607.5,605.76,-0.0028641975308641987,0.0028641975308641987
2024-12-13,Friday,2024-12-12,604.35,604.1,-0.0004136675767353326,0.0004136675767353326
2024-12-16,Monday,2024-12-13,604.26,607.62,0.005560520305828653,0.005560520305828653
2024-12-17,Tuesday,2024-12-16,606.775,604.25,-0.004161344814799572,0.004161344814799572
2024-12-18,Wednesday,2024-12-17,604.24,605.47,0.0020356149874223295,0.0020356149874223295
2024-12-19,Thursday,2024-12-18,586.3,591.25,0.00844277673545979,0.00844277673545979
2024-12-20,Friday,2024-12-19,586.12,592.0699,0.01015133419777503,0.01015133419777503
2024-12-23,Monday,2024-12-20,590.87,593.67,0.0047387750266554285,0.0047387750266554285
2024-12-24,Tuesday,2024-12-23,594.78,601.45,0.01121423047177128,0.01121423047177128
2024-12-26,Thursday,2024-12-24,601.06,601.32,0.0004325691278743715,0.0004325691278743715
2024-12-27,Friday,2024-12-26,601.25,594.01,-0.012041580041580069,0.012041580041580069
2024-12-30,Monday,2024-12-27,594.99,591.1,-0.006537925007143008,0.006537925007143008
2024-12-31,Tuesday,2024-12-30,588.23,585.34,-0.0049130442173979105,0.0049130442173979105
2025-01-02,Thursday,2024-12-31,586.01,581.9,-0.0070135321922834,0.0070135321922834
2025-01-03,Friday,2025-01-02,584.58,591.29,0.011478326319750876,0.011478326319750876
2025-01-06,Monday,2025-01-03,591.87,595.67,0.006420328788416363,0.006420328788416363
2025-01-07,Tuesday,2025-01-06,595.4,591.0,-0.00738998992274098,0.00738998992274098
2025-01-08,Wednesday,2025-01-07,588.72,587.77,-0.0016136703356435245,0.0016136703356435245
2025-01-10,Friday,2025-01-08,589.42,584.42,-0.008482915408367542,0.008482915408367542
2025-01-13,Monday,2025-01-10,580.51,580.01,-0.0008613116053125536,0.0008613116053125536
2025-01-14,Tuesday,2025-01-13,581.54,583.49,0.0033531657323657704,0.0033531657323657704
2025-01-15,Wednesday,2025-01-14,582.19,592.53,0.017760524914546716,0.017760524914546716
2025-01-16,Thursday,2025-01-15,592.78,591.4,-0.0023280137656466193,0.0023280137656466193
2025-01-17,Friday,2025-01-16,591.7,598.59,0.01164441439918873,0.01164441439918873
2025-01-21,Tuesday,2025-01-17,597.57,602.62,0.008450892782435382,0.008450892782435382
2025-01-22,Wednesday,2025-01-21,602.92,607.04,0.006833410734425893,0.006833410734425893
2025-01-23,Thursday,2025-01-22,606.34,607.75,0.002325427977702299,0.002325427977702299
2025-01-24,Friday,2025-01-23,609.71,607.421,-0.003754243820832781,0.003754243820832781
2025-01-27,Monday,2025-01-24,607.95,596.58,-0.01870219590426847,0.01870219590426847
2025-01-28,Tuesday,2025-01-27,599.41,603.8002,0.007324202132096724,0.007324202132096724
2025-01-29,Wednesday,2025-01-28,604.49,601.49,-0.004962861254942164,0.004962861254942164
2025-01-30,Thursday,2025-01-29,601.8,604.95,0.005234297108674069,0.005234297108674069
2025-01-31,Friday,2025-01-30,604.98,605.385,0.000669443617970833,0.000669443617970833
2025-02-03,Monday,2025-01-31,601.8,598.835,-0.004926886008640663,0.004926886008640663
2025-02-04,Tuesday,2025-02-03,597.65,600.725,0.005145151844725193,0.005145151844725193
2025-02-05,Wednesday,2025-02-04,601.76,602.93,0.0019442967295930647,0.0019442967295930647
2025-02-06,Thursday,2025-02-05,604.17,605.16,0.0016386116490392233,0.0016386116490392233
2025-02-07,Friday,2025-02-06,606.34,601.235,-0.008419368671042649,0.008419368671042649
2025-02-10,Monday,2025-02-07,600.78,605.052,0.0071107560171776996,0.0071107560171776996
2025-02-11,Tuesday,2025-02-10,604.79,604.59,-0.00033069329850021756,0.00033069329850021756
2025-02-12,Wednesday,2025-02-11,605.21,603.21,-0.0033046380595165292,0.0033046380595165292
2025-02-13,Thursday,2025-02-12,603.36,607.19,0.006347785733227251,0.006347785733227251
2025-02-14,Friday,2025-02-13,609.69,610.48,0.0012957404582656373,0.0012957404582656373
2025-02-18,Tuesday,2025-02-14,609.7,609.66,-6.560603575544999e-05,6.560603575544999e-05
2025-02-19,Wednesday,2025-02-18,611.35,611.49,0.00022900139036563516,0.00022900139036563516
2025-02-20,Thursday,2025-02-19,612.9,608.6,-0.007015826399086267,0.007015826399086267
2025-02-21,Friday,2025-02-20,610.39,601.7535,-0.01414915054309529,0.01414915054309529
2025-02-24,Monday,2025-02-21,600.0,600.64,0.0010666666666665492,0.0010666666666665492
2025-02-25,Tuesday,2025-02-24,597.2,594.71,-0.004169457468184867,0.004169457468184867
2025-02-26,Wednesday,2025-02-25,594.21,592.58,-0.0027431379478635165,0.0027431379478635165
2025-02-27,Thursday,2025-02-26,594.43,593.71,-0.0012112443853774524,0.0012112443853774524
2025-02-28,Friday,2025-02-27,585.04,583.6025,-0.0024570969506358953,0.0024570969506358953
2025-03-03,Monday,2025-02-28,594.07,589.17,-0.008248186240678912,0.008248186240678912
2025-03-04,Tuesday,2025-03-03,583.97,580.285,-0.006310255663818487,0.006310255663818487
2025-03-05,Wednesday,2025-03-04,576.87,581.465,0.007965399483419233,0.007965399483419233
2025-03-06,Thursday,2025-03-05,583.05,572.179,-0.018645056170139784,0.018645056170139784
2025-03-07,Friday,2025-03-06,572.8,575.24,0.004259776536313042,0.004259776536313042
2025-03-10,Monday,2025-03-07,575.85,560.42,-0.02679517235391171,0.02679517235391171
2025-03-11,Tuesday,2025-03-10,560.75,554.28,-0.011538118591172597,0.011538118591172597
2025-03-12,Wednesday,2025-03-11,556.12,558.01,0.0033985470761705994,0.0033985470761705994
2025-03-13,Thursday,2025-03-12,558.91,550.09,-0.015780716036571052,0.015780716036571052
2025-03-14,Friday,2025-03-13,551.51,560.63,0.016536418197312885,0.016536418197312885
2025-03-17,Monday,2025-03-14,562.79,567.115,0.007684926882140841,0.007684926882140841
2025-03-18,Tuesday,2025-03-17,567.02,560.82,-0.010934358576416892,0.010934358576416892
2025-03-19,Wednesday,2025-03-18,561.05,563.18,0.00379645307904819,0.00379645307904819
2025-03-20,Thursday,2025-03-19,567.01,565.16,-0.0032627290523976615,0.0032627290523976615
2025-03-21,Friday,2025-03-20,565.68,562.905,-0.004905600339414451,0.004905600339414451
2025-03-24,Monday,2025-03-21,564.19,573.0999,0.015792374909161744,0.015792374909161744
2025-03-25,Tuesday,2025-03-24,574.02,574.125,0.00018292045573331528,0.00018292045573331528
2025-03-26,Wednesday,2025-03-25,575.36,568.0498,-0.012705436596218034,0.012705436596218034
2025-03-27,Thursday,2025-03-26,568.74,566.635,-0.003701163976509547,0.003701163976509547
2025-03-28,Friday,2025-03-27,567.0,556.41,-0.018677248677248737,0.018677248677248737
2025-03-31,Monday,2025-03-28,555.83,553.16,-0.004803627008258093,0.004803627008258093
2025-04-01,Tuesday,2025-03-31,559.15,559.0,-0.0002682643297862164,0.0002682643297862164
2025-04-02,Wednesday,2025-04-01,561.03,564.1,0.005472078141989023,0.005472078141989023
2025-04-03,Thursday,2025-04-02,564.65,541.85,-0.04037899583812976,0.04037899583812976
2025-04-04,Friday,2025-04-03,537.64,514.57,-0.042909753738560985,0.042909753738560985
2025-04-07,Monday,2025-04-04,505.5,509.09,0.007101879327398475,0.007101879327398475
2025-04-08,Tuesday,2025-04-07,504.55,506.72,0.004300862154394958,0.004300862154394958
2025-04-09,Wednesday,2025-04-08,496.74,534.87,0.07676047831863753,0.07676047831863753
2025-04-10,Thursday,2025-04-09,543.37,524.28,-0.035132598413604055,0.035132598413604055
2025-04-11,Friday,2025-04-10,524.7,534.7,0.01905850962454725,0.01905850962454725
2025-04-14,Monday,2025-04-11,533.98,538.97,0.009344919285366515,0.009344919285366515
2025-04-15,Tuesday,2025-04-14,538.97,538.2867,-0.0012677885596601435,0.0012677885596601435
2025-04-16,Wednesday,2025-04-15,537.72,524.1,-0.025329167596518598,0.025329167596518598
2025-04-17,Thursday,2025-04-16,525.73,529.57,0.007304129496129352,0.007304129496129352
2025-04-21,Monday,2025-04-17,526.39,508.94,-0.03315032580406163,0.03315032580406163
2025-04-22,Tuesday,2025-04-21,513.98,521.85,0.015311879839682518,0.015311879839682518
2025-04-23,Wednesday,2025-04-22,526.94,538.36,0.021672296656165768,0.021672296656165768
2025-04-24,Thursday,2025-04-23,535.41,545.27,0.018415793504043654,0.018415793504043654
2025-04-25,Friday,2025-04-24,546.54,547.91,0.002506678376697158,0.002506678376697158
2025-04-28,Monday,2025-04-25,550.52,547.705,-0.005113347380658162,0.005113347380658162
2025-04-29,Tuesday,2025-04-28,550.94,554.7325,0.006883689693977457,0.006883689693977457
2025-04-30,Wednesday,2025-04-29,554.14,550.47,-0.006622875085718349,0.006622875085718349
2025-05-01,Thursday,2025-04-30,554.35,560.57,0.01122034815549755,0.01122034815549755
2025-05-02,Friday,2025-05-01,558.46,567.25,0.01573971278157793,0.01573971278157793
2025-05-05,Monday,2025-05-02,566.62,565.6801,-0.001658783664536978,0.001658783664536978
2025-05-06,Tuesday,2025-05-05,563.53,558.44,-0.00903234965307953,0.00903234965307953
2025-05-07,Wednesday,2025-05-06,558.8,559.27,0.0008410880458125103,0.0008410880458125103
2025-05-08,Thursday,2025-05-07,561.23,567.6899,0.011510254262958153,0.011510254262958153
2025-05-09,Friday,2025-05-08,564.92,565.23,0.000548750265524367,0.000548750265524367
2025-05-12,Monday,2025-05-09,564.29,581.5007,0.03049974303992653,0.03049974303992653
2025-05-13,Tuesday,2025-05-12,582.84,587.9191,0.008714398462699835,0.008714398462699835
2025-05-14,Wednesday,2025-05-13,586.81,587.3355,0.00089551984458347,0.00089551984458347
2025-05-15,Thursday,2025-05-14,587.56,589.8999,0.003982401797263391,0.003982401797263391
2025-05-16,Friday,2025-05-15,590.41,592.82,0.004081909181755217,0.004081909181755217
2025-05-19,Monday,2025-05-16,594.29,594.36,0.00011778761210856636,0.00011778761210856636
2025-05-20,Tuesday,2025-05-19,594.94,592.995,-0.00326923723400685,0.00326923723400685
2025-05-21,Wednesday,2025-05-20,592.83,586.1665,-0.0112401531636388,0.0112401531636388
2025-05-22,Thursday,2025-05-21,582.96,585.39,0.004168382050226294,0.004168382050226294
2025-05-23,Friday,2025-05-22,583.03,580.82,-0.0037905425106768975,0.0037905425106768975
2025-05-27,Tuesday,2025-05-23,579.16,591.01,0.020460667173147318,0.020460667173147318
2025-05-28,Wednesday,2025-05-27,591.06,589.7021,-0.0022973978953066965,0.0022973978953066965
2025-05-29,Thursday,2025-05-28,587.71,588.5551,0.0014379540930049561,0.0014379540930049561
2025-05-30,Friday,2025-05-29,590.0,585.86,-0.007016949152542362,0.007016949152542362
2025-06-02,Monday,2025-05-30,589.47,589.98,0.0008651839788285098,0.0008651839788285098
2025-06-03,Tuesday,2025-06-02,592.65,596.11,0.005838184425883908,0.005838184425883908
2025-06-04,Wednesday,2025-06-03,596.11,597.57,0.0024492123936858956,0.0024492123936858956
2025-06-05,Thursday,2025-06-04,595.9,595.82,-0.00013425071320682935,0.00013425071320682935
2025-06-06,Friday,2025-06-05,593.01,598.95,0.010016694490818212,0.010016694490818212
2025-06-09,Monday,2025-06-06,599.03,600.94,0.003188488055690275,0.003188488055690275
2025-06-10,Tuesday,2025-06-09,599.56,601.32,0.0029354860230836888,0.0029354860230836888
2025-06-11,Wednesday,2025-06-10,603.06,602.507,-0.0009169900175770573,0.0009169900175770573
2025-06-12,Thursday,2025-06-11,601.4,603.1108,0.0028446957100101145,0.0028446957100101145
2025-06-13,Friday,2025-06-12,603.72,599.78,-0.006526204200622887,0.006526204200622887
2025-06-16,Monday,2025-06-13,596.95,602.3099,0.00897880894547276,0.00897880894547276
2025-06-17,Tuesday,2025-06-16,602.71,598.02,-0.007781520134061193,0.007781520134061193
2025-06-18,Wednesday,2025-06-17,597.55,599.52,0.0032967952472597872,0.0032967952472597872
2025-06-20,Friday,2025-06-18,597.46,594.04,-0.005724232584608302,0.005724232584608302
2025-06-23,Monday,2025-06-20,594.23,598.53,0.00723625532201333,0.00723625532201333
2025-06-24,Tuesday,2025-06-23,600.13,607.1701,0.011730958292370142,0.011730958292370142
2025-06-25,Wednesday,2025-06-24,606.77,606.24,-0.0008734775944756468,0.0008734775944756468
2025-06-26,Thursday,2025-06-25,607.08,611.271,0.0069035382486655195,0.0069035382486655195
2025-06-27,Friday,2025-06-26,611.89,614.155,0.0037016457206360265,0.0037016457206360265
2025-06-30,Monday,2025-06-27,614.86,615.84,0.0015938587645969449,0.0015938587645969449
2025-07-01,Tuesday,2025-06-30,617.88,618.568,0.0011134848190585966,0.0011134848190585966
2025-07-02,Wednesday,2025-07-01,617.56,619.4199,0.003011691171707964,0.003011691171707964
2025-07-03,Thursday,2025-07-02,620.39,624.94,0.007334096294266512,0.007334096294266512
2025-07-07,Monday,2025-07-03,625.13,620.047,-0.008131108729384273,0.008131108729384273
2025-07-08,Tuesday,2025-07-07,620.78,621.17,0.0006282418892360475,0.0006282418892360475
2025-07-09,Wednesday,2025-07-08,620.31,622.465,0.003474069416904646,0.003474069416904646
2025-07-10,Thursday,2025-07-09,624.03,626.585,0.0040943544380880326,0.0040943544380880326
2025-07-11,Friday,2025-07-10,625.84,624.5,-0.0021411223315863648,0.0021411223315863648
2025-07-14,Monday,2025-07-11,623.61,624.68,0.0017158159747276969,0.0017158159747276969
2025-07-15,Tuesday,2025-07-14,624.74,624.5835,-0.00025050420975136767,0.00025050420975136767
2025-07-16,Wednesday,2025-07-15,622.12,623.0857,0.0015522728734005398,0.0015522728734005398
2025-07-17,Thursday,2025-07-16,624.18,627.4301,0.005206991572943798,0.005206991572943798
2025-07-18,Friday,2025-07-17,627.98,627.08,-0.0014331666613586203,0.0014331666613586203
2025-07-21,Monday,2025-07-18,627.58,631.17,0.005720386245578135,0.005720386245578135
2025-07-22,Tuesday,2025-07-21,628.76,628.3547,-0.0006446020739232505,0.0006446020739232505
2025-07-23,Wednesday,2025-07-22,628.83,632.5118,0.005855000556589163,0.005855000556589163
2025-07-24,Thursday,2025-07-23,634.16,635.245,0.0017109246877760054,0.0017109246877760054
2025-07-25,Friday,2025-07-24,634.43,637.1315,0.004258152987721253,0.004258152987721253
2025-07-28,Monday,2025-07-25,637.03,636.11,-0.0014442019999058031,0.0014442019999058031
2025-07-29,Tuesday,2025-07-28,636.92,635.61,-0.0020567732211266287,0.0020567732211266287
2025-07-30,Wednesday,2025-07-29,635.24,636.66,0.0022353756060700114,0.0022353756060700114
2025-07-31,Thursday,2025-07-30,634.49,633.47,-0.0016075903481536091,0.0016075903481536091
2025-08-01,Friday,2025-07-31,631.97,620.6299,-0.01794404797696092,0.01794404797696092
2025-08-04,Monday,2025-08-01,621.71,629.81,0.013028582458059157,0.013028582458059157
2025-08-05,Tuesday,2025-08-04,631.09,630.13,-0.0015211776450269054,0.0015211776450269054
2025-08-06,Wednesday,2025-08-05,628.0,632.23,0.006735668789809024,0.006735668789809024
2025-08-07,Thursday,2025-08-06,632.67,630.74,-0.0030505634849130603,0.0030505634849130603
2025-08-08,Friday,2025-08-07,632.3,637.19,0.00773367072592146,0.00773367072592146
2025-08-11,Monday,2025-08-08,637.14,636.8019,-0.000530652603823234,0.000530652603823234
2025-08-12,Tuesday,2025-08-11,635.83,642.06,0.009798216504411483,0.009798216504411483
2025-08-13,Wednesday,2025-08-12,642.64,643.55,0.0014160338603261824,0.0014160338603261824
2025-08-14,Thursday,2025-08-13,644.88,644.71,-0.00026361493611204434,0.00026361493611204434
2025-08-15,Friday,2025-08-14,644.94,644.7709,-0.00026219493286205875,0.00026219493286205875
2025-08-18,Monday,2025-08-15,643.44,642.7894,-0.0010111276886735077,0.0010111276886735077
2025-08-19,Tuesday,2025-08-18,643.27,639.83,-0.005347676714287819,0.005347676714287819
2025-08-20,Wednesday,2025-08-19,639.77,637.198,-0.004020194757490936,0.004020194757490936
2025-08-21,Thursday,2025-08-20,638.07,635.9199,-0.0033696929803941345,0.0033696929803941345
2025-08-22,Friday,2025-08-21,635.58,645.77,0.016032600144749498,0.016032600144749498
2025-08-25,Monday,2025-08-22,645.27,644.505,-0.001185550234785393,0.001185550234785393
2025-08-26,Tuesday,2025-08-25,642.47,642.86,0.0006070322349680524,0.0006070322349680524
2025-08-27,Wednesday,2025-08-26,645.13,646.76,0.0025266225411932908,0.0025266225411932908
2025-08-28,Thursday,2025-08-27,646.62,648.38,0.0027218459064055622,0.0027218459064055622
2025-08-29,Friday,2025-08-28,648.89,644.64,-0.006549646319098823,0.006549646319098823
2025-09-02,Tuesday,2025-08-29,645.04,638.35,-0.010371449832568436,0.010371449832568436
2025-09-03,Wednesday,2025-09-02,640.31,640.978,0.0010432446783590343,0.0010432446783590343
2025-09-04,Thursday,2025-09-03,643.64,647.14,0.00543782238518431,0.00543782238518431
2025-09-05,Friday,2025-09-04,648.99,645.12,-0.0059631119123561005,0.0059631119123561005
2025-09-08,Monday,2025-09-05,647.21,647.59,0.0005871355510576048,0.0005871355510576048
2025-09-09,Tuesday,2025-09-08,648.8,649.795,0.0015336004932182679,0.0015336004932182679
2025-09-10,Wednesday,2025-09-09,650.33,652.345,0.0030984269524703123,0.0030984269524703123
2025-09-11,Thursday,2025-09-10,652.225,657.55,0.00816436045843072,0.00816436045843072
2025-09-12,Friday,2025-09-11,657.61,658.3715,0.0011579811742521429,0.0011579811742521429
2025-09-15,Monday,2025-09-12,657.42,660.6099,0.004852149310942799,0.004852149310942799
2025-09-16,Tuesday,2025-09-15,660.85,660.2,-0.0009835817507755085,0.0009835817507755085
2025-09-17,Wednesday,2025-09-16,659.93,659.66,-0.00040913430212297097,0.00040913430212297097
2025-09-18,Thursday,2025-09-17,659.18,662.79,0.005476501107436471,0.005476501107436471
2025-09-19,Friday,2025-09-18,662.28,662.69,0.0006190735036541994,0.0006190735036541994
2025-09-22,Monday,2025-09-19,663.64,666.355,0.004091073473569962,0.004091073473569962
2025-09-23,Tuesday,2025-09-22,666.76,663.23,-0.005294258803767438,0.005294258803767438
2025-09-24,Wednesday,2025-09-23,663.23,660.57,-0.0040106750297784766,0.0040106750297784766
2025-09-25,Thursday,2025-09-24,661.04,655.59,-0.008244584291419499,0.008244584291419499
2025-09-26,Friday,2025-09-25,657.95,661.35,0.005167565924462325,0.005167565924462325
2025-09-29,Monday,2025-09-26,661.75,662.94,0.0017982621836041268,0.0017982621836041268
2025-09-30,Tuesday,2025-09-29,663.61,662.53,-0.0016274619128705536,0.0016274619128705536
2025-10-01,Wednesday,2025-09-30,666.11,667.955,0.0027698127936828243,0.0027698127936828243
2025-10-02,Thursday,2025-10-01,668.51,668.895,0.0005759076154432385,0.0005759076154432385
2025-10-03,Friday,2025-10-02,669.17,669.19,2.988777141843535e-05,2.988777141843535e-05
2025-10-06,Monday,2025-10-03,669.18,672.27,0.0046175916793689264,0.0046175916793689264
2025-10-07,Tuesday,2025-10-06,671.59,668.33,-0.004854152086838703,0.004854152086838703
2025-10-08,Wednesday,2025-10-07,669.13,672.64,0.0052456174435460134,0.0052456174435460134
2025-10-09,Thursday,2025-10-08,673.07,670.19,-0.004278901154411874,0.004278901154411874
2025-10-10,Friday,2025-10-09,671.17,659.59,-0.01725345292548819,0.01725345292548819
2025-10-13,Monday,2025-10-10,653.11,663.26,0.015541026779562372,0.015541026779562372
2025-10-14,Tuesday,2025-10-13,663.05,665.13,0.0031370183244099348,0.0031370183244099348
2025-10-15,Wednesday,2025-10-14,662.2,664.31,0.0031863485351855125,0.0031863485351855125
2025-10-16,Thursday,2025-10-15,665.08,661.81,-0.004916701750165564,0.004916701750165564
2025-10-17,Friday,2025-10-16,660.65,662.885,0.0033830318625596156,0.0033830318625596156
2025-10-20,Monday,2025-10-17,664.32,671.7988,0.011257827552986432,0.011257827552986432
2025-10-21,Tuesday,2025-10-20,671.27,672.205,0.001392882148762986,0.001392882148762986
2025-10-22,Wednesday,2025-10-21,671.27,664.74,-0.009727829338418204,0.009727829338418204
2025-10-23,Thursday,2025-10-22,667.79,672.355,0.006835981371389188,0.006835981371389188
2025-10-24,Friday,2025-10-23,671.63,678.0701,0.009588761669371504,0.009588761669371504
2025-10-27,Monday,2025-10-24,677.12,683.94,0.010072069943289241,0.010072069943289241
2025-10-28,Tuesday,2025-10-27,685.18,687.6017,0.0035343997197818666,0.0035343997197818666
2025-10-29,Wednesday,2025-10-28,686.98,688.1699,0.0017320737139363551,0.0017320737139363551
2025-10-30,Thursday,2025-10-29,687.3,684.3984,-0.004221737232649403,0.004221737232649403
2025-10-31,Friday,2025-10-30,679.95,680.87,0.0013530406647546123,0.0013530406647546123
2025-11-03,Monday,2025-10-31,681.99,683.59,0.002346075455651908,0.002346075455651908
2025-11-04,Tuesday,2025-11-03,683.35,676.15,-0.010536328382234617,0.010536328382234617
2025-11-05,Wednesday,2025-11-04,675.35,680.658,0.007859628340860292,0.007859628340860292
2025-11-06,Thursday,2025-11-05,677.51,671.5,-0.008870717775383397,0.008870717775383397
2025-11-07,Friday,2025-11-06,670.27,665.615,-0.006944962477807404,0.006944962477807404
2025-11-10,Monday,2025-11-07,670.94,679.875,0.013317137150862912,0.013317137150862912
2025-11-11,Tuesday,2025-11-10,681.33,683.205,0.0027519704108140974,0.0027519704108140974
2025-11-12,Wednesday,2025-11-11,682.9,683.63,0.0010689705667008553,0.0010689705667008553
2025-11-13,Thursday,2025-11-12,683.33,672.69,-0.015570807662476427,0.015570807662476427
2025-11-14,Friday,2025-11-13,672.06,673.25,0.0017706752373300993,0.0017706752373300993
2025-11-17,Monday,2025-11-14,671.95,666.56,-0.00802143016593515,0.00802143016593515
2025-11-18,Tuesday,2025-11-17,665.69,663.01,-0.004025897940482914,0.004025897940482914
2025-11-19,Wednesday,2025-11-18,660.14,662.5292,0.0036192322840609137,0.0036192322840609137
2025-11-20,Thursday,2025-11-19,662.65,655.06,-0.011454010412736748,0.011454010412736748
2025-11-21,Friday,2025-11-20,652.53,662.25,0.014895866856696305,0.014895866856696305
2025-11-24,Monday,2025-11-21,659.06,669.235,0.015438655054168082,0.015438655054168082
2025-11-25,Tuesday,2025-11-24,668.8,673.87,0.007580741626794341,0.007580741626794341
2025-11-26,Wednesday,2025-11-25,675.01,680.4,0.007985066887898018,0.007985066887898018
2025-11-28,Friday,2025-11-26,679.63,683.0009,0.004959904654002978,0.004959904654002978
2025-12-01,Monday,2025-11-28,683.68,682.8205,-0.0012571670957172154,0.0012571670957172154
2025-12-02,Tuesday,2025-12-01,680.27,681.11,0.0012348038278919837,0.0012348038278919837
2025-12-03,Wednesday,2025-12-02,681.48,683.915,0.003573105593707826,0.003573105593707826
2025-12-04,Thursday,2025-12-03,683.81,684.12,0.0004533423026864547,0.0004533423026864547
2025-12-05,Friday,2025-12-04,684.4,686.19,0.0026154295733489263,0.0026154295733489263
2025-12-08,Monday,2025-12-05,685.65,682.11,-0.005162984029752682,0.005162984029752682
2025-12-09,Tuesday,2025-12-08,683.63,684.05,0.0006143674209733163,0.0006143674209733163
2025-12-10,Wednesday,2025-12-09,683.05,682.87,-0.00026352390015360605,0.00026352390015360605
2025-12-11,Thursday,2025-12-10,687.46,687.96,0.0007273150437843157,0.0007273150437843157
2025-12-12,Friday,2025-12-11,689.145,682.55,-0.009569829281210862,0.009569829281210862
2025-12-15,Monday,2025-12-12,681.72,681.02,-0.0010268145279587193,0.0010268145279587193
2025-12-16,Tuesday,2025-12-15,680.7,677.86,-0.00417217570148376,0.00417217570148376
2025-12-17,Wednesday,2025-12-16,678.86,672.555,-0.009287629260819719,0.009287629260819719
2025-12-18,Thursday,2025-12-17,671.3,678.275,0.010390287501861994,0.010390287501861994
2025-12-19,Friday,2025-12-18,676.48,680.225,0.005536009933774899,0.005536009933774899
2025-12-22,Monday,2025-12-19,680.59,684.505,0.005752361921274041,0.005752361921274041
2025-12-23,Tuesday,2025-12-22,684.79,687.53,0.004001226653426615,0.004001226653426615
2025-12-24,Wednesday,2025-12-23,687.91,689.95,0.002965504208399361,0.002965504208399361
2025-12-26,Friday,2025-12-24,689.87,690.21,0.0004928464783220399,0.0004928464783220399
2025-12-29,Monday,2025-12-26,690.25,687.225,-0.004382470119521864,0.004382470119521864
2025-12-30,Tuesday,2025-12-29,687.84,687.765,-0.00010903698534547868,0.00010903698534547868
2025-12-31,Wednesday,2025-12-30,686.94,685.84,-0.001601304335167586,0.001601304335167586
2026-01-02,Friday,2025-12-31,681.84,680.525,-0.0019286049513083103,0.0019286049513083103
2026-01-05,Monday,2026-01-02,683.17,688.54,0.007860415416367728,0.007860415416367728
2026-01-06,Tuesday,2026-01-05,687.73,691.72,0.005801695432800624,0.005801695432800624
2026-01-07,Wednesday,2026-01-06,691.8,692.825,0.0014816420930905405,0.0014816420930905405
2026-01-08,Thursday,2026-01-07,689.59,688.89,-0.0010150959265651238,0.0010150959265651238
2026-01-09,Friday,2026-01-08,689.44,694.53,0.007382803434671459,0.007382803434671459
2026-01-12,Monday,2026-01-09,693.99,695.215,0.0017651551175088542,0.0017651551175088542
2026-01-13,Tuesday,2026-01-12,695.16,692.8,-0.0033949018930893304,0.0033949018930893304
2026-01-14,Wednesday,2026-01-13,693.75,688.11,-0.008129729729729696,0.008129729729729696
2026-01-15,Thursday,2026-01-14,690.44,694.7158,0.006192862522449216,0.006192862522449216
2026-01-16,Friday,2026-01-15,692.18,692.64,0.0006645670201392839,0.0006645670201392839
2026-01-20,Tuesday,2026-01-16,691.58,678.72,-0.018595101072905518,0.018595101072905518
2026-01-21,Wednesday,2026-01-20,677.61,680.99,0.004988120010035235,0.004988120010035235
2026-01-22,Thursday,2026-01-21,685.33,690.025,0.0068507142544467214,0.0068507142544467214
2026-01-23,Friday,2026-01-22,688.93,688.97,5.806105119554594e-05,5.806105119554594e-05
2026-01-26,Monday,2026-01-23,689.185,693.59,0.006391607478398509,0.006391607478398509
2026-01-27,Tuesday,2026-01-26,692.71,696.03,0.00479277042340942,0.00479277042340942
2026-01-28,Wednesday,2026-01-27,695.54,695.11,-0.0006182246887309617,0.0006182246887309617
2026-01-29,Thursday,2026-01-28,695.42,690.59,-0.00694544304161504,0.00694544304161504
2026-01-30,Friday,2026-01-29,693.97,691.37,-0.0037465596495526166,0.0037465596495526166
2026-02-02,Monday,2026-01-30,691.85,696.49,0.006706656067066552,0.006706656067066552
2026-02-03,Tuesday,2026-02-02,695.46,684.86,-0.01524171052253187,0.01524171052253187
2026-02-04,Wednesday,2026-02-03,689.47,684.63,-0.007019884839079338,0.007019884839079338
2026-02-05,Thursday,2026-02-04,686.12,678.3003,-0.011396985949979621,0.011396985949979621
2026-02-06,Friday,2026-02-05,677.45,689.03,0.01709351243634205,0.01709351243634205
2026-02-09,Monday,2026-02-06,690.66,694.67,0.005806040598847373,0.005806040598847373
2026-02-10,Tuesday,2026-02-09,693.92,693.64,-0.00040350472676964344,0.00040350472676964344
2026-02-11,Wednesday,2026-02-10,692.11,692.73,0.0008958113594659256,0.0008958113594659256
2026-02-12,Thursday,2026-02-11,691.91,684.71,-0.010405977656053444,0.010405977656053444
2026-02-13,Friday,2026-02-12,681.29,684.66,0.004946498554213363,0.004946498554213363
2026-02-17,Tuesday,2026-02-13,681.63,684.075,0.0035869900092426743,0.0035869900092426743
2026-02-18,Wednesday,2026-02-17,682.78,686.98,0.006151322534345027,0.006151322534345027
2026-02-19,Thursday,2026-02-18,686.26,683.74,-0.0036720776382128673,0.0036720776382128673
2026-02-20,Friday,2026-02-19,684.52,689.3,0.006982995383626456,0.006982995383626456
2026-02-23,Monday,2026-02-20,689.36,682.01,-0.010662063363119478,0.010662063363119478
2026-02-24,Tuesday,2026-02-23,682.41,687.4599,0.007400096716050353,0.007400096716050353
2026-02-25,Wednesday,2026-02-24,687.36,692.49,0.0074633379888267015,0.0074633379888267015
2026-02-26,Thursday,2026-02-25,693.08,687.39,-0.008209730478444088,0.008209730478444088
2026-02-27,Friday,2026-02-26,689.32,683.95,-0.007790286079034425,0.007790286079034425
2026-03-02,Monday,2026-02-27,686.22,685.28,-0.0013698230888053997,0.0013698230888053997
2026-03-03,Tuesday,2026-03-02,686.37,681.26,-0.007444964086425698,0.007444964086425698
2026-03-04,Wednesday,2026-03-03,680.27,686.545,0.009224278595263646,0.009224278595263646
2026-03-05,Thursday,2026-03-04,685.16,676.62,-0.012464241928892505,0.012464241928892505
2026-03-06,Friday,2026-03-05,681.44,674.04,-0.010859356656492292,0.010859356656492292
2026-03-09,Monday,2026-03-06,672.46,668.815,-0.005420396752223167,0.005420396752223167
2026-03-10,Tuesday,2026-03-09,678.31,682.047,0.005509280417508311,0.005509280417508311
2026-03-11,Wednesday,2026-03-10,677.07,674.99,-0.003072060495960649,0.003072060495960649
2026-03-12,Thursday,2026-03-11,676.35,668.1601,-0.012108967250683778,0.012108967250683778
2026-03-13,Friday,2026-03-12,666.05,662.63,-0.005134749643420089,0.005134749643420089
2026-03-16,Monday,2026-03-13,662.3,668.755,0.009746338517288233,0.009746338517288233
2026-03-17,Tuesday,2026-03-16,668.96,671.7,0.004095910069361386,0.004095910069361386
2026-03-18,Wednesday,2026-03-17,670.73,666.72,-0.005978560672699862,0.005978560672699862
2026-03-19,Thursday,2026-03-18,661.51,657.24,-0.006454928874846888,0.006454928874846888
2026-03-20,Friday,2026-03-19,659.735,651.4,-0.012633860565226973,0.012633860565226973
2026-03-23,Monday,2026-03-20,648.54,658.06,0.014679125420174577,0.014679125420174577
2026-03-24,Tuesday,2026-03-23,655.375,654.3,-0.0016402822811367734,0.0016402822811367734
2026-03-25,Wednesday,2026-03-24,653.2,657.9,0.007195345988977309,0.007195345988977309
2026-03-26,Thursday,2026-03-25,656.74,646.67,-0.015333313031032136,0.015333313031032136
2026-03-27,Friday,2026-03-26,645.095,636.13,-0.013897177935032867,0.013897177935032867
2026-03-30,Monday,2026-03-27,634.08,633.57,-0.000804314912944748,0.000804314912944748
2026-03-31,Tuesday,2026-03-30,632.02,646.415,0.022776177969051625,0.022776177969051625
2026-04-01,Wednesday,2026-03-31,650.235,656.79,0.010080970725968141,0.010080970725968141
2026-04-02,Thursday,2026-04-01,655.17,653.2102,-0.002991284704733088,0.002991284704733088
2026-04-06,Monday,2026-04-02,655.88,656.47,0.0008995547966090811,0.0008995547966090811
2026-04-07,Tuesday,2026-04-06,658.87,656.725,-0.003255573937195444,0.003255573937195444
2026-04-08,Wednesday,2026-04-07,659.27,675.81,0.025088355302076426,0.025088355302076426
2026-04-09,Thursday,2026-04-08,675.87,680.54,0.006909612795360065,0.006909612795360065
2026-04-10,Friday,2026-04-09,679.87,679.45,-0.0006177651609865498,0.0006177651609865498
2026-04-13,Monday,2026-04-10,679.31,682.14,0.004165991962432614,0.004165991962432614
2026-04-14,Tuesday,2026-04-13,686.01,693.725,0.01124619174647612,0.01124619174647612
2026-04-15,Wednesday,2026-04-14,694.4,697.4801,0.004435627880184256,0.004435627880184256
2026-04-16,Thursday,2026-04-15,699.84,700.6,0.0010859625057155764,0.0010859625057155764
2026-04-17,Friday,2026-04-16,701.55,710.295,0.012465255505666128,0.012465255505666128
2026-04-20,Monday,2026-04-17,710.04,707.74,-0.003239254126528035,0.003239254126528035
2026-04-21,Tuesday,2026-04-20,708.69,705.795,-0.0040850019049233355,0.0040850019049233355
2026-04-22,Wednesday,2026-04-21,704.15,709.99,0.008293687424554497,0.008293687424554497
2026-04-23,Thursday,2026-04-22,711.21,706.635,-0.006432699202767234,0.006432699202767234
2026-04-24,Friday,2026-04-23,708.44,713.65,0.007354186663655282,0.007354186663655282
2026-04-27,Monday,2026-04-24,713.98,714.8799,0.0012603994509650107,0.0012603994509650107
2026-04-28,Tuesday,2026-04-27,715.15,711.03,-0.005761029154722763,0.005761029154722763
2026-04-29,Wednesday,2026-04-28,711.68,710.61,-0.0015034847122301631,0.0015034847122301631
2026-04-30,Thursday,2026-04-29,711.59,717.0601,0.0076871513090404076,0.0076871513090404076
2026-05-01,Friday,2026-04-30,718.43,722.8,0.006082708127444603,0.006082708127444603
2026-05-04,Monday,2026-05-01,720.67,718.3301,-0.0032468397463470966,0.0032468397463470966
2026-05-05,Tuesday,2026-05-04,718.07,724.01,0.008272174022031287,0.008272174022031287
2026-05-06,Wednesday,2026-05-05,723.74,732.125,0.011585652306076666,0.011585652306076666
2026-05-07,Thursday,2026-05-06,733.79,731.72,-0.00282097057741304,0.00282097057741304
2026-05-08,Friday,2026-05-07,731.56,737.19,0.007695882771064699,0.007695882771064699
2026-05-11,Monday,2026-05-08,737.53,740.2,0.0036201917210147982,0.0036201917210147982
2026-05-12,Tuesday,2026-05-11,739.26,735.06,-0.005681357032708445,0.005681357032708445
2026-05-13,Wednesday,2026-05-12,738.22,742.135,0.0053032971200996926,0.0053032971200996926
2026-05-14,Thursday,2026-05-13,742.29,747.74,0.007342143906020615,0.007342143906020615
2026-05-15,Friday,2026-05-14,748.15,742.96,-0.006937111541802987,0.006937111541802987
2026-05-18,Monday,2026-05-15,739.09,737.03,-0.0027872113003829524,0.0027872113003829524
2026-05-19,Tuesday,2026-05-18,738.56,736.77,-0.0024236351819756363,0.0024236351819756363
2026-05-20,Wednesday,2026-05-19,733.76,739.85,0.008299716528565204,0.008299716528565204
2026-05-21,Thursday,2026-05-20,741.3,743.68,0.003210576015108657,0.003210576015108657
2026-05-22,Friday,2026-05-21,742.75,747.37,0.006220127903062922,0.006220127903062922
2026-05-26,Tuesday,2026-05-22,745.59,749.03,0.004613795785887609,0.004613795785887609
2026-05-27,Wednesday,2026-05-26,750.49,749.72,-0.001025996349051983,0.001025996349051983
2026-05-28,Thursday,2026-05-27,750.47,754.7,0.005636467813503465,0.005636467813503465
2026-05-29,Friday,2026-05-28,754.64,755.3,0.0008745892080992412,0.0008745892080992412
2026-06-01,Monday,2026-05-29,756.4,759.55,0.0041644632469592935,0.0041644632469592935
2026-06-02,Tuesday,2026-06-01,758.43,758.875,0.0005867383937872006,0.0005867383937872006
2026-06-03,Wednesday,2026-06-02,759.45,755.565,-0.005115544143788231,0.005115544143788231
2026-06-04,Thursday,2026-06-03,754.19,757.685,0.004634110767843591,0.004634110767843591
2026-06-05,Friday,2026-06-04,757.06,744.67,-0.016365941933268124,0.016365941933268124
2026-06-08,Monday,2026-06-05,737.42,741.13,0.005031054216050546,0.005031054216050546
2026-06-09,Tuesday,2026-06-08,739.31,732.56,-0.009130134855473315,0.009130134855473315
2026-06-10,Wednesday,2026-06-09,737.05,730.66,-0.00866969676412721,0.00866969676412721
2026-06-11,Thursday,2026-06-10,725.42,734.95,0.013137217060461559,0.013137217060461559
2026-06-12,Friday,2026-06-11,737.64,741.3,0.004961769969090479,0.004961769969090479
2026-06-15,Monday,2026-06-12,741.63,755.205,0.018304275717001772,0.018304275717001772
2026-06-16,Tuesday,2026-06-15,754.66,752.12,-0.0033657541144356262,0.0033657541144356262
2026-06-17,Wednesday,2026-06-16,750.39,750.865,0.0006330041711644085,0.0006330041711644085
2026-06-18,Thursday,2026-06-17,741.02,747.01,0.008083452538393043,0.008083452538393043
2026-06-22,Monday,2026-06-18,746.56,744.69,-0.0025048221174451824,0.0025048221174451824
2026-06-23,Tuesday,2026-06-22,744.37,735.795,-0.011519808697287748,0.011519808697287748
2026-06-24,Wednesday,2026-06-23,733.67,731.87,-0.0024534191121348137,0.0024534191121348137
2026-06-25,Thursday,2026-06-24,733.12,733.45,0.0004501309471847126,0.0004501309471847126
2026-06-26,Friday,2026-06-25,733.26,733.66,0.000545509096364194,0.000545509096364194
2026-06-29,Monday,2026-06-26,729.09,740.41,0.015526203898009738,0.015526203898009738
2026-06-30,Tuesday,2026-06-29,740.88,746.49,0.0075720764496274295,0.0075720764496274295
2026-07-01,Wednesday,2026-06-30,746.32,747.195,0.001172419337549524,0.001172419337549524
2026-07-02,Thursday,2026-07-01,745.69,740.24,-0.007308667140500824,0.007308667140500824
2026-07-06,Monday,2026-07-02,744.8,750.1299,0.007156149301826176,0.007156149301826176
2026-07-07,Tuesday,2026-07-06,751.3,749.18,-0.002821775588979114,0.002821775588979114
2026-07-08,Wednesday,2026-07-07,747.69,744.39,-0.004413593869116994,0.004413593869116994
2026-07-09,Thursday,2026-07-08,745.34,751.63,0.00843910161805339,0.00843910161805339
2026-07-10,Friday,2026-07-09,751.64,753.99,0.0031264967271567023,0.0031264967271567023
2026-07-13,Monday,2026-07-10,754.9,749.235,-0.007504305205987549,0.007504305205987549
2026-07-14,Tuesday,2026-07-13,749.1,752.275,0.00423841943665737,0.00423841943665737
2026-07-15,Wednesday,2026-07-14,751.85,754.1901,0.0031124559420097064,0.0031124559420097064
2026-07-16,Thursday,2026-07-15,754.74,751.31,-0.004544611389352693,0.004544611389352693
2026-07-17,Friday,2026-07-16,750.76,744.58,-0.008231658585966195,0.008231658585966195
2026-07-20,Monday,2026-07-17,743.23,744.55,0.0017760316456547631,0.0017760316456547631
2026-07-21,Tuesday,2026-07-20,742.1,748.59,0.008745452095404893,0.008745452095404893
2026-07-22,Wednesday,2026-07-21,748.315,748.52,0.00027394880498166074,0.00027394880498166074
2026-07-23,Thursday,2026-07-22,747.39,737.19,-0.01364749327660253,0.01364749327660253
2026-07-24,Friday,2026-07-23,738.24,740.98,0.0037115301257044653,0.0037115301257044653
2026-07-27,Monday,2026-07-24,738.85,737.8,-0.001421127427759461,0.001421127427759461
2026-07-28,Tuesday,2026-07-27,739.02,741.19,0.002936321073854664,0.002936321073854664
2026-07-29,Wednesday,2026-07-28,740.76,736.4075,-0.005875722231221903,0.005875722231221903
2026-07-30,Thursday,2026-07-29,729.51,739.78,0.014077942728680792,0.014077942728680792
2026-07-31,Friday,2026-07-30,741.71,745.44,0.005028919658626618,0.005028919658626618
2026-08-03,Monday,2026-07-31,746.81,757.6451,0.014508509527189073,0.014508509527189073
2026-08-04,Tuesday,2026-08-03,757.67,771.57,0.01834571779270666,0.01834571779270666
2026-08-05,Wednesday,2026-08-04,771.25,771.555,0.00039546191247974427,0.00039546191247974427
2026-08-06,Thursday,2026-08-05,769.76,768.6303,-0.0014676002909996821,0.0014676002909996821
2026-08-07,Friday,2026-08-06,768.53,772.17,0.004736314782767037,0.004736314782767037
2026-08-10,Monday,2026-08-07,773.2,772.739,-0.0005962234868081007,0.0005962234868081007
2026-08-11,Tuesday,2026-08-10,773.06,771.2399,-0.0023544097482729454,0.0023544097482729454
2026-08-12,Wednesday,2026-08-11,770.42,772.8101,0.00310233379195779,0.00310233379195779
2026-08-13,Thursday,2026-08-12,772.52,776.745,0.00546911406824413,0.00546911406824413
2026-08-14,Friday,2026-08-13,777.8,775.83,-0.002532784777577679,0.002532784777577679
2026-08-17,Monday,2026-08-14,776.3,773.41,-0.0037227875821203016,0.0037227875821203016
2026-08-18,Tuesday,2026-08-17,772.68,767.62,-0.006548635916550083,0.006548635916550083
2026-08-19,Wednesday,2026-08-18,767.41,769.5076,0.0027333498390691435,0.0027333498390691435
2026-08-20,Thursday,2026-08-19,769.06,764.54,-0.005877304761657043,0.005877304761657043
2026-08-21,Friday,2026-08-20,762.62,765.43,0.003684666019773797,0.003684666019773797
2026-08-24,Monday,2026-08-21,765.69,763.29,-0.003134427771030124,0.003134427771030124
2026-08-25,Tuesday,2026-08-24,763.46,765.04,0.002069525580907783,0.002069525580907783
2026-08-26,Wednesday,2026-08-25,765.83,765.68,-0.0001958659232468296,0.0001958659232468296
