date,weekday,ref,outcome,gross_bp,net_bp,net_R
2016-01-04,Monday,200.76,no_fill,0.0,0.0,0.0
2016-01-05,Tuesday,200.98,no_fill,0.0,0.0,0.0
2016-01-06,Wednesday,198.31,no_fill,0.0,0.0,0.0
2016-01-07,Thursday,194.61,no_fill,0.0,0.0,0.0
2016-01-08,Friday,195.56,buy,8.374793889742428,4.374793889742428,0.24016860792481343
2016-01-11,Monday,192.99,no_fill,0.0,0.0,0.0
2016-01-12,Tuesday,193.82,no_fill,0.0,0.0,0.0
2016-01-13,Wednesday,194.53,no_fill,0.0,0.0,0.0
2016-01-14,Thursday,189.61,buy,-13.468925780336786,-17.468925780336786,-0.9590137712413204
2016-01-15,Friday,188.58,sell,17.313177213877136,13.313177213877136,0.7308703722043165
2016-01-19,Tuesday,190.55,no_fill,0.0,0.0,0.0
2016-01-20,Wednesday,184.84,no_fill,0.0,0.0,0.0
2016-01-21,Thursday,186.44,buy,33.2755854552014,29.2755854552014,1.6071789396628238
2016-01-22,Friday,189.4,no_fill,0.0,0.0,0.0
2016-01-25,Monday,189.61,no_fill,0.0,0.0,0.0
2016-01-26,Tuesday,188.13,no_fill,0.0,0.0,0.0
2016-01-27,Wednesday,189.66,no_fill,0.0,0.0,0.0
2016-01-28,Thursday,188.66,sell,1.9265436134980962,-2.0734563865019036,-0.11382916463941009
2016-01-29,Friday,189.61,buy,-8.194942340643589,-12.194942340643589,-0.6694812143134306
2016-02-01,Monday,192.13,no_fill,0.0,0.0,0.0
2016-02-02,Tuesday,191.98,buy,-6.755983841992305,-10.755983841992304,-0.5904848848422366
2016-02-03,Wednesday,190.85,buy,5.8871875782255785,1.8871875782255785,0.10360332966043401
2016-02-04,Thursday,190.47,no_fill,0.0,0.0,0.0
2016-02-05,Friday,191.16,sell,5.848100758173716,1.8481007581737163,0.10145753093330445
2016-02-08,Monday,185.65,no_fill,0.0,0.0,0.0
2016-02-09,Tuesday,184.13,sell,0.24970391783696785,-3.750296082163032,-0.20588475984453916
2016-02-10,Wednesday,187.43,sell,3.6593223950288087,-0.34067760497119126,-0.018702610499876093
2016-02-11,Thursday,182.24,no_fill,0.0,0.0,0.0
2016-02-12,Friday,184.61,buy,13.743754602517297,9.743754602517297,0.5349152526555605
2016-02-16,Tuesday,188.47,no_fill,0.0,0.0,0.0
2016-02-17,Wednesday,190.85,no_fill,0.0,0.0,0.0
2016-02-18,Thursday,193.32,no_fill,0.0,0.0,0.0
2016-02-19,Friday,191.65,no_fill,0.0,0.0,0.0
2016-02-22,Monday,194.09,no_fill,0.0,0.0,0.0
2016-02-23,Tuesday,193.73,no_fill,0.0,0.0,0.0
2016-02-24,Wednesday,190.54,no_fill,0.0,0.0,0.0
2016-02-25,Thursday,193.64,buy,-15.116977515182427,-19.116977515182427,-1.0494889572549992
2016-02-26,Friday,196.74,buy,2.1158909740979257,-1.8841090259020743,-0.10343432246955964
2016-02-29,Monday,194.73,buy,8.488130062678113,4.488130062678113,0.24639056753422764
2016-03-01,Tuesday,194.78,no_fill,0.0,0.0,0.0
2016-03-02,Wednesday,197.85,no_fill,0.0,0.0,0.0
2016-03-03,Thursday,198.83,no_fill,0.0,0.0,0.0
2016-03-04,Friday,199.99,buy,-4.214810841057095,-8.214810841057094,-0.4509788880999163
2016-03-07,Monday,199.46,no_fill,0.0,0.0,0.0
2016-03-08,Tuesday,199.56,buy,-1.1780284146427795,-5.17802841464278,-0.2842647922352986
2016-03-09,Wednesday,199.55,no_fill,0.0,0.0,0.0
2016-03-10,Thursday,201.13,no_fill,0.0,0.0,0.0
2016-03-11,Friday,201.21,no_fill,0.0,0.0,0.0
2016-03-14,Monday,202.14,no_fill,0.0,0.0,0.0
2016-03-15,Tuesday,201.39,no_fill,0.0,0.0,0.0
2016-03-17,Thursday,202.66,no_fill,0.0,0.0,0.0
2016-03-18,Friday,204.11,no_fill,0.0,0.0,0.0
2016-03-21,Monday,204.03,no_fill,0.0,0.0,0.0
2016-03-23,Wednesday,204.7,no_fill,0.0,0.0,0.0
2016-03-24,Thursday,202.3,sell,-1.9031035601917738,-5.903103560191774,-0.3240701619821316
2016-03-28,Monday,203.72,no_fill,0.0,0.0,0.0
2016-03-30,Wednesday,206.1,no_fill,0.0,0.0,0.0
2016-03-31,Thursday,206.04,no_fill,0.0,0.0,0.0
2016-04-01,Friday,204.84,sell,-6.0108633462796455,-10.010863346279645,-0.5495790600875777
2016-04-04,Monday,207.25,no_fill,0.0,0.0,0.0
2016-04-05,Tuesday,204.72,no_fill,0.0,0.0,0.0
2016-04-06,Wednesday,204.63,no_fill,0.0,0.0,0.0
2016-04-07,Thursday,205.53,no_fill,0.0,0.0,0.0
2016-04-08,Friday,205.3,buy,-7.012393486871868,-11.012393486871868,-0.6045613302751542
2016-04-11,Monday,205.14,no_fill,0.0,0.0,0.0
2016-04-12,Tuesday,204.37,no_fill,0.0,0.0,0.0
2016-04-13,Wednesday,207.09,no_fill,0.0,0.0,0.0
2016-04-14,Thursday,207.94,no_fill,0.0,0.0,0.0
2016-04-15,Friday,207.73,no_fill,0.0,0.0,0.0
2016-04-18,Monday,207.18,no_fill,0.0,0.0,0.0
2016-04-19,Tuesday,210.02,no_fill,0.0,0.0,0.0
2016-04-20,Wednesday,210.09,no_fill,0.0,0.0,0.0
2016-04-21,Thursday,210.5,no_fill,0.0,0.0,0.0
2016-04-22,Friday,208.75,no_fill,0.0,0.0,0.0
2016-04-26,Tuesday,209.16,no_fill,0.0,0.0,0.0
2016-04-27,Wednesday,208.75,no_fill,0.0,0.0,0.0
2016-04-28,Thursday,208.13,no_fill,0.0,0.0,0.0
2016-04-29,Friday,207.45,sell,1.0662437636118849,-2.933756236388115,-0.16105813646127168
2016-05-02,Monday,206.94,no_fill,0.0,0.0,0.0
2016-05-03,Tuesday,206.48,no_fill,0.0,0.0,0.0
2016-05-04,Wednesday,204.82,no_fill,0.0,0.0,0.0
2016-05-05,Thursday,205.9,no_fill,0.0,0.0,0.0
2016-05-06,Friday,204.48,sell,15.039575195927089,11.039575195927089,0.6060535590268027
2016-05-10,Tuesday,206.66,no_fill,0.0,0.0,0.0
2016-05-11,Wednesday,208.04,no_fill,0.0,0.0,0.0
2016-05-12,Thursday,207.69,no_fill,0.0,0.0,0.0
2016-05-13,Friday,205.83,buy,-2.668700401394805,-6.668700401394805,-0.36610010264161996
2016-05-18,Wednesday,204.41,no_fill,0.0,0.0,0.0
2016-05-19,Thursday,204.4,no_fill,0.0,0.0,0.0
2016-05-24,Tuesday,206.25,no_fill,0.0,0.0,0.0
2016-05-25,Wednesday,208.89,no_fill,0.0,0.0,0.0
2016-05-26,Thursday,209.59,no_fill,0.0,0.0,0.0
2016-05-31,Tuesday,210.63,no_fill,0.0,0.0,0.0
2016-06-03,Friday,211.07,sell,22.52926573833262,18.52926573833262,1.0172245985527546
2016-06-06,Monday,210.9,no_fill,0.0,0.0,0.0
2016-06-08,Wednesday,211.93,no_fill,0.0,0.0,0.0
2016-06-10,Friday,210.69,no_fill,0.0,0.0,0.0
2016-06-13,Monday,209.5,no_fill,0.0,0.0,0.0
2016-06-14,Tuesday,207.68,no_fill,0.0,0.0,0.0
2016-06-15,Wednesday,208.51,sell,-11.98079791265262,-15.98079791265262,-0.8773181285657131
2016-06-16,Thursday,206.69,no_fill,0.0,0.0,0.0
2016-06-17,Friday,207.28,no_fill,0.0,0.0,0.0
2016-06-20,Monday,208.87,no_fill,0.0,0.0,0.0
2016-06-21,Tuesday,208.66,sell,-3.838054727301813,-7.838054727301813,-0.4302956299514745
2016-06-24,Friday,204.15,buy,-17.72567497108641,-21.72567497108641,-1.1927019296307901
2016-06-27,Monday,201.02,buy,-10.25610385188167,-14.25610385188167,-0.7826354115941166
2016-06-28,Tuesday,201.3,no_fill,0.0,0.0,0.0
2016-06-29,Wednesday,204.61,no_fill,0.0,0.0,0.0
2016-06-30,Thursday,206.98,no_fill,0.0,0.0,0.0
2016-07-05,Tuesday,208.72,no_fill,0.0,0.0,0.0
2016-07-06,Wednesday,207.49,no_fill,0.0,0.0,0.0
2016-07-07,Thursday,209.58,no_fill,0.0,0.0,0.0
2016-07-08,Friday,210.11,buy,41.277135832809016,37.277135832809016,2.0464501976610903
2016-07-12,Tuesday,214.41,no_fill,0.0,0.0,0.0
2016-07-13,Wednesday,215.32,no_fill,0.0,0.0,0.0
2016-07-14,Thursday,216.61,no_fill,0.0,0.0,0.0
2016-07-15,Friday,216.19,no_fill,0.0,0.0,0.0
2016-07-18,Monday,216.2,no_fill,0.0,0.0,0.0
2016-07-20,Wednesday,216.83,no_fill,0.0,0.0,0.0
2016-07-21,Thursday,216.9,no_fill,0.0,0.0,0.0
2016-07-28,Thursday,216.33,no_fill,0.0,0.0,0.0
2016-07-29,Friday,216.55,no_fill,0.0,0.0,0.0
2016-08-01,Monday,217.45,no_fill,0.0,0.0,0.0
2016-08-03,Wednesday,215.41,no_fill,0.0,0.0,0.0
2016-08-05,Friday,216.65,buy,-1.1372740886134123,-5.137274088613412,-0.28202745031792575
2016-08-10,Wednesday,218.48,no_fill,0.0,0.0,0.0
2016-08-11,Thursday,218.15,no_fill,0.0,0.0,0.0
2016-08-12,Friday,218.58,no_fill,0.0,0.0,0.0
2016-08-16,Tuesday,218.62,no_fill,0.0,0.0,0.0
2016-09-02,Friday,217.1,buy,13.567077792757711,9.567077792757711,0.5252160017829542
2016-09-08,Thursday,219.01,no_fill,0.0,0.0,0.0
2016-09-09,Friday,217.24,no_fill,0.0,0.0,0.0
2016-09-12,Monday,212.37,no_fill,0.0,0.0,0.0
2016-09-13,Tuesday,214.98,no_fill,0.0,0.0,0.0
2016-09-14,Wednesday,213.88,no_fill,0.0,0.0,0.0
2016-09-15,Thursday,213.56,no_fill,0.0,0.0,0.0
2016-09-16,Friday,213.62,no_fill,0.0,0.0,0.0
2016-09-20,Tuesday,214.34,no_fill,0.0,0.0,0.0
2016-09-22,Thursday,216.76,no_fill,0.0,0.0,0.0
2016-09-23,Friday,216.75,no_fill,0.0,0.0,0.0
2016-09-26,Monday,215.19,no_fill,0.0,0.0,0.0
2016-09-27,Tuesday,214.48,no_fill,0.0,0.0,0.0
2016-09-30,Friday,215.27,no_fill,0.0,0.0,0.0
2016-10-03,Monday,216.1,no_fill,0.0,0.0,0.0
2016-10-05,Wednesday,215.42,no_fill,0.0,0.0,0.0
2016-10-07,Friday,215.7,buy,-9.87058737119047,-13.87058737119047,-0.7614712244728051
2016-10-10,Monday,215.97,no_fill,0.0,0.0,0.0
2016-10-11,Tuesday,215.64,no_fill,0.0,0.0,0.0
2016-10-12,Wednesday,213.27,no_fill,0.0,0.0,0.0
2016-10-13,Thursday,212.14,no_fill,0.0,0.0,0.0
2016-10-14,Friday,213.84,no_fill,0.0,0.0,0.0
2016-10-17,Monday,212.91,no_fill,0.0,0.0,0.0
2016-10-18,Tuesday,213.96,no_fill,0.0,0.0,0.0
2016-10-19,Wednesday,213.9,no_fill,0.0,0.0,0.0
2016-10-20,Thursday,214.07,no_fill,0.0,0.0,0.0
2016-10-21,Friday,213.4,buy,-17.746907314671784,-21.746907314671784,-1.1938675485217367
2016-10-24,Monday,214.82,no_fill,0.0,0.0,0.0
2016-10-28,Friday,213.14,no_fill,0.0,0.0,0.0
2016-10-31,Monday,213.0,no_fill,0.0,0.0,0.0
2016-11-02,Wednesday,210.65,no_fill,0.0,0.0,0.0
2016-11-03,Thursday,210.27,no_fill,0.0,0.0,0.0
2016-11-04,Friday,208.91,sell,-19.65153595863085,-23.65153595863085,-1.29842836248509
2016-11-07,Monday,211.39,no_fill,0.0,0.0,0.0
2016-11-08,Tuesday,212.96,no_fill,0.0,0.0,0.0
2016-11-09,Wednesday,210.73,buy,-22.011837929632694,-26.011837929632694,-1.4280048529311535
2016-11-10,Thursday,217.71,sell,-0.7610990438052987,-4.761099043805299,-0.26137609184834126
2016-11-11,Friday,216.35,no_fill,0.0,0.0,0.0
2016-11-14,Monday,216.75,no_fill,0.0,0.0,0.0
2016-11-15,Tuesday,217.08,no_fill,0.0,0.0,0.0
2016-11-16,Wednesday,217.48,no_fill,0.0,0.0,0.0
2016-11-17,Thursday,217.85,no_fill,0.0,0.0,0.0
2016-11-23,Wednesday,220.49,no_fill,0.0,0.0,0.0
2016-11-29,Tuesday,220.85,no_fill,0.0,0.0,0.0
2016-12-01,Thursday,220.3,no_fill,0.0,0.0,0.0
2016-12-02,Friday,219.56,no_fill,0.0,0.0,0.0
2016-12-06,Tuesday,221.4,no_fill,0.0,0.0,0.0
2016-12-07,Wednesday,221.32,no_fill,0.0,0.0,0.0
2016-12-09,Friday,225.3,no_fill,0.0,0.0,0.0
2016-12-13,Tuesday,226.95,no_fill,0.0,0.0,0.0
2016-12-15,Thursday,225.92,no_fill,0.0,0.0,0.0
2016-12-16,Friday,226.01,no_fill,0.0,0.0,0.0
2017-01-03,Tuesday,225.03,sell,48.44226808674525,44.44226808674525,2.439803549246384
2017-01-05,Thursday,226.15,no_fill,0.0,0.0,0.0
2017-01-06,Friday,226.34,no_fill,0.0,0.0,0.0
2017-01-12,Thursday,226.53,no_fill,0.0,0.0,0.0
2017-01-17,Tuesday,226.5,no_fill,0.0,0.0,0.0
2017-01-18,Wednesday,226.84,no_fill,0.0,0.0,0.0
2017-01-20,Friday,226.675,no_fill,0.0,0.0,0.0
2017-01-23,Monday,226.2,no_fill,0.0,0.0,0.0
2017-01-30,Monday,228.08,no_fill,0.0,0.0,0.0
2017-01-31,Tuesday,227.22,no_fill,0.0,0.0,0.0
2017-02-02,Thursday,227.02,no_fill,0.0,0.0,0.0
2017-02-03,Friday,228.04,buy,3.7104670225556755,-0.2895329774443245,-0.015894859025055438
2017-02-06,Monday,228.88,no_fill,0.0,0.0,0.0
2017-02-13,Monday,232.01,no_fill,0.0,0.0,0.0
2017-02-16,Thursday,234.67,no_fill,0.0,0.0,0.0
2017-02-17,Friday,233.91,no_fill,0.0,0.0,0.0
2017-03-01,Wednesday,238.26,no_fill,0.0,0.0,0.0
2017-03-02,Thursday,239.61,no_fill,0.0,0.0,0.0
2017-03-08,Wednesday,236.82,no_fill,0.0,0.0,0.0
2017-03-09,Thursday,236.41,no_fill,0.0,0.0,0.0
2017-03-10,Friday,237.78,buy,-6.019363176505116,-10.019363176505117,-0.5500456860462624
2017-03-16,Thursday,239.1,no_fill,0.0,0.0,0.0
2017-03-17,Friday,237.67,no_fill,0.0,0.0,0.0
2017-03-20,Monday,236.98,no_fill,0.0,0.0,0.0
2017-03-22,Wednesday,233.89,no_fill,0.0,0.0,0.0
2017-03-27,Monday,232.18,no_fill,0.0,0.0,0.0
2017-03-28,Tuesday,233.31,no_fill,0.0,0.0,0.0
2017-03-30,Thursday,235.4,no_fill,0.0,0.0,0.0
2017-03-31,Friday,236.03,no_fill,0.0,0.0,0.0
2017-04-03,Monday,235.85,no_fill,0.0,0.0,0.0
2017-04-05,Wednesday,235.98,no_fill,0.0,0.0,0.0
2017-04-06,Thursday,234.76,no_fill,0.0,0.0,0.0
2017-04-07,Friday,235.13,sell,1.348134766776467,-2.651865233223533,-0.14558280858918468
2017-04-13,Thursday,233.6,no_fill,0.0,0.0,0.0
2017-04-17,Monday,233.06,no_fill,0.0,0.0,0.0
2017-04-18,Tuesday,233.86,no_fill,0.0,0.0,0.0
2017-04-24,Monday,237.48,no_fill,0.0,0.0,0.0
2017-04-25,Tuesday,237.82,no_fill,0.0,0.0,0.0
2017-04-26,Wednesday,238.38,no_fill,0.0,0.0,0.0
2017-05-05,Friday,238.81,no_fill,0.0,0.0,0.0
2017-05-11,Thursday,239.13,no_fill,0.0,0.0,0.0
2017-05-16,Tuesday,240.3,no_fill,0.0,0.0,0.0
2017-05-17,Wednesday,238.65,no_fill,0.0,0.0,0.0
2017-05-18,Thursday,235.19,no_fill,0.0,0.0,0.0
2017-05-19,Friday,237.3,sell,-15.687065869738582,-19.687065869738582,-1.0807858205949907
2017-05-26,Friday,241.31,no_fill,0.0,0.0,0.0
2017-06-02,Friday,243.79,no_fill,0.0,0.0,0.0
2017-06-08,Thursday,243.87,no_fill,0.0,0.0,0.0
2017-06-09,Friday,243.96,no_fill,0.0,0.0,0.0
2017-06-14,Wednesday,244.7,no_fill,0.0,0.0,0.0
2017-06-15,Thursday,242.57,no_fill,0.0,0.0,0.0
2017-06-16,Friday,242.95,no_fill,0.0,0.0,0.0
2017-06-19,Monday,243.4,no_fill,0.0,0.0,0.0
2017-06-26,Monday,243.85,no_fill,0.0,0.0,0.0
2017-06-28,Wednesday,242.4,no_fill,0.0,0.0,0.0
2017-06-29,Thursday,243.79,no_fill,0.0,0.0,0.0
2017-07-06,Thursday,241.77,no_fill,0.0,0.0,0.0
2017-07-07,Friday,240.87,buy,-4.51517459507763,-8.51517459507763,-0.46746833800139054
2017-07-12,Wednesday,242.64,buy,2.391149196476913,-1.608850803523087,-0.08832312277541535
2017-07-13,Thursday,244.13,no_fill,0.0,0.0,0.0
2017-07-14,Friday,244.39,no_fill,0.0,0.0,0.0
2017-07-20,Thursday,247.44,no_fill,0.0,0.0,0.0
2017-07-25,Tuesday,247.4,no_fill,0.0,0.0,0.0
2017-07-28,Friday,246.55,no_fill,0.0,0.0,0.0
2017-08-04,Friday,247.44,no_fill,0.0,0.0,0.0
2017-08-09,Wednesday,246.25,no_fill,0.0,0.0,0.0
2017-08-11,Friday,243.76,buy,-8.369760958105424,-12.369760958105424,-0.679078453647058
2017-08-14,Monday,245.54,no_fill,0.0,0.0,0.0
2017-08-18,Friday,243.51,no_fill,0.0,0.0,0.0
2017-08-22,Tuesday,243.76,no_fill,0.0,0.0,0.0
2017-08-23,Wednesday,244.65,no_fill,0.0,0.0,0.0
2017-08-24,Thursday,244.94,no_fill,0.0,0.0,0.0
2017-08-29,Tuesday,243.37,no_fill,0.0,0.0,0.0
2017-09-01,Friday,247.93,no_fill,0.0,0.0,0.0
2017-09-13,Wednesday,249.74,no_fill,0.0,0.0,0.0
2017-09-14,Thursday,249.65,no_fill,0.0,0.0,0.0
2017-09-15,Friday,248.71,no_fill,0.0,0.0,0.0
2017-09-27,Wednesday,249.63,no_fill,0.0,0.0,0.0
2017-10-02,Monday,251.68,no_fill,0.0,0.0,0.0
2017-10-06,Friday,254.5,no_fill,0.0,0.0,0.0
2017-10-13,Friday,255.0,no_fill,0.0,0.0,0.0
2017-10-24,Tuesday,256.6,no_fill,0.0,0.0,0.0
2017-10-26,Thursday,255.98,no_fill,0.0,0.0,0.0
2017-11-09,Thursday,257.71,no_fill,0.0,0.0,0.0
2017-11-15,Wednesday,256.99,no_fill,0.0,0.0,0.0
2017-11-16,Thursday,257.44,no_fill,0.0,0.0,0.0
2017-11-21,Tuesday,259.17,no_fill,0.0,0.0,0.0
2017-12-01,Friday,264.76,no_fill,0.0,0.0,0.0
2017-12-04,Monday,266.04,no_fill,0.0,0.0,0.0
2017-12-05,Tuesday,264.65,no_fill,0.0,0.0,0.0
2017-12-07,Thursday,263.33,no_fill,0.0,0.0,0.0
2017-12-08,Friday,264.91,no_fill,0.0,0.0,0.0
2017-12-11,Monday,265.46,no_fill,0.0,0.0,0.0
2018-01-05,Friday,272.54,no_fill,0.0,0.0,0.0
2018-01-08,Monday,273.02,no_fill,0.0,0.0,0.0
2018-01-10,Wednesday,273.58,no_fill,0.0,0.0,0.0
2018-01-12,Friday,276.78,sell,7.075333838152575,3.0753338381525754,0.16883050160259402
2018-01-16,Tuesday,279.36,no_fill,0.0,0.0,0.0
2018-01-17,Wednesday,278.25,no_fill,0.0,0.0,0.0
2018-01-18,Thursday,279.54,no_fill,0.0,0.0,0.0
2018-01-19,Friday,279.08,no_fill,0.0,0.0,0.0
2018-01-22,Monday,280.38,no_fill,0.0,0.0,0.0
2018-01-25,Thursday,284.18,no_fill,0.0,0.0,0.0
2018-01-26,Friday,284.28,no_fill,0.0,0.0,0.0
2018-01-30,Tuesday,283.24,no_fill,0.0,0.0,0.0
2018-01-31,Wednesday,283.02,no_fill,0.0,0.0,0.0
2018-02-01,Thursday,281.54,sell,-3.297559608033134,-7.297559608033135,-0.4006233839768059
2018-02-02,Friday,280.2,sell,-21.427502310750704,-25.427502310750704,-1.3959258394542389
2018-02-05,Monday,274.2,no_fill,0.0,0.0,0.0
2018-02-06,Tuesday,257.89,buy,15.13204040549549,11.13204040549549,0.6111297388933762
2018-02-07,Wednesday,268.0,no_fill,0.0,0.0,0.0
2018-02-08,Thursday,267.89,no_fill,0.0,0.0,0.0
2018-02-09,Friday,259.3,buy,-7.031554069271279,-11.03155406927128,-0.605613213065035
2018-02-12,Monday,264.79,no_fill,0.0,0.0,0.0
2018-02-13,Tuesday,264.41,no_fill,0.0,0.0,0.0
2018-02-14,Wednesday,267.34,sell,118.68880572452379,114.68880572452379,6.296216806922527
2018-02-15,Thursday,270.55,buy,0.2653614211148245,-3.7346385788851757,-0.20502519003151595
2018-02-16,Friday,273.34,no_fill,0.0,0.0,0.0
2018-02-20,Tuesday,271.73,no_fill,0.0,0.0,0.0
2018-02-22,Thursday,270.4,no_fill,0.0,0.0,0.0
2018-02-23,Friday,272.02,no_fill,0.0,0.0,0.0
2018-02-26,Monday,275.66,no_fill,0.0,0.0,0.0
2018-02-27,Tuesday,277.97,no_fill,0.0,0.0,0.0
2018-02-28,Wednesday,274.87,buy,-8.028877194682982,-12.028877194682982,-0.6603645254052501
2018-03-01,Thursday,270.9,buy,7.624282405597612,3.6242824055976124,0.19896682724177914
2018-03-02,Friday,265.76,no_fill,0.0,0.0,0.0
2018-03-05,Monday,268.18,no_fill,0.0,0.0,0.0
2018-03-06,Tuesday,273.02,no_fill,0.0,0.0,0.0
2018-03-07,Wednesday,271.05,no_fill,0.0,0.0,0.0
2018-03-08,Thursday,273.3,no_fill,0.0,0.0,0.0
2018-03-09,Friday,273.69,buy,42.80242912905798,38.80242912905798,2.1301861579988084
2018-03-12,Monday,279.18,no_fill,0.0,0.0,0.0
2018-03-13,Tuesday,278.95,buy,1.1427970644333996,-2.8572029355666,-0.1568554928273712
2018-03-14,Wednesday,277.68,no_fill,0.0,0.0,0.0
2018-03-15,Thursday,275.37,no_fill,0.0,0.0,0.0
2018-03-16,Friday,274.49,no_fill,0.0,0.0,0.0
2018-03-19,Monday,273.26,buy,-20.04527007974856,-24.04527007974856,-1.3200436838338423
2018-03-20,Tuesday,271.5,no_fill,0.0,0.0,0.0
2018-03-22,Thursday,268.9,sell,17.113607755400867,13.113607755400867,0.7199143545645058
2018-03-23,Friday,264.0,no_fill,0.0,0.0,0.0
2018-03-26,Monday,262.41,no_fill,0.0,0.0,0.0
2018-03-27,Tuesday,266.22,no_fill,0.0,0.0,0.0
2018-03-28,Wednesday,261.72,sell,5.473928219156046,1.473928219156046,0.08091610656351371
2018-03-29,Thursday,260.95,no_fill,0.0,0.0,0.0
2018-04-02,Monday,262.48,no_fill,0.0,0.0,0.0
2018-04-03,Tuesday,258.84,no_fill,0.0,0.0,0.0
2018-04-04,Wednesday,256.82,no_fill,0.0,0.0,0.0
2018-04-05,Thursday,265.43,no_fill,0.0,0.0,0.0
2018-04-06,Friday,263.5,sell,-31.498243323878697,-35.4982433238787,-1.9487920797508025
2018-04-09,Monday,261.44,no_fill,0.0,0.0,0.0
2018-04-10,Tuesday,264.16,no_fill,0.0,0.0,0.0
2018-04-11,Wednesday,262.83,no_fill,0.0,0.0,0.0
2018-04-12,Thursday,264.98,no_fill,0.0,0.0,0.0
2018-04-13,Friday,267.2,no_fill,0.0,0.0,0.0
2018-04-16,Monday,266.72,no_fill,0.0,0.0,0.0
2018-04-17,Tuesday,269.24,no_fill,0.0,0.0,0.0
2018-04-19,Thursday,269.74,no_fill,0.0,0.0,0.0
2018-04-24,Tuesday,268.27,no_fill,0.0,0.0,0.0
2018-04-25,Wednesday,262.61,no_fill,0.0,0.0,0.0
2018-04-26,Thursday,264.96,no_fill,0.0,0.0,0.0
2018-04-27,Friday,266.84,no_fill,0.0,0.0,0.0
2018-05-01,Tuesday,264.35,no_fill,0.0,0.0,0.0
2018-05-03,Thursday,261.95,no_fill,0.0,0.0,0.0
2018-05-04,Friday,262.08,buy,-16.68925934980564,-20.68925934980564,-1.1358045069709106
2018-05-15,Tuesday,272.37,sell,0.8761658871662937,-3.1238341128337064,-0.171493082685888
2018-05-17,Thursday,271.81,no_fill,0.0,0.0,0.0
2018-05-24,Thursday,272.75,no_fill,0.0,0.0,0.0
2018-05-25,Friday,272.3,no_fill,0.0,0.0,0.0
2018-05-29,Tuesday,270.61,no_fill,0.0,0.0,0.0
2018-05-30,Wednesday,270.6,no_fill,0.0,0.0,0.0
2018-06-01,Friday,272.11,no_fill,0.0,0.0,0.0
2018-06-05,Tuesday,274.82,no_fill,0.0,0.0,0.0
2018-06-12,Tuesday,278.63,no_fill,0.0,0.0,0.0
2018-06-14,Thursday,278.51,no_fill,0.0,0.0,0.0
2018-06-15,Friday,276.35,no_fill,0.0,0.0,0.0
2018-06-18,Monday,275.5,no_fill,0.0,0.0,0.0
2018-06-19,Tuesday,273.78,no_fill,0.0,0.0,0.0
2018-06-21,Thursday,275.95,no_fill,0.0,0.0,0.0
2018-06-22,Friday,275.62,no_fill,0.0,0.0,0.0
2018-06-25,Monday,273.72,no_fill,0.0,0.0,0.0
2018-06-26,Tuesday,271.28,no_fill,0.0,0.0,0.0
2018-06-27,Wednesday,271.73,buy,-3.4950162674403606,-7.495016267440361,-0.41146341260684266
2018-06-28,Thursday,268.8,no_fill,0.0,0.0,0.0
2018-06-29,Friday,272.14,no_fill,0.0,0.0,0.0
2018-07-03,Tuesday,273.08,no_fill,0.0,0.0,0.0
2018-07-06,Friday,272.54,buy,9.670304050191238,5.670304050191238,0.31128987206413067
2018-07-09,Monday,276.54,no_fill,0.0,0.0,0.0
2018-07-10,Tuesday,278.1,no_fill,0.0,0.0,0.0
2018-07-11,Wednesday,277.45,no_fill,0.0,0.0,0.0
2018-07-12,Thursday,278.16,no_fill,0.0,0.0,0.0
2018-07-13,Friday,279.13,no_fill,0.0,0.0,0.0
2018-07-26,Thursday,283.1,no_fill,0.0,0.0,0.0
2018-07-27,Friday,283.65,no_fill,0.0,0.0,0.0
2018-08-01,Wednesday,281.28,no_fill,0.0,0.0,0.0
2018-08-03,Friday,282.84,no_fill,0.0,0.0,0.0
2018-08-10,Friday,283.79,no_fill,0.0,0.0,0.0
2018-08-13,Monday,283.56,no_fill,0.0,0.0,0.0
2018-08-15,Wednesday,282.62,no_fill,0.0,0.0,0.0
2018-08-17,Friday,283.64,no_fill,0.0,0.0,0.0
2018-08-22,Wednesday,285.36,no_fill,0.0,0.0,0.0
2018-08-29,Wednesday,289.84,no_fill,0.0,0.0,0.0
2018-09-04,Tuesday,289.82,no_fill,0.0,0.0,0.0
2018-09-07,Friday,287.72,sell,-2.2277449925594666,-6.227744992559467,-0.341892414378817
2018-09-11,Tuesday,287.55,no_fill,0.0,0.0,0.0
2018-09-13,Thursday,289.82,no_fill,0.0,0.0,0.0
2018-09-18,Tuesday,289.83,no_fill,0.0,0.0,0.0
2018-09-27,Thursday,290.07,no_fill,0.0,0.0,0.0
2018-09-28,Friday,289.84,no_fill,0.0,0.0,0.0
2018-10-01,Monday,292.0801,no_fill,0.0,0.0,0.0
2018-10-05,Friday,289.5,buy,-34.10497547018533,-38.10497547018533,-2.091897160033381
2018-10-09,Tuesday,286.87,no_fill,0.0,0.0,0.0
2018-10-10,Wednesday,286.82,no_fill,0.0,0.0,0.0
2018-10-11,Thursday,276.38,buy,-1.5717595192316576,-5.571759519231658,-0.3058799479818422
2018-10-12,Friday,276.75,no_fill,0.0,0.0,0.0
2018-10-15,Monday,276.0,no_fill,0.0,0.0,0.0
2018-10-16,Tuesday,275.95,no_fill,0.0,0.0,0.0
2018-10-18,Thursday,279.86,no_fill,0.0,0.0,0.0
2018-10-19,Friday,277.6,no_fill,0.0,0.0,0.0
2018-10-22,Monday,277.25,no_fill,0.0,0.0,0.0
2018-10-23,Tuesday,270.89,no_fill,0.0,0.0,0.0
2018-10-24,Wednesday,273.6,no_fill,0.0,0.0,0.0
2018-10-25,Thursday,267.76,no_fill,0.0,0.0,0.0
2018-10-26,Friday,265.08,buy,22.90415111277619,18.90415111277619,1.0378051563528814
2018-10-29,Monday,269.19,no_fill,0.0,0.0,0.0
2018-10-30,Tuesday,265.2,no_fill,0.0,0.0,0.0
2018-10-31,Wednesday,270.57,no_fill,0.0,0.0,0.0
2018-11-01,Thursday,271.69,no_fill,0.0,0.0,0.0
2018-11-02,Friday,275.3,sell,-6.955067723135084,-10.955067723135084,-0.6014142451274009
2018-11-05,Monday,271.91,no_fill,0.0,0.0,0.0
2018-11-06,Tuesday,272.9,no_fill,0.0,0.0,0.0
2018-11-07,Wednesday,277.51,no_fill,0.0,0.0,0.0
2018-11-08,Thursday,280.28,no_fill,0.0,0.0,0.0
2018-11-09,Friday,279.39,no_fill,0.0,0.0,0.0
2018-11-12,Monday,276.81,no_fill,0.0,0.0,0.0
2018-11-13,Tuesday,273.86,no_fill,0.0,0.0,0.0
2018-11-14,Wednesday,272.97,buy,11.824420251904128,7.824420251904128,0.42954712086542934
2018-11-15,Thursday,269.8,no_fill,0.0,0.0,0.0
2018-11-16,Friday,271.16,no_fill,0.0,0.0,0.0
2018-11-19,Monday,273.6,no_fill,0.0,0.0,0.0
2018-11-20,Tuesday,266.41,sell,9.936585516719518,5.936585516719518,0.3259082634087433
2018-11-21,Wednesday,266.28,no_fill,0.0,0.0,0.0
2018-11-23,Friday,263.6,sell,10.236689427430694,6.236689427430694,0.3423834483625513
2018-11-26,Monday,265.83,no_fill,0.0,0.0,0.0
2018-11-27,Tuesday,265.8,no_fill,0.0,0.0,0.0
2018-11-29,Thursday,273.6,no_fill,0.0,0.0,0.0
2018-11-30,Friday,273.92,no_fill,0.0,0.0,0.0
2018-12-03,Monday,280.05,no_fill,0.0,0.0,0.0
2018-12-06,Thursday,267.03,no_fill,0.0,0.0,0.0
2018-12-07,Friday,268.84,double_stop,-36.431021752118326,-42.431021752118326,-2.3293896087145085
2018-12-10,Monday,264.35,no_fill,0.0,0.0,0.0
2018-12-11,Tuesday,267.03,buy,18.85897513674935,14.85897513674935,0.8157320010320797
2018-12-12,Wednesday,266.72,no_fill,0.0,0.0,0.0
2018-12-13,Thursday,266.39,no_fill,0.0,0.0,0.0
2018-12-14,Friday,262.56,no_fill,0.0,0.0,0.0
2018-12-17,Monday,259.84,sell,-4.745683289853576,-8.745683289853577,-0.48012286613098076
2018-12-18,Tuesday,257.5,no_fill,0.0,0.0,0.0
2018-12-19,Wednesday,255.75,no_fill,0.0,0.0,0.0
2018-12-20,Thursday,251.35,no_fill,0.0,0.0,0.0
2018-12-21,Friday,247.12,buy,10.110808321092458,6.110808321092458,0.3354727936356678
2018-12-24,Monday,239.75,sell,-1.5272939834622425,-5.5272939834622425,-0.3034388670771141
2018-12-26,Wednesday,235.31,sell,-7.5912280151527085,-11.591228015152709,-0.6363383434052997
2018-12-27,Thursday,243.05,sell,-7.92956148293012,-11.92956148293012,-0.6549122648330038
2018-12-28,Friday,249.47,no_fill,0.0,0.0,0.0
2018-12-31,Monday,249.75,no_fill,0.0,0.0,0.0
2019-01-02,Wednesday,245.57,no_fill,0.0,0.0,0.0
2019-01-03,Thursday,247.65,no_fill,0.0,0.0,0.0
2019-01-04,Friday,247.39,sell,-2.8551486948879514,-6.855148694887951,-0.37633579104815257
2019-01-07,Monday,252.34,buy,-23.36729022138623,-27.36729022138623,-1.5024168362664672
2019-01-08,Tuesday,256.05,no_fill,0.0,0.0,0.0
2019-01-09,Wednesday,257.58,no_fill,0.0,0.0,0.0
2019-01-10,Thursday,256.55,no_fill,0.0,0.0,0.0
2019-01-11,Friday,257.87,no_fill,0.0,0.0,0.0
2019-01-15,Tuesday,257.58,no_fill,0.0,0.0,0.0
2019-01-17,Thursday,259.82,buy,-3.590000907618446,-7.590000907618446,-0.41667790485053396
2019-01-18,Friday,264.0,no_fill,0.0,0.0,0.0
2019-01-23,Wednesday,263.71,no_fill,0.0,0.0,0.0
2019-01-24,Thursday,263.79,sell,2.6344076197147634,-1.3655923802852366,-0.07496865663427804
2019-01-25,Friday,264.98,no_fill,0.0,0.0,0.0
2019-01-29,Tuesday,264.09,no_fill,0.0,0.0,0.0
2019-01-30,Wednesday,264.52,sell,-25.398332590864033,-29.398332590864033,-1.6139175448272807
2019-01-31,Thursday,267.81,no_fill,0.0,0.0,0.0
2019-02-01,Friday,269.47,buy,15.183383249446385,11.183383249446385,0.6139483721065887
2019-02-05,Tuesday,272.3,no_fill,0.0,0.0,0.0
2019-02-07,Thursday,270.97,no_fill,0.0,0.0,0.0
2019-02-08,Friday,268.87,no_fill,0.0,0.0,0.0
2019-02-11,Monday,271.39,no_fill,0.0,0.0,0.0
2019-02-12,Tuesday,272.49,no_fill,0.0,0.0,0.0
2019-02-13,Wednesday,274.85,no_fill,0.0,0.0,0.0
2019-02-14,Thursday,275.74,sell,23.49044400897847,19.49044400897847,1.069991620964909
2019-02-15,Friday,274.97,no_fill,0.0,0.0,0.0
2019-02-21,Thursday,278.21,no_fill,0.0,0.0,0.0
2019-02-25,Monday,280.41,no_fill,0.0,0.0,0.0
2019-02-26,Tuesday,279.13,no_fill,0.0,0.0,0.0
2019-02-28,Thursday,278.92,no_fill,0.0,0.0,0.0
2019-03-06,Wednesday,278.59,no_fill,0.0,0.0,0.0
2019-03-07,Thursday,277.61,no_fill,0.0,0.0,0.0
2019-03-08,Friday,274.09,sell,20.82276122434483,16.82276122434483,0.9235404561974246
2019-03-11,Monday,275.15,no_fill,0.0,0.0,0.0
2019-03-12,Tuesday,278.56,buy,4.759790674774306,0.7597906747743064,0.041711192178140184
2019-03-15,Friday,280.98,no_fill,0.0,0.0,0.0
2019-03-21,Thursday,280.19,no_fill,0.0,0.0,0.0
2019-03-22,Friday,283.26,no_fill,0.0,0.0,0.0
2019-03-25,Monday,279.47,no_fill,0.0,0.0,0.0
2019-03-26,Tuesday,280.8,no_fill,0.0,0.0,0.0
2019-03-27,Wednesday,280.72,no_fill,0.0,0.0,0.0
2019-03-28,Thursday,279.75,no_fill,0.0,0.0,0.0
2019-03-29,Friday,282.0,no_fill,0.0,0.0,0.0
2019-04-01,Monday,284.5,no_fill,0.0,0.0,0.0
2019-04-03,Wednesday,287.17,no_fill,0.0,0.0,0.0
2019-04-05,Friday,287.5,buy,5.088836950029002,1.0888369500290018,0.059775262820658606
2019-04-08,Monday,288.21,no_fill,0.0,0.0,0.0
2019-04-09,Tuesday,288.19,no_fill,0.0,0.0,0.0
2019-04-11,Thursday,288.78,no_fill,0.0,0.0,0.0
2019-04-12,Friday,290.06,no_fill,0.0,0.0,0.0
2019-04-16,Tuesday,291.01,no_fill,0.0,0.0,0.0
2019-04-23,Tuesday,290.81,no_fill,0.0,0.0,0.0
2019-04-25,Thursday,292.62,no_fill,0.0,0.0,0.0
2019-04-26,Friday,291.81,buy,-12.047113631275169,-16.047113631275167,-0.8809587466671636
2019-05-02,Thursday,291.85,no_fill,0.0,0.0,0.0
2019-05-03,Friday,292.18,no_fill,0.0,0.0,0.0
2019-05-06,Monday,289.94,no_fill,0.0,0.0,0.0
2019-05-08,Wednesday,287.29,no_fill,0.0,0.0,0.0
2019-05-09,Thursday,286.1,no_fill,0.0,0.0,0.0
2019-05-10,Friday,285.12,sell,-16.111133771682756,-20.111133771682756,-1.1040664139766199
2019-05-13,Monday,283.04,no_fill,0.0,0.0,0.0
2019-05-14,Tuesday,282.38,no_fill,0.0,0.0,0.0
2019-05-15,Wednesday,282.43,sell,11.880442103440773,7.880442103440773,0.4326226234916156
2019-05-17,Friday,285.21,buy,5.977189239646257,1.9771892396462567,0.10854426500026948
2019-05-20,Monday,284.02,no_fill,0.0,0.0,0.0
2019-05-22,Wednesday,285.03,no_fill,0.0,0.0,0.0
2019-05-23,Thursday,283.1,buy,-7.618548671892597,-11.618548671892597,-0.6378382001441957
2019-05-29,Wednesday,278.63,no_fill,0.0,0.0,0.0
2019-05-30,Thursday,279.08,no_fill,0.0,0.0,0.0
2019-05-31,Friday,276.01,no_fill,0.0,0.0,0.0
2019-06-03,Monday,274.65,no_fill,0.0,0.0,0.0
2019-06-04,Tuesday,276.99,no_fill,0.0,0.0,0.0
2019-06-05,Wednesday,281.46,no_fill,0.0,0.0,0.0
2019-06-06,Thursday,283.8,no_fill,0.0,0.0,0.0
2019-06-07,Friday,285.76,sell,5.580681733123719,1.5806817331237193,0.08677668959596549
2019-06-10,Monday,289.04,no_fill,0.0,0.0,0.0
2019-06-11,Tuesday,290.7,no_fill,0.0,0.0,0.0
2019-06-12,Wednesday,288.32,no_fill,0.0,0.0,0.0
2019-06-14,Friday,289.09,no_fill,0.0,0.0,0.0
2019-06-18,Tuesday,291.44,no_fill,0.0,0.0,0.0
2019-06-20,Thursday,296.1801,no_fill,0.0,0.0,0.0
2019-06-21,Friday,293.8,no_fill,0.0,0.0,0.0
2019-06-24,Monday,294.18,no_fill,0.0,0.0,0.0
2019-06-26,Wednesday,291.93,sell,1.3097177746432218,-2.6902822253567784,-0.14769183492364435
2019-07-01,Monday,296.66,no_fill,0.0,0.0,0.0
2019-07-05,Friday,298.05,sell,7.954594810906076,3.954594810906076,0.21710040623146296
2019-07-10,Wednesday,296.64,buy,22.57467251121405,18.57467251121405,1.019717351744822
2019-07-11,Thursday,299.45,no_fill,0.0,0.0,0.0
2019-07-16,Tuesday,300.98,no_fill,0.0,0.0,0.0
2019-07-18,Thursday,297.55,no_fill,0.0,0.0,0.0
2019-07-25,Thursday,301.91,no_fill,0.0,0.0,0.0
2019-07-26,Friday,300.54,no_fill,0.0,0.0,0.0
2019-08-01,Thursday,297.6,no_fill,0.0,0.0,0.0
2019-08-02,Friday,293.96,sell,-7.669858406335036,-11.669858406335036,-0.6406550157027358
2019-08-05,Monday,288.69,no_fill,0.0,0.0,0.0
2019-08-06,Tuesday,285.02,no_fill,0.0,0.0,0.0
2019-08-07,Wednesday,286.31,sell,17.4102094969614,13.4102094969614,0.7361972764972834
2019-08-08,Thursday,288.58,no_fill,0.0,0.0,0.0
2019-08-09,Friday,292.23,no_fill,0.0,0.0,0.0
2019-08-12,Monday,289.97,no_fill,0.0,0.0,0.0
2019-08-13,Tuesday,287.4,sell,-7.777097514891497,-11.777097514891498,-0.64654225703712
2019-08-14,Wednesday,289.07,sell,-8.875212678391863,-12.875212678391863,-0.7068268777085956
2019-08-15,Thursday,284.98,buy,-11.899278157972542,-15.899278157972542,-0.8728428352162843
2019-08-16,Friday,287.29,no_fill,0.0,0.0,0.0
2019-08-19,Monday,291.8,no_fill,0.0,0.0,0.0
2019-08-21,Wednesday,291.91,no_fill,0.0,0.0,0.0
2019-08-22,Thursday,293.39,no_fill,0.0,0.0,0.0
2019-08-23,Friday,290.58,no_fill,0.0,0.0,0.0
2019-08-26,Monday,286.95,no_fill,0.0,0.0,0.0
2019-08-27,Tuesday,289.29,no_fill,0.0,0.0,0.0
2019-08-29,Thursday,291.91,no_fill,0.0,0.0,0.0
2019-08-30,Friday,294.5,no_fill,0.0,0.0,0.0
2019-09-03,Tuesday,290.83,buy,-6.868675955312712,-10.868675955312712,-0.5966714866942067
2019-09-04,Wednesday,293.3,no_fill,0.0,0.0,0.0
2019-09-05,Thursday,296.69,no_fill,0.0,0.0,0.0
2019-09-06,Friday,298.73,sell,-17.21125954542552,-21.21125954542552,-1.1644614136682656
2019-09-12,Thursday,301.12,no_fill,0.0,0.0,0.0
2019-09-19,Thursday,301.0,no_fill,0.0,0.0,0.0
2019-09-20,Friday,299.99,no_fill,0.0,0.0,0.0
2019-09-23,Monday,297.73,no_fill,0.0,0.0,0.0
2019-09-24,Tuesday,299.45,no_fill,0.0,0.0,0.0
2019-09-26,Thursday,298.26,sell,-7.151338677306547,-11.151338677306548,-0.6121891805934946
2019-09-27,Friday,297.75,no_fill,0.0,0.0,0.0
2019-09-30,Monday,295.93,no_fill,0.0,0.0,0.0
2019-10-01,Tuesday,297.55,sell,-29.978239829174804,-33.978239829174804,-1.8653465203566022
2019-10-02,Wednesday,291.89,no_fill,0.0,0.0,0.0
2019-10-03,Thursday,287.68,no_fill,0.0,0.0,0.0
2019-10-04,Friday,289.3,buy,31.2141469186178,27.2141469186178,1.4940095341704436
2019-10-08,Tuesday,291.33,no_fill,0.0,0.0,0.0
2019-10-09,Wednesday,291.01,no_fill,0.0,0.0,0.0
2019-10-10,Thursday,290.67,no_fill,0.0,0.0,0.0
2019-10-11,Friday,296.18,no_fill,0.0,0.0,0.0
2019-10-14,Monday,295.8,no_fill,0.0,0.0,0.0
2019-10-16,Wednesday,298.97,sell,-4.501760332525097,-8.501760332525098,-0.4667319182191618
2019-10-17,Thursday,299.35,no_fill,0.0,0.0,0.0
2019-10-21,Monday,299.29,no_fill,0.0,0.0,0.0
2019-10-22,Tuesday,300.55,no_fill,0.0,0.0,0.0
2019-10-25,Friday,300.02,no_fill,0.0,0.0,0.0
2019-10-31,Thursday,303.74,no_fill,0.0,0.0,0.0
2019-11-01,Friday,303.69,buy,12.078538977411792,8.078538977411792,0.4434977987924292
2019-11-04,Monday,307.61,no_fill,0.0,0.0,0.0
2019-11-07,Thursday,308.56,no_fill,0.0,0.0,0.0
2019-11-18,Monday,311.44,no_fill,0.0,0.0,0.0
2019-11-19,Tuesday,312.81,no_fill,0.0,0.0,0.0
2019-11-21,Thursday,311.29,no_fill,0.0,0.0,0.0
2019-11-22,Friday,310.78,no_fill,0.0,0.0,0.0
2019-12-03,Tuesday,309.49,no_fill,0.0,0.0,0.0
2019-12-04,Wednesday,310.5802,no_fill,0.0,0.0,0.0
2019-12-05,Thursday,312.3,no_fill,0.0,0.0,0.0
2019-12-06,Friday,312.55,buy,20.178346106824574,16.178346106824574,0.8881631822958062
2019-12-10,Tuesday,313.33,buy,8.912437293603588,4.912437293603588,0.2696842996624408
2019-12-12,Thursday,314.39,no_fill,0.0,0.0,0.0
2019-12-13,Friday,317.83,no_fill,0.0,0.0,0.0
2019-12-20,Friday,319.8,no_fill,0.0,0.0,0.0
2019-12-23,Monday,321.8,no_fill,0.0,0.0,0.0
2020-01-02,Thursday,323.85,no_fill,0.0,0.0,0.0
2020-01-03,Friday,322.14,no_fill,0.0,0.0,0.0
2020-01-06,Monday,320.85,no_fill,0.0,0.0,0.0
2020-01-08,Wednesday,323.46,no_fill,0.0,0.0,0.0
2020-01-10,Friday,327.4,no_fill,0.0,0.0,0.0
2020-01-14,Tuesday,327.7,no_fill,0.0,0.0,0.0
2020-01-16,Thursday,329.5,no_fill,0.0,0.0,0.0
2020-01-23,Thursday,330.73,no_fill,0.0,0.0,0.0
2020-01-24,Friday,332.56,no_fill,0.0,0.0,0.0
2020-01-27,Monday,323.9,no_fill,0.0,0.0,0.0
2020-01-28,Tuesday,325.41,no_fill,0.0,0.0,0.0
2020-01-29,Wednesday,328.23,no_fill,0.0,0.0,0.0
2020-01-30,Thursday,324.5,buy,-13.593014728139146,-17.593014728139146,-0.9658260395683894
2020-01-31,Friday,326.91,no_fill,0.0,0.0,0.0
2020-02-03,Monday,324.07,no_fill,0.0,0.0,0.0
2020-02-04,Tuesday,328.15,no_fill,0.0,0.0,0.0
2020-02-05,Wednesday,332.15,no_fill,0.0,0.0,0.0
2020-02-06,Thursday,334.11,no_fill,0.0,0.0,0.0
2020-02-07,Friday,333.54,sell,5.769618343824044,1.7696183438240443,0.09714898230770305
2020-02-11,Tuesday,335.94,no_fill,0.0,0.0,0.0
2020-02-13,Thursday,335.72,no_fill,0.0,0.0,0.0
2020-02-14,Friday,338.02,no_fill,0.0,0.0,0.0
2020-02-18,Tuesday,336.52,no_fill,0.0,0.0,0.0
2020-02-21,Friday,335.56,no_fill,0.0,0.0,0.0
2020-02-24,Monday,325.18,no_fill,0.0,0.0,0.0
2020-02-25,Tuesday,323.68,no_fill,0.0,0.0,0.0
2020-02-26,Wednesday,314.33,no_fill,0.0,0.0,0.0
2020-02-27,Thursday,307.05,no_fill,0.0,0.0,0.0
2020-02-28,Friday,293.35,sell,10.760115508804896,6.760115508804896,0.3711186337183541
2020-03-02,Monday,293.06,buy,-17.191829718616322,-21.191829718616322,-1.1633947498265869
2020-03-03,Tuesday,308.19,sell,29.80681301504634,25.80681301504634,1.4167493401990996
2020-03-04,Wednesday,305.75,no_fill,0.0,0.0,0.0
2020-03-05,Thursday,304.5,no_fill,0.0,0.0,0.0
2020-03-06,Friday,292.92,buy,-16.849950313448154,-20.849950313448154,-1.1446261625772716
2020-03-09,Monday,276.04,buy,16.199791254067854,12.199791254067854,0.669747411262682
2020-03-10,Tuesday,283.75,sell,28.30431291248623,24.30431291248623,1.3342646867198023
2020-03-11,Wednesday,279.0,sell,10.816747188455974,6.816747188455974,0.3742276148518731
2020-03-12,Thursday,259.8,buy,-15.521130583526492,-19.521130583526492,-1.0716762607621024
2020-03-13,Friday,261.8,buy,-2.554701097603017,-6.554701097603017,-0.35984173829666943
2020-03-16,Monday,243.07,sell,66.53373831141774,62.533738311417736,3.432993932308892
2020-03-17,Tuesday,244.8,sell,2.2093257252480836,-1.7906742747519164,-0.09830491644927832
2020-03-18,Wednesday,237.95,sell,31.79499553284996,27.79499553284996,1.5258971171311595
2020-03-19,Thursday,234.89,buy,76.29681404198958,72.29681404198958,3.968969881432754
2020-03-20,Friday,241.29,buy,3.749759130987051,-0.25024086901294895,-0.013737790321425634
2020-03-23,Monday,234.79,sell,19.69070318757179,15.690703187571788,0.8613924305682935
2020-03-24,Tuesday,231.62,sell,4.666796351296113,0.6667963512961128,0.036605964874281416
2020-03-25,Wednesday,241.18,buy,15.783991570246961,11.783991570246961,0.646920728736452
2020-03-26,Thursday,241.0,double_stop,-36.431021752118326,-42.431021752118326,-2.3293896087145085
2020-03-27,Friday,255.3302,buy,-52.2968690546046,-56.2968690546046,-3.0906006116246876
2020-03-30,Monday,254.5699,buy,16.356526116532123,12.356526116532123,0.6783518837658533
2020-03-31,Tuesday,258.85,buy,-15.897566120407642,-19.897566120407642,-1.0923419197953554
2020-04-01,Wednesday,248.41,buy,1.9125032940639752,-2.087496705936025,-0.11459995386018208
2020-04-02,Thursday,248.96,sell,75.77549169463488,71.77549169463488,3.9403501874312052
2020-04-03,Friday,250.11,double_stop,-36.431021752118326,-42.431021752118326,-2.3293896087145085
2020-04-06,Monday,257.02,buy,4.350826373962656,0.35082637396265604,0.01925976034104818
2020-04-07,Tuesday,271.77,buy,32.194762516884154,28.194762516884154,1.5478436322058267
2020-04-08,Wednesday,267.33,sell,-27.193178926783194,-31.193178926783194,-1.7124515002091276
2020-04-09,Thursday,271.66,double_stop,-36.431021752118326,-42.431021752118326,-2.3293896087145085
2020-04-13,Monday,277.02,no_fill,0.0,0.0,0.0
2020-04-14,Tuesday,280.3,sell,-5.725321792934397,-9.725321792934398,-0.5339033233328905
2020-04-15,Wednesday,277.92,sell,12.00901416712007,8.00901416712007,0.4396810071161057
2020-04-16,Thursday,278.26,buy,0.8314236456138523,-3.168576354386148,-0.1739493542588828
2020-04-17,Friday,286.49,sell,1.6804715317025982,-2.319528468297402,-0.1273380957624407
2020-04-20,Monday,282.0,no_fill,0.0,0.0,0.0
2020-04-21,Tuesday,276.5,sell,3.4843082921153483,-0.5156917078846517,-0.02831058164624033
2020-04-22,Wednesday,276.87,buy,6.344752063227481,2.3447520632274808,0.12872282743983937
2020-04-23,Thursday,279.57,buy,-0.33090237013866897,-4.330902370138669,-0.2377590395134522
2020-04-24,Friday,280.2,buy,7.837308538646403,3.837308538646403,0.21066159301026346
2020-04-27,Monday,285.96,buy,-20.31370642788354,-24.31370642788354,-1.3347803744466646
2020-04-28,Tuesday,290.9,no_fill,0.0,0.0,0.0
2020-04-29,Wednesday,289.66,buy,18.379117308709432,14.379117308709432,0.7893886373293025
2020-04-30,Thursday,292.64,buy,-34.95963334735459,-38.95963334735459,-2.138816397324307
2020-05-01,Friday,284.56,no_fill,0.0,0.0,0.0
2020-05-04,Monday,281.0,no_fill,0.0,0.0,0.0
2020-05-05,Tuesday,286.68,no_fill,0.0,0.0,0.0
2020-05-06,Wednesday,287.3,no_fill,0.0,0.0,0.0
2020-05-07,Thursday,287.82,no_fill,0.0,0.0,0.0
2020-05-08,Friday,290.72,buy,5.862639921959181,1.8626399219591807,0.10225570584502616
2020-05-11,Monday,289.89,sell,-2.002464548142153,-6.002464548142153,-0.3295249081392087
2020-05-12,Tuesday,293.5,no_fill,0.0,0.0,0.0
2020-05-13,Wednesday,287.57,sell,4.73542280965086,0.7354228096508599,0.040373438585103526
2020-05-14,Thursday,279.42,sell,21.86751825571386,17.86751825571386,0.9808958078248208
2020-05-15,Friday,282.23,sell,-7.940203502640846,-11.940203502640845,-0.6554964932844117
2020-05-18,Monday,293.1,no_fill,0.0,0.0,0.0
2020-05-19,Tuesday,294.11,no_fill,0.0,0.0,0.0
2020-05-20,Wednesday,295.79,no_fill,0.0,0.0,0.0
2020-05-21,Thursday,295.82,buy,6.461657672383316,2.461657672383316,0.13514074291590134
2020-05-22,Friday,294.39,no_fill,0.0,0.0,0.0
2020-05-26,Tuesday,301.2604,no_fill,0.0,0.0,0.0
2020-05-27,Wednesday,303.09,no_fill,0.0,0.0,0.0
2020-05-28,Thursday,304.0,buy,-13.61024771816345,-17.61024771816345,-0.9667721008752372
2020-05-29,Friday,303.05,sell,-13.265832605146922,-17.265832605146922,-0.947864307656591
2020-06-01,Monday,304.21,buy,-28.077119633165307,-32.07711963316531,-1.7609783141094661
2020-06-03,Wednesday,309.74,no_fill,0.0,0.0,0.0
2020-06-04,Thursday,311.0799,sell,19.392190553701635,15.392190553701635,0.8450046039571557
2020-06-05,Friday,313.75,buy,57.00361262991888,53.00361262991888,2.9098065374373925
2020-06-08,Monday,321.1,no_fill,0.0,0.0,0.0
2020-06-09,Tuesday,320.61,sell,0.4988149403534366,-3.5011850596465632,-0.1922089961390107
2020-06-10,Wednesday,321.72,no_fill,0.0,0.0,0.0
2020-06-11,Thursday,311.2201,sell,3.3158747895823093,-0.6841252104176907,-0.03755728922853564
2020-06-12,Friday,306.21,buy,23.58586726312853,19.58586726312853,1.0752301923560343
2020-06-15,Monday,297.8337,buy,-21.697319684128445,-25.697319684128445,-1.4107383459611171
2020-06-16,Tuesday,313.55,buy,52.267665650810486,48.267665650810486,2.6498112503805307
2020-06-17,Wednesday,314.6701,no_fill,0.0,0.0,0.0
2020-06-18,Thursday,310.42,sell,-13.70549219169525,-17.70549219169525,-0.9720008575200471
2020-06-19,Friday,313.2,buy,-9.59482122088475,-13.59482122088475,-0.7463321404151538
2020-06-22,Monday,308.67,sell,3.4905182165000648,-0.5094817834999352,-0.027969667552368925
2020-06-23,Tuesday,314.47,no_fill,0.0,0.0,0.0
2020-06-24,Wednesday,310.14,no_fill,0.0,0.0,0.0
2020-06-25,Thursday,302.68,sell,-26.144676992089657,-30.144676992089657,-1.6548905598749428
2020-06-26,Friday,306.78,no_fill,0.0,0.0,0.0
2020-06-29,Monday,301.98,sell,-1.6581229695749737,-5.658122969574974,-0.3106211518344788
2020-06-30,Tuesday,304.08,no_fill,0.0,0.0,0.0
2020-07-01,Wednesday,307.7498,buy,-6.186258541856925,-10.186258541856926,-0.5592079525611786
2020-07-02,Thursday,312.66,buy,19.52516589743163,15.52516589743163,0.8523047200304724
2020-07-06,Monday,317.01,no_fill,0.0,0.0,0.0
2020-07-07,Tuesday,315.03,no_fill,0.0,0.0,0.0
2020-07-08,Wednesday,314.15,no_fill,0.0,0.0,0.0
2020-07-09,Thursday,316.87,no_fill,0.0,0.0,0.0
2020-07-10,Friday,312.45,buy,14.109661151465845,10.109661151465845,0.5550028884862669
2020-07-13,Monday,319.94,no_fill,0.0,0.0,0.0
2020-07-14,Tuesday,315.77,sell,10.286246732324942,6.286246732324942,0.345104058573895
2020-07-15,Wednesday,322.72,no_fill,0.0,0.0,0.0
2020-07-16,Thursday,320.01,sell,-3.528469846092036,-7.528469846092036,-0.41329995613720516
2020-07-20,Monday,320.83,no_fill,0.0,0.0,0.0
2020-07-21,Tuesday,326.89,no_fill,0.0,0.0,0.0
2020-07-22,Wednesday,324.67,no_fill,0.0,0.0,0.0
2020-07-24,Friday,321.88,no_fill,0.0,0.0,0.0
2020-07-27,Monday,322.25,sell,1.0242098376720132,-2.9757901623279865,-0.1633657261976165
2020-07-28,Tuesday,322.12,no_fill,0.0,0.0,0.0
2020-07-29,Wednesday,322.4,no_fill,0.0,0.0,0.0
2020-07-30,Thursday,322.87,no_fill,0.0,0.0,0.0
2020-07-31,Friday,325.91,buy,-24.048409529061892,-28.048409529061892,-1.539809106640331
2020-08-03,Monday,328.41,no_fill,0.0,0.0,0.0
2020-08-05,Wednesday,331.6801,no_fill,0.0,0.0,0.0
2020-08-06,Thursday,330.75,buy,12.623491391514934,8.623491391514934,0.47341474253400595
2020-08-07,Friday,333.19,buy,-9.511768266735471,-13.511768266735471,-0.7417726770701847
2020-08-11,Tuesday,337.19,no_fill,0.0,0.0,0.0
2020-08-12,Wednesday,335.35,no_fill,0.0,0.0,0.0
2020-08-13,Thursday,336.7,buy,3.762511101964526,-0.2374888980354739,-0.013037729199657422
2020-08-14,Friday,336.68,no_fill,0.0,0.0,0.0
2020-08-17,Monday,337.45,no_fill,0.0,0.0,0.0
2020-08-19,Wednesday,338.72,no_fill,0.0,0.0,0.0
2020-08-20,Thursday,336.15,no_fill,0.0,0.0,0.0
2020-08-21,Friday,336.48,no_fill,0.0,0.0,0.0
2020-08-26,Wednesday,344.47,no_fill,0.0,0.0,0.0
2020-08-28,Friday,349.82,no_fill,0.0,0.0,0.0
2020-08-31,Monday,350.79,no_fill,0.0,0.0,0.0
2020-09-02,Wednesday,354.8,no_fill,0.0,0.0,0.0
2020-09-03,Thursday,356.31,no_fill,0.0,0.0,0.0
2020-09-04,Friday,345.52,buy,18.54068268726834,14.54068268726834,0.7982582968001909
2020-09-08,Tuesday,337.3,sell,-4.577799639770931,-8.57779963977093,-0.470906344495933
2020-09-09,Wednesday,336.6,no_fill,0.0,0.0,0.0
2020-09-10,Thursday,339.61,buy,2.9852782644255385,-1.0147217355744615,-0.05570646590582979
2020-09-11,Friday,336.18,sell,-12.861236380252944,-16.861236380252944,-0.9256526756223918
2020-09-14,Monday,337.13,no_fill,0.0,0.0,0.0
2020-09-15,Tuesday,340.81,buy,-0.023556414627868637,-4.023556414627869,-0.22088627884250403
2020-09-16,Wednesday,342.46,sell,-1.8632361578440535,-5.863236157844053,-0.321881510638835
2020-09-17,Thursday,334.55,sell,-0.5798809253793412,-4.579880925379341,-0.25142753099495696
2020-09-18,Friday,335.07,no_fill,0.0,0.0,0.0
2020-09-21,Monday,325.35,no_fill,0.0,0.0,0.0
2020-09-22,Tuesday,327.38,buy,1.3336369032802589,-2.666363096719741,-0.1463787161865534
2020-09-24,Thursday,321.7,sell,24.37074961508229,20.37074961508229,1.1183188741555297
2020-09-25,Friday,322.78,no_fill,0.0,0.0,0.0
2020-09-28,Monday,333.39,no_fill,0.0,0.0,0.0
2020-09-30,Wednesday,332.22,buy,7.068939187152463,3.0689391871524627,0.16847944633746187
2020-10-01,Thursday,338.12,no_fill,0.0,0.0,0.0
2020-10-02,Friday,332.6,sell,13.35394192009153,9.35394192009153,0.5135152114995312
2020-10-05,Monday,335.97,no_fill,0.0,0.0,0.0
2020-10-06,Tuesday,339.7,no_fill,0.0,0.0,0.0
2020-10-07,Wednesday,337.88,no_fill,0.0,0.0,0.0
2020-10-08,Thursday,342.88,no_fill,0.0,0.0,0.0
2020-10-12,Monday,349.57,no_fill,0.0,0.0,0.0
2020-10-13,Tuesday,352.5,no_fill,0.0,0.0,0.0
2020-10-14,Wednesday,350.42,no_fill,0.0,0.0,0.0
2020-10-15,Thursday,344.26,sell,-3.4011263992113685,-7.4011263992113685,-0.40630902144714187
2020-10-16,Friday,348.36,no_fill,0.0,0.0,0.0
2020-10-19,Monday,348.72,no_fill,0.0,0.0,0.0
2020-10-20,Tuesday,343.3,no_fill,0.0,0.0,0.0
2020-10-21,Wednesday,343.57,no_fill,0.0,0.0,0.0
2020-10-22,Thursday,342.46,no_fill,0.0,0.0,0.0
2020-10-27,Tuesday,340.57,no_fill,0.0,0.0,0.0
2020-10-28,Wednesday,333.15,sell,14.502484021133075,10.502484021133075,0.5765681837085668
2020-10-29,Thursday,326.32,buy,-3.5060232565430423,-7.506023256543042,-0.41206767724578547
2020-10-30,Friday,327.16,buy,2.5694261578074333,-1.4305738421925667,-0.07853602635283674
2020-11-02,Monday,330.31,no_fill,0.0,0.0,0.0
2020-11-03,Tuesday,334.0,no_fill,0.0,0.0,0.0
2020-11-04,Wednesday,342.92,sell,14.153554795235243,10.153554795235243,0.5574125735106429
2020-11-05,Thursday,349.6,no_fill,0.0,0.0,0.0
2020-11-09,Monday,365.07,buy,3.9720148039477996,-0.0279851960522004,-0.0015363387962388493
2020-11-10,Tuesday,353.85,sell,6.9363896467623904,2.9363896467623904,0.16120270613006624
2020-11-11,Wednesday,356.91,no_fill,0.0,0.0,0.0
2020-11-12,Thursday,355.39,no_fill,0.0,0.0,0.0
2020-11-16,Monday,361.66,no_fill,0.0,0.0,0.0
2020-11-17,Tuesday,359.85,no_fill,0.0,0.0,0.0
2020-11-18,Wednesday,361.36,no_fill,0.0,0.0,0.0
2020-11-19,Thursday,355.87,no_fill,0.0,0.0,0.0
2020-11-20,Friday,357.47,no_fill,0.0,0.0,0.0
2020-11-23,Monday,357.44,sell,-7.864123230580093,-11.864123230580093,-0.6513198181102478
2020-11-24,Tuesday,360.36,no_fill,0.0,0.0,0.0
2020-11-25,Wednesday,362.93,no_fill,0.0,0.0,0.0
2020-11-27,Friday,363.64,no_fill,0.0,0.0,0.0
2020-11-30,Monday,362.57,no_fill,0.0,0.0,0.0
2020-12-01,Tuesday,365.51,no_fill,0.0,0.0,0.0
2020-12-02,Wednesday,364.8,no_fill,0.0,0.0,0.0
2020-12-03,Thursday,366.83,no_fill,0.0,0.0,0.0
2020-12-04,Friday,367.53,no_fill,0.0,0.0,0.0
2020-12-07,Monday,368.69,no_fill,0.0,0.0,0.0
2020-12-09,Wednesday,370.74,no_fill,0.0,0.0,0.0
2020-12-10,Thursday,366.69,no_fill,0.0,0.0,0.0
2020-12-11,Friday,364.15,no_fill,0.0,0.0,0.0
2020-12-14,Monday,368.79,no_fill,0.0,0.0,0.0
2020-12-16,Wednesday,370.1,no_fill,0.0,0.0,0.0
2020-12-17,Thursday,372.0,no_fill,0.0,0.0,0.0
2020-12-21,Monday,363.38,buy,-2.254258192917887,-6.254258192917887,-0.34334794316078854
2020-12-22,Tuesday,368.74,no_fill,0.0,0.0,0.0
2020-12-23,Wednesday,367.9,no_fill,0.0,0.0,0.0
2021-01-05,Tuesday,367.69,no_fill,0.0,0.0,0.0
2021-01-06,Wednesday,370.59,no_fill,0.0,0.0,0.0
2021-01-07,Thursday,375.64,no_fill,0.0,0.0,0.0
2021-01-08,Friday,380.2,no_fill,0.0,0.0,0.0
2021-01-11,Monday,378.46,no_fill,0.0,0.0,0.0
2021-01-12,Tuesday,379.31,no_fill,0.0,0.0,0.0
2021-01-13,Wednesday,377.96,no_fill,0.0,0.0,0.0
2021-01-14,Thursday,380.3499,no_fill,0.0,0.0,0.0
2021-01-15,Friday,377.27,no_fill,0.0,0.0,0.0
2021-01-20,Wednesday,380.42,no_fill,0.0,0.0,0.0
2021-01-21,Thursday,384.98,no_fill,0.0,0.0,0.0
2021-01-22,Friday,381.55,no_fill,0.0,0.0,0.0
2021-01-25,Monday,383.08,no_fill,0.0,0.0,0.0
2021-01-26,Tuesday,384.71,no_fill,0.0,0.0,0.0
2021-01-27,Wednesday,379.81,sell,-13.213009625434038,-17.21300962543404,-0.9449644175534643
2021-01-28,Thursday,373.37,buy,14.45985136514934,10.45985136514934,0.5742277247297429
2021-01-29,Friday,374.46,buy,35.4617844291819,31.461784429181897,1.7271974770980731
2021-02-01,Monday,373.25,no_fill,0.0,0.0,0.0
2021-02-02,Tuesday,379.26,no_fill,0.0,0.0,0.0
2021-02-03,Wednesday,382.71,no_fill,0.0,0.0,0.0
2021-02-04,Thursday,382.89,no_fill,0.0,0.0,0.0
2021-02-05,Friday,387.75,no_fill,0.0,0.0,0.0
2021-02-08,Monday,389.2,no_fill,0.0,0.0,0.0
2021-02-09,Tuesday,389.86,no_fill,0.0,0.0,0.0
2021-02-10,Wednesday,391.44,buy,5.031985547404177,1.0319855474041768,0.056654219276414924
2021-02-11,Thursday,391.35,no_fill,0.0,0.0,0.0
2021-02-16,Tuesday,394.61,no_fill,0.0,0.0,0.0
2021-02-18,Thursday,390.69,sell,-2.090194128766766,-6.0901941287667665,-0.3343411101783136
2021-02-19,Friday,392.4,no_fill,0.0,0.0,0.0
2021-02-22,Monday,386.73,buy,-1.9250756887191143,-5.925075688719114,-0.3252763937851726
2021-02-23,Tuesday,385.23,no_fill,0.0,0.0,0.0
2021-02-24,Wednesday,388.38,no_fill,0.0,0.0,0.0
2021-02-25,Thursday,390.3499,buy,-5.455164325437867,-9.455164325437867,-0.519072146247893
2021-02-26,Friday,382.48,buy,20.217871261568444,16.217871261568444,0.8903330448383834
2021-03-01,Monday,384.4,no_fill,0.0,0.0,0.0
2021-03-02,Tuesday,389.12,no_fill,0.0,0.0,0.0
2021-03-03,Wednesday,387.46,sell,27.982806369590456,23.982806369590456,1.31661453432587
2021-03-04,Thursday,381.09,buy,-4.570440157853898,-8.570440157853898,-0.47050232168443423
2021-03-05,Friday,377.81,sell,-39.125492083545296,-43.125492083545296,-2.367514827169936
2021-03-08,Monday,383.14,no_fill,0.0,0.0,0.0
2021-03-09,Tuesday,385.2,no_fill,0.0,0.0,0.0
2021-03-10,Wednesday,387.1,buy,12.784230792760647,8.784230792760647,0.4822390572808943
2021-03-11,Thursday,392.13,no_fill,0.0,0.0,0.0
2021-03-12,Friday,392.41,no_fill,0.0,0.0,0.0
2021-03-16,Tuesday,397.0,no_fill,0.0,0.0,0.0
2021-03-17,Wednesday,394.74,no_fill,0.0,0.0,0.0
2021-03-18,Thursday,394.63,no_fill,0.0,0.0,0.0
2021-03-19,Friday,390.95,no_fill,0.0,0.0,0.0
2021-03-22,Monday,390.31,no_fill,0.0,0.0,0.0
2021-03-23,Tuesday,391.3,no_fill,0.0,0.0,0.0
2021-03-24,Wednesday,391.17,no_fill,0.0,0.0,0.0
2021-03-25,Thursday,386.1,no_fill,0.0,0.0,0.0
2021-03-29,Monday,394.22,no_fill,0.0,0.0,0.0
2021-03-30,Tuesday,394.37,no_fill,0.0,0.0,0.0
2021-03-31,Wednesday,395.01,no_fill,0.0,0.0,0.0
2021-04-01,Thursday,397.95,no_fill,0.0,0.0,0.0
2021-04-05,Monday,402.91,no_fill,0.0,0.0,0.0
2021-04-06,Tuesday,405.94,no_fill,0.0,0.0,0.0
2021-04-07,Wednesday,405.73,no_fill,0.0,0.0,0.0
2021-04-08,Thursday,407.98,no_fill,0.0,0.0,0.0
2021-04-09,Friday,408.77,no_fill,0.0,0.0,0.0
2021-04-13,Tuesday,410.58,buy,4.435373239095788,0.43537323909578785,0.023901236811754944
2021-04-14,Wednesday,413.23,no_fill,0.0,0.0,0.0
2021-04-15,Thursday,413.73,no_fill,0.0,0.0,0.0
2021-04-16,Friday,416.58,no_fill,0.0,0.0,0.0
2021-04-19,Monday,416.18,no_fill,0.0,0.0,0.0
2021-04-20,Tuesday,413.43,buy,-16.03860063732422,-20.03860063732422,-1.1000844705190873
2021-04-21,Wednesday,411.52,no_fill,0.0,0.0,0.0
2021-04-22,Thursday,415.74,no_fill,0.0,0.0,0.0
2021-04-23,Friday,412.74,no_fill,0.0,0.0,0.0
2021-04-26,Monday,416.8,no_fill,0.0,0.0,0.0
2021-04-27,Tuesday,418.0,no_fill,0.0,0.0,0.0
2021-04-29,Thursday,420.17,no_fill,0.0,0.0,0.0
2021-04-30,Friday,418.06,sell,-3.1459036426487814,-7.145903642648781,-0.39229773412727703
2021-05-03,Monday,419.21,no_fill,0.0,0.0,0.0
2021-05-04,Tuesday,415.66,no_fill,0.0,0.0,0.0
2021-05-05,Wednesday,417.12,no_fill,0.0,0.0,0.0
2021-05-06,Thursday,415.43,no_fill,0.0,0.0,0.0
2021-05-07,Friday,420.3,double_stop,-36.431021752118326,-42.431021752118326,-2.3293896087145085
2021-05-11,Tuesday,412.58,no_fill,0.0,0.0,0.0
2021-05-12,Wednesday,412.79,sell,-1.9844975278681318,-5.984497527868132,-0.3285385498429045
2021-05-13,Thursday,406.36,buy,0.2410301220708403,-3.7589698779291596,-0.20636093621011822
2021-05-14,Friday,412.99,sell,-9.014319563921184,-13.014319563921184,-0.7144636048075951
2021-05-18,Tuesday,416.28,no_fill,0.0,0.0,0.0
2021-05-19,Wednesday,407.88,no_fill,0.0,0.0,0.0
2021-05-20,Thursday,410.42,no_fill,0.0,0.0,0.0
2021-05-21,Friday,416.75,no_fill,0.0,0.0,0.0
2021-05-25,Tuesday,420.4,no_fill,0.0,0.0,0.0
2021-05-27,Thursday,418.62,no_fill,0.0,0.0,0.0
2021-05-28,Friday,420.77,no_fill,0.0,0.0,0.0
2021-06-03,Thursday,417.42,no_fill,0.0,0.0,0.0
2021-06-04,Friday,419.23,buy,8.02306937821665,4.0230693782166504,0.2208595413870172
2021-06-09,Wednesday,422.79,no_fill,0.0,0.0,0.0
2021-06-10,Thursday,421.65,sell,-25.093253079309722,-29.093253079309722,-1.5971692080043327
2021-06-11,Friday,424.13,no_fill,0.0,0.0,0.0
2021-06-15,Tuesday,425.55,no_fill,0.0,0.0,0.0
2021-06-17,Thursday,420.35,no_fill,0.0,0.0,0.0
2021-06-18,Friday,417.8,no_fill,0.0,0.0,0.0
2021-06-21,Monday,416.25,no_fill,0.0,0.0,0.0
2021-06-22,Tuesday,421.28,no_fill,0.0,0.0,0.0
2021-06-23,Wednesday,423.47,no_fill,0.0,0.0,0.0
2021-06-24,Thursday,424.78,no_fill,0.0,0.0,0.0
2021-06-25,Friday,425.39,no_fill,0.0,0.0,0.0
2021-06-28,Monday,427.0,no_fill,0.0,0.0,0.0
2021-06-29,Tuesday,427.45,no_fill,0.0,0.0,0.0
2021-06-30,Wednesday,427.27,no_fill,0.0,0.0,0.0
2021-07-01,Thursday,428.83,no_fill,0.0,0.0,0.0
2021-07-02,Friday,430.92,buy,2.205913054137315,-1.7940869458626851,-0.09849226618291955
2021-07-06,Tuesday,433.5,no_fill,0.0,0.0,0.0
2021-07-07,Wednesday,433.56,no_fill,0.0,0.0,0.0
2021-07-08,Thursday,428.77,no_fill,0.0,0.0,0.0
2021-07-09,Friday,432.92,no_fill,0.0,0.0,0.0
2021-07-12,Monday,434.97,no_fill,0.0,0.0,0.0
2021-07-13,Tuesday,437.05,sell,-0.36858260698183615,-4.368582606981836,-0.23982761925845902
2021-07-14,Wednesday,436.14,buy,4.712906604566809,0.7129066045668093,0.03913733792137502
2021-07-15,Thursday,434.79,no_fill,0.0,0.0,0.0
2021-07-16,Friday,435.69,no_fill,0.0,0.0,0.0
2021-07-19,Monday,426.29,no_fill,0.0,0.0,0.0
2021-07-20,Tuesday,426.68,no_fill,0.0,0.0,0.0
2021-07-21,Wednesday,431.97,no_fill,0.0,0.0,0.0
2021-07-22,Thursday,434.98,no_fill,0.0,0.0,0.0
2021-07-23,Friday,437.61,no_fill,0.0,0.0,0.0
2021-07-26,Monday,439.15,no_fill,0.0,0.0,0.0
2021-07-27,Tuesday,440.1,no_fill,0.0,0.0,0.0
2021-07-28,Wednesday,439.47,no_fill,0.0,0.0,0.0
2021-07-29,Thursday,439.71,no_fill,0.0,0.0,0.0
2021-07-30,Friday,437.63,no_fill,0.0,0.0,0.0
2021-08-03,Tuesday,438.21,no_fill,0.0,0.0,0.0
2021-08-04,Wednesday,439.76,no_fill,0.0,0.0,0.0
2021-08-06,Friday,441.82,no_fill,0.0,0.0,0.0
2021-08-11,Wednesday,442.14,buy,10.508422719636414,6.508422719636414,0.3573011354949425
2021-08-12,Thursday,443.72,no_fill,0.0,0.0,0.0
2021-08-16,Monday,444.17,no_fill,0.0,0.0,0.0
2021-08-17,Tuesday,444.77,no_fill,0.0,0.0,0.0
2021-08-19,Thursday,435.89,no_fill,0.0,0.0,0.0
2021-08-20,Friday,438.37,buy,-1.3347936736947386,-5.334793673694739,-0.2928709334584908
2021-08-24,Tuesday,447.63,no_fill,0.0,0.0,0.0
2021-08-26,Thursday,448.93,no_fill,0.0,0.0,0.0
2021-08-27,Friday,447.35,no_fill,0.0,0.0,0.0
2021-08-31,Tuesday,451.48,no_fill,0.0,0.0,0.0
2021-09-01,Wednesday,453.32,no_fill,0.0,0.0,0.0
2021-09-02,Thursday,452.59,no_fill,0.0,0.0,0.0
2021-09-03,Friday,453.89,sell,-0.5900950264036875,-4.590095026403688,-0.251988267451587
2021-09-07,Tuesday,453.26,no_fill,0.0,0.0,0.0
2021-09-08,Wednesday,450.95,no_fill,0.0,0.0,0.0
2021-09-09,Thursday,450.31,no_fill,0.0,0.0,0.0
2021-09-10,Friday,450.64,no_fill,0.0,0.0,0.0
2021-09-13,Monday,448.1,no_fill,0.0,0.0,0.0
2021-09-14,Tuesday,446.39,buy,21.883953717683124,17.883953717683124,0.9817980862226704
2021-09-15,Wednesday,443.95,no_fill,0.0,0.0,0.0
2021-09-16,Thursday,446.67,buy,-2.096228184138278,-6.096228184138278,-0.33467236936794426
2021-09-17,Friday,445.46,no_fill,0.0,0.0,0.0
2021-09-20,Monday,433.7296,no_fill,0.0,0.0,0.0
2021-09-21,Tuesday,436.9,buy,-10.891180365643052,-14.891180365643052,-0.8175000123227225
2021-09-22,Wednesday,436.2,no_fill,0.0,0.0,0.0
2021-09-23,Thursday,440.49,no_fill,0.0,0.0,0.0
2021-09-24,Friday,441.12,no_fill,0.0,0.0,0.0
2021-09-27,Monday,442.5,no_fill,0.0,0.0,0.0
2021-09-28,Tuesday,439.17,no_fill,0.0,0.0,0.0
2021-09-29,Wednesday,435.72,no_fill,0.0,0.0,0.0
2021-09-30,Thursday,435.94,no_fill,0.0,0.0,0.0
2021-10-01,Friday,431.45,sell,10.756560047569813,6.756560047569813,0.3709234450541835
2021-10-04,Monday,432.71,no_fill,0.0,0.0,0.0
2021-10-05,Tuesday,430.39,no_fill,0.0,0.0,0.0
2021-10-06,Wednesday,429.4,no_fill,0.0,0.0,0.0
2021-10-07,Thursday,439.09,no_fill,0.0,0.0,0.0
2021-10-08,Friday,439.31,sell,-11.841879499581841,-15.841879499581841,-0.8696917482782758
2021-10-11,Monday,436.28,no_fill,0.0,0.0,0.0
2021-10-12,Tuesday,436.0,sell,-2.848538398995605,-6.848538398995605,-0.375972897251908
2021-10-13,Wednesday,434.4,sell,10.559811407550542,6.5598114075505425,0.3601222854623403
2021-10-14,Thursday,438.99,no_fill,0.0,0.0,0.0
2021-10-15,Friday,443.88,buy,4.087814346974391,0.08781434697439128,0.00482085556490247
2021-10-18,Monday,444.1,no_fill,0.0,0.0,0.0
2021-10-19,Tuesday,449.15,no_fill,0.0,0.0,0.0
2021-10-21,Thursday,451.04,no_fill,0.0,0.0,0.0
2021-10-25,Monday,453.86,no_fill,0.0,0.0,0.0
2021-10-27,Wednesday,456.28,no_fill,0.0,0.0,0.0
2021-10-28,Thursday,455.39,no_fill,0.0,0.0,0.0
2021-10-29,Friday,456.33,no_fill,0.0,0.0,0.0
2021-11-01,Monday,460.9,no_fill,0.0,0.0,0.0
2021-11-02,Tuesday,460.33,no_fill,0.0,0.0,0.0
2021-11-03,Wednesday,461.38,no_fill,0.0,0.0,0.0
2021-11-05,Friday,468.03,buy,-3.68652769122022,-7.6865276912202205,-0.421977058097377
2021-11-09,Tuesday,468.69,no_fill,0.0,0.0,0.0
2021-11-10,Wednesday,466.48,sell,0.43480639370500124,-3.565193606294999,-0.19572295449482946
2021-11-11,Thursday,465.35,no_fill,0.0,0.0,0.0
2021-11-12,Friday,465.02,no_fill,0.0,0.0,0.0
2021-11-15,Monday,469.1,no_fill,0.0,0.0,0.0
2021-11-16,Tuesday,467.66,no_fill,0.0,0.0,0.0
2021-11-18,Thursday,469.23,no_fill,0.0,0.0,0.0
2021-11-19,Friday,468.54,no_fill,0.0,0.0,0.0
2021-11-22,Monday,470.03,no_fill,0.0,0.0,0.0
2021-11-23,Tuesday,467.52,sell,-19.49887843252779,-23.49887843252779,-1.2900477286866883
2021-11-24,Wednesday,466.97,no_fill,0.0,0.0,0.0
2021-11-26,Friday,461.7,no_fill,0.0,0.0,0.0
2021-11-29,Monday,462.65,buy,-0.2537687383727992,-4.253768738372799,-0.23352453671577075
2021-11-30,Tuesday,460.48,no_fill,0.0,0.0,0.0
2021-12-01,Wednesday,461.42,no_fill,0.0,0.0,0.0
2021-12-02,Thursday,452.08,sell,1.250070436982881,-2.749929563017119,-0.15096637045911132
2021-12-03,Friday,458.11,sell,-28.47505552690747,-32.47505552690747,-1.7828243054983308
2021-12-06,Monday,454.9,no_fill,0.0,0.0,0.0
2021-12-07,Tuesday,464.76,no_fill,0.0,0.0,0.0
2021-12-08,Wednesday,469.06,no_fill,0.0,0.0,0.0
2021-12-09,Thursday,467.74,no_fill,0.0,0.0,0.0
2021-12-10,Friday,467.85,buy,27.311901756194807,23.311901756194807,1.2797830329773447
2021-12-14,Tuesday,465.44,sell,16.375413840338176,12.375413840338176,0.6793887870915173
2021-12-15,Wednesday,463.52,no_fill,0.0,0.0,0.0
2021-12-16,Thursday,473.68,no_fill,0.0,0.0,0.0
2021-12-17,Friday,462.11,no_fill,0.0,0.0,0.0
2021-12-20,Monday,454.07,no_fill,0.0,0.0,0.0
2021-12-21,Tuesday,458.9,no_fill,0.0,0.0,0.0
2021-12-22,Wednesday,462.34,no_fill,0.0,0.0,0.0
2021-12-23,Thursday,468.87,no_fill,0.0,0.0,0.0
2021-12-27,Monday,472.23,no_fill,0.0,0.0,0.0
2021-12-28,Tuesday,478.44,no_fill,0.0,0.0,0.0
2022-01-05,Wednesday,477.22,no_fill,0.0,0.0,0.0
2022-01-06,Thursday,468.57,no_fill,0.0,0.0,0.0
2022-01-07,Friday,468.34,buy,-50.030004619919225,-54.030004619919225,-2.9661536800997124
2022-01-10,Monday,463.3,no_fill,0.0,0.0,0.0
2022-01-11,Tuesday,466.39,no_fill,0.0,0.0,0.0
2022-01-12,Wednesday,470.75,buy,8.12543442399483,4.125434423994831,0.22647920511617012
2022-01-13,Thursday,471.38,no_fill,0.0,0.0,0.0
2022-01-14,Friday,461.67,sell,2.578562812939798,-1.421437187060202,-0.07803443980966858
2022-01-18,Tuesday,460.2,no_fill,0.0,0.0,0.0
2022-01-19,Wednesday,458.77,no_fill,0.0,0.0,0.0
2022-01-20,Thursday,453.6,no_fill,0.0,0.0,0.0
2022-01-21,Friday,444.69,no_fill,0.0,0.0,0.0
2022-01-24,Monday,434.15,sell,-1.8617161046679727,-5.861716104667972,-0.3217980623520193
2022-01-25,Tuesday,432.0,buy,7.941896531349357,3.9418965313493572,0.21640329267570713
2022-01-26,Wednesday,441.26,no_fill,0.0,0.0,0.0
2022-01-27,Thursday,435.53,no_fill,0.0,0.0,0.0
2022-01-28,Friday,427.55,buy,65.7512766341736,61.75127663417361,3.390038141358635
2022-01-31,Monday,440.15,buy,-0.9486700263466102,-4.94867002634661,-0.2716734139392543
2022-02-01,Tuesday,450.14,no_fill,0.0,0.0,0.0
2022-02-02,Wednesday,456.4,no_fill,0.0,0.0,0.0
2022-02-03,Thursday,452.5,sell,3.220953212338782,-0.7790467876612182,-0.04276831942633723
2022-02-04,Friday,447.0,sell,32.79120053333556,28.791200533335562,1.5805870463493912
2022-02-07,Monday,449.9,no_fill,0.0,0.0,0.0
2022-02-09,Wednesday,455.04,no_fill,0.0,0.0,0.0
2022-02-10,Thursday,457.31,sell,64.4417675565136,60.4417675565136,3.3181483609088804
2022-02-11,Friday,449.15,buy,-4.634301925818217,-8.634301925818217,-0.4740082221446982
2022-02-14,Monday,441.21,sell,26.88772794445582,22.88772794445582,1.2564966253314036
2022-02-15,Tuesday,445.23,sell,-9.00678729498872,-13.00678729498872,-0.7140500962881957
2022-02-16,Wednesday,445.11,buy,-9.678295356299031,-13.678295356299031,-0.7509147258821359
2022-02-17,Thursday,444.66,sell,11.020309750936592,7.020309750936592,0.385402846985942
2022-02-18,Friday,436.76,sell,-22.794684793085096,-26.794684793085096,-1.470981789937148
2022-02-22,Tuesday,432.53,buy,11.840207802415437,7.840207802415437,0.43041383004634276
2022-02-23,Wednesday,432.63,no_fill,0.0,0.0,0.0
2022-02-24,Thursday,410.4,buy,25.64413824674866,21.64413824674866,1.1882257046765445
2022-02-25,Friday,430.03,buy,-6.123331260681986,-10.123331260681987,-0.5557533538072318
2022-02-28,Monday,432.26,sell,14.40374605264015,10.40374605264015,0.5711476402407084
2022-03-01,Tuesday,434.87,no_fill,0.0,0.0,0.0
2022-03-02,Wednesday,431.86,sell,4.70858489571863,0.70858489571863,0.03890008359029505
2022-03-03,Thursday,438.85,no_fill,0.0,0.0,0.0
2022-03-04,Friday,432.1,buy,-14.744092222969885,-18.744092222969883,-1.0290182005054516
2022-03-07,Monday,429.79,sell,-35.43554856888546,-39.43554856888546,-2.1649433187578624
2022-03-08,Tuesday,419.1,buy,-4.853544758186459,-8.853544758186459,-0.48604427393923744
2022-03-09,Wednesday,424.43,no_fill,0.0,0.0,0.0
2022-03-10,Thursday,422.78,buy,-13.721447769949581,-17.72144776994958,-0.9728767911330484
2022-03-11,Friday,430.0,sell,-1.703882969083182,-5.703882969083182,-0.3131332965566096
2022-03-14,Monday,421.04,no_fill,0.0,0.0,0.0
2022-03-15,Tuesday,418.03,buy,8.098390040144384,4.098390040144384,0.22499451528043285
2022-03-16,Wednesday,431.35,sell,2.649216143762135,-1.350783856237865,-0.07415569431067752
2022-03-17,Thursday,433.95,no_fill,0.0,0.0,0.0
2022-03-18,Friday,436.93,no_fill,0.0,0.0,0.0
2022-03-21,Monday,444.12,no_fill,0.0,0.0,0.0
2022-03-22,Tuesday,445.22,no_fill,0.0,0.0,0.0
2022-03-23,Wednesday,447.7,no_fill,0.0,0.0,0.0
2022-03-24,Thursday,445.8,no_fill,0.0,0.0,0.0
2022-03-25,Friday,451.97,no_fill,0.0,0.0,0.0
2022-03-28,Monday,453.0,no_fill,0.0,0.0,0.0
2022-03-29,Tuesday,459.86,no_fill,0.0,0.0,0.0
2022-03-30,Wednesday,459.36,buy,-6.242330799429963,-10.242330799429963,-0.5622862223914656
2022-03-31,Thursday,458.79,no_fill,0.0,0.0,0.0
2022-04-01,Friday,454.23,sell,-1.2637463514786387,-5.2637463514786385,-0.28897055851432835
2022-04-04,Monday,453.68,no_fill,0.0,0.0,0.0
2022-04-05,Tuesday,455.7,no_fill,0.0,0.0,0.0
2022-04-06,Wednesday,447.18,no_fill,0.0,0.0,0.0
2022-04-07,Thursday,446.43,no_fill,0.0,0.0,0.0
2022-04-08,Friday,449.79,no_fill,0.0,0.0,0.0
2022-04-11,Monday,443.86,no_fill,0.0,0.0,0.0
2022-04-12,Tuesday,440.58,buy,56.912729171152144,52.912729171152144,2.9048171929504267
2022-04-13,Wednesday,438.35,no_fill,0.0,0.0,0.0
2022-04-14,Thursday,443.23,sell,-4.452904554285371,-8.452904554285372,-0.46404982060619077
2022-04-18,Monday,436.73,no_fill,0.0,0.0,0.0
2022-04-19,Tuesday,438.12,no_fill,0.0,0.0,0.0
2022-04-20,Wednesday,446.93,no_fill,0.0,0.0,0.0
2022-04-21,Thursday,448.4,no_fill,0.0,0.0,0.0
2022-04-22,Friday,438.17,sell,-1.0988666512146748,-5.098866651214674,-0.2799189485218429
2022-04-25,Monday,423.15,no_fill,0.0,0.0,0.0
2022-04-26,Tuesday,426.95,sell,1.2247046058469298,-2.77529539415307,-0.15235891065787618
2022-04-27,Wednesday,418.07,no_fill,0.0,0.0,0.0
2022-04-28,Thursday,422.5,sell,-28.39302566895941,-32.39302566895941,-1.778321008362928
2022-04-29,Friday,424.6401,sell,-1.9641017415946327,-5.964101741594632,-0.3274188564995623
2022-05-02,Monday,411.42,no_fill,0.0,0.0,0.0
2022-05-03,Tuesday,414.63,buy,3.7317674202549904,-0.2682325797450096,-0.014725504081115313
2022-05-04,Wednesday,417.71,no_fill,0.0,0.0,0.0
2022-05-05,Thursday,426.29,no_fill,0.0,0.0,0.0
2022-05-06,Friday,412.35,buy,0.7004585673746945,-3.2995414326253054,-0.181139110238293
2022-05-09,Monday,404.07,buy,12.224759374146164,8.224759374146164,0.45152504533683163
2022-05-10,Tuesday,402.23,buy,-4.293128159701422,-8.293128159701421,-0.45527837325722037
2022-05-11,Wednesday,402.75,sell,129.27052264349345,125.27052264349345,6.877134739500379
2022-05-12,Thursday,389.2,double_stop,-36.431021752118326,-42.431021752118326,-2.3293896087145085
2022-05-13,Friday,397.69,no_fill,0.0,0.0,0.0
2022-05-16,Monday,401.52,no_fill,0.0,0.0,0.0
2022-05-17,Tuesday,406.0,sell,-10.331274422856488,-14.331274422856488,-0.7867621457541568
2022-05-18,Wednesday,405.6,sell,8.658256382324314,4.658256382324314,0.2557302078442779
2022-05-19,Thursday,387.96,sell,-8.936203730993961,-12.936203730993961,-0.7101751808672108
2022-05-20,Friday,393.83,no_fill,0.0,0.0,0.0
2022-05-23,Monday,393.5,no_fill,0.0,0.0,0.0
2022-05-24,Tuesday,392.42,buy,-2.6709412822569196,-6.670941282256919,-0.36622312312001126
2022-05-25,Wednesday,391.75,buy,-10.557565757998276,-14.557565757998276,-0.7991851481437964
2022-05-26,Thursday,399.4,sell,-26.728280029790426,-30.728280029790426,-1.686929355913752
2022-05-27,Friday,405.96,buy,23.660536025114716,19.660536025114716,1.0793293780716722
2022-05-31,Tuesday,412.68,no_fill,0.0,0.0,0.0
2022-06-01,Wednesday,414.73,no_fill,0.0,0.0,0.0
2022-06-02,Thursday,411.28,no_fill,0.0,0.0,0.0
2022-06-03,Friday,414.4,double_stop,-36.431021752118326,-42.431021752118326,-2.3293896087145085
2022-06-06,Monday,414.81,no_fill,0.0,0.0,0.0
2022-06-07,Tuesday,408.46,no_fill,0.0,0.0,0.0
2022-06-08,Wednesday,413.97,no_fill,0.0,0.0,0.0
2022-06-09,Thursday,411.3,sell,14.364114701378583,10.364114701378583,0.5689719476932292
2022-06-10,Friday,401.63,sell,92.83197063677471,88.83197063677471,4.876721341564321
2022-06-13,Monday,381.7,sell,-4.068274826807409,-8.068274826807409,-0.44293431470053507
2022-06-14,Tuesday,376.18,buy,29.102262530288108,25.102262530288108,1.378070738783411
2022-06-15,Wednesday,376.5,buy,-3.6072771443188474,-7.607277144318847,-0.41762634032500134
2022-06-16,Thursday,371.9,buy,-12.568831661214915,-16.568831661214915,-0.9096001629573566
2022-06-17,Friday,368.66,sell,-3.0253627721147156,-7.025362772114716,-0.38568024909739007
2022-06-21,Tuesday,371.46,no_fill,0.0,0.0,0.0
2022-06-22,Wednesday,369.28,no_fill,0.0,0.0,0.0
2022-06-23,Thursday,376.44,sell,0.9110431564549646,-3.088956843545035,-0.16957838100521702
2022-06-27,Monday,390.63,no_fill,0.0,0.0,0.0
2022-06-28,Tuesday,389.48,no_fill,0.0,0.0,0.0
2022-06-29,Wednesday,381.4,sell,-1.1730357842928787,-5.173035784292878,-0.2839907054757302
2022-06-30,Thursday,375.38,buy,6.559383897238809,2.559383897238809,0.14050574341028416
2022-07-01,Friday,375.65,buy,4.944345373109093,0.9443453731090932,0.051842925489960105
2022-07-05,Tuesday,377.2,sell,-12.913283940746629,-16.91328394074663,-0.9285099965533186
2022-07-06,Wednesday,380.66,buy,12.520579072975796,8.520579072975796,0.4677650344780877
2022-07-08,Friday,388.67,sell,40.70336632053473,36.70336632053473,2.0149512451377
2022-07-12,Tuesday,382.5,buy,1.1308943527001842,-2.8691056472998158,-0.15750893108744546
2022-07-13,Wednesday,384.34,sell,232.343889654721,228.343889654721,12.535684077619573
2022-07-14,Thursday,373.88,sell,-25.16961379678205,-29.16961379678205,-1.6013612791458942
2022-07-15,Friday,378.5,sell,-48.070200440128716,-52.070200440128716,-2.8585638247766703
2022-07-18,Monday,387.66,no_fill,0.0,0.0,0.0
2022-07-19,Tuesday,384.26,no_fill,0.0,0.0,0.0
2022-07-20,Wednesday,391.22,no_fill,0.0,0.0,0.0
2022-07-21,Thursday,394.63,buy,25.876423340803044,21.876423340803044,1.2009777540500088
2022-07-22,Friday,398.22,no_fill,0.0,0.0,0.0
2022-07-25,Monday,396.85,no_fill,0.0,0.0,0.0
2022-07-26,Tuesday,394.17,no_fill,0.0,0.0,0.0
2022-07-27,Wednesday,394.37,no_fill,0.0,0.0,0.0
2022-07-28,Thursday,399.98,sell,-41.21666093356075,-45.21666093356075,-2.4823163753803623
2022-07-29,Friday,408.01,no_fill,0.0,0.0,0.0
2022-08-01,Monday,410.62,no_fill,0.0,0.0,0.0
2022-08-03,Wednesday,410.55,no_fill,0.0,0.0,0.0
2022-08-04,Thursday,414.8,no_fill,0.0,0.0,0.0
2022-08-05,Friday,414.8,sell,82.55594524737356,78.55594524737356,4.312585344538454
2022-08-09,Tuesday,412.01,no_fill,0.0,0.0,0.0
2022-08-10,Wednesday,412.96,buy,114.72714700848216,110.72714700848216,6.078728604532965
2022-08-11,Thursday,422.5,buy,-11.351605550614225,-15.351605550614225,-0.8427765575760492
2022-08-12,Friday,421.8,no_fill,0.0,0.0,0.0
2022-08-15,Monday,425.01,sell,0.8428642209976314,-3.1571357790023686,-0.17332128648402748
2022-08-16,Tuesday,428.44,no_fill,0.0,0.0,0.0
2022-08-17,Wednesday,426.32,no_fill,0.0,0.0,0.0
2022-08-18,Thursday,427.53,no_fill,0.0,0.0,0.0
2022-08-19,Friday,423.68,no_fill,0.0,0.0,0.0
2022-08-22,Monday,417.22,no_fill,0.0,0.0,0.0
2022-08-23,Tuesday,413.78,sell,-5.64844625234697,-9.64844625234697,-0.5296829892939222
2022-08-24,Wednesday,413.0,no_fill,0.0,0.0,0.0
2022-08-25,Thursday,415.89,sell,-0.1818962183381294,-4.18189621833813,-0.22957885984051318
2022-08-26,Friday,418.28,buy,-17.73736226747036,-21.73736226747036,-1.1933435419612635
2022-08-29,Monday,402.13,no_fill,0.0,0.0,0.0
2022-08-30,Tuesday,404.78,no_fill,0.0,0.0,0.0
2022-08-31,Wednesday,399.74,no_fill,0.0,0.0,0.0
2022-09-01,Thursday,393.48,sell,-2.7128169653144387,-6.712816965314438,-0.36852202559617275
2022-09-02,Friday,396.9,buy,9.499278743493884,5.499278743493884,0.30190087892191064
2022-09-06,Tuesday,394.45,no_fill,0.0,0.0,0.0
2022-09-07,Wednesday,389.53,buy,1.5519011332868773,-2.4480988667131225,-0.13439638796684447
2022-09-08,Thursday,397.76,sell,6.422461770763606,2.422461770763606,0.13298895579961323
2022-09-09,Friday,403.49,buy,0.37231038345218287,-3.627689616547817,-0.19915387722206174
2022-09-12,Monday,407.6,no_fill,0.0,0.0,0.0
2022-09-13,Tuesday,413.85,double_stop,-36.431021752118326,-42.431021752118326,-2.3293896087145085
2022-09-14,Wednesday,393.9,double_stop,-36.431021752118326,-42.431021752118326,-2.3293896087145085
2022-09-15,Thursday,393.5,buy,2.3689872179701776,-1.6310127820298224,-0.0895397770135275
2022-09-16,Friday,384.59,no_fill,0.0,0.0,0.0
2022-09-19,Monday,382.51,no_fill,0.0,0.0,0.0
2022-09-20,Tuesday,385.5,no_fill,0.0,0.0,0.0
2022-09-21,Wednesday,385.81,no_fill,0.0,0.0,0.0
2022-09-22,Thursday,378.0,sell,-26.15201881256731,-30.15201881256731,-1.655293613104007
2022-09-23,Friday,369.87,sell,0.439692303435587,-3.560307696564413,-0.19545472651243412
2022-09-26,Monday,366.22,sell,-11.38901314245615,-15.38901314245615,-0.8448301695826764
2022-09-27,Tuesday,369.04,no_fill,0.0,0.0,0.0
2022-09-28,Wednesday,362.91,buy,39.37452522104482,35.37452522104482,1.9420001701702436
2022-09-29,Thursday,367.51,sell,20.96709639993216,16.96709639993216,0.9314642073658331
2022-09-30,Friday,364.79,sell,0.6994813112264379,-3.300518688773562,-0.181192759908341
2022-10-03,Monday,360.08,buy,0.1137492883503521,-3.886250711649648,-0.21334843354612623
2022-10-04,Tuesday,372.27,no_fill,0.0,0.0,0.0
2022-10-05,Wednesday,374.16,no_fill,0.0,0.0,0.0
2022-10-06,Thursday,375.7,buy,9.732319839938166,5.732319839938166,0.31469443151727433
2022-10-07,Friday,373.8,sell,104.04238104475279,100.04238104475279,5.492153457866479
2022-10-10,Monday,362.64,buy,-4.703487933194902,-8.703487933194902,-0.4778064141277524
2022-10-11,Tuesday,360.1,sell,-3.775077663061654,-7.775077663061654,-0.42683829819346547
2022-10-12,Wednesday,360.5,sell,19.232478028241143,15.232478028241143,0.8362366629124495
2022-10-13,Thursday,360.2,sell,281.6179149984542,277.6179149984542,15.240742732246414
2022-10-14,Friday,366.3,double_stop,-36.431021752118326,-42.431021752118326,-2.3293896087145085
2022-10-17,Monday,361.94,buy,2.506155698512088,-1.4938443014879121,-0.08200946499125025
2022-10-18,Tuesday,374.17,buy,-1.378244392908986,-5.378244392908986,-0.29525630269188163
2022-10-19,Wednesday,369.08,sell,9.962661877813922,5.962661877813922,0.32733981047167393
2022-10-20,Thursday,370.2,buy,-75.48185339361737,-79.48185339361737,-4.363416098204591
2022-10-21,Friday,362.6201,no_fill,0.0,0.0,0.0
2022-10-24,Monday,376.06,buy,-1.7287800352353593,-5.728780035235359,-0.31450010236961046
2022-10-25,Tuesday,377.42,no_fill,0.0,0.0,0.0
2022-10-26,Wednesday,381.73,no_fill,0.0,0.0,0.0
2022-10-27,Thursday,382.34,buy,-10.6306387726951,-14.6306387726951,-0.8031967300968924
2022-10-28,Friday,377.64,double_stop,-36.431021752118326,-42.431021752118326,-2.3293896087145085
2022-10-31,Monday,387.01,no_fill,0.0,0.0,0.0
2022-11-01,Tuesday,390.31,no_fill,0.0,0.0,0.0
2022-11-02,Wednesday,384.28,sell,-3.1223496394615453,-7.122349639461545,-0.3910046601450264
2022-11-03,Thursday,372.19,sell,-6.393591963675888,-10.393591963675888,-0.5705901983422433
2022-11-04,Friday,373.05,double_stop,-36.431021752118326,-42.431021752118326,-2.3293896087145085
2022-11-07,Monday,377.08,no_fill,0.0,0.0,0.0
2022-11-08,Tuesday,380.67,sell,-33.45180477891524,-37.45180477891524,-2.056039220296508
2022-11-09,Wednesday,380.07,no_fill,0.0,0.0,0.0
2022-11-10,Thursday,375.2,double_stop,-36.431021752118326,-42.431021752118326,-2.3293896087145085
2022-11-11,Friday,396.61,no_fill,0.0,0.0,0.0
2022-11-14,Monday,397.38,no_fill,0.0,0.0,0.0
2022-11-15,Tuesday,399.3,buy,52.1576421417232,48.1576421417232,2.6437711502792545
2022-11-16,Wednesday,398.16,sell,-14.699336473807579,-18.699336473807577,-1.026561187388069
2022-11-17,Thursday,391.35,sell,-6.461326641997537,-10.461326641997537,-0.5743087148737052
2022-11-18,Friday,397.86,no_fill,0.0,0.0,0.0
2022-11-21,Monday,394.95,no_fill,0.0,0.0,0.0
2022-11-22,Tuesday,395.98,no_fill,0.0,0.0,0.0
2022-11-23,Wednesday,399.97,no_fill,0.0,0.0,0.0
2022-11-25,Friday,402.47,no_fill,0.0,0.0,0.0
2022-11-28,Monday,399.3,no_fill,0.0,0.0,0.0
2022-11-29,Tuesday,396.46,no_fill,0.0,0.0,0.0
2022-11-30,Wednesday,396.45,sell,5.999396426247595,1.9993964262475954,0.10976340108448032
2022-12-01,Thursday,408.33,double_stop,-36.431021752118326,-42.431021752118326,-2.3293896087145085
2022-12-02,Friday,406.72,sell,114.308092585782,110.308092585782,6.0557232424790834
2022-12-05,Monday,405.059,no_fill,0.0,0.0,0.0
2022-12-06,Tuesday,399.91,no_fill,0.0,0.0,0.0
2022-12-07,Wednesday,392.04,buy,-5.2066342308177145,-9.206634230817714,-0.5054282744777744
2022-12-08,Thursday,395.01,buy,-2.266547558673465,-6.266547558673465,-0.34402260805705176
2022-12-09,Friday,398.3499,sell,89.476244537962,85.476244537962,4.69249779045749
2022-12-12,Monday,394.43,no_fill,0.0,0.0,0.0
2022-12-13,Tuesday,406.3,double_stop,-36.431021752118326,-42.431021752118326,-2.3293896087145085
2022-12-14,Wednesday,401.47,no_fill,0.0,0.0,0.0
2022-12-15,Thursday,394.73,sell,-9.095352793319174,-13.095352793319174,-0.7189121887616412
2022-12-16,Friday,384.38,no_fill,0.0,0.0,0.0
2022-12-19,Monday,383.87,no_fill,0.0,0.0,0.0
2022-12-20,Tuesday,379.11,buy,-3.4440725072477685,-7.4440725072477685,-0.40866668840079534
2022-12-21,Wednesday,383.43,no_fill,0.0,0.0,0.0
2022-12-22,Thursday,385.01,sell,16.069312894750755,12.069312894750755,0.6625843753091537
2022-12-23,Friday,381.26,sell,-55.722723801622486,-59.722723801622486,-3.278674104063515
2022-12-27,Tuesday,384.6,sell,18.70596598301566,14.705965983015659,0.8073320634857332
2022-12-28,Wednesday,382.12,no_fill,0.0,0.0,0.0
2022-12-29,Thursday,378.73,buy,17.165895402820396,13.165895402820396,0.7227848558518593
2022-12-30,Friday,380.66,no_fill,0.0,0.0,0.0
2023-01-03,Tuesday,384.15,no_fill,0.0,0.0,0.0
2023-01-04,Wednesday,382.96,no_fill,0.0,0.0,0.0
2023-01-05,Thursday,382.67,sell,-2.0135614156892783,-6.013561415689278,-0.33013410694909273
2023-01-06,Friday,379.0,buy,60.412457461673135,56.412457461673135,3.096946214987394
2023-01-09,Monday,389.969,no_fill,0.0,0.0,0.0
2023-01-10,Tuesday,385.79,no_fill,0.0,0.0,0.0
2023-01-11,Wednesday,391.85,no_fill,0.0,0.0,0.0
2023-01-12,Thursday,393.99,sell,-35.221018630063504,-39.221018630063504,-2.1531659966568437
2023-01-13,Friday,393.3,no_fill,0.0,0.0,0.0
2023-01-17,Tuesday,397.67,no_fill,0.0,0.0,0.0
2023-01-18,Wednesday,398.72,buy,-23.733167376861356,-27.733167376861356,-1.5225028584463887
2023-01-19,Thursday,388.6,sell,-11.267492348009755,-15.267492348009755,-0.8381588884271141
2023-01-20,Friday,389.52,no_fill,0.0,0.0,0.0
2023-01-23,Monday,396.679,no_fill,0.0,0.0,0.0
2023-01-24,Tuesday,399.62,sell,6.057548530377717,2.0575485303777166,0.11295585088870465
2023-01-25,Wednesday,396.97,sell,-2.3452939830947255,-6.3452939830947255,-0.34834565037834936
2023-01-26,Thursday,402.4,sell,-24.925252426756224,-28.925252426756224,-1.5879462631362695
2023-01-27,Friday,403.75,no_fill,0.0,0.0,0.0
2023-01-30,Monday,402.68,no_fill,0.0,0.0,0.0
2023-01-31,Tuesday,400.06,buy,19.02890246194177,15.028902461941769,0.8250607168912519
2023-02-01,Wednesday,405.4,no_fill,0.0,0.0,0.0
2023-02-02,Thursday,413.43,no_fill,0.0,0.0,0.0
2023-02-03,Friday,414.67,sell,40.385304229928565,36.385304229928565,1.9974901872090862
2023-02-06,Monday,409.76,no_fill,0.0,0.0,0.0
2023-02-07,Tuesday,409.8,no_fill,0.0,0.0,0.0
2023-02-08,Wednesday,413.35,no_fill,0.0,0.0,0.0
2023-02-09,Thursday,413.76,no_fill,0.0,0.0,0.0
2023-02-10,Friday,405.29,no_fill,0.0,0.0,0.0
2023-02-13,Monday,408.8,no_fill,0.0,0.0,0.0
2023-02-14,Tuesday,414.23,sell,22.100255727035886,18.100255727035886,0.9936726919268151
2023-02-15,Wednesday,410.97,sell,-23.0820461462743,-27.0820461462743,-1.486757430551592
2023-02-16,Thursday,412.3,sell,24.714394532623757,20.714394532623757,1.137184384976482
2023-02-17,Friday,405.63,no_fill,0.0,0.0,0.0
2023-02-21,Tuesday,403.52,no_fill,0.0,0.0,0.0
2023-02-22,Wednesday,399.71,no_fill,0.0,0.0,0.0
2023-02-23,Thursday,400.95,sell,-3.7498667807857244,-7.749866780785725,-0.42545426441876283
2023-02-24,Friday,397.6,sell,40.38609878188878,36.38609878188878,1.997533806735633
2023-02-27,Monday,398.64,buy,8.374896509051604,4.374896509051604,0.24017424154716277
2023-02-28,Tuesday,398.63,sell,-3.916536890158032,-7.9165368901580315,-0.4346041647705209
2023-03-01,Wednesday,396.42,sell,4.992198119450806,0.9921981194508058,0.054469958388862004
2023-03-02,Thursday,393.15,sell,-5.24336284095826,-9.243362840958259,-0.5074446115649113
2023-03-03,Friday,399.03,no_fill,0.0,0.0,0.0
2023-03-06,Monday,405.0,no_fill,0.0,0.0,0.0
2023-03-07,Tuesday,404.99,no_fill,0.0,0.0,0.0
2023-03-08,Wednesday,398.48,no_fill,0.0,0.0,0.0
2023-03-09,Thursday,397.85,buy,10.941206479727546,6.941206479727546,0.3810602143940111
2023-03-10,Friday,390.86,double_stop,-36.431021752118326,-42.431021752118326,-2.3293896087145085
2023-03-13,Monday,384.61,sell,48.865428257088666,44.865428257088666,2.4630343097352143
2023-03-14,Tuesday,388.61,double_stop,-36.431021752118326,-42.431021752118326,-2.3293896087145085
2023-03-15,Wednesday,385.05,buy,-40.03085953207841,-44.03085953207841,-2.4172179321057983
2023-03-16,Thursday,389.37,sell,22.876509567221152,18.876509567221152,1.0362876833737749
2023-03-17,Friday,391.9,no_fill,0.0,0.0,0.0
2023-03-20,Monday,390.09,buy,-0.5272850820103088,-4.527285082010309,-0.24854011028373446
2023-03-21,Tuesday,396.83,no_fill,0.0,0.0,0.0
2023-03-23,Thursday,394.24,no_fill,0.0,0.0,0.0
2023-03-24,Friday,390.11,no_fill,0.0,0.0,0.0
2023-03-27,Monday,398.1,no_fill,0.0,0.0,0.0
2023-03-28,Tuesday,395.89,no_fill,0.0,0.0,0.0
2023-03-29,Wednesday,398.76,no_fill,0.0,0.0,0.0
2023-03-30,Thursday,403.38,buy,-1.1100520035307675,-5.110052003530767,-0.2805330049922982
2023-03-31,Friday,404.64,sell,-20.1925769100666,-24.1925769100666,-1.3281305737004145
2023-04-03,Monday,408.7,no_fill,0.0,0.0,0.0
2023-04-04,Tuesday,412.16,no_fill,0.0,0.0,0.0
2023-04-05,Wednesday,408.25,no_fill,0.0,0.0,0.0
2023-04-06,Thursday,407.55,no_fill,0.0,0.0,0.0
2023-04-10,Monday,407.1,no_fill,0.0,0.0,0.0
2023-04-11,Tuesday,409.74,no_fill,0.0,0.0,0.0
2023-04-12,Wednesday,409.81,buy,55.23316045943764,51.23316045943764,2.812611779490298
2023-04-13,Thursday,408.59,buy,-3.041375434662301,-7.041375434662301,-0.3865593165392278
2023-04-14,Friday,413.53,sell,0.6464822078760857,-3.353517792123914,-0.1841023188941397
2023-04-17,Monday,412.85,no_fill,0.0,0.0,0.0
2023-04-18,Tuesday,415.8,no_fill,0.0,0.0,0.0
2023-04-19,Wednesday,412.04,no_fill,0.0,0.0,0.0
2023-04-20,Thursday,411.32,no_fill,0.0,0.0,0.0
2023-04-21,Friday,411.77,no_fill,0.0,0.0,0.0
2023-04-26,Wednesday,407.09,no_fill,0.0,0.0,0.0
2023-04-27,Thursday,407.14,sell,0.6969025443851613,-3.3030974556148385,-0.18133432974181
2023-04-28,Friday,411.15,no_fill,0.0,0.0,0.0
2023-05-01,Monday,415.48,no_fill,0.0,0.0,0.0
2023-05-03,Wednesday,411.89,no_fill,0.0,0.0,0.0
2023-05-04,Thursday,406.85,no_fill,0.0,0.0,0.0
2023-05-05,Friday,407.9001,sell,-26.548433569631136,-30.548433569631136,-1.677056096723659
2023-05-08,Monday,413.47,no_fill,0.0,0.0,0.0
2023-05-09,Tuesday,411.53,no_fill,0.0,0.0,0.0
2023-05-10,Wednesday,410.6,buy,60.69340290864622,56.69340290864622,3.1123696334621584
2023-05-11,Thursday,413.01,no_fill,0.0,0.0,0.0
2023-05-12,Friday,413.32,no_fill,0.0,0.0,0.0
2023-05-15,Monday,412.89,no_fill,0.0,0.0,0.0
2023-05-16,Tuesday,412.34,no_fill,0.0,0.0,0.0
2023-05-17,Wednesday,411.6,no_fill,0.0,0.0,0.0
2023-05-18,Thursday,415.87,no_fill,0.0,0.0,0.0
2023-05-19,Friday,420.57,no_fill,0.0,0.0,0.0
2023-05-22,Monday,419.17,no_fill,0.0,0.0,0.0
2023-05-23,Tuesday,417.93,no_fill,0.0,0.0,0.0
2023-05-24,Wednesday,412.86,no_fill,0.0,0.0,0.0
2023-05-25,Thursday,414.18,sell,-36.32357983158616,-40.32357983158616,-2.2136946971157347
2023-05-26,Friday,415.47,sell,-0.8857397734520697,-4.88573977345207,-0.268218652043048
2023-05-30,Tuesday,422.45,no_fill,0.0,0.0,0.0
2023-05-31,Wednesday,418.33,no_fill,0.0,0.0,0.0
2023-06-01,Thursday,418.39,no_fill,0.0,0.0,0.0
2023-06-02,Friday,423.45,sell,-33.56561124210091,-37.56561124210091,-2.0622869980261593
2023-06-06,Tuesday,426.66,no_fill,0.0,0.0,0.0
2023-06-07,Wednesday,428.51,no_fill,0.0,0.0,0.0
2023-06-08,Thursday,426.57,no_fill,0.0,0.0,0.0
2023-06-09,Friday,429.23,no_fill,0.0,0.0,0.0
2023-06-13,Tuesday,434.49,double_stop,-36.431021752118326,-42.431021752118326,-2.3293896087145085
2023-06-14,Wednesday,437.52,sell,-11.587242454045624,-15.587242454045624,-0.8557126154793769
2023-06-15,Thursday,435.66,buy,-26.24929869224592,-30.24929869224592,-1.6606341100211957
2023-06-16,Friday,441.87,no_fill,0.0,0.0,0.0
2023-06-20,Tuesday,438.1499,no_fill,0.0,0.0,0.0
2023-06-21,Wednesday,436.21,no_fill,0.0,0.0,0.0
2023-06-22,Thursday,433.92,no_fill,0.0,0.0,0.0
2023-06-23,Friday,434.09,sell,0.44421406577335976,-3.5557859342266402,-0.1952064895912443
2023-06-27,Tuesday,431.92,no_fill,0.0,0.0,0.0
2023-06-29,Thursday,437.79,no_fill,0.0,0.0,0.0
2023-06-30,Friday,440.0,buy,4.511761851214208,0.5117618512142084,0.02809483932107676
2023-07-03,Monday,443.21,no_fill,0.0,0.0,0.0
2023-07-05,Wednesday,441.69,buy,-16.857092075542084,-20.857092075542084,-1.145018232947547
2023-07-06,Thursday,440.4,sell,0.858058606228487,-3.1419413937715133,-0.17248714104971932
2023-07-07,Friday,439.6,buy,-30.95436437924332,-34.954364379243316,-1.9189340676238844
2023-07-11,Tuesday,440.53,no_fill,0.0,0.0,0.0
2023-07-12,Wednesday,443.64,buy,23.259559000418825,19.259559000418825,1.0573164338603243
2023-07-13,Thursday,447.61,no_fill,0.0,0.0,0.0
2023-07-14,Friday,450.4,no_fill,0.0,0.0,0.0
2023-07-17,Monday,448.57,no_fill,0.0,0.0,0.0
2023-07-18,Tuesday,450.55,no_fill,0.0,0.0,0.0
2023-07-19,Wednesday,454.24,no_fill,0.0,0.0,0.0
2023-07-20,Thursday,454.47,no_fill,0.0,0.0,0.0
2023-07-21,Friday,454.01,no_fill,0.0,0.0,0.0
2023-07-24,Monday,452.89,no_fill,0.0,0.0,0.0
2023-07-27,Thursday,458.8,no_fill,0.0,0.0,0.0
2023-07-28,Friday,455.569,no_fill,0.0,0.0,0.0
2023-07-31,Monday,457.62,no_fill,0.0,0.0,0.0
2023-08-02,Wednesday,453.95,no_fill,0.0,0.0,0.0
2023-08-03,Thursday,448.58,no_fill,0.0,0.0,0.0
2023-08-04,Friday,449.75,sell,-24.885883305187253,-28.885883305187253,-1.5857849665447634
2023-08-07,Monday,447.51,no_fill,0.0,0.0,0.0
2023-08-08,Tuesday,447.54,no_fill,0.0,0.0,0.0
2023-08-10,Thursday,448.2,buy,-35.8415706707921,-39.8415706707921,-2.1872332289706073
2023-08-11,Friday,445.65,sell,-1.3861604889840684,-5.386160488984069,-0.29569088265666793
2023-08-14,Monday,445.2,no_fill,0.0,0.0,0.0
2023-08-15,Tuesday,445.34,no_fill,0.0,0.0,0.0
2023-08-16,Wednesday,442.58,no_fill,0.0,0.0,0.0
2023-08-17,Thursday,440.86,no_fill,0.0,0.0,0.0
2023-08-18,Friday,433.74,no_fill,0.0,0.0,0.0
2023-08-21,Monday,438.38,no_fill,0.0,0.0,0.0
2023-08-22,Tuesday,441.76,no_fill,0.0,0.0,0.0
2023-08-23,Wednesday,438.4,no_fill,0.0,0.0,0.0
2023-08-24,Thursday,445.01,no_fill,0.0,0.0,0.0
2023-08-25,Friday,438.69,no_fill,0.0,0.0,0.0
2023-08-28,Monday,441.69,no_fill,0.0,0.0,0.0
2023-08-30,Wednesday,449.4,no_fill,0.0,0.0,0.0
2023-08-31,Thursday,452.65,no_fill,0.0,0.0,0.0
2023-09-01,Friday,452.17,buy,-3.176919195938458,-7.176919195938458,-0.3940004342876355
2023-09-06,Wednesday,448.22,no_fill,0.0,0.0,0.0
2023-09-07,Thursday,444.42,sell,3.8357019406452246,-0.16429805935477537,-0.009019678913903756
2023-09-11,Monday,447.86,no_fill,0.0,0.0,0.0
2023-09-12,Tuesday,447.53,no_fill,0.0,0.0,0.0
2023-09-13,Wednesday,446.07,sell,-3.1954467605618655,-7.1954467605618655,-0.395017565497925
2023-09-14,Thursday,448.58,sell,-10.63603787235895,-14.63603787235895,-0.8034931313178401
2023-09-15,Friday,449.06,no_fill,0.0,0.0,0.0
2023-09-18,Monday,442.96,no_fill,0.0,0.0,0.0
2023-09-20,Wednesday,443.88,no_fill,0.0,0.0,0.0
2023-09-21,Thursday,435.24,no_fill,0.0,0.0,0.0
2023-09-22,Friday,433.13,no_fill,0.0,0.0,0.0
2023-09-25,Monday,429.19,no_fill,0.0,0.0,0.0
2023-09-26,Tuesday,430.43,no_fill,0.0,0.0,0.0
2023-09-27,Wednesday,427.18,no_fill,0.0,0.0,0.0
2023-09-28,Thursday,426.69,buy,-31.33979314187271,-35.33979314187271,-1.94009343917552
2023-09-29,Friday,430.6,buy,6.169068780233754,2.1690687802337543,0.11907811946600873
2023-10-02,Monday,426.6,no_fill,0.0,0.0,0.0
2023-10-03,Tuesday,425.38,sell,2.001706670604651,-1.998293329395349,-0.10970284297772438
2023-10-04,Wednesday,422.54,no_fill,0.0,0.0,0.0
2023-10-05,Thursday,424.74,sell,13.804077578054338,9.804077578054338,0.538226879540334
2023-10-06,Friday,424.61,sell,62.32898878245153,58.32898878245153,3.20216046529411
2023-10-09,Monday,427.21,sell,3.55364246772951,-0.4463575322704898,-0.024504255483558366
2023-10-10,Tuesday,432.4,no_fill,0.0,0.0,0.0
2023-10-11,Wednesday,435.85,sell,-10.185225227326505,-14.185225227326505,-0.7787442978593752
2023-10-12,Thursday,438.4,sell,10.753467226129404,6.753467226129404,0.37075365451350345
2023-10-13,Friday,433.84,no_fill,0.0,0.0,0.0
2023-10-16,Monday,432.66,buy,-1.3431399612528918,-5.343139961252891,-0.29332913019065726
2023-10-17,Tuesday,434.72,no_fill,0.0,0.0,0.0
2023-10-18,Wednesday,434.5,no_fill,0.0,0.0,0.0
2023-10-19,Thursday,430.45,buy,-7.761335013588678,-11.761335013588678,-0.6456769230143703
2023-10-20,Friday,424.76,no_fill,0.0,0.0,0.0
2023-10-23,Monday,419.83,no_fill,0.0,0.0,0.0
2023-10-24,Tuesday,423.04,no_fill,0.0,0.0,0.0
2023-10-25,Wednesday,422.69,no_fill,0.0,0.0,0.0
2023-10-26,Thursday,415.15,buy,7.317429025182221,3.3174290251822214,0.18212110809048748
2023-10-27,Friday,413.95,no_fill,0.0,0.0,0.0
2023-10-30,Monday,413.13,no_fill,0.0,0.0,0.0
2023-10-31,Tuesday,416.88,sell,4.812698680646825,0.8126986806468253,0.04461575007017583
2023-11-01,Wednesday,417.01,buy,13.198603893371669,9.198603893371669,0.5049874228595745
2023-11-02,Thursday,425.84,buy,-1.5425820765080014,-5.542582076508001,-0.3042781569081697
2023-11-03,Friday,430.4,buy,36.38486087115434,32.38486087115434,1.777872775103887
2023-11-06,Monday,435.2104,no_fill,0.0,0.0,0.0
2023-11-07,Tuesday,434.74,no_fill,0.0,0.0,0.0
2023-11-09,Thursday,438.44,no_fill,0.0,0.0,0.0
2023-11-10,Friday,435.12,no_fill,0.0,0.0,0.0
2023-11-13,Monday,440.1,no_fill,0.0,0.0,0.0
2023-11-14,Tuesday,440.67,buy,93.43266122551331,89.43266122551331,4.909698214561503
2023-11-15,Wednesday,450.86,buy,-41.72613501658986,-45.72613501658986,-2.5102856201902193
2023-11-16,Thursday,449.16,no_fill,0.0,0.0,0.0
2023-11-17,Friday,451.88,no_fill,0.0,0.0,0.0
2023-11-22,Wednesday,454.9,no_fill,0.0,0.0,0.0
2023-11-27,Monday,454.95,no_fill,0.0,0.0,0.0
2023-11-28,Tuesday,453.83,no_fill,0.0,0.0,0.0
2023-11-29,Wednesday,457.36,sell,-13.623941871336429,-17.623941871336427,-0.9675238861677912
2023-11-30,Thursday,456.3,no_fill,0.0,0.0,0.0
2023-12-01,Friday,455.8101,no_fill,0.0,0.0,0.0
2023-12-04,Monday,457.42,no_fill,0.0,0.0,0.0
2023-12-05,Tuesday,455.46,no_fill,0.0,0.0,0.0
2023-12-06,Wednesday,457.78,no_fill,0.0,0.0,0.0
2023-12-07,Thursday,455.38,no_fill,0.0,0.0,0.0
2023-12-08,Friday,457.42,sell,-33.081498371140796,-37.081498371140796,-2.0357100398362915
2023-12-11,Monday,459.92,no_fill,0.0,0.0,0.0
2023-12-12,Tuesday,463.28,sell,3.369707566351431,-0.6302924336485689,-0.03460196301586956
2023-12-13,Wednesday,464.84,no_fill,0.0,0.0,0.0
2023-12-14,Thursday,472.09,no_fill,0.0,0.0,0.0
2023-12-15,Friday,471.02,sell,8.32264037017202,4.322640370172021,0.23730547002408328
2023-12-19,Tuesday,473.19,no_fill,0.0,0.0,0.0
2023-12-21,Thursday,470.5,buy,17.066104426811783,13.066104426811783,0.7173065040950732
2023-12-22,Friday,473.0,no_fill,0.0,0.0,0.0
2024-01-02,Tuesday,471.76,no_fill,0.0,0.0,0.0
2024-01-04,Thursday,469.32,no_fill,0.0,0.0,0.0
2024-01-05,Friday,466.4388,sell,-3.4483002580747923,-7.448300258074792,-0.40889878459923795
2024-01-08,Monday,468.15,no_fill,0.0,0.0,0.0
2024-01-09,Tuesday,472.54,no_fill,0.0,0.0,0.0
2024-01-10,Wednesday,474.08,no_fill,0.0,0.0,0.0
2024-01-11,Thursday,477.8,sell,13.178377780282052,9.178377780282052,0.5038770442801739
2024-01-12,Friday,475.22,buy,2.827374524387508,-1.172625475612492,-0.06437510776344385
2024-01-16,Tuesday,474.8,no_fill,0.0,0.0,0.0
2024-01-17,Wednesday,472.86,buy,-32.17313046748186,-36.17313046748186,-1.9858422151104522
2024-01-18,Thursday,474.6005,no_fill,0.0,0.0,0.0
2024-01-19,Friday,476.49,buy,29.42452354229147,25.42452354229147,1.3957623102246992
2024-01-22,Monday,484.35,no_fill,0.0,0.0,0.0
2024-01-24,Wednesday,487.87,no_fill,0.0,0.0,0.0
2024-01-25,Thursday,485.94,buy,5.244175504975764,1.2441755049757637,0.06830308045935712
2024-01-26,Friday,487.6,no_fill,0.0,0.0,0.0
2024-01-29,Monday,487.4881,no_fill,0.0,0.0,0.0
2024-01-30,Tuesday,490.34,no_fill,0.0,0.0,0.0
2024-01-31,Wednesday,489.11,no_fill,0.0,0.0,0.0
2024-02-01,Thursday,484.86,no_fill,0.0,0.0,0.0
2024-02-02,Friday,492.22,sell,6.5701540705090595,2.5701540705090595,0.14109700727016336
2024-02-05,Monday,493.17,no_fill,0.0,0.0,0.0
2024-02-07,Wednesday,495.44,no_fill,0.0,0.0,0.0
2024-02-08,Thursday,497.4,no_fill,0.0,0.0,0.0
2024-02-09,Friday,499.32,buy,-0.39126990834283576,-4.391269908342836,-0.24107311281147364
2024-02-13,Tuesday,499.28,sell,58.29466377543834,54.29466377543834,2.9806830093795713
2024-02-14,Wednesday,496.36,no_fill,0.0,0.0,0.0
2024-02-15,Thursday,499.61,buy,-8.207704787308812,-12.207704787308812,-0.6701818505323134
2024-02-16,Friday,502.62,sell,15.60725781599417,11.60725781599417,0.6372183517097899
2024-02-20,Tuesday,497.82,no_fill,0.0,0.0,0.0
2024-02-21,Wednesday,495.06,no_fill,0.0,0.0,0.0
2024-02-22,Thursday,503.81,no_fill,0.0,0.0,0.0
2024-02-27,Tuesday,506.21,no_fill,0.0,0.0,0.0
2024-02-28,Wednesday,505.31,no_fill,0.0,0.0,0.0
2024-02-29,Thursday,504.7,buy,45.18849150159169,41.18849150159169,2.2611768498750235
2024-03-01,Friday,508.88,no_fill,0.0,0.0,0.0
2024-03-05,Tuesday,510.45,no_fill,0.0,0.0,0.0
2024-03-06,Wednesday,509.75,no_fill,0.0,0.0,0.0
2024-03-07,Thursday,511.85,no_fill,0.0,0.0,0.0
2024-03-08,Friday,514.5,double_stop,-36.431021752118326,-42.431021752118326,-2.3293896087145085
2024-03-12,Tuesday,512.74,sell,-50.78562438387981,-54.78562438387981,-3.0076358964977
2024-03-13,Wednesday,516.54,no_fill,0.0,0.0,0.0
2024-03-14,Thursday,517.92,sell,-16.09163074013027,-20.09163074013027,-1.1029957313213163
2024-03-15,Friday,513.73,no_fill,0.0,0.0,0.0
2024-03-19,Tuesday,510.34,no_fill,0.0,0.0,0.0
2024-03-21,Thursday,523.31,no_fill,0.0,0.0,0.0
2024-03-22,Friday,521.44,no_fill,0.0,0.0,0.0
2024-03-26,Tuesday,521.8868,no_fill,0.0,0.0,0.0
2024-03-27,Wednesday,520.68,no_fill,0.0,0.0,0.0
2024-03-28,Thursday,523.0,no_fill,0.0,0.0,0.0
2024-04-01,Monday,524.08,no_fill,0.0,0.0,0.0
2024-04-02,Tuesday,520.29,sell,1.0045394804725212,-2.995460519527479,-0.1644455947411524
2024-04-03,Wednesday,517.84,no_fill,0.0,0.0,0.0
2024-04-04,Thursday,521.4,no_fill,0.0,0.0,0.0
2024-04-05,Friday,515.21,sell,-24.814761666998173,-28.814761666998173,-1.5818805117823906
2024-04-10,Wednesday,520.9,sell,153.4105209918612,149.4105209918612,8.202378841223334
2024-04-11,Thursday,512.09,buy,24.745687350814443,20.745687350814443,1.138902306499716
2024-04-12,Friday,516.44,sell,17.413022932320658,13.413022932320658,0.7363517292259716
2024-04-15,Monday,513.797,buy,-5.311581892432663,-9.311581892432663,-0.5111897193435828
2024-04-16,Tuesday,504.83,buy,7.733818601191566,3.733818601191566,0.20498017467624052
2024-04-17,Wednesday,504.94,no_fill,0.0,0.0,0.0
2024-04-18,Thursday,501.39,no_fill,0.0,0.0,0.0
2024-04-19,Friday,499.8,no_fill,0.0,0.0,0.0
2024-04-22,Monday,497.42,no_fill,0.0,0.0,0.0
2024-04-23,Tuesday,500.66,no_fill,0.0,0.0,0.0
2024-04-24,Wednesday,506.94,no_fill,0.0,0.0,0.0
2024-04-25,Thursday,502.35,sell,21.99549738511391,17.99549738511391,0.9879216403842718
2024-04-26,Friday,507.02,buy,2.099269605973963,-1.900730394026037,-0.10434680679333495
2024-04-29,Monday,509.68,no_fill,0.0,0.0,0.0
2024-04-30,Tuesday,509.72,sell,14.547574739572354,10.547574739572354,0.5790435860591284
2024-05-01,Wednesday,500.33,buy,-4.824349042868475,-8.824349042868475,-0.4844414797317823
2024-05-02,Thursday,503.74,buy,0.24639407490797954,-3.7536059250920206,-0.20606646448908683
2024-05-03,Friday,506.67,buy,55.9945272157957,51.9945272157957,2.8544094958178006
2024-05-06,Monday,513.57,no_fill,0.0,0.0,0.0
2024-05-07,Tuesday,516.66,no_fill,0.0,0.0,0.0
2024-05-08,Wednesday,515.42,no_fill,0.0,0.0,0.0
2024-05-09,Thursday,516.74,buy,-4.669046503257777,-8.669046503257777,-0.4759156392726594
2024-05-10,Friday,522.03,no_fill,0.0,0.0,0.0
2024-05-13,Monday,521.97,no_fill,0.0,0.0,0.0
2024-05-14,Tuesday,521.33,sell,-7.481426898540067,-11.481426898540068,-0.6303104522657241
2024-05-15,Wednesday,523.66,buy,22.26877281946838,18.26877281946838,1.002923988449823
2024-05-16,Thursday,530.5,no_fill,0.0,0.0,0.0
2024-05-17,Friday,529.09,no_fill,0.0,0.0,0.0
2024-05-20,Monday,530.24,no_fill,0.0,0.0,0.0
2024-05-21,Tuesday,529.86,no_fill,0.0,0.0,0.0
2024-05-23,Thursday,533.89,no_fill,0.0,0.0,0.0
2024-05-24,Friday,527.1,no_fill,0.0,0.0,0.0
2024-05-28,Tuesday,530.4,no_fill,0.0,0.0,0.0
2024-05-29,Wednesday,526.6296,no_fill,0.0,0.0,0.0
2024-05-30,Thursday,524.02,no_fill,0.0,0.0,0.0
2024-05-31,Friday,522.88,buy,18.504195366290368,14.504195366290368,0.7962552060701951
2024-06-03,Monday,528.69,no_fill,0.0,0.0,0.0
2024-06-07,Friday,535.14,double_stop,-36.431021752118326,-42.431021752118326,-2.3293896087145085
2024-06-12,Wednesday,538.0,buy,35.316087636953505,31.316087636953505,1.7191989755342283
2024-06-13,Thursday,542.82,buy,-18.3997340071171,-22.3997340071171,-1.2297066033188948
2024-06-17,Monday,542.56,no_fill,0.0,0.0,0.0
2024-06-18,Tuesday,547.29,no_fill,0.0,0.0,0.0
2024-06-20,Thursday,550.3,no_fill,0.0,0.0,0.0
2024-06-21,Friday,544.34,no_fill,0.0,0.0,0.0
2024-06-26,Wednesday,544.3804,no_fill,0.0,0.0,0.0
2024-06-27,Thursday,545.1,no_fill,0.0,0.0,0.0
2024-06-28,Friday,548.55,no_fill,0.0,0.0,0.0
2024-07-02,Tuesday,543.26,no_fill,0.0,0.0,0.0
2024-07-03,Wednesday,548.58,no_fill,0.0,0.0,0.0
2024-07-05,Friday,551.89,buy,-15.31638242654881,-19.31638242654881,-1.0604359415434532
2024-07-08,Monday,555.04,no_fill,0.0,0.0,0.0
2024-07-10,Wednesday,557.28,no_fill,0.0,0.0,0.0
2024-07-11,Thursday,561.02,buy,10.303971495337327,6.303971495337327,0.34607711736609614
2024-07-12,Friday,557.0,sell,-19.113176944280585,-23.113176944280585,-1.2688733849709632
2024-07-16,Tuesday,562.14,no_fill,0.0,0.0,0.0
2024-07-17,Wednesday,559.79,no_fill,0.0,0.0,0.0
2024-07-18,Thursday,558.3,no_fill,0.0,0.0,0.0
2024-07-19,Friday,553.03,no_fill,0.0,0.0,0.0
2024-07-22,Monday,552.73,no_fill,0.0,0.0,0.0
2024-07-23,Tuesday,554.45,no_fill,0.0,0.0,0.0
2024-07-24,Wednesday,548.88,no_fill,0.0,0.0,0.0
2024-07-25,Thursday,540.03,buy,4.561001539919469,0.5610015399194692,0.03079801295371844
2024-07-26,Friday,543.0,no_fill,0.0,0.0,0.0
2024-07-29,Monday,547.07,no_fill,0.0,0.0,0.0
2024-07-30,Tuesday,545.74,no_fill,0.0,0.0,0.0
2024-08-01,Thursday,553.53,no_fill,0.0,0.0,0.0
2024-08-02,Friday,537.61,double_stop,-36.431021752118326,-42.431021752118326,-2.3293896087145085
2024-08-05,Monday,509.58,sell,-53.34247818246873,-57.34247818246873,-3.148002741873935
2024-08-06,Tuesday,520.78,sell,6.363005964063467,2.3630059640634666,0.1297249349821525
2024-08-07,Wednesday,527.6,buy,-2.483896016317484,-6.483896016317484,-0.35595466196006265
2024-08-08,Thursday,519.0,buy,56.350963112380946,52.350963112380946,2.873977209235804
2024-08-09,Friday,529.42,sell,-13.304476158821764,-17.304476158821764,-0.9499857718273067
2024-08-13,Tuesday,535.43,buy,-6.075735368519869,-10.075735368519869,-0.5531404217579488
2024-08-14,Wednesday,542.58,sell,-23.560344817598224,-27.560344817598224,-1.5130151992509349
2024-08-15,Thursday,545.12,buy,39.56809640307231,35.56809640307231,1.952626892821317
2024-08-16,Friday,551.58,sell,-1.3548560299794334,-5.354856029979434,-0.29397232207290863
2024-08-20,Tuesday,559.9,no_fill,0.0,0.0,0.0
2024-08-22,Thursday,561.9,no_fill,0.0,0.0,0.0
2024-08-27,Tuesday,560.2,no_fill,0.0,0.0,0.0
2024-08-29,Thursday,559.92,no_fill,0.0,0.0,0.0
2024-08-30,Friday,561.35,no_fill,0.0,0.0,0.0
2024-09-03,Tuesday,561.04,no_fill,0.0,0.0,0.0
2024-09-04,Wednesday,549.97,no_fill,0.0,0.0,0.0
2024-09-05,Thursday,549.87,buy,-11.850370024583277,-15.850370024583277,-0.8701578633962764
2024-09-06,Friday,546.16,buy,19.31927746435484,15.31927746435484,0.8410018016288046
2024-09-11,Wednesday,548.54,sell,16.968796558219413,12.968796558219413,0.7119644706349927
2024-09-12,Thursday,556.1237,sell,-12.215047310129808,-16.21504731012981,-0.8901780147951499
2024-09-17,Tuesday,564.93,no_fill,0.0,0.0,0.0
2024-09-18,Wednesday,563.51,no_fill,0.0,0.0,0.0
2024-09-19,Thursday,570.39,no_fill,0.0,0.0,0.0
2024-09-20,Friday,568.63,no_fill,0.0,0.0,0.0
2024-09-26,Thursday,574.6,no_fill,0.0,0.0,0.0
2024-09-27,Friday,573.03,no_fill,0.0,0.0,0.0
2024-10-01,Tuesday,573.46,no_fill,0.0,0.0,0.0
2024-10-02,Wednesday,567.0,buy,2.066676072794142,-1.933323927205858,-0.10613613531678905
2024-10-03,Thursday,568.29,no_fill,0.0,0.0,0.0
2024-10-04,Friday,570.0,buy,15.644138246746783,11.644138246746783,0.6392430234855941
2024-10-10,Thursday,576.55,sell,2.771393989085278,-1.228606010914722,-0.06744834219991556
2024-10-11,Friday,576.29,no_fill,0.0,0.0,0.0
2024-10-16,Wednesday,580.24,no_fill,0.0,0.0,0.0
2024-10-17,Thursday,584.9837,no_fill,0.0,0.0,0.0
2024-10-22,Tuesday,581.41,no_fill,0.0,0.0,0.0
2024-10-23,Wednesday,582.01,no_fill,0.0,0.0,0.0
2024-10-24,Thursday,580.79,no_fill,0.0,0.0,0.0
2024-10-25,Friday,581.16,no_fill,0.0,0.0,0.0
2024-10-28,Monday,581.32,no_fill,0.0,0.0,0.0
2024-10-31,Thursday,576.8,no_fill,0.0,0.0,0.0
2024-11-01,Friday,571.43,sell,-30.640479813637377,-34.64047981363738,-1.901702348582807
2024-11-06,Wednesday,589.8,no_fill,0.0,0.0,0.0
2024-11-07,Thursday,592.65,no_fill,0.0,0.0,0.0
2024-11-11,Monday,600.41,no_fill,0.0,0.0,0.0
2024-11-13,Wednesday,596.1,buy,22.21394726854779,18.21394726854779,0.9999141606556077
2024-11-14,Thursday,598.0999,sell,-9.18859079130285,-13.18859079130285,-0.7240307933738358
2024-11-15,Friday,590.78,no_fill,0.0,0.0,0.0
2024-11-18,Monday,585.21,buy,0.7520392341590019,-3.247960765840998,-0.1783074209634069
2024-11-19,Tuesday,586.08,sell,6.183888523340115,2.183888523340115,0.11989169769651767
2024-11-20,Wednesday,591.6,no_fill,0.0,0.0,0.0
2024-11-21,Thursday,592.73,buy,-5.899616624037721,-9.899616624037721,-0.5434718077025713
2024-11-22,Friday,593.619,no_fill,0.0,0.0,0.0
2024-11-25,Monday,598.63,no_fill,0.0,0.0,0.0
2024-11-27,Wednesday,600.59,no_fill,0.0,0.0,0.0
2024-12-02,Monday,602.65,no_fill,0.0,0.0,0.0
2024-12-04,Wednesday,605.7,no_fill,0.0,0.0,0.0
2024-12-06,Friday,606.43,buy,-0.07656656261774811,-4.0765665626177485,-0.22379644415988478
2024-12-11,Wednesday,603.73,buy,5.636210920108096,1.6362109201080957,0.08982514579146857
2024-12-12,Thursday,606.59,no_fill,0.0,0.0,0.0
2024-12-13,Friday,607.01,no_fill,0.0,0.0,0.0
2024-12-17,Tuesday,604.35,no_fill,0.0,0.0,0.0
2024-12-19,Thursday,591.04,no_fill,0.0,0.0,0.0
2024-12-20,Friday,579.84,buy,12.999996850209122,8.999996850209122,0.4940842401536985
2024-12-23,Monday,591.52,sell,11.369287609198718,7.369287609198718,0.40456112701644015
2024-12-27,Friday,599.24,no_fill,0.0,0.0,0.0
2024-12-30,Monday,589.1,sell,-0.9009632610545705,-4.900963261054571,-0.2690543951471577
2025-01-03,Friday,586.69,no_fill,0.0,0.0,0.0
2025-01-06,Monday,596.58,no_fill,0.0,0.0,0.0
2025-01-08,Wednesday,588.68,no_fill,0.0,0.0,0.0
2025-01-10,Friday,588.3,sell,47.05730911373948,43.05730911373948,2.363771700212381
2025-01-13,Monday,576.71,no_fill,0.0,0.0,0.0
2025-01-14,Tuesday,581.76,buy,20.460231698199483,16.460231698199483,0.9036382130700127
2025-01-15,Wednesday,584.22,buy,97.8366612508796,93.8366612508796,5.151470188750517
2025-01-16,Thursday,593.22,no_fill,0.0,0.0,0.0
2025-01-17,Friday,595.41,no_fill,0.0,0.0,0.0
2025-01-21,Tuesday,599.82,no_fill,0.0,0.0,0.0
2025-01-22,Wednesday,606.05,no_fill,0.0,0.0,0.0
2025-01-24,Friday,608.99,no_fill,0.0,0.0,0.0
2025-01-27,Monday,596.21,no_fill,0.0,0.0,0.0
2025-01-28,Tuesday,601.2486,sell,0.056465141847457455,-3.9435348581525425,-0.21649323397981507
2025-01-29,Wednesday,603.2,no_fill,0.0,0.0,0.0
2025-01-30,Thursday,603.43,no_fill,0.0,0.0,0.0
2025-01-31,Friday,607.91,no_fill,0.0,0.0,0.0
2025-02-03,Monday,592.87,no_fill,0.0,0.0,0.0
2025-02-04,Tuesday,598.25,no_fill,0.0,0.0,0.0
2025-02-05,Wednesday,599.67,no_fill,0.0,0.0,0.0
2025-02-07,Friday,605.9,double_stop,-36.431021752118326,-42.431021752118326,-2.3293896087145085
2025-02-10,Monday,604.21,no_fill,0.0,0.0,0.0
2025-02-12,Wednesday,605.21,sell,80.92363090943729,76.92363090943729,4.222974114359802
2025-02-13,Thursday,603.21,buy,2.3411775077555794,-1.6588224922444206,-0.09106648194120257
2025-02-14,Friday,609.32,no_fill,0.0,0.0,0.0
2025-02-19,Wednesday,610.27,no_fill,0.0,0.0,0.0
2025-02-24,Monday,603.09,no_fill,0.0,0.0,0.0
2025-02-26,Wednesday,597.44,no_fill,0.0,0.0,0.0
2025-02-27,Thursday,597.4001,no_fill,0.0,0.0,0.0
2025-02-28,Friday,586.0,buy,-3.8810398862966062,-7.881039886296606,-0.43265544073511214
2025-03-03,Monday,596.6,no_fill,0.0,0.0,0.0
2025-03-04,Tuesday,579.26,buy,-0.08893559034979232,-4.088935590349792,-0.22447548236069093
2025-03-05,Wednesday,576.66,buy,-19.255985332410187,-23.255985332410187,-1.2767133181521564
2025-03-06,Thursday,575.7,buy,-6.403803389521446,-10.403803389521446,-0.5711507879361909
2025-03-07,Friday,573.2,double_stop,-36.431021752118326,-42.431021752118326,-2.3293896087145085
2025-03-10,Monday,567.83,no_fill,0.0,0.0,0.0
2025-03-11,Tuesday,561.8,sell,-3.619569259828059,-7.619569259828059,-0.4183011561779768
2025-03-12,Wednesday,561.0,buy,-9.659361143437849,-13.659361143437849,-0.7498752703878588
2025-03-13,Thursday,557.04,buy,-1.5434585997393024,-5.543458599739303,-0.3043262765155343
2025-03-14,Friday,557.59,no_fill,0.0,0.0,0.0
2025-03-17,Monday,561.0,buy,27.23903457848615,23.23903457848615,1.275782751118414
2025-03-18,Tuesday,565.78,no_fill,0.0,0.0,0.0
2025-03-19,Wednesday,561.78,no_fill,0.0,0.0,0.0
2025-03-20,Thursday,564.6168,no_fill,0.0,0.0,0.0
2025-03-21,Friday,562.15,sell,25.545051251486115,21.545051251486115,1.1827860002435069
2025-03-24,Monday,571.1,no_fill,0.0,0.0,0.0
2025-03-25,Tuesday,575.64,no_fill,0.0,0.0,0.0
2025-03-26,Wednesday,575.29,no_fill,0.0,0.0,0.0
2025-03-27,Thursday,567.96,no_fill,0.0,0.0,0.0
2025-03-28,Friday,566.12,sell,2.4514855204640473,-1.5485144795359527,-0.08501076308384968
2025-03-31,Monday,550.06,no_fill,0.0,0.0,0.0
2025-04-01,Tuesday,556.31,buy,-17.13697552706122,-21.13697552706122,-1.1603833497111393
2025-04-02,Wednesday,555.02,no_fill,0.0,0.0,0.0
2025-04-03,Thursday,545.86,sell,2.485767840093961,-1.5142321599060389,-0.08312872310906251
2025-04-04,Friday,523.11,buy,4.34188622971268,0.3418862297126797,0.018768961904989685
2025-04-07,Monday,495.9,buy,-76.0900823622457,-80.0900823622457,-4.396806815202144
2025-04-08,Tuesday,518.01,sell,11.32059846545915,7.320598465459151,0.4018881773489367
2025-04-09,Wednesday,487.07,buy,23.87289530785824,19.87289530785824,1.0909875349133027
2025-04-10,Thursday,533.0,buy,-27.221139393882442,-31.221139393882442,-1.713986481428677
2025-04-11,Friday,527.25,buy,-12.872694375346974,-16.872694375346974,-0.9262816997091711
2025-04-14,Monday,541.6,buy,-5.10620511535077,-9.10620511535077,-0.4999148899699075
2025-04-15,Tuesday,536.67,buy,7.6849493695307025,3.6849493695307025,0.20229733849374876
2025-04-16,Wednesday,533.6065,no_fill,0.0,0.0,0.0
2025-04-17,Thursday,528.55,buy,-12.539605096093592,-16.53960509609359,-0.9079956751491263
2025-04-21,Monday,521.0,no_fill,0.0,0.0,0.0
2025-04-22,Tuesday,518.49,no_fill,0.0,0.0,0.0
2025-04-23,Wednesday,539.36,buy,0.8811963324840129,-3.118803667515987,-0.17121691995007746
2025-04-24,Thursday,534.8,buy,11.702215376747414,7.702215376747414,0.4228382848636168
2025-04-25,Friday,545.46,no_fill,0.0,0.0,0.0
2025-04-29,Tuesday,550.35,buy,0.49985207479008276,-3.5001479252099172,-0.1921520592546322
2025-04-30,Wednesday,550.74,buy,-81.94794360293444,-85.94794360293444,-4.718393252197869
2025-05-01,Thursday,560.6,no_fill,0.0,0.0,0.0
2025-05-02,Friday,560.95,buy,23.855974996121724,19.855974996121724,1.0900586391029328
2025-05-05,Monday,562.539,no_fill,0.0,0.0,0.0
2025-05-06,Tuesday,558.7991,no_fill,0.0,0.0,0.0
2025-05-07,Wednesday,560.7,no_fill,0.0,0.0,0.0
2025-05-08,Thursday,566.3207,sell,2.4565217725785353,-1.5434782274214647,-0.08473428156495322
2025-05-09,Friday,566.0,buy,-2.3144508053866617,-6.314450805386661,-0.34665241333888747
2025-05-12,Monday,582.54,sell,1.3539607482056282,-2.646039251794372,-0.1452629722986298
2025-05-13,Tuesday,582.92,buy,-16.843109860480318,-20.843109860480318,-1.1442506335561873
2025-05-14,Wednesday,588.5099,no_fill,0.0,0.0,0.0
2025-05-15,Thursday,584.72,buy,7.095749214240835,3.0957492142408354,0.16995127039283928
2025-05-16,Friday,592.5094,sell,-4.04864702545868,-8.048647025458681,-0.4418567823995045
2025-05-19,Monday,587.87,no_fill,0.0,0.0,0.0
2025-05-20,Tuesday,593.86,no_fill,0.0,0.0,0.0
2025-05-21,Wednesday,589.79,no_fill,0.0,0.0,0.0
2025-05-22,Thursday,580.09,buy,9.537079239267998,5.537079239267998,0.3039760606739523
2025-05-23,Friday,575.59,no_fill,0.0,0.0,0.0
2025-05-27,Tuesday,587.08,no_fill,0.0,0.0,0.0
2025-05-28,Wednesday,591.6,no_fill,0.0,0.0,0.0
2025-05-29,Thursday,592.42,no_fill,0.0,0.0,0.0
2025-05-30,Friday,586.95,buy,4.444000155544033,0.4440001555440327,0.024374839583971634
2025-06-02,Monday,587.21,buy,-4.591764686451196,-8.591764686451196,-0.47167300137288176
2025-06-03,Tuesday,592.32,no_fill,0.0,0.0,0.0
2025-06-04,Wednesday,595.87,no_fill,0.0,0.0,0.0
2025-06-05,Thursday,596.4,sell,-17.209474658756548,-21.209474658756548,-1.1643634264813503
2025-06-06,Friday,595.7,buy,19.21943960236787,15.21943960236787,0.8355208759130077
2025-06-09,Monday,600.09,no_fill,0.0,0.0,0.0
2025-06-11,Wednesday,602.73,buy,18.285078110717077,14.285078110717077,0.7842260482242145
2025-06-12,Thursday,598.3,buy,8.190974164891848,4.190974164891848,0.23007722338438993
2025-06-13,Friday,598.6386,no_fill,0.0,0.0,0.0
2025-06-16,Monday,601.18,no_fill,0.0,0.0,0.0
2025-06-17,Tuesday,600.46,no_fill,0.0,0.0,0.0
2025-06-18,Wednesday,598.55,no_fill,0.0,0.0,0.0
2025-06-20,Friday,596.72,no_fill,0.0,0.0,0.0
2025-06-23,Monday,594.12,no_fill,0.0,0.0,0.0
2025-06-24,Tuesday,604.46,no_fill,0.0,0.0,0.0
2025-06-25,Wednesday,607.99,no_fill,0.0,0.0,0.0
2025-06-26,Thursday,609.23,no_fill,0.0,0.0,0.0
2025-06-27,Friday,614.1,no_fill,0.0,0.0,0.0
2025-06-30,Monday,617.32,no_fill,0.0,0.0,0.0
2025-07-01,Tuesday,615.87,no_fill,0.0,0.0,0.0
2025-07-02,Wednesday,617.46,no_fill,0.0,0.0,0.0
2025-07-03,Thursday,621.33,buy,-7.593136292504672,-11.593136292504672,-0.6364431045270135
2025-07-07,Monday,624.22,no_fill,0.0,0.0,0.0
2025-07-08,Tuesday,621.45,no_fill,0.0,0.0,0.0
2025-07-10,Thursday,623.84,no_fill,0.0,0.0,0.0
2025-07-11,Friday,622.31,no_fill,0.0,0.0,0.0
2025-07-14,Monday,622.31,no_fill,0.0,0.0,0.0
2025-07-15,Tuesday,626.4712,buy,-11.370822724391694,-15.370822724391694,-0.8438315471345756
2025-07-16,Wednesday,622.48,buy,-1.0262035890787475,-5.026203589078747,-0.27592987225435106
2025-07-17,Thursday,624.14,no_fill,0.0,0.0,0.0
2025-07-18,Friday,628.77,no_fill,0.0,0.0,0.0
2025-07-21,Monday,629.03,no_fill,0.0,0.0,0.0
2025-07-22,Tuesday,629.16,no_fill,0.0,0.0,0.0
2025-07-23,Wednesday,631.42,no_fill,0.0,0.0,0.0
2025-07-24,Thursday,634.53,no_fill,0.0,0.0,0.0
2025-07-25,Friday,635.35,no_fill,0.0,0.0,0.0
2025-07-28,Monday,638.3,no_fill,0.0,0.0,0.0
2025-07-30,Wednesday,635.7203,no_fill,0.0,0.0,0.0
2025-07-31,Thursday,640.19,no_fill,0.0,0.0,0.0
2025-08-01,Friday,626.95,sell,-30.33768967819702,-34.33768967819702,-1.8850796945435886
2025-08-04,Monday,625.67,no_fill,0.0,0.0,0.0
2025-08-05,Tuesday,632.17,no_fill,0.0,0.0,0.0
2025-08-07,Thursday,636.3,no_fill,0.0,0.0,0.0
2025-08-08,Friday,633.8,no_fill,0.0,0.0,0.0
2025-08-12,Tuesday,636.43,buy,26.72265985756565,22.72265985756565,1.2474346732394028
2025-08-13,Wednesday,644.23,no_fill,0.0,0.0,0.0
2025-08-14,Thursday,644.88,sell,17.760174522775475,13.760174522775475,0.7554097503167269
2025-08-15,Friday,645.97,no_fill,0.0,0.0,0.0
2025-08-18,Monday,642.94,no_fill,0.0,0.0,0.0
2025-08-19,Tuesday,643.23,no_fill,0.0,0.0,0.0
2025-08-20,Wednesday,639.11,no_fill,0.0,0.0,0.0
2025-08-21,Thursday,635.93,no_fill,0.0,0.0,0.0
2025-08-22,Friday,637.5,no_fill,0.0,0.0,0.0
2025-08-25,Monday,643.33,no_fill,0.0,0.0,0.0
2025-08-26,Tuesday,641.94,no_fill,0.0,0.0,0.0
2025-08-27,Wednesday,645.58,no_fill,0.0,0.0,0.0
2025-08-28,Thursday,646.54,no_fill,0.0,0.0,0.0
2025-08-29,Friday,647.0,no_fill,0.0,0.0,0.0
2025-09-02,Tuesday,638.66,no_fill,0.0,0.0,0.0
2025-09-03,Wednesday,643.02,no_fill,0.0,0.0,0.0
2025-09-04,Thursday,644.38,no_fill,0.0,0.0,0.0
2025-09-05,Friday,649.65,sell,-35.45556321193272,-39.45556321193272,-2.1660420879981785
2025-09-10,Wednesday,652.47,buy,3.7012056013271217,-0.29879439867287827,-0.016403295010824367
2025-09-11,Thursday,653.84,sell,-9.956609615810645,-13.956609615810645,-0.766193696722169
2025-09-12,Friday,657.51,no_fill,0.0,0.0,0.0
2025-09-15,Monday,659.19,no_fill,0.0,0.0,0.0
2025-09-16,Tuesday,661.63,no_fill,0.0,0.0,0.0
2025-09-17,Wednesday,659.69,no_fill,0.0,0.0,0.0
2025-09-18,Thursday,664.2,no_fill,0.0,0.0,0.0
2025-09-19,Friday,662.07,no_fill,0.0,0.0,0.0
2025-09-23,Tuesday,666.71,no_fill,0.0,0.0,0.0
2025-09-25,Thursday,658.73,no_fill,0.0,0.0,0.0
2025-09-26,Friday,659.19,buy,4.084584695778523,0.08458469577852323,0.0046435533076205834
2025-09-29,Monday,665.03,no_fill,0.0,0.0,0.0
2025-09-30,Tuesday,662.68,no_fill,0.0,0.0,0.0
2025-10-01,Wednesday,663.47,no_fill,0.0,0.0,0.0
2025-10-02,Thursday,670.41,no_fill,0.0,0.0,0.0
2025-10-03,Friday,670.2,no_fill,0.0,0.0,0.0
2025-10-06,Monday,671.72,no_fill,0.0,0.0,0.0
2025-10-07,Tuesday,672.0,no_fill,0.0,0.0,0.0
2025-10-08,Wednesday,669.96,no_fill,0.0,0.0,0.0
2025-10-09,Thursday,673.32,no_fill,0.0,0.0,0.0
2025-10-10,Friday,672.13,no_fill,0.0,0.0,0.0
2025-10-13,Monday,660.4693,no_fill,0.0,0.0,0.0
2025-10-14,Tuesday,657.43,sell,7.490647954537215,3.4906479545372147,0.1916305273175187
2025-10-15,Wednesday,667.05,no_fill,0.0,0.0,0.0
2025-10-16,Thursday,667.32,no_fill,0.0,0.0,0.0
2025-10-17,Friday,660.61,no_fill,0.0,0.0,0.0
2025-10-20,Monday,666.34,no_fill,0.0,0.0,0.0
2025-10-21,Tuesday,671.72,no_fill,0.0,0.0,0.0
2025-10-22,Wednesday,671.73,no_fill,0.0,0.0,0.0
2025-10-23,Thursday,666.98,no_fill,0.0,0.0,0.0
2025-10-24,Friday,674.09,buy,7.597066079541453,3.5970660795414533,0.19747269807673168
2025-10-27,Monday,682.62,no_fill,0.0,0.0,0.0
2025-10-28,Tuesday,686.24,no_fill,0.0,0.0,0.0
2025-10-29,Wednesday,688.56,no_fill,0.0,0.0,0.0
2025-10-30,Thursday,684.7,no_fill,0.0,0.0,0.0
2025-10-31,Friday,686.3882,sell,-1.4873678223192293,-5.4873678223192295,-0.3012469899777192
2025-11-03,Monday,683.77,no_fill,0.0,0.0,0.0
2025-11-04,Tuesday,675.79,no_fill,0.0,0.0,0.0
2025-11-05,Wednesday,675.3219,no_fill,0.0,0.0,0.0
2025-11-06,Thursday,679.35,no_fill,0.0,0.0,0.0
2025-11-07,Friday,667.35,no_fill,0.0,0.0,0.0
2025-11-10,Monday,677.44,sell,-17.18220903382978,-21.18220903382978,-1.162866590893686
2025-11-11,Tuesday,679.48,no_fill,0.0,0.0,0.0
2025-11-12,Wednesday,685.17,sell,-18.069561695564463,-22.069561695564463,-1.2115807152337803
2025-11-13,Thursday,681.9999,buy,-32.58354817342492,-36.58354817342492,-2.008373436372134
2025-11-14,Friday,664.94,no_fill,0.0,0.0,0.0
2025-11-17,Monday,671.4,sell,-0.04452487665574264,-4.044524876655743,-0.22203741109295508
2025-11-18,Tuesday,662.18,no_fill,0.0,0.0,0.0
2025-11-19,Wednesday,662.34,no_fill,0.0,0.0,0.0
2025-11-20,Thursday,670.7,buy,4.7455745570705075,0.7455745570705075,0.040930751936824564
2025-11-21,Friday,654.96,buy,3.465202449946144,-0.534797550053856,-0.029359459292286224
2025-11-24,Monday,663.35,no_fill,0.0,0.0,0.0
2025-11-25,Tuesday,669.58,no_fill,0.0,0.0,0.0
2025-11-26,Wednesday,677.2675,no_fill,0.0,0.0,0.0
2025-11-28,Friday,681.67,no_fill,0.0,0.0,0.0
2025-12-01,Monday,678.85,no_fill,0.0,0.0,0.0
2025-12-02,Tuesday,682.01,no_fill,0.0,0.0,0.0
2025-12-03,Wednesday,683.48,no_fill,0.0,0.0,0.0
2025-12-04,Thursday,684.48,no_fill,0.0,0.0,0.0
2025-12-05,Friday,685.62,sell,1.0371363629365402,-2.96286363706346,-0.16265608234779638
2025-12-08,Monday,686.94,no_fill,0.0,0.0,0.0
2025-12-09,Tuesday,683.81,no_fill,0.0,0.0,0.0
2025-12-10,Wednesday,683.52,no_fill,0.0,0.0,0.0
2025-12-11,Thursday,685.3257,no_fill,0.0,0.0,0.0
2025-12-12,Friday,688.79,no_fill,0.0,0.0,0.0
2025-12-15,Monday,685.02,no_fill,0.0,0.0,0.0
2025-12-16,Tuesday,680.18,buy,-21.89100853844203,-25.89100853844203,-1.4213715286169026
2025-12-17,Wednesday,680.62,no_fill,0.0,0.0,0.0
2025-12-18,Thursday,674.56,buy,19.438663696996922,15.438663696996922,0.847555899038117
2025-12-19,Friday,675.43,no_fill,0.0,0.0,0.0
2025-12-22,Monday,683.6,no_fill,0.0,0.0,0.0
2025-12-23,Tuesday,684.61,no_fill,0.0,0.0,0.0
2025-12-24,Wednesday,687.97,no_fill,0.0,0.0,0.0
2025-12-26,Friday,690.46,no_fill,0.0,0.0,0.0
2025-12-29,Monday,688.37,no_fill,0.0,0.0,0.0
2025-12-30,Tuesday,687.8,no_fill,0.0,0.0,0.0
2025-12-31,Wednesday,686.6,no_fill,0.0,0.0,0.0
2026-01-02,Friday,685.77,no_fill,0.0,0.0,0.0
2026-01-05,Monday,684.56,no_fill,0.0,0.0,0.0
2026-01-06,Tuesday,687.7324,no_fill,0.0,0.0,0.0
2026-01-07,Wednesday,691.95,no_fill,0.0,0.0,0.0
2026-01-08,Thursday,689.1682,no_fill,0.0,0.0,0.0
2026-01-09,Friday,691.1,buy,-3.167037427932507,-7.167037427932507,-0.3934579423381542
2026-01-12,Monday,690.63,no_fill,0.0,0.0,0.0
2026-01-13,Tuesday,694.42,buy,4.537290022533189,0.5372900225331891,0.029496291714736098
2026-01-14,Wednesday,691.57,no_fill,0.0,0.0,0.0
2026-01-15,Thursday,693.27,no_fill,0.0,0.0,0.0
2026-01-16,Friday,693.34,no_fill,0.0,0.0,0.0
2026-01-20,Tuesday,682.03,sell,-6.925684915324148,-10.925684915324148,-0.5998011798661046
2026-01-21,Wednesday,676.56,no_fill,0.0,0.0,0.0
2026-01-22,Thursday,689.28,no_fill,0.0,0.0,0.0
2026-01-23,Friday,687.45,no_fill,0.0,0.0,0.0
2026-01-26,Monday,689.1,no_fill,0.0,0.0,0.0
2026-01-27,Tuesday,694.39,no_fill,0.0,0.0,0.0
2026-01-28,Wednesday,696.85,no_fill,0.0,0.0,0.0
2026-01-29,Thursday,696.82,no_fill,0.0,0.0,0.0
2026-01-30,Friday,691.7,sell,-13.155513767486767,-17.155513767486767,-0.941807994528138
2026-02-02,Monday,688.62,no_fill,0.0,0.0,0.0
2026-02-03,Tuesday,697.2272,no_fill,0.0,0.0,0.0
2026-02-04,Wednesday,690.58,no_fill,0.0,0.0,0.0
2026-02-05,Thursday,682.09,buy,-16.16299581206333,-20.16299581206333,-1.1069135501746352
2026-02-06,Friday,681.64,no_fill,0.0,0.0,0.0
2026-02-09,Monday,690.59,no_fill,0.0,0.0,0.0
2026-02-10,Tuesday,693.84,no_fill,0.0,0.0,0.0
2026-02-11,Wednesday,693.03,buy,10.210386992721007,6.210386992721007,0.3409394902496742
2026-02-12,Thursday,693.89,buy,-2.8096108054431967,-6.809610805443197,-0.37383583978383716
2026-02-13,Friday,680.62,buy,-1.1722268115296683,-5.172226811529669,-0.2839462942720745
2026-02-17,Tuesday,679.15,no_fill,0.0,0.0,0.0
2026-02-18,Wednesday,685.49,no_fill,0.0,0.0,0.0
2026-02-19,Thursday,683.95,no_fill,0.0,0.0,0.0
2026-02-20,Friday,684.6,sell,10.998628767528755,6.998628767528755,0.38421259854573314
2026-02-23,Monday,686.57,no_fill,0.0,0.0,0.0
2026-02-24,Tuesday,682.8701,no_fill,0.0,0.0,0.0
2026-02-25,Wednesday,689.77,no_fill,0.0,0.0,0.0
2026-02-26,Thursday,693.86,no_fill,0.0,0.0,0.0
2026-02-27,Friday,684.1,sell,-5.936604283455923,-9.936604283455923,-0.5455023661464091
2026-03-02,Monday,679.84,no_fill,0.0,0.0,0.0
2026-03-03,Tuesday,675.99,sell,-1.0554937160423332,-5.055493716042333,-0.27753784949764004
2026-03-04,Wednesday,682.5181,no_fill,0.0,0.0,0.0
2026-03-05,Thursday,683.73,no_fill,0.0,0.0,0.0
2026-03-06,Friday,678.0,sell,26.032276734559915,22.032276734559915,1.209533835447743
2026-03-09,Monday,667.22,sell,14.157619425791712,10.157619425791712,0.557635714688737
2026-03-10,Tuesday,675.79,no_fill,0.0,0.0,0.0
2026-03-11,Wednesday,677.35,sell,9.244443357349697,5.244443357349697,0.2879108575671366
2026-03-12,Thursday,672.35,no_fill,0.0,0.0,0.0
2026-03-13,Friday,669.1199,no_fill,0.0,0.0,0.0
2026-03-16,Monday,668.25,no_fill,0.0,0.0,0.0
2026-03-17,Tuesday,670.2,no_fill,0.0,0.0,0.0
2026-03-18,Wednesday,671.08,sell,23.61854765645547,19.61854765645547,1.077024289351134
2026-03-19,Thursday,657.7124,no_fill,0.0,0.0,0.0
2026-03-20,Friday,656.6,no_fill,0.0,0.0,0.0
2026-03-23,Monday,658.86,sell,-49.785191840149686,-53.785191840149686,-2.952713882476946
2026-03-24,Tuesday,654.2878,sell,13.999670272053292,9.999670272053292,0.5489645796976226
2026-03-25,Wednesday,657.85,sell,-17.60746952924751,-21.60746952924751,-1.1862126555915835
2026-03-26,Thursday,651.59,sell,-5.630910130191101,-9.6309101301911,-0.5287202865580403
2026-03-27,Friday,642.84,no_fill,0.0,0.0,0.0
2026-03-30,Monday,639.37,no_fill,0.0,0.0,0.0
2026-03-31,Tuesday,639.222,no_fill,0.0,0.0,0.0
2026-04-01,Wednesday,654.8,sell,-29.516671535802846,-33.51667153580284,-1.8400072204318
2026-04-02,Thursday,645.4,no_fill,0.0,0.0,0.0
2026-04-06,Monday,656.31,no_fill,0.0,0.0,0.0
2026-04-07,Tuesday,656.54,no_fill,0.0,0.0,0.0
2026-04-08,Wednesday,676.58,no_fill,0.0,0.0,0.0
2026-04-09,Thursday,674.23,no_fill,0.0,0.0,0.0
2026-04-10,Friday,681.31,no_fill,0.0,0.0,0.0
2026-04-13,Monday,675.16,no_fill,0.0,0.0,0.0
2026-04-14,Tuesday,688.29,no_fill,0.0,0.0,0.0
2026-04-15,Wednesday,694.31,no_fill,0.0,0.0,0.0
2026-04-16,Thursday,700.97,no_fill,0.0,0.0,0.0
2026-04-17,Friday,705.41,no_fill,0.0,0.0,0.0
2026-04-20,Monday,707.0,no_fill,0.0,0.0,0.0
2026-04-21,Tuesday,711.4,no_fill,0.0,0.0,0.0
2026-04-22,Wednesday,708.99,no_fill,0.0,0.0,0.0
2026-04-23,Thursday,710.1492,no_fill,0.0,0.0,0.0
2026-04-24,Friday,711.85,no_fill,0.0,0.0,0.0
2026-04-27,Monday,713.41,no_fill,0.0,0.0,0.0
2026-04-28,Tuesday,709.85,no_fill,0.0,0.0,0.0
2026-04-29,Wednesday,711.7,no_fill,0.0,0.0,0.0
2026-04-30,Thursday,715.52,no_fill,0.0,0.0,0.0
2026-05-01,Friday,721.48,no_fill,0.0,0.0,0.0
2026-05-04,Monday,720.21,no_fill,0.0,0.0,0.0
2026-05-05,Tuesday,721.5602,no_fill,0.0,0.0,0.0
2026-05-06,Wednesday,729.44,no_fill,0.0,0.0,0.0
2026-05-07,Thursday,735.1,no_fill,0.0,0.0,0.0
2026-05-08,Friday,735.42,no_fill,0.0,0.0,0.0
2026-05-12,Tuesday,736.15,no_fill,0.0,0.0,0.0
2026-05-13,Wednesday,739.31,sell,2.749983977248928,-1.2500160227510722,-0.06862371477014029
2026-05-14,Thursday,745.25,no_fill,0.0,0.0,0.0
2026-05-15,Friday,739.7,no_fill,0.0,0.0,0.0
2026-05-18,Monday,738.1,buy,10.913333453977177,6.913333453977177,0.37953003355307724
2026-05-19,Tuesday,735.5616,no_fill,0.0,0.0,0.0
2026-05-20,Wednesday,737.36,no_fill,0.0,0.0,0.0
2026-05-21,Thursday,738.9,no_fill,0.0,0.0,0.0
2026-05-22,Friday,745.71,no_fill,0.0,0.0,0.0
2026-05-26,Tuesday,751.11,no_fill,0.0,0.0,0.0
2026-05-27,Wednesday,753.35,no_fill,0.0,0.0,0.0
2026-05-28,Thursday,749.09,no_fill,0.0,0.0,0.0
2026-05-29,Friday,756.0,no_fill,0.0,0.0,0.0
2026-06-01,Monday,758.06,no_fill,0.0,0.0,0.0
2026-06-02,Tuesday,757.34,no_fill,0.0,0.0,0.0
2026-06-03,Wednesday,758.47,no_fill,0.0,0.0,0.0
2026-06-04,Thursday,751.44,no_fill,0.0,0.0,0.0
2026-06-05,Friday,753.25,no_fill,0.0,0.0,0.0
2026-06-08,Monday,743.38,no_fill,0.0,0.0,0.0
2026-06-09,Tuesday,742.15,no_fill,0.0,0.0,0.0
2026-06-10,Wednesday,731.56,buy,13.087458121700477,9.087458121700477,0.49888571248606695
2026-06-11,Thursday,728.52,sell,-16.705600372572572,-20.705600372572572,-1.1367016008201098
2026-06-12,Friday,740.89,no_fill,0.0,0.0,0.0
2026-06-15,Monday,750.7704,no_fill,0.0,0.0,0.0
2026-06-16,Tuesday,754.44,no_fill,0.0,0.0,0.0
2026-06-17,Wednesday,750.78,no_fill,0.0,0.0,0.0
2026-06-18,Thursday,745.66,no_fill,0.0,0.0,0.0
2026-06-22,Monday,747.76,no_fill,0.0,0.0,0.0
2026-06-23,Tuesday,734.58,no_fill,0.0,0.0,0.0
2026-06-24,Wednesday,736.93,no_fill,0.0,0.0,0.0
2026-06-25,Thursday,737.69,buy,-2.084073551437868,-6.084073551437868,-0.33400510108306813
2026-06-26,Friday,730.38,no_fill,0.0,0.0,0.0
2026-06-29,Monday,737.42,no_fill,0.0,0.0,0.0
2026-06-30,Tuesday,740.9,no_fill,0.0,0.0,0.0
2026-07-01,Wednesday,745.3,no_fill,0.0,0.0,0.0
2026-07-02,Thursday,747.27,buy,3.0779974944111155,-0.9220025055888845,-0.050616340758286506
2026-07-06,Monday,748.02,no_fill,0.0,0.0,0.0
2026-07-07,Tuesday,750.54,no_fill,0.0,0.0,0.0
2026-07-08,Wednesday,743.64,no_fill,0.0,0.0,0.0
2026-07-09,Thursday,747.76,no_fill,0.0,0.0,0.0
2026-07-10,Friday,751.6,no_fill,0.0,0.0,0.0
2026-07-13,Monday,751.91,no_fill,0.0,0.0,0.0
2026-07-14,Tuesday,749.14,buy,17.959302910417453,13.959302910417453,0.7663415539316172
2026-07-15,Wednesday,752.62,buy,1.7148656751898592,-2.285134324810141,-0.12544991685155077
2026-07-16,Thursday,751.95,no_fill,0.0,0.0,0.0
2026-07-17,Friday,744.49,no_fill,0.0,0.0,0.0
2026-07-20,Monday,746.5182,no_fill,0.0,0.0,0.0
2026-07-21,Tuesday,744.8399,no_fill,0.0,0.0,0.0
2026-07-22,Wednesday,745.51,no_fill,0.0,0.0,0.0
2026-07-23,Thursday,742.06,sell,-3.6614316910889824,-7.661431691088982,-0.4205993311534557
2026-07-24,Friday,740.72,no_fill,0.0,0.0,0.0
2026-07-27,Monday,745.0,no_fill,0.0,0.0,0.0
2026-07-28,Tuesday,739.95,no_fill,0.0,0.0,0.0
2026-07-29,Wednesday,740.25,no_fill,0.0,0.0,0.0
2026-07-30,Thursday,734.695,no_fill,0.0,0.0,0.0
2026-07-31,Friday,744.02,no_fill,0.0,0.0,0.0
2026-08-03,Monday,750.71,no_fill,0.0,0.0,0.0
2026-08-04,Tuesday,760.33,no_fill,0.0,0.0,0.0
2026-08-05,Wednesday,775.19,no_fill,0.0,0.0,0.0
2026-08-06,Thursday,770.69,no_fill,0.0,0.0,0.0
2026-08-07,Friday,771.01,buy,0.46128968424623956,-3.5387103157537605,-0.19426906771002095
2026-08-10,Monday,773.15,sell,-12.91252956583574,-16.91252956583574,-0.9284685826771982
2026-08-11,Tuesday,774.18,no_fill,0.0,0.0,0.0
2026-08-12,Wednesday,773.5,sell,-22.998962718335235,-26.998962718335235,-1.4821962942483407
2026-08-13,Thursday,773.82,no_fill,0.0,0.0,0.0
2026-08-17,Monday,776.6104,no_fill,0.0,0.0,0.0
2026-08-18,Tuesday,769.31,no_fill,0.0,0.0,0.0
2026-08-19,Wednesday,767.73,buy,13.240860504504496,9.240860504504496,0.5073072376273485
2026-08-20,Thursday,764.84,buy,-15.862077478223746,-19.862077478223746,-1.0903936548015616
2026-08-21,Friday,766.46,no_fill,0.0,0.0,0.0
2026-08-25,Tuesday,767.19,no_fill,0.0,0.0,0.0
2026-08-26,Wednesday,766.32,sell,-0.4683556406488886,-4.4683556406488885,-0.2453049860117673
2026-08-27,Thursday,769.1092,no_fill,0.0,0.0,0.0
