date,weekday,up_exc,down_exc,range,endpoint,endpoint_floor_hit,ratio_raw,ratio_floored
2016-01-04,Monday,0.00054794520547952,0.0007970112079700951,0.001344956413449615,0.0005977584059776067,False,2.25,2.25
2016-01-05,Tuesday,0.0007960199004974955,0.0004477611940298677,0.0012437810945273632,0.0002985074626865785,False,4.166666666666508,4.166666666666508
2016-01-06,Wednesday,0.0004033477866289406,0.0012100433598871085,0.0016133911465160491,0.0008066955732580246,False,2.0,2.0
2016-01-07,Thursday,0.001079136690647523,0.0008735868448098022,0.0019527235354573251,0.0009249743062693053,False,2.111111111111006,2.111111111111006
2016-01-08,Friday,0.0067463968107942,0.00020443626699372404,0.006950833077787924,0.002146580803434611,False,3.2380952380950796,3.2380952380950796
2016-01-11,Monday,0.0005699777190527241,0.0006736100316078317,0.0012435877506605558,0.0001036323125549604,False,12.00000000000995,12.00000000000995
2016-01-12,Tuesday,0.00046437232340954237,0.0008771477219958511,0.0013415200454053935,0.00015479077446984747,False,8.666666666666982,8.666666666666982
2016-01-13,Wednesday,0.0016964836520665437,0.0,0.0016964836520665437,0.0006940160394817546,False,2.4444444444444913,2.4444444444444913
2016-01-14,Thursday,0.0020568535414798076,0.0006856178471600858,0.0027424713886398935,0.000474658509572148,False,5.777777777779497,5.777777777779497
2016-01-15,Friday,0.00010605016172655088,0.0045071318733760765,0.004613182035102628,0.0036057054987009216,False,1.2794117647058763,1.2794117647058763
2016-01-19,Tuesday,0.0011020151133501676,0.0006821998320738636,0.0017842149454240313,0.0009445843828715723,False,1.8888888888888362,1.8888888888888362
2016-01-20,Wednesday,0.0010278048252731673,0.0014605647517040474,0.002488369576977215,0.00016228497241156084,False,15.333333333333018,15.333333333333018
2016-01-21,Thursday,0.00815231965674449,0.0005363368195226298,0.00868865647626712,0.005095199785465364,False,1.705263157894711,1.705263157894711
2016-01-22,Friday,0.000950168918918955,0.0005278716216215916,0.0014780405405405467,0.00026393581081087084,False,5.59999999999875,5.59999999999875
2016-01-25,Monday,0.0014764039019246038,0.000896388083311447,0.0023727919852360507,0.0003691009754811135,False,6.428571428572298,6.428571428572298
2016-01-26,Tuesday,0.001488095238095244,0.0003188775510204202,0.0018069727891156643,0.0014349489795918912,False,1.259259259259224,1.259259259259224
2016-01-27,Wednesday,0.0010545742156603671,0.000896388083311447,0.001950962298971814,0.0006854732401792536,False,2.846153846153981,2.846153846153981
2016-01-28,Thursday,0.0002119991520033498,0.0032859868560525998,0.0034979860080559494,0.00211999152003395,False,1.649999999999968,1.649999999999968
2016-01-29,Friday,0.0026902990979586396,0.0010022682913963061,0.0036925673893549458,0.0012132721422166914,False,3.043478260869399,3.043478260869399
2016-02-01,Monday,0.0016134908655597892,0.00046843283193672726,0.0020819236974965166,0.0015093946806849115,False,1.3793103448276438,1.3793103448276438
2016-02-02,Tuesday,0.00869882279404113,0.00036462131472024783,0.009063444108761377,0.001145952703406599,False,7.909090909090991,7.909090909090991
2016-02-03,Wednesday,0.0026729559748427194,0.0003668763102726499,0.0030398322851153694,0.0026729559748427194,False,1.1372549019608291,1.1372549019608291
2016-02-04,Thursday,0.0008398950131233417,0.001784776902887157,0.0026246719160104987,0.0002099737532807981,False,12.500000000002487,12.500000000002487
2016-02-05,Friday,0.0005751633986928818,0.005751633986928075,0.0063267973856209565,0.0028758169934641115,False,2.199999999999969,2.199999999999969
2016-02-08,Monday,0.0017775383786694536,0.0002693239967681733,0.0020468623754376267,0.0010234311877188134,False,2.0,2.0
2016-02-09,Tuesday,5.430945527611419e-05,0.004073209145712269,0.004127518600988383,0.0018465214793895804,False,2.23529411764701,2.23529411764701
2016-02-10,Wednesday,0.0006402731832248669,0.004908761071390394,0.005549034254615261,0.0021342439440826875,False,2.600000000000128,2.600000000000128
2016-02-11,Thursday,0.0017558299039780146,0.0009876543209876916,0.0027434842249657062,0.0010973936899862202,False,2.500000000000142,2.500000000000142
2016-02-12,Friday,0.004550625711035285,0.0002166964624302077,0.004767322173465493,0.003304621052061245,False,1.4426229508196995,1.4426229508196995
2016-02-16,Tuesday,0.0011674184133722413,0.0015388697267179202,0.0027062881400901615,0.0013796763067126076,False,1.9615384615384954,1.9615384615384954
2016-02-17,Wednesday,0.0008908452549388854,0.0005240266205524432,0.0014148718754913286,0.0006812346067179974,False,2.0769230769232285,2.0769230769232285
2016-02-18,Thursday,0.0005172235440156942,0.00036205648081097126,0.0008792800248266654,5.1722354401525315e-05,True,17.00000000001421,8.792800248266653
2016-02-19,Friday,0.0009392121054005052,0.001513175058700715,0.00245238716410122,0.0009392121054005052,False,2.6111111111110055,2.6111111111110055
2016-02-22,Monday,0.00020611119699088197,0.000515277992476912,0.000721389189467794,0.00010305559849529454,False,7.000000000007105,7.000000000007105
2016-02-23,Tuesday,0.001548546946781662,0.0001548546946781662,0.0017034016414598282,0.0014453104836628357,False,1.1785714285714683,1.1785714285714683
2016-02-24,Wednesday,0.0005773369023250156,0.0013121293234661208,0.0018894662257911365,0.00015745551881594046,False,11.999999999999053,11.999999999999053
2016-02-25,Thursday,0.0017039293643827775,0.0007745133474465703,0.002478442711829348,0.00015490266948934341,False,15.999999999999053,15.999999999999053
2016-02-26,Friday,0.0015748831538305338,0.0009144482828693702,0.002489331436699904,0.001524080471448806,False,1.6333333333334565,1.6333333333334565
2016-02-29,Monday,0.0034408381265406095,0.00015406737880033452,0.003594905505340944,0.002721857025472479,False,1.3207547169811078,1.3207547169811078
2016-03-01,Tuesday,0.0008727795461545718,0.0,0.0008727795461545718,0.0004107197864257753,False,2.1249999999995115,2.1249999999995115
2016-03-02,Wednesday,0.0002526783909440639,0.0006569638164543939,0.0009096422073984578,0.00035374974732157457,False,2.57142857142892,2.57142857142892
2016-03-03,Thursday,0.0002011768847758992,0.0009555902026858429,0.0011567670874617422,0.00020117688477604216,False,5.749999999997514,5.749999999997514
2016-03-04,Friday,0.0037982907691538354,0.0002998650607226862,0.004098155829876522,0.0008995951821680584,False,4.555555555555346,4.555555555555346
2016-03-07,Monday,0.0,0.0007020007020007761,0.0007020007020007761,0.0007020007020007761,False,1.0,1.0
2016-03-08,Tuesday,0.0022048506714772383,0.0002505512126679263,0.0024554018841451645,0.0017037482461415283,False,1.4411764705882475,1.4411764705882475
2016-03-09,Wednesday,0.0002505512126679263,0.0006514331529364374,0.0009019843656043636,0.0005011024253357101,False,1.8000000000001704,1.8000000000001704
2016-03-10,Thursday,0.0015909316893706951,0.0001988664611712839,0.001789798150541979,0.0007457492293924913,False,2.4,2.4
2016-03-11,Friday,0.0003975945529545454,0.0007951891059092321,0.0011927836588637775,0.0006460911485512423,False,1.846153846153762,1.846153846153762
2016-03-14,Monday,0.0001484046500123727,0.0005441503833787467,0.0006925550333911194,0.0001978728666831167,False,3.5000000000010663,3.5000000000010663
2016-03-15,Tuesday,0.00019855058076040922,0.001588404646083697,0.0017869552268441062,0.0007445646778517109,False,2.4,2.4
2016-03-17,Thursday,0.0015789993091877687,4.934372841207394e-05,0.0016283430375998427,0.0008881871114181725,False,1.8333333333331756,1.8333333333331756
2016-03-18,Friday,0.00029394473838919395,0.00029394473838919395,0.0005878894767783879,0.00014697236919459697,False,4.0,4.0
2016-03-21,Monday,0.0002941320652973296,0.0005882641305946592,0.0008823961958919889,9.804402176568365e-05,True,9.000000000008527,8.823961958919888
2016-03-23,Wednesday,4.88567520030824e-05,0.0008305647840532339,0.0008794215360563163,0.0006839945280438478,False,1.2857142857141988,1.2857142857141988
2016-03-24,Thursday,0.00039551095070936904,0.002224749097740728,0.0026202600484500974,0.0014831660651604853,False,1.7666666666666038,1.7666666666666038
2016-03-28,Monday,0.0005399568034557905,0.0001472609463970211,0.0006872177498528115,0.0001472609463970211,False,4.666666666666981,4.666666666666981
2016-03-30,Wednesday,0.0007277314185911395,0.00024257713953042582,0.0009703085581215654,0.0006792159906849716,False,1.4285714285716897,1.4285714285716897
2016-03-31,Thursday,0.0003398058252426853,0.00019417475728151476,0.0005339805825242001,0.00019417475728151476,False,2.7500000000001776,2.7500000000001776
2016-04-01,Friday,0.001514041514041525,0.0017094017094016816,0.003223443223443207,0.0007814407814407647,False,4.125000000000067,4.125000000000067
2016-04-04,Monday,0.0,0.0007236937328123013,0.0007236937328123013,0.0006272012351040858,False,1.1538461538459857,1.1538461538459857
2016-04-05,Tuesday,0.0,0.0013678553981436305,0.0013678553981436305,0.0013678553981436305,False,1.0,1.0
2016-04-06,Wednesday,0.00029324079956978566,0.0009285958653048538,0.0012218366648746393,0.0009285958653048538,False,1.3157894736840292,1.3157894736840292
2016-04-07,Thursday,0.00024328532502911125,0.000924484235110927,0.0011677695601400382,9.731413001172748e-05,True,11.999999999992893,11.677695601400382
2016-04-08,Friday,0.001948368241597551,9.741841207993293e-05,0.002045786653677484,0.0011203117389186057,False,1.8260869565217661,1.8260869565217661
2016-04-11,Monday,0.001169761661061603,4.874006921085395e-05,0.001218501730272457,0.001169761661061603,False,1.0416666666666272,1.0416666666666272
2016-04-12,Tuesday,0.0008318246317952121,0.00029358516416304873,0.0011254097959582608,0.0006361011890198926,False,1.7692307692307523,1.7692307692307523
2016-04-13,Wednesday,0.00024142926122651555,0.0015934331240945634,0.001834862385321079,0.0013520038628681852,False,1.3571428571428352,1.3571428571428352
2016-04-14,Thursday,0.0018275381137882723,0.00014427932477276552,0.001971817438561038,0.0017313518972730496,False,1.1388888888889264,1.1388888888889264
2016-04-15,Friday,0.00033697588215482406,0.0005295335291002033,0.0008665094112550273,0.00019255764694551603,False,4.500000000001066,4.500000000001066
2016-04-18,Monday,0.0009653441451877046,9.653441451882533e-05,0.0010618785597065299,0.0005309392798531963,False,2.0000000000002585,2.0000000000002585
2016-04-19,Tuesday,0.0,0.000904675745167116,0.000904675745167116,0.0003333015903248338,False,2.714285714284844,2.714285714284844
2016-04-20,Wednesday,0.0,0.0005235602094240135,0.0005235602094240135,0.00038077106139925793,False,1.3750000000000888,1.3750000000000888
2016-04-21,Thursday,0.0004276347049320698,0.001140359213152186,0.001567993918084256,0.0009978143115081629,False,1.5714285714285714,1.5714285714285714
2016-04-22,Friday,0.0004789501412902645,9.579002825797122e-05,0.0005747401695482357,0.0,True,,5.747401695482357
2016-04-25,Monday,0.0011036468330133866,0.0,0.0011036468330133866,0.0011036468330133866,False,1.0,1.0
2016-04-26,Tuesday,0.0,0.0010040160642570662,0.0010040160642570662,0.0007649646203862909,False,1.3125000000000777,1.3125000000000777
2016-04-27,Wednesday,0.0002395209580838868,0.00038323353293419165,0.0006227544910180784,0.00033532934131733257,False,1.8571428571433792,1.8571428571433792
2016-04-28,Thursday,0.00043244282144918033,0.0005285412262157103,0.0009609840476648907,0.0,True,,9.609840476648907
2016-04-29,Friday,0.00019281754639682077,0.001976379850566385,0.0021691973969632057,0.0019281754639671115,False,1.1250000000001064,1.1250000000001064
2016-05-02,Monday,0.0,0.0007249178426443904,0.0007249178426443904,0.0003382949932340672,False,2.1428571428570264,2.1428571428570264
2016-05-03,Tuesday,0.0004842615012106262,0.0004842615012106262,0.0009685230024212524,0.0004358353510896049,False,2.222222222222012,2.222222222222012
2016-05-04,Wednesday,0.0010253906249999,0.0002441406250000555,0.0012695312499999556,0.00014648437500000555,False,8.666666666666035,8.666666666666035
2016-05-05,Thursday,0.0002914319020788919,0.0008257237225567685,0.0011171556246356604,9.714396735953861e-05,True,11.500000000009948,11.171556246356603
2016-05-06,Friday,4.8918892476368885e-05,0.004011349183054462,0.004060268075530831,0.003032971333528892,False,1.3387096774194265,1.3387096774194265
2016-05-10,Tuesday,0.0002903178980984288,0.0007257947452459344,0.0010161126433443632,9.67726326995221e-05,True,10.499999999993605,10.161126433443632
2016-05-11,Wednesday,0.00014419610670512442,0.00048065368901717247,0.0006248497957222969,9.613073780346182e-05,True,6.499999999997868,6.248497957222969
2016-05-12,Thursday,4.816259692718251e-05,0.0010595771323989734,0.0011077397293261558,0.000915089341617289,False,1.2105263157894341,1.2105263157894341
2016-05-13,Friday,0.00247644945129645,0.0004370204914052802,0.00291346994270173,0.0010197144799456539,False,2.8571428571427218,2.8571428571427218
2016-05-18,Wednesday,0.0001467423204852335,0.001173938563881868,0.0013206808843671015,0.0011250244570533642,False,1.1739130434783576,1.1739130434783576
2016-05-19,Thursday,0.0,0.0011255199412771703,0.0011255199412771703,0.0006850990946904152,False,1.6428571428572298,1.6428571428572298
2016-05-24,Tuesday,0.00033934458018224344,0.00043630017452008635,0.0007756447547023297,0.00038782237735123377,False,1.9999999999996447,1.9999999999996447
2016-05-25,Wednesday,0.0003351046005075475,4.7872085786734194e-05,0.0003829766862942817,0.00014361625736033864,False,2.6666666666669823,2.6666666666669823
2016-05-26,Thursday,0.0001908488000381318,0.0010019562002004292,0.001192805000238561,0.0005248342001050319,False,2.272727272726991,2.272727272726991
2016-05-31,Tuesday,0.0,0.0007596258842519898,0.0007596258842519898,0.0004747661776574767,False,1.6000000000000572,1.6000000000000572
2016-06-02,Thursday,0.0,0.001570381650328277,0.001570381650328277,0.000951746454744402,False,1.6500000000000143,1.6500000000000143
2016-06-03,Friday,0.0029942965779467465,0.0016159695817490657,0.004610266159695812,0.0009030418250950461,False,5.105263157894792,5.105263157894792
2016-06-06,Monday,0.0003319265968041235,9.483617051534834e-05,0.00042676276731947187,0.0003319265968041235,False,1.2857142857139379,1.2857142857139379
2016-06-08,Wednesday,0.0003303289132178433,0.00014156953423623774,0.00047189844745408106,0.0001887593789816056,False,2.5000000000003553,2.5000000000003553
2016-06-10,Friday,9.492168960612356e-05,0.0012814428096819261,0.0013763644992880496,0.0009966777408636903,False,1.3809523809524775,1.3809523809524775
2016-06-13,Monday,0.0008114171161281845,0.00014319125578731869,0.0009546083719155032,0.0002386520929789097,False,3.9999999999994316,3.9999999999994316
2016-06-14,Tuesday,0.001637134052388306,9.630200308171337e-05,0.0017334360554700195,0.0005778120184900064,False,3.0000000000000004,3.0000000000000004
2016-06-15,Wednesday,0.0003357475178665316,0.0021583769005708523,0.002494124418437384,0.0005276032423618094,False,4.727272727272234,4.727272727272234
2016-06-16,Thursday,0.0005806077027288781,0.0003386878265917998,0.0009192955293206779,0.00014515192568221954,False,6.333333333333018,6.333333333333018
2016-06-17,Friday,9.648318780457443e-05,0.0009165902841429772,0.0010130734719475515,0.00019296637560901173,False,5.2500000000012434,5.2500000000012434
2016-06-20,Monday,0.0008140592826700545,0.0,0.0008140592826700545,0.0005746300818846723,False,1.4166666666668442,1.4166666666668442
2016-06-21,Tuesday,0.0,0.002636119631901759,0.002636119631901759,0.00134202453987717,False,1.9642857142858448,1.9642857142858448
2016-06-24,Friday,0.0020084255902813025,0.0011266777701576848,0.003135103360438987,9.797198001376621e-05,True,31.999999999984365,31.35103360438987
2016-06-27,Monday,0.0019401054621430024,0.0007959407024176529,0.0027360461645606553,0.0007959407024176529,False,3.4374999999999667,3.4374999999999667
2016-06-28,Tuesday,0.0012419274714356682,0.0005464480874317618,0.0017883755588674298,0.0012419274714356682,False,1.4400000000000546,1.4400000000000546
2016-06-29,Wednesday,0.0011729058743036316,0.0005864529371518158,0.0017593588114554475,0.0010262926400156777,False,1.7142857142857144,1.7142857142857144
2016-06-30,Thursday,0.0008696492414726391,0.0,0.0008696492414726391,0.0008696492414726391,False,1.0,1.0
2016-07-05,Tuesday,0.0012455686499951658,0.00038325189230627816,0.001628820542301444,0.0012455686499951658,False,1.3076923076923666,1.3076923076923666
2016-07-06,Wednesday,0.0006265362186129232,0.0004819509373946828,0.0011084871560076062,0.00019278037495779093,False,5.7500000000016,5.7500000000016
2016-07-07,Thursday,0.00033393760137388214,4.770537162480157e-05,0.0003816429729986837,0.00033393760137388214,False,1.1428571428570269,1.1428571428570269
2016-07-08,Friday,0.004609389849838428,0.0012830260406767261,0.0058924158905151545,0.004371792434898384,False,1.3478260869565084,1.3478260869565084
2016-07-12,Tuesday,0.0005597798199375125,0.0,0.0005597798199375125,0.000513131501609298,False,1.090909090909279,1.090909090909279
2016-07-13,Wednesday,0.0005109150023222723,9.289363678592769e-05,0.0006038086391082,0.00013934045517882552,False,4.333333333333019,4.333333333333019
2016-07-14,Thursday,0.00013849776095273863,0.0006463228844467697,0.0007848206453995083,9.233184063515908e-05,True,8.500000000007107,7.848206453995083
2016-07-15,Friday,0.0016187216723707073,9.249838127837496e-05,0.0017112200536490822,0.0011099805753399736,False,1.5416666666666272,1.5416666666666272
2016-07-18,Monday,9.250693802039886e-05,0.00046253469010173136,0.0005550416281221302,0.0003237742830711988,False,1.7142857142859464,1.7142857142859464
2016-07-20,Wednesday,0.0,0.0008301434303371618,0.0008301434303371618,0.0007840243508740299,False,1.0588235294117057,1.0588235294117057
2016-07-21,Thursday,0.0009220413996589233,0.00013830620994883193,0.0010603476096077552,0.00036881655986359553,False,2.874999999999778,2.874999999999778
2016-07-28,Thursday,0.00027737968656096467,0.00013868984328048234,0.000416069529841447,0.00013868984328048234,False,3.0,3.0
2016-07-29,Friday,0.0005545030266623749,0.0009703802966591561,0.0015248833233215309,0.0004620858555519353,False,3.3000000000003125,3.3000000000003125
2016-08-01,Monday,0.00032191308346756316,0.00036790066681988544,0.0006898137502874485,0.00036790066681988544,False,1.875000000000444,1.875000000000444
2016-08-03,Wednesday,4.6423100134584766e-05,0.0003249617009423573,0.0003713848010769421,0.0002785386008077725,False,1.3333333333330177,1.3333333333330177
2016-08-05,Friday,0.0028629479128186395,4.6176579238967974e-05,0.0029091244920576072,0.0021241226449944957,False,1.3695652173912707,1.3695652173912707
2016-08-10,Wednesday,0.0,0.0003661662394726478,0.0003661662394726478,4.5770779934048454e-05,True,8.000000000005684,3.6616623947264775
2016-08-11,Thursday,0.0005960022006234892,9.169264624981767e-05,0.0006876948468733068,0.0003667705849990101,False,1.875000000000444,1.875000000000444
2016-08-12,Friday,0.00013726835964310746,0.0010523907572638671,0.0011896591169069746,0.0010066346373827446,False,1.1818181818182758,1.1818181818182758
2016-08-16,Tuesday,0.0003658982802781399,0.0007317965605561498,0.0010976948408342898,0.0006403219904865823,False,1.7142857142859464,1.7142857142859464
2016-09-02,Friday,0.0042374833033945345,4.605960112394328e-05,0.004283542904518478,0.0031320528764219903,False,1.367647058823583,1.367647058823583
2016-09-08,Thursday,0.0006392402173417414,0.00018264006209758478,0.0008218802794393262,0.0002283000776220783,False,3.599999999999318,3.599999999999318
2016-09-09,Friday,9.2064076597228e-05,0.0009206407659731957,0.0010127048425704237,9.2064076597228e-05,True,11.000000000009948,10.127048425704237
2016-09-12,Monday,0.0013184536422281919,0.0,0.0013184536422281919,0.0005179639308752895,False,2.5454545454548976,2.5454545454548976
2016-09-13,Tuesday,0.0,0.0013024467392315617,0.0013024467392315617,0.0008838031444785456,False,1.4736842105263392,1.4736842105263392
2016-09-14,Wednesday,0.0002804917956149889,0.00042073769342248335,0.0007012294890374722,0.0001869945304099483,False,3.750000000000888,3.750000000000888
2016-09-15,Thursday,0.0009365488176070645,0.0013111683446499702,0.002247717162257035,0.0006555841723250517,False,3.4285714285709936,3.4285714285709936
2016-09-16,Friday,0.0006089563425146331,0.0010773842982948743,0.0016863406408095074,4.684279557799749e-05,True,36.000000000034106,16.863406408095074
2016-09-20,Tuesday,0.0006065979189025032,0.0004666137837711461,0.0010732117026736492,0.00041995240539407125,False,2.555555555555345,2.555555555555345
2016-09-22,Thursday,0.00046133973057770224,0.0002768038383465689,0.0007381435689242711,0.00046133973057770224,False,1.5999999999998862,1.5999999999998862
2016-09-23,Friday,0.000415244071237443,9.227646027503106e-05,0.000507520531512474,0.00027682938082496203,False,1.833333333333491,1.833333333333491
2016-09-26,Monday,4.6472720513016565e-05,0.0003717817641045288,0.0004182544846175454,0.00032530904359138015,False,1.2857142857144597,1.2857142857144597
2016-09-27,Tuesday,0.0005129639992539342,0.0013523596343965308,0.001865323633650465,0.0011191941801903054,False,1.6666666666666272,1.6666666666666272
2016-09-30,Friday,0.0007897059506665466,0.00037162632972551914,0.0011613322803920656,0.0004180796209411595,False,2.7777777777776724,2.7777777777776724
2016-10-03,Monday,0.000925497454882078,0.0008329477093938308,0.0017584451642759088,0.000925497454882078,False,1.8999999999999575,1.8999999999999575
2016-10-05,Wednesday,0.0,0.0006034442742421921,0.0006034442742421921,0.0002785127419579551,False,2.166666666666509,2.166666666666509
2016-10-07,Friday,0.0032903883585133375,0.0019927704143109038,0.005283158772824242,0.0004634349800722695,False,11.400000000000796,11.400000000000796
2016-10-10,Monday,0.0008797110843596524,9.260116677461715e-05,0.0009723122511342695,0.0007408093341975951,False,1.3124999999999,1.3124999999999
2016-10-11,Tuesday,0.00046373585605649577,0.0002782415136337129,0.0007419773696902087,0.0004173622704507671,False,1.7777777777776724,1.7777777777776724
2016-10-12,Wednesday,0.0007033667823314531,0.000609584544687215,0.001312951327018668,0.0005626934258651625,False,2.333333333333254,2.333333333333254
2016-10-13,Thursday,0.00047138682002461935,0.0007542189120392034,0.0012256057320638226,0.0005185255020268937,False,2.3636363636368567,2.3636363636368567
2016-10-14,Friday,0.0009822263797941045,0.00028063610851263926,0.0012628624883067438,0.0009822263797941045,False,1.2857142857143244,1.2857142857143244
2016-10-17,Monday,0.0,0.0007045230379033662,0.0007045230379033662,0.0007045230379033662,False,1.0,1.0
2016-10-18,Tuesday,0.001588785046728988,9.345794392528145e-05,0.0016822429906542694,0.001074766355140139,False,1.565217391304477,1.565217391304477
2016-10-19,Wednesday,0.00014025245441795763,0.0004675081813931478,0.0006077606358111054,9.350163627854984e-05,True,6.500000000005684,6.077606358111054
2016-10-20,Thursday,0.00018683731141105162,0.0016348264748470003,0.001821663786258052,0.0014946984912886784,False,1.2187499999999833,1.2187499999999833
2016-10-21,Friday,0.0025303406588256974,0.00028114896209175896,0.0028114896209174563,0.0,True,,28.11489620917456
2016-10-24,Monday,0.000558607206032979,0.0,0.000558607206032979,0.0004189554045247343,False,1.3333333333333333,1.3333333333333333
2016-10-28,Friday,0.001454920918008177,0.0013610550523301828,0.00281597597033836,0.000422396395550774,False,6.666666666666351,6.666666666666351
2016-10-31,Monday,0.0011734334663224594,0.0002816240319174009,0.0014550574982398602,0.001032621450363759,False,1.4090909090909267,1.4090909090909267
2016-11-02,Wednesday,0.0002373492832052187,0.0011392765593848339,0.0013766258425900527,0.0008544574195386254,False,1.6111111111111638,1.6111111111111638
2016-11-03,Thursday,0.0,0.0011414439265670156,0.0011414439265670156,0.0008560829449252279,False,1.333333333333386,1.333333333333386
2016-11-04,Friday,0.00023930314922949826,0.0021058677132190953,0.0023451708624485936,0.0,True,,23.451708624485935
2016-11-07,Monday,0.0002838355645962547,0.0,0.0002838355645962547,0.0002365296371635904,False,1.1999999999997726,1.1999999999997726
2016-11-08,Tuesday,0.00046959380136192883,9.391876027227899e-05,0.0005635125616342078,4.695938013627296e-05,True,11.999999999977264,5.635125616342078
2016-11-09,Wednesday,0.001993166287015886,0.0009965831435080105,0.002989749430523897,0.00033219438116929183,False,9.000000000000814,9.000000000000814
2016-11-10,Thursday,4.59326627164159e-05,0.0020669698222406736,0.0021129024849570895,0.0017454411832253706,False,1.2105263157895092,1.2105263157895092
2016-11-11,Friday,0.0006008504344610623,0.0006470696986504657,0.001247920133111528,0.0006008504344610623,False,2.076923076923228,2.076923076923228
2016-11-14,Monday,0.001199538638984964,0.00013840830449827514,0.001337946943483239,0.000968858131487926,False,1.3809523809522908,1.3809523809522908
2016-11-15,Tuesday,0.0005527406725011725,0.0005988023952095599,0.0011515430677107325,0.0005988023952095599,False,1.9230769230769906,1.9230769230769906
2016-11-16,Wednesday,0.0012414363878798188,0.0,0.0012414363878798188,0.0009655616350176078,False,1.2857142857143244,1.2857142857143244
2016-11-17,Thursday,0.0005967134857247564,0.0005049114109979511,0.0011016248967227076,0.0003672082989076127,False,2.9999999999996447,2.9999999999996447
2016-11-23,Wednesday,4.536176003637708e-05,0.0013154910410523568,0.0013608528010887338,0.0006350646405079898,False,2.142857142857433,2.142857142857433
2016-11-29,Tuesday,0.0003622204111200945,0.0012677714389205882,0.0016299918500406827,0.001086661233360541,False,1.4999999999998814,1.4999999999998814
2016-12-01,Thursday,0.0009078117198492516,0.0,0.0009078117198492516,0.0009078117198492516,False,1.0,1.0
2016-12-02,Friday,0.0010480269753029698,0.0012302925362253267,0.0022783195115282963,0.000182265560922357,False,12.499999999993602,12.499999999993602
2016-12-06,Tuesday,0.0004517323937299287,0.00022586619686502853,0.0006775985905949572,0.00022586619686490014,False,3.000000000001137,3.000000000001137
2016-12-07,Wednesday,0.0003162984049522985,9.037097284356889e-05,0.00040666937779586736,0.000225927432108858,False,1.799999999999659,1.799999999999659
2016-12-09,Friday,0.0007101957477029455,0.0,0.0007101957477029455,0.0007101957477029455,False,1.0,1.0
2016-12-13,Tuesday,0.0,0.0006609385327163573,0.0006609385327163573,0.0006609385327163573,False,1.0,1.0
2016-12-15,Thursday,0.0010620408885742504,0.00030976192583411443,0.0013718028144083648,0.0008407823701212396,False,1.6315789473684525,1.6315789473684525
2016-12-16,Friday,0.0006194142111316978,0.0001769754888948786,0.0007963897000265764,0.00013273161667109608,False,6.0,6.0
2017-01-03,Tuesday,0.0,0.0066657778962804955,0.0066657778962804955,0.0066657778962804955,False,1.0,1.0
2017-01-05,Thursday,0.0008401131941987872,8.843296781044495e-05,0.0009285461620092321,0.0006190307746728634,False,1.4999999999998983,1.4999999999998983
2017-01-06,Friday,0.001236639872802761,0.0007508170656301895,0.0019874569384329506,0.0006183199364014432,False,3.214285714285294,3.214285714285294
2017-01-12,Thursday,0.0003089962037610206,0.00017656925929192214,0.00048556546305294275,0.0002207115741149968,False,2.199999999999773,2.199999999999773
2017-01-17,Tuesday,0.00039742117813301866,0.000353263269451614,0.0007506844475846327,0.0002649474520886791,False,2.833333333333491,2.833333333333491
2017-01-18,Wednesday,0.0,0.0005290538753196567,0.0005290538753196567,0.00022043911471644013,False,2.4000000000009094,2.4000000000009094
2017-01-20,Friday,0.0005293806246691572,0.0,0.0005293806246691572,0.0002205752602787319,False,2.40000000000091,2.40000000000091
2017-01-23,Monday,0.00017683465959337076,0.00022104332449152496,0.00039787798408489575,4.420866489840551e-05,True,8.999999999982947,3.9787798408489574
2017-01-30,Monday,0.00043844265170113255,0.0003069098561909049,0.0007453525078920375,8.768853034015174e-05,True,8.500000000008527,7.453525078920374
2017-01-31,Tuesday,0.0006160887167751556,0.0008361204013377827,0.0014522091181129381,0.000660095053687756,False,2.1999999999998106,2.1999999999998106
2017-02-02,Thursday,0.0006166857545590095,0.00013214694740551993,0.0007488327019645294,0.00013214694740551993,False,5.666666666666035,5.666666666666035
2017-02-03,Friday,0.002939241061636394,0.0,0.002939241061636394,0.0025882869050230465,False,1.1355932203390036,1.1355932203390036
2017-02-06,Monday,0.0,0.0011798121039981726,0.0011798121039981726,0.00026218046755517707,False,4.499999999999527,4.499999999999527
2017-02-13,Monday,0.0,0.0005602482330632454,0.0005602482330632454,0.0005602482330632454,False,1.0,1.0
2017-02-16,Thursday,0.0005540166204985956,4.261666311536044e-05,0.0005966332836139561,0.0003409333049221568,False,1.750000000000533,1.750000000000533
2017-02-17,Friday,0.0009832841691248333,8.550297122829392e-05,0.0010687871403531272,0.0005557693129836067,False,1.9230769230769904,1.9230769230769904
2017-03-01,Wednesday,0.0,0.0006715352975740645,0.0006715352975740645,0.0005875933853772616,False,1.1428571428572298,1.1428571428572298
2017-03-02,Thursday,0.0005008138224614002,8.346897041029268e-05,0.0005842827928716929,0.00037561036684602054,False,1.555555555555836,1.555555555555836
2017-03-08,Wednesday,0.0010134707149191719,8.4455892909971e-05,0.0010979266078291429,0.0008867868755542754,False,1.2380952380952832,1.2380952380952832
2017-03-09,Thursday,0.0012265268144137711,0.00016917611233290494,0.0013957029267466761,0.0009304686178311575,False,1.4999999999999354,1.4999999999999354
2017-03-10,Friday,0.0017234856446257725,0.0005044348228171681,0.0022279204674429407,0.0007566522342259314,False,2.9444444444443394,2.9444444444443394
2017-03-16,Thursday,0.00046005855290679067,0.00033458803847755787,0.0007946465913843486,0.00037641154328734176,False,2.111111111111006,2.111111111111006
2017-03-17,Friday,0.0002103668798383665,0.00037866038370920315,0.0005890272635475696,4.2073375967768964e-05,True,13.999999999971577,5.890272635475696
2017-03-20,Monday,0.0,0.0006329648071566261,0.0006329648071566261,0.0005485694995358067,False,1.1538461538460192,1.1538461538460192
2017-03-22,Wednesday,4.275331338174821e-05,0.0005130397605814645,0.0005557930739632127,0.00021376656690898403,False,2.599999999999318,2.599999999999318
2017-03-23,Thursday,0.0,0.0008102345415778154,0.0008102345415778154,0.0005543710021321768,False,1.461538461538495,1.461538461538495
2017-03-27,Monday,0.00021534088462040298,0.00030147723846846625,0.0005168181230888692,0.0001292045307722173,False,4.0,4.0
2017-03-28,Tuesday,0.0002143163309043418,0.00012858979854265382,0.00034290612944699563,0.00017145306472349781,False,2.0,2.0
2017-03-30,Thursday,0.0005097056449900376,0.0,0.0005097056449900376,0.00038227923374252817,False,1.3333333333333333,1.3333333333333333
2017-03-31,Friday,0.00046606219811874087,0.00029658503516660285,0.0007626472332853437,0.00042369290738070636,False,1.8000000000001706,1.8000000000001706
2017-04-03,Monday,0.0004239983040067599,0.00025439898240408004,0.00067839728641084,0.00025439898240408004,False,2.666666666666509,2.666666666666509
2017-04-05,Wednesday,0.00038140441581558423,0.00025426961054372284,0.000635674026359307,8.475653684794776e-05,True,7.499999999996447,6.356740263593069
2017-04-06,Thursday,0.0005963283213357173,0.0002555692805724849,0.0008518976019082022,0.00012778464028624244,False,6.6666666666660355,6.6666666666660355
2017-04-07,Friday,8.506294658039219e-05,0.0025093569241238663,0.0025944198707042584,0.0019139162980606373,False,1.3555555555554715,1.3555555555554715
2017-04-13,Thursday,0.0005994433740097896,0.0001284521515735437,0.0007278955255833333,0.0002569043031470874,False,2.8333333333330177,2.8333333333330177
2017-04-17,Monday,0.0005148446885188609,0.0004290372404325671,0.0009438819289514281,4.290372404332987e-05,True,21.999999999957367,9.43881928951428
2017-04-18,Tuesday,0.00025656375609327736,0.0003420850081245724,0.0005986487642178498,0.00012828187804669945,False,4.6666666666660355,4.6666666666660355
2017-04-24,Monday,0.0002526741345910986,0.0004211235576517911,0.0006737976922428897,0.0001684494230606925,False,4.0000000000007105,4.0000000000007105
2017-04-25,Tuesday,0.0,0.0005465859401277979,0.0005465859401277979,0.0004624957954928256,False,1.181818181817994,1.181818181817994
2017-04-26,Wednesday,0.0013843443241883233,0.0,0.0013843443241883233,0.0009228962161255092,False,1.5000000000000646,1.5000000000000646
2017-04-27,Thursday,0.0005447992624255949,0.00016763054228477093,0.0007124298047103658,0.00029335344899837894,False,2.4285714285714866,2.4285714285714866
2017-05-05,Friday,0.0012977227059611616,0.000544206296048206,0.0018419290020093675,0.0012139986604152379,False,1.5172413793103785,1.5172413793103785
2017-05-11,Thursday,0.0006272476373672564,0.00041816509157813133,0.0010454127289453877,0.0006272476373672564,False,1.6666666666666037,1.6666666666666037
2017-05-16,Tuesday,0.0013317241666320763,0.00012484914062175346,0.0014565733072538297,0.001123642265595781,False,1.2962962962963314,1.2962962962963314
2017-05-17,Wednesday,4.1902367483724724e-05,0.000670437879740191,0.0007123402472239157,0.0004190236748376045,False,1.6999999999999715,1.6999999999999715
2017-05-18,Thursday,0.0011480079935371837,0.0,0.0011480079935371837,0.00029763170202811844,False,3.857142857143379,3.857142857143379
2017-05-19,Friday,0.0001685701040921255,0.0021914113531964342,0.0023599814572885596,0.00021071263011497723,False,11.200000000003866,11.200000000003866
2017-05-26,Friday,0.0007458666556167008,0.0002900592549621746,0.0010359259105788754,0.000662992582770466,False,1.5625000000000335,1.5625000000000335
2017-06-02,Friday,0.00024614374794881144,0.0013537906137183462,0.0015999343616671577,0.0011486708237610811,False,1.3928571428570886,1.3928571428570886
2017-06-06,Tuesday,0.00032889327413247857,8.222331853317805e-05,0.0004111165926656566,0.00016444663706623928,False,2.5000000000003553,2.5000000000003553
2017-06-08,Thursday,8.201427048298946e-05,0.000492085622898403,0.0005740998933813924,0.00016402854096621202,False,3.4999999999978684,3.4999999999978684
2017-06-09,Friday,0.0003688978153051745,0.0,0.0003688978153051745,0.00020494323072513574,False,1.7999999999996592,1.7999999999996592
2017-06-14,Wednesday,0.0013487554665468284,0.0004904565332896397,0.001839211999836468,0.0013078840887727208,False,1.4062499999998697,1.4062499999998697
2017-06-15,Thursday,0.0011543059735334177,0.0,0.0011543059735334177,0.000618378200107209,False,1.8666666666666036,1.8666666666666036
2017-06-16,Friday,8.232824270358461e-05,0.0006586259416292619,0.0007409541843328466,0.0006174618202774696,False,1.1999999999998106,1.1999999999998106
2017-06-19,Monday,0.000164325034919154,0.00016432503491903725,0.0003286500698381912,8.2162517459577e-05,True,3.999999999998579,3.286500698381912
2017-06-26,Monday,4.100713524149473e-05,0.0003280570819323075,0.0003690642171738022,0.00020503567620770675,False,1.799999999999659,1.799999999999659
2017-06-28,Wednesday,8.251165477127866e-05,0.0007013490655554582,0.0007838607203267368,4.12558273855807e-05,True,19.000000000017053,7.838607203267367
2017-06-29,Thursday,0.00028710881424056923,0.0006152331733727316,0.0009023419876133009,0.0003691399040236389,False,2.44444444444434,2.44444444444434
2017-06-30,Friday,0.0003717318574200776,0.00041303539713362825,0.0007847672545537058,0.00028912477799356327,False,2.714285714284844,2.714285714284844
2017-07-06,Thursday,0.00024816974810771506,0.0003722546221615726,0.0006204243702692877,0.0003722546221615726,False,1.6666666666666667,1.6666666666666667
2017-07-07,Friday,0.002781583426744665,0.0003321293643874808,0.0031137127911321457,0.0013700336280980782,False,2.272727272727382,2.272727272727382
2017-07-12,Wednesday,0.0021843059676887617,0.0,0.0021843059676887617,0.0020606660072535446,False,1.060000000000002,1.060000000000002
2017-07-13,Thursday,0.00016384041943155758,0.00020480052428927233,0.00036864094372082994,0.00020480052428927233,False,1.8000000000006824,1.8000000000006824
2017-07-14,Friday,0.0006956094766562295,0.0,0.0006956094766562295,0.00040918204509195444,False,1.6999999999997726,1.6999999999997726
2017-07-20,Thursday,0.00024248302618817602,0.0008082767539605102,0.0010507597801486862,0.0008082767539605102,False,1.3000000000000285,1.3000000000000285
2017-07-25,Tuesday,0.00020210185933703696,4.04203718674993e-05,0.00024252223120453626,0.00012126111560226813,False,2.0,2.0
2017-07-28,Friday,0.0005678131083711322,0.0002839065541855661,0.0008517196625566982,8.111615833878257e-05,True,10.499999999993605,8.517196625566982
2017-08-04,Friday,0.0009292929292928879,0.0002424242424242516,0.0011717171717171395,4.040404040400366e-05,True,29.000000000025576,11.717171717171395
2017-08-09,Wednesday,0.0014213197969542917,8.121827411171668e-05,0.0015025380710660084,0.0012994923857867742,False,1.156250000000039,1.156250000000039
2017-08-11,Friday,0.0024614374794881145,0.00032819166393167085,0.0027896291434197852,0.0009845749917952458,False,2.8333333333332544,2.8333333333332544
2017-08-14,Monday,0.00016290624745467322,0.00024435937118189407,0.0004072656186365673,4.072656186372618e-05,True,9.999999999982947,4.0726561863656725
2017-08-15,Tuesday,0.0007286859363613408,0.00016193020808040023,0.000890616144441741,8.096510404008505e-05,True,11.000000000009948,8.90616144441741
2017-08-18,Friday,0.00024640657084189845,0.00024640657084189845,0.0004928131416837969,0.0001642710472278934,False,3.0000000000007105,3.0000000000007105
2017-08-22,Tuesday,0.00041023957991476347,0.00012307187397440572,0.0005333114538891692,8.204791598297601e-05,True,6.4999999999978675,5.333114538891691
2017-08-23,Wednesday,4.087638979733211e-05,0.0004496402877697238,0.0004905166775670559,0.0003270111183779598,False,1.5000000000003553,1.5000000000003553
2017-08-24,Thursday,0.00044910790838192634,8.165598334222117e-05,0.0005307638917241475,0.00044910790838192634,False,1.1818181818182993,1.1818181818182993
2017-08-29,Tuesday,0.00024655845490035867,0.000739675364701076,0.0009862338196014347,0.0006163961372508966,False,1.6000000000000003,1.6000000000000003
2017-09-01,Friday,0.0009276063722525437,0.00048396854204467085,0.0014115749142972144,8.066142367416912e-05,True,17.499999999990763,14.115749142972144
2017-09-13,Wednesday,4.004164330900498e-05,0.00044045807639951005,0.000480499719708515,0.00020020821654525252,False,2.399999999999545,2.399999999999545
2017-09-14,Thursday,0.00036050470658923855,0.0008011215701983459,0.0011616262767875844,0.0005207290206288622,False,2.230769230769466,2.230769230769466
2017-09-15,Friday,0.0002412836289057879,0.00028149756705671443,0.0005227811959625024,0.00020106969075486136,False,2.5999999999993175,2.5999999999993175
2017-09-27,Wednesday,0.0,0.0002804711916019777,0.0002804711916019777,4.006731308606189e-05,True,6.99999999998863,2.8047119160197767
2017-10-02,Monday,0.00019868075975527048,0.00019868075975515754,0.000397361519510428,0.0001192084558531397,False,3.3333333333330173,3.3333333333330173
2017-10-06,Friday,0.00023581197924855477,0.000668133941204164,0.0009039459204527188,0.0003144159723313319,False,2.875000000000444,2.875000000000444
2017-10-13,Friday,0.0010588650535314397,7.843444840978168e-05,0.0011372995019412213,0.0005490411388681374,False,2.0714285714287164,2.0714285714287164
2017-10-20,Friday,0.0005070993914807124,0.0,0.0005070993914807124,0.00039007645498504405,False,1.3000000000003977,1.3000000000003977
2017-10-24,Tuesday,0.0003896964264836362,3.896964264834147e-05,0.00042866606913197767,0.0,True,,4.286660691319777
2017-10-25,Wednesday,0.0001560792882785253,0.0004292180427655565,0.0005852973310440818,0.00031215857655682885,False,1.8750000000000888,1.8750000000000888
2017-10-26,Thursday,0.0003125244159700465,0.0003125244159699355,0.000625048831939982,3.906555199621418e-05,True,16.00000000001421,6.250488319399819
2017-11-02,Thursday,0.0007384950248758341,0.0,0.0007384950248758341,0.0005830223880598341,False,1.2666666666667423,1.2666666666667423
2017-11-09,Thursday,0.0007372628147918115,3.880330604163946e-05,0.0007760661208334509,0.0006208528966668932,False,1.2499999999997333,1.2499999999997333
2017-11-15,Wednesday,7.783918424527832e-05,0.001401105316416337,0.0014789445006616153,0.0009340702109442247,False,1.5833333333332542,1.5833333333332542
2017-11-16,Thursday,7.769705916623989e-05,0.00034963676624852113,0.000427333825414761,3.884852958334077e-05,True,10.999999999948841,4.27333825414761
2017-11-21,Tuesday,0.0004244154641562375,0.00011574967204270993,0.0005401651361989474,0.0004244154641562375,False,1.2727272727275076,1.2727272727275076
2017-12-01,Friday,0.0006421152030217787,0.0001888574126534896,0.0008309726156752683,0.0001888574126534896,False,4.399999999999545,4.399999999999545
2017-12-04,Monday,0.00022552999548940863,0.00015035333032634363,0.00037588332581575223,0.0,True,,3.758833258157522
2017-12-05,Tuesday,0.0001889430525640002,0.0006801949892302718,0.000869138041794272,0.0003400974946150285,False,2.555555555556468,2.555555555556468
2017-12-07,Thursday,0.0,0.0008735282947209198,0.0008735282947209198,0.00034181541967349727,False,2.5555555555548537,2.5555555555548537
2017-12-08,Friday,0.0011701645779858155,0.0001509889778046975,0.001321153555790513,0.0010569228446322388,False,1.250000000000203,1.250000000000203
2017-12-11,Monday,0.00041437504708812493,0.00011301137647846274,0.0005273864235665876,0.0003013636706096622,False,1.749999999998934,1.749999999998934
2018-01-05,Friday,0.0007338372349012571,0.0010640639906069583,0.0017979012255082154,0.0007338372349012571,False,2.450000000000185,2.450000000000185
2018-01-08,Monday,0.0007691744194565834,7.325470661483339e-05,0.0008424291260714168,0.0006592923595341251,False,1.2777777777778303,1.2777777777778303
2018-01-10,Wednesday,0.0001462041741292462,0.0004386125223873231,0.0005848166965165693,0.0004386125223873231,False,1.3333333333336492,1.3333333333336492
2018-01-12,Friday,0.0,0.002998663246504718,0.002998663246504718,0.0025651215723112696,False,1.16901408450704,1.16901408450704
2018-01-16,Tuesday,7.158708568967647e-05,0.00046531605698330394,0.0005369031426729805,7.158708568967647e-05,True,7.500000000005684,5.369031426729804
2018-01-17,Wednesday,0.0005390835579514008,0.0,0.0005390835579514008,0.00039532794249780284,False,1.3636363636359878,1.3636363636359878
2018-01-18,Thursday,0.00017887807670295997,0.0005008586147681253,0.0006797366914710853,0.0003935317687462679,False,1.7272727272733852,1.7272727272733852
2018-01-19,Friday,0.0004657661853749255,0.0005732506896923256,0.0010390168750672511,0.00039410984916346114,False,2.6363636363634955,2.6363636363634955
2018-01-22,Monday,0.0,0.0007845934379456863,0.0007845934379456863,0.0006776034236804484,False,1.1578947368419634,1.1578947368419634
2018-01-25,Thursday,0.0003518772652099748,0.0001759386326049874,0.0005278158978149622,0.0001759386326049874,False,3.0,3.0
2018-01-26,Friday,0.0009501354822816687,0.00045747263961711454,0.0014076081218987832,0.0008797550761867896,False,1.599999999999909,1.599999999999909
2018-01-30,Tuesday,0.00028243601059129423,0.0003177405119151809,0.0006001765225064752,0.0003177405119151809,False,1.8888888888889594,1.8888888888889594
2018-01-31,Wednesday,7.067137809180851e-05,0.0007067137809186878,0.0007773851590104963,0.0003533568904594443,False,2.1999999999992044,2.1999999999992044
2018-02-01,Thursday,0.0,0.002273373117362839,0.002273373117362839,0.0014208581983517238,False,1.600000000000057,1.600000000000057
2018-02-02,Friday,0.0003568879371878042,0.0027837259100641424,0.0031406138472519466,0.00032119914346906436,False,9.777777777774268,9.777777777774268
2018-02-05,Monday,0.0008388037928519993,0.00029175784099191865,0.0011305616338439179,0.0006199854121080085,False,1.8235294117645484,1.8235294117645484
2018-02-06,Tuesday,0.0038774718883288098,0.0017448623497479203,0.00562233423807673,0.003295851105079577,False,1.7058823529411171,1.7058823529411171
2018-02-07,Wednesday,0.000858305034145469,0.000820987423965471,0.00167929245811094,0.0004478113221627335,False,3.750000000001539,3.750000000001539
2018-02-08,Thursday,0.0009327662114767555,0.0008208342660994346,0.00175360047757619,0.000746212969181362,False,2.349999999999986,2.349999999999986
2018-02-09,Friday,0.002275005783913133,0.0010796637618569165,0.003354669545770049,0.0009639855016580552,False,3.4800000000000177,3.4800000000000177
2018-02-12,Monday,0.0005664866497978671,0.00041542354318521707,0.0009819101929830843,0.00033989198987889206,False,2.8888888888877657,2.8888888888877657
2018-02-13,Tuesday,0.0004916606784917191,0.0006429408872584845,0.0011346015657502035,0.00026474036534167837,False,4.285714285714865,4.285714285714865
2018-02-14,Wednesday,0.0,0.017875841436050758,0.017875841436050758,0.013911742707554117,False,1.2849462365591424,1.2849462365591424
2018-02-15,Thursday,0.0019961555522697784,0.0015155995859824345,0.0035117551382522127,0.0019591897087092624,False,1.7924528301885574,1.7924528301885574
2018-02-16,Friday,0.000987816924596783,0.0006219588043755134,0.0016097757289722963,0.0005487871803313843,False,2.933333333333763,2.933333333333763
2018-02-20,Tuesday,0.0013247470101196454,7.359705611768836e-05,0.0013983440662373337,0.0009199632014719411,False,1.5199999999999818,1.5199999999999818
2018-02-22,Thursday,0.0014423076923078522,0.0,0.0014423076923078522,0.0011094674556213439,False,1.3000000000000949,1.3000000000000949
2018-02-23,Friday,7.349968762626074e-05,0.0013229943772739468,0.0013964940649002075,0.0008084965638897037,False,1.7272727272724924,1.7272727272724924
2018-02-26,Monday,0.0013058145017955443,0.0,0.0013058145017955443,0.001124451376546129,False,1.1612903225806805,1.1612903225806805
2018-02-27,Tuesday,0.0005396459922292205,0.0014750323787594193,0.0020146783709886398,0.0010433155849761248,False,1.9310344827588708,1.9310344827588708
2018-02-28,Wednesday,0.0020006547597393857,7.275108217248791e-05,0.0020734058419118735,0.000873012986067994,False,2.375000000000444,2.375000000000444
2018-03-01,Thursday,0.0025839793281655426,0.0002583979328165123,0.002842377260982055,0.0025839793281655426,False,1.0999999999999839,1.0999999999999839
2018-03-02,Friday,0.0014295387856444039,0.00026333609209236767,0.0016928748777367715,0.0013542999021895028,False,1.249999999999921,1.249999999999921
2018-03-05,Monday,0.0008949213215005186,0.0003355954955628005,0.001230516817063319,0.0003355954955628005,False,3.666666666665824,3.666666666665824
2018-03-06,Tuesday,0.0005128205128204628,0.000622710622710681,0.001135531135531144,0.00029304029304023476,False,3.8750000000007994,3.8750000000007994
2018-03-07,Wednesday,0.00022137770726488683,0.0014389550972216596,0.0016603328044865464,0.0011068885363242245,False,1.5000000000001894,1.5000000000001894
2018-03-08,Thursday,0.0,0.0011707888189667539,0.0011707888189667539,0.0006585687106688381,False,1.7777777777776722,1.7777777777776722
2018-03-09,Friday,0.008512037409125723,0.0005845175903263253,0.009096554999452049,0.005954772951448491,False,1.5276073619632002,1.5276073619632002
2018-03-12,Monday,0.0003582175096717506,0.0002507522567704901,0.0006089697664422406,0.00028657400773744116,False,2.1250000000006217,2.1250000000006217
2018-03-13,Tuesday,0.00437354364581476,0.0,0.00437354364581476,0.0019358307940491861,False,2.259259259259224,2.259259259259224
2018-03-14,Wednesday,0.0011887179856632834,0.0004682828428370572,0.0016570008285003404,0.00018010878570660772,False,9.199999999997498,9.199999999997498
2018-03-15,Thursday,0.0013800617396041235,0.00010895224260043419,0.0014890139822045577,0.0012711094970036894,False,1.171428571428757,1.171428571428757
2018-03-16,Friday,0.0010561969625232928,0.00025494409440213124,0.001311141056925424,0.000837673453035722,False,1.5652173913042835,1.5652173913042835
2018-03-19,Monday,0.003329796187200293,0.0006952321709539234,0.004025028358154216,0.0002927293351386473,False,13.74999999999254,13.74999999999254
2018-03-20,Tuesday,7.367025195219467e-05,0.0005893620156181855,0.0006630322675703802,0.00036835125976139214,False,1.7999999999996588,1.7999999999996588
2018-03-22,Thursday,0.0005949946078612478,0.004016213603064374,0.004611208210925622,0.0035699676471683327,False,1.2916666666666272,1.2916666666666272
2018-03-23,Friday,0.0015534422005833673,0.00041677717576635336,0.0019702193763497205,0.00011366650248183063,False,17.333333333315647,17.333333333315647
2018-03-26,Monday,0.00045728221934305516,0.00045728221934305516,0.0009145644386861103,0.00019053425805964244,False,4.79999999999909,4.79999999999909
2018-03-27,Tuesday,0.00022538597347959236,0.00041320761804574134,0.0006385935915253337,0.00015025731565291922,False,4.250000000002842,4.250000000002842
2018-03-28,Wednesday,0.0008790704785201735,0.002063904601742714,0.0029429750802628875,0.002063904601742714,False,1.4259259259259884,1.4259259259259884
2018-03-29,Thursday,0.000689787315577723,0.0003065721402566932,0.0009963594558344163,0.0005748227629815448,False,1.7333333333328786,1.7333333333328786
2018-04-02,Monday,0.0006476683937822274,0.00019049070405368547,0.0008381590978359129,0.00019049070405368547,False,4.399999999998409,4.399999999998409
2018-04-03,Tuesday,0.0006181424818421612,0.0006954102920721294,0.0013135527739142907,0.00011590171534550131,False,11.333333333321333,11.333333333321333
2018-04-04,Wednesday,0.0013627691469066026,0.0012459603628859292,0.0026087295097925317,0.0010512790561851757,False,2.481481481481185,2.481481481481185
2018-04-05,Thursday,0.0010171407044642631,0.0008664531926915101,0.001883593897155773,0.0005650781691468605,False,3.333333333332575,3.333333333332575
2018-04-06,Friday,0.0031130177290155767,0.002277817850499308,0.005390835579514884,0.001670399757032754,False,3.2272727272727795,3.2272727272727795
2018-04-09,Monday,0.0008036739380022179,0.00026789131266740594,0.0010715652506696237,7.654037504798566e-05,True,13.999999999971577,10.715652506696237
2018-04-10,Tuesday,0.0008329231817666577,0.0006814826032635704,0.001514405785030228,0.0006057623140121343,False,2.4999999999998224,2.4999999999998224
2018-04-11,Wednesday,0.0006468059201766006,0.0007989955484532951,0.0014458014686298958,0.0005707111060382533,False,2.5333333333327275,2.5333333333327275
2018-04-12,Thursday,0.0008301260282243879,0.00015093200513155092,0.0009810580333559388,7.546600256577546e-05,True,13.000000000011367,9.810580333559388
2018-04-13,Friday,0.0010853293413174419,0.0,0.0010853293413174419,0.0006362275449102393,False,1.7058823529411369,1.7058823529411369
2018-04-16,Monday,0.0006373725254947475,0.0007498500299941716,0.0013872225554889192,0.0004499100179962046,False,3.083333333334715,3.083333333334715
2018-04-17,Tuesday,0.0004828405883226692,7.428316743419183e-05,0.000557123755756861,3.7141583717095915e-05,True,15.00000000001137,5.57123755756861
2018-04-19,Thursday,0.0003706449221644399,0.00037064492216465063,0.0007412898443290906,0.0001482579688656917,False,5.000000000004263,5.000000000004263
2018-04-24,Tuesday,0.0,0.0008200693331344185,0.0008200693331344185,0.0006709658180191853,False,1.2222222222220116,1.2222222222220116
2018-04-25,Wednesday,0.0006854270591371495,0.0006473477780740105,0.0013327748372111599,0.0002665549674421887,False,5.000000000000812,5.000000000000812
2018-04-26,Thursday,0.0005284813710316196,0.00041523536295350733,0.000943716733985127,3.7748669359370745e-05,True,25.000000000022737,9.43716733985127
2018-04-27,Friday,0.0008245877061468157,0.0002998500749624591,0.0011244377811092747,0.0007121439280359734,False,1.5789473684208322,1.5789473684208322
2018-05-01,Tuesday,0.0006053039760905875,0.0,0.0006053039760905875,0.00041614648356226553,False,1.4545454545455014,1.4545454545455014
2018-05-03,Thursday,0.0010689470871193005,0.00019088340841418405,0.0012598304955334844,0.0007253569519737258,False,1.736842105263394,1.736842105263394
2018-05-04,Friday,0.0026319804699420114,0.002059810802563398,0.00469179127250541,0.00015257857796773137,False,30.749999999984727,30.749999999984727
2018-05-07,Monday,0.0,0.0002248201438849006,0.0002248201438849006,7.494004796156253e-05,True,3.000000000002842,2.248201438849006
2018-05-10,Thursday,0.002296721615113927,0.0009260974254491573,0.003222819040563084,0.0012965363956289045,False,2.485714285714137,2.485714285714137
2018-05-11,Friday,0.00014696696917354453,0.00022045045376052567,0.00036741742293407023,7.348348458677227e-05,True,5.000000000002843,3.6741742293407023
2018-05-15,Tuesday,0.0002937073206549089,0.0022762317350760136,0.0025699390557309227,0.0019458109993390584,False,1.3207547169811789,1.3207547169811789
2018-05-17,Thursday,0.0,0.0010300934441909084,0.0010300934441909084,0.00033110146420416083,False,3.1111111111116725,3.1111111111116725
2018-05-24,Thursday,0.0007699640683434023,0.0,0.0007699640683434023,0.0007332991127080319,False,1.0499999999999574,1.0499999999999574
2018-05-25,Friday,0.0004774672200389153,0.0006611084585154693,0.0011385756785543845,0.00025709773386709217,False,4.4285714285718925,4.4285714285718925
2018-05-29,Tuesday,0.00011085655162210005,0.0007759958613553305,0.0008868524129774305,0.0006281871258591971,False,1.4117647058819398,1.4117647058819398
2018-05-30,Wednesday,0.00018472678907899422,0.0020689400376842733,0.0022536668267632673,0.0008497432297632474,False,2.6521739130433275,2.6521739130433275
2018-06-01,Friday,0.0003674984381315126,0.001359744221087077,0.0017272426592185896,0.0006982470324501037,False,2.47368421052619,2.47368421052619
2018-06-05,Tuesday,0.00014554981442406107,0.00032748708245387885,0.0004730368968779399,7.277490721192711e-05,True,6.500000000005684,4.730368968779398
2018-06-12,Tuesday,0.0007896342557696079,7.178493234284e-05,0.0008614191881124479,0.0004666020602275419,False,1.8461538461539808,1.8461538461539808
2018-06-14,Thursday,0.001184876665110711,0.0,0.001184876665110711,0.0005385803023231988,False,2.199999999999394,2.199999999999394
2018-06-15,Friday,0.0001447439840780301,0.0011941378686449824,0.0013388818527230125,0.0004342319522345017,False,3.0833333333332544,3.0833333333332544
2018-06-18,Monday,0.00021778584392015345,0.00036297640653365785,0.0005807622504538113,3.629764065332452e-05,True,16.000000000017053,5.807622504538113
2018-06-19,Tuesday,0.001132337363480302,7.30540234502751e-05,0.001205391386930577,0.001132337363480302,False,1.064516129032199,1.064516129032199
2018-06-21,Thursday,0.0,0.0013769612639056863,0.0013769612639056863,0.001340725441171158,False,1.0270270270271558,1.0270270270271558
2018-06-22,Friday,7.256894049340279e-05,0.0002177068214804146,0.00029027576197381737,0.0,True,,2.9027576197381735
2018-06-25,Monday,0.0,0.000694190719766159,0.000694190719766159,0.0005845816587503404,False,1.187500000000222,1.187500000000222
2018-06-26,Tuesday,0.0009216250092162501,3.6865000368616474e-05,0.0009584900095848665,0.0009216250092162501,False,1.0399999999999636,1.0399999999999636
2018-06-27,Wednesday,0.002576181363167925,0.0,0.002576181363167925,0.0015089062269982635,False,1.7073170731708365,1.7073170731708365
2018-06-28,Thursday,0.0007815407517679061,0.0008931894305917718,0.0016747301823596778,0.0007443245254930728,False,2.250000000000355,2.250000000000355
2018-06-29,Friday,0.00025723000036744636,0.0008084371440119445,0.0010656671443793908,0.0003674714290964713,False,2.8999999999989767,2.8999999999989767
2018-07-03,Tuesday,0.0002200900867910573,0.00010986194016176334,0.0003299520269528206,0.0,True,,3.299520269528206
2018-07-05,Thursday,3.6681094563828424e-05,0.0008436651749688877,0.0008803462695327162,0.0008436651749688877,False,1.0434782608695223,1.0434782608695223
2018-07-06,Friday,0.00399809265304637,0.0,0.00399809265304637,0.002457543190404636,False,1.6268656716418002,1.6268656716418002
2018-07-09,Monday,0.0,0.00054235817333759,0.00054235817333759,0.00054235817333759,False,1.0,1.0
2018-07-10,Tuesday,0.0007910823444802964,0.00010787486515652483,0.0008989572096368213,0.0007910823444802964,False,1.136363636363789,1.136363636363789
2018-07-11,Wednesday,0.0007569204152248398,0.000612745098039273,0.0013696655132641128,0.0004685697808535015,False,2.9230769230769904,2.9230769230769904
2018-07-12,Thursday,0.0008268919647672774,0.0001438072982202539,0.0009706992629875313,0.0004673737192162339,False,2.0769230769230096,2.0769230769230096
2018-07-13,Friday,0.00028660480779559374,0.00017912800487232246,0.0004657328126679162,7.165120194884753e-05,True,6.5000000000056835,4.657328126679162
2018-07-26,Thursday,0.00042387848816674155,0.00010596962204178578,0.0005298481102085273,0.00017661603673597498,False,3.0000000000034106,3.0000000000034106
2018-07-27,Friday,0.0007404273323460247,0.0008109442211410273,0.001551371553487052,0.0002820675551794094,False,5.500000000001065,5.500000000001065
2018-08-01,Wednesday,0.0002488534963916,0.00042660599381422925,0.0006754594902058293,0.0002488534963916,False,2.7142857142859467,2.7142857142859467
2018-08-03,Friday,0.0005658709106985853,0.0012378426171530425,0.0018037135278516278,0.0005658709106985853,False,3.1874999999998006,3.1874999999998006
2018-08-10,Friday,0.001162913627233467,0.0009514747859181091,0.0021143884131515763,0.0006343165239454728,False,3.3333333333333335,3.3333333333333335
2018-08-13,Monday,3.526466128289631e-05,0.0007405578869414238,0.0007758225482243201,0.0005289699192438454,False,1.466666666666692,1.466666666666692
2018-08-15,Wednesday,0.0,0.0013449423090535692,0.0013449423090535692,0.0013095490903942966,False,1.027027027027002,1.027027027027002
2018-08-17,Friday,0.0003524974443936083,0.0002114984666361249,0.0005639959110297332,0.0,True,,5.639959110297331
2018-08-22,Wednesday,0.00024532137099618007,0.00035045910142274446,0.0005957804724189245,0.00017522955071147184,False,3.3999999999995447,3.3999999999995447
2018-08-29,Wednesday,3.449346348863752e-05,0.0006553758062847011,0.0006898692697733387,0.0002069607809320212,False,3.3333333333330177,3.3333333333330177
2018-09-04,Tuesday,0.0002070036225634027,0.0005175090564086048,0.0007245126789720075,0.0,True,,7.245126789720074
2018-09-05,Wednesday,0.00010377750103787726,0.000276740002767345,0.00038051750380522223,0.000276740002767345,False,1.375000000000444,1.375000000000444
2018-09-07,Friday,0.0007647917680594119,0.0021900855176251554,0.0029548772856845674,0.0013905304873810542,False,2.1249999999998757,2.1249999999998757
2018-09-11,Tuesday,3.4777770049352804e-05,0.0005564443207902379,0.0005912220908395907,0.0003825554705432762,False,1.5454545454544986,1.5454545454544986
2018-09-13,Thursday,0.0008964589870015094,0.00010343757542313802,0.0009998965624246473,0.0006206254525394161,False,1.6111111111111636,1.6111111111111636
2018-09-18,Tuesday,0.0011385199240986168,3.4500603760730544e-05,0.0011730205278593473,0.0011040193203380824,False,1.0625000000001221,1.0625000000001221
2018-09-27,Thursday,0.00031025923883077716,0.0003792057363484446,0.0006894649751792218,0.00010341974627679507,False,6.666666666672351,6.666666666672351
2018-09-28,Friday,0.00034499413509958565,0.00031049472158984275,0.0006554888566894285,0.00010349824052981685,False,6.333333333339018,6.333333333339018
2018-10-01,Monday,0.0009244042728021045,0.0006505067104902689,0.0015749109832923734,0.00027389756231164093,False,5.7500000000016,5.7500000000016
2018-10-05,Friday,0.003074690803565409,0.0024873903129965123,0.0055620811165619215,0.001450977682581217,False,3.83333333333374,3.83333333333374
2018-10-09,Tuesday,0.0002091102359460575,0.00017425852995508093,0.00038336876590113844,3.4851705990976565e-05,True,11.000000000011369,3.8336876590113844
2018-10-10,Wednesday,0.00020917584716218895,0.0013945056477477943,0.0016036814949099833,0.0007321154650675622,False,2.1904761904763066,2.1904761904763066
2018-10-11,Thursday,0.004812389188406788,7.236675471281909e-05,0.004884755943119607,0.0017006187357526883,False,2.8723404255320224,2.8723404255320224
2018-10-12,Friday,0.0005420054200541184,0.001373080397470625,0.0019150858175247434,0.0011201445347786894,False,1.7096774193547382,1.7096774193547382
2018-10-15,Monday,0.0,0.001340871203884919,0.001340871203884919,0.00115967239254908,False,1.1562500000000389,1.1562500000000389
2018-10-16,Tuesday,0.0005074670146439987,0.00014499057561265935,0.0006524575902566581,0.0,True,,6.52457590256658
2018-10-18,Thursday,7.1459196798563e-05,0.0005002143775903471,0.0005716735743889101,7.1459196798563e-05,True,8.000000000005684,5.7167357438891
2018-10-19,Friday,7.205130052611375e-05,0.0009006412565746812,0.0009726925571007949,0.0006484617047337951,False,1.5000000000001577,1.5000000000001577
2018-10-22,Monday,3.6071132272809236e-05,0.0010099917036396839,0.001046062835912493,0.0006492803809111814,False,1.6111111111111636,1.6111111111111636
2018-10-23,Tuesday,0.0016239057831938708,0.00025877652967024235,0.0018826823128641132,0.0013285830674505338,False,1.4170602945263036,1.4170602945263036
2018-10-24,Wednesday,0.00025586665691934053,0.0006579428320783933,0.0009138094889977338,0.0006213904525183094,False,1.4705882352944717,1.4705882352944717
2018-10-25,Thursday,0.0010082527353522603,0.0019044773889990206,0.0029127301243512807,0.001643078531685267,False,1.772727272727349,1.772727272727349
2018-10-26,Friday,0.004564831931187911,7.545176745758408e-05,0.004640283698645495,0.004149847210170984,False,1.11818181818176,1.11818181818176
2018-10-29,Monday,0.0005201367216524979,0.0009288155743795511,0.001448952296032049,0.00033437360677675667,False,4.333333333331649,4.333333333331649
2018-10-30,Tuesday,0.0005279631934230356,0.0011690613568654156,0.0016970245502884512,0.00064109816344238,False,2.6470588235290973,2.6470588235290973
2018-10-31,Wednesday,0.0008870490833826475,0.0003326434062683877,0.001219692489651035,0.00029568302779414576,False,4.125000000000622,4.125000000000622
2018-11-01,Thursday,0.0,0.0014723745720912655,0.0014723745720912655,0.0013987558434865662,False,1.0526315789474707,1.0526315789474707
2018-11-02,Friday,0.000835452233926485,0.0021794406102434534,0.0030148928441699383,0.0011260443152924164,False,2.677419354838639,2.677419354838639
2018-11-05,Monday,0.00036779579977205026,0.0006620324395895651,0.0010298282393616154,0.00022067747986318834,False,4.666666666666983,4.666666666666983
2018-11-06,Tuesday,0.0009526950276647645,0.0,0.0009526950276647645,0.0006229159796268332,False,1.529411764706197,1.529411764706197
2018-11-07,Wednesday,0.0006126346895384191,7.207466935738877e-05,0.0006847093588958079,0.00021622400807237116,False,3.166666666666509,3.166666666666509
2018-11-08,Thursday,0.00021398766004494552,0.0009629444702021536,0.001176932130247099,0.0005349691501122624,False,2.2000000000002276,2.2000000000002276
2018-11-09,Friday,3.579866828971056e-05,0.001539342736450025,0.0015751414047397356,0.001038161380396519,False,1.5172413793105273,1.5172413793105273
2018-11-12,Monday,0.0006863417982155032,3.612325253762564e-05,0.0007224650507531288,0.0002889860203014158,False,2.499999999998579,2.499999999998579
2018-11-13,Tuesday,0.0,0.0011325855832815838,0.0011325855832815838,0.0006576303386796494,False,1.7222222222221697,1.7222222222221697
2018-11-14,Wednesday,0.003992673992673901,0.0005128205128204628,0.004505494505494364,0.0028937728937729686,False,1.5569620253163665,1.5569620253163665
2018-11-15,Thursday,0.0005928560841856566,0.0013709796946791335,0.00196383577886479,0.0006669630947087848,False,2.9444444444444966,2.9444444444444966
2018-11-16,Friday,0.0002581787334488739,0.0013277763434515312,0.001585955076900405,7.376535241390407e-05,True,21.500000000019895,15.85955076900405
2018-11-19,Monday,3.65483717700044e-05,0.0012060962684113919,0.0012426446401813964,0.0010964511531011709,False,1.1333333333333966,1.1333333333333966
2018-11-20,Tuesday,0.00037531902116807813,0.00296502026722722,0.003340339288395298,0.0029274883651102413,False,1.1410256410257364,1.1410256410257364
2018-11-21,Wednesday,0.0,0.0015021217469677196,0.0015021217469677196,0.0015021217469677196,False,1.0,1.0
2018-11-23,Friday,0.0007589844787673661,0.003149785586884688,0.003908770065652054,0.0025046487799323296,False,1.5606060606060945,1.5606060606060945
2018-11-26,Monday,0.00022568269013767498,0.0009779583239298536,0.0012036410140675285,0.0009027307605506999,False,1.3333333333332542,1.3333333333332542
2018-11-27,Tuesday,0.0008276588540685845,0.0005643128550467525,0.0013919717091153369,0.0006771754260562312,False,2.055555555555187,2.055555555555187
2018-11-29,Thursday,0.0005846457412210625,0.00021924215295795034,0.0008038878941790128,0.0003288632294368217,False,2.4444444444447955,2.4444444444447955
2018-11-30,Friday,0.00047462577583057855,0.0006936838262139385,0.001168309602044517,0.00018254837531929364,False,6.400000000005685,6.400000000005685
2018-12-03,Monday,0.00014284183837453296,0.0009284719494339569,0.0010713137878084898,0.0006070778130913084,False,1.764705882353433,1.764705882353433
2018-12-04,Tuesday,0.00021538571992677703,0.0005025666798290784,0.0007179523997558555,0.0002512833399145392,False,2.857142857142973,2.857142857142973
2018-12-06,Thursday,0.0003745318352060777,0.0010486891385766768,0.0014232209737827545,0.0008988764044944161,False,1.5833333333332544,1.5833333333332544
2018-12-07,Friday,0.004686802559143163,0.004054456182115664,0.008741258741258827,0.003794078262163513,False,2.303921568627386,2.303921568627386
2018-12-10,Monday,0.0003026290902212373,0.0009078872706639269,0.0012105163608851642,0.0008322299981086713,False,1.4545454545452432,1.4545454545452432
2018-12-11,Tuesday,0.004082244110707583,0.0008613909591401752,0.004943635069847759,0.0037826298640500017,False,1.3069306930693683,1.3069306930693683
2018-12-12,Wednesday,0.0009373476810018372,0.0005249147013609777,0.0014622623823628148,0.0009373476810018372,False,1.5599999999999452,1.5599999999999452
2018-12-13,Thursday,0.00022523367994294936,0.0009009347197717974,0.0011261683997147469,0.0006006231465143894,False,1.875000000000444,1.875000000000444
2018-12-14,Friday,0.001256329234400518,0.0002664940800243392,0.0015228233144248572,0.0007994822400730176,False,1.9047619047619821,1.9047619047619821
2018-12-17,Monday,0.00019242610837442802,0.0023860837438421634,0.0025785098522165912,0.0013469827586205586,False,1.9142857142857836,1.9142857142857836
2018-12-18,Tuesday,3.883495145627536e-05,0.0016310679611651103,0.0016699029126213856,0.000970873786407767,False,1.7200000000000273,1.7200000000000273
2018-12-19,Wednesday,7.821054278120691e-05,0.001094947598936341,0.001173158141717548,7.821054278120691e-05,True,14.999999999992895,11.731581417175478
2018-12-20,Thursday,0.0,0.001988862370723946,0.001988862370723946,0.0007557677008750903,False,2.6315789473684528,2.6315789473684528
2018-12-21,Friday,0.004207119741100406,0.0,0.004207119741100406,0.0025080906148867497,False,1.6774193548387304,1.6774193548387304
2018-12-24,Monday,0.0003753910323253531,0.003169968717413935,0.003545359749739288,0.001668821689259683,False,2.1244688827792433,2.1244688827792433
2018-12-26,Wednesday,0.0003399481579058517,0.0029745463816768665,0.003314494539582718,0.0011473250329325211,False,2.8888888888887836,2.8888888888887836
2018-12-27,Thursday,0.0,0.0031229454306378177,0.0031229454306378177,0.0023011176857330794,False,1.3571428571428863,1.3571428571428863
2018-12-28,Friday,0.0012029989589508626,0.0008815044021103013,0.0020845033610611637,0.00020083388151757563,False,10.37924151696855,10.37924151696855
2018-12-31,Monday,0.00020024028834606075,0.0011213456147376897,0.0013215859030837505,0.000560672807368788,False,2.3571428571431756,2.3571428571431756
2019-01-02,Wednesday,0.0011808779216548255,0.0005700789966610261,0.0017509569183158514,0.0005700789966609103,False,3.0714285714289193,3.0714285714289193
2019-01-03,Thursday,0.0006865358210160225,0.0005653824408368257,0.0012519182618528483,0.00020192230029889092,False,6.199999999998636,6.199999999998636
2019-01-04,Friday,0.0004040893845718443,0.004566210045662082,0.004970299430233927,0.0018588111690306217,False,2.6739130434781924,2.6739130434781924
2019-01-07,Monday,0.002661408584677614,0.0009512108120962668,0.003612619396773881,0.00039633783837340696,False,9.115000000000698,9.115000000000698
2019-01-08,Tuesday,0.001796594282143335,0.00042962037181695686,0.002226214653960292,0.001171691923136832,False,1.9000000000002655,1.9000000000002655
2019-01-09,Wednesday,0.000698757763974961,3.881987577658287e-05,0.000737577639751544,0.0002329192546583939,False,3.166666666666509,3.166666666666509
2019-01-10,Thursday,0.0007405675085749834,0.0014031805425631964,0.0021437480511381796,0.0014031805425631964,False,1.5277777777777515,1.5277777777777515
2019-01-11,Friday,0.0008528784648188691,0.0013956193060671203,0.0022484977708859895,0.0007365768559798322,False,3.052631578947621,3.052631578947621
2019-01-15,Tuesday,0.00031054695081706487,0.0007763673770427725,0.0010869143278598374,0.00019409184426074828,False,5.5999999999981815,5.5999999999981815
2019-01-17,Thursday,0.0018087358091205326,0.0,0.0018087358091205326,0.0013469309216854566,False,1.3428571428571892,1.3428571428571892
2019-01-18,Friday,0.0006059687926070601,0.0,0.0006059687926070601,0.0003408574458414444,False,1.777777777777918,1.777777777777918
2019-01-23,Wednesday,0.00015167602002109668,0.0007962991051116197,0.0009479751251327164,0.0006446230850903075,False,1.4705882352939799,1.4705882352939799
2019-01-24,Thursday,0.0004927788939008963,0.0040559493574921085,0.004548728251393005,0.002160645919411672,False,2.105263157894742,2.105263157894742
2019-01-25,Friday,0.0008302513397236411,0.00011321609178062328,0.0009434674315042644,3.7738697260136256e-05,True,25.000000000022737,9.434674315042644
2019-01-29,Tuesday,0.0006815600151455887,0.0,0.0006815600151455887,0.00034078000757279433,False,2.0,2.0
2019-01-30,Wednesday,0.0007938308006349873,0.0042020110380283126,0.004995841838663299,0.0006426249338472785,False,7.774117647060632,7.774117647060632
2019-01-31,Thursday,0.0006349206349206943,0.0001493930905696376,0.0007843137254903319,0.00011241830065361142,False,6.976744186046687,6.976744186046687
2019-02-01,Friday,0.0035237388724035186,0.0,0.0035237388724035186,0.0028560830860533447,False,1.2337662337662483,1.2337662337662483
2019-02-05,Tuesday,0.0003672420124861032,0.00018362100624315594,0.0005508630187292591,0.00014689680499435775,False,3.750000000002842,3.750000000002842
2019-02-07,Thursday,0.0004428371097498138,0.00011070927743755833,0.0005535463871873721,0.0002583216473540231,False,2.142857142857839,2.142857142857839
2019-02-08,Friday,0.0003346346904630297,0.0005577244841047677,0.0008923591745677974,0.00014872652909470334,False,5.999999999997159,5.999999999997159
2019-02-11,Monday,7.369468292876913e-05,0.0005158627805003366,0.0005895574634291057,7.369468292876913e-05,True,7.999999999985788,5.895574634291057
2019-02-12,Tuesday,0.0,0.0004403992953611441,0.0004403992953611441,0.00033029947152096235,False,1.3333333333329123,1.3333333333329123
2019-02-13,Wednesday,0.0002910784456412492,0.0012370833939745853,0.0015281618396158344,0.00018192402852572906,False,8.399999999998407,8.399999999998407
2019-02-14,Thursday,0.0,0.004170595488503786,0.004170595488503786,0.004170595488503786,False,1.0,1.0
2019-02-15,Friday,0.0017456449794521632,0.00029094082990886613,0.002036585809361029,0.0015274393570206169,False,1.3333333333334687,1.3333333333334687
2019-02-20,Wednesday,0.0005045045045044554,0.00010810810810800978,0.0006126126126124651,0.0005045045045044554,False,1.21428571428554,1.21428571428554
2019-02-21,Thursday,0.00014378662065502162,0.0015816528272044204,0.001725439447859442,0.0005032531722922692,False,3.4285714285718925,3.4285714285718925
2019-02-25,Monday,0.00039228272886115614,3.566206626028939e-05,0.00042794479512144555,7.132413252017335e-05,True,6.000000000005684,4.279447951214455
2019-02-26,Tuesday,0.0002866150759529381,0.0008598452278590179,0.001146460303811956,0.0005732301519060798,False,1.9999999999996447,1.9999999999996447
2019-02-28,Thursday,0.001147035629794226,0.0002150691805864301,0.001362104810380656,0.000681052405190328,False,2.0,2.0
2019-03-06,Wednesday,0.0015794385813769753,0.000179481656974698,0.0017589202383516732,0.0013640605930073785,False,1.2894736842105656,1.2894736842105656
2019-03-07,Thursday,0.0007204610951008235,0.00046829971181554556,0.001188760806916369,0.0004322766570605351,False,2.749999999999763,2.749999999999763
2019-03-08,Friday,3.6511008068899576e-05,0.004052721895651589,0.004089232903720488,0.003176457701997169,False,1.2873563218390789,1.2873563218390789
2019-03-11,Monday,0.0016353526910636647,0.0,0.0016353526910636647,0.0016353526910636647,False,1.0,1.0
2019-03-12,Tuesday,0.0019376368007464225,0.0,0.0019376368007464225,0.0018299903118159635,False,1.0588235294118238,1.0588235294118238
2019-03-15,Friday,0.0004269247189412429,0.0004269247189412429,0.0008538494378824858,0.0004269247189412429,False,2.0,2.0
2019-03-21,Thursday,0.0008209301495519197,0.000571081843166738,0.0013920119927186576,0.0008209301495519197,False,1.6956521739132688,1.6956521739132688
2019-03-22,Friday,0.0010239751421207601,0.0004590233395713268,0.001482998481692087,0.0009886656544614582,False,1.4999999999998985,1.4999999999998985
2019-03-25,Monday,0.0003577945543667605,0.0006440301978604129,0.0010018247522271735,0.0006440301978604129,False,1.555555555555345,1.555555555555345
2019-03-26,Tuesday,0.0,0.0009614699807705356,0.0009614699807705356,0.0005341499893169192,False,1.8000000000001517,1.8000000000001517
2019-03-27,Wednesday,0.0015672306322350765,0.00039180765805881977,0.0019590382902938963,0.0014247551202136322,False,1.3750000000001066,1.3750000000001066
2019-03-28,Thursday,3.572704537351822e-05,0.0015719899964272875,0.0016077170418008057,0.0006073597713467634,False,2.6470588235303167,2.6470588235303167
2019-03-29,Friday,0.000709245008688211,0.00031916025390982597,0.001028405262598037,0.0006737827582538308,False,1.5263157894738102,1.5263157894738102
2019-04-01,Monday,0.0005975815523058179,0.0013357705286838985,0.0019333520809897164,0.00024606299212596023,False,7.857142857142974,7.857142857142974
2019-04-03,Wednesday,0.0008356255005048888,0.0,0.0008356255005048888,0.0008356255005048888,False,1.0,1.0
2019-04-05,Friday,0.0024689640783112964,0.0,0.0024689640783112964,0.002086448516882925,False,1.1833333333332543,1.1833333333332543
2019-04-08,Monday,0.00013880213755298933,0.0002776042751057814,0.00041640641265877073,0.00010410160316459405,False,4.00000000000379,4.00000000000379
2019-04-09,Tuesday,0.00010410160316459405,0.0003817058782705727,0.00048580748143516674,0.0,True,,4.858074814351667
2019-04-11,Thursday,0.0003809787690920819,0.0011429363072768361,0.001523915076368918,0.0002770754684308556,False,5.499999999997157,5.499999999997157
2019-04-12,Friday,3.447562573257569e-05,0.0006205612631869504,0.0006550368889195261,0.00037923188305872456,False,1.7272727272724924,1.7272727272724924
2019-04-16,Tuesday,0.0,0.0005497715012196962,0.0005497715012196962,0.0003092464694360547,False,1.777777777777918,1.777777777777918
2019-04-18,Thursday,0.0015196518615735225,3.453754230865424e-05,0.0015541894038821767,3.453754230865424e-05,True,44.99999999978968,15.541894038821766
2019-04-23,Tuesday,3.4389078028786766e-05,0.0005158361704323879,0.0005502252484611747,0.0005158361704323879,False,1.066666666666591,1.066666666666591
2019-04-25,Thursday,0.00023917723032764948,0.0005466908121776233,0.0007858680425052727,0.00017084087880551941,False,4.5999999999993175,4.5999999999993175
2019-04-26,Friday,0.0022957785087719847,0.00010279605263148547,0.0023985745614034703,0.0005139802631580117,False,4.66666666666553,4.66666666666553
2019-05-02,Thursday,0.0005139098259557944,0.0007879950664657332,0.0013019048924215277,0.0007879950664657332,False,1.652173913043328,1.652173913043328
2019-05-03,Friday,0.0014715947980835278,0.0015400410677617682,0.003011635865845296,0.0009240246406572165,False,3.259259259258776,3.259259259258776
2019-05-06,Monday,0.00013795957784376237,0.0011381665172104025,0.0012761260950541649,0.0008622473615230738,False,1.4800000000000182,1.4800000000000182
2019-05-08,Wednesday,6.960395350469358e-05,0.0018793067446229682,0.0019489106981276617,0.0013572770933388543,False,1.4358974358974919,1.4358974358974919
2019-05-09,Thursday,0.0002795638803466036,0.001502655856863317,0.0017822197372099205,0.0014327648867767156,False,1.2439024390242923,1.2439024390242923
2019-05-10,Friday,0.0012984734163888562,0.0013335672925074416,0.002632040708896298,0.0003860326373048382,False,6.818181818180974,6.818181818180974
2019-05-13,Monday,0.00038866511200626684,0.0015193272560243335,0.0019079923680306002,0.00010599957600159959,False,18.000000000017053,18.000000000017053
2019-05-14,Tuesday,0.0,0.0017353732823346404,0.0017353732823346404,0.0007437314067149609,False,2.3333333333329724,2.3333333333329724
2019-05-15,Wednesday,0.00038954600184153853,0.0029747149231531093,0.0033642609249946477,0.0028330618315745145,False,1.187499999999969,1.187499999999969
2019-05-16,Thursday,0.0009783368273935346,0.0,0.0009783368273935346,0.00027952480782663904,False,3.500000000001066,3.500000000001066
2019-05-17,Friday,0.0027698888538270766,7.01237684512528e-05,0.0028400126222783294,0.002419270011570414,False,1.1739130434782679,1.1739130434782679
2019-05-20,Monday,0.00010564496249594222,0.0012325245624538602,0.0013381695249498025,0.0004225798499841692,False,3.166666666666509,3.166666666666509
2019-05-22,Wednesday,0.0011577728660142476,0.0,0.0011577728660142476,0.0003508402624285961,False,3.299999999999659,3.299999999999659
2019-05-23,Thursday,0.002190193584852355,3.53257029814572e-05,0.002225519287833812,0.0011304224954076347,False,1.9687500000000275,1.9687500000000275
2019-05-29,Wednesday,0.000646087580760768,0.0003589375448672747,0.0010050251256280428,0.00046661880832733467,False,2.1538461538460196,2.1538461538460196
2019-05-30,Thursday,0.0006808571633340419,0.0002866767003511219,0.0009675338636851638,0.0006091879882463123,False,1.5882352941173914,1.5882352941173914
2019-05-31,Friday,0.0012315212929270682,0.0002177535442921114,0.0014492748372191796,0.0010503619382748253,False,1.3797861331490664,1.3797861331490664
2019-06-03,Monday,0.001055812429460675,0.0002548512760767218,0.0013106637055373968,0.000837368478537741,False,1.5652173913044232,1.5652173913044232
2019-06-04,Tuesday,0.0006859948730909402,0.0001444199732823788,0.0008304148463733191,0.0006498898797701916,False,1.2777777777782342,1.2777777777782342
2019-06-05,Wednesday,0.000603993462659049,0.000675051517089454,0.001279044979748503,0.0003552902721524293,False,3.5999999999993175,3.5999999999993175
2019-06-06,Thursday,0.0005286529921758556,0.001585958976527767,0.0021146119687036227,0.0014097413124692822,False,1.4999999999997868,1.4999999999997868
2019-06-07,Friday,0.0008404244143292681,0.002416220191196546,0.0032566446055258143,0.0017158665125888892,False,1.897959183673448,1.897959183673448
2019-06-10,Monday,0.0006918739405679892,0.0001383747881136765,0.0008302487286816658,6.918739405673993e-05,True,12.00000000001137,8.302487286816657
2019-06-11,Tuesday,0.0011351909184725976,0.0,0.0011351909184725976,0.0006535947712418223,False,1.736842105263095,1.736842105263095
2019-06-12,Wednesday,0.0011098779134294991,0.0,0.0011098779134294991,6.936736958928209e-05,True,16.00000000001421,11.098779134294992
2019-06-14,Friday,0.0005879301400657649,0.0005187618882931948,0.0011066920283589598,6.916825177257013e-05,True,15.999999999968738,11.066920283589598
2019-06-18,Tuesday,0.000343112026076592,0.0007205352547606092,0.0010636472808372012,0.000343112026076397,False,3.10000000000108,3.10000000000108
2019-06-20,Thursday,0.0008440528039434147,0.00013504844863101545,0.0009791012525744301,0.00010128633647330956,False,9.666666666657823,9.666666666657823
2019-06-21,Friday,0.0012593601089176466,0.0002722940776037579,0.0015316541865214046,0.0005445881552075158,False,2.812500000000489,2.812500000000489
2019-06-24,Monday,0.0006799020940984112,3.399510470508481e-05,0.0007138971988034959,0.0005779167799835432,False,1.2352941176475702,1.2352941176475702
2019-06-26,Wednesday,0.0,0.0020550760378132823,0.0020550760378132823,0.0020550760378132823,False,1.0,1.0
2019-07-01,Monday,3.370748643270605e-05,0.0004381973236255619,0.00047190481005826795,0.00037078235076014977,False,1.272727272726991,1.272727272726991
2019-07-05,Friday,0.001744556647767242,0.002751031636863801,0.004495588284631043,0.0026839333042574273,False,1.6749999999999448,1.6749999999999448
2019-07-10,Wednesday,0.004685814455231885,3.371089536135014e-05,0.0047195253505932355,0.004079018338727199,False,1.1570247933883762,1.1570247933883762
2019-07-11,Thursday,3.3394556687229604e-05,0.0018033060611119174,0.001836700617799147,0.0008348639171814994,False,2.1999999999998185,2.1999999999998185
2019-07-16,Tuesday,0.0003322479898995478,0.0004983719848496049,0.0008306199747491527,0.0004319223868695443,False,1.9230769230769902,1.9230769230769902
2019-07-18,Thursday,0.0008402231632721651,0.0,0.0008402231632721651,0.0003024803387778954,False,2.7777777777785495,2.7777777777785495
2019-07-25,Thursday,0.0004637757975286923,0.00029814158412572243,0.0007619173816544148,9.938052804197024e-05,True,7.666666666659719,7.619173816544147
2019-07-26,Friday,0.000798668885191378,0.0006988352745423611,0.001497504159733739,0.0006655574043260853,False,2.2500000000000706,2.2500000000000706
2019-08-01,Thursday,0.00067204301075265,3.360215053779485e-05,0.0007056451612904448,0.00033602150537622946,False,2.10000000000108,2.10000000000108
2019-08-02,Friday,0.0004084133142740608,0.003131168742767735,0.003539582057041796,0.0005785855285549517,False,6.117647058823078,6.117647058823078
2019-08-05,Monday,0.0002771426591837597,0.0009699993071434544,0.001247141966327214,0.0009699993071434544,False,1.2857142857141985,1.2857142857141985
2019-08-06,Tuesday,0.0017192379214764715,0.00035086488193384756,0.002070102803410319,0.0002105189291603883,False,9.833333333332545,9.833333333332545
2019-08-07,Wednesday,0.00010476323508860425,0.004714345578991559,0.0048191088140801626,0.0037365553848302596,False,1.2897196261682282,1.2897196261682282
2019-08-08,Thursday,0.0016636628309996471,0.00034659642312479514,0.0020102592541244423,0.0014210453348122314,False,1.4146341463413383,1.4146341463413383
2019-08-09,Friday,0.00013690190978171148,0.0009583133684715914,0.0010952152782533029,0.0002395783421178492,False,4.571428571429732,4.571428571429732
2019-08-12,Monday,0.000689702738119831,0.0014138906131458203,0.002103593351265651,0.0007931581488379135,False,2.6521739130433275,2.6521739130433275
2019-08-13,Tuesday,0.0,0.002957550452331127,0.002957550452331127,0.001043841336116752,False,2.8333333333336492,2.8333333333336492
2019-08-14,Wednesday,0.00027672085783460423,0.002179176755447926,0.0024558976132825305,0.0010377032168800116,False,2.366666666666509,2.366666666666509
2019-08-15,Thursday,0.0026320407088962976,0.0008422530268468472,0.0034742937357431446,0.000736971398491091,False,4.714285714284941,4.714285714284941
2019-08-16,Friday,0.00041765279131283776,0.0010789363775581312,0.0014965891688709689,0.0010441319782820944,False,1.4333333333333016,1.4333333333333016
2019-08-19,Monday,0.0012336794489565595,0.0,0.0012336794489565595,0.0010623350810458937,False,1.1612903225806808,1.1612903225806808
2019-08-20,Tuesday,0.000546784225274992,0.0010252204223908528,0.001572004647665845,0.0009226983801516705,False,1.7037037037037426,1.7037037037037426
2019-08-21,Wednesday,0.00013701445502507524,0.0003082825238061759,0.00044529697883125116,3.425361375622013e-05,True,13.00000000001137,4.452969788312512
2019-08-22,Thursday,0.0,0.0006135805835833339,0.0006135805835833339,0.0005794927733842921,False,1.0588235294117057,1.0588235294117057
2019-08-23,Friday,0.0009976263373353762,0.0010664281537032655,0.0020640544910386417,6.880181636788954e-05,True,30.00000000002842,20.640544910386417
2019-08-26,Monday,0.001533528509689104,0.0003833821274223255,0.0019169106371114296,0.001463822668339464,False,1.3095238095239643,1.3095238095239643
2019-08-27,Tuesday,0.00027651043826898967,0.0008295313148071655,0.0011060417530761551,0.00027651043826898967,False,4.0000000000007105,4.0000000000007105
2019-08-29,Thursday,0.0001027538018907712,0.0006850253459377608,0.0007877791478285319,0.0004452664748595543,False,1.7692307692309708,1.7692307692309708
2019-08-30,Friday,0.0003253302543552722,0.0001697965836927747,0.0004951268380480469,0.00010187795021574203,False,4.859999999995491,4.859999999995491
2019-09-03,Tuesday,0.005639420927753469,0.00024070699081872417,0.005880127918572193,0.0012035349540938163,False,4.8857142857139095,4.8857142857139095
2019-09-04,Wednesday,0.00044281574910504074,0.00017044486108747697,0.0006132606101925177,0.0,True,,6.132606101925177
2019-09-05,Thursday,0.0005393016044221658,0.00013482540110563727,0.0006741270055278031,0.0003707698530403588,False,1.8181818181814893,1.8181818181814893
2019-09-06,Friday,0.0015409352807183318,0.001741926839072698,0.0032828621197910296,0.0006029746750636703,False,5.444444444444338,5.444444444444338
2019-09-12,Thursday,0.0011627134409674532,6.64407680552183e-05,0.0012291542090226714,0.0009301707527740003,False,1.3214285714284482,1.3214285714284482
2019-09-19,Thursday,0.00046503903006140626,0.000365387809334043,0.0008304268393954492,0.0002657365886064909,False,3.1250000000006217,3.1250000000006217
2019-09-20,Friday,0.00046665111162956687,0.0004333188893703392,0.000899970000999906,0.00029999000033342836,False,2.9999999999987366,2.9999999999987366
2019-09-23,Monday,0.00016795431642597033,0.0004030903594222524,0.0005710446758482228,0.00016795431642597033,False,3.3999999999995456,3.3999999999995456
2019-09-24,Tuesday,6.678688305629685e-05,0.0007680491551458003,0.0008348360382020971,0.0007680491551458003,False,1.0869565217393131,1.0869565217393131
2019-09-26,Thursday,0.00016767270288400862,0.0018443997317237136,0.0020120724346077224,0.0009054325955733796,False,2.2222222222224564,2.2222222222224564
2019-09-27,Friday,0.00047006681664051036,0.0006379478225833453,0.0011080146392238558,0.00026860960950872675,False,4.125000000001332,4.125000000001332
2019-09-30,Monday,0.00013515339910805671,0.0013177456413028328,0.0014528990404108896,0.0008109203946477641,False,1.7916666666670515,1.7916666666670515
2019-10-01,Tuesday,0.0009071666162684602,0.0028894936666331137,0.003796660282901574,0.0009071666162684602,False,4.18518518518545,4.18518518518545
2019-10-02,Wednesday,0.00017130327531866303,0.0013704262025489148,0.001541729477867578,0.0010281622584623349,False,1.4995001666111603,1.4995001666111603
2019-10-03,Thursday,0.0008691117677733357,0.00041717364853121697,0.0012862854163045528,0.00010429341213290304,False,12.333333333321335,12.333333333321335
2019-10-04,Friday,0.006251079260922128,0.00041443619409429995,0.0066655154550164285,0.004075289241927152,False,1.6355932203389794,1.6355932203389794
2019-10-08,Tuesday,0.00044619873004975267,0.0012013042732109927,0.0016475030032607454,6.864595846913269e-05,True,24.000000000022737,16.475030032607453
2019-10-09,Wednesday,0.0001374334306818884,0.0013743343068202511,0.0015117677375021395,0.0009620340147741953,False,1.5714285714283973,1.5714285714283973
2019-10-10,Thursday,0.001341404691476874,0.0,0.001341404691476874,0.000963059778496157,False,1.39285714285723,1.39285714285723
2019-10-11,Friday,0.0008102633355840955,0.0,0.0008102633355840955,0.0006076975016880717,False,1.3333333333333333,1.3333333333333333
2019-10-14,Monday,0.00027045300878966895,0.0005070993914808455,0.0007775524002705144,0.0004056795131845995,False,1.9166666666667453,1.9166666666667453
2019-10-16,Wednesday,0.00040175432722891474,0.0011717834544176997,0.0015735377816466145,0.00043523385449795925,False,3.615384615384952,3.615384615384952
2019-10-17,Thursday,0.0008685775372487732,3.340682835568553e-05,0.0009019843656044587,0.0006347297387585947,False,1.4210526315791678,1.4210526315791678
2019-10-21,Monday,0.0013365410318097906,0.00026730820636188213,0.0016038492381716728,0.0010024057738572956,False,1.5999999999999999,1.5999999999999999
2019-10-22,Tuesday,0.0004325259515570783,6.654245408564616e-05,0.0004990684056427245,9.981368112846923e-05,True,5.00000000000379,4.990684056427244
2019-10-25,Friday,0.0,0.0008666377787406784,0.0008666377787406784,0.0006666444451851226,False,1.3000000000000285,1.3000000000000285
2019-10-31,Thursday,0.0010204753439989542,0.0002633484758706435,0.0012838238198695977,0.0004937783922576672,False,2.5999999999993175,2.5999999999993175
2019-11-01,Friday,0.0032929399367755533,0.0,0.0032929399367755533,0.003062434141201287,False,1.0752688172042932,1.0752688172042932
2019-11-04,Monday,0.00136527646848492,0.0,0.00136527646848492,0.0009751974774892285,False,1.4000000000000001,1.4000000000000001
2019-11-07,Thursday,0.00029167746953582765,0.0002592688618096451,0.0005509463313454727,0.00019445164635727987,False,2.8333333333325434,2.8333333333325434
2019-11-18,Monday,0.0005779975595658815,0.0003853317063772543,0.0009633292659431358,0.0003532207308456644,False,2.7272727272739012,2.7272727272739012
2019-11-19,Tuesday,0.00019182812200269287,0.000383656244005204,0.0005754843660078969,0.00031971353667103363,False,1.8000000000001137,1.8000000000001137
2019-11-21,Thursday,0.00028915662650594374,0.0005140562248996788,0.0008032128514056225,0.0003534136546185177,False,2.272727272726991,2.272727272726991
2019-11-22,Friday,0.0006113059425372341,0.000321739969756516,0.0009330459122937501,6.434799395123005e-05,True,14.500000000014209,9.3304591229375
2019-12-03,Tuesday,0.0001292574161443174,0.0013895172235507233,0.0015187746396950407,0.0005170296645769023,False,2.9375000000007545,2.9375000000007545
2019-12-04,Wednesday,6.439564685439711e-05,0.0009015390559597293,0.0009659347028141264,0.0009015390559597293,False,1.0714285714287164,1.0714285714287164
2019-12-05,Thursday,0.00016008196196456225,0.0007683934174295712,0.0009284753793941334,0.00028814753153606645,False,3.2222222222227135,3.2222222222227135
2019-12-06,Friday,0.0046078525487184335,0.00044798566445869366,0.005055838213177127,0.003967873028063131,False,1.2741935483870745,1.2741935483870745
2019-12-10,Tuesday,0.0035745061117671614,0.00038298279768935167,0.003957488909456513,0.0027127948169662105,False,1.4588235294117364,1.4588235294117364
2019-12-12,Thursday,0.00019084576481440973,0.0011768822163554966,0.0013677279811699064,0.0006361525493813055,False,2.1500000000001567,2.1500000000001567
2019-12-13,Friday,0.0016364551863040718,0.0006747230614300476,0.0023111782477341193,0.0006294058408861676,False,3.6720000000001773,3.6720000000001773
2019-12-19,Thursday,0.0,0.0006882527764741763,0.0006882527764741763,0.0002502737368996843,False,2.7500000000001776,2.7500000000001776
2019-12-20,Friday,0.0005315988617528974,0.0001250820851184229,0.0006566809468713204,0.0005315988617528974,False,1.2352941176472358,1.2352941176472358
2019-12-23,Monday,0.00037290242386576924,6.215040397774597e-05,0.0004350528278435152,0.00031044126786821313,False,1.4014014014019602,1.4014014014019602
2020-01-02,Thursday,0.0005866732538751242,3.0877539677610404e-05,0.0006175507935527346,0.0005557957141975138,False,1.1111111111110057,1.1111111111110057
2020-01-03,Friday,0.0,0.0013346576447948563,0.0013346576447948563,0.0009932335961263677,False,1.34375000000005,1.34375000000005
2020-01-06,Monday,9.287829203667157e-05,0.0005921770297646805,0.000685055321801352,0.00021817048465030395,False,3.1399999999972388,3.1399999999972388
2020-01-07,Tuesday,0.002194812822652878,0.0008037342730841476,0.002998547095737026,0.0007109957031129809,False,4.217391304347364,4.217391304347364
2020-01-08,Wednesday,0.0002473104983306049,0.0006182762458267759,0.0008655867441573808,0.0005564486212439928,False,1.5555555555556608,1.5555555555556608
2020-01-10,Friday,0.0010392786183708754,0.0009170105456211357,0.001956289163992011,0.0005807733455601337,False,3.3684210526315472,3.3684210526315472
2020-01-14,Tuesday,0.0006407518154634147,0.0006407518154635881,0.0012815036309270027,0.000396655885763091,False,3.230769230769466,3.230769230769466
2020-01-16,Thursday,0.0003944773175542268,0.00012137763617059767,0.0005158549537248244,0.00021241086329841657,False,2.428571428571892,2.428571428571892
2020-01-17,Friday,0.0010553294135384375,0.0,0.0010553294135384375,0.0009045680687472076,False,1.1666666666666983,1.1666666666666983
2020-01-23,Thursday,0.0008465608465607641,0.00012093726379446853,0.0009674981103552326,0.00012093726379446853,False,7.999999999995736,7.999999999995736
2020-01-24,Friday,0.00027064413303655194,0.0003307872737114742,0.0006014314067480261,0.0001202862813496736,False,4.999999999997158,4.999999999997158
2020-01-27,Monday,0.0004940558900724661,0.0011425042457928192,0.0016365601358652852,0.000617569862590846,False,2.6499999999992605,2.6499999999992605
2020-01-28,Tuesday,0.00043021326286026164,0.00039948374408455364,0.0008296970069448153,0.00036875422530884564,False,2.249999999999763,2.249999999999763
2020-01-29,Wednesday,0.0002132845825715819,0.0009750152346130201,0.001188299817184602,0.0008226691042046978,False,1.4444444444444913,1.4444444444444913
2020-01-30,Thursday,0.0017870347547448364,0.0008010845452304378,0.002588119299975274,0.00027729849642585343,False,9.333333333335649,9.333333333335649
2020-01-31,Friday,0.0006422804012724382,0.0007952043063371389,0.001437484707609577,0.0002446782481036949,False,5.87500000000151,5.87500000000151
2020-02-03,Monday,0.00012343393198796661,0.0009566129729062589,0.0010800469048942256,0.0008948960069123633,False,1.2068965517241312,1.2068965517241312
2020-02-04,Tuesday,0.000731350560701951,6.094588005862583e-05,0.0007922964407605769,0.0005180399804971936,False,1.529411764706197,1.529411764706197
2020-02-05,Wednesday,0.0004214455582648074,0.00018061952497065617,0.0006020650832354636,0.00018061952497065617,False,3.333333333333018,3.333333333333018
2020-02-06,Thursday,0.00041888576386806995,0.00032912452875355643,0.0007480102926216264,0.0002393632936390429,False,3.1249999999984013,3.1249999999984013
2020-02-07,Friday,0.001049003446725679,0.00326689644837397,0.004315899895099649,0.0027274089614864926,False,1.5824175824176352,1.5824175824176352
2020-02-10,Monday,0.00012043476951802145,0.0006623912323486901,0.0007828260018667116,0.0004516303856922809,False,1.7333333333335355,1.7333333333335355
2020-02-11,Tuesday,0.00035722791140749147,0.000863300785901466,0.0012205286973089573,0.00038699690402475427,False,3.153846153846456,3.153846153846456
2020-02-13,Thursday,0.00044662795891016005,0.0006550543397350819,0.0011016822986452419,0.0003573023671281957,False,3.083333333333254,3.083333333333254
2020-02-14,Friday,0.0,0.0014791586545572879,0.0014791586545572879,0.0013312427891015255,False,1.1111111111111391,1.1111111111111391
2020-02-18,Tuesday,0.0005942829975634059,0.00011885659951274875,0.0007131395970761547,5.942829975628992e-05,True,12.000000000011369,7.131395970761546
2020-02-21,Friday,5.960008344006261e-05,0.0009238012933218175,0.00098340137676188,0.00011920016688029461,False,8.249999999995381,8.249999999995381
2020-02-24,Monday,0.0004304645942870779,0.0017218583771484864,0.0021523229714355643,0.0010146665436769084,False,2.1212121212118236,2.1212121212118236
2020-02-25,Tuesday,0.0008650786294682012,0.0007106003027775765,0.0015756789322457776,0.00012358266135249982,False,12.750000000011369,12.750000000011369
2020-02-26,Wednesday,0.0018771874005726215,0.0002863506204264455,0.002163538020999067,0.00015908367801467185,False,13.599999999997046,13.599999999997046
2020-02-27,Thursday,0.0011400651465798787,0.0013029315960911311,0.00244299674267101,0.000553745928338814,False,4.41176470588194,4.41176470588194
2020-02-28,Friday,0.014769083839279568,0.004365918548332183,0.019135002387611753,0.002319394228801442,False,8.249999999999938,8.249999999999938
2020-03-02,Monday,0.0032417676164476663,0.0013649547858728343,0.0046067224023205,0.00013649547858714765,False,33.750000000031264,33.750000000031264
2020-03-03,Tuesday,0.0010717414581914483,0.0075927187773775105,0.008664460235568959,0.0048022323891106725,False,1.804256756756733,1.804256756756733
2020-03-04,Wednesday,0.0010794190762788958,0.0011775480832134425,0.002256967159492338,0.0008504513934318687,False,2.6538461538462377,2.6538461538462377
2020-03-05,Thursday,0.0019710906701709027,0.0011826544021023549,0.0031537450722732576,0.0018068331143232964,False,1.745454545454472,1.745454545454472
2020-03-06,Friday,0.00532296038489099,0.0011942539325074757,0.0065172143173984655,0.00037533695021671834,False,17.363636363633923,17.363636363633923
2020-03-09,Monday,0.002969078137446568,0.0015931638786298708,0.004562242016076439,0.00293286986747774,False,1.55555555555554,1.55555555555554
2020-03-10,Tuesday,0.002326729182824396,0.004688711838116198,0.007015441020940594,0.004336177113445738,False,1.617886178861772,1.617886178861772
2020-03-11,Wednesday,0.03413409824309802,0.004302617425600533,0.03843671566869856,0.002545715310146933,False,15.098591549296248,15.098591549296248
2020-03-12,Thursday,0.004580270197451976,0.0012701589623185562,0.005850429159770532,0.00023093799314884828,False,25.33333333333207,25.33333333333207
2020-03-13,Friday,0.0036663611365720917,0.0005346776657500243,0.004201038802322116,0.001413076688053791,False,2.9729729729729977,2.9729729729729977
2020-03-16,Monday,0.00020574438317826906,0.008641264093490341,0.00884700847666861,0.008270924203769316,False,1.069651741293525,1.069651741293525
2020-03-17,Tuesday,0.0024092449671281125,0.005676017803911905,0.008085262771040018,0.0024092449671279962,False,3.3559322033899557,3.3559322033899557
2020-03-18,Wednesday,0.00021012817818874289,0.0052532044547173775,0.00546333263290612,0.005001050640890934,False,1.0924369747899276,1.0924369747899276
2020-03-19,Thursday,0.011420292325393135,0.0006818084970383799,0.012102100822431515,0.010397579579835626,False,1.163934426229497,1.163934426229497
2020-03-20,Friday,0.006965174129353263,0.0,0.006965174129353263,0.0025704809286899027,False,2.70967741935483,2.70967741935483
2020-03-23,Monday,0.0,0.017070367374739222,0.017070367374739222,0.004299518964709851,False,3.9702970297029965,3.9702970297029965
2020-03-24,Tuesday,0.0012518345851678843,0.0034965034965035065,0.0047483380816713905,0.002460502460502431,False,1.9298245614035219,1.9298245614035219
2020-03-25,Wednesday,0.03134835183037942,0.0007454033460327083,0.03209375517641213,0.0021533874440947914,False,14.903846153845862,14.903846153845862
2020-03-26,Thursday,0.01701244813278006,0.002780082987551815,0.019792531120331875,0.010954356846472972,False,1.8068181818181843,1.8068181818181843
2020-03-27,Friday,0.002623952377222478,0.0043863084514764806,0.007010260828698958,0.003446385211874346,False,2.0340909090909105,2.0340909090909105
2020-03-30,Monday,0.004242448049652404,0.00043210119024231144,0.004674549239894715,0.003456809521938938,False,1.3522727272727315,1.3522727272727315
2020-03-31,Tuesday,0.0032837550705040208,0.0009658103148541626,0.004249565385358183,0.0002317944755650078,False,18.333333333332067,18.333333333332067
2020-04-01,Wednesday,0.002657967862752191,0.0002416334420683914,0.0028996013048205823,0.0024163344206838,False,1.2000000000000093,1.2000000000000093
2020-04-02,Thursday,0.0019286403085825225,0.014504982320797112,0.016433622629379634,0.009080681452908997,False,1.8097345132743448,1.8097345132743448
2020-04-03,Friday,0.008356657337065188,0.005397840863654515,0.013754498200719703,0.003598560575769715,False,3.8222222222221953,3.8222222222221953
2020-04-06,Monday,0.0024508850418206397,0.0004668352460610953,0.002917720287881735,0.00213966154444665,False,1.3636363636363353,1.3636363636363353
2020-04-07,Tuesday,0.0051138663036679535,0.00011037121518718795,0.005224237518855142,0.004893123873293786,False,1.0676691729323557,1.0676691729323557
2020-04-08,Wednesday,0.0014589802102427383,0.002020126444951631,0.0034791066551943693,0.0009726534734951589,False,3.576923076923228,3.576923076923228
2020-04-09,Thursday,0.011661700327410573,0.002685501968141711,0.014347202295552284,0.009454438435787048,False,1.5175097276264544,1.5175097276264544
2020-04-13,Monday,0.0014074849326935048,0.001190948789202007,0.002598433721895512,0.0006856977877223925,False,3.7894736842107157,3.7894736842107157
2020-04-14,Tuesday,0.0004994470407762347,0.002033462951731987,0.0025329099925082213,0.0012846491384538139,False,1.971674534851436,1.971674534851436
2020-04-15,Wednesday,0.0009716424355836398,0.0031308478479919553,0.004102490283575595,0.002878940549877686,False,1.4249999999999625,1.4249999999999625
2020-04-16,Thursday,0.007079709624092673,0.0,0.007079709624092673,0.0019046934521671443,False,3.7169811320753157,3.7169811320753157
2020-04-17,Friday,0.0007329842931936459,0.0022338568935427097,0.0029668411867363556,0.0020244328097730685,False,1.4655172413792916,1.4655172413792916
2020-04-20,Monday,0.001382978723404207,0.0011361702127659803,0.002519148936170187,0.001134751773049621,False,2.220000000000025,2.220000000000025
2020-04-21,Tuesday,0.0003255443825509363,0.0031107574332632456,0.003436301815814182,0.0020256094914273396,False,1.6964285714285443,1.6964285714285443
2020-04-22,Wednesday,0.0026366164625998417,0.0003611803373425172,0.002997796799942359,0.0024560262939285833,False,1.2205882352941655,1.2205882352941655
2020-04-23,Thursday,0.0017161857771104373,0.0010368622403375896,0.0027530480174480267,0.001358647073545695,False,2.0263157894738097,2.0263157894738097
2020-04-24,Friday,0.003319415888442436,0.0,0.003319415888442436,0.00260563975932894,False,1.2739350773866465,1.2739350773866465
2020-04-27,Monday,0.0017482517482517483,0.0008041958041958678,0.002552447552447616,0.0003496503496504292,False,7.299999999998522,7.299999999998522
2020-04-28,Tuesday,0.0010655484137077726,0.0004468428831677567,0.0015123912968755292,0.00030935276526991026,False,4.888888888890222,4.888888888890222
2020-04-29,Wednesday,0.009281943342189703,0.000310548290259049,0.009592491632448751,0.003139988268175788,False,3.0549450549449406,3.0549450549449406
2020-04-30,Thursday,0.0021184268971879746,0.0025967813578432735,0.004715208255031248,0.00177674513957713,False,2.6538461538459477,2.6538461538459477
2020-05-01,Friday,0.0007380073800737288,0.0007028641714988178,0.0014408715515725466,0.0003162888771745979,False,4.55555555555359,4.55555555555359
2020-05-04,Monday,0.0003915148063781807,0.001352505694760804,0.0017440205011389847,0.000676252847380402,False,2.5789473684211313,2.5789473684211313
2020-05-05,Tuesday,0.0002441746895492995,0.0013604018417747536,0.0016045765313240532,0.00041858518208457004,False,3.833333333333018,3.833333333333018
2020-05-06,Wednesday,0.0008004176091872676,0.0016704367496085545,0.002470854358795822,0.001218026796589604,False,2.028571428571238,2.028571428571238
2020-05-07,Thursday,0.0009032795997778202,0.0012854363535295572,0.0021887159533073774,0.0009032795997778202,False,2.4230769230764606,2.4230769230764606
2020-05-08,Friday,0.004436648782501103,0.0,0.004436648782501103,0.0022699133305820094,False,1.9545454545454115,1.9545454545454115
2020-05-11,Monday,0.0009658836110249735,0.0018976163372313164,0.0028634999482562897,0.0016213046327916466,False,1.7661702127661023,1.7661702127661023
2020-05-12,Tuesday,0.0006473594548551881,0.001328790459965882,0.0019761499148210704,0.0005792163543441768,False,3.4117647058819407,3.4117647058819407
2020-05-13,Wednesday,0.0008348697255364116,0.002504609176609828,0.0033394789021462395,0.0019480293595853558,False,1.7142857142856707,1.7142857142856707
2020-05-14,Thursday,0.0008225154668669964,0.004792046633050728,0.005614562099917724,0.004756285091013068,False,1.180451127819558,1.180451127819558
2020-05-15,Friday,0.0001416129717482846,0.00343411456489404,0.0035757275366423242,0.0018409686327266934,False,1.9423076923077427,1.9423076923077427
2020-05-18,Monday,0.0009211873080859154,0.0010235414534289025,0.001944728761514818,0.000682360968952537,False,2.850000000000128,2.850000000000128
2020-05-19,Tuesday,0.0013940362449422602,0.0003740097242528769,0.0017680459691951371,0.001326034476896353,False,1.3333333333333333,1.3333333333333333
2020-05-20,Wednesday,0.0,0.0016224986479176629,0.0016224986479176629,0.00013520822065969315,False,12.000000000009948,12.000000000009948
2020-05-21,Thursday,0.002704530087897266,0.0006761325219742685,0.0033806626098715343,0.002535496957403651,False,1.3333333333333333,1.3333333333333333
2020-05-22,Friday,0.0005095801059925848,0.0006794401413235107,0.0011890202473160954,0.0004076640847941451,False,2.9166666666662713,2.9166666666662713
2020-05-26,Tuesday,0.0009625277971388483,0.0007633841149723462,0.0017259119121111944,0.0008961465697500142,False,1.9259259259259884,1.9259259259259884
2020-05-27,Wednesday,0.0006268765053284429,0.0005938830050478405,0.0012207595103762834,0.0004982018542347503,False,2.4503311258272986,2.4503311258272986
2020-05-28,Thursday,0.00200591910555724,0.0009536336731339048,0.002959552778691145,0.00013153567905282347,False,22.500000000019895,22.500000000019895
2020-05-29,Friday,0.0004290145864959259,0.0018480628341363682,0.002277077420632294,0.0003960134644578066,False,5.749999999999763,5.749999999999763
2020-06-01,Monday,0.0018737056638506071,0.0021366818973734504,0.0040103875612240575,0.0009861608757107082,False,4.066666666667185,4.066666666667185
2020-06-03,Wednesday,0.00048426150121058035,0.00012913640032290706,0.0006133979015334874,9.685230024204267e-05,True,6.333333333339017,6.133979015334874
2020-06-04,Thursday,0.0006752411575562043,0.0038906752411574904,0.004565916398713695,0.0035048231511253217,False,1.3027522935779738,1.3027522935779738
2020-06-05,Friday,0.009304696960040838,0.00015932700274046068,0.0094640239627813,0.007297176725511505,False,1.2969432314410485,1.2969432314410485
2020-06-08,Monday,0.0004982095593959988,0.0007473143390937327,0.0012455238984897315,0.0005916238517826491,False,2.105263157894642,2.105263157894642
2020-06-09,Tuesday,0.0005927312431757845,0.0020589611605054594,0.002651692403681244,0.001684604585868103,False,1.5740740740740566,1.5740740740740566
2020-06-10,Wednesday,0.0006215813028343755,0.0007458975634013212,0.0013674788662356966,0.0004972650422674297,False,2.750000000000533,2.750000000000533
2020-06-11,Thursday,0.00028921237828971044,0.0032777402872842375,0.003566952665573948,0.0020566213567273575,False,1.7343749999999696,1.7343749999999696
2020-06-12,Friday,0.004604081632653143,0.00013061224489802601,0.004734693877551169,0.004048979591836765,False,1.1693548387097055,1.1693548387097055
2020-06-15,Monday,0.002551876972668024,0.00030219595728955405,0.002854072929957578,0.00030219595728955405,False,9.44444444444669,9.44444444444669
2020-06-16,Tuesday,0.006981859916472719,0.0001275225555520785,0.007109382472024798,0.006663053527592613,False,1.0669856459330358,1.0669856459330358
2020-06-17,Wednesday,0.0006356268870174654,0.0010170030192276918,0.0016526299062451571,0.0006038455426664476,False,2.736842105263394,2.736842105263394
2020-06-18,Thursday,0.0012896985329680288,0.002256972432693821,0.00354667096566185,0.00041915202321455897,False,8.461538461538932,8.461538461538932
2020-06-19,Friday,0.0018838404802195951,0.0,0.0018838404802195951,0.0008940259906128215,False,2.1071428571425455,2.1071428571425455
2020-06-22,Monday,9.720062208407711e-05,0.002397615344738236,0.002494815966822313,0.002073613271124891,False,1.203125000000086,1.203125000000086
2020-06-23,Tuesday,0.00028625043732697747,0.000508889666359292,0.0007951401036862694,0.0001272224165898682,False,6.249999999996802,6.249999999996802
2020-06-24,Wednesday,3.2243502934129445e-05,0.0017411491584444561,0.0017733926613785855,0.0011607661056297596,False,1.5277777777775934,1.5277777777775934
2020-06-25,Thursday,0.003468208092485587,0.0023781998348473238,0.005846407927332911,0.0005615194054500939,False,10.411764705881605,10.411764705881605
2020-06-26,Friday,0.0008477339419628005,0.0007825236387349498,0.0016302575806977503,0.0004564721225953256,False,3.57142857142892,3.57142857142892
2020-06-29,Monday,0.0004968532626698712,0.0018549188473004382,0.0023517721099703096,0.0013911891354751874,False,1.690476190476442,1.690476190476442
2020-06-30,Tuesday,0.00029596501035888007,0.0013811700483408172,0.0016771350586996972,0.00046039001611360576,False,3.6428571428574323,3.6428571428574323
2020-07-01,Wednesday,0.002664760171584535,0.00019498245157936522,0.0028597426231639004,0.0012998830105289785,False,2.200000000000114,2.200000000000114
2020-07-02,Thursday,0.005948383382903238,0.0002878250023984617,0.0062362083853017,0.0036777639195368487,False,1.6956521739130672,1.6956521739130672
2020-07-06,Monday,0.00037853695467021404,0.00044162644711518995,0.000820163401785404,0.00028390271600257087,False,2.888888888889591,2.888888888889591
2020-07-07,Tuesday,0.0,0.001015776275275349,0.001015776275275349,0.0003174300860234451,False,3.2000000000010234,3.2000000000010234
2020-07-08,Wednesday,0.0,0.0014003819223424498,0.0014003819223424498,0.0010821133036281827,False,1.294117647058912,1.294117647058912
2020-07-09,Thursday,0.0009153173626235536,0.00015781333838339604,0.0010731307010069496,0.0009153173626235536,False,1.1724137931034753,1.1724137931034753
2020-07-10,Friday,0.006884406019852633,0.0,0.006884406019852633,0.0037143772014088,False,1.8534482758621,1.8534482758621
2020-07-13,Monday,0.0,0.0005936757905261771,0.0005936757905261771,0.0003437070366204651,False,1.7272727272724921,1.7272727272724921
2020-07-14,Tuesday,0.00015837319058633356,0.0040226790408919005,0.004181052231478234,0.00266066960184972,False,1.5714285714286103,1.5714285714286103
2020-07-15,Wednesday,0.0010224315280703436,6.196554715572503e-05,0.0010843970752260686,0.0007435865658694048,False,1.458333333333136,1.458333333333136
2020-07-16,Thursday,0.00021874999999997867,0.0021250000000000214,0.00234375,0.001437499999999936,False,1.6304347826087682,1.6304347826087682
2020-07-20,Monday,0.0007168905650968369,0.00031169155004197205,0.001028582115138809,0.0004363681700590444,False,2.3571428571420157,2.3571428571420157
2020-07-21,Tuesday,0.00015295197308048752,0.0007647598654022638,0.0009177118384827513,6.118078923229934e-05,True,14.99999999997158,9.177118384827512
2020-07-22,Wednesday,0.00015399303951464896,0.0010471526686992977,0.0012011457082139467,0.0003387846869321927,False,3.545454545453982,3.545454545453982
2020-07-24,Friday,0.0,0.0010252267925934637,0.0010252267925934637,0.00031067478563446855,False,3.2999999999990908,3.2999999999990908
2020-07-27,Monday,0.0,0.0018930577537783994,0.0018930577537783994,0.0018620240201099299,False,1.0166666666666508,1.0166666666666508
2020-07-28,Tuesday,0.000527720866703967,0.00034146644316140076,0.0008691873098653677,0.0004656360588565037,False,1.8666666666664393,1.8666666666664393
2020-07-29,Wednesday,0.000155072418819624,0.0009304345129175677,0.0010855069317371917,0.0007133331265701646,False,1.5217391304347612,1.5217391304347612
2020-07-30,Thursday,0.0008365608055770157,0.0010844306738962749,0.0019209914794732904,0.00037180480247871276,False,5.166666666666509,5.166666666666509
2020-07-31,Friday,0.0034681726106439,0.0003683015161745889,0.0038364741268184887,0.0003072248480756173,False,12.487512487512783,12.487512487512783
2020-08-03,Monday,0.00018268733063362747,0.00039582254970616404,0.0005785098803397916,9.13436653167272e-05,True,6.333333333339018,5.785098803397916
2020-08-05,Wednesday,0.0007535795026375283,0.0004521477015824484,0.0012057272042199766,0.0004822908816880935,False,2.499999999999467,2.499999999999467
2020-08-06,Thursday,0.0031135697228015257,0.00012091532904090102,0.0032344850518424267,0.002901967896980078,False,1.11458333333335,1.11458333333335
2020-08-07,Friday,0.0028772665967332126,0.0008691742844296827,0.0037464408811628954,0.0005095159598380311,False,7.352941176472359,7.352941176472359
2020-08-11,Tuesday,0.0007414217503484682,0.0005041667902370056,0.0012455885405854737,0.00038553931018119,False,3.2307692307694658,3.2307692307694658
2020-08-12,Wednesday,0.0013422018074985699,0.0011035881528320595,0.0024457899603306296,0.0007754943776657348,False,3.153846153846457,3.153846153846457
2020-08-13,Thursday,0.002167780252412823,0.0,0.002167780252412823,0.002048997772828501,False,1.0579710144927834,1.0579710144927834
2020-08-14,Friday,0.001247623574144534,0.0008020437262356875,0.0020496673003802214,0.00023764258555128353,False,8.625000000001688,8.625000000001688
2020-08-17,Monday,0.0010075865339022492,0.0002074442863916346,0.0012150308202938838,0.0009186818397344781,False,1.322580645161178,1.322580645161178
2020-08-19,Wednesday,0.00029521166676496987,8.856350002960843e-05,0.0003837751667945783,5.904233335296041e-05,True,6.500000000005684,3.837751667945783
2020-08-20,Thursday,0.0004464152852594688,0.0009225915895360325,0.0013690068747955013,0.0001785661141037537,False,7.666666666666982,7.666666666666982
2020-08-21,Friday,0.001129271916790477,0.00047548291233291234,0.0016047548291233892,0.0010995542347697015,False,1.4594594594594967,1.4594594594594967
2020-08-26,Wednesday,5.8050097234025066e-05,0.0005514759237221657,0.0006095260209561908,0.00043537572925428055,False,1.4000000000004549,1.4000000000004549
2020-08-28,Friday,0.0,0.0011718973303607872,0.0011718973303607872,0.0006288229577546084,False,1.863636363636246,1.863636363636246
2020-08-31,Monday,0.0005701579337477777,5.701579337471296e-05,0.0006271737271224907,0.0005125719824391362,False,1.2235817575084929,1.2235817575084929
2020-09-02,Wednesday,0.00016908552909680787,0.0006199802733550156,0.0007890658024518234,8.454276454832384e-05,True,9.333333333342807,7.890658024518234
2020-09-03,Thursday,0.0017118482348319405,0.00039288320143679174,0.0021047314362687324,0.0003928832014369513,False,5.357142857141204,5.357142857141204
2020-09-04,Friday,0.0024280965457436966,0.00320855614973266,0.005636652695476356,0.0024280965457436966,False,2.3214285714285374,2.3214285714285374
2020-09-08,Tuesday,0.0011267271541244009,0.002490660024906526,0.003617387179030927,0.0012453300124533474,False,2.904761904761724,2.904761904761724
2020-09-09,Wednesday,0.0001485177924313982,0.0015148814828017814,0.0016633992752331796,0.0002970355848631341,False,5.599999999998749,5.599999999998749
2020-09-10,Thursday,0.002267106347897888,0.001266046402072803,0.003533152749970691,0.0020315628312330635,False,1.7391304347826804,1.7391304347826804
2020-09-11,Friday,0.0002899628252788848,0.002706319702602305,0.0029962825278811896,0.0007434944237918215,False,4.0300000000002,4.0300000000002
2020-09-14,Monday,0.0009195538680588582,0.0002076411960132688,0.001127195064072127,0.0007415757000474608,False,1.519999999999982,1.519999999999982
2020-09-15,Tuesday,0.0019365628942813445,0.0,0.0019365628942813445,0.0018191954461430255,False,1.0645161290322906,1.0645161290322906
2020-09-16,Wednesday,0.0,0.0020442134158805848,0.0020442134158805848,0.0015477615863096971,False,1.320754716981037,1.320754716981037
2020-09-17,Thursday,0.00029904306220102496,0.002063397129186596,0.002362440191387621,0.0013157894736842038,False,1.7954545454546011,1.7954545454546011
2020-09-18,Friday,0.0016413011041478797,0.00014920919128621715,0.0017905102954340968,0.001253357206803817,False,1.4285714285714866,1.4285714285714866
2020-09-21,Monday,0.00027657416797263447,0.001843827786484812,0.0021204019544574467,0.001843827786484812,False,1.1499999999999526,1.1499999999999526
2020-09-22,Tuesday,0.002168733581770357,9.16366302155682e-05,0.002260370211985925,0.001954914777933858,False,1.1562499999999498,1.1562499999999498
2020-09-24,Thursday,0.000528442648430264,0.004724898974199508,0.005253341622629772,0.004258626049114095,False,1.2335766423357608,1.2335766423357608
2020-09-25,Friday,0.000464813609742599,0.0014254284032102493,0.0018902420129528483,0.0001549378699140235,False,12.20000000001137,12.20000000001137
2020-09-28,Monday,0.00044991001799650303,0.0006298740251948997,0.0010797840431914026,5.9988002399636034e-05,True,17.999999999965894,10.797840431914025
2020-09-30,Wednesday,0.002828769184471856,0.0006921456515197658,0.0035209148359916214,0.0022870899789346703,False,1.5394736842105654,1.5394736842105654
2020-10-01,Thursday,0.000532197977647537,0.0016261604872568486,0.002158358464904386,0.00011826621725510159,False,18.2499999999897,18.2499999999897
2020-10-02,Friday,0.000150335247602187,0.003126973150124669,0.0032773083977268563,0.003126973150124669,False,1.0480769230769358,1.0480769230769358
2020-10-05,Monday,0.0004762755253915134,0.00029767220336971703,0.0007739477287612305,0.00011906888134792065,False,6.499999999997869,6.499999999997869
2020-10-06,Tuesday,0.0014718869590815426,0.0,0.0014718869590815426,0.00035325287017958363,False,4.166666666666509,4.166666666666509
2020-10-07,Wednesday,0.0009767070174918875,0.00011838872939302236,0.00109509574688491,0.0009767070174918875,False,1.121212121212189,1.121212121212189
2020-10-08,Thursday,0.0001749883341110659,0.0013999066728885273,0.0015748950069995932,0.0003791413905739485,False,4.153846153846456,4.153846153846456
2020-10-12,Monday,0.0009154627378057307,0.0,0.0009154627378057307,0.0006865970533543387,False,1.3333333333332544,1.3333333333332544
2020-10-13,Tuesday,0.00045387495744929373,0.0009644842845795274,0.0014183592420288211,0.0007091796210144106,False,2.0,2.0
2020-10-14,Wednesday,0.0003710469231647318,0.00028542071012679167,0.0006564676332915235,2.854207101264672e-05,True,23.000000000022737,6.5646763329152344
2020-10-15,Thursday,0.0004359577992851283,0.0019472781701398434,0.0023832359694249718,0.0009300433051413758,False,2.562500000000211,2.562500000000211
2020-10-16,Friday,0.0016649443104833621,0.0,0.0016649443104833621,0.0016649443104833621,False,1.0,1.0
2020-10-19,Monday,0.00022941041523280592,0.0010036705666437908,0.0012330809818765966,0.0009749942647397104,False,1.2647058823528428,1.2647058823528428
2020-10-20,Tuesday,0.0010196352619006664,0.0001747946163258238,0.0011944298782264901,0.0009031055176833954,False,1.322580645161361,1.322580645161361
2020-10-21,Wednesday,0.0010482958424196465,8.70426150745519e-05,0.0011353384574941984,0.0002331810524236972,False,4.8689138576802256,4.8689138576802256
2020-10-22,Thursday,0.001109165207238749,0.0011675423234093231,0.002276707530648072,0.0003210741389374104,False,7.090909090912144,7.090909090912144
2020-10-27,Tuesday,0.0003229974160207119,0.0007928118393234139,0.0011158092553441258,0.0006753582334978218,False,1.652173913043328,1.652173913043328
2020-10-28,Wednesday,0.0,0.003331732500900509,0.003331732500900509,0.0033017168927843158,False,1.0090909090909006,1.0090909090909006
2020-10-29,Thursday,0.004167177350165503,0.0003676921191322605,0.004534869469297763,0.0013482044368182304,False,3.3636363636364224,3.3636363636364224
2020-10-30,Friday,0.0022928767960868233,0.00045857535921746894,0.002751452155304292,0.0022623051054721866,False,1.2162162162163406,1.2162162162163406
2020-11-02,Monday,0.0005449591280654157,0.0010293672419013982,0.001574326369966814,0.00039358159249166044,False,4.000000000000438,4.000000000000438
2020-11-03,Tuesday,0.0010180555139682455,0.00032937090157802686,0.0013474264155462724,0.00032937090157802686,False,4.090909090908481,4.090909090908481
2020-11-04,Wednesday,2.9163021289144792e-05,0.003324584426946592,0.003353747448235737,0.0031787693205015313,False,1.0550458715596884,1.0550458715596884
2020-11-05,Thursday,0.0008295194508008112,0.0004862700228833407,0.001315789473684152,0.00017162471395881657,False,7.666666666666035,7.666666666666035
2020-11-06,Friday,0.004717252488063011,0.0,0.004717252488063011,0.004141977794396817,False,1.1388888888888815,1.1388888888888815
2020-11-09,Monday,0.004656641192100114,0.0,0.004656641192100114,0.0022187525680006635,False,2.0987654320987454,2.0987654320987454
2020-11-10,Tuesday,0.00028260562385181825,0.00293909848805997,0.003221704111911788,0.002515190052282162,False,1.280898876404417,1.280898876404417
2020-11-11,Wednesday,0.0001400952647800823,0.0012608573830204222,0.0014009526478005044,0.0008405715886801753,False,1.6666666666669192,1.6666666666669192
2020-11-12,Thursday,0.001576177207351747,0.0005347744096371914,0.0021109516169889385,0.0012387064088490321,False,1.7041581458760433,1.7041581458760433
2020-11-16,Monday,0.00011060417530767445,0.00152080741047962,0.0016314115857872945,0.0014102032351721028,False,1.1568627450980107,1.1568627450980107
2020-11-17,Tuesday,0.0,0.0019169861643607204,0.0019169861643607204,0.001250208368061312,False,1.533333333333367,1.533333333333367
2020-11-18,Wednesday,0.00013837000138357415,0.0008302200083022315,0.0009685900096858056,0.0003044140030441778,False,3.181818181817477,3.181818181817477
2020-11-19,Thursday,0.0,0.0014616595457611363,0.0014616595457611363,0.0008992017090173665,False,1.625507971240863,1.625507971240863
2020-11-20,Friday,0.0,0.0009229220270723349,0.0009229220270723349,0.0008669873587649688,False,1.064516129032199,1.064516129032199
2020-11-23,Monday,0.001203167408153577,0.004113153697641149,0.005316321105794726,0.0008953803967654192,False,5.937500000000055,5.937500000000055
2020-11-24,Tuesday,0.00044398812331761294,0.00030524183478095745,0.0007492299580985704,0.0001109970308294821,False,6.749999999996093,6.749999999996093
2020-11-25,Wednesday,0.0012401818933443257,0.0009370263194158242,0.0021772082127601497,0.0003858343668182068,False,5.642857142857839,5.642857142857839
2020-11-27,Friday,0.0011824881751182675,0.0001649983500165061,0.0013474865251347735,0.0010999890001100927,False,1.2249999999999182,1.2249999999999182
2020-11-30,Monday,0.0005791665517527687,0.00044126975371623097,0.0010204363054689997,0.0005736506798312884,False,1.7788461538459464,1.7788461538459464
2020-12-01,Tuesday,0.0007113543091655018,0.00043775649794808487,0.0011491108071135865,0.0002735978112175725,False,4.1999999999992035,4.1999999999992035
2020-12-02,Wednesday,0.0001370501329386601,0.00046597045199122625,0.0006030205849298863,0.0001370501329386601,False,4.399999999998409,4.399999999998409
2020-12-03,Thursday,0.00040887532028560555,0.0009813007686856393,0.0013901760889712448,0.0007632339311999933,False,1.8214285714283467,1.8214285714283467
2020-12-04,Friday,0.0010882873078492104,0.0018500884233437812,0.0029383757311929916,0.00013603591348118995,False,21.599999999994772,21.599999999994772
2020-12-07,Monday,0.00027123057311026266,0.00024410751579911306,0.0005153380889093757,0.00013561528655513133,False,3.7999999999990903,3.7999999999990903
2020-12-09,Wednesday,0.00021578464692232854,0.00013486540432651283,0.00035065005124884136,8.09192425958157e-05,True,4.333333333337123,3.5065005124884134
2020-12-10,Thursday,2.7276198788911965e-05,0.0015547433309693775,0.0015820195297582894,0.0014729147346026416,False,1.0740740740740038,1.0740740740740038
2020-12-11,Friday,0.0010431081823174646,0.0,0.0010431081823174646,0.00013728720483254084,False,7.597999999998684,7.597999999998684
2020-12-14,Monday,0.0,0.0007863127355549483,0.0007863127355549483,0.0005965131097313719,False,1.318181818181748,1.318181818181748
2020-12-16,Wednesday,0.0003512848920474382,0.0008917231875050236,0.0012430080795524617,0.00010808765909157853,False,11.499999999993603,11.499999999993603
2020-12-17,Thursday,0.00013444474321057105,0.0008066684592631206,0.0009411132024736916,0.00037698305996233664,False,2.496433666191037,2.496433666191037
2020-12-21,Monday,0.0027521673317737715,0.0006880418329434429,0.0034402091647172143,0.001678822072381882,False,2.0491803278689975,2.0491803278689975
2020-12-22,Tuesday,0.0003254590328442531,0.0002983374467737702,0.0006237964796180233,0.000216972688562784,False,2.875000000000089,2.875000000000089
2020-12-23,Wednesday,0.0007066945720420508,0.0005707917697263906,0.0012774863417684412,0.0006795140115789187,False,1.880000000000109,1.880000000000109
2021-01-05,Tuesday,0.0008429639700883814,0.0009789259007478277,0.0018218898708362093,0.0006254248810333602,False,2.9130434782607084,2.9130434782607084
2021-01-06,Wednesday,2.698327037234459e-05,0.0012682137075014227,0.0012951969778737674,0.00045871559633031814,False,2.823529411764549,2.823529411764549
2021-01-07,Thursday,0.0,0.0007451168236733534,0.0007451168236733534,0.00021289052104950793,False,3.5000000000003553,3.5000000000003553
2021-01-08,Friday,0.0016306721031172687,0.001183743259239744,0.0028144153623570127,0.0016046297514139515,False,1.7539344262294991,1.7539344262294991
2021-01-11,Monday,0.00023836579371576232,0.0013213181469834306,0.0015596839406991929,0.0006342327105520707,False,2.459166666666497,2.459166666666497
2021-01-12,Tuesday,0.00044813496770781356,0.0003690523263478139,0.0008171872940556274,0.0002372479240807482,False,3.4444444444432514,3.4444444444432514
2021-01-13,Wednesday,0.0008199973548472484,0.0,0.0008199973548472484,0.0005816690913900159,False,1.4097316962255961,1.4097316962255961
2021-01-14,Thursday,0.0003943217665616039,0.0009200841219767768,0.0013144058885383807,0.00013144058885386796,False,9.999999999997726,9.999999999997726
2021-01-15,Friday,0.0006098369349065841,0.0007158955322815373,0.0013257324671881216,0.0001590878960625806,False,8.333333333333018,8.333333333333018
2021-01-20,Wednesday,0.0002891388918095196,0.0003417095994111961,0.0006308484912207157,0.0001839974766060172,False,3.4285714285718925,3.4285714285718925
2021-01-21,Thursday,0.0,0.001220874353845825,0.001220874353845825,0.001220874353845825,False,1.0,1.0
2021-01-22,Friday,0.000891125439010261,0.000366934004298483,0.001258059443308744,0.0008649158672746869,False,1.45454545454558,1.45454545454558
2021-01-25,Monday,0.00039153245804071223,0.001357312521208109,0.0017488449792488212,0.0005220432773876657,False,3.35000000000027,3.35000000000027
2021-01-26,Tuesday,0.00046784841711287314,0.00023392420855651046,0.0007017726256693836,0.00038987368092732044,False,1.8000000000005305,1.8000000000005305
2021-01-27,Wednesday,0.0009216589861751751,0.0018433179723502005,0.0027649769585253755,0.00034233048057931653,False,8.076923076923446,8.076923076923446
2021-01-28,Thursday,0.003670658843072648,0.0002411381721727402,0.003911797015245388,0.003643865712831114,False,1.0735294117647667,1.0735294117647667
2021-01-29,Friday,0.0059014702006594776,5.3137530877863814e-05,0.005954607731537342,0.005260615556906696,False,1.131922237449855,1.131922237449855
2021-02-01,Monday,0.001366266609515773,0.00016073724817816502,0.001527003857693938,0.000830475782254614,False,1.8387096774193192,1.8387096774193192
2021-02-02,Tuesday,0.0009492419248517169,0.0003691496374422844,0.0013183915622940012,0.0006591957811470006,False,2.0,2.0
2021-02-03,Wednesday,0.0005225206395652332,0.00023513428780430292,0.0007576549273695362,7.837809593486665e-05,True,9.666666666655932,7.5765492736953615
2021-02-04,Thursday,0.00023504217701280974,0.0004439685565799167,0.0006790107335927265,0.00015669478467525598,False,4.333333333333018,4.333333333333018
2021-02-05,Friday,0.0008515030318668148,0.0005160624435556409,0.0013675654754224556,0.00036124371048893393,False,3.7857142857144597,3.7857142857144597
2021-02-08,Monday,0.000256963716723111,0.0002826600883955536,0.0005396238051186646,0.000256963716723111,False,2.1000000000005117,2.1000000000005117
2021-02-09,Tuesday,0.00010260356547380689,0.0006156213928434246,0.0007182249583172315,5.130178273704926e-05,True,13.999999999971578,7.1822495831723145
2021-02-10,Wednesday,0.002324096539394632,0.00012769761205468362,0.002451794151449316,0.002043161792874502,False,1.1999999999999575,1.1999999999999575
2021-02-11,Thursday,0.0002808586762074672,0.00017889087656527774,0.0004597495527727449,0.00017889087656527774,False,2.5699999999998946,2.5699999999998946
2021-02-16,Tuesday,0.0,0.0015457125481451795,0.0015457125481451795,0.0014950334482058964,False,1.0338983050848127,1.0338983050848127
2021-02-17,Wednesday,0.0001019549868733476,0.0016822572834092938,0.0017842122702826414,0.0008666173884229475,False,2.0588235294118826,2.0588235294118826
2021-02-18,Thursday,0.0002815531495559488,0.0028411272364278935,0.003122680385983842,0.0016125316747293134,False,1.9365079365079938,1.9365079365079938
2021-02-19,Friday,0.0005352091138465722,0.0002548614827841648,0.0007900705966307369,5.0972296556775006e-05,True,15.50000000001421,7.900705966307369
2021-02-22,Monday,0.0017579235820278341,0.0,0.0017579235820278341,0.0013959981386692014,False,1.259259259259224,1.259259259259224
2021-02-23,Tuesday,0.000441294810892088,0.0013758014692522118,0.0018170962801443,0.0009604651766477288,False,1.891891891891838,1.891891891891838
2021-02-24,Wednesday,0.0002832350593506544,0.0010814429538842235,0.0013646780132348778,0.0007724592527744454,False,1.7666666666666981,1.7666666666666981
2021-02-25,Thursday,0.0017161445659690045,0.00040982556799268717,0.0021259701339616916,0.0011218974923797756,False,1.8949771689497863,1.8949771689497863
2021-02-26,Friday,0.0046025312483655816,0.00013074629987974313,0.004733277548245324,0.004000836776319159,False,1.1830718954248425,1.1830718954248425
2021-03-01,Monday,0.000858413755430076,0.000494238222823395,0.001352651978253471,0.0005514658065187136,False,2.452830188679286,2.452830188679286
2021-03-02,Tuesday,0.0,0.0013620126949861814,0.0013620126949861814,0.0011050291676303725,False,1.2325581395348006,1.2325581395348006
2021-03-03,Wednesday,0.0,0.005162356099323731,0.005162356099323731,0.004517061586908264,False,1.142857142857143,1.142857142857143
2021-03-04,Thursday,0.0022040302267001865,0.00047229219143578614,0.0026763224181359725,0.0012856842989085041,False,2.0816326530611486,2.0816326530611486
2021-03-05,Friday,0.0023023791250959447,0.006536639585042547,0.008839018710138492,0.0019318813348506581,False,4.575342465753354,4.575342465753354
2021-03-08,Monday,0.0009396043221799176,0.0006264028814532784,0.0015660072036331961,0.00010440048024226253,False,14.999999999992895,14.999999999992895
2021-03-09,Tuesday,0.000752875204444613,0.0007009527765517844,0.0014538279809963974,0.00023365092551721225,False,6.222222222223977,6.222222222223977
2021-03-10,Wednesday,0.004416892677256971,0.0001291489086916041,0.004546041585948575,0.002970424899909684,False,1.5304347826086424,1.5304347826086424
2021-03-11,Thursday,0.00022952742852764527,0.0007650914284257259,0.0009946188569533712,5.100609522847837e-05,True,19.49999999996163,9.946188569533712
2021-03-12,Friday,0.0005605952502294039,0.0003567424319640871,0.000917337682193491,0.00028029762511470196,False,3.2727272727269905,3.2727272727269905
2021-03-16,Tuesday,0.0008564231738034634,0.0006549118387909091,0.0015113350125943725,0.00037783375314855735,False,4.000000000000378,4.000000000000378
2021-03-17,Wednesday,0.00032936407398022663,0.00032936407398022663,0.0006587281479604533,0.00017734988598934172,False,3.7142857142859462,3.7142857142859462
2021-03-18,Thursday,0.000887109038373716,0.0004562275054494014,0.0013433365438231173,0.0002788056977745141,False,4.818181818183462,4.818181818183462
2021-03-19,Friday,0.0009204336265085234,0.0002812436080998508,0.0012016772346083741,0.0004602168132542617,False,2.6111111111111636,2.6111111111111636
2021-03-22,Monday,0.00028184892897410485,0.0006918110074817614,0.0009736599364558662,0.0004355847084143668,False,2.23529411764757,2.23529411764757
2021-03-23,Tuesday,0.0004855485420766086,0.00028110705067596956,0.0007666555927525781,0.0004855485420766086,False,1.5789473684211313,1.5789473684211313
2021-03-24,Wednesday,0.0004345714358751909,0.00035788235895597113,0.0007924537948311621,0.00030675630767658824,False,2.5833333333332544,2.5833333333332544
2021-03-25,Thursday,0.0013470455664068562,0.0012952361215449576,0.002642281687951814,0.0011398077869595568,False,2.3181818181819183,2.3181818181819183
2021-03-29,Monday,0.00012683595038180505,0.0008371172725196827,0.0009639532229014877,0.0006595469419852133,False,1.4615384615384952,1.4615384615384952
2021-03-30,Tuesday,0.00010143788197707622,0.0010143788197701856,0.0011158167017472618,0.000659346232850635,False,1.6923076923077427,1.6923076923077427
2021-03-31,Wednesday,0.0007087710416402296,0.0,0.0007087710416402296,0.0005822047842044332,False,1.217391304347912,1.217391304347912
2021-04-01,Thursday,0.0002010353319595519,0.00037694124742417766,0.0005779765793837296,0.0002010353319595519,False,2.875000000000089,2.875000000000089
2021-04-05,Monday,0.001017596981956189,2.481943858441773e-05,0.0010424164205406067,0.0009679581047876358,False,1.0769230769231553,1.0769230769231553
2021-04-06,Tuesday,0.0007883326763894195,0.000763697280252272,0.0015520299566416916,0.0006651556957036821,False,2.3333333333329827,2.3333333333329827
2021-04-07,Wednesday,0.00017254979294023165,0.0006901991717610667,0.0008627489647012983,0.00022184973378039792,False,3.8888888888877657,3.8888888888877657
2021-04-08,Thursday,0.00046574335090084014,0.0006618458144379993,0.0011275891653388394,0.00044123054295871263,False,2.5555555555553453,2.5555555555553453
2021-04-09,Friday,0.00031804281345564636,0.0007339449541284682,0.0010519877675841146,0.0007094801223242091,False,1.4827586206895742,1.4827586206895742
2021-04-13,Tuesday,0.00248404851200619,0.0007793093370999785,0.0032633578491061688,0.002167454093809328,False,1.5056179775280851,1.5056179775280851
2021-04-14,Wednesday,4.840153916903912e-05,0.00019360615667574378,0.0002420076958447829,0.00012100384792225389,False,2.0000000000022737,2.0000000000022737
2021-04-15,Thursday,0.0005798782255726517,0.00033826229825066774,0.0009181405238233195,9.664637092882107e-05,True,9.499999999995026,9.181405238233195
2021-04-16,Friday,0.0001680188181076117,0.00031203494791415547,0.00048005376602176716,0.0002640295713120197,False,1.8181818181814893,1.8181818181814893
2021-04-19,Monday,0.0002643087125763219,0.00019222451823726293,0.0004565332308135848,0.00019222451823726293,False,2.375000000000444,2.375000000000444
2021-04-20,Tuesday,0.0042811532507739496,0.0003628095975231648,0.004643962848297115,0.0001934984520123454,False,24.000000000004263,24.000000000004263
2021-04-21,Wednesday,7.28916101757406e-05,0.0012148601695944796,0.0012877517797702201,0.0005831328814053724,False,2.2083333333333726,2.2083333333333726
2021-04-22,Thursday,0.0010825374678245536,0.0,0.0010825374678245536,0.0008419735860858398,False,1.28571428571417,1.28571428571417
2021-04-23,Friday,0.00031499115601753156,0.0004361416006396909,0.0007511327566572224,0.0,True,,7.5113275665722234
2021-04-26,Monday,0.0003119226431844793,0.0003119226431844793,0.0006238452863689586,0.0,True,,6.238452863689586
2021-04-27,Tuesday,0.0,0.00040664992225814114,0.00040664992225814114,0.00040664992225814114,False,1.0,1.0
2021-04-29,Thursday,0.0005711565920990221,0.00019038553069962896,0.0007615421227986511,0.0005235602094241488,False,1.454545454545243,1.454545454545243
2021-04-30,Friday,0.0,0.002368024493505894,0.002368024493505894,0.0015308441170138645,False,1.5468750000000473,1.5468750000000473
2021-05-03,Monday,0.0008825704267347387,0.0004055053312024805,0.0012880757579372191,0.00014311952865969104,False,8.999999999999998,8.999999999999998
2021-05-04,Tuesday,0.001227200539005705,0.0,0.001227200539005705,0.000625631647336231,False,1.9615384615384952,1.9615384615384952
2021-05-05,Wednesday,0.0,0.0005754705670783098,0.0005754705670783098,0.00011988970147467059,False,4.79999999999909,4.79999999999909
2021-05-06,Thursday,0.00038505968425111913,0.0007941855987677707,0.0011792452830188898,0.00012033115132848327,False,9.799999999997953,9.799999999997953
2021-05-07,Friday,0.0026881080952494123,0.002592953826391112,0.005281061921640524,0.0003092513737897458,False,17.076923076923883,17.076923076923883
2021-05-11,Tuesday,0.0011148812409112446,0.0004604944255937899,0.0015753756665050345,0.0010421715947647842,False,1.511627906976867,1.511627906976867
2021-05-12,Wednesday,0.0,0.008406822366508311,0.008406822366508311,0.0015505378428141933,False,5.421875000000069,5.421875000000069
2021-05-13,Thursday,0.002141274920009856,0.0011075559931085124,0.0032488309131183685,0.0019936007875953786,False,1.6296296296296164,1.6296296296296164
2021-05-14,Friday,0.0005084868883023306,0.002348725150730108,0.0028572120390324383,0.0009201191312138198,False,3.105263157894792,3.105263157894792
2021-05-18,Tuesday,7.205822304429073e-05,0.0014892032762472188,0.0015612614992915096,0.0012490091994330984,False,1.2500000000001092,1.2500000000001092
2021-05-19,Wednesday,0.000122594090964704,0.001274978546034176,0.00139757263699888,0.0011278656368763917,False,1.239130434782496,1.239130434782496
2021-05-20,Thursday,0.0011697046495758878,0.0003899015498587216,0.0015596061994346093,0.0009747538746465963,False,1.6000000000000565,1.6000000000000565
2021-05-21,Friday,0.0,0.00035991937805926016,0.00035991937805926016,0.0002639408772435302,False,1.3636363636359878,1.3636363636359878
2021-05-25,Tuesday,0.00023786869647959738,0.0003330161750713282,0.0005708848715509256,2.3786869647932696e-05,True,24.00000000002274,5.708848715509256
2021-05-27,Thursday,0.0016723207033302802,0.0003822447321897085,0.0020545654355199885,0.0010750633092837419,False,1.9111111111110632,1.9111111111110632
2021-05-28,Friday,0.0005228261127877812,0.0003089427030109923,0.0008317688157987735,0.00016635376315975468,False,5.0,5.0
2021-06-03,Thursday,0.0012456581626543028,0.00033536950532994696,0.0015810276679842498,0.0011737932686549505,False,1.3469387755102302,1.3469387755102302
2021-06-04,Friday,0.003553795883321032,0.0012641018913825762,0.004817897774703608,0.002528203782765288,False,1.9056603773584693,1.9056603773584693
2021-06-07,Monday,0.0009703223363467793,0.0,0.0009703223363467793,0.0008283239456618684,False,1.1714285714285946,1.1714285714285946
2021-06-09,Wednesday,0.0007805293408074554,4.730480853387888e-05,0.0008278341493413343,0.0004967004896047199,False,1.6666666666669372,1.6666666666669372
2021-06-10,Thursday,0.0020871875148237642,0.002656420473412088,0.004743607988235852,0.0007589772781177201,False,6.250000000000133,6.250000000000133
2021-06-11,Friday,0.0005187333474805367,0.0,0.0005187333474805367,0.00018863030817472845,False,2.750000000000177,2.750000000000177
2021-06-15,Tuesday,0.00011749224551182294,0.0006344581257636568,0.0007519503712754798,0.0002819813892283216,False,2.666666666666509,2.666666666666509
2021-06-17,Thursday,0.0008563273073263883,4.757373929586539e-05,0.0009039010466222537,0.0003805899143673288,False,2.3749999999996003,2.3749999999996003
2021-06-18,Friday,0.0005505289865479875,0.001388290487816516,0.0019388194743645035,0.000909569629948766,False,2.1315789473684523,2.1315789473684523
2021-06-21,Monday,0.0004564345256684309,0.0001921829581761455,0.0006486174838445764,0.00016816008840414437,False,3.857142857142973,3.857142857142973
2021-06-22,Tuesday,0.00030857604025729416,0.0004984689881080404,0.0008070450283653345,0.0004035225141826673,False,1.9999999999999998,1.9999999999999998
2021-06-23,Wednesday,0.000212504722327238,0.0003069512655836689,0.0005194559879109069,0.00014166981488478059,False,3.6666666666669823,3.6666666666669823
2021-06-24,Thursday,7.062645667073843e-05,0.000588553805588907,0.0006591802622596454,0.0003531322833532906,False,1.866666666667147,1.866666666667147
2021-06-25,Friday,0.0015988337918224514,7.053678493341223e-05,0.0016693705767558637,0.0011521008205779527,False,1.448979591836782,1.448979591836782
2021-06-28,Monday,0.0003044282603097026,0.00023417558485344333,0.000538603845163146,4.683511697079515e-05,True,11.499999999978685,5.3860384516314594
2021-06-29,Tuesday,0.00014036401066767014,0.00011697000888961429,0.0002573340195572844,0.00011697000888974728,False,2.1999999999986355,2.1999999999986355
2021-06-30,Wednesday,0.00014042314173376305,0.00023403856955618306,0.0003744617112899461,7.021157086681501e-05,True,5.333333333337122,3.7446171128994608
2021-07-01,Thursday,0.00023317089094602731,0.0004430246927973459,0.0006761955837433732,0.00025648798004060353,False,2.6363636363634955,2.6363636363634955
2021-07-02,Friday,0.0023440945064636455,0.0002785062779956937,0.002622600784459339,0.0021584236544665604,False,1.2150537634408463,1.2150537634408463
2021-07-06,Tuesday,0.00046136101499420675,0.0,0.00046136101499420675,0.0003229527104959316,False,1.4285714285714866,1.4285714285714866
2021-07-07,Wednesday,2.3064326406326326e-05,0.000668865465784119,0.0006919297921904453,0.0005766081601586826,False,1.2000000000000455,1.2000000000000455
2021-07-08,Thursday,0.0006064705745143518,0.0010030090270812598,0.0016094796015956115,0.0004431900352219396,False,3.6315789473687516,3.6315789473687516
2021-07-09,Friday,0.0001386097442650271,0.0006006422251484069,0.0007392519694134341,0.00046203248088337985,False,1.600000000000057,1.600000000000057
2021-07-12,Monday,0.000551749505724422,0.0001379373764311055,0.0006896868821555276,0.0005057703802472997,False,1.3636363636365987,1.3636363636365987
2021-07-13,Tuesday,4.576659038897439e-05,0.003249427917620174,0.003295194508009148,0.0016704805491991263,False,1.972602739725975,1.972602739725975
2021-07-14,Wednesday,0.0029127104261273307,2.2934727764760572e-05,0.002935645153892091,0.0025686895096555308,False,1.1428571428571646,1.1428571428571646
2021-07-15,Thursday,0.00080496780128787,0.00022999080036803756,0.0010349586016559075,0.00045998160073594443,False,2.2500000000000706,2.2500000000000706
2021-07-16,Friday,0.0006656108701141189,0.0002065688907249994,0.0008721797608391182,0.0005967545732056987,False,1.4615384615384952,1.4615384615384952
2021-07-19,Monday,0.0009619219670130403,0.000563076273373552,0.0015249982403865922,0.00021115360251501534,False,7.222222222223976,7.222222222223976
2021-07-20,Tuesday,0.0003047065441589993,0.0009609975623475722,0.0012657041065065714,0.0006094130883179986,False,2.0769230769230096,2.0769230769230096
2021-07-21,Wednesday,0.000763959625891381,0.0,0.000763959625891381,4.630058338744017e-05,True,16.499999999970154,7.63959625891381
2021-07-22,Thursday,0.0,0.0017010321127277483,0.0017010321127277483,0.0013102544652092802,False,1.2982456140350196,1.2982456140350196
2021-07-23,Friday,9.140558945171184e-05,0.000388473755170165,0.0004798793446218769,0.000388473755170165,False,1.2352941176468228,1.2352941176468228
2021-07-26,Monday,0.0,0.001184213522807585,0.001184213522807585,0.0008881601421055917,False,1.333333333333479,1.333333333333479
2021-07-27,Tuesday,0.0011361054305839581,0.0005226084980686621,0.00165871392865262,0.00020449897750505564,False,8.111111111113567,8.111111111113567
2021-07-28,Wednesday,0.00034132022663657874,0.0002047921359820507,0.0005461123626186294,0.00018203745420629605,False,2.999999999998579,2.999999999998579
2021-07-29,Thursday,0.0001591958336175961,0.0005230720247434931,0.0006822678583610892,0.00011371130972676202,False,6.0000000000045475,6.0000000000045475
2021-07-30,Friday,0.0015998537276591593,0.0,0.0015998537276591593,0.0008684920235864045,False,1.8421052631578867,1.8421052631578867
2021-08-03,Tuesday,0.00052485053169632,0.0,0.00052485053169632,0.00036511341335395043,False,1.4375000000000444,1.4375000000000444
2021-08-04,Wednesday,0.0005229530933812741,4.547418203310932e-05,0.0005684272754143834,0.00018189672813256652,False,3.1250000000006213,3.1250000000006213
2021-08-06,Friday,0.0018788057133803586,0.0003848156280416486,0.0022636213414220074,6.790864024272712e-05,True,33.333333333300494,22.636213414220073
2021-08-11,Wednesday,0.002849453854677833,0.0,0.002849453854677833,0.0027589950021484596,False,1.032786885245871,1.032786885245871
2021-08-12,Thursday,0.00018031013342946286,0.00011269383339346233,0.00029300396682292517,0.0001352326000721292,False,2.1666666666665084,2.1666666666665084
2021-08-16,Monday,0.00045020709526379576,0.00020259319286879127,0.0006528002881325871,0.00024761390239513246,False,2.6363636363634955,2.6363636363634955
2021-08-17,Tuesday,0.0012142744710036215,0.0006296237997795703,0.001843898270783192,0.0011693013424479743,False,1.576923076922947,1.576923076922947
2021-08-19,Thursday,0.000367048243903485,0.0007799775182951339,0.0011470257621986188,0.00016035420155527847,False,7.153075822607665,7.153075822607665
2021-08-20,Friday,0.0019389570692094136,0.0003421688945663061,0.0022811259637757196,0.001665221953556317,False,1.3698630136985959,1.3698630136985959
2021-08-24,Tuesday,0.00011170438551420068,0.0005585219275708764,0.0006702263130850771,0.000424476664953861,False,1.5789473684211313,1.5789473684211313
2021-08-26,Thursday,0.0,0.001715227657489171,0.001715227657489171,0.0012474382963557032,False,1.3750000000000633,1.3750000000000633
2021-08-27,Friday,0.0007823676680972056,0.0,0.0007823676680972056,0.0005364806866952992,False,1.458333333333136,1.458333333333136
2021-08-31,Tuesday,0.0005759475444697758,0.0003322774295018809,0.0009082249739716568,0.0005759475444697758,False,1.5769230769232283,1.5769230769232283
2021-09-01,Wednesday,0.0002647136680490703,0.0003308920850612752,0.0005956057531103455,0.0002867731403864719,False,2.0769230769230096,2.0769230769230096
2021-09-02,Thursday,0.0007512152010604838,0.0,0.0007512152010604838,0.0005744586831639215,False,1.3076923076922573,1.3076923076922573
2021-09-03,Friday,0.0015424277813277849,0.0028865434193420495,0.004428971200669834,0.0016305665116894193,False,2.7162162162161705,2.7162162162161705
2021-09-07,Tuesday,8.825151682299054e-05,0.00022062879205741366,0.0003088803088804042,0.0001323772752344231,False,2.333333333333965,2.333333333333965
2021-09-08,Wednesday,0.0004434884803866967,0.00033261636029011706,0.0007761048406768138,0.00039913963234793884,False,1.944444444445111,1.944444444445111
2021-09-09,Thursday,0.0001332297102253853,0.00028866437215498044,0.00042189408238036574,8.88198068169656e-05,True,4.749999999997513,4.218940823803657
2021-09-10,Friday,0.0005103625793280108,0.0,0.0005103625793280108,0.0004881729019659398,False,1.0454545454545103,1.0454545454545103
2021-09-13,Monday,0.0002901073397156846,0.00040168708576020804,0.0006917944254758927,0.0002901073397156846,False,2.384615384615486,2.384615384615486
2021-09-14,Tuesday,0.005131077750392031,0.0,0.005131077750392031,0.004212413174994388,False,1.2180851063829623,1.2180851063829623
2021-09-15,Wednesday,0.0017119816187236522,0.0,0.0017119816187236522,0.0016669294708625438,False,1.027027027027002,1.027027027027002
2021-09-16,Thursday,0.0017459820029546776,0.0003133813851456918,0.0020593633881003694,0.0014549850024622314,False,1.415384615384602,1.415384615384602
2021-09-17,Friday,0.00033672301165056515,0.00013468920466025157,0.00047141221631081674,0.00011224100388356424,False,4.199999999998636,4.199999999998636
2021-09-20,Monday,0.0005765416724320834,0.0003228633365619352,0.0008994050089940187,4.612333379452472e-05,True,19.500000000017057,8.994050089940187
2021-09-21,Tuesday,0.0018768596932937744,2.2888532845023816e-05,0.0018997482261387982,0.0007324330510415427,False,2.5937499999997224,2.5937499999997224
2021-09-22,Wednesday,0.0005502189412870746,4.585157844054612e-05,0.0005960705197276207,0.00048144157362612516,False,1.2380952380953154,1.2380952380953154
2021-09-23,Thursday,0.0005221102333606152,0.000635612458004115,0.0011577226913647301,0.00020430400435842867,False,5.66666666666814,5.66666666666814
2021-09-24,Friday,0.0,0.0010201768306507492,0.0010201768306507492,0.0006574472908637961,False,1.5517241379310818,1.5517241379310818
2021-09-27,Monday,0.0014239540718305617,0.0005424586940307146,0.001966412765861276,0.0013335442894920665,False,1.4745762711865107,1.4745762711865107
2021-09-28,Tuesday,0.0005009221521437813,0.00118399781415784,0.0016849199663016214,0.00118399781415784,False,1.4230769230769904,1.4230769230769904
2021-09-29,Wednesday,0.00039015881758918357,0.0016524373450840615,0.002042596162673245,0.0011016248967227076,False,1.854166666666568,1.854166666666568
2021-09-30,Thursday,0.001261902030514981,0.0002064930595389052,0.0014683950900538862,0.0003670987725134063,False,4.0000000000007105,4.0000000000007105
2021-10-01,Friday,4.6351016245989035e-05,0.0031982201209761417,0.0032445711372221307,0.0029896405478690596,False,1.0852713178294224,1.0852713178294224
2021-10-04,Monday,0.0009012548240241868,0.0007626002357128947,0.0016638550597370815,0.0008319275298684093,False,2.0000000000003157,2.0000000000003157
2021-10-05,Tuesday,0.0006970422175236677,0.0001626431840888338,0.0008596854016125015,0.0006738074769395675,False,1.275862068965443,1.275862068965443
2021-10-06,Wednesday,0.0005822212906681571,0.0010014206199492463,0.0015836419106174033,0.00027946621952072606,False,5.666666666666508,5.666666666666508
2021-10-07,Thursday,0.00104805085325005,0.00043289056982068696,0.001480941423070737,0.0007746462828369711,False,1.9117647058824265,1.9117647058824265
2021-10-08,Friday,0.0020252588462850983,0.0036636704972124556,0.005688929343497554,0.0009557401297076252,False,5.952380952380727,5.952380952380727
2021-10-11,Monday,0.001856733524355306,0.00020630372492830943,0.0020630372492836157,0.001375358166189164,False,1.4999999999999054,1.4999999999999054
2021-10-12,Tuesday,0.0,0.001972477064220215,0.001972477064220215,0.0015366972477064585,False,1.2835820895522287,1.2835820895522287
2021-10-13,Wednesday,0.0019343696027633276,0.002648244099021249,0.004582613701784576,0.0025331030512378188,False,1.809090909090828,1.809090909090828
2021-10-14,Thursday,0.0010250569476081745,0.00027334851936219716,0.0012984054669703717,6.833712984048455e-05,True,19.000000000017053,12.984054669703717
2021-10-15,Friday,0.0016887327749256957,0.0008556246059623423,0.002544357380888038,0.0016887327749256957,False,1.5066666666666604,1.5066666666666604
2021-10-18,Monday,0.0003827966674171562,0.00022517451024549142,0.0006079711776626476,0.00020265705922083987,False,3.0000000000006315,3.0000000000006315
2021-10-19,Tuesday,0.00035625222657634524,0.0002449234057713164,0.0006011756323476617,0.00020039187744930493,False,2.999999999998737,2.999999999998737
2021-10-21,Thursday,0.0014853241110224704,0.0,0.0014853241110224704,0.0013744790281103232,False,1.0806451612903403,1.0806451612903403
2021-10-25,Monday,0.00017626192522084315,0.00026439288783132735,0.00044065481305217047,0.00013219644391566367,False,3.3333333333330173,3.3333333333330173
2021-10-27,Wednesday,0.0009426930328408095,8.769237514790113e-05,0.0010303854079887105,0.0005700004384618558,False,1.8076923076922573,1.8076923076922573
2021-10-28,Thursday,0.00046116344950255736,0.0004831236137646909,0.0009442870632672482,4.392032852401742e-05,True,21.500000000019895,9.442870632672483
2021-10-29,Friday,0.0008327671977383696,0.0005478731564068287,0.0013806403541451982,0.0002191492625627813,False,6.299999999998522,6.299999999998522
2021-11-01,Monday,0.0,0.0007485679569518539,0.0007485679569518539,0.000694323902100315,False,1.0781249999999307,1.0781249999999307
2021-11-02,Tuesday,0.00041276531033433494,0.0,0.00041276531033433494,0.00017379592014074013,False,2.3750000000004436,2.3750000000004436
2021-11-03,Wednesday,0.0,0.0005418174725298541,0.0005418174725298541,0.0003684358813203353,False,1.4705882352939799,1.4705882352939799
2021-11-05,Friday,0.0024784206478078116,0.00044867960003426284,0.0029271002478420743,0.0014315015810613602,False,2.044776119403117,2.044776119403117
2021-11-09,Tuesday,0.0007679180887372305,2.1331058020458415e-05,0.0007892491467576889,0.0007679180887372305,False,1.0277777777777515,1.0277777777777515
2021-11-10,Wednesday,0.0,0.001994723634257784,0.001994723634257784,0.0013298157561718563,False,1.4999999999999998,1.4999999999999998
2021-11-11,Thursday,0.0001719173077750482,0.000257875961662328,0.0004297932694373762,0.0001719173077750482,False,2.499999999998579,2.499999999998579
2021-11-12,Friday,8.601780568582097e-05,0.00021504451421436907,0.00030106231990019005,8.601780568569873e-05,True,3.5000000000028426,3.0106231990019006
2021-11-15,Monday,0.00010636030352114338,0.00019183221075972338,0.0002981925142808668,2.1314690084507946e-05,True,13.989999999934346,2.9819251428086675
2021-11-16,Tuesday,0.0007055503292567862,0.0008124518942958443,0.0015180022235526305,0.0004276062601557459,False,3.5499999999993745,3.5499999999993745
2021-11-18,Thursday,0.0005327991134222752,6.393589361073602e-05,0.0005967350070330113,4.2623929073743254e-05,True,14.00000000001421,5.967350070330112
2021-11-19,Friday,0.0008750773696455403,0.0005762704629372331,0.0014513478325827735,0.0007897039677288638,False,1.8378378378378337,1.8378378378378337
2021-11-22,Monday,0.0005743947581159465,0.0,0.0005743947581159465,0.0004892992383951372,False,1.1739130434780891,1.1739130434780891
2021-11-23,Tuesday,0.000385026737967929,0.004491978609625717,0.004877005347593646,0.00017112299465237238,False,28.500000000006036,28.500000000006036
2021-11-24,Wednesday,0.0010494078341507487,0.001434904589553072,0.002484312423703821,0.0007067440515708652,False,3.5151515151517607,3.5151515151517607
2021-11-26,Friday,0.0004982237241140676,0.0007365046356467702,0.001234728359760838,0.0007148427345983539,False,1.7272727272727901,1.7272727272727901
2021-11-29,Monday,0.0017289446953815811,2.1611808692249803e-05,0.001750556504073831,0.0016662704501740075,False,1.0505836575875311,1.0505836575875311
2021-11-30,Tuesday,0.0008904526105464882,0.0008904526105464882,0.0017809052210929763,0.0004343671270957967,False,4.100000000000484,4.100000000000484
2021-12-01,Wednesday,0.0017988729952319916,0.0,0.0017988729952319916,0.0017555266579974043,False,1.024691358024739,1.024691358024739
2021-12-02,Thursday,0.0011061946902654867,0.0020575221238938205,0.0031637168141593073,0.0017699115044248039,False,1.7874999999999832,1.7874999999999832
2021-12-03,Friday,0.0036890703106240807,0.002182881840605968,0.005871952151230049,0.0010259544650847404,False,5.723404255319505,5.723404255319505
2021-12-06,Monday,0.0012309856678097298,0.000769366042381128,0.0020003517101908576,0.0005495471731293414,False,3.6400000000000996,3.6400000000000996
2021-12-07,Tuesday,0.0004518169495900934,0.00038727167107727536,0.0008390886206673688,8.60603713505464e-05,True,9.749999999994673,8.390886206673688
2021-12-08,Wednesday,0.0002132196162047393,0.0005756929637526265,0.0007889125799573658,0.00010660980810236966,False,7.399999999998409,7.399999999998409
2021-12-09,Thursday,0.00032062243502059274,0.0008336183310533225,0.0011542407660739152,0.0003204086867305112,False,3.602401601067458,3.602401601067458
2021-12-10,Friday,0.0052378407268839945,0.00014965259219667167,0.0053874933190806665,0.004767504008551616,False,1.13004484304931,1.13004484304931
2021-12-14,Tuesday,0.0038882921589688557,0.0038238453276046675,0.007712137486573524,0.0035875402792696367,False,2.14970059880236,2.14970059880236
2021-12-15,Wednesday,0.0010140237324703933,0.0006256742179072718,0.001639697950377665,0.000582524271844621,False,2.8148148148151813,2.8148148148151813
2021-12-16,Thursday,0.00016886543535616692,0.0015831134564643799,0.0017519788918205468,0.0012242744063324202,False,1.4310344827586325,1.4310344827586325
2021-12-17,Friday,0.0006059556786704241,0.0007358033240996689,0.001341759002770093,0.0001947714681441132,False,6.888888888886504,6.888888888886504
2021-12-20,Monday,0.00046249394353164677,0.00048451746465230866,0.0009470114081839554,2.2023521120536723e-05,True,43.00000000003979,9.470114081839553
2021-12-21,Tuesday,0.0004794072782741933,0.00021791239921544104,0.0006973196774896343,0.0,True,,6.973196774896343
2021-12-22,Wednesday,0.0006705022277977296,0.0014275208720854094,0.002098023099883139,0.0013842626638404343,False,1.5156249999999862,1.5156249999999862
2021-12-23,Thursday,0.00023458159174263583,0.0014074895504564212,0.001642071142199057,0.000895675168472268,False,1.8333333333332205,1.8333333333332205
2021-12-27,Monday,0.00031763510079615715,0.00010587836693209252,0.00042351346772824967,0.00031763510079615715,False,1.3333333333334596,1.3333333333334596
2021-12-28,Tuesday,0.0003344201989800707,0.00022991388679879116,0.0005643340857788619,0.00029261767410748756,False,1.928571428571893,1.928571428571893
2022-01-05,Wednesday,0.00014666135892223424,0.0004190324540636625,0.0005656938129858967,0.00012570973621907493,False,4.500000000000473,4.500000000000473
2022-01-06,Thursday,0.0005548442168160283,0.0006828851899275502,0.0012377294067435784,0.0,True,,12.377294067435784
2022-01-07,Friday,0.0017075773745998109,0.004759871931696944,0.0064674493062967554,0.003521878335112011,False,1.83636363636368,1.83636363636368
2022-01-10,Monday,0.0006475984889368837,0.0006475984889368837,0.0012951969778737674,8.634646519162539e-05,True,14.999999999992895,12.951969778737674
2022-01-11,Tuesday,0.0007075926839204582,0.0017582606085296934,0.0024658532924501514,0.0015009541780131412,False,1.6428571428571368,1.6428571428571368
2022-01-12,Wednesday,0.0036341224975559557,0.00040379138861732845,0.004037913886173284,0.003081565860500677,False,1.3103448275862013,1.3103448275862013
2022-01-13,Thursday,0.0015485458518062012,0.00025455548248871375,0.001803101334294915,0.0006151757493476243,False,2.931034482758871,2.931034482758871
2022-01-14,Friday,0.0004113772342236026,0.0024697798037822904,0.0028811570380058928,0.001971534601721199,False,1.4613778705636566,1.4613778705636566
2022-01-18,Tuesday,0.0012168886764162678,0.0009561268171842016,0.0021730154936004695,0.00041287294378408425,False,5.2631578947369055,5.2631578947369055
2022-01-19,Wednesday,6.539224447986913e-05,0.001438629378555634,0.001504021623035503,0.0013732371340758887,False,1.0952380952380996,1.0952380952380996
2022-01-20,Thursday,0.0014990190243149854,0.00017635517933113789,0.0016753742036461233,0.0007274651147410535,False,2.3030303030303862,2.3030303030303862
2022-01-21,Friday,0.0008545663075988833,0.0012368722873142136,0.002091438594913097,0.0005172375019676644,False,4.043478260870274,4.043478260870274
2022-01-24,Monday,0.0,0.00294828976160307,0.00294828976160307,0.0016353794771391905,False,1.8028169014084643,1.8028169014084643
2022-01-25,Tuesday,0.0031023545481906212,0.0003472784942005281,0.0034496330423911493,0.0027782279536035666,False,1.2416666666666862,1.2416666666666862
2022-01-26,Wednesday,0.0009972123382362887,0.0014051628402420608,0.0024023751784783493,0.0012465154227953932,False,1.9272727272726913,1.9272727272726913
2022-01-27,Thursday,0.00041288191577210483,0.002270850536746381,0.0026837324525184857,0.000688136526286711,False,3.900000000000454,3.900000000000454
2022-01-28,Friday,0.009282207154547644,0.0006546644844516547,0.0099368716389993,0.00804302080897825,False,1.2354651162790706,1.2354651162790706
2022-01-31,Monday,0.002271281911510857,0.00024984101026609613,0.002521122921776953,0.0014309076042519585,False,1.7619047619045474,1.7619047619045474
2022-02-01,Tuesday,0.0002220988339811721,0.0014880621876735502,0.0017101610216547223,0.0002220988339811721,False,7.699999999998636,7.699999999998636
2022-02-02,Wednesday,0.0007449768838055869,0.00021911084817801858,0.0009640877319836055,4.3822169635578806e-05,True,22.000000000019895,9.640877319836054
2022-02-03,Thursday,0.0005080964057701225,0.002650937769235842,0.0031590341750059644,0.002518390880774169,False,1.2543859649121893,1.2543859649121893
2022-02-04,Friday,0.0,0.006733931407861453,0.006733931407861453,0.00507841338732406,False,1.3259911894273195,1.3259911894273195
2022-02-07,Monday,0.00013336593389495717,0.0012225210607037529,0.00135588699459871,0.0007112849807730628,False,1.906250000000083,1.906250000000083
2022-02-09,Wednesday,0.00010988527976794728,0.00048349523097879313,0.0005933805107467404,2.197705595356447e-05,True,27.000000000022734,5.933805107467403
2022-02-10,Thursday,0.0,0.011460315377381207,0.011460315377381207,0.008092207422960098,False,1.4162162162162013,1.4162162162162013
2022-02-11,Friday,0.0022041634197929624,8.905710787034091e-05,0.002293220527663303,0.0013581208950239644,False,1.6885245901638517,1.6885245901638517
2022-02-14,Monday,0.0011332472065456358,0.004510323882051523,0.005643571088597159,0.004510323882051523,False,1.2512562814070411,1.2512562814070411
2022-02-15,Tuesday,8.986340762046294e-05,0.002246585190510424,0.002336448598130887,0.0006739755571531528,False,3.4666666666666033,3.4666666666666033
2022-02-16,Wednesday,0.002292031818794748,0.00029212170239538773,0.002584153521190136,0.0010561323086603462,False,2.446808510638229,2.446808510638229
2022-02-17,Thursday,0.0004723453069120682,0.0034638655840211513,0.0039362108909332194,0.0027665939404844047,False,1.422764227642321,1.422764227642321
2022-02-18,Friday,0.0011219746754287754,0.0024271288897030254,0.003549103565131801,0.0005266411741807554,False,6.7391304347837915,6.7391304347837915
2022-02-22,Tuesday,0.00319067767219254,0.0,0.00319067767219254,0.00305195255601025,False,1.0454545454545474,1.0454545454545474
2022-02-23,Wednesday,0.00018491551672326025,0.0009939209023877374,0.0011788364191109976,0.00039294547303704303,False,2.999999999999665,2.999999999999665
2022-02-24,Thursday,0.004385858044394519,0.00034112229234190976,0.004726980336736428,0.004361492166370127,False,1.0837988826815848,1.0837988826815848
2022-02-25,Friday,0.0031384400790422477,0.0012088806230384328,0.00434732070208068,0.000929908171568137,False,4.674999999999613,4.674999999999613
2022-02-28,Monday,0.0008095293165258839,0.004278940673065856,0.00508846998959174,0.00346941135653984,False,1.4666666666666595,1.4666666666666595
2022-03-01,Tuesday,0.0013105557216103584,0.000597797346699448,0.0019083530683098064,0.0010346492539029008,False,1.8444444444444557,1.8444444444444557
2022-03-02,Wednesday,0.0011113683723084468,0.0029173419773095414,0.004028710349617989,0.002384811298911722,False,1.6893203883495684,1.6893203883495684
2022-03-03,Thursday,0.0015040678197853854,0.00022788906360388946,0.001731956883389275,0.001344545475262585,False,1.2881355932204746,1.2881355932204746
2022-03-04,Friday,0.005115385505636267,0.0,0.005115385505636267,0.0005092238964887329,False,10.045454545453467,10.045454545453467
2022-03-07,Monday,0.0032807482898227582,0.011703662338870987,0.014984410628693745,0.0017453115547490152,False,8.585521930408913,8.585521930408913
2022-03-08,Tuesday,0.0027439751849200125,0.0009544261512766263,0.0036984013361966387,0.0013361966117871682,False,2.767857142857152,2.767857142857152
2022-03-09,Wednesday,0.0019322305480936736,0.0009425514868749169,0.0028747820349685907,0.0007304774023281076,False,3.9354838709676176,3.9354838709676176
2022-03-10,Thursday,0.0039266706091070965,0.0007332939089296328,0.004659964518036729,0.0005204021289178647,False,8.954545454544467,8.954545454544467
2022-03-11,Friday,0.0004418501895304708,0.0018836771237878242,0.002325527313318295,0.0016743796655891037,False,1.3888888888889457,1.3888888888889457
2022-03-14,Monday,0.001615278635564651,0.00038006556130938527,0.001995344196874036,0.0013563589719225843,False,1.471103327495756,1.471103327495756
2022-03-15,Tuesday,0.005265047265765199,0.0,0.005265047265765199,0.0030633002273542484,False,1.7187500000000275,1.7187500000000275
2022-03-16,Wednesday,0.0,0.002318303002202388,0.002318303002202388,0.0020864727019822282,False,1.111111111111069,1.111111111111069
2022-03-17,Thursday,0.0008988038994261168,0.001152312691571985,0.0020511165909981015,0.00106012767624631,False,1.9347826086954694,1.9347826086954694
2022-03-18,Friday,0.0008698239750955558,0.0005951427198022087,0.0014649666948977646,0.0007095932428411249,False,2.0645161290321994,2.0645161290321994
2022-03-21,Monday,0.0005178780509772544,0.00027019724398812155,0.000788075294965376,0.00020264793299102718,False,3.8888888888902224,3.8888888888902224
2022-03-22,Tuesday,0.0005615201473428866,0.00015722564125612062,0.0007187457885990073,0.0005615201473428866,False,1.2800000000002003,1.2800000000002003
2022-03-23,Wednesday,0.0001340302908457362,0.001049903944958288,0.0011839342358040243,0.0005137827815753432,False,2.304347826086903,2.304347826086903
2022-03-24,Thursday,0.001099616256367696,0.0006283521464958811,0.001727968402863577,0.001032292812100221,False,1.6739130434784193,1.6739130434784193
2022-03-25,Friday,0.0001327609859715942,0.0007965659158295651,0.0009293269018011593,0.00019914147895732837,False,4.666666666668141,4.666666666668141
2022-03-28,Monday,6.621493367477335e-05,0.0015229434745182813,0.0015891584081930547,0.001258083739819439,False,1.263157894736905,1.263157894736905
2022-03-29,Tuesday,0.0,0.0014351257909499405,0.0014351257909499405,0.0013481484702863827,False,1.064516129032199,1.064516129032199
2022-03-30,Wednesday,0.001915542011319102,0.0,0.001915542011319102,0.0011101436656509528,False,1.725490196078261,1.725490196078261
2022-03-31,Thursday,0.0009808409076047617,0.0008500621199242425,0.0018309030275290043,0.0005013186861091527,False,3.6521739130433284,3.6521739130433284
2022-04-01,Friday,0.00011007154650525343,0.002025316455696238,0.0021353880022014914,0.0017391304347826536,False,1.2278481012658258,1.2278481012658258
2022-04-04,Monday,0.0003306076568734084,0.0005069317405390257,0.0008375393974124341,0.0004848912300808235,False,1.727272727272939,1.727272727272939
2022-04-05,Tuesday,0.0005266969517414117,2.1945706322538032e-05,0.0005486426580639497,0.00019751135690296702,False,2.7777777777785495,2.7777777777785495
2022-04-06,Wednesday,0.00015655052108957637,0.000894574406226187,0.0010511249273157633,0.000716554099387231,False,1.4669163545566821,1.4669163545566821
2022-04-07,Thursday,0.0009187057452720827,0.00020166711481575466,0.0011203728600878374,0.00026888948642109114,False,4.166666666666509,4.166666666666509
2022-04-08,Friday,6.668741386202978e-05,0.0018894767260926126,0.0019561641399546423,0.0016227270706442407,False,1.2054794520547583,1.2054794520547583
2022-04-11,Monday,0.0003153295193476876,0.0004955178161179046,0.0008108473354655922,0.0001576647596738438,False,5.142857142857839,5.142857142857839
2022-04-12,Tuesday,0.007212683435777648,0.0,0.007212683435777648,0.0068044183356392755,False,1.0600000000000023,1.0600000000000023
2022-04-13,Wednesday,0.0010948405638428022,0.0013685507048036647,0.0024633912686464667,0.0006386569955749571,False,3.8571428571431756,3.8571428571431756
2022-04-14,Thursday,0.00040616467721192053,0.001760046934584989,0.0021662116117969095,0.0012410587359252914,False,1.7454545454545756,1.7454545454545756
2022-04-18,Monday,0.0008013737836291305,0.00045792787635944737,0.001259301659988578,2.2896393817952847e-05,True,55.00000000005116,12.593016599885779
2022-04-19,Tuesday,0.0006849723100914684,0.000547567001635802,0.0012325393117272702,0.00047909259542866647,False,2.5726536445934003,2.5726536445934003
2022-04-20,Wednesday,0.0002685044303231105,0.0003803812762910944,0.000648885706614205,0.00022375369193596782,False,2.8999999999995456,2.8999999999995456
2022-04-21,Thursday,0.00028987446205988235,0.0009142194572658706,0.001204093919325753,0.0002229803554306105,False,5.400000000002047,5.400000000002047
2022-04-22,Friday,0.00015974440894567135,0.0021907804655408023,0.002350524874486474,0.0017800091282518776,False,1.3205128205128318,1.3205128205128318
2022-04-25,Monday,0.0009923916639099264,0.0012759321393129351,0.0022683238032228615,0.0008033646803080549,False,2.823529411764853,2.823529411764853
2022-04-26,Tuesday,7.024280596602487e-05,0.002552155283429664,0.0026223980893956885,0.0022711840595658304,False,1.1546391752577718,1.1546391752577718
2022-04-27,Wednesday,0.0009807439301518196,0.0014591556033967555,0.002439899533548575,7.176175098679478e-05,True,33.99999999996589,24.398995335485747
2022-04-28,Thursday,0.002249053030303138,0.0016808712121211637,0.0039299242424243016,0.0012547348484849186,False,3.1320754716979855,3.1320754716979855
2022-04-29,Friday,0.00044751159997173076,0.0033210071366322827,0.0037685187366040132,0.001460301010434097,False,2.580645161290249,2.580645161290249
2022-05-02,Monday,0.000729075532225028,0.0012880334402644831,0.002017108972489511,0.0006075629435209487,False,3.319999999999936,3.319999999999936
2022-05-03,Tuesday,0.0022672455378678186,0.0006994693680656548,0.0029667149059334733,0.0022672455378678186,False,1.3085106382978948,1.3085106382978948
2022-05-04,Wednesday,9.57350055048118e-05,0.001340290077066685,0.0014360250825714968,0.000885548800919067,False,1.6216216216216632,1.6216216216216632
2022-05-05,Thursday,0.00032839181835237933,0.0006333270782510363,0.0009617188966034157,0.0004691311690748467,False,2.049999999999957,2.049999999999957
2022-05-06,Friday,0.004700751150957107,0.00121153380179307,0.005912284952750177,0.0010419190695420569,False,5.674418604651067,5.674418604651067
2022-05-09,Monday,0.003984458138441393,0.0006682010542727295,0.004652659192714122,0.003044027025020462,False,1.5284552845528192,1.5284552845528192
2022-05-10,Tuesday,0.0026109011338769504,0.0004475830515217993,0.0030584841853987495,0.001566540680326227,False,1.9523809523809048,1.9523809523809048
2022-05-11,Wednesday,0.0,0.017306021104903854,0.017306021104903854,0.014748603351955302,False,1.1734006734006783,1.1734006734006783
2022-05-12,Thursday,0.0035730810755232206,0.002544856305588425,0.006117937381111646,0.0012595753431700403,False,4.8571428571428745,4.8571428571428745
2022-05-13,Friday,0.0012825994014535897,0.0,0.0012825994014535897,0.0005029801574327607,False,2.5500000000000993,2.5500000000000993
2022-05-16,Monday,0.0018679950186799503,0.0006226650062266501,0.0024906600249066002,4.98132004980867e-05,True,50.000000000045475,24.906600249066003
2022-05-17,Tuesday,0.000640425636730851,0.0020198039312281225,0.0026602295679589733,0.0007391989753190874,False,3.598800399866141,3.598800399866141
2022-05-18,Wednesday,4.833057323025123e-05,0.002565465734116692,0.0026137963073469433,0.0025408072783870265,False,1.0287267080745504,1.0287267080745504
2022-05-19,Thursday,0.00046382189239333854,0.0028344671201813183,0.003298289012574657,0.001236858379715423,False,2.666666666666825,2.666666666666825
2022-05-20,Friday,0.00035548333037108197,0.0014727166543939876,0.0018281999847650696,0.0011426249904780963,False,1.6000000000001011,1.6000000000001011
2022-05-23,Monday,0.0,0.0017278617710583327,0.0017278617710583327,0.0012704865963664082,False,1.3600000000000139,1.3600000000000139
2022-05-24,Tuesday,0.0020895446321636804,0.0004331982773998316,0.002522742909563512,0.001528935096705058,False,1.6500000000001087,1.6500000000001087
2022-05-25,Wednesday,0.00239973449745985,0.0013785708815193987,0.0037783053789792486,0.0008679890735493908,False,4.352941176470067,4.352941176470067
2022-05-26,Thursday,0.002079939857160717,0.0014534519483773564,0.003533391805538073,0.0017291066282420693,False,2.043478260869526,2.043478260869526
2022-05-27,Friday,0.004384668440240491,0.0008867868755541355,0.005271455315794627,0.004187604690117365,False,1.2588235294117232,1.2588235294117232
2022-05-31,Tuesday,2.4232437540870198e-05,0.0016478057527806887,0.001672038190321559,0.0013570165022899709,False,1.232142857142848,1.232142857142848
2022-06-01,Wednesday,0.0006992501145322586,0.0006028018228727124,0.001302051937404971,0.000675138041617372,False,1.9285714285714866,1.9285714285714866
2022-06-02,Thursday,0.0012405438933618517,0.0005837853615820804,0.0018243292549439323,0.00019459512052731406,False,9.375000000001865,9.375000000001865
2022-06-03,Friday,0.0031350230303615195,0.003593218704029732,0.006728241734391252,0.0029662140979574555,False,2.2682926829268126,2.2682926829268126
2022-06-06,Monday,0.0012536162005785483,2.410800385725869e-05,0.0012777242044358069,0.0009402121504339112,False,1.3589743589743366,1.3589743589743366
2022-06-07,Tuesday,0.0002938367736722362,0.0011998334924949413,0.0014936702661671776,0.00022037758025410757,False,6.7777777777798125,6.7777777777798125
2022-06-08,Wednesday,0.00016910663381164705,0.0015702758853939635,0.0017393825192056106,9.663236217814288e-05,True,17.999999999990052,17.393825192056106
2022-06-09,Thursday,0.0007780209093119212,0.003282275711159793,0.004060296620471714,0.0032579625577438165,False,1.2462686567164003,1.2462686567164003
2022-06-10,Friday,0.0005475633431231701,0.014883767235800592,0.015431330578923761,0.011473940962715808,False,1.3449023861171467,1.3449023861171467
2022-06-13,Monday,0.0007073618024627683,0.0020172910662823733,0.0027246528687451415,0.0014147236049252387,False,1.9259259259260937,1.9259259259260937
2022-06-14,Tuesday,0.005605291820524437,0.0,0.005605291820524437,0.004064500703982075,False,1.3790849673202952,1.3790849673202952
2022-06-15,Wednesday,0.0019654714475431847,0.0007968127490040142,0.002762284196547199,0.001460823373174001,False,1.8909090909090889,1.8909090909090889
2022-06-16,Thursday,0.0031191180424846063,0.0005108900242000477,0.003630008066684654,0.0005646679214843678,False,6.428571428570423,6.428571428570423
2022-06-17,Friday,0.0005968043837995477,0.0019803054553346666,0.0025771098391342145,0.00143775601551684,False,1.7924528301888571,1.7924528301888571
2022-06-21,Tuesday,0.0010770059235326714,0.00018847603661818304,0.0012654819601508544,0.00010770059235331305,False,11.749999999994671,11.749999999994671
2022-06-22,Wednesday,8.126337459699518e-05,0.0014627407427472991,0.0015440041173442943,0.0005146680391147648,False,2.9999999999999996,2.9999999999999996
2022-06-23,Thursday,2.6567481402889877e-05,0.0019128586609988589,0.0019394261424017488,0.0018065887353877525,False,1.0735294117648115,1.0735294117648115
2022-06-27,Monday,0.00010237772260761297,0.0017404212843285477,0.0018427990069361606,0.00023034987586694733,False,8.000000000002526,8.000000000002526
2022-06-28,Tuesday,0.0013606140733705481,0.0007444869458063914,0.0021051010191769394,0.0009241906913460161,False,2.2777777777776724,2.2777777777776724
2022-06-29,Wednesday,0.0003670302013422461,0.0028838087248322744,0.0032508389261745206,0.0018089345637583834,False,1.7971014492753814,1.7971014492753814
2022-06-30,Thursday,0.004103055977406604,0.0,0.004103055977406604,0.002611035621986034,False,1.5714285714285634,1.5714285714285634
2022-07-01,Friday,0.0028217755889791093,0.00018634367097029997,0.0030081192599494093,0.002315985624916823,False,1.2988505747126318,1.2988505747126318
2022-07-05,Tuesday,0.00037128384650061356,0.0019359800567534363,0.00230726390325405,0.00018564192325030678,False,12.428571428572706,12.428571428572706
2022-07-06,Wednesday,0.0029155284723680307,5.25320445472753e-05,0.002968060516915306,0.0029155284723680307,False,1.0180180180180536,1.0180180180180536
2022-07-08,Friday,0.00046316547873300265,0.0059954198080436,0.006458585286776603,0.005789568484162314,False,1.1155555555555516,1.1155555555555516
2022-07-12,Tuesday,0.00201322979580093,0.0002614584150391475,0.0022746882108400776,0.00201322979580093,False,1.1298701298701626,1.1298701298701626
2022-07-13,Wednesday,0.0014583713117529162,0.02552149795567596,0.026979869267428874,0.024167296023334017,False,1.1163793103448256,1.1163793103448256
2022-07-14,Thursday,0.0027274915100141232,0.002861192074230687,0.00558868358424481,0.0004545819183355859,False,12.29411764706197,12.29411764706197
2022-07-15,Friday,0.0040978189028420655,0.0024586913417052395,0.006556510244547305,0.0036483807005948327,False,1.7971014492753814,1.7971014492753814
2022-07-18,Monday,0.0011867598875157492,2.579912798945049e-05,0.0012125590155051998,0.001006165991589449,False,1.2051282051281715,1.2051282051281715
2022-07-19,Tuesday,0.0018217306441118768,0.0003122966818477672,0.002134027325959644,0.0017957059206245875,False,1.1884057971014432,1.1884057971014432
2022-07-20,Wednesday,0.0009201983538672787,0.0005367823730894033,0.001456980726956682,0.00033229385000765665,False,4.384615384615485,4.384615384615485
2022-07-21,Thursday,0.004407964736282133,0.0010893246187364007,0.0054972893550185335,0.00412930029893093,False,1.3312883435582958,1.3312883435582958
2022-07-22,Friday,0.000577555683901166,0.000326444516987659,0.000904000200888825,0.0,True,,9.04000200888825
2022-07-25,Monday,0.00012599218848419937,0.001511906261811825,0.0016378984502960243,0.0009323421947839348,False,1.7567567567566738,1.7567567567566738
2022-07-26,Tuesday,0.0007864028411973676,0.00027904616945716295,0.0010654490106545306,0.00025367833587003016,False,4.200000000001593,4.200000000001593
2022-07-27,Wednesday,0.0002536204316618882,0.0007354992518197785,0.0009891196834816668,0.00020289634532953937,False,4.8750000000008,4.8750000000008
2022-07-28,Thursday,0.002174347695691304,0.002649205238428477,0.004823552934119782,0.0019494151754472977,False,2.47435897435907,2.47435897435907
2022-07-29,Friday,0.0008333129089974065,0.0017401534276120182,0.0025734663366094247,0.0014705521923481432,False,1.7500000000001183,1.7500000000001183
2022-08-01,Monday,0.0004871276518011268,0.0009011861558321469,0.0013883138076332736,0.00041405850403102007,False,3.352941176470234,3.352941176470234
2022-08-03,Wednesday,0.000584595898085332,0.00014614897452136765,0.0007307448726066998,0.000267939786622392,False,2.7272727272733848,2.7272727272733848
2022-08-04,Thursday,0.001229686068380168,0.0002893378984424086,0.0015190239668225766,0.000964459661474604,False,1.5750000000000781,1.5750000000000781
2022-08-05,Friday,0.0004583725362476122,0.009505198909555855,0.009963571445803468,0.009384574557911718,False,1.061696658097689,1.061696658097689
2022-08-09,Tuesday,0.0006552920903818622,0.000703832245224774,0.0013591243356066362,0.00019416061937247515,False,6.999999999996447,6.999999999996447
2022-08-10,Wednesday,0.014454855814629252,0.0012348369288878985,0.01568969274351715,0.013171593908137812,False,1.191176470588239,1.191176470588239
2022-08-11,Thursday,0.002082741645365889,0.0011360408974722175,0.003218782542838107,0.0006390230048282653,False,5.037037037036156,5.037037037036156
2022-08-12,Friday,0.0008060692271217994,0.00018966334755804665,0.000995732574679846,2.3707918444738985e-05,True,42.00000000003411,9.95732574679846
2022-08-15,Monday,0.0001646865074696934,0.002117397953182059,0.002282084460651752,0.001999764733560811,False,1.141176470588237,1.141176470588237
2022-08-16,Tuesday,0.0,0.0012137055363644427,0.0012137055363644427,0.0008869386611894208,False,1.3684210526315475,1.3684210526315475
2022-08-17,Wednesday,0.0010089396747929487,0.0013608953753020579,0.0023698350500950065,0.0004692742673455234,False,5.050000000000241,5.050000000000241
2022-08-18,Thursday,0.0001871301256110596,0.001309910879277683,0.0014970410048887426,0.00046782531402771545,False,3.2000000000001134,3.2000000000001134
2022-08-19,Friday,0.0011801080979017679,0.0003540324293704767,0.0015341405272722446,0.0007788713446151292,False,1.969696969696996,1.969696969696996
2022-08-22,Monday,0.0005991324562034174,0.00016775708773694056,0.000766889543940358,0.00014379178948882565,False,5.333333333333017,5.333333333333017
2022-08-23,Tuesday,0.0001691638472691957,0.001981633639439326,0.002150797486708522,0.0013049782503625435,False,1.6481481481480604,1.6481481481480604
2022-08-24,Wednesday,0.00026633092828437765,0.0017432569851338203,0.002009587913418198,0.0012832308362790488,False,1.566037735849107,1.566037735849107
2022-08-25,Thursday,0.0,0.0018037084245208148,0.0018037084245208148,0.0016113128592386329,False,1.1194029850746001,1.1194029850746001
2022-08-26,Friday,0.003036606651842244,0.000669488080721205,0.003706094732563449,0.00016737202018026726,False,22.142857142859466,22.142857142859466
2022-08-29,Monday,0.0016660450080816013,0.000124331717020899,0.0017903767251025002,0.000124331717020899,False,14.400000000012504,14.400000000012504
2022-08-30,Tuesday,0.0,0.0014825430555211532,0.0014825430555211532,0.0007906896296113098,False,1.8749999999999334,1.8749999999999334
2022-08-31,Wednesday,0.0001500862996222885,0.0015258773794931005,0.001675963679115389,0.0009755609475448042,False,1.717948717948673,1.717948717948673
2022-09-01,Thursday,0.0007878618446131736,0.002439830228480027,0.0032276920730932007,0.0015248938928000171,False,2.116666666666556,2.116666666666556
2022-09-02,Friday,0.006950040290088615,0.0023166800966962528,0.009266720386784867,0.0022159548751007137,False,4.181818181818211,4.181818181818211
2022-09-06,Tuesday,0.0011663286004057719,0.00025354969574027864,0.0014198782961460505,0.0005831643002028859,False,2.4347826086954694,2.4347826086954694
2022-09-07,Wednesday,0.002259074806181638,0.00015402782769420925,0.0024131026338758475,0.00195101915079322,False,1.2368421052631695,1.2368421052631695
2022-09-08,Thursday,0.0003268713384123996,0.0029166980966029727,0.003243569435015372,0.0023383872671041885,False,1.3870967741934992,1.3870967741934992
2022-09-09,Friday,0.0019084442461644775,0.0003469898629391112,0.0022554341091035887,0.0019084442461644775,False,1.1818181818182423,1.1818181818182423
2022-09-12,Monday,0.001496381699987768,0.0,0.001496381699987768,0.0012265423770391269,False,1.220000000000027,1.220000000000027
2022-09-13,Tuesday,0.0019071530309247606,0.02607247181517517,0.02797962484609993,0.024624001158776634,False,1.136274509803914,1.136274509803914
2022-09-14,Wednesday,0.0019288850536788177,0.002309586051115373,0.00423847110479419,0.0008883023273521554,False,4.771428571428144,4.771428571428144
2022-09-15,Thursday,0.0025671004473362927,0.0006608377389182363,0.003227938186254529,0.002211264741764957,False,1.4597701149425,1.4597701149425
2022-09-16,Friday,0.0,0.0009881936859624369,0.0009881936859624369,0.0005201019399803543,False,1.8999999999995456,1.8999999999995456
2022-09-19,Monday,0.0017254450864030353,0.00041828971791578825,0.0021437348043188234,0.0014640140127055563,False,1.464285714285696,1.464285714285696
2022-09-20,Tuesday,0.0012451361867704752,0.0,0.0012451361867704752,0.0009338521400778564,False,1.3333333333333333,1.3333333333333333
2022-09-21,Wednesday,0.0015290916159128546,0.00012958403524688703,0.0016586756511597417,0.0005183361409874009,False,3.2000000000001134,3.2000000000001134
2022-09-22,Thursday,0.0020121789780248637,0.0015885623510721893,0.0036007413290970527,0.0015885623510723398,False,2.266666666666509,2.266666666666509
2022-09-23,Friday,0.0,0.002460323897585706,0.002460323897585706,0.0018655203179495437,False,1.3188405797101854,1.3188405797101854
2022-09-26,Monday,5.4603035928903176e-05,0.0022114229551161557,0.002266025991045059,0.0008463470568962145,False,2.67741935483913,2.67741935483913
2022-09-27,Tuesday,0.0019521188623485815,0.0,0.0019521188623485815,0.001572540194669742,False,1.241379310344787,1.241379310344787
2022-09-28,Wednesday,0.005731132725318888,0.000909266249689979,0.0066403989750088675,0.0057035792026010335,False,1.1642512077294571,1.1642512077294571
2022-09-29,Thursday,0.002259179618389289,0.007131386265276694,0.009390565883665982,0.00359291216418518,False,2.6136363636364113,2.6136363636364113
2022-09-30,Friday,0.0,0.008907770316568453,0.008907770316568453,0.002055639303823489,False,4.333333333333333,4.333333333333333
2022-10-03,Monday,0.002444444444444432,0.00027777777777784093,0.0027222222222222725,0.002055555555555581,False,1.3243243243243326,1.3243243243243326
2022-10-04,Tuesday,0.00040293335482320387,0.0012893867354338555,0.0016923200902570594,0.0008595911569559546,False,1.9687500000000278,1.9687500000000278
2022-10-05,Wednesday,0.0013363267051528756,0.0004276245456489871,0.0017639512508018627,0.00013363267051516602,False,13.200000000012507,13.200000000012507
2022-10-06,Thursday,0.004445154249514269,0.0,0.004445154249514269,0.002821475152386282,False,1.575471698113219,1.575471698113219
2022-10-07,Friday,0.002892418115107638,0.01258737513056051,0.015479793245668148,0.01114116607300669,False,1.3894230769230946,1.3894230769230946
2022-10-10,Monday,0.002040591219942668,0.0006893889256562983,0.002729980145598966,0.0013512022942863697,False,2.020408163265287,2.020408163265287
2022-10-11,Tuesday,0.0011940795867929432,0.0019438504901279849,0.003137930076920928,0.0014717725139541517,False,2.1320754716979855,2.1320754716979855
2022-10-12,Wednesday,0.0,0.007738607050730768,0.007738607050730768,0.003827698111114181,False,2.0217391304347627,2.0217391304347627
2022-10-13,Thursday,0.0005275140207673878,0.03104003553778668,0.03156754955855407,0.02992947970459223,False,1.0547309833024094,1.0547309833024094
2022-10-14,Friday,0.0011998581985765257,0.003763191622808201,0.0049630498213847265,0.000818085135393121,False,6.066666666666413,6.066666666666413
2022-10-17,Monday,0.002541998231653291,0.0009394341290893894,0.00348143236074268,0.002127541998231603,False,1.636363636363663,1.636363636363663
2022-10-18,Tuesday,0.002484969939879778,0.0,0.002484969939879778,0.001469605878423544,False,1.6909090909090683,1.6909090909090683
2022-10-19,Wednesday,5.420201089455489e-05,0.0027101005447302093,0.0027643025556247642,0.002574595517493668,False,1.0736842105263096,1.0736842105263096
2022-10-20,Thursday,0.0017285617825793015,0.006347062795408569,0.008075624577987871,0.005860904794058112,False,1.3778801843317914,1.3778801843317914
2022-10-21,Friday,0.0010755060393800296,0.0008273123379846985,0.0019028183773647281,0.0005791186365892106,False,3.2857142857145947,3.2857142857145947
2022-10-24,Monday,0.002034466251795232,0.0013031221743524523,0.0033375884261476847,0.0017552257858625207,False,1.9015151515151587,1.9015151515151587
2022-10-25,Tuesday,0.00031134900235832116,0.0010334137099551827,0.001344762712313504,0.0002649778743474016,False,5.075000000001664,5.075000000001664
2022-10-26,Wednesday,0.00031435831608729874,0.0014670054750740111,0.0017813637911613099,0.0011788436853274447,False,1.5111111111109736,1.5111111111109736
2022-10-27,Thursday,0.0048909347700999235,0.0005754040905999123,0.0054663388606998355,0.0007584872103364034,False,7.206896551723543,7.206896551723543
2022-10-28,Friday,0.00788777130757004,0.002514557967178371,0.010402329274748412,0.0017204870301746353,False,6.046153846153981,6.046153846153981
2022-10-31,Monday,0.0001291989664082981,0.0011369509043927589,0.001266149870801057,0.0003617571059431172,False,3.5000000000004055,3.5000000000004055
2022-11-01,Tuesday,0.0006709896841738642,0.00022537058094395003,0.0008963602651178143,0.0001485397010766381,False,6.034482758621839,6.034482758621839
2022-11-02,Wednesday,0.0010147529466865539,0.0020555251996980813,0.0030702781463846354,0.0016392162984934704,False,1.8730158730158974,1.8730158730158974
2022-11-03,Thursday,0.0009943563558183406,0.0016930932545014658,0.0026874496103198066,0.0009406073636119934,False,2.8571428571426716,2.8571428571426716
2022-11-04,Friday,0.005596465390279908,0.0119426964787789,0.01753916186905881,0.00042843754183951845,False,40.93750000000822,40.93750000000822
2022-11-07,Monday,0.0008750994431184939,0.0003977724741448796,0.0012728719172633734,0.00013259082471480912,False,9.600000000009095,9.600000000009095
2022-11-08,Tuesday,0.0014971632695944346,0.002941794494641743,0.004438957764236178,0.0013920991805000333,False,3.188679245283179,3.188679245283179
2022-11-09,Wednesday,0.001710166280783083,0.0002104820037886342,0.0019206482845717172,0.0016049252788886909,False,1.196721311475413,1.196721311475413
2022-11-10,Thursday,0.029504264392324075,0.004051172707889078,0.03355543710021315,0.028384861407249558,False,1.1821596244131394,1.1821596244131394
2022-11-11,Friday,0.0009330004791083656,0.0009582167082734333,0.001891217187381799,0.00015129737499054965,False,12.499999999999527,12.499999999999527
2022-11-14,Monday,0.0007045620392037762,0.00032711808963048814,0.0010316801288342643,0.00015097757982940105,False,6.833333333333491,6.833333333333491
2022-11-15,Tuesday,0.010593273396609195,0.0,0.010593273396609195,0.007012095865367788,False,1.510714285714286,1.510714285714286
2022-11-16,Wednesday,0.0007032702064601134,0.004119154066408766,0.00482242427286888,0.00030140151705431394,False,15.999999999999526,15.999999999999526
2022-11-17,Thursday,0.0015585477401058117,0.002197296813919655,0.0037558445540254665,0.001277498147627686,False,2.9400000000000546,2.9400000000000546
2022-11-18,Friday,2.5134469411327866e-05,0.0008797064293973325,0.0009048408988086604,0.00027396571658381663,False,3.302752293576977,3.302752293576977
2022-11-21,Monday,5.064829821713384e-05,0.0005064829821717703,0.0005571312803889041,0.00015194489465154547,False,3.6666666666660355,3.6666666666660355
2022-11-22,Tuesday,0.000606060606060629,0.00010101010101015269,0.0007070707070707818,0.00027777777777781226,False,2.5454545454544983,2.5454545454544983
2022-11-23,Wednesday,0.0009500712553441394,0.0014251068830163512,0.0023751781383604905,0.0012750956321725322,False,1.8627450980391305,1.8627450980391305
2022-11-25,Friday,0.0,0.000841098273077427,0.000841098273077427,0.0007702820226115102,False,1.0919354838709936,1.0919354838709936
2022-11-28,Monday,0.0005760080140244461,0.00012521913348362477,0.0007012271475080709,0.00032556974705733895,False,2.153846153846019,2.153846153846019
2022-11-29,Tuesday,0.0006053574131060109,0.0013116077283962615,0.0019169651415022724,0.0007314735408363105,False,2.620689655172711,2.620689655172711
2022-11-30,Wednesday,0.0004035817883718628,0.0028755202421490386,0.0032791020305209012,0.0024214907302307466,False,1.3541666666667074,1.3541666666667074
2022-12-01,Thursday,0.0036497244335578914,0.0023515003061848855,0.006001224739742777,0.0028169014084506484,False,2.130434782608728,2.130434782608728
2022-12-02,Friday,0.0,0.016497836349331323,0.016497836349331323,0.013252360346184213,False,1.2448979591836702,1.2448979591836702
2022-12-05,Monday,0.0001234293613765123,0.0009874348910118179,0.00111086425238833,0.0007405761682587932,False,1.5000000000001894,1.5000000000001894
2022-12-06,Tuesday,0.0006501625406352782,0.000750187546886608,0.0014003500875218863,0.000700175043760872,False,2.000000000000203,2.000000000000203
2022-12-07,Wednesday,0.0018104393502817132,0.0,0.0018104393502817132,0.0009689675395874122,False,1.8684210526315472,1.8684210526315472
2022-12-08,Thursday,0.0038476142260472895,0.0004556385267687807,0.00430325275281607,0.0014934818377419945,False,2.8813559322034927,2.8813559322034927
2022-12-09,Friday,0.0008786243253419503,0.01405798920547263,0.014936613530814581,0.010769423873478148,False,1.3869463869463778,1.3869463869463778
2022-12-12,Monday,0.0005070608219455635,0.00043100169865379386,0.0009380625205993574,5.070608219451312e-05,True,18.500000000017053,9.380625205993573
2022-12-13,Tuesday,0.019144961742070914,0.0018975145266919872,0.021042476268762902,0.008586806982656509,False,2.450558899398129,2.450558899398129
2022-12-14,Wednesday,0.0008969503687462967,0.0001245764401036759,0.0010215268088499727,0.0005979669124975311,False,1.708333333333373,1.708333333333373
2022-12-15,Thursday,0.0015200263471232636,0.002102703113520738,0.0036227294606440016,0.0009120158082740446,False,3.972222222222091,3.972222222222091
2022-12-16,Friday,0.00041640641265867207,0.0014053716427233512,0.0018217780553820232,0.0007807620237351951,False,2.333333333333207,2.333333333333207
2022-12-19,Monday,0.0001042128025428457,0.0011984472292420592,0.001302660031784905,0.0006773832165281269,False,1.9230769230769904,1.9230769230769904
2022-12-20,Tuesday,0.00218945369173558,0.0006330950433932636,0.0028225487351288435,0.0015299796882007992,False,1.8448275862067547,1.8448275862067547
2022-12-21,Wednesday,0.0006259454384226412,0.0003129727192113206,0.0009389181576339618,0.0004172969589483286,False,2.250000000000533,2.250000000000533
2022-12-22,Thursday,0.0,0.0038953956423507415,0.0038953956423507415,0.0035837639909626702,False,1.0869565217391342,1.0869565217391342
2022-12-23,Friday,0.005487436658177265,0.005067345813532194,0.010554782471709458,0.004778533357838614,False,2.208791208791207,2.208791208791207
2022-12-27,Tuesday,5.200072801014485e-05,0.0038740542367593383,0.003926054964769483,0.0037180520527287557,False,1.0559440559440445,1.0559440559440445
2022-12-28,Wednesday,0.0,0.0012038103213649627,0.0012038103213649627,0.0010467915837956067,False,1.1500000000000143,1.1500000000000143
2022-12-29,Thursday,0.003670451544758348,0.00013203063110644672,0.0038024821758647948,0.0036176392923158293,False,1.0510948905109438,1.0510948905109438
2022-12-30,Friday,0.000761814695142679,0.0002889641947093641,0.001050778889852043,0.00023642525021665744,False,4.444444444445426,4.444444444445426
2023-01-03,Tuesday,0.0012756098195923493,0.00033842709499387044,0.0016140369145862198,0.000963215578059523,False,1.6756756756756674,1.6756756756756674
2023-01-04,Wednesday,0.0004699738903394434,0.0005221932114882209,0.0009921671018276643,0.00033942558746735105,False,2.9230769230769904,2.9230769230769904
2023-01-05,Thursday,0.0,0.0036052040336485595,0.0036052040336485595,0.0019071006844661722,False,1.8904109589042035,1.8904109589042035
2023-01-06,Friday,0.012585751978891772,0.001345646437994699,0.013931398416886471,0.007862796833773136,False,1.7718120805368927,1.7718120805368927
2023-01-09,Monday,0.0008719066546994021,0.00033337607385561084,0.001205282728555013,5.2570842415763123e-05,True,22.926829268264008,12.05282728555013
2023-01-10,Tuesday,0.0008813084838901345,0.00010368335104595884,0.0009849918349360933,0.0008294668083672287,False,1.187500000000011,1.187500000000011
2023-01-11,Wednesday,0.0,0.0010716746191728097,0.0010716746191728097,2.5516062361378246e-05,True,41.99999999980104,10.716746191728097
2023-01-12,Thursday,0.00852813523185871,0.005050889616487751,0.013579024848346461,0.0017005507754004313,False,7.985074626865515,7.985074626865515
2023-01-13,Friday,0.0009154481881754956,0.0007120152574697336,0.001627463445645229,0.0006865861411315495,False,2.370370370370479,2.370370370370479
2023-01-17,Tuesday,0.0009554220199632802,0.0003017122168305246,0.0012571342367938049,0.0001508561084152623,False,8.333333333333018,8.333333333333018
2023-01-18,Wednesday,0.002656708188175148,0.0027318980425575373,0.005388606230732685,0.0012281009549111733,False,4.3877551020408045,4.3877551020408045
2023-01-19,Thursday,0.0011592560152506276,0.0009016435674172362,0.0020608995826678638,0.0003864186717501604,False,5.333333333334218,5.333333333334218
2023-01-20,Friday,0.0004364457908654872,0.0006418320453903623,0.0010782778362558496,0.0001026931272625105,False,10.499999999995028,10.499999999995028
2023-01-23,Monday,0.00025461393217185457,0.0006025022751392837,0.0008571162073111383,7.310697062359329e-05,True,11.724137931035093,8.571162073111383
2023-01-24,Tuesday,0.0,0.003276802241232542,0.003276802241232542,0.0028265546050327568,False,1.1592920353981866,1.1592920353981866
2023-01-25,Wednesday,2.5190820464999632e-05,0.0018389298939466916,0.0018641207144116912,0.001587021689296552,False,1.1746031746030916,1.1746031746030916
2023-01-26,Thursday,0.0015411001466530897,0.002957918023414774,0.004499018170067864,0.0008948323432179504,False,5.027777777777594,5.027777777777594
2023-01-27,Friday,0.0009659442724457867,0.0015851393188854152,0.002551083591331202,9.907120743039124e-05,True,25.749999999986148,25.510835913312018
2023-01-30,Monday,0.0,0.0014901279026448924,0.0014901279026448924,0.00039736744070524815,False,3.750000000000533,3.750000000000533
2023-01-31,Tuesday,0.00417385219064747,0.0,0.00417385219064747,0.003599010272175146,False,1.1597222222221957,1.1597222222221957
2023-02-01,Wednesday,0.0006167205269260182,0.00014801292646224998,0.0007647334533882682,9.867528430821339e-05,True,7.749999999996092,7.647334533882682
2023-02-02,Thursday,0.0011609064744720569,0.00045952547947869147,0.0016204319539507483,0.0005078965825815162,False,3.1904761904765775,3.1904761904765775
2023-02-03,Friday,0.0,0.006590541486613761,0.006590541486613761,0.004804094343722108,False,1.371859296482415,1.371859296482415
2023-02-06,Monday,0.00012200478258750517,0.0019032746083645813,0.0020252793909520863,0.000683226782489807,False,2.9642857142859462,2.9642857142859462
2023-02-07,Tuesday,0.00012201073694487889,0.0010736944851146846,0.0011957052220595635,0.0006100536847242558,False,1.9600000000000364,1.9600000000000364
2023-02-08,Wednesday,0.0003870624380094544,0.00041125384038516563,0.00079831627839462,0.0001451484142535798,False,5.499999999999526,5.499999999999526
2023-02-09,Thursday,0.0012323305545487275,0.00031412347468888594,0.0015464540292376135,0.0006282469493777719,False,2.4615384615384954,2.4615384615384954
2023-02-10,Friday,0.0007401924500370377,0.00041944238835434474,0.0011596348383913825,0.0007155193683690195,False,1.6206896551727115,1.6206896551727115
2023-02-13,Monday,0.00024461839530324337,0.0005626223091976961,0.0008072407045009394,0.00046477495107631535,False,1.736842105263095,1.736842105263095
2023-02-14,Tuesday,0.007179115300942778,0.005801305293691026,0.012980420594633803,0.0027556200145032305,False,4.710526315789534,4.710526315789534
2023-02-15,Wednesday,0.0007056304443037705,0.0028711859457881328,0.0035768163900919032,0.00046230960144045386,False,7.7368421052630945,7.7368421052630945
2023-02-16,Thursday,0.0,0.004972107688576307,0.004972107688576307,0.0042929905408683935,False,1.1581920903954614,1.1581920903954614
2023-02-17,Friday,0.0010352732381868322,4.929872562789768e-05,0.00108457196381473,0.0004190391678375506,False,2.588235294117392,2.588235294117392
2023-02-21,Tuesday,0.0009662075116440054,0.0004954910316122997,0.0014616985432563052,0.00042116737687037726,False,3.470588235294806,3.470588235294806
2023-02-22,Wednesday,0.0006504390463562677,0.000175118204788215,0.0008255572511444827,0.00012508443199148056,False,6.600000000005684,6.600000000005684
2023-02-23,Thursday,0.0008480917934647838,0.002619107009229121,0.0034671988026939047,0.001322025442753736,False,2.6226415094340716,2.6226415094340716
2023-02-24,Friday,0.0005586016096578342,0.0061116700201207415,0.006670271629778576,0.005860160965794871,False,1.1382403433476032,1.1382403433476032
2023-02-27,Monday,0.0029853741752590194,2.5087177943330334e-05,0.0030104613532023496,0.002734502395825431,False,1.1009174311926753,1.1009174311926753
2023-02-28,Tuesday,0.00010034115994386029,0.0019817379088901354,0.0020820790688339955,0.0014549468191851899,False,1.4310344827586323,1.4310344827586323
2023-03-01,Wednesday,0.00022705484635963428,0.002220091831071183,0.002447146677430817,0.002220091831071183,False,1.102272727272764,1.102272727272764
2023-03-02,Thursday,0.0,0.002213346223319013,0.002213346223319013,0.0010939527310657308,False,2.023255813953467,2.023255813953467
2023-03-03,Friday,0.001152939996992279,0.0005263421725400681,0.0016792821695323472,0.0011028121710361363,False,1.522727272727317,1.522727272727317
2023-03-06,Monday,0.0017039561416506094,0.00017286511581961076,0.0018768212574702201,0.0014323109596483038,False,1.310344827586227,1.310344827586227
2023-03-07,Tuesday,0.000765526608223243,9.877762686742467e-05,0.0008643042350906677,0.0005679713544882533,False,1.521739130434514,1.521739130434514
2023-03-08,Wednesday,0.0009786700125470173,0.0001505646173149367,0.001129234629861954,0.0006273525721455458,False,1.799999999999955,1.799999999999955
2023-03-09,Thursday,0.00407086317376556,0.0,0.00407086317376556,0.0026636512124638832,False,1.5283018867924538,1.5283018867924538
2023-03-10,Friday,0.007264170247595744,0.006420094127276425,0.01368426437487217,0.005166768978923774,False,2.6485148514851096,2.6485148514851096
2023-03-13,Monday,0.0009620384815392733,0.006838273530941226,0.007800312012480499,0.0066822672906917575,False,1.1673151750972535,1.1673151750972535
2023-03-14,Tuesday,0.005153975003221234,0.008632908130395626,0.01378688313361686,0.0008246360005153798,False,16.71875000000043,16.71875000000043
2023-03-15,Wednesday,0.003867718824628826,0.0034264354687986534,0.007294154293427479,0.002673657979441464,False,2.728155339805749,2.728155339805749
2023-03-16,Thursday,0.0013888888888887953,0.0032921810699589236,0.004681069958847719,0.0026491769547325864,False,1.7669902912620783,1.7669902912620783
2023-03-17,Friday,0.0013779376865957807,0.00030620837479906237,0.001684146061394843,5.103472913312871e-05,True,33.000000000031264,16.84146061394843
2023-03-20,Monday,0.0026912725874663882,0.0001281558374982815,0.00281942842496467,0.0016147635524798038,False,1.7460317460317045,1.7460317460317045
2023-03-21,Tuesday,0.000655241935483848,0.0003528225806451269,0.001008064516128975,0.00010080645161281154,False,10.000000000008527,10.000000000008527
2023-03-23,Thursday,0.0006593963986811841,0.0007608419984783448,0.0014202383971595289,0.0005325893989347693,False,2.666666666666937,2.666666666666937
2023-03-24,Friday,0.0010512281421466208,0.0010512281421464751,0.002102456284293096,0.0005640736372494418,False,3.727272727272234,3.727272727272234
2023-03-27,Monday,0.000954534036674191,5.0238633509265645e-05,0.0010047726701834566,0.0006782215523737297,False,1.4814814814817077,1.4814814814817077
2023-03-28,Tuesday,0.0,0.0014397938821389608,0.0014397938821389608,0.0012124580060116734,False,1.1875000000000813,1.1875000000000813
2023-03-29,Wednesday,0.00010030341783887163,0.00035106196243647834,0.00045136538027534996,0.00017553098121816788,False,2.57142857142892,2.57142857142892
2023-03-30,Thursday,0.001685504659924665,0.0004461629982153649,0.0021316676581400297,0.0015615704937537067,False,1.3650793650793966,1.3650793650793966
2023-03-31,Friday,0.0026956177663467577,0.0011376001582748946,0.0038332179246216526,0.0008902957760411851,False,4.305555555555425,4.305555555555425
2023-04-03,Monday,0.00039166288907280087,0.0007094455829551551,0.001101108472027956,0.00031827196669806254,False,3.4596464258272324,3.4596464258272324
2023-04-04,Tuesday,0.0001455886634960746,0.00048529554498686944,0.0006308842084829441,0.00043676599048822387,False,1.4444444444443392,1.4444444444443392
2023-04-05,Wednesday,0.0002449719507116992,0.0013963401190563514,0.0016413120697680505,0.000661424266921393,False,2.4814814814817074,2.4814814814817074
2023-04-06,Thursday,0.000613421666053245,0.001177769598822275,0.0017911912648755199,0.0006870322659797069,False,2.6071428571426467,2.6071428571426467
2023-04-10,Monday,9.825837038497744e-05,0.000650961703800109,0.0007492200741850864,7.369377778862836e-05,True,10.16666666667614,7.492200741850864
2023-04-11,Tuesday,0.001025065286896149,0.00012203158177339069,0.0011470968686695395,0.0007810021233495062,False,1.468749999999939,1.468749999999939
2023-04-12,Wednesday,0.0088018725313308,0.0,0.0088018725313308,0.006534354122982413,False,1.347014925373136,1.347014925373136
2023-04-13,Thursday,0.003377716859212834,0.0012482866653612465,0.00462600352457408,0.0015909535931074438,False,2.9076923076923884,2.9076923076923884
2023-04-14,Friday,0.0008437084491721174,0.002320802610902888,0.0031645110600750054,0.002175752447721449,False,1.45444444444451,1.45444444444451
2023-04-17,Monday,0.0005803560615235456,0.000920431149327832,0.0015007872108513775,0.00012110936175369108,False,12.391999999997008,12.391999999997008
2023-04-18,Tuesday,0.0006012361415069382,4.8098891320511314e-05,0.0006493350328274495,0.0003847911305645006,False,1.6874999999996225,1.6874999999996225
2023-04-19,Wednesday,0.0,0.0011892049315600647,0.0011892049315600647,0.0010435880011649518,False,1.1395348837209334,1.1395348837209334
2023-04-20,Thursday,0.0003889158969373481,0.0008750607681087915,0.0012639766650461397,0.0005104521147301399,False,2.476190476190631,2.476190476190631
2023-04-21,Friday,7.285089849434851e-05,0.00036425449247215664,0.0004371053909665052,0.0002914035939776701,False,1.5000000000000002,1.5000000000000002
2023-04-26,Wednesday,0.0009335921185171912,0.0007124781957103006,0.0016460703142274918,0.0007861828366460704,False,2.0937499999997224,2.0937499999997224
2023-04-27,Thursday,0.001277484338533305,0.00255496867706675,0.0038324530156000547,0.001670556442697474,False,2.294117647058804,2.294117647058804
2023-04-28,Friday,0.0008998492144559671,0.0014835351914003932,0.0023833844058563603,0.0003404834865508691,False,7.000000000000813,7.000000000000813
2023-05-01,Monday,0.0008183306055645879,0.0005054394916723702,0.0013237700972369582,0.0006979878694521123,False,1.8965517241382084,1.8965517241382084
2023-05-03,Wednesday,0.0002670421441055467,0.0013109341619732483,0.0015779763060787952,0.001262381044863174,False,1.2499999999998634,1.2499999999998634
2023-05-04,Thursday,0.002509225092250878,4.92004920048753e-05,0.002558425584255753,0.0017220172201721738,False,1.4857142857142578,1.4857142857142578
2023-05-05,Friday,0.0010786957587643976,0.0025006128953174354,0.0035793086540818328,0.0008335376317725713,False,4.2941176470583615,4.2941176470583615
2023-05-08,Monday,4.8372273013202374e-05,0.00106419000628839,0.0011125622793015924,0.0009432593237555904,False,1.1794871794873139,1.1794871794873139
2023-05-09,Tuesday,0.0,0.0005588492564875551,0.0005588492564875551,0.0005102536689668081,False,1.0952380952382885,1.0952380952382885
2023-05-10,Wednesday,0.008818514007308173,0.0,0.008818514007308173,0.008136419001217966,False,1.0838323353293509,1.0838323353293509
2023-05-11,Thursday,0.0009195402298850465,0.0017422867513612276,0.0026618269812462743,0.0012099213551119178,False,2.2000000000000455,2.2000000000000455
2023-05-12,Friday,0.0010163585325719095,7.259703804091946e-05,0.001088955570612829,0.0008953634691704688,False,1.2162162162163244,1.2162162162163244
2023-05-15,Monday,7.2639225181532e-05,0.0015254237288135483,0.0015980629539950803,0.0013317191283293253,False,1.1999999999999174,1.1999999999999174
2023-05-16,Tuesday,0.0008243823194238416,0.0016002715612346945,0.0024246538806585363,0.0008486288582305428,False,2.8571428571426716,2.8571428571426716
2023-05-17,Wednesday,0.00024296613052146056,0.0010690509742941779,0.0013120171048156383,0.00024296613052146056,False,5.399999999998976,5.399999999998976
2023-05-18,Thursday,0.00031259768677710693,0.001202298795296607,0.001514896482073714,0.0009377930603313207,False,1.6153846153846603,1.6153846153846603
2023-05-19,Friday,0.00030908226343317986,0.0004279600570613571,0.000737042320494537,0.0001426533523537857,False,5.166666666666509,5.166666666666509
2023-05-22,Monday,0.00033406509497003724,0.0004295122649613602,0.0007635773599313975,0.0003340650949699016,False,2.285714285714866,2.285714285714866
2023-05-23,Tuesday,0.00028714316479612283,0.0007178579119906472,0.00100500107678677,0.00014357158239812942,False,6.999999999999053,6.999999999999053
2023-05-24,Wednesday,4.8447265151838113e-05,0.0009689453030375884,0.0010173925681894265,0.0005571435492466891,False,1.8260869565214166,1.8260869565214166
2023-05-25,Thursday,0.002559459133164318,0.004032355426777639,0.006591814559941957,0.001883375588554943,False,3.499999999999818,3.499999999999818
2023-05-26,Friday,0.0011072597727709887,0.0027922202965531126,0.0038994800693241015,0.0016608896591565514,False,2.347826086956536,2.347826086956536
2023-05-30,Tuesday,0.0004497467215831031,0.000520759361833003,0.0009705060834161062,9.468352033319988e-05,True,10.250000000008527,9.705060834161062
2023-05-31,Wednesday,0.00033463202428469146,0.00026292516193803005,0.0005975571862227216,9.560914979568436e-05,True,6.249999999996803,5.975571862227215
2023-06-01,Thursday,0.0009320109929501407,0.0014577607838451754,0.002389771776795316,0.0008603178396463464,False,2.777777777777673,2.777777777777673
2023-06-02,Friday,0.002762952817267312,0.002125348320974773,0.004888301138242085,0.0015113588060266454,False,3.234374999999771,3.234374999999771
2023-06-06,Tuesday,0.00037495313085856804,0.00011717285339335247,0.0004921259842519205,0.00032808398950128035,False,1.4999999999999998,1.4999999999999998
2023-06-07,Wednesday,0.0001866934260576978,0.0003033768173438087,0.0004900702434015065,2.3336678257195645e-05,True,21.000000000017053,4.900702434015065
2023-06-08,Thursday,0.0013594281026603561,0.000398453064572739,0.0017578811672330952,0.0005625219735146118,False,3.1249999999998814,3.1249999999998814
2023-06-09,Friday,0.0005358807082945438,0.00025629077353218465,0.0007921714818267284,0.0005125815470643693,False,1.5454545454544983,1.5454545454544983
2023-06-13,Tuesday,0.0031761375405647894,0.00342930792423303,0.00660544546479782,0.0022555179635895374,False,2.928571428571379,2.928571428571379
2023-06-14,Wednesday,0.0009831492786428124,0.0016690673800215338,0.002652216658664346,0.0003200951139766933,False,8.285714285715272,8.285714285715272
2023-06-15,Thursday,0.002777841548244993,0.0015381436672098972,0.00431598521545489,0.0006428063086847097,False,6.714285714286352,6.714285714286352
2023-06-16,Friday,0.0005657388549445576,0.0,0.0005657388549445576,0.0004752206381535107,False,1.1904761904759842,1.1904761904759842
2023-06-20,Tuesday,0.00027390381411062184,0.0006391088995914943,0.0009130127137021161,0.0003880304033234026,False,2.3529411764705683,2.3529411764705683
2023-06-21,Wednesday,0.0008252148997134984,0.000687679083094582,0.0015128939828080803,9.169054441265436e-05,True,16.499999999992184,15.128939828080803
2023-06-22,Thursday,0.0010826998387467644,0.00013821700069109025,0.0012209168394378546,0.00018428933425474332,False,6.625000000000977,6.625000000000977
2023-06-23,Friday,2.3038289637356368e-05,0.001981292908814481,0.0020043311984518372,0.001796986591715499,False,1.115384615384579,1.115384615384579
2023-06-27,Tuesday,0.0015514287037464898,6.946695688424387e-05,0.0016208956606307337,0.0013661834853887255,False,1.1864406779661327,1.1864406779661327
2023-06-29,Thursday,0.0009822958309537563,0.0011193603655054462,0.0021016561964592026,0.001005139920045683,False,2.090909090909138,2.090909090909138
2023-06-30,Friday,0.0026815744023270765,0.0005454049631851857,0.0032269793655122624,0.0021816198527406135,False,1.4791666666667147,1.4791666666667147
2023-07-03,Monday,0.0,0.0005866293630558672,0.0005866293630558672,0.000518941359626275,False,1.1304347826088461,1.1304347826088461
2023-07-05,Wednesday,0.004750826142041249,0.00025266498162973875,0.005003491123670988,0.00013221895096036693,False,37.84246575342139,37.84246575342139
2023-07-06,Thursday,3.405337298656335e-05,0.002099958000840009,0.0021340113738265725,0.002099958000840009,False,1.0162162162162014,1.0162162162162014
2023-07-07,Friday,0.0017738964317391681,0.002515521593777648,0.004289418025516816,0.0015237315503399038,False,2.815074626865842,2.815074626865842
2023-07-11,Tuesday,0.0007263812593634929,9.0797657420485e-05,0.0008171789167839779,0.0005447859445225229,False,1.5000000000003553,1.5000000000003553
2023-07-12,Wednesday,0.00626916832040418,0.0,0.00626916832040418,0.004600396896987238,False,1.3627450980392164,1.3627450980392164
2023-07-13,Thursday,0.001027932960893809,0.0009608938547486186,0.0019888268156424277,0.0005810055865921584,False,3.423076923076991,3.423076923076991
2023-07-14,Friday,0.00013321196243423164,0.000510645855997909,0.0006438578184321406,0.0002442219311294457,False,2.636363636363495,2.636363636363495
2023-07-17,Monday,0.0008251193077918125,0.0,0.0008251193077918125,0.0002899067838187312,False,2.846153846153981,2.846153846153981
2023-07-18,Tuesday,0.00011093854004883818,0.0014200133126247756,0.0015309518526736138,0.0013978256046150333,False,1.0952380952380996,1.0952380952380996
2023-07-19,Wednesday,0.0006604583581004217,0.00015410695022344004,0.0008145653083238617,0.0005283666864804374,False,1.5416666666663903,1.5416666666663903
2023-07-20,Thursday,4.4007305212625275e-05,0.0008361387990407558,0.000880146104253381,0.000814135146434318,False,1.08108108108116,1.08108108108116
2023-07-21,Friday,0.0006607492896945386,0.00022002951346825322,0.0008807788031627918,0.00022024976323155462,False,3.998999999999114,3.998999999999114
2023-07-24,Monday,0.00039740362961983224,4.415595884660619e-05,0.00044155958846643845,2.2077979423303096e-05,True,20.000000000017053,4.415595884664384
2023-07-27,Thursday,0.0015693796590959225,0.0003269540956449219,0.0018963337547408443,0.0013732072017089941,False,1.3809523809522735,1.3809523809522735
2023-07-28,Friday,0.0004389911982265754,0.0009657806360982413,0.0014047718343248167,2.1949559911303817e-05,True,64.00000000006253,14.047718343248166
2023-07-31,Monday,0.0006773587379277242,0.00015295197308056203,0.0008303107110082862,0.0006773587379277242,False,1.225806451613063,1.225806451613063
2023-08-02,Wednesday,0.00011012003083363367,0.0012333443453364217,0.0013434643761700553,0.0011892963330030182,False,1.1296296296296122,1.1296296296296122
2023-08-03,Thursday,0.001448693946688012,0.0006463403762147198,0.002095034322902732,0.0010698047606312253,False,1.9583333333332547,1.9583333333332547
2023-08-04,Friday,0.002649095078025863,0.002003517285901866,0.004652612363927729,0.00186994946684186,False,2.488095238095114,2.488095238095114
2023-08-07,Monday,0.001608650967424879,0.00015639662183295318,0.0017650475892578323,0.0013628848474016124,False,1.2950819672131195,1.2950819672131195
2023-08-08,Tuesday,0.0010055191830716276,0.00055862176837307,0.0015641409514446977,0.0008267602171921538,False,1.8918918918919916,1.8918918918919916
2023-08-10,Thursday,0.0029438001784122436,0.0036574487065120127,0.006601248884924256,0.0022078501338089924,False,2.989898989899171,2.989898989899171
2023-08-11,Friday,0.0,0.0031398582578271673,0.0031398582578271673,0.0021979007804790933,False,1.428571428571379,1.428571428571379
2023-08-14,Monday,0.0,0.0015721151686654733,0.0015721151686654733,0.0010331042536944248,False,1.5217391304348253,1.5217391304348253
2023-08-15,Tuesday,0.0007185198491108163,0.0017962996227771047,0.002514819471887921,2.2453745284693067e-05,True,112.00000000010232,25.148194718879207
2023-08-16,Wednesday,0.0007681706242515419,0.00029371229750795383,0.0010618829217594957,0.0002033392828900725,False,5.222222222223344,5.222222222223344
2023-08-17,Thursday,0.001451708025223396,0.0001814635031530212,0.0016331715283764172,0.0011341468947058022,False,1.4400000000000546,1.4400000000000546
2023-08-18,Friday,0.00011528706479135663,0.0006686649757896325,0.0007839520405809892,0.00046114825916529544,False,1.6999999999999718,1.6999999999999718
2023-08-21,Monday,0.00018249840313893623,0.0012090519207957604,0.0013915503239346966,0.0010037412172643437,False,1.3863636363636744,1.3863636363636744
2023-08-22,Tuesday,0.0006564501890124284,0.0007469950426692263,0.0014034452316816547,0.0007469950426692263,False,1.8787878787879833,1.8787878787879833
2023-08-23,Wednesday,0.0014372077107334218,0.0,0.0014372077107334218,0.001231892323485716,False,1.166666666666737,1.166666666666737
2023-08-24,Thursday,0.0004045034719881499,0.0006966448684240146,0.0011011483404121645,0.00035955864176728694,False,3.062499999999578,3.062499999999578
2023-08-25,Friday,0.0007978117164349732,0.00013676772281742027,0.0009345794392523935,0.000615454752678456,False,1.5185185185183938,1.5185185185183938
2023-08-28,Monday,0.0007698229407235769,4.5283702395595374e-05,0.0008151066431191723,0.0004754788751527861,False,1.7142857142859464,1.7142857142859464
2023-08-30,Wednesday,0.0014019627478469756,0.0010014019627478216,0.0024033647105947973,8.8790974030284e-05,True,27.067669172939585,24.03364710594797
2023-08-31,Thursday,0.0007732926802323544,0.0011488919820596953,0.0019221846622920497,0.0010826097523254216,False,1.7755102040816093,1.7755102040816093
2023-09-01,Friday,0.002320749712669108,0.0016134736097604505,0.0039342233224295585,0.0009061975068517925,False,4.341463414633953,4.341463414633953
2023-09-06,Wednesday,0.0,0.0008031053406505458,0.0008031053406505458,0.0003123187435862811,False,2.5714285714289193,2.5714285714289193
2023-09-07,Thursday,0.00018007473101333473,0.0024310088686804667,0.0026110835996938013,0.0018457659928870329,False,1.4146341463414362,1.4146341463414362
2023-09-11,Monday,0.00020098258150954665,0.00026797677534614683,0.00046895935685569345,0.00013398838767307342,False,3.499999999999526,3.499999999999526
2023-09-12,Tuesday,0.0007151157593635317,0.00024582104228124975,0.0009609368016447815,0.0003352105122016118,False,2.8666666666671468,2.8666666666671468
2023-09-13,Wednesday,0.0009865913269653296,0.003991210368178011,0.004977801695143341,0.0013005067491816693,False,3.827586206896329,3.827586206896329
2023-09-14,Thursday,0.0003123396470561684,0.0012047386386453839,0.0015170782857015523,2.2309974789708197e-05,True,68.00000000006253,15.170782857015523
2023-09-15,Friday,4.4539461963258976e-05,0.0013139141279174056,0.0013584535898806646,0.0008685195082844361,False,1.5641025641024258,1.5641025641024258
2023-09-18,Monday,0.0005643977875606728,0.00022575911502419212,0.0007901569025848649,0.0,True,,7.901569025848649
2023-09-20,Wednesday,0.00018022889069114193,0.0006082725060826841,0.0007885013967738261,0.00018022889069114193,False,4.375000000000445,4.375000000000445
2023-09-21,Thursday,4.596327534295914e-05,0.0014478431733045193,0.0014938064486474784,0.0004366511157585037,False,3.4210526315788687,3.4210526315788687
2023-09-22,Friday,0.0002077850117745575,0.0005079189176708926,0.0007157039294454501,0.0003652398762524017,False,1.9595448798993067,1.9595448798993067
2023-09-25,Monday,0.0007455905310002404,0.0004892937859688705,0.001234884316969111,0.0005591928982502134,False,2.2083333333331363,2.2083333333331363
2023-09-26,Tuesday,0.0,0.0014171545395409665,0.0014171545395409665,0.000859585540377299,False,1.6486486486486651,1.6486486486486651
2023-09-27,Wednesday,0.0011938481706032231,0.0006788548421077751,0.0018727030127109984,0.0008661251433788351,False,2.1621621621621663,2.1621621621621663
2023-09-28,Thursday,0.0024384525205158746,0.000961313012895721,0.0033997655334115956,0.0008675263774912182,False,3.918918918918994,3.918918918918994
2023-09-29,Friday,0.0020421897844097267,0.00018565361676461657,0.002227843401174343,0.0017172959550717137,False,1.29729729729743,1.29729729729743
2023-10-02,Monday,0.0005860290670417252,0.000187529301453448,0.0007735583684951732,0.0005157055789966489,False,1.5000000000003875,1.5000000000003875
2023-10-03,Tuesday,4.702673469863343e-05,0.002069176326741742,0.0021162030614403755,0.0018105292858991244,False,1.1688311688310806,1.1688311688310806
2023-10-04,Wednesday,0.0014436503052964378,0.00047332796894979285,0.0019169782742462305,0.001325318313059124,False,1.4464285714285696,1.4464285714285696
2023-10-05,Thursday,0.0,0.0037905542214060686,0.0037905542214060686,0.0032019588454113425,False,1.183823529411763,1.183823529411763
2023-10-06,Friday,0.00032979976442870754,0.009964664310954106,0.010294464075382814,0.007797408716136637,False,1.3202416918429007,1.3202416918429007
2023-10-09,Monday,0.0,0.0021536588791610466,0.0021536588791610466,0.0021068402078749803,False,1.0222222222222013,1.0222222222222013
2023-10-10,Tuesday,0.0005087881591119965,0.00018501387604066626,0.0006938020351526628,0.00018501387604079772,False,3.7499999999982236,3.7499999999982236
2023-10-11,Wednesday,0.00039001560062406146,0.002340093603744108,0.0027301092043681696,0.0008717995778654571,False,3.1315789473684528,3.1315789473684528
2023-10-12,Thursday,0.00045641259698765094,0.004062072113190262,0.004518484710177913,0.002441807393884056,False,1.8504672897196017,1.8504672897196017
2023-10-13,Friday,0.0017287479255024894,0.0,0.0017287479255024894,0.0017287479255024894,False,1.0,1.0
2023-10-16,Monday,0.0021263809920028637,0.0,0.0021263809920028637,0.001687237091480519,False,1.2602739726027503,1.2602739726027503
2023-10-17,Tuesday,0.0,0.0016562765981918302,0.0016562765981918302,0.0010811805571529767,False,1.5319148936170546,1.5319148936170546
2023-10-18,Wednesday,0.0004370641441689475,0.0009206195769753829,0.0013576837211443304,0.0009206195769753829,False,1.4747499999998746,1.4747499999998746
2023-10-19,Thursday,0.0018118046038420237,0.0014401523774128465,0.00325195698125487,0.0009059023019209458,False,3.5897435897438026,3.5897435897438026
2023-10-20,Friday,0.0015775098888678636,0.0,0.0015775098888678636,0.0010595215671500957,False,1.4888888888888354,1.4888888888888354
2023-10-23,Monday,0.000905257641089157,0.0004049836815397934,0.0013102413226289504,0.0005002739595493637,False,2.619047619046949,2.619047619046949
2023-10-24,Tuesday,0.0004964069591527504,0.0002600226928895935,0.0007564296520423439,2.363842662630225e-05,True,32.00000000002842,7.564296520423439
2023-10-25,Wednesday,0.0003785459105211351,0.001537842761492498,0.001916388672013633,0.0014195471644545927,False,1.3499999999999528,1.3499999999999528
2023-10-26,Thursday,0.003108283938123513,0.00142161823526571,0.004529902173389224,0.0028673316948580737,False,1.5798319327731085,1.5798319327731085
2023-10-27,Friday,0.0011594202898551165,0.0013768115942028821,0.0025362318840579986,4.8309178743917414e-05,True,52.500000000048324,25.362318840579984
2023-10-30,Monday,0.00019363427326646722,0.00041147283069093327,0.0006051071039574005,0.0001694299891081932,False,3.5714285714260194,3.5714285714260194
2023-10-31,Tuesday,0.00021602937999561938,0.0019442644199611202,0.0021602937999567395,0.0016562252466335366,False,1.304347826086928,1.304347826086928
2023-11-01,Wednesday,0.003956360148663175,0.0,0.003956360148663175,0.003045198417455897,False,1.2992125984251977,1.2992125984251977
2023-11-02,Thursday,0.0018081484090641817,0.0,0.0018081484090641817,0.00164377128096745,False,1.0999999999999919,1.0999999999999919
2023-11-03,Friday,0.005411682731390045,0.0,0.005411682731390045,0.00510974335152709,False,1.059090909090907,1.059090909090907
2023-11-06,Monday,0.0007581849511774476,6.892590465243587e-05,0.0008271108558298836,0.0004824813325674429,False,1.7142857142856758,1.7142857142856758
2023-11-07,Tuesday,0.0006439446207626824,0.000114990110850493,0.0007589347316131754,0.0003679683547215515,False,2.0624999999999334,2.0624999999999334
2023-11-09,Thursday,0.0004562772340473813,0.0006159742659639582,0.0010722515000113396,0.00013688317021422737,False,7.8333333333325434,7.8333333333325434
2023-11-10,Friday,0.00087332230189372,0.000505607648464854,0.001378929950358574,0.0008503401360544323,False,1.621621621621663,1.621621621621663
2023-11-13,Monday,0.0002499318367718205,0.0018404071616831825,0.002090338998455003,0.0017268017813323433,False,1.210526315789509,1.210526315789509
2023-11-14,Tuesday,0.012821676576044971,0.0016792992329687493,0.01450097580901372,0.011187763808832091,False,1.2961460446247568,1.2961460446247568
2023-11-15,Wednesday,0.0015963107484923075,0.0028378857750976177,0.004434196523589925,0.002749201844625774,False,1.6129032258064397,1.6129032258064397
2023-11-16,Thursday,0.0011351243072402922,0.0006454628413719879,0.0017805871486122802,0.000979322931736735,False,1.8181818181818536,1.8181818181818536
2023-11-17,Friday,0.00031208568412063675,0.001104473449476353,0.0014165591335969898,0.0007946011390020351,False,1.7827298050139868,1.7827298050139868
2023-11-20,Monday,0.0010211103465115308,0.00011099025505563135,0.0011321006015671622,0.0009767142444893288,False,1.1590909090908945,1.1590909090908945
2023-11-22,Wednesday,0.0,0.0009893588954357326,0.0009893588954357326,0.0003078005452466502,False,3.214285714285946,3.214285714285946
2023-11-27,Monday,0.0007693153093747065,0.0005495109352676119,0.0013188262446423185,0.00048356962303543346,False,2.7272727272731974,2.7272727272731974
2023-11-28,Tuesday,0.0003745565910944013,8.81309626104842e-05,0.0004626875537048855,0.00015422918456825343,False,3.000000000000812,3.000000000000812
2023-11-29,Wednesday,0.0005903445863214574,0.004088682875634083,0.00467902746195554,0.0004591569004723552,False,10.190476190474358,10.190476190474358
2023-11-30,Thursday,0.0011839508879630861,0.00026310019732515795,0.0014470510852882441,0.0005700504275378006,False,2.538461538461505,2.538461538461505
2023-12-01,Friday,0.0,0.0005483177611089178,0.0005483177611089178,0.00013159626266614528,False,4.166666666666508,4.166666666666508
2023-12-04,Monday,2.1861746316275862e-05,0.001355428271610346,0.001377290017926622,0.001355428271610346,False,1.0161290322580498,1.0161290322580498
2023-12-05,Tuesday,0.00043911649760691496,0.00043911649760679017,0.0008782329952137051,2.1955824880320786e-05,True,40.00000000003979,8.78232995213705
2023-12-06,Wednesday,0.001725682081303575,0.0,0.001725682081303575,0.001114047925904871,False,1.5490196078430936,1.5490196078430936
2023-12-07,Thursday,0.001295678144764527,0.0004831342234715989,0.001778812368236126,0.0012517568517216996,False,1.4210526315789684,1.4210526315789684
2023-12-08,Friday,0.0015518108102201744,0.004152733154110064,0.005704543964330238,0.0012458199462331433,False,4.578947368420675,4.578947368420675
2023-12-11,Monday,0.00019569046117713244,0.0003913809223543885,0.000587071383531521,0.00034789415320394206,False,1.6874999999996227,1.6874999999996227
2023-12-12,Tuesday,0.0020519244891787736,0.0016847380016416034,0.003736662490820377,0.0015119443604476336,False,2.471428571428437,2.471428571428437
2023-12-13,Wednesday,0.0005378194647620687,0.0015919456156956206,0.002129765080457689,0.0004302555718097528,False,4.949999999998635,4.949999999998635
2023-12-14,Thursday,0.0018855133257066295,0.0007203084615058155,0.002605821787212445,0.0016948434388373615,False,1.537500000000001,1.537500000000001
2023-12-15,Friday,0.0002972209838015481,0.003715262297518205,0.004012483281319753,0.0026749888542130884,False,1.500000000000045,1.500000000000045
2023-12-19,Tuesday,0.0001479727730097518,0.0005073352217477891,0.0006553079947575409,0.00023252864330109002,False,2.8181818181814897,2.8181818181814897
2023-12-21,Thursday,0.004591055942866792,0.004718585274613218,0.00930964121748001,0.0035708212888964606,False,2.607142857142844,2.607142857142844
2023-12-22,Friday,0.0013315579227696308,0.0019233614440005244,0.0032549193667701553,0.0012258787225497942,False,2.6551724137931134,2.6551724137931134
2024-01-02,Tuesday,0.0012294647588764899,0.00023317435082143855,0.0014626391096979284,0.0007631160572337333,False,1.9166666666665877,1.9166666666665877
2024-01-04,Thursday,0.00010656436487640957,0.0014919011082693706,0.0015984654731457802,0.0011295822676896264,False,1.4150943396227145,1.4150943396227145
2024-01-05,Friday,0.0,0.0038592654531421095,0.0038592654531421095,0.0014150639994854849,False,2.727272727272641,2.727272727272641
2024-01-08,Monday,0.0003844593007112643,4.271770007898889e-05,0.00042717700079025316,0.00010679425019759365,False,3.999999999998863,3.999999999998863
2024-01-09,Tuesday,8.465250148146208e-05,0.0009946668924066082,0.0010793193938880702,0.0009523406416659372,False,1.1333333333333417,1.1333333333333417
2024-01-10,Wednesday,0.0,0.0005274039070081431,0.0005274039070081431,0.0005274039070081431,False,1.0,1.0
2024-01-11,Thursday,0.000878514056224933,0.0060240963855421594,0.0069026104417670925,0.0037232262382864223,False,1.8539325842696979,1.8539325842696979
2024-01-12,Friday,0.0022708635589479193,0.0002733446876511185,0.0025442082465990377,0.001324670409386346,False,1.9206349206348188,1.9206349206348188
2024-01-16,Tuesday,0.0015796124684077505,2.1061499578750852e-05,0.0016006739679865014,0.0008635214827295033,False,1.8536585365854876,1.8536585365854876
2024-01-17,Wednesday,0.004060484297345794,0.0013746431214973756,0.00543512741884317,0.0013746431214973756,False,3.953846153845936,3.953846153845936
2024-01-18,Thursday,0.0011799410029498573,0.001664559629161442,0.0028445006321112993,0.001517067003792725,False,1.8749999999999605,1.8749999999999605
2024-01-19,Friday,0.0004384133611690596,0.0006680584551148083,0.001106471816283868,0.0005010438413361359,False,2.208333333333136,2.208333333333136
2024-01-22,Monday,6.193740193239061e-05,0.0010529358328515792,0.0011148732347839698,0.0010322900322074489,False,1.0799999999999272,1.0799999999999272
2024-01-24,Wednesday,0.0001434867274776943,0.0007174336373885882,0.0008609203648662824,0.0006969355334632199,False,1.23529411764699,1.23529411764699
2024-01-25,Thursday,0.0027367944523324157,0.0009054056834785163,0.003642200135810932,0.0022840916105931574,False,1.5945945945946916,1.5945945945946916
2024-01-26,Friday,0.0013744717515283631,0.0010462396914618448,0.0024207114429902078,0.001107783202724368,False,2.1851851851851145,2.1851851851851145
2024-01-29,Monday,0.00010257251877079426,0.0003282320600664017,0.00043080457883719597,0.00030771755631226616,False,1.4000000000000759,1.4000000000000759
2024-01-30,Tuesday,0.00018355359765057888,0.00026513297438406644,0.00044868657203464535,8.157937673360349e-05,True,5.499999999997869,4.4868657203464535
2024-01-31,Wednesday,0.0010836008259900078,0.0014925067980618228,0.0025761076240518304,0.0010427102287828727,False,2.470588235294144,2.470588235294144
2024-02-01,Thursday,0.0009278541825604417,0.000804140291552375,0.0017319944741128167,0.0002886657456854499,False,6.000000000000406,6.000000000000406
2024-02-02,Friday,0.0,0.004694167852062593,0.004694167852062593,0.002235318024791755,False,2.099999999999959,2.099999999999959
2024-02-05,Monday,0.00014193600713733966,0.0004663611663084841,0.0006082971734458237,0.00024331886937832952,False,2.4999999999999996,2.4999999999999996
2024-02-07,Wednesday,0.0006257064427579571,0.00022202486678510748,0.0008477313095430646,0.0006257064427579571,False,1.3548387096774608,1.3548387096774608
2024-02-08,Thursday,0.0012464817048653087,0.0003417772416565321,0.0015882589465218409,0.0007036590269401342,False,2.2571428571426067,2.2571428571426067
2024-02-09,Friday,0.0035649909873822806,0.0003204486280793611,0.003885439615461642,0.0018225515722010176,False,2.1318681318682042,2.1318681318682042
2024-02-13,Tuesday,0.00024024024024024934,0.008908908908908886,0.009149149149149135,0.008088088088088129,False,1.1311881188118738,1.1311881188118738
2024-02-14,Wednesday,0.000946874307472189,8.058504744448792e-05,0.0010274593549166769,0.0009267280456110957,False,1.1086956521739426,1.1086956521739426
2024-02-15,Thursday,0.00202186011130238,0.00032029467109745966,0.0023421547823998397,0.001141049765784508,False,2.0526315789474214,2.0526315789474214
2024-02-16,Friday,0.0,0.003184079601990095,0.003184079601990095,0.0031442786069651426,False,1.012658227848126,1.012658227848126
2024-02-20,Tuesday,0.0009843508306714723,0.0005624861889552413,0.0015468370196267136,0.0006428413588059085,False,2.4062499999999942,2.4062499999999942
2024-02-21,Wednesday,0.0005858112475758799,0.00028280542986434064,0.0008686166774402206,0.0005050096961861667,False,1.7200000000000273,1.7200000000000273
2024-02-22,Thursday,0.0009131513647642274,0.0005359801488833386,0.001449131513647566,0.0006947890818859012,False,2.0857142857140403,2.0857142857140403
2024-02-23,Friday,0.000787060721734637,0.00025579473456387446,0.0010428554562985114,0.0002754712526071118,False,3.7857142857148656,3.7857142857148656
2024-02-27,Tuesday,0.0006123940657039614,0.0002765650619307923,0.0008889591276347537,0.00017779182552701812,False,4.9999999999981055,4.9999999999981055
2024-02-28,Wednesday,0.0013848041641102917,0.00023749678389772705,0.0016223009480080188,0.0004749935677954541,False,3.415416666666586,3.415416666666586
2024-02-29,Thursday,0.006080893713108571,0.00031691954205131126,0.006397813255159882,0.006021471298973901,False,1.0625000000000187,1.0625000000000187
2024-03-01,Friday,0.0,0.0012574167943731447,0.0012574167943731447,0.0010617313057488186,False,1.1843079200592215,1.1843079200592215
2024-03-05,Tuesday,0.00017631156212050275,0.0008619676370332597,0.0010382791991537625,0.00029385260353402277,False,3.5333333333340664,3.5333333333340664
2024-03-06,Wednesday,0.0006277463904582415,0.000941619585687418,0.0015693659761456596,0.00043157564344010373,False,3.6363636363632375,3.6363636363632375
2024-03-07,Thursday,0.000976657876745887,0.00042972946576808367,0.0014063873425139706,0.0009375915616758694,False,1.5000000000001774,1.5000000000001774
2024-03-08,Friday,0.004062196307094328,0.0026239067055394026,0.0066861030126337305,0.003887269193391642,False,1.7200000000000273,1.7200000000000273
2024-03-12,Tuesday,0.004626647144948764,0.004197169350902835,0.0088238164958516,0.004216691068813993,False,2.092592592592615,2.092592592592615
2024-03-13,Wednesday,0.0003678321136795884,0.0002516746040964794,0.0006195067177760678,0.0002710341890269609,False,2.2857142857148656,2.2857142857148656
2024-03-14,Thursday,0.00011581446522660148,0.002316289304534224,0.002432103769760825,0.0005018626826492648,False,4.846153846151861,4.846153846151861
2024-03-15,Friday,0.0001751449811233251,0.0013816992955280355,0.0015568442766513606,0.0009730276729070174,False,1.6000000000001364,1.6000000000001364
2024-03-19,Tuesday,0.0013321578998922654,0.00019590557351349965,0.001528063473405765,0.0008228034087570103,False,1.8571428571427218,1.8571428571427218
2024-03-21,Thursday,1.9111323459132163e-05,0.0005351170568561351,0.0005542283803152673,0.00047778308647873863,False,1.1599999999998545,1.1599999999998545
2024-03-22,Friday,0.0005561521939244469,0.0003643755753299604,0.0009205277692544073,0.0005177968702055496,False,1.7777777777779649,1.7777777777779649
2024-03-26,Tuesday,7.665478517489482e-05,0.0014564409183245267,0.0015330957034994214,0.0012648039553870719,False,1.212121212121165,1.212121212121165
2024-03-27,Wednesday,0.001017860572306458,0.0,0.001017860572306458,0.0007681966583444925,False,1.3250000000000073,1.3250000000000073
2024-03-28,Thursday,0.0009369204000076657,0.0006883496816382983,0.0016252700816459641,0.0005545039102085387,False,2.931034482759067,2.931034482759067
2024-04-01,Monday,0.0003625885002195656,0.000553424552966477,0.0009160130531860426,0.0002862540791205841,False,3.200000000000606,3.200000000000606
2024-04-02,Tuesday,1.9220050356514456e-05,0.0021910857406446144,0.002210305791001129,0.0019220050356531936,False,1.1499999999999773,1.1499999999999773
2024-04-03,Wednesday,0.0008497489378139332,0.0001544998068751009,0.001004248744689034,0.0005986867516416746,False,1.6774193548383312,1.6774193548383312
2024-04-04,Thursday,0.0013998082454458642,0.0003643336529243616,0.0017641418983702258,0.0012847555129433539,False,1.3731343283584014,1.3731343283584014
2024-04-05,Friday,0.0024275996112731266,0.003867832847424702,0.006295432458697828,0.002040816326530524,False,3.084761904762069,3.084761904762069
2024-04-10,Wednesday,0.0,0.01778956064011679,0.01778956064011679,0.016463988626976338,False,1.0805134189031504,1.0805134189031504
2024-04-11,Thursday,0.007074181192839843,0.0004690064879231007,0.007543187680762943,0.005022277808176222,False,1.5019455252918712,1.5019455252918712
2024-04-12,Friday,7.745633399186188e-05,0.003659811781108374,0.003737268115100236,0.0035242631966227807,False,1.0604395604396326,1.0604395604396326
2024-04-15,Monday,0.0032716013320092377,0.0009931646900741776,0.0042647660220834155,0.0018500126579814326,False,2.305263157894684,2.305263157894684
2024-04-16,Tuesday,0.0023962294043093245,0.0006931242078579807,0.003089353612167305,0.002336818757921433,False,1.322033898305079,1.322033898305079
2024-04-17,Wednesday,0.0010301109350237358,5.9429477020660775e-05,0.0010895404120443966,0.000435816164817691,False,2.5000000000003877,2.5000000000003877
2024-04-18,Thursday,0.0012166178025090522,0.0002592792038133897,0.0014758970063224418,0.00035900197451087343,False,4.111111111111006,4.111111111111006
2024-04-19,Friday,0.0010804105560113253,0.0009603649386767336,0.0020407754946880586,0.00038014445489285473,False,5.368421052631846,5.368421052631846
2024-04-22,Monday,0.0016686100277431225,0.0002613485585621717,0.0019299585863052943,0.0016284025571951313,False,1.1851851851851567,1.1851851851851567
2024-04-23,Tuesday,0.0014979029358897543,0.0,0.0014979029358897543,0.0010185739964050148,False,1.470588235294144,1.470588235294144
2024-04-24,Wednesday,0.0007298550152875126,0.0008679356938554053,0.001597790709142918,0.0008482098826314367,False,1.8837209302325333,1.8837209302325333
2024-04-25,Thursday,0.0012138095711869737,0.005074121977912668,0.006287931549099643,0.004417470898418122,False,1.4234234234234175,1.4234234234234175
2024-04-26,Friday,0.0041213937804420635,0.0,0.0041213937804420635,0.001853641221825635,False,2.2234042553191276,2.2234042553191276
2024-04-29,Monday,0.0004316433840840732,0.00039240307644009697,0.0008240464605241702,0.00039240307644009697,False,2.099999999999915,2.099999999999915
2024-04-30,Tuesday,0.0,0.004237786933490226,0.004237786933490226,0.0032371983519717037,False,1.309090909090908,1.309090909090908
2024-05-01,Wednesday,0.0019586681056881685,0.000339768957109084,0.0022984370627972526,0.0013191030099532818,False,1.742424242424142,1.742424242424142
2024-05-02,Thursday,0.001965338574236216,0.0009925952395132313,0.0029579338137494474,0.0018660790502848703,False,1.585106382978737,1.585106382978737
2024-05-03,Friday,0.008418105827616082,0.0006505796072864602,0.009068685434902543,0.006288936203769414,False,1.442006269592467,1.442006269592467
2024-05-06,Monday,0.00015576627270766027,0.00027259097723862684,0.0004283572499462871,0.00027259097723862684,False,1.5714285714281073,1.5714285714281073
2024-05-07,Tuesday,0.0007160966924072284,0.0,0.0007160966924072284,0.0007160966924072284,False,1.0,1.0
2024-05-08,Wednesday,0.00015518311607705022,0.0010494258224703987,0.001204608938547449,0.00038795779019229476,False,3.105000000000963,3.105000000000963
2024-05-09,Thursday,0.001857692977533596,0.0,0.001857692977533596,0.001296514890570414,False,1.4328358208954208,1.4328358208954208
2024-05-10,Friday,0.0,0.001149337215538865,0.001149337215538865,0.0007853804306182825,False,1.4634146341462333,1.4634146341462333
2024-05-13,Monday,0.0007088529992145229,5.7474567503827255e-05,0.0007663275667183502,0.0006322202425425354,False,1.2121212121214107,1.2121212121214107
2024-05-14,Tuesday,0.00017275135321899465,0.0053744865445891745,0.005547237897808169,0.00040231870705213844,False,13.788167938930256,13.788167938930256
2024-05-15,Wednesday,0.006128410240745407,0.0,0.006128410240745407,0.0037992325168483727,False,1.613065326633177,1.613065326633177
2024-05-16,Thursday,0.00033920663337428373,0.001130688777913922,0.0014698954112882057,0.0005653443889568539,False,2.600000000000682,2.600000000000682
2024-05-17,Friday,0.00018898947328638093,0.00011263772607874404,0.00030162719936512494,0.0001511915786291477,False,1.9949999999998365,1.9949999999998365
2024-05-20,Monday,0.0,0.0010562052055829105,0.0010562052055829105,0.0009241795548849661,False,1.1428571428572425,1.1428571428572425
2024-05-21,Tuesday,0.00013212533031342022,0.0005473763684408525,0.0006795016987542728,0.0004341260853150331,False,1.565217391305057,1.565217391305057
2024-05-23,Thursday,0.0002809778027535399,0.0002997096562704283,0.0005806874590239682,7.492741406755384e-05,True,7.750000000005685,5.806874590239682
2024-05-24,Friday,0.0017647728566548065,3.7952104444156915e-05,0.0018027249610989633,0.0014991081255454925,False,1.2025316455695891,1.2025316455695891
2024-05-28,Tuesday,0.000226257141241029,0.0005844976148727476,0.0008107547561137765,0.0005279333295623295,False,1.5357142857146626,1.5357142857146626
2024-05-29,Wednesday,0.0,0.00125334700620992,0.00125334700620992,0.0009115250954253179,False,1.3750000000001186,1.3750000000001186
2024-05-30,Thursday,0.0014311884588962675,0.0,0.0014311884588962675,0.001202198305472856,False,1.1904761904761991,1.1904761904761991
2024-05-31,Friday,0.003766514349081367,0.00098655908838874,0.004753073437470107,0.003384127105519725,False,1.4045197740113082,1.4045197740113082
2024-06-03,Monday,0.0001702385230862955,0.000643123309436734,0.0008133618325230295,5.674617436202682e-05,True,14.333333333344703,8.133618325230294
2024-06-06,Thursday,0.0003926114268621679,0.0016826204008375287,0.0020752318276996964,0.0006730481603350539,False,3.0833333333332544,3.0833333333332544
2024-06-07,Friday,0.002017974924792928,0.006801322894673106,0.008819297819466033,0.006483678693548136,False,1.3602305475504293,1.3602305475504293
2024-06-12,Wednesday,0.008240787246312014,0.0,0.008240787246312014,0.006157337649050254,False,1.3383685800604297,1.3383685800604297
2024-06-13,Thursday,0.0026908970271115663,0.0003870468326668197,0.003077943859778386,0.0004423392373332388,False,6.958333333336196,6.958333333336196
2024-06-17,Monday,0.00011059907834091324,0.0008663594470046586,0.0009769585253455717,0.00044239631336407206,False,2.208333333333136,2.208333333333136
2024-06-18,Tuesday,0.0006759472395776327,0.001150937191713244,0.0018268844312908767,0.0010595929701487832,False,1.7241379310343612,1.7241379310343612
2024-06-20,Thursday,0.000199858282308933,0.0015988662584712576,0.0017987245407801906,0.0015080215846945638,False,1.1927710843373014,1.1927710843373014
2024-06-21,Friday,0.0011389103199970693,0.00014695617032227658,0.001285866490319346,0.0011389103199970693,False,1.1290322580645813,1.1290322580645813
2024-06-25,Tuesday,0.0,0.0008095141812031583,0.0008095141812031583,0.0008087789276325587,False,1.0009090909091212,1.0009090909091212
2024-06-26,Wednesday,0.00014695886988636575,0.0009552326542608553,0.001102191524147221,0.0003857670334515796,False,2.8571428571424704,2.8571428571424704
2024-06-27,Thursday,0.0013212463757476302,0.000367012882152247,0.0016882592578998771,0.0010092854259183663,False,1.6727272727273366,1.6727272727273366
2024-06-28,Friday,0.0018430656934306402,0.0005474452554743696,0.00239051094890501,1.8248175182465155e-05,True,131.0000000001137,23.905109489050098
2024-07-02,Tuesday,0.00022087244616234963,0.0005153690410454127,0.0007362414872077623,0.0005153690410454127,False,1.4285714285714866,1.4285714285714866
2024-07-03,Wednesday,0.0,0.0008382993457620986,0.0008382993457620986,0.000583164762269331,False,1.4374999999998888,1.4374999999998888
2024-07-05,Friday,0.0016666666666665926,0.0018115942028985507,0.0034782608695651434,9.057971014484515e-05,True,38.40000000003411,34.78260869565143
2024-07-08,Monday,0.0002522249846865205,9.008035167361101e-05,0.0003423053363601315,0.00012611249234326024,False,2.714285714284554,2.714285714284554
2024-07-10,Wednesday,0.00014354925533831137,0.00017943656917263423,0.0003229858245109456,1.7943656917263422e-05,True,18.00000000001137,3.229858245109456
2024-07-11,Thursday,0.002758154349876247,0.0017260707866968473,0.0044842251365730945,0.0011566453725287422,False,3.876923076923185,3.876923076923185
2024-07-12,Friday,0.0013654329859863292,0.0025332375134746103,0.0038986704994609395,0.0008084800574917926,False,4.822222222222862,4.822222222222862
2024-07-15,Monday,0.00016016229779515568,0.0006762408129126323,0.000836403110707788,0.0003915078390545328,False,2.1363636363645995,2.1363636363645995
2024-07-16,Tuesday,0.0012630305617818273,0.0009428256306257743,0.0022058561924076015,0.0011740847475717228,False,1.878787878787983,1.878787878787983
2024-07-17,Wednesday,0.0001965163019205246,0.0009111210361768484,0.0011076373380973729,0.0006252791424743595,False,1.771428571428469,1.771428571428469
2024-07-18,Thursday,0.000555157593123315,0.0002686246418337702,0.0008237822349570852,0.00042979942693411374,False,1.9166666666667453,1.9166666666667453
2024-07-19,Friday,0.001374321880650978,0.0,0.001374321880650978,0.001175406871609362,False,1.1692307692307962,1.1692307692307962
2024-07-22,Monday,0.0002170924090021068,0.0003437296475865491,0.0005608220565886558,0.00023518344308559854,False,2.384615384615048,2.384615384615048
2024-07-23,Tuesday,9.017295172131964e-05,0.0007574527944597,0.0008476257461810196,9.017295172131964e-05,True,9.40000000000682,8.476257461810196
2024-07-24,Wednesday,0.00025504627268087586,0.0007104860453253413,0.0009655323180062171,0.0003825694090212102,False,2.5238095238103226,2.5238095238103226
2024-07-25,Thursday,0.002498380679189456,0.0017581197372074496,0.0042565004163969055,0.0016840936430091017,False,2.527472527472691,2.527472527472691
2024-07-26,Friday,0.0011782249305031136,0.0015464202212854283,0.002724645151788542,0.001178224930503323,False,2.3124999999996674,2.3124999999996674
2024-07-29,Monday,0.0013707142334966006,0.0,0.0013707142334966006,0.0006762190218583314,False,2.027027027027002,2.027027027027002
2024-07-30,Tuesday,0.0005130648294058943,3.664748781467697e-05,0.0005497123172205713,0.0003115036464249626,False,1.7647058823530988,1.7647058823530988
2024-08-01,Thursday,0.0012106756292804119,0.0014817224119548552,0.0026923980412352673,0.00034332592472116673,False,7.842105263160383,7.842105263160383
2024-08-02,Friday,0.002008816472295149,0.008500269702211651,0.0105090861745068,0.006454252924874035,False,1.6282420749279674,1.6282420749279674
2024-08-05,Monday,0.006690078672186194,0.003688371819269772,0.010378450491455967,0.003256753840419111,False,3.186746987951772,3.186746987951772
2024-08-06,Tuesday,1.9199754243128224e-05,0.0035327547807388676,0.0035519545349819957,0.0025727670685815832,False,1.3805970149253572,1.3805970149253572
2024-08-07,Wednesday,0.00126915572730214,0.00013259835956874532,0.0014017540868708853,0.0009850163853686838,False,1.4230769230769902,1.4230769230769902
2024-08-08,Thursday,0.008185985592665358,0.0,0.008185985592665358,0.007107361608690734,False,1.151761517615159,1.151761517615159
2024-08-09,Friday,7.555009915943643e-05,0.0025687033714232007,0.002644253470582637,0.0005477382189065583,False,4.8275862068951865,4.8275862068951865
2024-08-13,Tuesday,0.002838468720821628,0.001120448179271751,0.003958916900093379,0.0010830999066293947,False,3.6551724137928536,3.6551724137928536
2024-08-14,Wednesday,0.0017693243392677995,0.0029120129750452297,0.004681337314313029,0.0005344833941537904,False,8.758620689656146,8.758620689656146
2024-08-15,Thursday,0.005352887259394976,0.0007882676443628781,0.0061411549037578535,0.005077726856095338,False,1.2094299433192175,1.2094299433192175
2024-08-16,Friday,1.6317354412964234e-05,0.002139386467473983,0.0021557038218869475,0.0016498658350858806,False,1.3065934065934135,1.3065934065934135
2024-08-20,Tuesday,0.0,0.00044653223069641165,0.00044653223069641165,0.00044653223069641165,False,1.0,1.0
2024-08-22,Thursday,0.0012285231015758116,0.00042731238315678647,0.001655835484732598,0.0002830944538413457,False,5.849056603774287,5.849056603774287
2024-08-27,Tuesday,0.0,0.0011782558243327113,0.0011782558243327113,0.0010711416584843752,False,1.0999999999999053,1.0999999999999053
2024-08-29,Thursday,0.0011961081853076368,0.001249665268231602,0.0024457734535392388,0.0010532892975096526,False,2.322033898304967,2.322033898304967
2024-08-30,Friday,0.0005701051131303226,0.0016746837698199553,0.002244788882950278,0.0008907892392659897,False,2.5199999999999823,2.5199999999999823
2024-09-03,Tuesday,0.0008556912380780898,3.565380158676441e-05,0.0008913450396648542,0.00037436491665910097,False,2.380952380953257,2.380952380953257
2024-09-04,Wednesday,0.0008145898867210559,0.0005818499190865865,0.0013964398058076424,0.0008145898867210559,False,1.7142857142858592,1.7142857142858592
2024-09-05,Thursday,0.0026366033275751098,0.00045458678061641964,0.0030911901081915293,0.0004909537230657001,False,6.296296296296467,6.296296296296467
2024-09-06,Friday,0.007439985339930264,0.0004214770020157929,0.007861462341946058,0.004599596848085011,False,1.7091633466135379,1.7091633466135379
2024-09-11,Wednesday,0.0,0.005559808961318437,0.005559808961318437,0.0035910897225564678,False,1.5482233502538203,1.5482233502538203
2024-09-12,Thursday,0.0012586532410321775,0.002085768227995987,0.0033444214690281646,0.0006473073811022452,False,5.166666666666509,5.166666666666509
2024-09-17,Tuesday,0.0006015144009624793,0.0008668884013870376,0.0014684028023495168,0.0006368976010190602,False,2.305555555555582,2.305555555555582
2024-09-18,Wednesday,0.0010470089261948002,0.0,0.0010470089261948002,0.0008695497861617524,False,1.2040816326531039,1.2040816326531039
2024-09-19,Thursday,0.0003506311360449605,0.0008415147265077458,0.0011921458625527063,0.0005084151472650134,False,2.34482758620741,2.34482758620741
2024-09-20,Friday,0.0007562035066738476,0.0,0.0007562035066738476,0.0006331006102386678,False,1.1944444444442601,1.1944444444442601
2024-09-26,Thursday,0.0004872191964362921,0.000678626737893647,0.0011658459343299391,1.7400685586996302e-05,True,67.00000000006821,11.658459343299391
2024-09-27,Friday,0.0013438045375217833,0.00026178010471200223,0.0016055846422337854,0.0009947643979058465,False,1.6140350877190848,1.6140350877190848
2024-10-01,Tuesday,0.00024416617252081754,0.0002964874952038074,0.0005406536677246249,3.48808817886599e-05,True,15.500000000011369,5.406536677246249
2024-10-02,Wednesday,0.0025044091710757655,3.527336860666986e-05,0.002539682539682435,0.0020282186948853216,False,1.2521739130434513,1.2521739130434513
2024-10-03,Thursday,0.0006157852141173559,0.0013371336077975843,0.0019529188219149403,0.0007565361202011858,False,2.581395348837541,2.581395348837541
2024-10-04,Friday,0.003736186633923865,0.00024557095246445596,0.003981757586388321,0.0032099631643570025,False,1.240437158469985,1.240437158469985
2024-10-08,Tuesday,0.0004037496050275923,0.00010532598392013734,0.0005090755889477297,5.266299196026824e-05,True,9.666666666637616,5.090755889477297
2024-10-10,Thursday,0.0007971994038335524,0.004193962081036982,0.004991161484870534,0.002911510866174396,False,1.7142857142857628,1.7142857142857628
2024-10-11,Friday,0.000988845132973735,0.0007459708897870513,0.0017348160227607864,0.00012143712159334182,False,14.285714285704078,14.285714285704078
2024-10-16,Wednesday,1.7232465965864045e-05,0.0005169739789763132,0.0005342064449421772,0.0005169739789763132,False,1.0333333333333081,1.0333333333333081
2024-10-17,Thursday,0.0007802085113655878,0.00023927533754911358,0.0010194838489147014,0.00022201333105455572,False,4.591993841415684,4.591993841415684
2024-10-22,Tuesday,0.00015410546592827657,0.0016683292628391071,0.0018224347287673836,0.001324343847820821,False,1.3761038961038405,1.3761038961038405
2024-10-23,Wednesday,0.00017182130584196347,0.0011340206185566463,0.0013058419243986098,0.0009106529209621524,False,1.4339622641510001,1.4339622641510001
2024-10-24,Thursday,0.0008265458991269922,0.00039605324333170006,0.0012225991424586922,0.00027551529970893215,False,4.43750000000111,4.43750000000111
2024-10-25,Friday,0.0007228044813877142,3.441926101863028e-05,0.0007572237424063444,0.0006539659593508448,False,1.157894736842263,1.157894736842263
2024-10-28,Monday,0.0017374849475313796,0.0,0.0017374849475313796,0.0017202821262687082,False,1.009999999999991,1.009999999999991
2024-10-31,Thursday,3.467526613263603e-05,0.0011616214154442927,0.0011962966815769287,0.00036409029439287544,False,3.285714285715214,3.285714285715214
2024-11-01,Friday,0.0011723534558179512,0.0029746281714786446,0.004146981627296596,0.0011198600174977889,False,3.703125000000086,3.703125000000086
2024-11-06,Wednesday,0.00025434937430050066,0.0011869637467359269,0.0014413131210364275,0.0011360938718756725,False,1.2686567164180218,1.2686567164180218
2024-11-07,Thursday,0.00010124702586852302,0.000928097737129087,0.00102934476299761,0.00035436459054021425,False,2.904761904761467,2.904761904761467
2024-11-11,Monday,0.0,0.0011491572846580084,0.0011491572846580084,0.0008843514755846757,False,1.299435028248537,1.299435028248537
2024-11-13,Wednesday,0.004582214765100662,0.0,0.004582214765100662,0.004211409395973139,False,1.0880478087649421,1.0880478087649421
2024-11-14,Thursday,0.0004515805318614849,0.0019568489713998314,0.0024084295032613164,0.0005686569660478874,False,4.235294117646489,4.235294117646489
2024-11-15,Friday,0.0008462098261885017,0.0011169969705687685,0.0019632067967572703,0.0006261952713794989,False,3.135135135135011,3.135135135135011
2024-11-18,Monday,0.0019488020779930956,3.417751802860968e-05,0.0019829795960217052,0.0019481185276326945,False,1.0178947368419995,1.0178947368419995
2024-11-19,Tuesday,0.00017064846416386131,0.0025767918088737047,0.002747440273037566,0.002303754266211643,False,1.1925925925925827,1.1925925925925827
2024-11-20,Wednesday,0.0,0.0009635377047518467,0.0009635377047518467,0.0009635377047518467,False,1.0,1.0
2024-11-21,Thursday,0.0018388245019147931,0.0,0.0018388245019147931,0.0011640265195607985,False,1.5797101449274575,1.5797101449274575
2024-11-22,Friday,0.0,0.0008253604635492108,0.0008253604635492108,0.0006569195526209176,False,1.2564102564100321,1.2564102564100321
2024-11-25,Monday,0.0010525084785405138,0.00015035835407727053,0.0012028668326177843,0.0010525084785405138,False,1.1428571428571943,1.1428571428571943
2024-11-27,Wednesday,0.0003828675111947434,0.00021640337589265635,0.0005992708870873997,0.0002496962029530359,False,2.4000000000004547,2.4000000000004547
2024-12-02,Monday,0.0,0.0004314421784511075,0.0004314421784511075,0.00023231501916596645,False,1.8571428571429731,1.8571428571429731
2024-12-04,Wednesday,0.0005448241703812568,0.00014858841010406443,0.0006934125804853213,0.0004127455836222552,False,1.6799999999998367,1.6799999999998367
2024-12-06,Friday,0.0025721352019784757,0.0012530915086562092,0.003825226710634685,0.0016982687551524694,False,2.2524271844660175,2.2524271844660175
2024-12-11,Wednesday,0.002517681745150948,0.000629420436287737,0.003147102181438685,0.002385172179616618,False,1.3194444444444828,1.3194444444444828
2024-12-12,Thursday,0.00107189973614772,0.001385224274406385,0.002457124010554105,0.0004947229551450437,False,4.966666666667451,4.966666666667451
2024-12-13,Friday,0.00021415745515047932,0.00028005205673518457,0.0004942095118856639,9.884190237705787e-05,True,5.000000000003789,4.942095118856638
2024-12-17,Tuesday,0.00062885796084531,0.0003475267678356304,0.0009763847286809404,0.0003475267678356304,False,2.8095238095234745,2.8095238095234745
2024-12-19,Thursday,1.6909315341806433e-05,0.001318926596662055,0.0013358359120038614,0.001318926596662055,False,1.0128205128205015,1.0128205128205015
2024-12-20,Friday,0.004069526831287098,3.448751551935062e-05,0.004104014346806449,0.002983170092426573,False,1.3757225433525841,1.3757225433525841
2024-12-23,Monday,0.0,0.0036685770316646532,0.0036685770316646532,0.002941623979307212,False,1.247126436781579,1.247126436781579
2024-12-27,Friday,1.668808303988603e-05,0.0009178445671946801,0.0009345326502345661,0.00018356891343893604,False,5.090909090908997,5.090909090908997
2024-12-30,Monday,0.00042436175991309073,0.0022915535035307284,0.002715915263443819,0.0017653449212383955,False,1.538461538461614,1.538461538461614
2025-01-03,Friday,0.00034087810199061184,4.942732478864937e-05,0.0003903054267792612,4.942732478864937e-05,True,7.896551724136445,3.9030542677926117
2025-01-06,Monday,0.00018438432398004229,0.0007207750846492736,0.0009051594086293159,0.00028495759160560653,False,3.1764705882343893,3.1764705882343893
2025-01-08,Wednesday,0.0018860871338272508,0.0009515394549037339,0.0028376265887309847,0.0007816216950996337,False,3.630434782608319,3.630434782608319
2025-01-10,Friday,0.0,0.009455782312925078,0.009455782312925078,0.006020408163265244,False,1.5706214689265545,1.5706214689265545
2025-01-13,Monday,0.0012309719477097618,0.00034675266132655746,0.0015777246090363192,0.0005548042581227678,False,2.843749999999456,2.843749999999456
2025-01-14,Tuesday,0.006751881249355846,0.00013744287530482638,0.006889324124660673,0.0033501700855582683,False,2.056410256410204,2.056410256410204
2025-01-15,Wednesday,0.011684001642260917,8.553441905014803e-05,0.011769536061311066,0.011016833173669178,False,1.06832298136645,1.06832298136645
2025-01-16,Thursday,0.0007416021978393329,0.0009944211289206624,0.0017360233267599953,0.0005056378621630422,False,3.4333333333337626,3.4333333333337626
2025-01-17,Friday,0.0015114365364591697,0.0,0.0015114365364591697,0.0009908306183453433,False,1.5254237288137324,1.5254237288137324
2025-01-21,Tuesday,0.0006668778446509578,0.0,0.0006668778446509578,0.0006502058985347028,False,1.0256410256409958,1.0256410256409958
2025-01-22,Wednesday,0.0001816622142099262,0.0002803307011286721,0.0004619929153385983,9.916347932810063e-05,True,4.658901830279771,4.619929153385983
2025-01-24,Friday,1.641901321729071e-05,0.0005910844758228388,0.0006075034890401295,0.00039405631721535034,False,1.5416666666661534,1.5416666666661534
2025-01-27,Monday,0.000301891855628522,0.0016100898966859593,0.0019119817523144812,0.0012411109620287285,False,1.540540540540503,1.540540540540503
2025-01-28,Tuesday,0.0002661388246643626,0.0018463380961094055,0.0021124769207737683,0.0017299023603188296,False,1.221153846153738,1.221153846153738
2025-01-29,Wednesday,0.00021547080370609028,0.0007127111199510444,0.0009281819236571346,0.00019889612649794398,False,4.666666666666982,4.666666666666982
2025-01-30,Thursday,0.0009447252838318328,0.0006959476257561683,0.001640672909588001,0.000430927322449641,False,3.8073076923075195,3.8073076923075195
2025-01-31,Friday,0.0002302820955670472,0.0010198207089398873,0.0012501028045069345,0.00029607698001490857,False,4.222222222220678,4.222222222220678
2025-02-03,Monday,0.000573375155991824,0.0013491180140983983,0.0019224931700902222,0.0009106546595162798,False,2.1111111111114385,2.1111111111114385
2025-02-04,Tuesday,5.014793641237102e-05,0.0009528107918359996,0.0010029587282483707,0.0008190829614028201,False,1.2244897959183911,1.2244897959183911
2025-02-05,Wednesday,0.0013173253293312715,0.000500250125062645,0.0018175754543939165,0.00010005002501241525,False,18.166666666683717,18.166666666683717
2025-02-07,Friday,0.002013201320132058,0.0026402640264026776,0.004653465346534736,0.0010561056105610337,False,4.406250000000171,4.406250000000171
2025-02-10,Monday,0.00044685710502793984,6.620105259686423e-05,0.0005130581576248041,0.00014895236834252116,False,3.4444444444482345,3.4444444444482345
2025-02-12,Wednesday,1.6515276630868545e-05,0.011494632535095023,0.011511147811725892,0.010388109000825704,False,1.108108108108119,1.108108108108119
2025-02-13,Thursday,0.0024363160249930016,0.001408754164111611,0.0038450701891046125,0.0017899464673418316,False,2.148148148148113,2.148148148148113
2025-02-14,Friday,0.0005250635819180184,0.0006235130035277634,0.0011485765854457818,0.0002748379686601107,False,4.179104477613916,4.179104477613916
2025-02-19,Wednesday,0.0,0.0006554905527423713,0.0006554905527423713,0.0002949707487341882,False,2.2222222222213097,2.2222222222213097
2025-02-24,Monday,0.0001492364070504554,0.0004145455751405309,0.0005637819821909863,0.0001160727610392431,False,4.857142857146105,4.857142857146105
2025-02-26,Wednesday,0.00020084354288010402,0.000836848095333735,0.001037691638213839,0.0008033741715204161,False,1.2916666666666272,1.2916666666666272
2025-02-27,Thursday,0.0012053638692178755,0.0007366112534111036,0.001941975122628979,0.0010379522207155248,False,1.870967741935419,1.870967741935419
2025-02-28,Friday,0.0027822633569890357,0.0,0.0027822633569890357,0.0016216357373629762,False,1.7157141353541052,1.7157141353541052
2025-03-03,Monday,0.0,0.0014247401944351705,0.0014247401944351705,0.0010224606101240591,False,1.3934426229508257,1.3934426229508257
2025-03-04,Tuesday,0.0023134959686468086,0.0,0.0023134959686468086,0.0018991384817249512,False,1.2181818181818445,1.2181818181818445
2025-03-05,Wednesday,0.0017511009396996965,0.00034675266132655746,0.002097853601026254,0.0003120773951939214,False,6.722222222223662,6.722222222223662
2025-03-06,Thursday,0.0024665196018828213,0.0005210956905387576,0.002987615292421579,0.001163780375536223,False,2.5671641791046755,2.5671641791046755
2025-03-07,Friday,0.010662098860378982,0.0008564636789484883,0.01151856253932747,0.0036356009228833827,False,3.1682692307691838,3.1682692307691838
2025-03-10,Monday,0.0005106892543936245,0.0011446483288134,0.0016553375832070246,0.0005106892543936245,False,3.241379310345031,3.241379310345031
2025-03-11,Tuesday,0.0,0.001922358092593452,0.001922358092593452,0.001477367793381975,False,1.3012048192771348,1.3012048192771348
2025-03-12,Wednesday,0.010425020048115519,0.0,0.010425020048115519,0.0005880780539963306,False,17.7272727272706,17.7272727272706
2025-03-13,Thursday,0.0017921146953405018,0.0012544802867384328,0.0030465949820789344,5.6093189964135215e-05,True,54.313099041556775,30.46594982078934
2025-03-14,Friday,0.00023315458148751806,0.0013809925211185957,0.0016141471026061137,0.0013809925211185957,False,1.168831168831142,1.168831168831142
2025-03-17,Monday,0.0044889379742776405,0.0012825537069365265,0.005771491681214167,0.0038654743667390344,False,1.4930875576037188,1.4930875576037188
2025-03-18,Tuesday,0.0006362784778805099,0.0010337757825340636,0.0016700542604145734,0.0006362784778805099,False,2.6247222222220152,2.6247222222220152
2025-03-19,Wednesday,0.0004983980064081282,0.00037451050195787825,0.0008729085083660064,0.0004983980064081282,False,1.751428571428111,1.751428571428111
2025-03-20,Thursday,0.0008677942088019288,0.00031878154609040995,0.0011865757548923388,0.00015939077304530564,False,7.444444444441357,7.444444444441357
2025-03-21,Friday,0.00016010816195835735,0.004394079555966746,0.004554187717925103,0.00432292037287403,False,1.0534979423868773,1.0534979423868773
2025-03-24,Monday,0.0003326854721506205,0.00010505857015296372,0.00043774404230358425,0.0002468876398591562,False,1.7730496453905398,1.7730496453905398
2025-03-25,Tuesday,0.0006079766536965376,5.211228460250959e-05,0.0006600889382990473,0.0002084491384102358,False,3.1666666666665093,3.1666666666665093
2025-03-26,Wednesday,0.0004343141173812981,0.0006951806600739972,0.0011294947774552952,0.0004183249621996572,False,2.700041545491642,2.700041545491642
2025-03-27,Thursday,0.001355180485400978,0.00017599746563653484,0.0015311779510375127,0.00017599746563633475,False,8.700000000007957,8.700000000007957
2025-03-28,Friday,0.002439153719709415,0.002227053396256413,0.0046662071159658276,0.0014493522102620082,False,3.219512195122184,3.219512195122184
2025-03-31,Monday,0.00150724532281243,0.00018181487609320328,0.0016890601989056333,0.0015059726186796838,False,1.1215743088253929,1.1215743088253929
2025-04-01,Tuesday,0.005735346997482813,0.0,0.005735346997482813,0.00030564545127644563,False,18.76470588235711,18.76470588235711
2025-04-02,Wednesday,0.001658079593225489,0.0,0.001658079593225489,0.0014779123006876348,False,1.121906619529472,1.121906619529472
2025-04-03,Thursday,0.0007010989868597522,0.0026331057585930427,0.003334204745452795,0.0020651917634883533,False,1.6144770691032237,1.6144770691032237
2025-04-04,Friday,0.004548060386011839,0.004777374355054462,0.009325434741066303,0.0018918402446015845,False,4.929292929292879,4.929292929292879
2025-04-07,Monday,0.0033269482810767905,0.007031958866821275,0.010358907147898066,0.005887690291360048,False,1.7594178082191843,1.7594178082191843
2025-04-08,Tuesday,0.0009851645804359926,0.003631587080822121,0.004616751661258114,0.0023180343069076105,False,1.9916666666668634,1.9916666666668634
2025-04-09,Wednesday,0.0045383604402826445,0.0017455232462624567,0.006283883686545101,0.004435682602267178,False,1.4166666666666514,1.4166666666666514
2025-04-10,Thursday,0.00807476635514028,0.006579439252336414,0.014654205607476694,0.004635514018691623,False,3.1612903225806344,3.1612903225806344
2025-04-11,Friday,0.0043033175355449895,0.0007772511848340628,0.005080568720379052,6.00947867298592e-05,True,84.54258675078512,50.80568720379052
2025-04-14,Monday,0.002308104215521539,0.0003508318407593747,0.0026589360562809137,0.001366397695588558,False,1.9459459459462947,1.9459459459462947
2025-04-15,Tuesday,0.0025900460245588284,0.0,0.0025900460245588284,0.0025900460245588284,False,1.0,1.0
2025-04-16,Wednesday,0.0005806765818752958,0.0020791967931667733,0.002659873375042069,0.0017794927509085631,False,1.4947368421051483,1.4947368421051483
2025-04-17,Thursday,0.0024399008908474657,0.0006619886137958857,0.0031018895046433514,0.0002647954455183113,False,11.714285714286758,11.714285714286758
2025-04-21,Monday,0.0010749592091370485,0.00047989250407908624,0.0015548517132161347,0.00023034840195797012,False,6.7499999999992895,6.7499999999992895
2025-04-22,Tuesday,0.0003664628618819621,0.00042432541902140387,0.000790788280903366,0.00025073774760351697,False,3.153846153846019,3.153846153846019
2025-04-23,Wednesday,0.00207668916413262,0.0002225024104427882,0.002299191574575408,0.0019839798264480015,False,1.1588785046729748,1.1588785046729748
2025-04-24,Thursday,0.002841758899192308,0.000710439724798077,0.003552198623990385,0.002841758899192308,False,1.25,1.25
2025-04-25,Friday,0.0017416811806763805,0.00011000091667441399,0.0018516820973507944,0.0009533412778439486,False,1.9423076923077427,1.9423076923077427
2025-04-29,Tuesday,0.0019987644001890153,5.45117563689472e-05,0.0020532761565579625,0.0018897408874513275,False,1.0865384615386044,1.0865384615386044
2025-04-30,Wednesday,0.0018872718034335233,0.007512793525205942,0.009400065328639465,0.006950241353028577,False,1.3524804177546115,1.3524804177546115
2025-05-01,Thursday,0.000731594161521862,0.0014631883230433183,0.0021947824845651802,0.00023196888048248717,False,9.461538461538932,9.461538461538932
2025-05-02,Friday,0.004451566951566952,0.0006944444444444201,0.005146011396011372,0.003044871794871657,False,1.6900584795322324,1.6900584795322324
2025-05-05,Monday,0.00024888888888886465,0.0005866666666667394,0.0008355555555556041,0.0005866666666667394,False,1.4242424242423304,1.4242424242423304
2025-05-06,Tuesday,0.0,0.001020079458820889,0.001020079458820889,0.0008232220193992675,False,1.2391304347826784,1.2391304347826784
2025-05-07,Wednesday,0.0009272668902047638,0.0001248483983732902,0.001052115288578054,0.0007669258757224508,False,1.3718604651159438,1.3718604651159438
2025-05-08,Thursday,0.0010065336394138268,0.0031785272823590936,0.00418506092177292,0.002030725763729432,False,2.0608695652174363,2.0608695652174363
2025-05-09,Friday,0.0026149333898724657,0.0,0.0026149333898724657,0.001625499134244954,False,1.6086956521740043,1.6086956521740043
2025-05-12,Monday,0.0,0.0022831442157484204,0.0022831442157484204,0.001939814258493117,False,1.1769911504424182,1.1769911504424182
2025-05-13,Tuesday,0.007149837971297702,0.001251650292337531,0.008401488263635234,0.0003943555715584215,False,21.304347826085174,21.304347826085174
2025-05-14,Wednesday,0.000594702054270849,0.0011214381594820454,0.0017161402137528944,0.0009005488250386093,False,1.9056603773585716,1.9056603773585716
2025-05-15,Thursday,0.0032158741019500435,0.0007013342456379886,0.003917208347588032,0.0027369141293192316,False,1.4312499999999568,1.4312499999999568
2025-05-16,Friday,0.00013502337592202556,0.0051815220510051645,0.00531654542692719,0.0013839896032001385,False,3.841463414634023,3.841463414634023
2025-05-19,Monday,0.0010716472749540645,0.00023814383887865953,0.001309791113832724,0.0009865959039260408,False,1.3275862068964268,1.3275862068964268
2025-05-20,Tuesday,5.0517807527107375e-05,0.0011450703039489157,0.001195588111476023,0.0006735707670286726,False,1.7750000000001918,1.7750000000001918
2025-05-21,Wednesday,0.0,0.0017125900805425873,0.0017125900805425873,0.001390419669351505,False,1.2317073170730843,1.2317073170730843
2025-05-22,Thursday,0.0032758055895587617,1.72410820502938e-05,0.0032930466716090557,0.00291357045568174,False,1.1302443931593626,1.1302443931593626
2025-05-23,Friday,0.0008514187416378675,0.0009730499904431643,0.0018244687320810317,1.7202133759649714e-05,True,106.06060606042999,18.244687320810318
2025-05-27,Tuesday,0.0003065290691733081,0.0015156159531350879,0.0018221450223083959,0.0013282926330846576,False,1.371794871794838,1.371794871794838
2025-05-28,Wednesday,0.0008790317127596449,0.00020285347217508093,0.0010818851849347258,0.0008621272567450549,False,1.2549019607840295,1.2549019607840295
2025-05-29,Thursday,0.0013337610372947905,0.0010805152707197016,0.0024142763080144923,0.0005233745842547745,False,4.612903225807469,4.612903225807469
2025-05-30,Friday,0.003628620102214643,0.0,0.003628620102214643,0.0021805792163542975,False,1.664062500000032,1.664062500000032
2025-06-02,Monday,0.0037808471141237247,0.00011921589999478233,0.003900063014118507,0.0014305907999387433,False,2.7261904761903297,2.7261904761903297
2025-06-03,Tuesday,0.0,0.0012492825066684828,0.0012492825066684828,0.0011986359185603478,False,1.0422535211267199,1.0422535211267199
2025-06-04,Wednesday,0.0008559201141226665,0.00045313417806491866,0.0013090542921875851,0.00016782747335742675,False,7.7999999999979535,7.7999999999979535
2025-06-05,Thursday,0.00046784606355327636,0.0017607109918673064,0.0022285570554205826,1.6768676113005625e-05,True,132.9000000001273,22.285570554205826
2025-06-06,Friday,0.0036922044138624345,0.0,0.0036922044138624345,0.0034908114458335605,False,1.057692307692312,1.057692307692312
2025-06-09,Monday,0.00021663778162910852,0.00019997333688842245,0.00041661111851753097,0.00014998000266617473,False,2.7777777777803045,2.7777777777803045
2025-06-11,Wednesday,0.006139040982246443,3.31840053095993e-05,0.006172224987556043,0.003700016592002496,False,1.6681614349776621,1.6681614349776621
2025-06-12,Thursday,0.0025401494008923642,0.0009024214976853952,0.0034425708985777593,0.0024898477581510956,False,1.3826431304113687,1.3826431304113687
2025-06-13,Friday,0.0007015433954701556,0.0007683570521813368,0.0014699004476514924,0.000684839981292123,False,2.1463414634147897,2.1463414634147897
2025-06-16,Monday,0.00024950099800395416,0.0008150365934797223,0.0010645375914836764,0.0005156353958750151,False,2.06451612903182,2.06451612903182
2025-06-17,Tuesday,0.0005496335776149915,0.0008494337108594119,0.0013990672884744036,6.662225183224069e-05,True,20.99999999996021,13.990672884744034
2025-06-18,Wednesday,0.00031742849505488936,0.000902165196471471,0.0012195936915263602,0.0005346164127237643,False,2.2812500000005107,2.2812500000005107
2025-06-20,Friday,0.0014914867944764484,0.00010054967153783871,0.001592036466014287,0.0007876390937123396,False,2.02127659574466,2.02127659574466
2025-06-23,Monday,0.0012119171856590258,0.00016832183134156327,0.001380239017000589,0.001077259720585737,False,1.2812500000001052,1.2812500000001052
2025-06-24,Tuesday,0.0004466796810375902,0.001009165205307239,0.001455844886344829,0.0002481553783541959,False,5.866666666667525,5.866666666667525
2025-06-25,Wednesday,0.0001151315789474507,0.00044407894736839113,0.0005592105263158418,0.0,True,,5.592105263158418
2025-06-26,Thursday,0.0,0.0018871020676074456,0.0018871020676074456,0.0006393173613389779,False,2.951745379876942,2.951745379876942
2025-06-27,Friday,0.00019544292252317554,0.0009772146126158776,0.0011726575351390532,0.0007329109594619546,False,1.5999999999998988,1.5999999999998988
2025-06-30,Monday,3.239915762205653e-05,0.0005507856795721986,0.0005831848371942552,0.0003725903126517164,False,1.565217391305057,1.565217391305057
2025-07-01,Tuesday,0.0009417571890172292,9.742315748463007e-05,0.0010391803465018591,0.00021108350788314977,False,4.923076923077865,4.923076923077865
2025-07-02,Wednesday,9.71754340501837e-05,0.0017653537185799944,0.0018625291526301782,0.0014252396994041674,False,1.3068181818179938,1.3068181818179938
2025-07-03,Thursday,0.0017209489344592681,0.0005468435866506342,0.0022677925211099024,0.0003860072376357203,False,5.875000000000118,5.875000000000118
2025-07-07,Monday,0.00038449214995195304,0.0004966356936880152,0.0008811278436399682,0.00041653316244791874,False,2.1153846153849516,2.1153846153849516
2025-07-08,Tuesday,0.0,0.0007902599297020431,0.0007902599297020431,0.0006615268928946493,False,1.1945998540499168,1.1945998540499168
2025-07-10,Thursday,0.00036865473080193334,0.0007052525284905046,0.001073907259292438,0.000512910929811243,False,2.0937500000002887,2.0937500000002887
2025-07-11,Friday,0.0005141883857697341,0.001086705016550572,0.0016008934023203061,8.034193527646387e-05,True,19.926000000018508,16.00893402320306
2025-07-14,Monday,1.6069678124332554e-05,0.0005624387343520048,0.0005785084124763374,0.00011264844365153102,False,5.135520684741167,5.135520684741167
2025-07-15,Tuesday,0.001786711334450035,0.0003669139347531597,0.0021536252692031946,7.97638988593037e-05,True,27.00000000002501,21.536252692031944
2025-07-16,Wednesday,0.002168709537502647,9.638709055576655e-05,0.0022650966280584137,0.001702838599816777,False,1.3301886792454287,1.3301886792454287
2025-07-17,Thursday,0.001073305139049018,0.0005126233499936723,0.0015859284890426904,0.0009611687812380218,False,1.6499999999999524,1.6499999999999524
2025-07-18,Friday,0.0002226675573368743,0.0003340013360054019,0.0005566688933422762,3.180965104809907e-05,True,17.500000000017053,5.566688933422761
2025-07-21,Monday,0.00015880333184958056,0.00034971704711646734,0.0005085203789660479,0.0002702359000446251,False,1.8817647058813207,1.8817647058813207
2025-07-22,Tuesday,0.0,0.00033379428734925436,0.00033379428734925436,0.00027021442309214163,False,1.2352941176475705,1.2352941176475705
2025-07-23,Wednesday,1.5837569883262705e-05,0.0006651779350975738,0.0006810155049808365,0.0003167513976654342,False,2.150000000000483,2.150000000000483
2025-07-24,Thursday,4.727312837801597e-05,0.0012606167567483465,0.0013078898851263624,0.0011975859189108128,False,1.0921052631579615,1.0921052631579615
2025-07-25,Friday,0.0002832994947824889,3.1477721642478884e-05,0.00031477721642496776,1.5581472213066415e-05,True,20.202020201980645,3.1477721642496777
2025-07-28,Monday,0.0004386858226142114,0.00028201231453765644,0.0007206981371518679,0.0003446817177683853,False,2.09090909090848,2.09090909090848
2025-07-30,Wednesday,0.000739109922943902,0.0006290297216543124,0.0013681396445982144,0.0001100802012895896,False,12.428571428562611,12.428571428562611
2025-07-31,Thursday,0.0007030151538820993,0.0004842993282300564,0.0011873144821121558,0.0002968286205279501,False,4.000000000001197,4.000000000001197
2025-08-01,Friday,0.0026654749174023157,0.0018035848243499841,0.004469059741752299,0.0018833894625956678,False,2.372881355932133,2.372881355932133
2025-08-04,Monday,0.0003356509230400965,0.0004475345640533409,0.0007831854870934375,0.0003995844321905219,False,1.9600000000000364,1.9600000000000364
2025-08-05,Tuesday,6.32781231708092e-05,0.0005038520557479819,0.0005671301789187911,9.49171847562138e-05,True,5.975000000004358,5.671301789187911
2025-08-07,Thursday,0.0009115340489400132,0.0002828898772571469,0.00119442392619716,0.0001100127300445552,False,10.857142857134969,10.857142857134969
2025-08-08,Friday,0.00029976492119328663,0.0003313191234243194,0.000631084044617606,0.0001419939100388403,False,4.444444444448234,4.444444444448234
2025-08-12,Tuesday,0.005592735727527036,0.0008483363182203218,0.006441072045747357,0.004320231250196375,False,1.490909090909099,1.490909090909099
2025-08-13,Wednesday,0.0006830070939599522,3.1045776998155586e-05,0.0007140528709581078,0.0006674842054608745,False,1.0697674418604095,1.0697674418604095
2025-08-14,Thursday,7.752899584455159e-05,0.005458041307448958,0.005535570303293509,0.0036593686038578644,False,1.5127118644067918,1.5127118644067918
2025-08-15,Friday,0.0005883719129828837,0.0004645041418287036,0.0010528760548115872,0.00015483471394290118,False,6.799999999999091,6.799999999999091
2025-08-18,Monday,0.0,0.0005288207297726565,0.0005288207297726565,0.00012442840700538295,False,4.249999999998224,4.249999999998224
2025-08-19,Tuesday,0.0001088190029070997,0.0002642747213455611,0.0003730937242526608,6.218228737538455e-05,True,6.000000000005684,3.7309372425266076
2025-08-20,Wednesday,0.00040682209356906725,0.0004381161007666605,0.0008449381943357278,0.00039117508997027066,False,2.1599999999998545,2.1599999999998545
2025-08-21,Thursday,0.001242900520759528,0.00033039127767032676,0.0015732917984298549,0.00018879501581158973,False,8.333333333333018,8.333333333333018
2025-08-22,Friday,7.842891203423926e-05,0.0008784038147821957,0.000956832726816435,0.0005646881666457737,False,1.694444444444418,1.694444444444418
2025-08-25,Monday,0.0004352624788199512,0.0002331763279391523,0.0006684388067591035,0.0004041723017612444,False,1.6538461538464564,1.6538461538464564
2025-08-26,Tuesday,0.0005920201910044019,3.1158957421256346e-05,0.0006231791484256582,0.00043529063517536203,False,1.4316392269146867,1.4316392269146867
2025-08-27,Wednesday,0.0001239195761949367,0.000975866662536007,0.0010997862387309436,0.0009139068744385386,False,1.2033898305082786,1.2033898305082786
2025-08-28,Thursday,0.0015930709148559068,0.0,0.0015930709148559068,0.0013146701724538285,False,1.2117647058824221,1.2117647058824221
2025-08-29,Friday,0.0015179853369076109,0.0,0.0015179853369076109,0.0006345157073543264,False,2.3923526546521523,2.3923526546521523
2025-09-02,Tuesday,0.0003131850923894954,0.001362355151894777,0.0016755402442842724,0.0010335108048856376,False,1.621212121212103,1.621212121212103
2025-09-03,Wednesday,0.0,0.0011975489128744,0.0011975489128744,0.0006998662477838276,False,1.7111111111108976,1.7111111111108976
2025-09-04,Thursday,0.00029483419455961793,0.0006517387458683785,0.0009465729404279965,0.00034138696212143076,False,2.772727272728424,2.772727272728424
2025-09-05,Friday,0.002640147170885901,0.0017626638546148414,0.0044028110255007425,0.0018242416311952175,False,2.4135021097046683,2.4135021097046683
2025-09-10,Wednesday,0.0036479568376199313,0.0001532754973788496,0.0038012323349987808,0.0022684773612090653,False,1.6756756756755904,1.6756756756755904
2025-09-11,Thursday,0.0013002309822098155,0.002646352469674052,0.003946583451883867,0.0006577639086473982,False,5.999999999999206,5.999999999999206
2025-09-12,Friday,0.0,0.0006843481963622055,0.0006843481963622055,0.00030415475393870037,False,2.2500000000004263,2.2500000000004263
2025-09-15,Monday,0.000242736858074745,0.000242736858074745,0.00048547371614949,0.00021239475081542345,False,2.2857142857140538,2.2857142857140538
2025-09-16,Tuesday,0.0005290445455505979,0.00016627114288739458,0.0006953156884379924,0.00010580890911005083,False,6.571428571433444,6.571428571433444
2025-09-17,Wednesday,0.00027285543209681814,0.0,0.00027285543209681814,6.0634540465921294e-05,True,4.500000000002842,2.7285543209681813
2025-09-18,Thursday,0.00010538518284319639,0.001129126959035274,0.0012345121418784705,0.001129126959035274,False,1.0933333333332484,1.0933333333332484
2025-09-19,Friday,0.00014923569572832896,0.0003323062050630077,0.00048154190079133664,0.0003020965500572953,False,1.5940000000000263,1.5940000000000263
2025-09-23,Tuesday,0.00030001200048008743,0.00021000840033599298,0.0005100204008160804,0.00030001200048008743,False,1.6999999999997726,1.6999999999997726
2025-09-25,Thursday,0.0004555808656035756,0.0007593014426727411,0.0012148823082763168,0.0006833712984055361,False,1.7777777777774972,1.7777777777774972
2025-09-26,Friday,0.0030344409042633892,4.5516613563909446e-05,0.0030799575178272988,0.002366863905325361,False,1.3012820512820793,1.3012820512820793
2025-09-29,Monday,0.00037593419647824846,6.0149471436465044e-05,0.00043608366791471353,0.00037593419647824846,False,1.1599999999998545,1.1599999999998545
2025-09-30,Tuesday,0.0008601177003167893,0.00012071827372874742,0.0009808359740455367,0.0007243096423719699,False,1.3541666666668888,1.3541666666668888
2025-10-01,Wednesday,0.0006179165661923803,0.00037677839401977333,0.0009946949602121537,9.04268145648347e-05,True,10.999999999988631,9.946949602121537
2025-10-02,Thursday,0.0002520766492002648,0.00025505980481220155,0.0005071364540124663,0.00019554585035605511,False,2.593440122043289,2.593440122043289
2025-10-03,Friday,0.00025365184046785197,0.0006266692529208348,0.0008803210933886869,0.0006266692529208348,False,1.4047619047617372,1.4047619047617372
2025-10-06,Monday,0.0,0.0007145834573929884,0.0007145834573929884,0.0006103733698566096,False,1.1707317073168837,1.1707317073168837
2025-10-07,Tuesday,0.0003723103479064068,0.00016368560459512164,0.0005359959525015284,0.0003720127377161394,False,1.4408000000003087,1.4408000000003087
2025-10-08,Wednesday,0.00020643947875161888,0.00044780797993813464,0.0006542474586897536,0.00014926932664610144,False,4.382999999999269,4.382999999999269
2025-10-09,Thursday,1.4851779243139821e-05,0.0005495158319966799,0.0005643676112398197,1.4851779243308666e-05,True,37.999999999602096,5.643676112398197
2025-10-10,Friday,0.00014878738282996984,0.0007588156524326601,0.0009076030352626299,0.0007588156524326601,False,1.1960784313725972,1.1960784313725972
2025-10-13,Monday,0.0010902648435016087,0.0,0.0010902648435016087,0.0008328411998971339,False,1.3090909090907965,1.3090909090907965
2025-10-14,Tuesday,4.5632234610660305e-05,0.0030725704637755836,0.003118202698386244,0.0025706158830597035,False,1.2130177514793727,1.2130177514793727
2025-10-15,Wednesday,0.0003747564083345825,0.00041972717733469153,0.000794483585669274,0.00011992205066695733,False,6.625000000005684,6.625000000005684
2025-10-16,Thursday,0.0011086474501108784,0.0005243602804578754,0.0016330077305687538,0.0010936657278120966,False,1.4931506849315133,1.4931506849315133
2025-10-17,Friday,0.0008627474723013411,0.0011200581219348179,0.0019828055942361592,0.00043894169643392207,False,4.517241379310724,4.517241379310724
2025-10-20,Monday,0.0005551970949687207,0.0,0.0005551970949687207,0.0004651651336225247,False,1.1935483870965613,1.1935483870965613
2025-10-21,Tuesday,4.4662795890982155e-05,0.0004912907548013114,0.0005359535506922936,0.00010421319041246094,False,5.1428571428536625,5.1428571428536625
2025-10-22,Wednesday,0.00047636769631566805,0.00026795682917744694,0.0007443245254931149,0.0002530703386675982,False,2.941176470588943,2.941176470588943
2025-10-23,Thursday,0.0,0.001379434431883037,0.001379434431883037,0.00038984016553228864,False,3.538461538460395,3.538461538460395
2025-10-24,Friday,0.006233303650935064,8.904719501327609e-05,0.00632235084594834,0.0030127634312853762,False,2.098522167487591,2.098522167487591
2025-10-27,Monday,3.076071241820485e-05,0.00033543824494012376,0.0003661989573583286,2.783112075924097e-05,True,13.157894736838324,3.661989573583286
2025-10-28,Tuesday,0.00015885276243501946,0.00024775201480676666,0.0004066047772417861,0.00014573647929800058,False,2.7900000000025007,2.7900000000025007
2025-10-29,Wednesday,7.260055176412737e-06,0.0005808044141136793,0.000588064469290092,0.0004720487875708151,False,1.2457705321441435,1.2457705321441435
2025-10-30,Thursday,0.0008086280924145446,0.0007886204982912691,0.0015972485907058136,0.00039431024914563455,False,4.050740740740639,4.050740740740639
2025-10-31,Friday,0.00018942153577152188,0.0018942153577152186,0.0020836368934867406,0.0015445140609062298,False,1.3490566037736071,1.3490566037736071
2025-11-03,Monday,0.0009359735587469455,0.0,0.0009359735587469455,0.0008628506244699053,False,1.0847457627117827,1.0847457627117827
2025-11-04,Tuesday,0.00029596306380970383,0.0006215224340001762,0.00091748549780988,2.9596306380936737e-05,True,31.00000000002842,9.1748549780988
2025-11-05,Wednesday,0.0010070642595855486,0.00047391259274624943,0.001480976852331798,0.0008885861113991125,False,1.6666666666666035,1.6666666666666035
2025-11-06,Thursday,0.00033812214585251827,0.00038316584486437153,0.0007212879907168897,0.00038316584486437153,False,1.8824433346145522,1.8824433346145522
2025-11-07,Friday,0.000704235904044153,0.00037459356598091073,0.0010788294700250637,1.49837426392228e-05,True,72.00000000006821,10.788294700250637
2025-11-10,Monday,0.0003395485480609094,0.001904424465210983,0.0022439730132718925,0.0,True,,22.439730132718925
2025-11-11,Tuesday,0.0007679990864652681,4.135040109152537e-05,0.0008093494875567934,0.0001499503868764136,False,5.397448478901523,5.397448478901523
2025-11-12,Wednesday,0.0003502882580456967,0.002057943516018344,0.0024082317740640406,1.4595344085223535e-05,True,165.0000000001478,24.082317740640406
2025-11-13,Thursday,0.003152677576397409,0.001803624846032052,0.0049563024224294604,0.0013783799636343107,False,3.5957446808508498,3.5957446808508498
2025-11-14,Friday,0.00036092396535131297,0.0014888113570741233,0.0018497353224254363,0.0010677333974976485,False,1.73239436619712,1.73239436619712
2025-11-17,Monday,1.4894028983766857e-05,0.0018766476519563172,0.001891541680940084,0.0018319655650050166,False,1.032520325203222,1.032520325203222
2025-11-18,Tuesday,0.0015707597039721546,0.00015103458692043912,0.0017217942908925937,0.00024165533907259955,False,7.125000000001332,7.125000000001332
2025-11-19,Wednesday,0.0006642913219396414,0.0008454616824688373,0.0015097530044084788,0.0005397366990759694,False,2.7972027972031173,2.7972027972031173
2025-11-20,Thursday,0.003638641176295059,0.0,0.003638641176295059,0.0024754689969876346,False,1.4698795180722817,1.4698795180722817
2025-11-21,Friday,0.002320362709328746,6.106217656140153e-05,0.0023814248858901477,0.001999786282381952,False,1.1908396946565833,1.1908396946565833
2025-11-24,Monday,0.00034671972986013354,0.000542691751085404,0.0008894114809455376,0.0004974674384949965,False,1.7878787878786628,1.7878787878786628
2025-11-25,Tuesday,0.0005824285778288651,0.0017024835351921064,0.0022849121130209715,0.001670375293081107,False,1.3679034421098955,1.3679034421098955
2025-11-26,Wednesday,0.00033963378617824056,0.0006202008269345433,0.0009598346131127839,1.5209686946124627e-05,True,63.10679611701977,9.598346131127839
2025-11-28,Friday,0.00017604084147522894,0.0009682246281136757,0.0011442654695889046,0.00023472112196691632,False,4.875000000000799,4.875000000000799
2025-12-01,Monday,0.0006039625837813481,0.000338808278706663,0.0009427708624880111,0.0003535390734330251,False,2.666666666666509,2.666666666666509
2025-12-02,Tuesday,0.0003958654057621809,0.0004031962466094528,0.0007990616523716337,0.00023458690711836649,False,3.406249999998712,3.406249999998712
2025-12-03,Wednesday,0.00021945545785720364,0.0002779769132857469,0.0004974323711429506,8.778218314281493e-05,True,5.666666666670457,4.974323711429506
2025-12-04,Thursday,0.0002629733520335875,0.0007450911640953583,0.001008064516128946,0.0005113370733988177,False,1.9714285714282747,1.9714285714282747
2025-12-05,Friday,2.9172379590976705e-05,0.002158756089734266,0.0021879284693252427,0.0018670322938243332,False,1.171874999999921,1.171874999999921
2025-12-08,Monday,0.00016013276461941342,0.000582300962252307,0.0007424337268717204,0.0003348230532949566,False,2.217391304348707,2.217391304348707
2025-12-09,Tuesday,8.775008775017421e-05,0.0010676260676260943,0.0011553761553762686,0.0006581256581257247,False,1.75555555555555,1.75555555555555
2025-12-10,Wednesday,0.0005121301688566661,0.0005706593310116566,0.0010827894998683227,0.0004974978783177521,False,2.1764705882358446,2.1764705882358446
2025-12-11,Thursday,0.0002334846119047502,0.0008755672946430206,0.0011090519065477709,0.0006420826827381045,False,1.7272727272729387,1.7272727272729387
2025-12-12,Friday,0.00010162306553226726,0.00036163293748729496,0.00046325600301956225,0.0001306582271130801,False,3.5455555555535776,3.5455555555535776
2025-12-15,Monday,0.00017517480986234843,0.00017517480986234843,0.00035034961972469687,3.8538458169832825e-05,True,9.090909090881688,3.5034961972469687
2025-12-16,Tuesday,0.002748585286984647,0.0006614242669215043,0.0034100095539061513,0.0006173293157934486,False,5.523809523808686,5.523809523808686
2025-12-17,Wednesday,0.0001028489149438538,0.0007199424046076447,0.0008227913195514985,7.346351067434832e-05,True,11.199999999983628,8.227913195514985
2025-12-18,Thursday,0.004179821245942535,0.00016304267271408785,0.004342863918656623,0.0036017608608654066,False,1.2057613168724226,1.2057613168724226
2025-12-19,Friday,0.0008735564110157416,0.0004885993485340942,0.0013621557595498357,0.00011844832691744289,False,11.499999999993603,11.499999999993603
2025-12-22,Monday,2.9256447389566873e-05,0.0005266160530127027,0.0005558725004022695,0.00039496203975948537,False,1.4074074074074856,1.4074074074074856
2025-12-23,Tuesday,0.00017526691690888246,0.0016650357106343004,0.0018403026275431828,0.00099317919581689,False,1.852941176470711,1.852941176470711
2025-12-24,Wednesday,0.00031976744186050477,4.360465116275104e-05,0.0003633720930232558,0.00021962209302331715,False,1.6545334215746537,1.6545334215746537
2025-12-26,Friday,0.000622836367850148,0.0,0.000622836367850148,0.00050695983429659,False,1.2285714285715306,1.2285714285715306
2025-12-29,Monday,2.905498656204229e-05,0.0004358247984311298,0.0004648797849931721,0.00024638628604642913,False,1.8867924528298217,1.8867924528298217
2025-12-30,Tuesday,0.0,0.0006833381797032766,0.0006833381797032766,0.0003198604245418924,False,2.136363636364083,2.136363636364083
2025-12-31,Wednesday,0.000611754424295496,0.00017478697837011807,0.0007865414026656142,0.0005971888427646667,False,1.317073170731633,1.317073170731633
2026-01-02,Friday,0.0001020750397364277,0.0003062251192091173,0.00040830015894554504,1.4582148533751703e-05,True,28.000000000034106,4.08300158945545
2026-01-05,Monday,0.0007742312468045964,0.0,0.0007742312468045964,0.000628149879482965,False,1.2325581395349021,1.2325581395349021
2026-01-06,Tuesday,0.0003344287085235964,0.00010178265042028967,0.00043621135894388605,1.4540378631446339e-05,True,30.000000000034102,4.36211358943886
2026-01-07,Wednesday,0.0004913649830188859,0.00015897102391793284,0.0006503360069368188,0.00036129778163162076,False,1.7999999999997272,1.7999999999997272
2026-01-08,Thursday,0.0002968788542740219,0.0005658981093198868,0.0008627769635939087,0.0003337347824192935,False,2.5852173913054823,2.5852173913054823
2026-01-09,Friday,0.0017505533774105158,0.00030381504897214506,0.002054368426382661,0.0013454666454477654,False,1.5268817204301457,1.5268817204301457
2026-01-12,Monday,0.000101353797147687,0.00041989430246863627,0.0005212480996163233,0.00031854050532111386,False,1.6363636363634957,1.6363636363634957
2026-01-13,Tuesday,0.004103967168262523,0.00015839873281015714,0.00426236590107268,0.002231982144142781,False,1.909677419354845,1.909677419354845
2026-01-14,Wednesday,5.782352260894475e-05,0.0014600439458771696,0.0015178674684861143,0.0014600439458771696,False,1.039603960396004,1.039603960396004
2026-01-15,Thursday,0.0009519139239045319,0.0004903799001933132,0.001442293824097845,0.000432688147229288,False,3.333333333333838,3.333333333333838
2026-01-16,Friday,0.001370139610014901,0.0005480558440059932,0.0019181954540208944,0.000173070266528217,False,11.083333333332309,11.083333333332309
2026-01-20,Tuesday,0.00014662756598243803,0.002419354838709644,0.002565982404692082,0.0010850439882698082,False,2.3648648648648356,2.3648648648648356
2026-01-21,Wednesday,0.00019215135614514148,0.0008129480452294059,0.0010050994013745475,0.0004138644593895096,False,2.428571428571487,2.428571428571487
2026-01-22,Thursday,0.00036271835645058323,0.0004932969647728394,0.0008560153212234225,0.0001793279554291834,False,4.773462783171378,4.773462783171378
2026-01-23,Friday,0.000800046548162736,2.9092601751348164e-05,0.0008291391499140842,0.0004218427253948791,False,1.9655172413793376,1.9655172413793376
2026-01-26,Monday,2.902167919433179e-05,0.0009286937342194422,0.000957715413413774,0.00030472763154081376,False,3.142857142856447,3.142857142856447
2026-01-27,Tuesday,0.0003168202764977352,0.0002880184331796253,0.0006048387096773604,0.00011520737327194834,False,5.249999999996803,5.249999999996803
2026-01-28,Wednesday,0.00021525744790766498,0.0004018139027611595,0.0006170713506688245,0.00028700993054366205,False,2.1499999999998294,2.1499999999998294
2026-01-29,Thursday,0.0008466063997704575,0.0004161285693786248,0.0012627349691490823,0.0006313674845746227,False,1.9999999999997418,1.9999999999997418
2026-01-30,Friday,7.232122193930011e-05,0.0019526729923629118,0.002024994214302212,1.4464244387860022e-05,True,140.00000000012506,20.249942143022118
2026-02-02,Monday,0.0005808128475801554,0.0006388941323382865,0.0012197069799184418,0.0004210893144955838,False,2.896551724138404,2.896551724138404
2026-02-03,Tuesday,0.00017209482424816727,0.0005951612671915037,0.000767256091439671,0.0005306257080985022,False,1.445945945945842,1.445945945945842
2026-02-04,Wednesday,0.0010136260299163495,0.0004923326431023209,0.0015059586730186703,0.0003596924369017027,False,4.186795491144066,4.186795491144066
2026-02-05,Thursday,0.0021993812407442707,0.000527851497778645,0.0027272327385229156,0.0003225759153091997,False,8.454545454544467,8.454545454544467
2026-02-06,Friday,0.0007774909048235044,0.0013202675742283437,0.002097758479051848,0.0003869850956459725,False,5.420773313117338,5.420773313117338
2026-02-09,Monday,0.0,0.0008687216760535554,0.0008687216760535554,0.0006225838678384033,False,1.3953488372092533,1.3953488372092533
2026-02-10,Tuesday,0.0006341976678822909,0.000749506334769861,0.0013837040026521519,0.00015854941697057272,False,8.727272727271975,8.727272727271975
2026-02-11,Wednesday,0.0034904517394564686,0.0004615473374488692,0.0039519990769053374,0.0024231235216061126,False,1.6309523809524347,1.6309523809524347
2026-02-12,Thursday,0.002262639073038638,0.00020176399377411997,0.002464403066812758,0.0015550239234449054,False,1.5848007414273533,1.5848007414273533
2026-02-13,Friday,0.003909809800981815,1.4698533086384608e-05,0.0039245083340681995,0.0021165887644412217,False,1.8541666666667143,1.8541666666667143
2026-02-17,Tuesday,0.00016198624589497393,0.0006184929388723883,0.0007804791847673622,0.00010308215647878719,False,7.5714285714227705,7.5714285714227705
2026-02-18,Wednesday,0.0006710332453210549,0.0015900570378258986,0.0022610902831469537,0.0012545404151653712,False,1.8023255813953996,1.8023255813953996
2026-02-19,Thursday,0.0012428354193473254,0.0011112410808281539,0.0023540765001754792,5.8486372675279724e-05,True,40.24999999992255,23.540765001754792
2026-02-20,Friday,0.0,0.003490834733075274,0.003490834733075274,0.0029942306287883656,False,1.1658536585366046,1.1658536585366046
2026-02-23,Monday,0.000786541402665614,0.0004078362828635536,0.0011943776855291677,0.0007574102396039553,False,1.5769230769228835,1.5769230769228835
2026-02-24,Tuesday,0.0006443393325229412,0.00052718672660977,0.0011715260591327113,0.0004832544993923308,False,2.424242424241986,2.424242424241986
2026-02-25,Wednesday,0.0,0.00044950988921748367,0.00044950988921748367,0.00018850414709122942,False,2.3846153846150484,2.3846153846150484
2026-02-26,Thursday,0.0003026852505801992,0.00011530866688757008,0.00041799391746776926,0.00011314662938347729,False,3.6942675159248584,3.6942675159248584
2026-02-27,Friday,0.0005847098377429867,0.003055108902207326,0.003639818739950313,0.0012278906592603886,False,2.9642857142856127,2.9642857142856127
2026-03-02,Monday,0.00025004780325644474,0.001412034653683846,0.0016620824569402908,0.0013679085707561003,False,1.2150537634409209,1.2150537634409209
2026-03-03,Tuesday,8.106806285201022e-05,0.002209844384823533,0.0022909124476755433,0.0016941449923013915,False,1.352252881592785,1.352252881592785
2026-03-04,Wednesday,0.001069644086919598,0.0007912435711460977,0.0018608876580656958,0.000363972042727075,False,5.112721417070721,5.112721417070721
2026-03-05,Thursday,0.0003801614223885702,0.0020762662299683575,0.0024564276523569278,0.0012587729559012972,False,1.951446160994216,1.951446160994216
2026-03-06,Friday,0.0007964719243646125,0.004764082066107196,0.005560553990471809,0.004410094544167332,False,1.2608695652173814,1.2608695652173814
2026-03-09,Monday,0.00025482671783181297,0.0033277371387456936,0.0035825638565775064,0.003087900227845154,False,1.1601941747572415,1.1601941747572415
2026-03-10,Tuesday,0.0013762689791931067,0.0009471098351436741,0.002323378814336781,0.0011098943380590167,False,2.0933333333332484,2.0933333333332484
2026-03-11,Wednesday,0.0016541619897205715,0.0027766290541737983,0.00443079104389437,0.002348319253264063,False,1.8867924528301507,1.8867924528301507
2026-03-12,Thursday,7.437156031543688e-05,0.0013833110218651643,0.0014576825821806011,0.0007437156031533542,False,1.960000000000036,1.960000000000036
2026-03-13,Friday,0.0010464003826834666,0.0005232001913418182,0.0015696005740252848,0.0003438172685960568,False,4.56521739130379,4.56521739130379
2026-03-16,Monday,0.0008978138233402007,0.00011970850977858003,0.0010175223331187807,0.000643433240060548,False,1.5813953488368588,1.5813953488368588
2026-03-17,Tuesday,0.0011936022917163323,2.9840057292882863e-05,0.0012234423490092151,0.0008206015755549572,False,1.4909090909090985,1.4909090909090985
2026-03-18,Wednesday,0.0,0.004724010491177813,0.004724010491177813,0.004124046256556916,False,1.1454795114548,1.1454795114548
2026-03-19,Thursday,0.0009578107183580318,0.0011706575446597976,0.0021284682630178294,0.0005625237552261567,False,3.783783783783676,3.783783783783676
2026-03-20,Friday,0.0,0.0018123115348299694,0.0018123115348299694,0.001218360695683888,False,1.4875000000001526,1.4875000000001526
2026-03-23,Monday,0.0035523978685611545,0.002201272183510263,0.005753670052071417,0.003385404806363981,False,1.6995515695066963,1.6995515695066963
2026-03-24,Tuesday,0.0,0.0033010866076751515,0.0033010866076751515,0.0032858037993062994,False,1.0046511627906933,1.0046511627906933
2026-03-25,Wednesday,0.0010594999932346887,0.0019659053540704565,0.0030254053473051453,7.13022667278491e-05,True,42.430703624790766,30.25405347305145
2026-03-26,Thursday,0.0,0.0019951502501612513,0.0019951502501612513,0.0012431320789466514,False,1.6049382716049052,1.6049382716049052
2026-03-27,Friday,0.0002022150323543981,0.0011428260328521268,0.001345041065206525,0.0005599800895968356,False,2.4019444444442724,2.4019444444442724
2026-03-30,Monday,0.0009071145935970862,0.0002033187882200151,0.0011104333818171012,0.0003597178560816062,False,3.0869565217390442,3.0869565217390442
2026-03-31,Tuesday,0.0012984371822347624,0.0003754517153450387,0.001673888897579801,0.001047979600456775,False,1.5972533213911948,1.5972533213911948
2026-04-01,Wednesday,0.0041694029964720715,0.00676573453273661,0.010935137529208681,0.0011759854605433691,False,9.298701298701477,9.298701298701477
2026-04-02,Thursday,0.0006353141706050486,0.0002789184163633124,0.000914232586968361,0.0005098008832415757,False,1.7933130699091788,1.7933130699091788
2026-04-06,Monday,0.0007770599707459636,0.00022854705021954373,0.0010056070209655073,0.0004861957581666487,False,2.0683171419624458,2.0683171419624458
2026-04-07,Tuesday,0.00030469226081664456,0.0012187690432662317,0.0015234613040828763,0.0008532906764168709,False,1.78539546509541,1.78539546509541
2026-04-08,Wednesday,0.0006947524020695156,0.0007699926090169745,0.0014647450110864902,0.0003695491500369549,False,3.963600000000042,3.963600000000042
2026-04-09,Thursday,0.0008898380494750293,0.0009491605861066417,0.0018389986355816712,2.9661268315806208e-05,True,62.00000000005685,18.38998635581671
2026-04-10,Friday,0.0011589185382957698,0.0012322678128712107,0.0023911863511669805,0.0009507532970498914,False,2.515043974695258,2.515043974695258
2026-04-13,Monday,0.0006516201646820996,0.00017771459036787594,0.0008293347550499755,0.00047390557431422356,False,1.7500000000001779,1.7500000000001779
2026-04-14,Tuesday,0.0008281393017478825,0.0007264379839893068,0.0015545772857371892,0.0004213340307137451,False,3.689655172414428,3.689655172414428
2026-04-15,Wednesday,0.001061413173190382,4.465166015618062e-06,0.001065878339206,0.0009893943664873403,False,1.0773038287959955,1.0773038287959955
2026-04-16,Thursday,0.00045656888483057017,0.00018548110946238366,0.0006420499942929539,0.00021401666476426388,False,3.000000000000758,3.000000000000758
2026-04-17,Friday,0.0007512828509057532,0.0005670059252120474,0.0013182887761178006,0.0005103053326907459,False,2.5833333333334125,2.5833333333334125
2026-04-20,Monday,0.0006081262639832976,0.0001688611067898591,0.0007769873707731568,0.0005091289651953975,False,1.5261111111110295,1.5261111111110295
2026-04-21,Tuesday,0.0002791555166105153,0.0017308766523378189,0.002010032168948334,0.0013794724269971888,False,1.457102099042122,1.457102099042122
2026-04-22,Wednesday,0.00025390377047108134,0.0013118361474333856,0.0015657399179044669,0.000691182486281996,False,2.265306122449491,2.265306122449491
2026-04-23,Thursday,0.0002675415745526488,0.0005914076911161541,0.0008589492656688028,0.0004505963360884526,False,1.9062500000004219,1.9062500000004219
2026-04-24,Friday,0.0,0.0017419644864014512,0.0017419644864014512,0.0013767138682850334,False,1.2653061224489652,1.2653061224489652
2026-04-27,Monday,0.00026631905022224265,0.0004625541398594498,0.0007288731900816925,2.8033584234046084e-05,True,25.999999999874944,7.2887319008169245
2026-04-28,Tuesday,0.0010707543182394417,0.0005212882865113198,0.0015920426047507615,0.0007185325030290949,False,2.2156862745098342,2.2156862745098342
2026-04-29,Wednesday,5.6200297861527554e-05,0.001334757074212557,0.0013909573720740846,4.2150223396145666e-05,True,33.00000000003031,13.909573720740845
2026-04-30,Thursday,2.794740298755196e-05,0.0017467126867235863,0.0017746600897111382,0.001453264955353973,False,1.2211538461538713,1.2211538461538713
2026-05-01,Friday,1.3861935126131003e-05,0.0010119212642085088,0.0010257831993346399,0.0010119212642085088,False,1.0136986301369735,1.0136986301369735
2026-05-04,Monday,0.0003749270975087925,0.0005137889854750528,0.0008887160829838454,0.00011108951037303987,False,7.999999999995737,7.999999999995737
2026-05-05,Tuesday,0.00012472283813751638,0.0005543237250554008,0.0006790465631929172,0.00048018292682925696,False,1.4141414141414737,1.4141414141414737
2026-05-06,Wednesday,0.00010967618107543107,0.0005757999506456624,0.0006854761317210935,0.00046612376957023136,False,1.4705882352944717,1.4705882352944717
2026-05-07,Thursday,0.0004892248099560247,5.441877752750442e-07,0.0004897689977312997,0.00035317786614174896,False,1.386748844376135,1.386748844376135
2026-05-08,Friday,0.0014547926580558124,0.0,0.0014547926580558124,0.0009245411284839564,False,1.5735294117648952,1.5735294117648952
2026-05-12,Tuesday,0.0010593651957789545,0.0012359260617419334,0.002295291257520888,0.0008420595145934409,False,2.725806451612971,2.725806451612971
2026-05-13,Wednesday,4.057343792260308e-05,0.002988909926967707,0.00302948336489031,0.002218014606437634,False,1.3658536585365328,1.3658536585365328
2026-05-14,Thursday,0.00010736093404018107,0.00046970408642558244,0.0005770650204657635,0.00046970408642558244,False,1.2285714285715306,1.2285714285715306
2026-05-15,Friday,6.327060350432034e-05,0.0010815487778498196,0.00114481938135414,0.0007841228639410654,False,1.460000000000235,1.460000000000235
2026-05-18,Monday,0.003034901365705627,0.0003929113375244923,0.0034278127032301192,0.0029400606980272584,False,1.1658986175115826,1.1658986175115826
2026-05-19,Tuesday,0.0013187769363588533,0.0001767433007491135,0.001495520237107967,0.0007477601185540606,False,1.9999999999997935,1.9999999999997935
2026-05-20,Wednesday,0.0004339571467318281,0.0006495796040140062,0.0010835367507458344,0.0005966910767560902,False,1.8159090909092854,1.8159090909092854
2026-05-21,Thursday,0.001366896738394899,0.00035187440790362826,0.0017187711462985273,0.0,True,,17.187711462985273
2026-05-22,Friday,0.0005204436040820272,0.0001206903487951507,0.0006411339528771779,0.0003888911238952992,False,1.6486206896555184,1.6486206896555184
2026-05-26,Tuesday,0.00035944884510414937,0.0002662584037807785,0.0006257072488849279,1.331292018903136e-05,True,47.000000000034106,6.257072488849279
2026-05-27,Wednesday,0.00015929485477619675,0.0010879838581214314,0.0012472787128976282,0.0010879838581214314,False,1.1464128843338204,1.1464128843338204
2026-05-28,Thursday,0.0013747630869437183,2.6694428872669988e-05,0.0014014575158163884,0.0013747630869437183,False,1.0194174757281382,1.0194174757281382
2026-05-29,Friday,7.9362979815427e-05,0.0008465384513637025,0.0009259014311791294,0.00043649638898432216,False,2.1212121212127264,2.1212121212127264
2026-06-01,Monday,0.0005144711500410259,0.0004089386064426898,0.0009234097564837158,0.0005144711500410259,False,1.794871794871451,1.794871794871451
2026-06-02,Tuesday,0.00023772732675629473,0.00029055562159081,0.0005282829483471048,0.0001716919582128128,False,3.0769230769230096,3.0769230769230096
2026-06-03,Wednesday,1.3184610922119695e-05,0.0010020304300819962,0.0010152150410041158,0.0004878306041188784,False,2.081081081081006,2.081081081081006
2026-06-04,Thursday,0.0008514601210669678,0.00015964877270006593,0.0010111088937670338,0.0007982438635003296,False,1.2666666666666035,1.2666666666666035
2026-06-05,Friday,0.001659475605708596,0.0014603385330235947,0.003119814138732191,0.00031344175240619304,False,9.953409572216739,9.953409572216739
2026-06-08,Monday,0.0013451346479782626,4.035403943931118e-05,0.0013854886874175739,0.000591859245110509,False,2.3409090909087387,2.3409090909087387
2026-06-09,Tuesday,0.0015629421037739232,0.0,0.0015629421037739232,0.0007949446907125104,False,1.966101694915473,1.966101694915473
2026-06-10,Wednesday,0.00695630782687119,0.001325661805906749,0.008281969632777938,0.0029246559429281904,False,2.831775700934572,2.831775700934572
2026-06-11,Thursday,0.0007269535161232429,0.003086123417504492,0.003813076933627735,0.0009052628691347632,False,4.212121212120649,4.212121212120649
2026-06-12,Friday,0.0003644511635440605,0.0016062847578425226,0.0019707359213865833,0.0013768155067220747,False,1.4313725490196691,1.4313725490196691
2026-06-15,Monday,0.0007191753456036593,0.00011986255760066035,0.0008390379032043197,0.00035958767280182963,False,2.333333333333474,2.333333333333474
2026-06-16,Tuesday,0.00021209470028363446,0.0002916302128900916,0.0005037249131737261,0.00021209470028363446,False,2.3750000000004445,2.3750000000004445
2026-06-17,Wednesday,0.000905821233515319,0.0,0.000905821233515319,0.0006127614226720696,False,1.4782608695653572,1.4782608695653572
2026-06-18,Thursday,0.0007913514673534416,0.0005230967326573131,0.0013144482000107547,0.0002280165244917549,False,5.76470588235058,5.76470588235058
2026-06-22,Monday,0.0002674619201091853,0.0005215507442127745,0.0007890126643219598,0.0004011928801636259,False,1.9666666666670711,1.9666666666670711
2026-06-23,Tuesday,0.0002722533044743902,0.00132042852670128,0.0015926818311756703,0.0006125699350676487,False,2.5999999999996466,2.5999999999996466
2026-06-24,Wednesday,0.00029855607425907513,0.0015606340245358501,0.0018591900987949253,0.0013435023341656837,False,1.3838383838383759,1.3838383838383759
2026-06-25,Thursday,0.002710320901994796,0.00012196444058965492,0.002832285342584451,0.0013009540329575516,False,2.177083333333165,2.177083333333165
2026-06-26,Friday,0.00020536129897879435,0.0016155088852988007,0.001820870184277595,0.0015333643657074075,False,1.1875000000000318,1.1875000000000318
2026-06-29,Monday,0.0005697310055751693,0.0011937221069196666,0.0017634531124948358,0.0006646861731711079,False,2.653061224489886,2.653061224489886
2026-06-30,Tuesday,0.0005668551685045454,0.0005904741338587992,0.0011573293023633446,0.0003644068940387021,False,3.175925925925072,3.175925925925072
2026-07-01,Wednesday,0.00038911027922027306,0.0013820123710233236,0.0017711226502435966,0.001006319687638369,False,1.7600000000000666,1.7600000000000666
2026-07-02,Thursday,0.002594970572498583,0.0010700909577314984,0.0036650615302300815,0.0016869983948636044,False,2.172534094513116,2.172534094513116
2026-07-06,Monday,0.0006952057541645255,0.000147062755688673,0.0008422685098531985,0.00017380143854113137,False,4.846153846153981,4.846153846153981
2026-07-07,Tuesday,0.0005196535642904549,0.00022651565622912602,0.0007461692205195809,0.00031978680879414935,False,2.3333333333330177,2.3333333333330177
2026-07-08,Wednesday,2.043340323714825e-05,0.00077969564983605,0.0008001290530731983,0.00030918965424533285,False,2.5878260869567113,2.5878260869567113
2026-07-09,Thursday,0.0003610542784933279,0.00048140570465746645,0.0008424599831507943,0.00042791618191778176,False,1.9687500000003775,1.9687500000003775
2026-07-10,Friday,0.0006120276742947348,0.00039914848323585443,0.0010111761575305892,0.00010643959552944018,False,9.500000000008527,9.500000000008527
2026-07-13,Monday,0.0003325131342688036,0.00039901576112265504,0.0007315288953914586,0.0002793110327856922,False,2.619047619048908,2.619047619048908
2026-07-14,Tuesday,0.006646557937164694,0.00016015802258228726,0.006806715959746981,0.003456743987400945,False,1.9691119691119539,1.9691119691119539
2026-07-15,Wednesday,0.0024320552860654225,0.0003322479898996611,0.0027643032759650833,0.0022194165725296817,False,1.2455089820359149,1.2455089820359149
2026-07-16,Thursday,0.00011968880909624063,0.0009309129596383343,0.0010506017687345749,0.0007314316111444487,False,1.436363636363392,1.436363636363392
2026-07-17,Friday,0.0002552459765174435,0.00044332195921443476,0.0006985679357318782,0.0001074719901126319,False,6.499999999997868,6.499999999997868
2026-07-20,Monday,6.696847124367754e-05,0.0008304090434223629,0.0008973775146660405,0.000736653183681062,False,1.2181818181818447,1.2181818181818447
2026-07-21,Tuesday,0.00018795983029910632,0.0007652650233607889,0.0009532248536598952,0.00018795983029910632,False,5.071428571429325,5.071428571429325
2026-07-22,Wednesday,0.0007913833112014699,2.6826552922057878e-05,0.0008182098641235277,0.0006438372701299991,False,1.2708333333333135,1.2708333333333135
2026-07-23,Thursday,0.00021563342318055008,0.0018733153638813833,0.002088948787061933,0.0013746630727762559,False,1.5196078431372373,1.5196078431372373
2026-07-24,Friday,0.0005941289259768571,0.0012692754327689845,0.0018634043587458416,0.001134246131410559,False,1.642857142857075,1.642857142857075
2026-07-27,Monday,0.0004966709621993188,0.00017450601374569835,0.0006711769759450171,0.0004698238831613899,False,1.4285714285717996,1.4285714285717996
2026-07-28,Tuesday,0.00035135609940673647,0.0009054176407788741,0.0012567737401856106,0.0003108150110136869,False,4.043478260869028,4.043478260869028
2026-07-29,Wednesday,0.0009997298027560242,0.0004052958659822591,0.0014050256687382833,0.000972710078357084,False,1.4444444444447253,1.4444444444447253
2026-07-30,Thursday,0.0002721347611337753,0.0013606738056685672,0.0016328085668023424,0.0010885390445347918,False,1.500000000000142,1.500000000000142
2026-07-31,Friday,0.0013846691581748886,0.0014384427177157664,0.002823111875890655,0.00102169763127469,False,2.7631578947369047,2.7631578947369047
2026-08-03,Monday,0.000905821233515319,1.3320900492861202e-05,0.0009191421340081802,0.0008791794325295966,False,1.0454545454545063,1.0454545454545063
2026-08-04,Tuesday,0.00014467021766293632,0.0002630367593871841,0.00040770697705012047,0.00014467021766293632,False,2.818181818182006,2.818181818182006
2026-08-05,Wednesday,0.0,0.0010335869983449054,0.0010335869983449054,0.0002209577596611282,False,4.67775831873959,4.67775831873959
2026-08-06,Thursday,0.0005579343454002205,0.0002595043466978662,0.0008174386920980867,0.0001946282600233259,False,4.200000000000606,4.200000000000606
2026-08-07,Friday,0.0025295109612142245,2.5943702166275535e-05,0.0025554546633805002,0.002010636917888271,False,1.2709677419354457,1.2709677419354457
2026-08-10,Monday,2.586753236687339e-05,0.0020047337584230564,0.00203060129078993,0.0005561519458850576,False,3.651162790698215,3.651162790698215
2026-08-11,Tuesday,0.0004521379666710021,7.750936571510026e-05,0.0005296473323861024,0.0003100374628601073,False,1.70833333333361,1.70833333333361
2026-08-12,Wednesday,0.0007497220857786006,0.002494764871642344,0.003244486957420944,0.00032315607145627054,False,10.039999999999962,10.039999999999962
2026-08-13,Thursday,0.0007752939656286635,0.0007106861351595225,0.001485980100788186,0.00012921566093813508,False,11.499999999997156,11.499999999997156
2026-08-17,Monday,0.0002060209626329069,0.0006051865777343195,0.0008112075403672264,0.0005150524065823405,False,1.575000000000078,1.575000000000078
2026-08-18,Tuesday,0.0001169894709476561,0.0005199532042115914,0.0006369426751592475,0.0004549590536850501,False,1.4000000000003896,1.4000000000003896
2026-08-19,Wednesday,0.003067244949790982,0.00029956107789892836,0.0033668060276899107,0.003067244949790982,False,1.0976645435244232,1.0976645435244232
2026-08-20,Thursday,0.003941537134116978,0.0010197011491247208,0.004961238283241699,0.000117657824899052,False,42.16666666665256,42.16666666665256
2026-08-21,Friday,0.0004435804772404491,0.00035225508486735874,0.0007958355621078078,0.0003783480541167708,False,2.10344827586238,2.10344827586238
2026-08-25,Tuesday,0.0,0.0013555963972419834,0.0013555963972419834,0.0010166972979315245,False,1.3333333333332849,1.3333333333332849
2026-08-26,Wednesday,0.0,0.0021528384849235772,0.0021528384849235772,0.0019179833774772826,False,1.1224489795918873,1.1224489795918873
2026-08-27,Thursday,0.0,0.0014172040773871852,0.0014172040773871852,0.0014172040773871852,False,1.0,1.0
