date,weekday,ret,abs_ret,arm,is_event
2016-01-04,Monday,0.0,0.0,control,False
2016-01-05,Tuesday,4.97512437811487e-05,4.97512437811487e-05,control,False
2016-01-06,Wednesday,-0.00020167389331449126,0.00020167389331449126,control,False
2016-01-07,Thursday,-0.00020554984583753821,0.00020554984583753821,event,True
2016-01-08,Friday,0.005928651742819202,0.005928651742819202,event,True
2016-01-11,Monday,-5.181615627758429e-05,5.181615627758429e-05,control,False
2016-01-12,Tuesday,-0.0003095815489396747,0.0003095815489396747,control,False
2016-01-13,Wednesday,0.0005654945506887721,0.0005654945506887721,control,False
2016-01-14,Thursday,0.0009493170191443578,0.0009493170191443578,event,True
2016-01-15,Friday,-0.002333103557982885,0.002333103557982885,event,True
2016-01-19,Tuesday,-0.00031486146095716094,0.00031486146095716094,control,False
2016-01-20,Wednesday,0.0008114248620576525,0.0008114248620576525,event,True
2016-01-21,Thursday,0.005738803968892592,0.005738803968892592,event,True
2016-01-22,Friday,0.000316722972973027,0.000316722972973027,control,False
2016-01-25,Monday,0.0010545742156604643,0.0010545742156604643,control,False
2016-01-26,Tuesday,0.0009034863945578397,0.0009034863945578397,control,False
2016-01-27,Wednesday,-0.0005272871078302321,0.0005272871078302321,control,False
2016-01-28,Thursday,-0.002649989400042352,0.002649989400042352,event,True
2016-01-29,Friday,0.0017407817692673966,0.0017407817692673966,event,True
2016-02-01,Monday,-0.0001040961848747246,0.0001040961848747246,event,True
2016-02-02,Tuesday,0.0002604437962288042,0.0002604437962288042,control,False
2016-02-03,Wednesday,0.00031446540880497587,0.00031446540880497587,control,False
2016-02-04,Thursday,-0.00010498687664051154,0.00010498687664051154,event,True
2016-02-05,Friday,-0.0048627450980393006,0.0048627450980393006,event,True
2016-02-08,Monday,0.0003231887961216984,0.0003231887961216984,control,False
2016-02-09,Tuesday,-0.001520664747732603,0.001520664747732603,control,False
2016-02-10,Wednesday,-0.002827873225909716,0.002827873225909716,control,False
2016-02-11,Thursday,-0.00021947873799721407,0.00021947873799721407,event,True
2016-02-12,Friday,0.004225581017389901,0.004225581017389901,control,False
2016-02-16,Tuesday,0.0009551605200319724,0.0009551605200319724,control,False
2016-02-17,Wednesday,0.00010480532411039079,0.00010480532411039079,event,True
2016-02-18,Thursday,0.00020688941760615975,0.00020688941760615975,event,True
2016-02-19,Friday,-0.00041742760240026655,0.00041742760240026655,event,True
2016-02-22,Monday,-0.00020611119699076585,0.00020611119699076585,control,False
2016-02-23,Tuesday,0.000516182315593916,0.000516182315593916,control,False
2016-02-24,Wednesday,-0.00020994069175450658,0.00020994069175450658,control,False
2016-02-25,Thursday,-0.0006196106779572386,0.0006196106779572386,event,True
2016-02-26,Friday,5.080268238155661e-05,5.080268238155661e-05,event,True
2016-02-29,Monday,0.0011298274445357137,0.0011298274445357137,control,False
2016-03-01,Tuesday,0.0006160796796386148,0.0006160796796386148,control,False
2016-03-02,Wednesday,-5.0535678188801114e-05,5.0535678188801114e-05,control,False
2016-03-03,Thursday,-0.0005029422119399163,0.0005029422119399163,event,True
2016-03-04,Friday,0.003048628117347185,0.003048628117347185,event,True
2016-03-07,Monday,-0.0003510003510003301,0.0003510003510003301,control,False
2016-03-08,Tuesday,0.0003006614552014675,0.0003006614552014675,control,False
2016-03-09,Wednesday,0.00010022048506730385,0.00010022048506730385,control,False
2016-03-10,Thursday,0.0006463159988068234,0.0006463159988068234,event,True
2016-03-11,Friday,0.0002981959147159152,0.0002981959147159152,control,False
2016-03-14,Monday,-9.893643334157876e-05,9.893643334157876e-05,control,False
2016-03-15,Tuesday,-0.0011416658393726964,0.0011416658393726964,event,True
2016-03-16,Wednesday,-0.000544581414921641,0.000544581414921641,event,True
2016-03-17,Thursday,0.0006414684693574202,0.0006414684693574202,event,True
2016-03-18,Friday,0.0,0.0,control,False
2016-03-21,Monday,0.00024511005441429923,0.00024511005441429923,control,False
2016-03-22,Tuesday,0.000392233771327577,0.000392233771327577,control,False
2016-03-23,Wednesday,-0.0003419972640218427,0.0003419972640218427,control,False
2016-03-24,Thursday,-0.00019775547535483273,0.00019775547535483273,event,True
2016-03-28,Monday,0.00024543491066175704,0.00024543491066175704,event,True
2016-03-29,Tuesday,-9.86582478296194e-05,9.86582478296194e-05,control,False
2016-03-30,Wednesday,0.0002425771395302423,0.0002425771395302423,control,False
2016-03-31,Thursday,0.0,0.0,event,True
2016-04-01,Friday,0.0004395604395603936,0.0004395604395603936,event,True
2016-04-04,Monday,-0.0002894774931249122,0.0002894774931249122,control,False
2016-04-05,Tuesday,-0.0007816316560820269,0.0007816316560820269,control,False
2016-04-06,Wednesday,0.00029324079956971616,0.00029324079956971616,control,False
2016-04-07,Thursday,9.731413001157208e-05,9.731413001157208e-05,event,True
2016-04-08,Friday,0.001607403799317897,0.001607403799317897,control,False
2016-04-11,Monday,0.0006823609689525778,0.0006823609689525778,control,False
2016-04-12,Tuesday,0.00034251602485690924,0.00034251602485690924,control,False
2016-04-13,Wednesday,-0.00019314340898113347,0.00019314340898113347,event,True
2016-04-14,Thursday,0.0008656759486365129,0.0008656759486365129,event,True
2016-04-15,Friday,-0.0002406970586819046,0.0002406970586819046,control,False
2016-04-18,Monday,0.0005309392798531487,0.0005309392798531487,control,False
2016-04-19,Tuesday,-0.0007142176935530653,0.0007142176935530653,control,False
2016-04-20,Wednesday,-0.0004283674440742624,0.0004283674440742624,control,False
2016-04-21,Thursday,-0.0002850898032880078,0.0002850898032880078,event,True
2016-04-22,Friday,4.7895014129162305e-05,4.7895014129162305e-05,control,False
2016-04-25,Monday,0.0004798464491362342,0.0004798464491362342,control,False
2016-04-26,Tuesday,-0.0005259131765155134,0.0005259131765155134,control,False
2016-04-27,Wednesday,4.7904191616821024e-05,4.7904191616821024e-05,control,False
2016-04-28,Thursday,-0.0002402460119163008,0.0002402460119163008,event,True
2016-04-29,Friday,-0.0002892263195950484,0.0002892263195950484,event,True
2016-05-02,Monday,-0.0005799342741155122,0.0005799342741155122,control,False
2016-05-03,Tuesday,-0.0004842615012106144,0.0004842615012106144,control,False
2016-05-04,Wednesday,0.00043945312499982236,0.00043945312499982236,control,False
2016-05-05,Thursday,-0.0005828638041577294,0.0005828638041577294,event,True
2016-05-06,Friday,-0.0017610801291457756,0.0017610801291457756,event,True
2016-05-09,Monday,-0.00014560986264133824,0.00014560986264133824,control,False
2016-05-10,Tuesday,0.00019354526539894223,0.00019354526539894223,control,False
2016-05-11,Wednesday,9.613073780334602e-05,9.613073780334602e-05,control,False
2016-05-12,Thursday,-0.0005297885661994517,0.0005297885661994517,event,True
2016-05-13,Friday,0.00043702049140526,0.00043702049140526,event,True
2016-05-16,Monday,-0.0006826271393047811,0.0006826271393047811,control,False
2016-05-17,Tuesday,-0.0008230851166843856,0.0008230851166843856,event,True
2016-05-18,Wednesday,-0.00044022696145573637,0.00044022696145573637,control,False
2016-05-19,Thursday,-0.0007340347443112183,0.0007340347443112183,event,True
2016-05-20,Friday,-0.0003414301043801471,0.0003414301043801471,control,False
2016-05-23,Monday,0.0003894460130464683,0.0003894460130464683,control,False
2016-05-24,Tuesday,9.695559433775536e-05,9.695559433775536e-05,control,False
2016-05-25,Wednesday,0.00028723251472073663,0.00028723251472073663,control,False
2016-05-26,Thursday,-0.0007633952001526723,0.0007633952001526723,event,True
2016-05-27,Friday,0.0,0.0,event,True
2016-05-31,Tuesday,-0.0003798129421259677,0.0003798129421259677,event,True
2016-06-01,Wednesday,0.00038202569122769425,0.00038202569122769425,control,False
2016-06-02,Thursday,-0.00023793661368598507,0.00023793661368598507,event,True
2016-06-03,Friday,-0.0005228136882129419,0.0005228136882129419,event,True
2016-06-06,Monday,9.483617051553317e-05,9.483617051553317e-05,control,False
2016-06-07,Tuesday,-0.00028337977613002163,0.00028337977613002163,control,False
2016-06-08,Wednesday,0.00014156953423616336,0.00014156953423616336,control,False
2016-06-09,Thursday,0.0003309536192144247,0.0003309536192144247,event,True
2016-06-10,Friday,-0.00018984337921212902,0.00018984337921212902,control,False
2016-06-13,Monday,0.00047730418595781643,0.00047730418595781643,control,False
2016-06-14,Tuesday,0.0011074730354390105,0.0011074730354390105,control,False
2016-06-15,Wednesday,-0.0002398196556190335,0.0002398196556190335,event,True
2016-06-16,Thursday,9.676795045465703e-05,9.676795045465703e-05,event,True
2016-06-17,Friday,-0.0004341743451203861,0.0004341743451203861,control,False
2016-06-20,Monday,0.000239429200785235,0.000239429200785235,control,False
2016-06-21,Tuesday,-0.0011982361963189803,0.0011982361963189803,control,False
2016-06-22,Wednesday,0.00014383660162065048,0.00014383660162065048,control,False
2016-06-23,Thursday,-9.523809523814819e-05,9.523809523814819e-05,event,True
2016-06-24,Friday,0.0019104536102674263,0.0019104536102674263,control,False
2016-06-27,Monday,-0.00039797035120892055,0.00039797035120892055,control,False
2016-06-28,Tuesday,-0.0001987083954297919,0.0001987083954297919,event,True
2016-06-29,Wednesday,-9.774215619207105e-05,9.774215619207105e-05,event,True
2016-06-30,Thursday,0.0005314523142332384,0.0005314523142332384,event,True
2016-07-01,Friday,4.7741812279067375e-05,4.7741812279067375e-05,control,False
2016-07-05,Tuesday,-0.0003353454057680727,0.0003353454057680727,control,False
2016-07-06,Wednesday,4.819509373943376e-05,4.819509373943376e-05,control,False
2016-07-07,Thursday,0.0001431161148746085,0.0001431161148746085,event,True
2016-07-08,Friday,0.0021858962174492458,0.0021858962174492458,event,True
2016-07-11,Monday,0.00028145229383613746,0.00028145229383613746,control,False
2016-07-12,Tuesday,0.00046648318328124105,0.00046648318328124105,control,False
2016-07-13,Wednesday,0.00013934045517882687,0.00013934045517882687,control,False
2016-07-14,Thursday,-0.00046165920317631226,0.00046165920317631226,event,True
2016-07-15,Friday,0.0006474886689482595,0.0006474886689482595,event,True
2016-07-18,Monday,-0.0002312673450507452,0.0002312673450507452,control,False
2016-07-19,Tuesday,-0.0001852280620513458,0.0001852280620513458,control,False
2016-07-20,Wednesday,-0.0002767144767790164,0.0002767144767790164,control,False
2016-07-21,Thursday,0.00018440827993182474,0.00018440827993182474,event,True
2016-07-22,Friday,-0.0001385489308640686,0.0001385489308640686,control,False
2016-07-25,Monday,4.603627658594789e-05,4.603627658594789e-05,control,False
2016-07-26,Tuesday,-4.6157396722867894e-05,4.6157396722867894e-05,control,False
2016-07-27,Wednesday,-0.00027630670043754524,0.00027630670043754524,control,False
2016-07-28,Thursday,0.00013868984328047063,0.00013868984328047063,event,True
2016-07-29,Friday,-0.0003234600988863967,0.0003234600988863967,event,True
2016-08-01,Monday,0.00022993791676251263,0.00022993791676251263,control,False
2016-08-02,Tuesday,-4.619364375457735e-05,4.619364375457735e-05,event,True
2016-08-03,Wednesday,-0.00018569240053845082,0.00018569240053845082,event,True
2016-08-04,Thursday,0.0008788159111934313,0.0008788159111934313,event,True
2016-08-05,Friday,0.0018932397487994024,0.0018932397487994024,event,True
2016-08-08,Monday,-0.0002289586958511558,0.0002289586958511558,control,False
2016-08-09,Tuesday,-0.0004124089263620734,0.0004124089263620734,control,False
2016-08-10,Wednesday,-0.0002746246796045959,0.0002746246796045959,control,False
2016-08-11,Thursday,0.0002292316156242702,0.0002292316156242702,event,True
2016-08-12,Friday,-0.00036604895904834844,0.00036604895904834844,event,True
2016-08-15,Monday,4.5682960255755134e-05,4.5682960255755134e-05,control,False
2016-08-16,Tuesday,0.00027442371020858225,0.00027442371020858225,event,True
2016-08-17,Wednesday,-4.5852629648290844e-05,4.5852629648290844e-05,control,False
2016-08-18,Thursday,0.00013748854262152221,0.00013748854262152221,event,True
2016-08-19,Friday,9.165482791795299e-05,9.165482791795299e-05,control,False
2016-08-22,Monday,0.00013742556115436955,0.00013742556115436955,control,False
2016-08-23,Tuesday,0.0003195763330898771,0.0003195763330898771,control,False
2016-08-24,Wednesday,-0.000136923779096354,0.000136923779096354,control,False
2016-08-25,Thursday,0.0,0.0,event,True
2016-08-26,Friday,0.00022971607093635882,0.00022971607093635882,event,True
2016-08-29,Monday,0.00018392495861707658,0.00018392495861707658,event,True
2016-08-30,Tuesday,9.161704076943167e-05,9.161704076943167e-05,control,False
2016-08-31,Wednesday,4.590735894960396e-05,4.590735894960396e-05,control,False
2016-09-01,Thursday,-0.0003673600587776882,0.0003673600587776882,event,True
2016-09-02,Friday,0.003638708488784559,0.003638708488784559,event,True
2016-09-06,Tuesday,-0.0002745869754244845,0.0002745869754244845,control,False
2016-09-07,Wednesday,0.0,0.0,control,False
2016-09-08,Thursday,0.00018264006209767203,0.00018264006209767203,event,True
2016-09-09,Friday,-0.00041428834468792974,0.00041428834468792974,control,False
2016-09-12,Monday,0.0008004897113527143,0.0008004897113527143,control,False
2016-09-13,Tuesday,-0.0004186435947529654,0.0004186435947529654,control,False
2016-09-14,Wednesday,9.349726520513357e-05,9.349726520513357e-05,control,False
2016-09-15,Thursday,4.682744088024826e-05,4.682744088024826e-05,event,True
2016-09-16,Friday,-0.0008431703204045959,0.0008431703204045959,event,True
2016-09-19,Monday,0.00013986013986011514,0.00013986013986011514,control,False
2016-09-20,Tuesday,-9.332275675433266e-05,9.332275675433266e-05,control,False
2016-09-21,Wednesday,-0.00014010180731327537,0.00014010180731327537,control,False
2016-09-22,Thursday,9.226794611549849e-05,9.226794611549849e-05,event,True
2016-09-23,Friday,4.613823013754903e-05,4.613823013754903e-05,control,False
2016-09-26,Monday,-0.0001394181615391732,0.0001394181615391732,control,False
2016-09-27,Tuesday,-0.00018653236336496626,0.00018653236336496626,control,False
2016-09-28,Wednesday,0.0001391272086443962,0.0001391272086443962,control,False
2016-09-29,Thursday,0.0002775850104095312,0.0002775850104095312,event,True
2016-09-30,Friday,-0.00023226645607843377,0.00023226645607843377,event,True
2016-10-03,Monday,-0.00023137436372044906,0.00023137436372044906,control,False
2016-10-04,Tuesday,-0.0006488991888758955,0.0006488991888758955,control,False
2016-10-05,Wednesday,-0.00046418790326319126,0.00046418790326319126,control,False
2016-10-06,Thursday,0.00023228803716612845,0.00023228803716612845,event,True
2016-10-07,Friday,9.268699601450159e-05,9.268699601450159e-05,event,True
2016-10-10,Monday,0.00027780350032413637,0.00027780350032413637,control,False
2016-10-11,Tuesday,0.00023186792802820655,0.00023186792802820655,control,False
2016-10-12,Wednesday,0.00018756447528844866,0.00018756447528844866,control,False
2016-10-13,Thursday,0.00023569341001228317,0.00023569341001228317,event,True
2016-10-14,Friday,0.0003274087932647607,0.0003274087932647607,event,True
2016-10-17,Monday,-0.00018787281010756995,0.00018787281010756995,control,False
2016-10-18,Tuesday,0.0007009345794393163,0.0007009345794393163,event,True
2016-10-19,Wednesday,0.0,0.0,control,False
2016-10-20,Thursday,-0.0006072212620860107,0.0006072212620860107,event,True
2016-10-21,Friday,0.00023429080174319772,0.00023429080174319772,control,False
2016-10-24,Monday,0.00013965180150821155,0.00013965180150821155,control,False
2016-10-25,Tuesday,9.298433214000035e-05,9.298433214000035e-05,control,False
2016-10-26,Wednesday,-0.0001405152224824846,0.0001405152224824846,control,False
2016-10-27,Thursday,-0.00032617305810545005,0.00032617305810545005,event,True
2016-10-28,Friday,0.0007509269254235562,0.0007509269254235562,event,True
2016-10-31,Monday,4.693733865290817e-05,4.693733865290817e-05,event,True
2016-11-01,Tuesday,0.0001879699248119593,0.0001879699248119593,control,False
2016-11-02,Wednesday,-0.00047469856641024766,0.00047469856641024766,control,False
2016-11-03,Thursday,-0.0005231617996764859,0.0005231617996764859,event,True
2016-11-04,Friday,-0.0003828850387670446,0.0003828850387670446,event,True
2016-11-07,Monday,0.0002838355645962132,0.0002838355645962132,control,False
2016-11-08,Tuesday,9.391876027242674e-05,9.391876027242674e-05,control,False
2016-11-09,Wednesday,-9.491268033412492e-05,9.491268033412492e-05,control,False
2016-11-10,Thursday,-0.0008727205916126968,0.0008727205916126968,event,True
2016-11-11,Friday,-0.0005546311702717688,0.0005546311702717688,control,False
2016-11-14,Monday,4.61361014993944e-05,4.61361014993944e-05,control,False
2016-11-15,Tuesday,0.0,0.0,control,False
2016-11-16,Wednesday,0.00032185387833916224,0.00032185387833916224,event,True
2016-11-17,Thursday,-0.0002295051868173026,0.0002295051868173026,event,True
2016-11-18,Friday,0.0003198391665903966,0.0003198391665903966,control,False
2016-11-21,Monday,-4.563084645226034e-05,4.563084645226034e-05,control,False
2016-11-22,Tuesday,0.0002723558783477298,0.0002723558783477298,control,False
2016-11-23,Wednesday,-0.0005443411204353321,0.0005443411204353321,event,True
2016-11-25,Friday,-0.00018094634940735155,0.00018094634940735155,event,True
2016-11-28,Monday,0.000316641787668992,0.000316641787668992,control,False
2016-11-29,Tuesday,-0.0007244408222404353,0.0007244408222404353,event,True
2016-11-30,Wednesday,-4.5171198843618754e-05,4.5171198843618754e-05,event,True
2016-12-01,Thursday,0.00031773410194713136,0.00031773410194713136,event,True
2016-12-02,Friday,0.0,0.0,event,True
2016-12-05,Monday,-0.0002268190890946098,0.0002268190890946098,control,False
2016-12-06,Tuesday,-9.034647874606172e-05,9.034647874606172e-05,control,False
2016-12-07,Wednesday,9.037097284347873e-05,9.037097284347873e-05,control,False
2016-12-08,Thursday,-0.00017826900793294076,0.00017826900793294076,event,True
2016-12-09,Friday,0.0004882595765458575,0.0004882595765458575,control,False
2016-12-12,Monday,-4.4140366365130745e-05,4.4140366365130745e-05,control,False
2016-12-13,Tuesday,-0.0005728133950209102,0.0005728133950209102,control,False
2016-12-14,Wednesday,0.00030754360528972846,0.00030754360528972846,event,True
2016-12-15,Thursday,0.0006195238516684132,0.0006195238516684132,event,True
2016-12-16,Friday,0.00030970710556577075,0.00030970710556577075,control,False
2016-12-19,Monday,0.0,0.0,control,False
2016-12-20,Tuesday,0.00013259668508291966,0.00013259668508291966,control,False
2016-12-21,Wednesday,-0.00017684247756311056,0.00017684247756311056,control,False
2016-12-22,Thursday,0.0,0.0,event,True
2016-12-23,Friday,-4.435770049671106e-05,4.435770049671106e-05,control,False
2016-12-27,Tuesday,-4.4263456090654074e-05,4.4263456090654074e-05,control,False
2016-12-28,Wednesday,8.829242450980601e-05,8.829242450980601e-05,control,False
2016-12-29,Thursday,-0.00026710590749234875,0.00026710590749234875,event,True
2016-12-30,Friday,0.0001778172927318078,0.0001778172927318078,control,False
2017-01-03,Tuesday,-0.0004888237123940042,0.0004888237123940042,control,False
2017-01-04,Wednesday,0.00017720285296607408,0.00017720285296607408,control,False
2017-01-05,Thursday,0.0,0.0,event,True
2017-01-06,Friday,0.0011483084533170373,0.0011483084533170373,event,True
2017-01-09,Monday,4.405286343600601e-05,4.405286343600601e-05,control,False
2017-01-10,Tuesday,8.831581736279404e-05,8.831581736279404e-05,control,False
2017-01-11,Wednesday,0.00030951538733647865,0.00030951538733647865,control,False
2017-01-12,Thursday,4.414231482297026e-05,4.414231482297026e-05,event,True
2017-01-13,Friday,0.00013244448368721073,0.00013244448368721073,event,True
2017-01-17,Tuesday,0.0,0.0,control,False
2017-01-18,Wednesday,-0.0003967904064897665,0.0003967904064897665,event,True
2017-01-19,Thursday,0.0007505187408944902,0.0007505187408944902,event,True
2017-01-20,Friday,0.00017646020822303932,0.00017646020822303932,control,False
2017-01-23,Monday,-8.841732979658623e-05,8.841732979658623e-05,control,False
2017-01-24,Tuesday,0.0002652402634719664,0.0002652402634719664,control,False
2017-01-25,Wednesday,0.00056937631394538,0.00056937631394538,control,False
2017-01-26,Thursday,8.718775883864716e-05,8.718775883864716e-05,event,True
2017-01-27,Friday,-0.0005227846998344665,0.0005227846998344665,event,True
2017-01-30,Monday,0.0,0.0,event,True
2017-01-31,Tuesday,-0.0003960570322126822,0.0003960570322126822,control,False
2017-02-01,Wednesday,-0.0002629157355067413,0.0002629157355067413,control,False
2017-02-02,Thursday,0.00017619592987405674,0.00017619592987405674,event,True
2017-02-03,Friday,0.0025444176354463277,0.0025444176354463277,event,True
2017-02-06,Monday,-0.001048721870220537,0.001048721870220537,control,False
2017-02-07,Tuesday,-0.0001307816382578597,0.0001307816382578597,control,False
2017-02-08,Wednesday,8.744698526519379e-05,8.744698526519379e-05,control,False
2017-02-09,Thursday,-0.00017429193899776152,0.00017429193899776152,event,True
2017-02-10,Friday,0.00021658147795200478,0.00021658147795200478,event,True
2017-02-13,Monday,-0.00038786416135150326,0.00038786416135150326,event,True
2017-02-14,Tuesday,8.587376556445925e-05,8.587376556445925e-05,event,True
2017-02-15,Wednesday,-0.00025682732642751116,0.00025682732642751116,event,True
2017-02-16,Thursday,0.000468783294268027,0.000468783294268027,event,True
2017-02-17,Friday,0.0004275148561412312,0.0004275148561412312,control,False
2017-02-21,Tuesday,4.246825497933315e-05,4.246825497933315e-05,control,False
2017-02-22,Wednesday,8.475294516485654e-05,8.475294516485654e-05,control,False
2017-02-23,Thursday,-4.2260068461308364e-05,4.2260068461308364e-05,event,True
2017-02-24,Friday,0.00021235931195584534,0.00021235931195584534,control,False
2017-02-27,Monday,0.00033819488480224535,0.00033819488480224535,control,False
2017-02-28,Tuesday,0.00016890465332330962,0.00016890465332330962,event,True
2017-03-01,Wednesday,-0.0004616805170820637,0.0004616805170820637,event,True
2017-03-02,Thursday,0.00012520345561517487,0.00012520345561517487,event,True
2017-03-03,Friday,-0.00016798958464581126,0.00016798958464581126,control,False
2017-03-06,Monday,0.00012620950778297058,0.00012620950778297058,control,False
2017-03-07,Tuesday,0.0002106593638087073,0.0002106593638087073,control,False
2017-03-08,Wednesday,0.0005067353574594868,0.0005067353574594868,control,False
2017-03-09,Thursday,-4.229402808320071e-05,4.229402808320071e-05,event,True
2017-03-10,Friday,0.0006725797637565645,0.0006725797637565645,event,True
2017-03-13,Monday,0.0001683430832035704,0.0001683430832035704,control,False
2017-03-14,Tuesday,-8.438106488906083e-05,8.438106488906083e-05,event,True
2017-03-15,Wednesday,0.00016847780304951598,0.00016847780304951598,event,True
2017-03-16,Thursday,0.00033458803847774554,0.00033458803847774554,event,True
2017-03-17,Friday,-0.00012622012790308723,0.00012622012790308723,control,False
2017-03-20,Monday,-0.0002531859228627198,0.0002531859228627198,control,False
2017-03-21,Tuesday,0.0,0.0,control,False
2017-03-22,Wednesday,-0.00029927319367251126,0.00029927319367251126,control,False
2017-03-23,Thursday,-8.528784648187404e-05,8.528784648187404e-05,event,True
2017-03-24,Friday,8.539345032221313e-05,8.539345032221313e-05,event,True
2017-03-27,Monday,-0.00012920453077225336,0.00012920453077225336,control,False
2017-03-28,Tuesday,0.0,0.0,control,False
2017-03-29,Wednesday,0.00017018379850242127,0.00017018379850242127,control,False
2017-03-30,Thursday,0.0003822792337424552,0.0003822792337424552,event,True
2017-03-31,Friday,0.00016947716295234727,0.00016947716295234727,event,True
2017-04-03,Monday,8.479966080132684e-05,8.479966080132684e-05,control,False
2017-04-04,Tuesday,-0.00012783909319469267,0.00012783909319469267,control,False
2017-04-05,Wednesday,0.00025426961054364483,0.00025426961054364483,control,False
2017-04-06,Thursday,0.00021297440047707283,0.00021297440047707283,event,True
2017-04-07,Friday,-0.001871384824770339,0.001871384824770339,event,True
2017-04-10,Monday,-0.00016991631621421366,0.00016991631621421366,control,False
2017-04-11,Tuesday,0.00029791037153681366,0.00029791037153681366,control,False
2017-04-12,Wednesday,0.0001703867779860868,0.0001703867779860868,control,False
2017-04-13,Thursday,4.28173838578072e-05,4.28173838578072e-05,event,True
2017-04-17,Monday,0.00030032606830276976,0.00030032606830276976,control,False
2017-04-18,Tuesday,0.00012828187804658775,0.00012828187804658775,control,False
2017-04-19,Wednesday,-4.2623929073837274e-05,4.2623929073837274e-05,control,False
2017-04-20,Thursday,0.00021358393848780466,0.00021358393848780466,event,True
2017-04-21,Friday,0.00025479870901978785,0.00025479870901978785,control,False
2017-04-24,Monday,-4.2112355765233644e-05,4.2112355765233644e-05,control,False
2017-04-25,Tuesday,-0.00033636057854025125,0.00033636057854025125,control,False
2017-04-26,Wednesday,0.0007550969041028033,0.0007550969041028033,control,False
2017-04-27,Thursday,4.190763557110344e-05,4.190763557110344e-05,event,True
2017-04-28,Friday,-0.00029305869547024965,0.00029305869547024965,event,True
2017-05-01,Monday,-4.188832572360468e-05,4.188832572360468e-05,event,True
2017-05-02,Tuesday,-0.00016751821760607744,0.00016751821760607744,control,False
2017-05-03,Wednesday,8.391373667882007e-05,8.391373667882007e-05,control,False
2017-05-04,Thursday,0.00012548625925457024,0.00012548625925457024,event,True
2017-05-05,Friday,0.0007116543871401593,0.0007116543871401593,event,True
2017-05-08,Monday,-0.0002086288909287637,0.0002086288909287637,control,False
2017-05-09,Tuesday,-0.00012498958420137374,0.00012498958420137374,control,False
2017-05-10,Wednesday,0.0002924465240641272,0.0002924465240641272,control,False
2017-05-11,Thursday,8.363301831559866e-05,8.363301831559866e-05,event,True
2017-05-12,Friday,0.0002929483155473811,0.0002929483155473811,event,True
2017-05-15,Monday,-0.0006678911337452131,0.0006678911337452131,control,False
2017-05-16,Tuesday,0.00012484914062182995,0.00012484914062182995,control,False
2017-05-17,Wednesday,-0.00020951183741890755,0.00020951183741890755,control,False
2017-05-18,Thursday,0.0002976317020280117,0.0002976317020280117,event,True
2017-05-19,Friday,-0.0001264275780690216,0.0001264275780690216,control,False
2017-05-22,Monday,-0.00016761649346297425,0.00016761649346297425,control,False
2017-05-23,Tuesday,-0.00012502604709319076,0.00012502604709319076,control,False
2017-05-24,Wednesday,4.163197335560476e-05,4.163197335560476e-05,control,False
2017-05-25,Thursday,-8.296001327368074e-05,8.296001327368074e-05,event,True
2017-05-26,Friday,0.0005386814735008905,0.0005386814735008905,event,True
2017-05-30,Tuesday,0.0,0.0,event,True
2017-05-31,Wednesday,-0.00028924424610554667,0.00028924424610554667,control,False
2017-06-01,Thursday,0.0,0.0,event,True
2017-06-02,Friday,-0.0009845749917951618,0.0009845749917951618,event,True
2017-06-05,Monday,8.198737394438105e-05,8.198737394438105e-05,control,False
2017-06-06,Tuesday,0.0002877816148658674,0.0002877816148658674,control,False
2017-06-07,Wednesday,-4.1049218012512156e-05,4.1049218012512156e-05,control,False
2017-06-08,Thursday,-0.000164028540966199,0.000164028540966199,event,True
2017-06-09,Friday,0.0002459318768701646,0.0002459318768701646,control,False
2017-06-12,Monday,-8.226051906379261e-05,8.226051906379261e-05,control,False
2017-06-13,Tuesday,0.0,0.0,event,True
2017-06-14,Wednesday,-0.0004495851555155195,0.0004495851555155195,event,True
2017-06-15,Thursday,0.0011130807601928971,0.0011130807601928971,event,True
2017-06-16,Friday,-0.0002881488494628215,0.0002881488494628215,control,False
2017-06-19,Monday,-8.216251745940539e-05,8.216251745940539e-05,control,False
2017-06-20,Tuesday,0.00020475858962298865,0.00020475858962298865,control,False
2017-06-21,Wednesday,8.2230079763157e-05,8.2230079763157e-05,control,False
2017-06-22,Thursday,0.00016475821731609663,0.00016475821731609663,event,True
2017-06-23,Friday,-0.00012347203358442638,0.00012347203358442638,control,False
2017-06-26,Monday,0.0,0.0,control,False
2017-06-27,Tuesday,8.225713580656269e-05,8.225713580656269e-05,control,False
2017-06-28,Wednesday,-0.00045381410124178956,0.00045381410124178956,control,False
2017-06-29,Thursday,-0.00012304663467455068,0.00012304663467455068,event,True
2017-06-30,Friday,0.0002891247779934769,0.0002891247779934769,event,True
2017-07-03,Monday,8.243683277675551e-05,8.243683277675551e-05,control,False
2017-07-05,Wednesday,-8.24232433547234e-05,8.24232433547234e-05,control,False
2017-07-06,Thursday,4.136162468459936e-05,4.136162468459936e-05,event,True
2017-07-07,Friday,0.0017851953335825677,0.0017851953335825677,event,True
2017-07-10,Monday,-0.00012387991906515072,0.00012387991906515072,control,False
2017-07-11,Tuesday,8.261049153257538e-05,8.261049153257538e-05,control,False
2017-07-12,Wednesday,0.00103033300362676,0.00103033300362676,control,False
2017-07-13,Thursday,4.096010485787893e-05,4.096010485787893e-05,event,True
2017-07-14,Friday,0.00024550922705501854,0.00024550922705501854,event,True
2017-07-17,Monday,-0.0003663898387883391,0.0003663898387883391,control,False
2017-07-18,Tuesday,-8.147635148902932e-05,8.147635148902932e-05,control,False
2017-07-19,Wednesday,-0.0002032850870060665,0.0002032850870060665,control,False
2017-07-20,Thursday,0.00012124151309400588,0.00012124151309400588,event,True
2017-07-21,Friday,-4.04907478640526e-05,4.04907478640526e-05,control,False
2017-07-24,Monday,-0.0002025439520376704,0.0002025439520376704,control,False
2017-07-25,Tuesday,0.00012126111560228914,0.00012126111560228914,control,False
2017-07-26,Wednesday,-4.035186829143278e-05,4.035186829143278e-05,control,False
2017-07-27,Thursday,-0.0003631521607553312,0.0003631521607553312,event,True
2017-07-28,Friday,-0.00016223231667744642,0.00016223231667744642,event,True
2017-07-31,Monday,4.0431811749508384e-05,4.0431811749508384e-05,control,False
2017-08-01,Tuesday,8.087997411854175e-05,8.087997411854175e-05,event,True
2017-08-02,Wednesday,0.0,0.0,control,False
2017-08-03,Thursday,-0.0002830112395891815,0.0002830112395891815,event,True
2017-08-04,Friday,0.0005252525252525952,0.0005252525252525952,event,True
2017-08-07,Monday,0.0,0.0,control,False
2017-08-08,Tuesday,-0.00012119253453990453,0.00012119253453990453,control,False
2017-08-09,Wednesday,0.0004873096446700309,0.0004873096446700309,control,False
2017-08-10,Thursday,-0.0005677210056771465,0.0005677210056771465,event,True
2017-08-11,Friday,0.0015589104036757284,0.0015589104036757284,event,True
2017-08-14,Monday,-4.072656186360213e-05,4.072656186360213e-05,control,False
2017-08-15,Tuesday,0.0004048255202007134,0.0004048255202007134,control,False
2017-08-16,Wednesday,0.00040487469128303033,0.00040487469128303033,control,False
2017-08-17,Thursday,0.0003248994842222075,0.0003248994842222075,event,True
2017-08-18,Friday,0.0002464065708418506,0.0002464065708418506,control,False
2017-08-21,Monday,0.0001235381321034179,0.0001235381321034179,control,False
2017-08-22,Tuesday,0.00020511978995729763,0.00020511978995729763,control,False
2017-08-23,Wednesday,-0.0002452583387834162,0.0002452583387834162,control,False
2017-08-24,Thursday,4.082799167104412e-05,4.082799167104412e-05,event,True
2017-08-25,Friday,-0.0002449179524859346,0.0002449179524859346,control,False
2017-08-28,Monday,8.166932091957513e-05,8.166932091957513e-05,control,False
2017-08-29,Tuesday,0.00012327922745014597,0.00012327922745014597,control,False
2017-08-30,Wednesday,-8.161599673539577e-05,8.161599673539577e-05,event,True
2017-08-31,Thursday,0.00012172854534386879,0.00012172854534386879,event,True
2017-09-01,Friday,0.000604960677555999,0.000604960677555999,event,True
2017-09-05,Tuesday,0.0001617926627028865,0.0001617926627028865,control,False
2017-09-06,Wednesday,-0.00024314138671643892,0.00024314138671643892,control,False
2017-09-07,Thursday,0.00012145748987846261,0.00012145748987846261,event,True
2017-09-08,Friday,0.00020283975659229903,0.00020283975659229903,control,False
2017-09-11,Monday,4.034535624941604e-05,4.034535624941604e-05,control,False
2017-09-12,Tuesday,4.006089255659262e-05,4.006089255659262e-05,control,False
2017-09-13,Wednesday,-8.008328661812669e-05,8.008328661812669e-05,event,True
2017-09-14,Thursday,-8.011215701986263e-05,8.011215701986263e-05,event,True
2017-09-15,Friday,-4.021393815090146e-05,4.021393815090146e-05,control,False
2017-09-18,Monday,4.006249749610724e-05,4.006249749610724e-05,control,False
2017-09-19,Tuesday,-8.001280204839034e-05,8.001280204839034e-05,control,False
2017-09-20,Wednesday,0.0,0.0,control,False
2017-09-21,Thursday,-4.001280409726693e-05,4.001280409726693e-05,event,True
2017-09-22,Friday,0.0001605716350205899,0.0001605716350205899,control,False
2017-09-25,Monday,-0.0005213137105505306,0.0005213137105505306,control,False
2017-09-26,Tuesday,0.00036121367795804993,0.00036121367795804993,control,False
2017-09-27,Wednesday,-0.00012020193925799116,0.00012020193925799116,control,False
2017-09-28,Thursday,0.00020035262061224302,0.00020035262061224302,event,True
2017-09-29,Friday,-0.00019974432726099778,0.00019974432726099778,event,True
2017-10-02,Monday,0.00019868075975537636,0.00019868075975537636,control,False
2017-10-03,Tuesday,-0.00011880247109141706,0.00011880247109141706,event,True
2017-10-04,Wednesday,-3.957888070926785e-05,3.957888070926785e-05,control,False
2017-10-05,Thursday,7.887057338895609e-05,7.887057338895609e-05,event,True
2017-10-06,Friday,-0.00035371796887284646,0.00035371796887284646,event,True
2017-10-09,Monday,-3.9261876717655575e-05,3.9261876717655575e-05,control,False
2017-10-10,Tuesday,-7.857928650012447e-05,7.857928650012447e-05,control,False
2017-10-11,Wednesday,7.862253321810897e-05,7.862253321810897e-05,control,False
2017-10-12,Thursday,-3.926650174734814e-05,3.926650174734814e-05,event,True
2017-10-13,Friday,0.00039217224204879386,0.00039217224204879386,event,True
2017-10-16,Monday,-3.918341757780386e-05,3.918341757780386e-05,control,False
2017-10-17,Tuesday,-3.9172673143128556e-05,3.9172673143128556e-05,control,False
2017-10-18,Wednesday,-7.816163826790401e-05,7.816163826790401e-05,control,False
2017-10-19,Thursday,0.0004322709946162906,0.0004322709946162906,event,True
2017-10-20,Friday,7.80152909969356e-05,7.80152909969356e-05,control,False
2017-10-23,Monday,0.0,0.0,control,False
2017-10-24,Tuesday,0.00035072678383518685,0.00035072678383518685,control,False
2017-10-25,Wednesday,-0.00019509911034787386,0.00019509911034787386,control,False
2017-10-26,Thursday,0.0003125244159700724,0.0003125244159700724,event,True
2017-10-27,Friday,-0.0002729470482726315,0.0002729470482726315,event,True
2017-10-30,Monday,0.00015555728396998703,0.00015555728396998703,event,True
2017-10-31,Tuesday,-3.888176056610071e-05,3.888176056610071e-05,control,False
2017-11-01,Wednesday,-0.00019368584156476132,0.00019368584156476132,control,False
2017-11-02,Thursday,0.00038868159203997443,0.00038868159203997443,event,True
2017-11-03,Friday,0.0007371483996119199,0.0007371483996119199,event,True
2017-11-06,Monday,-7.746833481825366e-05,7.746833481825366e-05,control,False
2017-11-07,Tuesday,0.00015455353348015066,0.00015455353348015066,control,False
2017-11-08,Wednesday,-0.00019343108050606794,0.00019343108050606794,control,False
2017-11-09,Thursday,0.00027162314229167706,0.00027162314229167706,event,True
2017-11-10,Friday,3.880631766839393e-05,3.880631766839393e-05,control,False
2017-11-13,Monday,-0.00019430303501344337,0.00019430303501344337,control,False
2017-11-14,Tuesday,-0.0004653327128897322,0.0004653327128897322,event,True
2017-11-15,Wednesday,-0.0007005526582081201,0.0007005526582081201,event,True
2017-11-16,Thursday,-0.00019424264791578771,0.00019424264791578771,event,True
2017-11-17,Friday,0.0,0.0,control,False
2017-11-20,Monday,0.00015513496742181054,0.00015513496742181054,control,False
2017-11-21,Tuesday,7.716644802835404e-05,7.716644802835404e-05,control,False
2017-11-22,Wednesday,-0.0001153535586572163,0.0001153535586572163,event,True
2017-11-24,Friday,3.8402457757547026e-05,3.8402457757547026e-05,event,True
2017-11-27,Monday,0.0001152383513234323,0.0001152383513234323,control,False
2017-11-28,Tuesday,3.836268078405425e-05,3.836268078405425e-05,control,False
2017-11-29,Wednesday,-0.00019009961219662586,0.00019009961219662586,event,True
2017-11-30,Thursday,-0.00018970292521913734,0.00018970292521913734,event,True
2017-12-01,Friday,0.0004910292728990129,0.0004910292728990129,control,False
2017-12-04,Monday,3.758833258160621e-05,3.758833258160621e-05,control,False
2017-12-05,Tuesday,-3.778861051273452e-05,3.778861051273452e-05,control,False
2017-12-06,Wednesday,0.00015225334957347236,0.00015225334957347236,control,False
2017-12-07,Thursday,-0.00037979491074824345,0.00037979491074824345,event,True
2017-12-08,Friday,0.0005284614223162176,0.0005284614223162176,event,True
2017-12-11,Monday,7.534091765259987e-05,7.534091765259987e-05,control,False
2017-12-12,Tuesday,0.0001874976562792341,0.0001874976562792341,event,True
2017-12-13,Wednesday,0.0006745868155755286,0.0006745868155755286,event,True
2017-12-14,Thursday,-3.7432154220473635e-05,3.7432154220473635e-05,event,True
2017-12-15,Friday,-3.7707390648566985e-05,3.7707390648566985e-05,control,False
2017-12-18,Monday,-0.00022375536080554426,0.00022375536080554426,control,False
2017-12-19,Tuesday,0.00011171936096543433,0.00011171936096543433,control,False
2017-12-20,Wednesday,0.00011189437171310601,0.00011189437171310601,control,False
2017-12-21,Thursday,0.00011216630524191196,0.00011216630524191196,event,True
2017-12-22,Friday,0.00014948800358771663,0.00014948800358771663,event,True
2017-12-26,Tuesday,0.0,0.0,control,False
2017-12-27,Wednesday,0.0,0.0,control,False
2017-12-28,Thursday,7.468259895437868e-05,7.468259895437868e-05,event,True
2017-12-29,Friday,-0.00014889815366281312,0.00014889815366281312,control,False
2018-01-02,Tuesday,3.7372000896818136e-05,3.7372000896818136e-05,control,False
2018-01-03,Wednesday,0.00011155319228040028,0.00011155319228040028,control,False
2018-01-04,Thursday,-0.0002581596902083705,0.0002581596902083705,event,True
2018-01-05,Friday,0.0,0.0,event,True
2018-01-08,Monday,0.00029301882645982325,0.00029301882645982325,control,False
2018-01-09,Tuesday,7.29128691212555e-05,7.29128691212555e-05,control,False
2018-01-10,Wednesday,-0.0001827552176613123,0.0001827552176613123,control,False
2018-01-11,Thursday,-0.00018193064803695425,0.00018193064803695425,event,True
2018-01-12,Friday,-0.001372881968279227,0.001372881968279227,event,True
2018-01-16,Tuesday,-0.00028634834275886867,0.00028634834275886867,control,False
2018-01-17,Wednesday,0.00017969451931709735,0.00017969451931709735,control,False
2018-01-18,Thursday,-0.00039353176874623585,0.00039353176874623585,event,True
2018-01-19,Friday,0.00010748450431719014,0.00010748450431719014,control,False
2018-01-22,Monday,-0.0005706134094149995,0.0005706134094149995,control,False
2018-01-23,Tuesday,0.00014159292035409443,0.00014159292035409443,control,False
2018-01-24,Wednesday,0.00045795610666843345,0.00045795610666843345,control,False
2018-01-25,Thursday,0.00014075090608400842,0.00014075090608400842,event,True
2018-01-26,Friday,7.038040609486096e-05,7.038040609486096e-05,event,True
2018-01-29,Monday,0.0003495403544340192,0.0003495403544340192,event,True
2018-01-30,Tuesday,3.5304501323940585e-05,3.5304501323940585e-05,control,False
2018-01-31,Wednesday,-0.0003180212014133321,0.0003180212014133321,control,False
2018-02-01,Thursday,-0.0009235578289286117,0.0009235578289286117,event,True
2018-02-02,Friday,-0.0018558172733761369,0.0018558172733761369,event,True
2018-02-05,Monday,0.0008388037928519498,0.0008388037928519498,control,False
2018-02-06,Tuesday,0.0006203955021326646,0.0006203955021326646,control,False
2018-02-07,Wednesday,-0.0003358584916223206,0.0003358584916223206,control,False
2018-02-08,Thursday,3.731064845902132e-05,3.731064845902132e-05,event,True
2018-02-09,Friday,-0.0005012724608621788,0.0005012724608621788,control,False
2018-02-12,Monday,0.0003776577665317582,0.0003776577665317582,control,False
2018-02-13,Tuesday,-0.0006429408872584697,0.0006429408872584697,control,False
2018-02-14,Wednesday,-0.015557217651458344,0.015557217651458344,event,True
2018-02-15,Thursday,0.0007393168712110931,0.0007393168712110931,event,True
2018-02-16,Friday,0.0008414736765083308,0.0008414736765083308,control,False
2018-02-20,Tuesday,0.000809567617295448,0.000809567617295448,control,False
2018-02-21,Wednesday,0.0005892317890550114,0.0005892317890550114,control,False
2018-02-22,Thursday,0.0008505917159764564,0.0008505917159764564,event,True
2018-02-23,Friday,-0.000257248906692098,0.000257248906692098,control,False
2018-02-26,Monday,0.0005803620007980292,0.0005803620007980292,control,False
2018-02-27,Tuesday,-0.0009353863865304568,0.0009353863865304568,control,False
2018-02-28,Wednesday,0.001091266232585042,0.001091266232585042,event,True
2018-03-01,Thursday,7.382798080479702e-05,7.382798080479702e-05,event,True
2018-03-02,Friday,0.000677149951094691,0.000677149951094691,control,False
2018-03-05,Monday,0.0005220374375418668,0.0005220374375418668,control,False
2018-03-06,Tuesday,0.00021978021978030782,0.00021978021978030782,control,False
2018-03-07,Wednesday,-0.0005903405527062366,0.0005903405527062366,control,False
2018-03-08,Thursday,-0.00025611005414893917,0.00025611005414893917,event,True
2018-03-09,Friday,0.007160340481496386,0.007160340481496386,event,True
2018-03-12,Monday,-3.582175096739082e-05,3.582175096739082e-05,control,False
2018-03-13,Tuesday,0.0035490231224233337,0.0035490231224233337,event,True
2018-03-14,Wednesday,0.0008645221713916573,0.0008645221713916573,event,True
2018-03-15,Thursday,0.0007626656982022695,0.0007626656982022695,event,True
2018-03-16,Friday,3.642058491459821e-05,3.642058491459821e-05,control,False
2018-03-19,Monday,-0.00018295583446159558,0.00018295583446159558,control,False
2018-03-20,Tuesday,-0.0004788566376896508,0.0004788566376896508,control,False
2018-03-21,Wednesday,-0.0004797402022289621,0.0004797402022289621,control,False
2018-03-22,Thursday,-0.0008924919117920815,0.0008924919117920815,event,True
2018-03-23,Friday,0.0013261091956198179,0.0013261091956198179,control,False
2018-03-26,Monday,-0.000457282219343047,0.000457282219343047,control,False
2018-03-27,Tuesday,-0.00026295030239287254,0.00026295030239287254,control,False
2018-03-28,Wednesday,-0.0011083932120469209,0.0011083932120469209,event,True
2018-03-29,Thursday,0.00015328607012854434,0.00015328607012854434,event,True
2018-04-02,Monday,0.0,0.0,control,False
2018-04-03,Tuesday,-0.0004636068613813604,0.0004636068613813604,control,False
2018-04-04,Wednesday,-0.0010512790561849616,0.0010512790561849616,control,False
2018-04-05,Thursday,-0.0001506875117722739,0.0001506875117722739,event,True
2018-04-06,Friday,-0.0006074180934665385,0.0006074180934665385,event,True
2018-04-09,Monday,0.0004209720627632585,0.0004209720627632585,control,False
2018-04-10,Tuesday,0.0002650210123802399,0.0002650210123802399,event,True
2018-04-11,Wednesday,-0.00011414222120753603,0.00011414222120753603,event,True
2018-04-12,Thursday,0.0007169270243754244,0.0007169270243754244,event,True
2018-04-13,Friday,0.0005613772455090871,0.0005613772455090871,control,False
2018-04-16,Monday,0.000412417516496566,0.000412417516496566,control,False
2018-04-17,Tuesday,0.0002228495023028909,0.0002228495023028909,control,False
2018-04-18,Wednesday,-0.00011065210976701767,0.00011065210976701767,control,False
2018-04-19,Thursday,0.00014825796886563936,0.00014825796886563936,event,True
2018-04-20,Friday,-0.0005951273944579949,0.0005951273944579949,control,False
2018-04-23,Monday,0.00022448368751870618,0.00022448368751870618,control,False
2018-04-24,Tuesday,-0.0002982070302306461,0.0002982070302306461,control,False
2018-04-25,Wednesday,0.0005331099348844237,0.0005331099348844237,control,False
2018-04-26,Thursday,0.00015099467743739936,0.00015099467743739936,event,True
2018-04-27,Friday,0.00033733133433266893,0.00033733133433266893,event,True
2018-04-30,Monday,-0.00018686698807790503,0.00018686698807790503,event,True
2018-05-01,Tuesday,0.0001891574925283468,0.0001891574925283468,control,False
2018-05-02,Wednesday,-0.0003018412315123342,0.0003018412315123342,control,False
2018-05-03,Thursday,0.0009925937237535987,0.0009925937237535987,event,True
2018-05-04,Friday,0.0011443393347572162,0.0011443393347572162,event,True
2018-05-07,Monday,-3.747002398080124e-05,3.747002398080124e-05,control,False
2018-05-08,Tuesday,0.00022530980097634767,0.00022530980097634767,control,False
2018-05-09,Wednesday,0.0,0.0,event,True
2018-05-10,Thursday,0.0008149657343954342,0.0008149657343954342,event,True
2018-05-11,Friday,7.348348458680043e-05,7.348348458680043e-05,control,False
2018-05-14,Monday,-0.00010976948408358833,0.00010976948408358833,control,False
2018-05-15,Tuesday,-0.0004405609809824407,0.0004405609809824407,control,False
2018-05-16,Wednesday,-3.6919441777971684e-05,3.6919441777971684e-05,control,False
2018-05-17,Thursday,-0.000515046722095458,0.000515046722095458,event,True
2018-05-18,Friday,-0.0005884516366310155,0.0005884516366310155,control,False
2018-05-21,Monday,-0.00021984464311886054,0.00021984464311886054,control,False
2018-05-22,Tuesday,-0.00036504344016941026,0.00036504344016941026,control,False
2018-05-23,Wednesday,-3.689764593017841e-05,3.689764593017841e-05,control,False
2018-05-24,Thursday,0.00029331964508316766,0.00029331964508316766,event,True
2018-05-25,Friday,0.0004774672200389407,0.0004774672200389407,control,False
2018-05-29,Tuesday,-0.0004064740226147334,0.0004064740226147334,control,False
2018-05-30,Wednesday,-0.001403923597000034,0.001403923597000034,event,True
2018-05-31,Thursday,-0.0007697665041603852,0.0007697665041603852,event,True
2018-06-01,Friday,-0.0012494946896476344,0.0012494946896476344,event,True
2018-06-04,Monday,0.00010923390620454221,0.00010923390620454221,control,False
2018-06-05,Tuesday,-0.00010916236081792707,0.00010916236081792707,control,False
2018-06-06,Wednesday,0.00010871140745050134,0.00010871140745050134,control,False
2018-06-07,Thursday,-0.00017999856001138514,0.00017999856001138514,event,True
2018-06-08,Friday,0.00018056408219258024,0.00018056408219258024,control,False
2018-06-11,Monday,0.00010785935140589231,0.00010785935140589231,control,False
2018-06-12,Tuesday,0.00035892466171327797,0.00035892466171327797,event,True
2018-06-13,Wednesday,-0.00010747680292322315,0.00010747680292322315,event,True
2018-06-14,Thursday,0.0005744856558114186,0.0005744856558114186,event,True
2018-06-15,Friday,-0.0008684639044690412,0.0008684639044690412,control,False
2018-06-18,Monday,-0.00021778584392018185,0.00021778584392018185,control,False
2018-06-19,Tuesday,0.0002191620703511088,0.0002191620703511088,control,False
2018-06-20,Wednesday,-0.00014478589785338336,0.00014478589785338336,control,False
2018-06-21,Thursday,-0.0007971881001559433,0.0007971881001559433,event,True
2018-06-22,Friday,-0.00010885341074029498,0.00010885341074029498,control,False
2018-06-25,Monday,-0.00014614541468749298,0.00014614541468749298,control,False
2018-06-26,Tuesday,0.0004792450047923502,0.0004792450047923502,control,False
2018-06-27,Wednesday,0.0017665243633149252,0.0017665243633149252,control,False
2018-06-28,Thursday,0.0007443245254930009,0.0007443245254930009,event,True
2018-06-29,Friday,-0.00014698857163863988,0.00014698857163863988,event,True
2018-07-02,Monday,-0.00011116463482430117,0.00011116463482430117,control,False
2018-07-03,Tuesday,0.0002197238803236523,0.0002197238803236523,control,False
2018-07-05,Thursday,-0.0002934487565108279,0.0002934487565108279,event,True
2018-07-06,Friday,0.00337453691816747,0.00337453691816747,event,True
2018-07-09,Monday,-0.00014462884622346017,0.00014462884622346017,control,False
2018-07-10,Tuesday,0.0003236245954691963,0.0003236245954691963,control,False
2018-07-11,Wednesday,0.0004325259515571833,0.0004325259515571833,event,True
2018-07-12,Thursday,0.0007190364911020541,0.0007190364911020541,event,True
2018-07-13,Friday,0.00017912800487240865,0.00017912800487240865,control,False
2018-07-16,Monday,0.0,0.0,control,False
2018-07-17,Tuesday,0.0,0.0,control,False
2018-07-18,Wednesday,0.00014275517487516431,0.00014275517487516431,control,False
2018-07-19,Thursday,0.0004641862458043544,0.0004641862458043544,event,True
2018-07-20,Friday,-0.00010733836631016125,0.00010733836631016125,control,False
2018-07-23,Monday,-0.0003575898444483361,0.0003575898444483361,control,False
2018-07-24,Tuesday,-0.0007805570338833556,0.0007805570338833556,control,False
2018-07-25,Wednesday,0.0,0.0,control,False
2018-07-26,Thursday,0.00017661603673602144,0.00017661603673602144,event,True
2018-07-27,Friday,-0.0007404273323460275,0.0007404273323460275,event,True
2018-07-30,Monday,0.0001422070534700115,0.0001422070534700115,control,False
2018-07-31,Tuesday,0.00010695187165765674,0.00010695187165765674,event,True
2018-08-01,Wednesday,-0.0001422019979381295,0.0001422019979381295,control,False
2018-08-02,Thursday,-0.000286368843069984,0.000286368843069984,event,True
2018-08-03,Friday,-0.0009549071618036864,0.0009549071618036864,event,True
2018-08-06,Monday,0.00010578279266559854,0.00010578279266559854,control,False
2018-08-07,Tuesday,0.0001051819647990282,0.0001051819647990282,control,False
2018-08-08,Wednesday,0.0,0.0,control,False
2018-08-09,Thursday,0.0,0.0,event,True
2018-08-10,Friday,0.00028191845508707125,0.00028191845508707125,event,True
2018-08-13,Monday,-0.0002468526289804984,0.0002468526289804984,control,False
2018-08-14,Tuesday,0.0001766285149074065,0.0001766285149074065,control,False
2018-08-15,Wednesday,-0.000637077935867536,0.000637077935867536,control,False
2018-08-16,Thursday,-0.000141138280230102,0.000141138280230102,event,True
2018-08-17,Friday,7.049948887871693e-05,7.049948887871693e-05,control,False
2018-08-20,Monday,-3.502013657852299e-05,3.502013657852299e-05,control,False
2018-08-21,Tuesday,-6.988120195661196e-05,6.988120195661196e-05,control,False
2018-08-22,Wednesday,-0.00021027546085372606,0.00021027546085372606,control,False
2018-08-23,Thursday,-0.00024462694391047535,0.00024462694391047535,event,True
2018-08-24,Friday,0.00020960698689953539,0.00020960698689953539,control,False
2018-08-27,Monday,-3.463443355378182e-05,3.463443355378182e-05,control,False
2018-08-28,Tuesday,-3.445068384599903e-05,3.445068384599903e-05,control,False
2018-08-29,Wednesday,-6.898692697743236e-05,6.898692697743236e-05,event,True
2018-08-30,Thursday,0.0001374098248023703,0.0001374098248023703,event,True
2018-08-31,Friday,6.901073116871714e-05,6.901073116871714e-05,control,False
2018-09-04,Tuesday,-0.00041400724512685727,0.00041400724512685727,control,False
2018-09-05,Wednesday,6.918500069197364e-05,6.918500069197364e-05,control,False
2018-09-06,Thursday,-0.0003111817993224353,0.0003111817993224353,event,True
2018-09-07,Friday,-0.0015991100604881847,0.0015991100604881847,event,True
2018-09-10,Monday,-0.0002424242424242662,0.0002424242424242662,control,False
2018-09-11,Tuesday,-0.0005564443207902725,0.0005564443207902725,control,False
2018-09-12,Wednesday,6.91682517726111e-05,6.91682517726111e-05,event,True
2018-09-13,Thursday,0.0005171878771161875,0.0005171878771161875,event,True
2018-09-14,Friday,-0.0001716856093122443,0.0001716856093122443,control,False
2018-09-17,Monday,-0.00013761310076720878,0.00013761310076720878,control,False
2018-09-18,Tuesday,0.00024150422632396307,0.00024150422632396307,event,True
2018-09-19,Wednesday,-0.00010323823944380361,0.00010323823944380361,control,False
2018-09-20,Thursday,0.00037629994526544586,0.00037629994526544586,event,True
2018-09-21,Friday,0.00041027043659602747,0.00041027043659602747,control,False
2018-09-24,Monday,0.00013725422914601104,0.00013725422914601104,control,False
2018-09-25,Tuesday,-0.0001713796058269157,0.0001713796058269157,control,False
2018-09-26,Wednesday,-3.4345377112443565e-05,3.4345377112443565e-05,control,False
2018-09-27,Thursday,-0.00031025923883054585,0.00031025923883054585,event,True
2018-09-28,Friday,0.00013799765403965658,0.00013799765403965658,event,True
2018-10-01,Monday,-0.0003081347576006088,0.0003081347576006088,control,False
2018-10-02,Tuesday,-3.4312379906586976e-05,3.4312379906586976e-05,control,False
2018-10-03,Wednesday,0.00013673811233050337,0.00013673811233050337,control,False
2018-10-04,Thursday,-6.877815605776938e-05,6.877815605776938e-05,event,True
2018-10-05,Friday,0.0008291301043321653,0.0008291301043321653,event,True
2018-10-08,Monday,-0.00010430066404742977,0.00010430066404742977,control,False
2018-10-09,Tuesday,0.00017425852995511804,0.00017425852995511804,control,False
2018-10-10,Wednesday,-0.0011853298005856105,0.0011853298005856105,event,True
2018-10-11,Thursday,0.002605203169663728,0.002605203169663728,event,True
2018-10-12,Friday,-0.0010117434507677103,0.0010117434507677103,control,False
2018-10-15,Monday,-0.0008697542944118286,0.0008697542944118286,control,False
2018-10-16,Tuesday,0.0,0.0,control,False
2018-10-17,Wednesday,-0.0003216583273768503,0.0003216583273768503,control,False
2018-10-18,Thursday,-0.00028583678719440453,0.00028583678719440453,event,True
2018-10-19,Friday,-0.00010807695078884905,0.00010807695078884905,control,False
2018-10-22,Monday,-0.0002885690581828637,0.0002885690581828637,control,False
2018-10-23,Tuesday,0.0012547523885146905,0.0012547523885146905,control,False
2018-10-24,Wednesday,3.655237955979551e-05,3.655237955979551e-05,control,False
2018-10-25,Thursday,0.00044811232682318014,0.00044811232682318014,event,True
2018-10-26,Friday,0.0018108424189837713,0.0018108424189837713,event,True
2018-10-29,Monday,0.0001486104919006248,0.0001486104919006248,event,True
2018-10-30,Tuesday,0.00011313497001919082,0.00011313497001919082,control,False
2018-10-31,Wednesday,0.0004804849201656136,0.0004804849201656136,control,False
2018-11-01,Thursday,-0.000404903007325097,0.000404903007325097,event,True
2018-11-02,Friday,-0.0016709044678533402,0.0016709044678533402,event,True
2018-11-05,Monday,-0.00011033873993149257,0.00011033873993149257,control,False
2018-11-06,Tuesday,0.0002931369315890553,0.0002931369315890553,control,False
2018-11-07,Wednesday,0.00025226134275113665,0.00025226134275113665,control,False
2018-11-08,Thursday,-0.00024965227005235846,0.00024965227005235846,event,True
2018-11-09,Friday,-0.0006801746975012568,0.0006801746975012568,event,True
2018-11-12,Monday,0.00043347903045187763,0.00043347903045187763,control,False
2018-11-13,Tuesday,-0.0006576303386796045,0.0006576303386796045,control,False
2018-11-14,Wednesday,0.0023809523809523725,0.0023809523809523725,event,True
2018-11-15,Thursday,-0.001037498147324678,0.001037498147324678,event,True
2018-11-16,Friday,-0.0009958322575885914,0.0009958322575885914,control,False
2018-11-19,Monday,-0.00014619348708022617,0.00014619348708022617,control,False
2018-11-20,Tuesday,-7.506380423349945e-05,7.506380423349945e-05,control,False
2018-11-21,Wednesday,-0.0007510608734839774,0.0007510608734839774,event,True
2018-11-23,Friday,-0.0014800197335963494,0.0014800197335963494,event,True
2018-11-26,Monday,-0.0003009102535170838,0.0003009102535170838,control,False
2018-11-27,Tuesday,0.00018810428501558896,0.00018810428501558896,control,False
2018-11-28,Wednesday,7.414272474504102e-05,7.414272474504102e-05,event,True
2018-11-29,Thursday,-0.0001096210764790495,0.0001096210764790495,event,True
2018-11-30,Friday,0.0003650967506390046,0.0003650967506390046,control,False
2018-12-03,Monday,-0.00046423597471700884,0.00046423597471700884,control,False
2018-12-04,Tuesday,-0.0004666690598412737,0.0004666690598412737,control,False
2018-12-06,Thursday,-0.0005617977528089568,0.0005617977528089568,event,True
2018-12-07,Friday,-3.719684570746562e-05,3.719684570746562e-05,event,True
2018-12-10,Monday,-0.00018914318138840702,0.00018914318138840702,control,False
2018-12-11,Tuesday,0.0010486498633011099,0.0010486498633011099,event,True
2018-12-12,Wednesday,-0.0005249147013609567,0.0005249147013609567,event,True
2018-12-13,Thursday,-0.0005630841998572889,0.0005630841998572889,event,True
2018-12-14,Friday,3.807058286064979e-05,3.807058286064979e-05,control,False
2018-12-17,Monday,-0.0007312192118226202,0.0007312192118226202,control,False
2018-12-18,Tuesday,-0.0006213592233010878,0.0006213592233010878,control,False
2018-12-19,Wednesday,-0.0003910527139058262,0.0003910527139058262,control,False
2018-12-20,Thursday,-0.0013126491646778815,0.0013126491646778815,event,True
2018-12-21,Friday,0.001658576051779992,0.001658576051779992,event,True
2018-12-24,Monday,-0.0020020855057351072,0.0020020855057351072,control,False
2018-12-26,Wednesday,-0.0016572472697914398,0.0016572472697914398,control,False
2018-12-27,Thursday,-0.0015614727153189234,0.0015614727153189234,event,True
2018-12-28,Friday,0.0007620463248803055,0.0007620463248803055,control,False
2018-12-31,Monday,-0.0007609130957147991,0.0007609130957147991,control,False
2019-01-02,Wednesday,-0.00032575942666346336,0.00032575942666346336,control,False
2019-01-03,Thursday,0.0003230756804781798,0.0003230756804781798,event,True
2019-01-04,Friday,-0.0028286256920030395,0.0028286256920030395,event,True
2019-01-07,Monday,-0.0002774364868614043,0.0002774364868614043,control,False
2019-01-08,Tuesday,-0.00011716919231385958,0.00011716919231385958,control,False
2019-01-09,Wednesday,0.00031055900621113075,0.00031055900621113075,control,False
2019-01-10,Thursday,3.897723729329172e-05,3.897723729329172e-05,event,True
2019-01-11,Friday,0.0004264392324093702,0.0004264392324093702,event,True
2019-01-14,Monday,0.0006623032569736953,0.0006623032569736953,control,False
2019-01-15,Tuesday,-7.763673770444512e-05,7.763673770444512e-05,event,True
2019-01-16,Wednesday,0.0,0.0,control,False
2019-01-17,Thursday,0.001808735809120554,0.001808735809120554,event,True
2019-01-18,Friday,0.00015149219815158155,0.00015149219815158155,control,False
2019-01-22,Tuesday,-0.00011324173335358623,0.00011324173335358623,control,False
2019-01-23,Wednesday,-0.0003412710450478862,0.0003412710450478862,control,False
2019-01-24,Thursday,-0.002425988400742929,0.002425988400742929,event,True
2019-01-25,Friday,0.00026417088082109075,0.00026417088082109075,control,False
2019-01-28,Monday,0.0,0.0,control,False
2019-01-29,Tuesday,0.00011359333585758691,0.00011359333585758691,control,False
2019-01-30,Wednesday,0.00018900733348425902,0.00018900733348425902,control,False
2019-01-31,Thursday,0.0002614379084966423,0.0002614379084966423,event,True
2019-02-01,Friday,0.0020771513353115,0.0020771513353115,event,True
2019-02-04,Monday,-0.00011109876680359676,0.00011109876680359676,control,False
2019-02-05,Tuesday,0.00018362100624313982,0.00018362100624313982,control,False
2019-02-06,Wednesday,0.0004765745289245782,0.0004765745289245782,control,False
2019-02-07,Thursday,0.00029522473983312203,0.00029522473983312203,event,True
2019-02-08,Friday,-0.0004461795872838792,0.0004461795872838792,control,False
2019-02-11,Monday,-0.0003684734146429669,0.0003684734146429669,event,True
2019-02-12,Tuesday,-0.00014679976512044224,0.00014679976512044224,event,True
2019-02-13,Wednesday,-0.00018192402852557077,0.00018192402852557077,event,True
2019-02-14,Thursday,-0.0013055777181403272,0.0013055777181403272,event,True
2019-02-15,Friday,0.00014547041495416302,0.00014547041495416302,control,False
2019-02-19,Tuesday,-0.000325121017267449,0.000325121017267449,control,False
2019-02-20,Wednesday,-3.6036036035969055e-05,3.6036036035969055e-05,control,False
2019-02-21,Thursday,-0.0010783996549121877,0.0010783996549121877,event,True
2019-02-22,Friday,-0.0003951291353856412,0.0003951291353856412,control,False
2019-02-25,Monday,0.000285296530080803,0.000285296530080803,control,False
2019-02-26,Tuesday,-0.0003940957294353842,0.0003940957294353842,control,False
2019-02-27,Wednesday,3.590148632159895e-05,3.590148632159895e-05,control,False
2019-02-28,Thursday,0.00035844863431067076,0.00035844863431067076,event,True
2019-03-01,Friday,0.00046423597471711986,0.00046423597471711986,event,True
2019-03-04,Monday,7.104795737111758e-05,7.104795737111758e-05,control,False
2019-03-05,Tuesday,7.153587524166838e-05,7.153587524166838e-05,control,False
2019-03-06,Wednesday,0.001471749587192317,0.001471749587192317,control,False
2019-03-07,Thursday,0.0,0.0,event,True
2019-03-08,Friday,-0.001679506371170869,0.001679506371170869,event,True
2019-03-11,Monday,0.0004724352218627992,0.0004724352218627992,control,False
2019-03-12,Tuesday,0.001542933008001679,0.001542933008001679,event,True
2019-03-13,Wednesday,-0.00014270933675841757,0.00014270933675841757,event,True
2019-03-14,Thursday,3.5486160397502076e-05,3.5486160397502076e-05,event,True
2019-03-15,Friday,7.115411982372422e-05,7.115411982372422e-05,control,False
2019-03-18,Monday,-0.00028392958546274993,0.00028392958546274993,control,False
2019-03-19,Tuesday,0.0002116327466403778,0.0002116327466403778,control,False
2019-03-20,Wednesday,-0.00014169825356913357,0.00014169825356913357,control,False
2019-03-21,Thursday,0.000249848306385303,0.000249848306385303,event,True
2019-03-22,Friday,0.0001765474382966481,0.0001765474382966481,control,False
2019-03-25,Monday,0.00025045618805674685,0.00025045618805674685,control,False
2019-03-26,Tuesday,-0.00053414998931689,0.00053414998931689,control,False
2019-03-27,Wednesday,0.0011041852181656875,0.0011041852181656875,control,False
2019-03-28,Thursday,-0.00107181136120027,0.00107181136120027,event,True
2019-03-29,Friday,0.00046100925564740436,0.00046100925564740436,event,True
2019-04-01,Monday,-7.030371203609054e-05,7.030371203609054e-05,control,False
2019-04-02,Tuesday,-0.0001398259167337823,0.0001398259167337823,control,False
2019-04-03,Wednesday,0.00045263047944010815,0.00045263047944010815,control,False
2019-04-04,Thursday,0.00034873583260686125,0.00034873583260686125,event,True
2019-04-05,Friday,0.001773481239350394,0.001773481239350394,event,True
2019-04-08,Monday,-3.470053438814347e-05,3.470053438814347e-05,control,False
2019-04-09,Tuesday,-0.00010410160316476347,0.00010410160316476347,control,False
2019-04-10,Wednesday,0.00017340236994844993,0.00017340236994844993,event,True
2019-04-11,Thursday,0.00024244103487691682,0.00024244103487691682,event,True
2019-04-12,Friday,-0.0003447562573261065,0.0003447562573261065,control,False
2019-04-15,Monday,-0.000379009750887227,0.000379009750887227,control,False
2019-04-16,Tuesday,-0.00034360718826220715,0.00034360718826220715,control,False
2019-04-17,Wednesday,0.0002749896878866398,0.0002749896878866398,control,False
2019-04-18,Thursday,0.000310837880776349,0.000310837880776349,event,True
2019-04-22,Monday,-6.91491200776051e-05,6.91491200776051e-05,control,False
2019-04-23,Tuesday,-0.00024072354620174874,0.00024072354620174874,control,False
2019-04-24,Wednesday,-0.00010237859604811383,0.00010237859604811383,control,False
2019-04-25,Thursday,-0.00034168175761106756,0.00034168175761106756,event,True
2019-04-26,Friday,0.0018845942982457231,0.0018845942982457231,event,True
2019-04-29,Monday,0.00010223555070898449,0.00010223555070898449,event,True
2019-04-30,Tuesday,0.0002043457530140902,0.0002043457530140902,control,False
2019-05-01,Wednesday,6.776445076916993e-05,6.776445076916993e-05,control,False
2019-05-02,Thursday,-0.00044538851582842653,0.00044538851582842653,event,True
2019-05-03,Friday,0.00030800821355247976,0.00030800821355247976,event,True
2019-05-06,Monday,0.00010312478443808004,0.00010312478443808004,control,False
2019-05-07,Tuesday,0.00024061597690083758,0.00024061597690083758,control,False
2019-05-08,Wednesday,-0.0005916336047886439,0.0005916336047886439,control,False
2019-05-09,Thursday,-0.0002096729102599726,0.0002096729102599726,event,True
2019-05-10,Friday,-0.0002105632567117599,0.0002105632567117599,event,True
2019-05-13,Monday,-0.00038866511200608134,0.00038866511200608134,control,False
2019-05-14,Tuesday,-0.001310383907069057,0.001310383907069057,control,False
2019-05-15,Wednesday,-0.0012394645513139624,0.0012394645513139624,control,False
2019-05-16,Thursday,0.0008735150244583156,0.0008735150244583156,event,True
2019-05-17,Friday,0.000666175800287494,0.000666175800287494,control,False
2019-05-20,Monday,-0.0009863717998380706,0.0009863717998380706,control,False
2019-05-21,Tuesday,0.0,0.0,control,False
2019-05-22,Wednesday,0.0007016805248571956,0.0007016805248571956,control,False
2019-05-23,Thursday,0.0004592341387592569,0.0004592341387592569,event,True
2019-05-24,Friday,-0.00035292041644618966,0.00035292041644618966,control,False
2019-05-28,Tuesday,-0.0003533356865513815,0.0003533356865513815,control,False
2019-05-29,Wednesday,0.00021536252692033742,0.00021536252692033742,control,False
2019-05-30,Thursday,0.0002508421128073479,0.0002508421128073479,event,True
2019-05-31,Friday,0.0010503619382749019,0.0010503619382749019,event,True
2019-06-03,Monday,7.281465030750667e-05,7.281465030750667e-05,control,False
2019-06-04,Tuesday,-7.220998664125844e-05,7.220998664125844e-05,control,False
2019-06-05,Wednesday,-0.000603993462658825,0.000603993462658825,control,False
2019-06-06,Thursday,-0.00014097413124702918,0.00014097413124702918,event,True
2019-06-07,Friday,-0.0013306719893546592,0.0013306719893546592,event,True
2019-06-10,Monday,0.00017296848514214425,0.00017296848514214425,control,False
2019-06-11,Tuesday,0.0006879944960440643,0.0006879944960440643,event,True
2019-06-12,Wednesday,0.0006243063263040582,0.0006243063263040582,event,True
2019-06-13,Thursday,0.00017289073305670755,0.00017289073305670755,event,True
2019-06-14,Friday,-0.0003458412588620563,0.0003458412588620563,control,False
2019-06-17,Monday,-0.0005175804837651565,0.0005175804837651565,control,False
2019-06-18,Tuesday,-0.0005146680391147074,0.0005146680391147074,control,False
2019-06-19,Wednesday,6.834335702587957e-05,6.834335702587957e-05,control,False
2019-06-20,Thursday,0.0007765285796279553,0.0007765285796279553,event,True
2019-06-21,Friday,0.001225323349217211,0.001225323349217211,control,False
2019-06-24,Monday,0.00033995104704920287,0.00033995104704920287,control,False
2019-06-25,Tuesday,0.00010225645919970106,0.00010225645919970106,control,False
2019-06-26,Wednesday,-0.0006507740786408922,0.0006507740786408922,control,False
2019-06-27,Thursday,0.00020607934054606147,0.00020607934054606147,event,True
2019-06-28,Friday,0.00013674278681796714,0.00013674278681796714,event,True
2019-07-01,Monday,-0.00010112245929827512,0.00010112245929827512,control,False
2019-07-03,Wednesday,-0.00043697478991600036,0.00043697478991600036,event,True
2019-07-05,Friday,-0.00040258999563858033,0.00040258999563858033,event,True
2019-07-08,Monday,0.0,0.0,control,False
2019-07-09,Tuesday,0.00016905027555202956,0.00016905027555202956,control,False
2019-07-10,Wednesday,0.0035733549083063476,0.0035733549083063476,control,False
2019-07-11,Thursday,-0.001102020370679524,0.001102020370679524,event,True
2019-07-12,Friday,-0.0002666400026662963,0.0002666400026662963,event,True
2019-07-15,Monday,-3.320824892905083e-05,3.320824892905083e-05,control,False
2019-07-16,Tuesday,-0.0003322479898997255,0.0003322479898997255,control,False
2019-07-17,Wednesday,-0.0008335834083558202,0.0008335834083558202,control,False
2019-07-18,Thursday,0.0006721785306176287,0.0006721785306176287,event,True
2019-07-19,Friday,-0.0005006675567423846,0.0005006675567423846,control,False
2019-07-22,Monday,0.0001343318668771687,0.0001343318668771687,control,False
2019-07-23,Tuesday,0.0,0.0,control,False
2019-07-24,Wednesday,0.00023384779849022763,0.00023384779849022763,control,False
2019-07-25,Thursday,3.31268426805309e-05,3.31268426805309e-05,event,True
2019-07-26,Friday,-3.327787021623063e-05,3.327787021623063e-05,event,True
2019-07-29,Monday,0.0,0.0,control,False
2019-07-30,Tuesday,-6.66289102843054e-05,6.66289102843054e-05,event,True
2019-07-31,Wednesday,0.0002324577425032448,0.0002324577425032448,control,False
2019-08-01,Thursday,0.00023521505376344898,0.00023521505376344898,event,True
2019-08-02,Friday,-0.003029065414199117,0.003029065414199117,event,True
2019-08-05,Monday,-0.0007274994803576629,0.0007274994803576629,control,False
2019-08-06,Tuesday,0.001298200063155619,0.001298200063155619,control,False
2019-08-07,Wednesday,-0.001571448526330399,0.001571448526330399,control,False
2019-08-08,Thursday,0.00100512962706234,0.00100512962706234,event,True
2019-08-09,Friday,-0.0008556369361352179,0.0008556369361352179,event,True
2019-08-12,Monday,0.0005172770535897264,0.0005172770535897264,control,False
2019-08-13,Tuesday,-0.0013917884481557952,0.0013917884481557952,event,True
2019-08-14,Wednesday,-0.001314424074714604,0.001314424074714604,control,False
2019-08-15,Thursday,3.509387611866366e-05,3.509387611866366e-05,event,True
2019-08-16,Friday,-0.00020882639565644734,0.00020882639565644734,control,False
2019-08-19,Monday,0.0007881840923888994,0.0007881840923888994,control,False
2019-08-20,Tuesday,0.00037591415487669977,0.00037591415487669977,control,False
2019-08-21,Wednesday,-0.00023977529629370942,0.00023977529629370942,control,False
2019-08-22,Thursday,-0.00037496591218988407,0.00037496591218988407,event,True
2019-08-23,Friday,-0.00044721180639162306,0.00044721180639162306,control,False
2019-08-26,Monday,0.00010455876202408732,0.00010455876202408732,control,False
2019-08-27,Tuesday,-0.0001382552191345754,0.0001382552191345754,control,False
2019-08-28,Wednesday,0.0009452788572628101,0.0009452788572628101,control,False
2019-08-29,Thursday,-0.00030826140567197235,0.00030826140567197235,event,True
2019-08-30,Friday,0.00013583726695398646,0.00013583726695398646,event,True
2019-09-03,Tuesday,0.0003782538427152815,0.0003782538427152815,control,False
2019-09-04,Wednesday,0.0001363558888698435,0.0001363558888698435,control,False
2019-09-05,Thursday,0.00010111905082910155,0.00010111905082910155,event,True
2019-09-06,Friday,-0.000401983116709137,0.000401983116709137,event,True
2019-09-09,Monday,-0.00020048115477122597,0.00020048115477122597,control,False
2019-09-10,Tuesday,0.0003362474781440916,0.0003362474781440916,control,False
2019-09-11,Wednesday,-0.000334963488979767,0.000334963488979767,event,True
2019-09-12,Thursday,0.00046508537638700886,0.00046508537638700886,event,True
2019-09-13,Friday,-0.0002977174991730669,0.0002977174991730669,control,False
2019-09-16,Monday,-6.666000066657407e-05,6.666000066657407e-05,control,False
2019-09-17,Tuesday,-0.0005003335557038913,0.0005003335557038913,control,False
2019-09-18,Wednesday,0.00016642258021581924,0.00016642258021581924,control,False
2019-09-19,Thursday,-0.00013286829430336766,0.00013286829430336766,event,True
2019-09-20,Friday,-3.3332222259208066e-05,3.3332222259208066e-05,control,False
2019-09-23,Monday,-0.0003694994961370712,0.0003694994961370712,control,False
2019-09-24,Tuesday,-0.0003005409737526499,0.0003005409737526499,control,False
2019-09-25,Wednesday,-0.0001351990806462977,0.0001351990806462977,control,False
2019-09-26,Thursday,0.00013413816230722908,0.00013413816230722908,event,True
2019-09-27,Friday,0.00010072860356591384,0.00010072860356591384,event,True
2019-09-30,Monday,-0.00013515339910785684,0.00013515339910785684,control,False
2019-10-01,Tuesday,0.00036958639922057834,0.00036958639922057834,control,False
2019-10-02,Wednesday,-0.0003426065506373366,0.0003426065506373366,control,False
2019-10-03,Thursday,0.0005562315313749622,0.0005562315313749622,event,True
2019-10-04,Friday,0.005698497668796376,0.005698497668796376,event,True
2019-10-07,Monday,0.00010214504596528506,0.00010214504596528506,control,False
2019-10-08,Tuesday,-0.0007894285223958297,0.0007894285223958297,event,True
2019-10-09,Wednesday,-0.0001030750730116603,0.0001030750730116603,control,False
2019-10-10,Thursday,0.0005503198734262416,0.0005503198734262416,event,True
2019-10-11,Friday,0.00047265361242398996,0.00047265361242398996,control,False
2019-10-14,Monday,-3.380662609864249e-05,3.380662609864249e-05,control,False
2019-10-15,Tuesday,3.368591255137332e-05,3.368591255137332e-05,control,False
2019-10-16,Wednesday,6.695905453812934e-05,6.695905453812934e-05,control,False
2019-10-17,Thursday,0.00020044097013438567,0.00020044097013438567,event,True
2019-10-18,Friday,0.00016696163221685545,0.00016696163221685545,control,False
2019-10-21,Monday,-0.00020048115477122597,0.00020048115477122597,control,False
2019-10-22,Tuesday,9.98136811285466e-05,9.98136811285466e-05,control,False
2019-10-23,Wednesday,-0.00013390465988227795,0.00013390465988227795,control,False
2019-10-24,Thursday,0.00026608128783345286,0.00026608128783345286,event,True
2019-10-25,Friday,-0.0007999733342222148,0.0007999733342222148,control,False
2019-10-28,Monday,0.0001983930165658787,0.0001983930165658787,control,False
2019-10-29,Tuesday,0.0,0.0,control,False
2019-10-30,Wednesday,0.00023077937491766676,0.00023077937491766676,event,True
2019-10-31,Thursday,-9.875567845141209e-05,9.875567845141209e-05,event,True
2019-11-01,Friday,0.002766069546891403,0.002766069546891403,event,True
2019-11-04,Monday,0.0012352501381529546,0.0012352501381529546,control,False
2019-11-05,Tuesday,0.00022734654108491625,0.00022734654108491625,control,False
2019-11-06,Wednesday,0.0,0.0,control,False
2019-11-07,Thursday,0.00022686025408336086,0.00022686025408336086,event,True
2019-11-08,Friday,-0.00035708488881680545,0.00035708488881680545,control,False
2019-11-11,Monday,0.0002925877763328977,0.0002925877763328977,control,False
2019-11-12,Tuesday,-0.00038873951213191926,0.00038873951213191926,control,False
2019-11-13,Wednesday,0.00029209398935470254,0.00029209398935470254,event,True
2019-11-14,Thursday,0.0002913564260278445,0.0002913564260278445,event,True
2019-11-15,Friday,3.2215456976292245e-05,3.2215456976292245e-05,control,False
2019-11-18,Monday,0.00038533170637733427,0.00038533170637733427,control,False
2019-11-19,Tuesday,3.197135366717063e-05,3.197135366717063e-05,control,False
2019-11-20,Wednesday,0.00025714377551344647,0.00025714377551344647,control,False
2019-11-21,Thursday,9.638554216850892e-05,9.638554216850892e-05,event,True
2019-11-22,Friday,0.0003217399697565959,0.0003217399697565959,control,False
2019-11-25,Monday,3.205641929793224e-05,3.205641929793224e-05,control,False
2019-11-26,Tuesday,0.000287209599183047,0.000287209599183047,control,False
2019-11-27,Wednesday,0.0003493838140007366,0.0003493838140007366,event,True
2019-11-29,Friday,6.350819255684925e-05,6.350819255684925e-05,control,False
2019-12-02,Monday,-0.0006036153381834275,0.0006036153381834275,control,False
2019-12-03,Tuesday,-0.0011310023912620704,0.0011310023912620704,control,False
2019-12-04,Wednesday,-0.00035417605769838545,0.00035417605769838545,control,False
2019-12-05,Thursday,-0.00048024588589345996,0.00048024588589345996,event,True
2019-12-06,Friday,0.003487888387571747,0.003487888387571747,event,True
2019-12-09,Monday,-3.1790437436396424e-05,3.1790437436396424e-05,control,False
2019-12-10,Tuesday,0.0019468292215873984,0.0019468292215873984,control,False
2019-12-11,Wednesday,-0.0003182686187140904,0.0003182686187140904,event,True
2019-12-12,Thursday,-0.00028626864722147705,0.00028626864722147705,event,True
2019-12-13,Friday,0.0006608761329305324,0.0006608761329305324,control,False
2019-12-16,Monday,0.0003449140850368959,0.0003449140850368959,control,False
2019-12-17,Tuesday,-9.410661247466479e-05,9.410661247466479e-05,control,False
2019-12-18,Wednesday,-9.379689844912775e-05,9.379689844912775e-05,control,False
2019-12-19,Thursday,-0.00021898951978727155,0.00021898951978727155,event,True
2019-12-20,Friday,3.12705212794917e-05,3.12705212794917e-05,event,True
2019-12-23,Monday,0.0,0.0,control,False
2019-12-24,Tuesday,6.218905472632485e-05,6.218905472632485e-05,control,False
2019-12-26,Thursday,-9.32053313450476e-05,9.32053313450476e-05,event,True
2019-12-27,Friday,0.0002160693891408716,0.0002160693891408716,control,False
2019-12-30,Monday,0.0001545704691103822,0.0001545704691103822,control,False
2019-12-31,Tuesday,-0.0003425617389679614,0.0003425617389679614,control,False
2020-01-02,Thursday,0.00021614277774339996,0.00021614277774339996,event,True
2020-01-03,Friday,-0.0012105034452789543,0.0012105034452789543,control,False
2020-01-06,Monday,-0.0003116721209288631,0.0003116721209288631,control,False
2020-01-07,Tuesday,-0.0005873442764845471,0.0005873442764845471,control,False
2020-01-08,Wednesday,0.0,0.0,control,False
2020-01-09,Thursday,0.0003066920198737666,0.0003066920198737666,event,True
2020-01-10,Friday,0.0009170105456213218,0.0009170105456213218,event,True
2020-01-13,Monday,-6.12070020810096e-05,6.12070020810096e-05,control,False
2020-01-14,Tuesday,0.0005187038506133668,0.0005187038506133668,event,True
2020-01-15,Wednesday,-0.00021361000915465223,0.00021361000915465223,event,True
2020-01-16,Thursday,0.00027309968138355956,0.00027309968138355956,event,True
2020-01-17,Friday,0.00024121815166600058,0.00024121815166600058,control,False
2020-01-21,Tuesday,9.068923821020647e-05,9.068923821020647e-05,control,False
2020-01-22,Wednesday,-0.00012033694344149026,0.00012033694344149026,control,False
2020-01-23,Thursday,0.0002721088435373442,0.0002721088435373442,event,True
2020-01-24,Friday,6.014314067481763e-05,6.014314067481763e-05,control,False
2020-01-27,Monday,-0.0007719623282383958,0.0007719623282383958,control,False
2020-01-28,Tuesday,0.0003380247065329911,0.0003380247065329911,control,False
2020-01-29,Wednesday,-0.0002742230347347885,0.0002742230347347885,control,False
2020-01-30,Thursday,0.001047572097609084,0.001047572097609084,event,True
2020-01-31,Friday,0.00018350868607774906,0.00018350868607774906,event,True
2020-02-03,Monday,-0.00024686786397576377,0.00024686786397576377,control,False
2020-02-04,Tuesday,0.00012250121891743682,0.00012250121891743682,control,False
2020-02-05,Wednesday,0.00021072277913236626,0.00021072277913236626,control,False
2020-02-06,Thursday,-2.9920411705020022e-05,2.9920411705020022e-05,event,True
2020-02-07,Friday,-0.0009590888655777174,0.0009590888655777174,event,True
2020-02-10,Monday,-9.032607713843621e-05,9.032607713843621e-05,control,False
2020-02-11,Tuesday,-0.0005358418671111975,0.0005358418671111975,event,True
2020-02-12,Wednesday,2.9700029700041597e-05,2.9700029700041597e-05,control,False
2020-02-13,Thursday,-0.00023820157808562836,0.00023820157808562836,event,True
2020-02-14,Friday,-0.0005916634618229333,0.0005916634618229333,event,True
2020-02-18,Tuesday,0.00029714149878157237,0.00029714149878157237,control,False
2020-02-19,Wednesday,-2.9626118386083533e-05,2.9626118386083533e-05,event,True
2020-02-20,Thursday,0.000236861584011816,0.000236861584011816,event,True
2020-02-21,Friday,-0.0004470006258008308,0.0004470006258008308,control,False
2020-02-24,Monday,-0.001445131137963962,0.001445131137963962,control,False
2020-02-25,Tuesday,0.0003707479840577843,0.0003707479840577843,control,False
2020-02-26,Wednesday,0.0011450843143492317,0.0011450843143492317,control,False
2020-02-27,Thursday,-9.771986970674718e-05,9.771986970674718e-05,event,True
2020-02-28,Friday,-0.0009891534211065034,0.0009891534211065034,event,True
2020-03-02,Monday,0.0011943354376384718,0.0011943354376384718,control,False
2020-03-03,Tuesday,-0.0003893701937116578,0.0003893701937116578,control,False
2020-03-04,Wednesday,3.270966897805927e-05,3.270966897805927e-05,control,False
2020-03-05,Thursday,0.0,0.0,event,True
2020-03-06,Friday,0.0021155355375848117,0.0021155355375848117,event,True
2020-03-09,Monday,-0.00032587442971987457,0.00032587442971987457,control,False
2020-03-10,Tuesday,-0.00010576041740117947,0.00010576041740117947,control,False
2020-03-11,Wednesday,-0.0009322337755467425,0.0009322337755467425,event,True
2020-03-12,Thursday,0.0005773449828720967,0.0005773449828720967,event,True
2020-03-13,Friday,0.0021387106630004205,0.0021387106630004205,control,False
2020-03-16,Monday,-0.0012344662990700916,0.0012344662990700916,control,False
2020-03-17,Tuesday,0.0004900159255176728,0.0004900159255176728,control,False
2020-03-18,Wednesday,-0.002731666316452941,0.002731666316452941,control,False
2020-03-19,Thursday,0.0032385903609324362,0.0032385903609324362,event,True
2020-03-20,Friday,0.0043532338308458485,0.0043532338308458485,control,False
2020-03-23,Monday,-0.010301817717423667,0.010301817717423667,control,False
2020-03-24,Tuesday,-0.002244668911335568,0.002244668911335568,control,False
2020-03-25,Wednesday,0.001449395395063835,0.001449395395063835,control,False
2020-03-26,Thursday,0.008506224066390011,0.008506224066390011,event,True
2020-03-27,Friday,-0.0011357405811858179,0.0011357405811858179,event,True
2020-03-30,Monday,0.0005892288957851655,0.0005892288957851655,control,False
2020-03-31,Tuesday,0.0018929882171139223,0.0018929882171139223,control,False
2020-04-01,Wednesday,0.0009262615279288511,0.0009262615279288511,control,False
2020-04-02,Thursday,-0.0039368370298938915,0.0039368370298938915,event,True
2020-04-03,Friday,0.005517792882846928,0.005517792882846928,event,True
2020-04-06,Monday,-0.00019451468585884868,0.00019451468585884868,control,False
2020-04-07,Tuesday,0.0027224899746145503,0.0027224899746145503,control,False
2020-04-08,Wednesday,0.0001870487449029401,0.0001870487449029401,control,False
2020-04-09,Thursday,0.008608321377331585,0.008608321377331585,event,True
2020-04-13,Monday,0.001299216860947805,0.001299216860947805,control,False
2020-04-14,Tuesday,-0.0005351218294030735,0.0005351218294030735,control,False
2020-04-15,Wednesday,-0.002806967036130592,0.002806967036130592,control,False
2020-04-16,Thursday,0.005103140947315454,0.005103140947315454,event,True
2020-04-17,Friday,-0.00041884816753923193,0.00041884816753923193,control,False
2020-04-20,Monday,-0.0010283687943263287,0.0010283687943263287,control,False
2020-04-21,Tuesday,-0.00025320118642835343,0.00025320118642835343,control,False
2020-04-22,Wednesday,0.00046953443854524934,0.00046953443854524934,control,False
2020-04-23,Thursday,0.0005005541849905093,0.0005005541849905093,event,True
2020-04-24,Friday,0.0012494651140131374,0.0012494651140131374,control,False
2020-04-27,Monday,0.00017482517482525495,0.00017482517482525495,control,False
2020-04-28,Tuesday,6.874505894871596e-05,6.874505894871596e-05,control,False
2020-04-29,Wednesday,0.0023463648597357167,0.0023463648597357167,event,True
2020-04-30,Thursday,0.0005808589879385817,0.0005808589879385817,event,True
2020-05-01,Friday,0.0,0.0,control,False
2020-05-04,Monday,-0.0007830296127561143,0.0007830296127561143,control,False
2020-05-05,Tuesday,-0.0008022882656620878,0.0008022882656620878,control,False
2020-05-06,Wednesday,0.00020880459370098414,0.00020880459370098414,control,False
2020-05-07,Thursday,-0.0009380211228459112,0.0009380211228459112,event,True
2020-05-08,Friday,0.0006534598981977613,0.0006534598981977613,event,True
2020-05-11,Monday,0.0007589085515196103,0.0007589085515196103,event,True
2020-05-12,Tuesday,-0.0011584327086882062,0.0011584327086882062,event,True
2020-05-13,Wednesday,-0.0005565798170245051,0.0005565798170245051,event,True
2020-05-14,Thursday,-0.0032543003254299485,0.0032543003254299485,event,True
2020-05-15,Friday,-0.0028676626779012837,0.0028676626779012837,control,False
2020-05-18,Monday,-0.0009211873080861022,0.0009211873080861022,control,False
2020-05-19,Tuesday,0.00037400972425283285,0.00037400972425283285,control,False
2020-05-20,Wednesday,-0.000845051379123829,0.000845051379123829,control,False
2020-05-21,Thursday,-0.00043948613928324054,0.00043948613928324054,event,True
2020-05-22,Friday,0.00010191602119835608,0.00010191602119835608,control,False
2020-05-26,Tuesday,3.319061369433385e-05,3.319061369433385e-05,control,False
2020-05-27,Wednesday,-0.0004289155036457659,0.0004289155036457659,control,False
2020-05-28,Thursday,0.0006905623150279538,0.0006905623150279538,event,True
2020-05-29,Friday,-0.0011550392713350899,0.0011550392713350899,event,True
2020-06-01,Monday,-0.00046020840866500823,0.00046020840866500823,control,False
2020-06-02,Tuesday,0.0005849583624293331,0.0005849583624293331,control,False
2020-06-03,Wednesday,0.0,0.0,control,False
2020-06-04,Thursday,-0.002282958199356866,0.002282958199356866,event,True
2020-06-05,Friday,0.004779810082212732,0.004779810082212732,event,True
2020-06-08,Monday,0.00015569048731123303,0.00015569048731123303,control,False
2020-06-09,Tuesday,-0.0004055529558570914,0.0004055529558570914,control,False
2020-06-10,Wednesday,3.107906514165926e-05,3.107906514165926e-05,event,True
2020-06-11,Thursday,-0.0017674089784376346,0.0017674089784376346,event,True
2020-06-12,Friday,0.0009142857142856453,0.0009142857142856453,control,False
2020-06-15,Monday,0.00023504130011420266,0.00023504130011420266,control,False
2020-06-16,Tuesday,0.002645774221315511,0.002645774221315511,control,False
2020-06-17,Wednesday,-0.00019068806610522682,0.00019068806610522682,control,False
2020-06-18,Thursday,-0.0009027889730774952,0.0009027889730774952,event,True
2020-06-19,Friday,0.0011494619879306445,0.0011494619879306445,control,False
2020-06-22,Monday,-0.00045360290305851425,0.00045360290305851425,control,False
2020-06-23,Tuesday,-0.0002541267771382083,0.0002541267771382083,control,False
2020-06-24,Wednesday,-0.0011607661056297625,0.0011607661056297625,control,False
2020-06-25,Thursday,-0.00016515276630890696,0.00016515276630890696,event,True
2020-06-26,Friday,0.00016302575806981245,0.00016302575806981245,event,True
2020-06-29,Monday,0.00036435905929121937,0.00036435905929121937,control,False
2020-06-30,Tuesday,-0.0011838600414350031,0.0011838600414350031,control,False
2020-07-01,Wednesday,0.0007149356557909492,0.0007149356557909492,control,False
2020-07-02,Thursday,0.005084908375707409,0.005084908375707409,event,True
2020-07-06,Monday,-3.154474622246717e-05,3.154474622246717e-05,control,False
2020-07-07,Tuesday,-0.0006983461892516862,0.0006983461892516862,control,False
2020-07-08,Wednesday,-0.0003182686187140904,0.0003182686187140904,control,False
2020-07-09,Thursday,0.00015781333838349454,0.00015781333838349454,event,True
2020-07-10,Friday,0.0013128402177391418,0.0013128402177391418,event,True
2020-07-13,Monday,-0.0003124609423822422,0.0003124609423822422,control,False
2020-07-14,Tuesday,-0.002090526115739011,0.002090526115739011,event,True
2020-07-15,Wednesday,0.0010224315280702445,0.0010224315280702445,control,False
2020-07-16,Thursday,-0.0006875000000000631,0.0006875000000000631,event,True
2020-07-17,Friday,5.28590528900974e-05,5.28590528900974e-05,control,False
2020-07-20,Monday,0.00024935324003383386,0.00024935324003383386,control,False
2020-07-21,Tuesday,-0.0001526460691342324,0.0001526460691342324,control,False
2020-07-22,Wednesday,-0.0002771874711262612,0.0002771874711262612,control,False
2020-07-23,Thursday,-0.001496685909771256,0.001496685909771256,event,True
2020-07-24,Friday,-0.0007145520069591349,0.0007145520069591349,control,False
2020-07-27,Monday,-0.0016137541507620368,0.0016137541507620368,control,False
2020-07-28,Tuesday,9.312721177145988e-05,9.312721177145988e-05,control,False
2020-07-29,Wednesday,-0.00021710138634745135,0.00021710138634745135,control,False
2020-07-30,Thursday,-0.0006196746707978207,0.0006196746707978207,event,True
2020-07-31,Friday,-0.0002148425511018237,0.0002148425511018237,event,True
2020-08-03,Monday,-0.0003349267728283145,0.0003349267728283145,control,False
2020-08-04,Tuesday,-0.00024420024420035435,0.00024420024420035435,control,False
2020-08-05,Wednesday,3.014318010552408e-05,3.014318010552408e-05,control,False
2020-08-06,Thursday,0.00199510292917382,0.00199510292917382,event,True
2020-08-07,Friday,0.0012887756631201341,0.0012887756631201341,event,True
2020-08-10,Monday,0.0001493428912784367,0.0001493428912784367,control,False
2020-08-11,Tuesday,-0.00017794122008363278,0.00017794122008363278,event,True
2020-08-12,Wednesday,-0.00014913353416634578,0.00014913353416634578,event,True
2020-08-13,Thursday,0.0015738678544914286,0.0015738678544914286,event,True
2020-08-14,Friday,0.0010396863117871913,0.0010396863117871913,control,False
2020-08-17,Monday,0.00032598387861559885,0.00032598387861559885,control,False
2020-08-18,Tuesday,-5.907023450879567e-05,5.907023450879567e-05,control,False
2020-08-19,Wednesday,-8.856350002961477e-05,8.856350002961477e-05,control,False
2020-08-20,Thursday,-0.0007737864944495909,0.0007737864944495909,event,True
2020-08-21,Friday,0.0005349182763745297,0.0005349182763745297,control,False
2020-08-24,Monday,0.0,0.0,control,False
2020-08-25,Tuesday,-0.0002033169711580518,0.0002033169711580518,control,False
2020-08-26,Wednesday,-2.9025048616904137e-05,2.9025048616904137e-05,control,False
2020-08-27,Thursday,0.00028764562059557797,0.00028764562059557797,event,True
2020-08-28,Friday,-0.0004001600640255454,0.0004001600640255454,event,True
2020-08-31,Monday,0.0002565710701865065,0.0002565710701865065,control,False
2020-09-01,Tuesday,0.00028511960767541034,0.00028511960767541034,control,False
2020-09-02,Wednesday,-0.00042271382274206015,0.00042271382274206015,control,False
2020-09-03,Thursday,0.0006735140596059175,0.0006735140596059175,event,True
2020-09-04,Friday,0.0008093655152479062,0.0008093655152479062,event,True
2020-09-08,Tuesday,0.0005633635770621037,0.0005633635770621037,control,False
2020-09-09,Wednesday,-0.0005049604942672925,0.0005049604942672925,control,False
2020-09-10,Thursday,-0.0010599458249912486,0.0010599458249912486,event,True
2020-09-11,Friday,-0.0017546468401485882,0.0017546468401485882,event,True
2020-09-14,Monday,-0.00014831514000956947,0.00014831514000956947,control,False
2020-09-15,Tuesday,0.0010563070332443303,0.0010563070332443303,control,False
2020-09-16,Wednesday,-0.001460444470402833,0.001460444470402833,event,True
2020-09-17,Thursday,-0.0012559808612438994,0.0012559808612438994,event,True
2020-09-18,Friday,0.0005371530886300047,0.0005371530886300047,control,False
2020-09-21,Monday,-0.0007682615777019342,0.0007682615777019342,control,False
2020-09-22,Tuesday,0.0005803653246991836,0.0005803653246991836,control,False
2020-09-23,Wednesday,0.0006650955383602497,0.0006650955383602497,control,False
2020-09-24,Thursday,-0.0028598072738577063,0.0028598072738577063,event,True
2020-09-25,Friday,-0.0009916023674506613,0.0009916023674506613,control,False
2020-09-28,Monday,8.99820035993315e-05,8.99820035993315e-05,control,False
2020-09-29,Tuesday,-8.978541286319697e-05,8.978541286319697e-05,control,False
2020-09-30,Wednesday,0.0007222389407162133,0.0007222389407162133,event,True
2020-10-01,Thursday,-0.00112352906392299,0.00112352906392299,event,True
2020-10-02,Friday,-0.0009621455846537952,0.0009621455846537952,event,True
2020-10-05,Monday,0.0003274394237067213,0.0003274394237067213,control,False
2020-10-06,Tuesday,0.0008242566970857457,0.0008242566970857457,control,False
2020-10-07,Wednesday,0.00017758309408955064,0.00017758309408955064,control,False
2020-10-08,Thursday,-0.0006124591693886794,0.0006124591693886794,event,True
2020-10-09,Friday,0.0,0.0,control,False
2020-10-12,Monday,0.0006007724216849919,0.0006007724216849919,control,False
2020-10-13,Tuesday,0.00014183592420291546,0.00014183592420291546,event,True
2020-10-14,Wednesday,-0.00022833656810150593,0.00022833656810150593,event,True
2020-10-15,Thursday,-0.001424128810997738,0.001424128810997738,event,True
2020-10-16,Friday,0.0012056493282810443,0.0012056493282810443,control,False
2020-10-19,Monday,-0.0001147052076164723,0.0001147052076164723,control,False
2020-10-20,Tuesday,-0.00017479461632585735,0.00017479461632585735,control,False
2020-10-21,Wednesday,8.762483992463821e-05,8.762483992463821e-05,control,False
2020-10-22,Thursday,-0.0005837711617047159,0.0005837711617047159,event,True
2020-10-23,Friday,0.00031794664277229323,0.00031794664277229323,control,False
2020-10-26,Monday,0.0,0.0,control,False
2020-10-27,Tuesday,0.0,0.0,control,False
2020-10-28,Wednesday,-0.0011105775003001916,0.0011105775003001916,control,False
2020-10-29,Thursday,0.0015930261061405382,0.0015930261061405382,event,True
2020-10-30,Friday,0.00039743197798847163,0.00039743197798847163,event,True
2020-11-02,Monday,0.0,0.0,control,False
2020-11-03,Tuesday,0.0007186274216246513,0.0007186274216246513,event,True
2020-11-04,Wednesday,-0.0003207932341788844,0.0003207932341788844,control,False
2020-11-05,Thursday,-5.7208237986383637e-05,5.7208237986383637e-05,event,True
2020-11-06,Friday,0.0036817580394636895,0.0036817580394636895,event,True
2020-11-09,Monday,0.0034787848905688534,0.0034787848905688534,control,False
2020-11-10,Tuesday,-0.001582591493570762,0.001582591493570762,control,False
2020-11-11,Wednesday,-0.00016811431773611218,0.00016811431773611218,control,False
2020-11-12,Thursday,0.0012102789270735936,0.0012102789270735936,event,True
2020-11-13,Friday,0.00016866724763153762,0.00016866724763153762,event,True
2020-11-16,Monday,-2.7651043826848465e-05,2.7651043826848465e-05,control,False
2020-11-17,Tuesday,-0.0012224259598822007,0.0012224259598822007,control,False
2020-11-18,Wednesday,-0.00016604400166042588,0.00016604400166042588,control,False
2020-11-19,Thursday,-0.0003373060490218238,0.0003373060490218238,event,True
2020-11-20,Friday,-0.00016780400492222292,0.00016780400492222292,control,False
2020-11-23,Monday,0.00022384509919137763,0.00022384509919137763,control,False
2020-11-24,Tuesday,0.0004162388656103744,0.0004162388656103744,control,False
2020-11-25,Wednesday,0.0009921455146753022,0.0009921455146753022,event,True
2020-11-27,Friday,-0.00016499835001648755,0.00016499835001648755,control,False
2020-11-30,Monday,-0.000303372955679837,0.000303372955679837,control,False
2020-12-01,Tuesday,-0.0001367989056088037,0.0001367989056088037,control,False
2020-12-02,Wednesday,-0.000164460159526314,0.000164460159526314,control,False
2020-12-03,Thursday,-0.00013629177342855403,0.00013629177342855403,event,True
2020-12-04,Friday,0.0004897292885321924,0.0004897292885321924,event,True
2020-12-07,Monday,2.712305731100706e-05,2.712305731100706e-05,control,False
2020-12-08,Tuesday,-0.00043504268856375816,0.00043504268856375816,control,False
2020-12-09,Wednesday,0.00021578464692240118,0.00021578464692240118,control,False
2020-12-10,Thursday,-0.0010637717527685053,0.0010637717527685053,event,True
2020-12-11,Friday,0.0007413509060956169,0.0007413509060956169,event,True
2020-12-14,Monday,-0.0006225427727013511,0.0006225427727013511,control,False
2020-12-15,Tuesday,8.171047255900454e-05,8.171047255900454e-05,control,False
2020-12-16,Wednesday,0.00013510957386442257,0.00013510957386442257,control,False
2020-12-17,Thursday,-0.00026888948642100896,0.00026888948642100896,event,True
2020-12-18,Friday,0.00016184285059206438,0.00016184285059206438,control,False
2020-12-21,Monday,5.5043346635530455e-05,5.5043346635530455e-05,control,False
2020-12-22,Tuesday,-5.424317214064445e-05,5.424317214064445e-05,event,True
2020-12-23,Wednesday,-0.000244625044168445,0.000244625044168445,event,True
2020-12-24,Thursday,0.00019012439567611672,0.00019012439567611672,control,False
2020-12-28,Monday,0.00010764262647988687,0.00010764262647988687,control,False
2020-12-29,Tuesday,0.0,0.0,control,False
2020-12-30,Wednesday,-0.00024148108398169832,0.00024148108398169832,control,False
2020-12-31,Thursday,0.000296033155713582,0.000296033155713582,event,True
2021-01-04,Monday,0.00029276342054118665,0.00029276342054118665,control,False
2021-01-05,Tuesday,-0.0006798096532970588,0.0006798096532970588,control,False
2021-01-06,Wednesday,-0.00048569886670268847,0.00048569886670268847,control,False
2021-01-07,Thursday,-0.0003193357815741704,0.0003193357815741704,event,True
2021-01-08,Friday,-0.0005261081152176939,0.0005261081152176939,event,True
2021-01-11,Monday,-0.0006870854364314782,0.0006870854364314782,control,False
2021-01-12,Tuesday,0.0002108870436272614,0.0002108870436272614,control,False
2021-01-13,Wednesday,0.0004761274963629436,0.0004761274963629436,event,True
2021-01-14,Thursday,-0.0001577287066245603,0.0001577287066245603,event,True
2021-01-15,Friday,-0.00021211719475000557,0.00021211719475000557,event,True
2021-01-19,Tuesday,-0.00015859589765276905,0.00015859589765276905,control,False
2021-01-20,Wednesday,-0.00015771212280513147,0.00015771212280513147,control,False
2021-01-21,Thursday,-0.0006753773021275222,0.0006753773021275222,event,True
2021-01-22,Friday,-0.00018346700214921796,0.00018346700214921796,control,False
2021-01-25,Monday,-0.0009657800631672764,0.0009657800631672764,control,False
2021-01-26,Tuesday,-5.1983157456914064e-05,5.1983157456914064e-05,control,False
2021-01-27,Wednesday,-7.899934167210354e-05,7.899934167210354e-05,control,False
2021-01-28,Thursday,0.0020630710285882703,0.0020630710285882703,event,True
2021-01-29,Friday,0.0022165559990803274,0.0022165559990803274,event,True
2021-02-01,Monday,0.0002411058722675552,0.0002411058722675552,control,False
2021-02-02,Tuesday,0.00023731048121278242,0.00023731048121278242,control,False
2021-02-03,Wednesday,-0.00018288222384776898,0.00018288222384776898,control,False
2021-02-04,Thursday,-0.00041785275913408526,0.00041785275913408526,event,True
2021-02-05,Friday,-0.00012901561088896063,0.00012901561088896063,event,True
2021-02-08,Monday,-0.00012848185836167314,0.00012848185836167314,event,True
2021-02-09,Tuesday,-0.000179556239579437,0.000179556239579437,control,False
2021-02-10,Wednesday,0.002273017494572871,0.002273017494572871,event,True
2021-02-11,Thursday,-0.0001022233580373344,0.0001022233580373344,event,True
2021-02-12,Friday,5.126496296092853e-05,5.126496296092853e-05,event,True
2021-02-16,Tuesday,-0.0008617980944658488,0.0008617980944658488,control,False
2021-02-17,Wednesday,-0.0007394285422985813,0.0007394285422985813,event,True
2021-02-18,Thursday,-0.0005631062991117153,0.0005631062991117153,event,True
2021-02-19,Friday,0.00020388918622726848,0.00020388918622726848,control,False
2021-02-22,Monday,0.0008272581562482895,0.0008272581562482895,control,False
2021-02-23,Tuesday,-0.0001297925914388598,0.0001297925914388598,control,False
2021-02-24,Wednesday,0.0002574864175914904,0.0002574864175914904,control,False
2021-02-25,Thursday,0.0008708793319842645,0.0008708793319842645,event,True
2021-02-26,Friday,0.0031640604570890574,0.0031640604570890574,event,True
2021-03-01,Monday,-0.00013006269021675898,0.00013006269021675898,control,False
2021-03-02,Tuesday,-0.0008480456402744085,0.0008480456402744085,control,False
2021-03-03,Wednesday,-0.0035620257085333673,0.0035620257085333673,control,False
2021-03-04,Thursday,0.0004722921914357414,0.0004722921914357414,event,True
2021-03-05,Friday,-0.00518696906343441,0.00518696906343441,event,True
2021-03-08,Monday,0.0006003027613927792,0.0006003027613927792,control,False
2021-03-09,Tuesday,-5.192242789264778e-05,5.192242789264778e-05,control,False
2021-03-10,Wednesday,0.004236084205088586,0.004236084205088586,event,True
2021-03-11,Thursday,-0.00015301828568514697,0.00015301828568514697,event,True
2021-03-12,Friday,-0.00028029762511472267,0.00028029762511472267,event,True
2021-03-15,Monday,-0.0004315816197003608,0.0004315816197003608,control,False
2021-03-16,Tuesday,-0.00015113350125950387,0.00015113350125950387,control,False
2021-03-17,Wednesday,0.0003293640739803205,0.0003293640739803205,control,False
2021-03-18,Thursday,0.00030415167029951284,0.00030415167029951284,event,True
2021-03-19,Friday,-0.00010227040294541467,0.00010227040294541467,control,False
2021-03-22,Monday,0.0002818489289742043,0.0002818489289742043,control,False
2021-03-23,Tuesday,0.00022999667782563904,0.00022999667782563904,control,False
2021-03-24,Wednesday,-0.00023006723075735813,0.00023006723075735813,control,False
2021-03-25,Thursday,0.0012952361215450292,0.0012952361215450292,event,True
2021-03-26,Friday,0.0006921479658541507,0.0006921479658541507,event,True
2021-03-29,Monday,-0.0002790390908398166,0.0002790390908398166,control,False
2021-03-30,Tuesday,-0.0008366089316055314,0.0008366089316055314,control,False
2021-03-31,Wednesday,0.00022781926338422132,0.00022781926338422132,control,False
2021-04-01,Thursday,-5.0258832989813484e-05,5.0258832989813484e-05,event,True
2021-04-05,Monday,7.445831575281225e-05,7.445831575281225e-05,control,False
2021-04-06,Tuesday,0.0007390618841152108,0.0007390618841152108,control,False
2021-04-07,Wednesday,0.0,0.0,control,False
2021-04-08,Thursday,-0.000416717735016614,0.000416717735016614,event,True
2021-04-09,Friday,2.4464831804182907e-05,2.4464831804182907e-05,event,True
2021-04-12,Monday,7.300158170098214e-05,7.300158170098214e-05,control,False
2021-04-13,Tuesday,0.0013150845063563121,0.0013150845063563121,event,True
2021-04-14,Wednesday,-4.8401539168851926e-05,4.8401539168851926e-05,control,False
2021-04-15,Thursday,0.00036242389098273264,0.00036242389098273264,event,True
2021-04-16,Friday,0.00014401612980652345,0.00014401612980652345,control,False
2021-04-19,Monday,-2.4028064779635372e-05,2.4028064779635372e-05,control,False
2021-04-20,Tuesday,-9.674922600622082e-05,9.674922600622082e-05,control,False
2021-04-21,Wednesday,-0.0006560244915809754,0.0006560244915809754,control,False
2021-04-22,Thursday,0.0009141427506074162,0.0009141427506074162,event,True
2021-04-23,Friday,-0.0002665309781685332,0.0002665309781685332,control,False
2021-04-26,Monday,-0.0002879285937087417,0.0002879285937087417,control,False
2021-04-27,Tuesday,-0.0001196029183112568,0.0001196029183112568,control,False
2021-04-28,Wednesday,2.3949801216671673e-05,2.3949801216671673e-05,control,False
2021-04-29,Thursday,2.379819133735417e-05,2.379819133735417e-05,event,True
2021-04-30,Friday,-0.0011720525270887405,0.0011720525270887405,event,True
2021-05-03,Monday,0.0001669727834363588,0.0001669727834363588,control,False
2021-05-04,Tuesday,0.0010106357380048614,0.0010106357380048614,control,False
2021-05-05,Wednesday,-0.0005275146864884839,0.0005275146864884839,control,False
2021-05-06,Thursday,0.0,0.0,event,True
2021-05-07,Friday,-0.0009991198230131504,0.0009991198230131504,event,True
2021-05-10,Monday,-7.097567900071766e-05,7.097567900071766e-05,control,False
2021-05-11,Tuesday,-0.0002423654871547276,0.0002423654871547276,control,False
2021-05-12,Wednesday,-0.004409341990502913,0.004409341990502913,event,True
2021-05-13,Thursday,4.922471080481827e-05,4.922471080481827e-05,event,True
2021-05-14,Friday,-0.001428606019516332,0.001428606019516332,control,False
2021-05-17,Monday,0.00016875602700094916,0.00016875602700094916,control,False
2021-05-18,Tuesday,-0.0002882328921769428,0.0002882328921769428,control,False
2021-05-19,Wednesday,-0.0010788280004904172,0.0010788280004904172,control,False
2021-05-20,Thursday,0.00046300809045707325,0.00046300809045707325,event,True
2021-05-21,Friday,-0.0003359247528553766,0.0003359247528553766,control,False
2021-05-24,Monday,0.0005516248950714342,0.0005516248950714342,control,False
2021-05-25,Tuesday,-0.00021408182683158028,0.00021408182683158028,control,False
2021-05-26,Wednesday,-7.623912401255595e-05,7.623912401255595e-05,control,False
2021-05-27,Thursday,0.0016484304075683465,0.0016484304075683465,event,True
2021-05-28,Friday,4.752964661713932e-05,4.752964661713932e-05,event,True
2021-06-01,Tuesday,-7.104795737111758e-05,7.104795737111758e-05,control,False
2021-06-02,Wednesday,0.00021417352815178425,0.00021417352815178425,control,False
2021-06-03,Thursday,-4.7909929332790036e-05,4.7909929332790036e-05,event,True
2021-06-04,Friday,0.0030052233644191073,0.0030052233644191073,event,True
2021-06-07,Monday,0.0003549959767121802,0.0003549959767121802,control,False
2021-06-08,Tuesday,-0.00030713256313941173,0.00030713256313941173,control,False
2021-06-09,Wednesday,0.0004020908725370642,0.0004020908725370642,control,False
2021-06-10,Thursday,-0.00021346235947072856,0.00021346235947072856,event,True
2021-06-11,Friday,0.0005187333474805378,0.0005187333474805378,control,False
2021-06-14,Monday,4.711869198525953e-05,4.711869198525953e-05,control,False
2021-06-15,Tuesday,-0.0002584829401259814,0.0002584829401259814,event,True
2021-06-16,Wednesday,0.00025926886180971387,0.00025926886180971387,control,False
2021-06-17,Thursday,0.0006898192197908326,0.0006898192197908326,event,True
2021-06-18,Friday,0.00028723251472073663,0.00028723251472073663,control,False
2021-06-21,Monday,4.804573954420022e-05,4.804573954420022e-05,control,False
2021-06-22,Tuesday,0.0002373661848131814,0.0002373661848131814,control,False
2021-06-23,Wednesday,-0.0002833396297695634,0.0002833396297695634,control,False
2021-06-24,Thursday,-0.00042375874002398284,0.00042375874002398284,event,True
2021-06-25,Friday,0.0012696621288001975,0.0012696621288001975,event,True
2021-06-28,Monday,-0.00014050535091203464,0.00014050535091203464,control,False
2021-06-29,Tuesday,4.678800355595314e-05,4.678800355595314e-05,control,False
2021-06-30,Wednesday,-2.5744242651115634e-05,2.5744242651115634e-05,control,False
2021-07-01,Thursday,0.00023317089094598842,0.00023317089094598842,event,True
2021-07-02,Friday,0.0018799173764709742,0.0018799173764709742,event,True
2021-07-06,Tuesday,9.22722029987888e-05,9.22722029987888e-05,control,False
2021-07-07,Wednesday,-0.000622736812971314,0.000622736812971314,control,False
2021-07-08,Thursday,-0.0009097058617713039,0.0009097058617713039,event,True
2021-07-09,Friday,0.0,0.0,control,False
2021-07-12,Monday,-2.2989562738495728e-05,2.2989562738495728e-05,control,False
2021-07-13,Tuesday,-0.0017391304347825765,0.0017391304347825765,event,True
2021-07-14,Wednesday,0.001995321315535925,0.001995321315535925,event,True
2021-07-15,Thursday,0.0002759889604415644,0.0002759889604415644,event,True
2021-07-16,Friday,-6.885629690833728e-05,6.885629690833728e-05,control,False
2021-07-19,Monday,0.0006803838303262033,0.0006803838303262033,control,False
2021-07-20,Tuesday,-0.0004922182636414307,0.0004922182636414307,control,False
2021-07-21,Wednesday,0.0005556070006482727,0.0005556070006482727,control,False
2021-07-22,Thursday,-0.00029882996574948084,0.00029882996574948084,event,True
2021-07-23,Friday,-0.00025136537099246237,0.00025136537099246237,control,False
2021-07-26,Monday,-0.0005693334244266657,0.0005693334244266657,control,False
2021-07-27,Tuesday,-0.0004089979550102596,0.0004089979550102596,control,False
2021-07-28,Wednesday,-6.826404532744856e-05,6.826404532744856e-05,control,False
2021-07-29,Thursday,-0.00015919583361756473,0.00015919583361756473,event,True
2021-07-30,Friday,0.0010513324496046472,0.0010513324496046472,event,True
2021-08-02,Monday,6.814774430963233e-05,6.814774430963233e-05,control,False
2021-08-03,Tuesday,0.0005248505316963747,0.0005248505316963747,control,False
2021-08-04,Wednesday,0.0004774789113479727,0.0004774789113479727,control,False
2021-08-05,Thursday,0.0001136027991730515,0.0001136027991730515,event,True
2021-08-06,Friday,0.0007696312560836471,0.0007696312560836471,event,True
2021-08-09,Monday,-6.790095514008776e-05,6.790095514008776e-05,control,False
2021-08-10,Tuesday,6.78364688855293e-05,6.78364688855293e-05,control,False
2021-08-11,Wednesday,0.0019448653293834273,0.0019448653293834273,event,True
2021-08-12,Thursday,6.761630003593311e-05,6.761630003593311e-05,event,True
2021-08-13,Friday,0.00020206102242870116,0.00020206102242870116,control,False
2021-08-16,Monday,-0.00011255177381597203,0.00011255177381597203,control,False
2021-08-17,Tuesday,-0.00020237907850051418,0.00020237907850051418,control,False
2021-08-18,Wednesday,0.00024808299503842335,0.00024808299503842335,control,False
2021-08-19,Thursday,-0.0006882154573192301,0.0006882154573192301,event,True
2021-08-20,Friday,0.0002965463752908626,0.0002965463752908626,event,True
2021-08-23,Monday,-6.832375751897324e-05,6.832375751897324e-05,control,False
2021-08-24,Tuesday,0.0,0.0,control,False
2021-08-25,Wednesday,0.0003126675004465618,0.0003126675004465618,control,False
2021-08-26,Thursday,-0.00020048115477155903,0.00020048115477155903,event,True
2021-08-27,Friday,0.0002896995708154826,0.0002896995708154826,event,True
2021-08-30,Monday,-2.2193617115751074e-05,2.2193617115751074e-05,control,False
2021-08-31,Tuesday,0.0001772146290675014,0.0001772146290675014,control,False
2021-09-01,Wednesday,8.82378893496405e-05,8.82378893496405e-05,control,False
2021-09-02,Thursday,0.0003314184710561108,0.0003314184710561108,event,True
2021-09-03,Friday,-0.0001983121433135615,0.0001983121433135615,event,True
2021-09-07,Tuesday,-0.0001765030336458029,0.0001765030336458029,control,False
2021-09-08,Wednesday,-0.00026609308823200006,0.00026609308823200006,control,False
2021-09-09,Thursday,4.4409903408482165e-05,4.4409903408482165e-05,event,True
2021-09-10,Friday,0.0004216038698796609,0.0004216038698796609,event,True
2021-09-13,Monday,-0.00013389569525334988,0.00013389569525334988,control,False
2021-09-14,Tuesday,0.004010755097467955,0.004010755097467955,event,True
2021-09-15,Wednesday,0.000878516883292324,0.000878516883292324,control,False
2021-09-16,Thursday,0.0012982943098893696,0.0012982943098893696,event,True
2021-09-17,Friday,0.00013468920466008782,0.00013468920466008782,control,False
2021-09-20,Monday,-0.00020755500207558786,0.00020755500207558786,control,False
2021-09-21,Tuesday,0.0004348821240558465,0.0004348821240558465,control,False
2021-09-22,Wednesday,9.170315688122876e-05,9.170315688122876e-05,control,False
2021-09-23,Thursday,6.810133478629687e-05,6.810133478629687e-05,event,True
2021-09-24,Friday,-0.0009521650419406225,0.0009521650419406225,event,True
2021-09-27,Monday,0.0003390366837692227,0.0003390366837692227,control,False
2021-09-28,Tuesday,-0.00020492269860417078,0.00020492269860417078,control,False
2021-09-29,Wednesday,-0.000619664004406606,0.000619664004406606,control,False
2021-09-30,Thursday,0.0007112538717448658,0.0007112538717448658,event,True
2021-10-01,Friday,-0.001761338617349173,0.001761338617349173,event,True
2021-10-04,Monday,-0.0006932729415570771,0.0006932729415570771,control,False
2021-10-05,Tuesday,4.646948116837635e-05,4.646948116837635e-05,control,False
2021-10-06,Wednesday,-6.986655488006033e-05,6.986655488006033e-05,control,False
2021-10-07,Thursday,-0.000159485999407738,0.000159485999407738,event,True
2021-10-08,Friday,-0.00218454886790298,0.00218454886790298,event,True
2021-10-11,Monday,0.000618911174784964,0.000618911174784964,control,False
2021-10-12,Tuesday,-0.0005733944954128267,0.0005733944954128267,control,False
2021-10-13,Wednesday,-0.0010362694300517505,0.0010362694300517505,event,True
2021-10-14,Thursday,6.83371298404456e-05,6.83371298404456e-05,event,True
2021-10-15,Friday,-4.503287399792999e-05,4.503287399792999e-05,control,False
2021-10-18,Monday,0.0,0.0,control,False
2021-10-19,Tuesday,-4.453152832195606e-05,4.453152832195606e-05,control,False
2021-10-20,Wednesday,-0.00011093361732339435,0.00011093361732339435,control,False
2021-10-21,Thursday,0.0007315775472200858,0.0007315775472200858,event,True
2021-10-22,Friday,-0.00013215276860045755,0.00013215276860045755,control,False
2021-10-25,Monday,-4.406548130519994e-05,4.406548130519994e-05,control,False
2021-10-26,Tuesday,-2.187513671958463e-05,2.187513671958463e-05,control,False
2021-10-27,Wednesday,0.0004603849695270501,0.0004603849695270501,control,False
2021-10-28,Thursday,-8.784065704814381e-05,8.784065704814381e-05,event,True
2021-10-29,Friday,0.00037255374635658534,0.00037255374635658534,event,True
2021-11-01,Monday,-0.00041225481687201526,0.00041225481687201526,control,False
2021-11-02,Tuesday,0.00017379592014066247,0.00017379592014066247,control,False
2021-11-03,Wednesday,-0.0004117812791226694,0.0004117812791226694,control,False
2021-11-04,Thursday,-0.00019334880123744735,0.00019334880123744735,event,True
2021-11-05,Friday,0.001175113238184755,0.001175113238184755,event,True
2021-11-08,Monday,-6.394134447340605e-05,6.394134447340605e-05,control,False
2021-11-09,Tuesday,0.00021331058020468419,0.00021331058020468419,event,True
2021-11-10,Wednesday,-0.0011367779851146897,0.0011367779851146897,event,True
2021-11-11,Thursday,-0.00010744831735920446,0.00010744831735920446,control,False
2021-11-12,Friday,-0.000150531159950118,0.000150531159950118,control,False
2021-11-15,Monday,-0.0001492028305909443,0.0001492028305909443,control,False
2021-11-16,Tuesday,-0.0003420850081246041,0.0003420850081246041,control,False
2021-11-17,Wednesday,-0.0001706120708039327,0.0001706120708039327,control,False
2021-11-18,Thursday,0.00010655982268437114,0.00010655982268437114,event,True
2021-11-19,Friday,-0.0002774635562290406,0.0002774635562290406,control,False
2021-11-22,Monday,0.0005318469982555918,0.0005318469982555918,control,False
2021-11-23,Tuesday,-0.00019251336898384874,0.00019251336898384874,control,False
2021-11-24,Wednesday,0.0009423254020946015,0.0009423254020946015,event,True
2021-11-26,Friday,-0.00032492851572651915,0.00032492851572651915,control,False
2021-11-29,Monday,0.0006267424520758347,0.0006267424520758347,control,False
2021-11-30,Tuesday,-0.0006515506906437096,0.0006515506906437096,control,False
2021-12-01,Wednesday,0.0011703511053315907,0.0011703511053315907,control,False
2021-12-02,Thursday,0.0007743362831857947,0.0007743362831857947,event,True
2021-12-03,Friday,0.0014188731963937773,0.0014188731963937773,event,True
2021-12-06,Monday,-0.0004176558515782691,0.0004176558515782691,control,False
2021-12-07,Tuesday,-8.606037135050482e-05,8.606037135050482e-05,control,False
2021-12-08,Wednesday,-4.264392324093702e-05,4.264392324093702e-05,control,False
2021-12-09,Thursday,-0.0007267441860464574,0.0007267441860464574,event,True
2021-12-10,Friday,0.0037840726884019737,0.0037840726884019737,event,True
2021-12-13,Monday,-4.2401628222443755e-05,4.2401628222443755e-05,control,False
2021-12-14,Tuesday,-0.0030290010741138573,0.0030290010741138573,event,True
2021-12-15,Wednesday,8.629989212516342e-05,8.629989212516342e-05,control,False
2021-12-16,Thursday,-0.0006332453825858009,0.0006332453825858009,event,True
2021-12-17,Friday,0.00019477146814406154,0.00019477146814406154,control,False
2021-12-20,Monday,-0.0001101176056027553,0.0001101176056027553,control,False
2021-12-21,Tuesday,0.00026149487905868796,0.00026149487905868796,control,False
2021-12-22,Wednesday,0.0003028074577151596,0.0003028074577151596,event,True
2021-12-23,Thursday,-0.00017060479399477746,0.00017060479399477746,event,True
2021-12-27,Monday,-2.1175673386442107e-05,2.1175673386442107e-05,control,False
2021-12-28,Tuesday,-8.360504974502803e-05,8.360504974502803e-05,control,False
2021-12-29,Wednesday,-6.292738180146973e-05,6.292738180146973e-05,control,False
2021-12-30,Thursday,0.00010456969570227237,0.00010456969570227237,event,True
2021-12-31,Friday,-6.307158625029619e-05,6.307158625029619e-05,control,False
2022-01-03,Monday,-0.00039794742905019387,0.00039794742905019387,control,False
2022-01-04,Tuesday,-0.00035459513578905977,0.00035459513578905977,control,False
2022-01-05,Wednesday,2.09516227032136e-05,2.09516227032136e-05,control,False
2022-01-06,Thursday,-0.00046948356807519076,0.00046948356807519076,event,True
2022-01-07,Friday,-0.001686232657417297,0.001686232657417297,event,True
2022-01-10,Monday,-0.00010793308148948633,0.00010793308148948633,control,False
2022-01-11,Tuesday,0.0004502862534039309,0.0004502862534039309,control,False
2022-01-12,Wednesday,0.001827687337952133,0.001827687337952133,event,True
2022-01-13,Thursday,0.0009333701024585306,0.0009333701024585306,event,True
2022-01-14,Friday,-0.0005417875001543226,0.0005417875001543226,control,False
2022-01-18,Tuesday,0.0006736348030160766,0.0006736348030160766,control,False
2022-01-19,Wednesday,-0.001177060400636365,0.001177060400636365,control,False
2022-01-20,Thursday,0.0013667526398166707,0.0013667526398166707,event,True
2022-01-21,Friday,-0.0009445206557672226,0.0009445206557672226,control,False
2022-01-24,Monday,-0.001105608660601054,0.001105608660601054,control,False
2022-01-25,Tuesday,0.0013428101775749823,0.0013428101775749823,control,False
2022-01-26,Wednesday,-0.0005892618362305369,0.0005892618362305369,control,False
2022-01-27,Thursday,-0.0014450867052022698,0.0014450867052022698,event,True
2022-01-28,Friday,0.005915361234510197,0.005915361234510197,event,True
2022-01-31,Monday,0.001930589624784318,0.001930589624784318,control,False
2022-02-01,Tuesday,-0.0011993337034981177,0.0011993337034981177,control,False
2022-02-02,Wednesday,0.00017528867854266217,0.00017528867854266217,control,False
2022-02-03,Thursday,-0.00017672918461586473,0.00017672918461586473,event,True
2022-02-04,Friday,-0.006062775453589686,0.006062775453589686,event,True
2022-02-07,Monday,-0.0008668785703171977,0.0008668785703171977,control,False
2022-02-08,Tuesday,-0.0002863931910018769,0.0002863931910018769,event,True
2022-02-09,Wednesday,0.0,0.0,control,False
2022-02-10,Thursday,-0.008026594930341413,0.008026594930341413,event,True
2022-02-11,Friday,0.00033396415451414363,0.00033396415451414363,event,True
2022-02-14,Monday,-0.002515808798531194,0.002515808798531194,control,False
2022-02-15,Tuesday,-0.00114575844716025,0.00114575844716025,event,True
2022-02-16,Wednesday,0.0015504921127140747,0.0015504921127140747,control,False
2022-02-17,Thursday,0.00011246316831248215,0.00011246316831248215,event,True
2022-02-18,Friday,-0.0006640258283150402,0.0006640258283150402,control,False
2022-02-22,Tuesday,0.0015259762780051034,0.0015259762780051034,control,False
2022-02-23,Wednesday,-0.0009476920232067698,0.0009476920232067698,control,False
2022-02-24,Thursday,0.0013401232913425876,0.0013401232913425876,event,True
2022-02-25,Friday,0.001952807160293002,0.001952807160293002,event,True
2022-02-28,Monday,-0.001942870359662341,0.001942870359662341,control,False
2022-03-01,Tuesday,0.0009196882256914396,0.0009196882256914396,control,False
2022-03-02,Wednesday,-0.0020606621903217492,0.0020606621903217492,control,False
2022-03-03,Thursday,0.00011394453180191277,0.00011394453180191277,event,True
2022-03-04,Friday,0.0024535333194453113,0.0024535333194453113,event,True
2022-03-07,Monday,0.0017218111591976726,0.0017218111591976726,control,False
2022-03-08,Tuesday,-0.00038177046051068864,0.00038177046051068864,control,False
2022-03-09,Wednesday,0.0014373910174843019,0.0014373910174843019,control,False
2022-03-10,Thursday,0.003075103489059705,0.003075103489059705,event,True
2022-03-11,Friday,-0.0008371898327945715,0.0008371898327945715,control,False
2022-03-14,Monday,0.0009026557081095454,0.0009026557081095454,control,False
2022-03-15,Tuesday,0.0038769893502452746,0.0038769893502452746,event,True
2022-03-16,Wednesday,-0.0011127854410571958,0.0011127854410571958,control,False
2022-03-17,Thursday,-2.304625383153791e-05,2.304625383153791e-05,event,True
2022-03-18,Friday,-0.0004578020921555126,0.0004578020921555126,control,False
2022-03-21,Monday,-4.503287399792999e-05,4.503287399792999e-05,control,False
2022-03-22,Tuesday,0.00017968644714971838,0.00017968644714971838,control,False
2022-03-23,Wednesday,-0.0005807979269982777,0.0005807979269982777,control,False
2022-03-24,Thursday,0.00040394066560445197,0.00040394066560445197,event,True
2022-03-25,Friday,-0.0003319024649288682,0.0003319024649288682,control,False
2022-03-28,Monday,-0.00026485973469880797,0.00026485973469880797,control,False
2022-03-29,Tuesday,-0.00032616495248860566,0.00032616495248860566,control,False
2022-03-30,Wednesday,0.00043535045711817766,0.00043535045711817766,event,True
2022-03-31,Thursday,-0.00015257525229406266,0.00015257525229406266,event,True
2022-04-01,Friday,-0.001496973032471094,0.001496973032471094,event,True
2022-04-04,Monday,0.00024244561504049855,0.00024244561504049855,control,False
2022-04-05,Tuesday,0.00032918559483841037,0.00032918559483841037,control,False
2022-04-06,Wednesday,-0.0006038377242026938,0.0006038377242026938,control,False
2022-04-07,Thursday,0.0008290759164650829,0.0008290759164650829,event,True
2022-04-08,Friday,-0.0008224781042991403,0.0008224781042991403,control,False
2022-04-11,Monday,0.00027028244515525657,0.00027028244515525657,control,False
2022-04-12,Tuesday,0.005806436979745477,0.005806436979745477,event,True
2022-04-13,Wednesday,-0.00027371014096078117,0.00027371014096078117,event,True
2022-04-14,Thursday,-0.0006995058329760662,0.0006995058329760662,event,True
2022-04-18,Monday,-0.00022896393817983807,0.00022896393817983807,control,False
2022-04-19,Tuesday,0.0005251986956082977,0.0005251986956082977,control,False
2022-04-20,Wednesday,-6.712610758086157e-05,6.712610758086157e-05,control,False
2022-04-21,Thursday,-0.0006923540036123388,0.0006923540036123388,event,True
2022-04-22,Friday,-0.0011638521223185094,0.0011638521223185094,control,False
2022-04-25,Monday,-0.0012050470204623132,0.0012050470204623132,control,False
2022-04-26,Tuesday,-0.0002341426865530849,0.0002341426865530849,control,False
2022-04-27,Wednesday,-0.0011721085994498281,0.0011721085994498281,control,False
2022-04-28,Thursday,-0.0010416666666666075,0.0010416666666666075,event,True
2022-04-29,Friday,-0.0012012153472925613,0.0012012153472925613,event,True
2022-05-02,Monday,-0.0005832604257801632,0.0005832604257801632,control,False
2022-05-03,Tuesday,0.0004341534008682757,0.0004341534008682757,control,False
2022-05-04,Wednesday,-0.0008616150495428521,0.0008616150495428521,control,False
2022-05-05,Thursday,-4.691311690740996e-05,4.691311690740996e-05,event,True
2022-05-06,Friday,0.0017930700266537425,0.0017930700266537425,event,True
2022-05-09,Monday,0.0009404311134209031,0.0009404311134209031,control,False
2022-05-10,Tuesday,0.00017406007559173098,0.00017406007559173098,control,False
2022-05-11,Wednesday,-0.009385474860335141,0.009385474860335141,event,True
2022-05-12,Thursday,0.00035987866947717606,0.00035987866947717606,event,True
2022-05-13,Friday,0.0012323013857102882,0.0012323013857102882,control,False
2022-05-16,Monday,0.0014196762141966968,0.0014196762141966968,control,False
2022-05-17,Tuesday,-0.0006404256367308347,0.0006404256367308347,control,False
2022-05-18,Wednesday,-0.0007407400101197004,0.0007407400101197004,control,False
2022-05-19,Thursday,-0.001906823335394825,0.001906823335394825,event,True
2022-05-20,Friday,-0.0003554833303709426,0.0003554833303709426,control,False
2022-05-23,Monday,-0.0013975352560030574,0.0013975352560030574,control,False
2022-05-24,Tuesday,0.0009428433096347888,0.0009428433096347888,control,False
2022-05-25,Wednesday,0.0017615072374970175,0.0017615072374970175,control,False
2022-05-26,Thursday,-0.00025059516351344513,0.00025059516351344513,event,True
2022-05-27,Friday,0.001699674844812371,0.001699674844812371,event,True
2022-05-31,Tuesday,-0.0012116218770445997,0.0012116218770445997,control,False
2022-06-01,Wednesday,0.0003134569478937532,0.0003134569478937532,control,False
2022-06-02,Thursday,-0.00041351463112071496,0.00041351463112071496,event,True
2022-06-03,Friday,0.002869751850869351,0.002869751850869351,event,True
2022-06-06,Monday,0.0005544840887172775,0.0005544840887172775,control,False
2022-06-07,Tuesday,0.0,0.0,control,False
2022-06-08,Wednesday,-0.0011354302555924844,0.0011354302555924844,control,False
2022-06-09,Thursday,-0.0005105762217360033,0.0005105762217360033,event,True
2022-06-10,Friday,-0.014112200706854372,0.014112200706854372,event,True
2022-06-13,Monday,-0.0004715745349751499,0.0004715745349751499,control,False
2022-06-14,Tuesday,0.002709667135988081,0.002709667135988081,event,True
2022-06-15,Wednesday,0.0007968127490041166,0.0007968127490041166,control,False
2022-06-16,Thursday,0.0011293358429684819,0.0011293358429684819,event,True
2022-06-17,Friday,-0.0008409516317174903,0.0008409516317174903,control,False
2022-06-21,Tuesday,0.0008077544426494665,0.0008077544426494665,control,False
2022-06-22,Wednesday,-0.0007042825798412311,0.0007042825798412311,control,False
2022-06-23,Thursday,-0.0012221041445270586,0.0012221041445270586,event,True
2022-06-24,Friday,-7.877116975196774e-05,7.877116975196774e-05,control,False
2022-06-27,Monday,-0.0014588825471577582,0.0014588825471577582,control,False
2022-06-28,Tuesday,-0.000641799091212536,0.000641799091212536,control,False
2022-06-29,Wednesday,-0.0014156879194631156,0.0014156879194631156,event,True
2022-06-30,Thursday,0.00293075426957623,0.00293075426957623,event,True
2022-07-01,Friday,0.002688672966857597,0.002688672966857597,control,False
2022-07-05,Tuesday,-0.0007160474182511534,0.0007160474182511534,control,False
2022-07-06,Wednesday,0.0006540239546122262,0.0006540239546122262,control,False
2022-07-07,Thursday,-0.0004420866489832642,0.0004420866489832642,event,True
2022-07-08,Friday,-0.0033193525975864224,0.0033193525975864224,event,True
2022-07-11,Monday,-0.0006214557601180726,0.0006214557601180726,control,False
2022-07-12,Tuesday,0.0008105210866209411,0.0008105210866209411,control,False
2022-07-13,Wednesday,-0.023177686918930296,0.023177686918930296,event,True
2022-07-14,Thursday,0.0014439660935368082,0.0014439660935368082,event,True
2022-07-15,Friday,-0.00037012557832116766,0.00037012557832116766,control,False
2022-07-18,Monday,0.001006165991589425,0.001006165991589425,control,False
2022-07-19,Tuesday,0.0010670136629797877,0.0010670136629797877,control,False
2022-07-20,Wednesday,0.0008435151577117495,0.0008435151577117495,control,False
2022-07-21,Thursday,0.001469321578760674,0.001469321578760674,event,True
2022-07-22,Friday,0.0002511111669134536,0.0002511111669134536,control,False
2022-07-25,Monday,2.519843769688279e-05,2.519843769688279e-05,control,False
2022-07-26,Tuesday,0.0003297818366312377,0.0003297818366312377,control,False
2022-07-27,Wednesday,0.00025362043166188286,0.00025362043166188286,control,False
2022-07-28,Thursday,0.00012496251124671787,0.00012496251124671787,event,True
2022-07-29,Friday,-0.001225460160290237,0.001225460160290237,event,True
2022-08-01,Monday,-0.00019485106072036906,0.00019485106072036906,control,False
2022-08-02,Tuesday,9.79959821647558e-05,9.79959821647558e-05,control,False
2022-08-03,Wednesday,0.0002922979490427302,0.0002922979490427302,control,False
2022-08-04,Thursday,0.0007474562376428295,0.0007474562376428295,event,True
2022-08-05,Friday,-0.008612578707389407,0.008612578707389407,event,True
2022-08-08,Monday,-0.00036046427798996916,0.00036046427798996916,control,False
2022-08-09,Tuesday,0.00048540154843101924,0.00048540154843101924,control,False
2022-08-10,Wednesday,0.011864119512844828,0.011864119512844828,event,True
2022-08-11,Thursday,-0.0006863580422227233,0.0006863580422227233,event,True
2022-08-12,Friday,0.0005452821242293293,0.0005452821242293293,control,False
2022-08-15,Monday,-0.0005881660981060799,0.0005881660981060799,control,False
2022-08-16,Tuesday,-0.000700214732518023,0.000700214732518023,control,False
2022-08-17,Wednesday,-0.0004223468406110431,0.0004223468406110431,control,False
2022-08-18,Thursday,7.017379710427818e-05,7.017379710427818e-05,event,True
2022-08-19,Friday,-0.00011801080979023659,0.00011801080979023659,control,False
2022-08-22,Monday,0.0001437917894888674,0.0001437917894888674,control,False
2022-08-23,Tuesday,-0.0006283228612856684,0.0006283228612856684,control,False
2022-08-24,Wednesday,-0.00014527141542786115,0.00014527141542786115,control,False
2022-08-25,Thursday,-0.00033669223924381875,0.00033669223924381875,event,True
2022-08-26,Friday,0.0017215407789972215,0.0017215407789972215,event,True
2022-08-29,Monday,0.0008205893323387503,0.0008205893323387503,control,False
2022-08-30,Tuesday,-0.001383706851819877,0.001383706851819877,control,False
2022-08-31,Wednesday,-0.0011506616304374218,0.0011506616304374218,control,False
2022-09-01,Thursday,-0.0016519683838667198,0.0016519683838667198,event,True
2022-09-02,Friday,0.004734085414987987,0.004734085414987987,event,True
2022-09-06,Tuesday,-7.352941176475003e-05,7.352941176475003e-05,control,False
2022-09-07,Wednesday,0.0009241669661650409,0.0009241669661650409,control,False
2022-09-08,Thursday,-0.001885796183148547,0.001885796183148547,event,True
2022-09-09,Friday,0.000718764716087783,0.000718764716087783,control,False
2022-09-12,Monday,0.0008340488163867121,0.0008340488163867121,control,False
2022-09-13,Tuesday,-0.020447577432827213,0.020447577432827213,event,True
2022-09-14,Wednesday,-0.0017004644552168768,0.0017004644552168768,event,True
2022-09-15,Thursday,0.0007116714111428113,0.0007116714111428113,event,True
2022-09-16,Friday,-0.0007281427159724352,0.0007281427159724352,control,False
2022-09-19,Monday,-2.614310736970271e-05,2.614310736970271e-05,control,False
2022-09-20,Tuesday,0.00041504539559023,0.00041504539559023,control,False
2022-09-21,Wednesday,0.001192173124271001,0.001192173124271001,control,False
2022-09-22,Thursday,-0.000158856235107252,0.000158856235107252,event,True
2022-09-23,Friday,-0.0007299862113715472,0.0007299862113715472,control,False
2022-09-26,Monday,-0.001993010811401019,0.001993010811401019,control,False
2022-09-27,Tuesday,0.0014098636228072614,0.0014098636228072614,control,False
2022-09-28,Wednesday,0.0022593888628661407,0.0022593888628661407,control,False
2022-09-29,Thursday,-0.005253273088543509,0.005253273088543509,event,True
2022-09-30,Friday,-0.005536521858298005,0.005536521858298005,event,True
2022-10-03,Monday,0.0016666666666667052,0.0016666666666667052,control,False
2022-10-04,Tuesday,-0.0003763397534046753,0.0003763397534046753,control,False
2022-10-05,Wednesday,0.0006414368184732844,0.0006414368184732844,control,False
2022-10-06,Thursday,0.0034070643349570773,0.0034070643349570773,event,True
2022-10-07,Friday,-0.005918744476284821,0.005918744476284821,event,True
2022-10-10,Monday,0.00046878446944642604,0.00046878446944642604,control,False
2022-10-11,Tuesday,0.0010830024159285134,0.0010830024159285134,control,False
2022-10-12,Wednesday,-0.006074390480681258,0.006074390480681258,event,True
2022-10-13,Thursday,-0.027736131934033015,0.027736131934033015,event,True
2022-10-14,Friday,-2.726950451303889e-05,2.726950451303889e-05,control,False
2022-10-17,Monday,0.0003591954022987842,0.0003591954022987842,control,False
2022-10-18,Tuesday,0.0014963259853040256,0.0014963259853040256,control,False
2022-10-19,Wednesday,-0.0013008482614705885,0.0013008482614705885,control,False
2022-10-20,Thursday,-0.0017015530047265193,0.0017015530047265193,event,True
2022-10-21,Friday,-0.0002757707793282771,0.0002757707793282771,control,False
2022-10-24,Monday,-0.000877612892931201,0.000877612892931201,control,False
2022-10-25,Tuesday,-0.00026497787434742737,0.00026497787434742737,control,False
2022-10-26,Wednesday,5.239305268123218e-05,5.239305268123218e-05,control,False
2022-10-27,Thursday,0.0019354501229271737,0.0019354501229271737,event,True
2022-10-28,Friday,0.003864478560084539,0.003864478560084539,event,True
2022-10-31,Monday,-0.00041343669250648585,0.00041343669250648585,control,False
2022-11-01,Tuesday,0.00021000440497043193,0.00021000440497043193,control,False
2022-11-02,Wednesday,0.00036427028855423593,0.00036427028855423593,control,False
2022-11-03,Thursday,0.0007793603869925558,0.0007793603869925558,event,True
2022-11-04,Friday,-0.004070156647476231,0.004070156647476231,event,True
2022-11-07,Monday,-2.6518164943145628e-05,2.6518164943145628e-05,control,False
2022-11-08,Tuesday,0.0004465223786509487,0.0004465223786509487,control,False
2022-11-09,Wednesday,0.0010787202694171327,0.0010787202694171327,control,False
2022-11-10,Thursday,0.02412046908315557,0.02412046908315557,event,True
2022-11-11,Friday,-0.0004791083541366703,0.0004791083541366703,control,False
2022-11-14,Monday,0.000578747389345935,0.000578747389345935,control,False
2022-11-15,Tuesday,0.008740076632190563,0.008740076632190563,event,True
2022-11-16,Wednesday,-0.0014567739990957174,0.0014567739990957174,control,False
2022-11-17,Thursday,-0.00022994966657297056,0.00022994966657297056,event,True
2022-11-18,Friday,-0.00022621022470226126,0.00022621022470226126,control,False
2022-11-21,Monday,-0.00010129659643443034,0.00010129659643443034,control,False
2022-11-22,Tuesday,0.00017676767676766403,0.00017676767676766403,control,False
2022-11-23,Wednesday,0.0006000450033751825,0.0006000450033751825,event,True
2022-11-25,Friday,-0.0005031680954155071,0.0005031680954155071,control,False
2022-11-28,Monday,0.0005008765339342691,0.0005008765339342691,control,False
2022-11-29,Tuesday,-0.00025223225546078254,0.00025223225546078254,control,False
2022-11-30,Wednesday,-0.002118804388951845,0.002118804388951845,event,True
2022-12-01,Thursday,0.0033802816901409294,0.0033802816901409294,event,True
2022-12-02,Friday,-0.013350708103855302,0.013350708103855302,event,True
2022-12-05,Monday,-0.00019748697820232142,0.00019748697820232142,control,False
2022-12-06,Tuesday,0.0002500625156289793,0.0002500625156289793,control,False
2022-12-07,Wednesday,0.001504449600938207,0.001504449600938207,control,False
2022-12-08,Thursday,0.00040501202379439327,0.00040501202379439327,event,True
2022-12-09,Friday,-0.008083343793146791,0.008083343793146791,event,True
2022-12-12,Monday,-0.0002281773698755707,0.0002281773698755707,control,False
2022-12-13,Tuesday,0.0021387031435735615,0.0021387031435735615,event,True
2022-12-14,Wednesday,0.00037372932031098927,0.00037372932031098927,control,False
2022-12-15,Thursday,7.600131735618909e-05,7.600131735618909e-05,event,True
2022-12-16,Friday,-0.00023422860712063454,0.00023422860712063454,control,False
2022-12-19,Monday,-0.0004429044108067437,0.0004429044108067437,control,False
2022-12-20,Tuesday,0.0008177477643831477,0.0008177477643831477,control,False
2022-12-21,Wednesday,0.00028663084867774913,0.00028663084867774913,control,False
2022-12-22,Thursday,-0.0015062196483756063,0.0015062196483756063,event,True
2022-12-23,Friday,-0.003203192690419354,0.003203192690419354,event,True
2022-12-27,Tuesday,-0.0009620134681885828,0.0009620134681885828,control,False
2022-12-28,Wednesday,-0.00023552810635407706,0.00023552810635407706,control,False
2022-12-29,Thursday,0.0011354634275151376,0.0011354634275151376,event,True
2022-12-30,Friday,0.00023642525021672078,0.00023642525021672078,control,False
2023-01-03,Tuesday,0.00015619712076642145,0.00015619712076642145,control,False
2023-01-04,Wednesday,5.221932114873873e-05,5.221932114873873e-05,control,False
2023-01-05,Thursday,-0.002011599352108262,0.002011599352108262,event,True
2023-01-06,Friday,0.005039577836411624,0.005039577836411624,event,True
2023-01-09,Monday,0.0006667521477112803,0.0006667521477112803,control,False
2023-01-10,Tuesday,0.0005572980118717652,0.0005572980118717652,control,False
2023-01-11,Wednesday,-0.0005358373095865065,0.0005358373095865065,control,False
2023-01-12,Thursday,0.005228559100484809,0.005228559100484809,event,True
2023-01-13,Friday,-2.5429116338182567e-05,2.5429116338182567e-05,control,False
2023-01-17,Tuesday,0.0006034244336610151,0.0006034244336610151,control,False
2023-01-18,Wednesday,-0.0016792400812051245,0.0016792400812051245,event,True
2023-01-19,Thursday,0.00043794116131690153,0.00043794116131690153,event,True
2023-01-20,Friday,2.567328181557471e-05,2.567328181557471e-05,control,False
2023-01-23,Monday,-0.00045124647384908734,0.00045124647384908734,control,False
2023-01-24,Tuesday,-0.000950522787533159,0.000950522787533159,control,False
2023-01-25,Wednesday,-0.0011083961004610954,0.0011083961004610954,control,False
2023-01-26,Thursday,-0.0007954065273048094,0.0007954065273048094,event,True
2023-01-27,Friday,0.0006191950464395912,0.0006191950464395912,event,True
2023-01-30,Monday,-0.0007450639513223445,0.0007450639513223445,control,False
2023-01-31,Tuesday,0.0014246082327360465,0.0014246082327360465,control,False
2023-02-01,Wednesday,0.0003700323161555108,0.0003700323161555108,control,False
2023-02-02,Thursday,0.0003385977217209568,0.0003385977217209568,event,True
2023-02-03,Friday,-0.0034039060425368195,0.0034039060425368195,event,True
2023-02-06,Monday,-0.0014152554780146875,0.0014152554780146875,control,False
2023-02-07,Tuesday,-0.0007076622742802074,0.0007076622742802074,control,False
2023-02-08,Wednesday,0.00021772262138020082,0.00021772262138020082,control,False
2023-02-09,Thursday,0.0008457170472393472,0.0008457170472393472,event,True
2023-02-10,Friday,4.934616333573949e-05,4.934616333573949e-05,event,True
2023-02-13,Monday,9.784735812123913e-05,9.784735812123913e-05,control,False
2023-02-14,Tuesday,0.002828136330674358,0.002828136330674358,event,True
2023-02-15,Wednesday,-0.00048664168572687405,0.00048664168572687405,control,False
2023-02-16,Thursday,-0.002595197671598326,0.002595197671598326,event,True
2023-02-17,Friday,0.0009859745125588848,0.0009859745125588848,control,False
2023-02-21,Tuesday,0.0007432365474184799,0.0007432365474184799,control,False
2023-02-22,Wednesday,0.0005503715007628696,0.0005503715007628696,control,False
2023-02-23,Thursday,-0.0016712397106509735,0.0016712397106509735,event,True
2023-02-24,Friday,-0.0027665995975855173,0.0027665995975855173,event,True
2023-02-27,Monday,0.0010044906048518598,0.0010044906048518598,control,False
2023-02-28,Tuesday,-0.0009532410194661445,0.0009532410194661445,control,False
2023-03-01,Wednesday,-0.0011857308643220543,0.0011857308643220543,control,False
2023-03-02,Thursday,-0.0017808532831301571,0.0017808532831301571,event,True
2023-03-03,Friday,0.00015038347786866524,0.00015038347786866524,control,False
2023-03-06,Monday,0.0001975601323651599,0.0001975601323651599,control,False
2023-03-07,Tuesday,0.0006173601679220209,0.0006173601679220209,control,False
2023-03-08,Wednesday,0.00037641154328738047,0.00037641154328738047,control,False
2023-03-09,Thursday,0.0026133936424175275,0.0026133936424175275,event,True
2023-03-10,Friday,0.005831798649478248,0.005831798649478248,event,True
2023-03-13,Monday,-0.0014820592823714396,0.0014820592823714396,control,False
2023-03-14,Tuesday,-0.000360778250225402,0.000360778250225402,event,True
2023-03-15,Wednesday,0.00031149413352715705,0.00031149413352715705,event,True
2023-03-16,Thursday,0.0010030864197529965,0.0010030864197529965,event,True
2023-03-17,Friday,0.0005358646558983882,0.0005358646558983882,control,False
2023-03-20,Monday,0.00035883634499556116,0.00035883634499556116,control,False
2023-03-21,Tuesday,-0.00015120967741932834,0.00015120967741932834,control,False
2023-03-22,Wednesday,-0.0001530855522373642,0.0001530855522373642,control,False
2023-03-23,Thursday,-0.00043114379913777867,0.00043114379913777867,event,True
2023-03-24,Friday,-0.000999948720578403,0.000999948720578403,control,False
2023-03-27,Monday,0.00035167043456407754,0.00035167043456407754,control,False
2023-03-28,Tuesday,-0.0006567480865896647,0.0006567480865896647,control,False
2023-03-29,Wednesday,-2.5075854459877256e-05,2.5075854459877256e-05,control,False
2023-03-30,Thursday,0.000793178663494043,0.000793178663494043,event,True
2023-03-31,Friday,0.001830052428529072,0.001830052428529072,event,True
2023-04-03,Monday,-0.00036670997546539574,0.00036670997546539574,control,False
2023-04-04,Tuesday,-4.8529554498633054e-05,4.8529554498633054e-05,control,False
2023-04-05,Wednesday,-0.0012003625584869893,0.0012003625584869893,control,False
2023-04-06,Thursday,-0.00031897926634771867,0.00031897926634771867,event,True
2023-04-10,Monday,-0.000638679407501952,0.000638679407501952,control,False
2023-04-11,Tuesday,0.00031728211261072836,0.00031728211261072836,control,False
2023-04-12,Wednesday,0.0078022138781879136,0.0078022138781879136,event,True
2023-04-13,Thursday,0.0013217152927356146,0.0013217152927356146,event,True
2023-04-14,Friday,-0.0018131270397678811,0.0018131270397678811,control,False
2023-04-17,Monday,-0.00048443744701476277,0.00048443744701476277,control,False
2023-04-18,Tuesday,0.0005771866958466099,0.0005771866958466099,control,False
2023-04-19,Wednesday,-0.0007766236287738426,0.0007766236287738426,control,False
2023-04-20,Thursday,-0.000729217306757346,0.000729217306757346,event,True
2023-04-21,Friday,-0.0002428363283147883,0.0002428363283147883,control,False
2023-04-24,Monday,-0.0001699441612041941,0.0001699441612041941,control,False
2023-04-25,Tuesday,-0.0004622533635014747,0.0004622533635014747,control,False
2023-04-26,Wednesday,0.0004913642729038603,0.0004913642729038603,control,False
2023-04-27,Thursday,-0.0009826802604103735,0.0009826802604103735,event,True
2023-04-28,Friday,-0.000486404980787003,0.000486404980787003,event,True
2023-05-01,Monday,-0.00021661692500252183,0.00021661692500252183,control,False
2023-05-02,Tuesday,0.00045823987651649745,0.00045823987651649745,control,False
2023-05-03,Wednesday,-0.0006069139638764653,0.0006069139638764653,control,False
2023-05-04,Thursday,0.0014022140221401358,0.0014022140221401358,event,True
2023-05-05,Friday,-0.0014464329492521744,0.0014464329492521744,event,True
2023-05-08,Monday,-0.0002902336380786741,0.0002902336380786741,control,False
2023-05-09,Tuesday,-0.00024297793760330588,0.00024297793760330588,control,False
2023-05-10,Wednesday,0.004457978075517621,0.004457978075517621,event,True
2023-05-11,Thursday,-0.0009195402298850519,0.0009195402298850519,event,True
2023-05-12,Friday,0.0006291743296873431,0.0006291743296873431,control,False
2023-05-15,Monday,-0.0007263922518160326,0.0007263922518160326,control,False
2023-05-16,Tuesday,-0.000969861552263529,0.000969861552263529,control,False
2023-05-17,Wednesday,-4.8593226104287623e-05,4.8593226104287623e-05,control,False
2023-05-18,Thursday,-0.0007935172048957329,0.0007935172048957329,event,True
2023-05-19,Friday,0.00019020446980499983,0.00019020446980499983,control,False
2023-05-22,Monday,0.0,0.0,control,False
2023-05-23,Tuesday,-0.0005264291354598605,0.0005264291354598605,control,False
2023-05-24,Wednesday,-0.0006782617121262602,0.0006782617121262602,control,False
2023-05-25,Thursday,-0.0006760835446093516,0.0006760835446093516,event,True
2023-05-26,Friday,-0.0011794723666473939,0.0011794723666473939,event,True
2023-05-30,Tuesday,-0.00016569616058326186,0.00016569616058326186,control,False
2023-05-31,Wednesday,0.0001673160121422601,0.0001673160121422601,control,False
2023-06-01,Thursday,0.00011948858883981117,0.00011948858883981117,event,True
2023-06-02,Friday,0.0017002786567799077,0.0017002786567799077,event,True
2023-06-05,Monday,9.347760042999198e-05,9.347760042999198e-05,control,False
2023-06-06,Tuesday,0.0,0.0,control,False
2023-06-07,Wednesday,0.00014002006954338952,0.00014002006954338952,control,False
2023-06-08,Thursday,0.0007734677135826651,0.0007734677135826651,event,True
2023-06-09,Friday,-0.00013979496738114605,0.00013979496738114605,control,False
2023-06-12,Monday,0.0004642310013462936,0.0004642310013462936,control,False
2023-06-13,Tuesday,0.0002992013625169321,0.0002992013625169321,event,True
2023-06-14,Wednesday,0.0002972311772639902,0.0002972311772639902,event,True
2023-06-15,Thursday,2.295736816737559e-05,2.295736816737559e-05,event,True
2023-06-16,Friday,0.00036207286716449794,0.00036207286716449794,control,False
2023-06-20,Tuesday,-9.130127137024768e-05,9.130127137024768e-05,control,False
2023-06-21,Wednesday,-0.0001604584527220565,0.0001604584527220565,control,False
2023-06-22,Thursday,0.0010135913384012873,0.0010135913384012873,event,True
2023-06-23,Friday,-0.00013822973782429138,0.00013822973782429138,control,False
2023-06-26,Monday,0.00023084025854114287,0.00023084025854114287,control,False
2023-06-27,Tuesday,0.0006946695688416771,0.0006946695688416771,control,False
2023-06-28,Wednesday,-0.0003902483816170532,0.0003902483816170532,control,False
2023-06-29,Thursday,0.0003883495145631244,0.0003883495145631244,event,True
2023-06-30,Friday,0.0022952458867375736,0.0022952458867375736,event,True
2023-07-03,Monday,-0.00033844001714755656,0.00033844001714755656,control,False
2023-07-05,Wednesday,-7.154313099899667e-05,7.154313099899667e-05,control,False
2023-07-06,Thursday,-0.0011010590598998782,0.0011010590598998782,event,True
2023-07-07,Friday,0.001637442860066951,0.001637442860066951,event,True
2023-07-10,Monday,-0.00027358533582599875,0.00027358533582599875,control,False
2023-07-11,Tuesday,0.0006582830162980002,0.0006582830162980002,control,False
2023-07-12,Wednesday,0.004825906548800329,0.004825906548800329,event,True
2023-07-13,Thursday,-4.46927374301298e-05,4.46927374301298e-05,event,True
2023-07-14,Friday,-2.2201993739145998e-05,2.2201993739145998e-05,control,False
2023-07-17,Monday,0.0006690156549662429,0.0006690156549662429,control,False
2023-07-18,Tuesday,-0.0006656312402929521,0.0006656312402929521,control,False
2023-07-19,Wednesday,0.00024216806463672746,0.00024216806463672746,control,False
2023-07-20,Thursday,-0.00041806939952049316,0.00041806939952049316,event,True
2023-07-21,Friday,0.0001761998105853646,0.0001761998105853646,control,False
2023-07-24,Monday,0.00013246787653997671,0.00013246787653997671,control,False
2023-07-25,Tuesday,-8.382469418288796e-05,8.382469418288796e-05,control,False
2023-07-26,Wednesday,0.0001759053629146745,0.0001759053629146745,control,False
2023-07-27,Thursday,0.0010244561663543816,0.0010244561663543816,event,True
2023-07-28,Friday,-0.00010974779955652547,0.00010974779955652547,event,True
2023-07-31,Monday,0.00021850281868629473,0.00021850281868629473,control,False
2023-08-01,Tuesday,8.77404637082968e-05,8.77404637082968e-05,control,False
2023-08-02,Wednesday,-0.0005946481665015657,0.0005946481665015657,control,False
2023-08-03,Thursday,-0.00013372559507884851,0.00013372559507884851,event,True
2023-08-04,Friday,0.0004007034571804624,0.0004007034571804624,event,True
2023-08-07,Monday,0.0007596407346173173,0.0007596407346173173,control,False
2023-08-08,Tuesday,-0.00040220767322851625,0.00040220767322851625,control,False
2023-08-09,Wednesday,0.0007115855014454553,0.0007115855014454553,control,False
2023-08-10,Thursday,-0.0006913470115967879,0.0006913470115967879,event,True
2023-08-11,Friday,-0.0029155826679824193,0.0029155826679824193,event,True
2023-08-14,Monday,-0.0007860575843327,0.0007860575843327,control,False
2023-08-15,Tuesday,-0.00020208370756247263,0.00020208370756247263,control,False
2023-08-16,Wednesday,0.0007681706242514963,0.0007681706242514963,control,False
2023-08-17,Thursday,0.0003856099441998939,0.0003856099441998939,event,True
2023-08-18,Friday,-0.00034586119437396423,0.00034586119437396423,control,False
2023-08-21,Monday,-0.0006624692033945223,0.0006624692033945223,control,False
2023-08-22,Tuesday,0.00031690698779907045,0.00031690698779907045,control,False
2023-08-23,Wednesday,0.000524694878521581,0.000524694878521581,control,False
2023-08-24,Thursday,-0.0003370862266568464,0.0003370862266568464,event,True
2023-08-25,Friday,-0.00013676772281745464,0.00013676772281745464,control,False
2023-08-28,Monday,0.0005207625775482949,0.0005207625775482949,control,False
2023-08-29,Tuesday,0.0005656364541382075,0.0005656364541382075,control,False
2023-08-30,Wednesday,0.0009123884549480099,0.0009123884549480099,event,True
2023-08-31,Thursday,0.0,0.0,event,True
2023-09-01,Friday,0.0017681902572717068,0.0017681902572717068,event,True
2023-09-05,Tuesday,-0.00022222222222223476,0.00022222222222223476,control,False
2023-09-06,Wednesday,-0.00035693570695571886,0.00035693570695571886,control,False
2023-09-07,Thursday,-0.0014180885067303084,0.0014180885067303084,event,True
2023-09-08,Friday,0.00040465806393608084,0.00040465806393608084,control,False
2023-09-11,Monday,-0.0001786511835640825,0.0001786511835640825,control,False
2023-09-12,Tuesday,0.0002905157772414846,0.0002905157772414846,control,False
2023-09-13,Wednesday,-0.0013677743396565134,0.0013677743396565134,event,True
2023-09-14,Thursday,-0.000200789773107668,0.000200789773107668,event,True
2023-09-15,Friday,-0.0006017281311242462,0.0006017281311242462,control,False
2023-09-18,Monday,-0.00011287955751215772,0.00011287955751215772,control,False
2023-09-19,Tuesday,-0.0005179713539321673,0.0005179713539321673,control,False
2023-09-20,Wednesday,-0.00018022889069113646,0.00018022889069113646,control,False
2023-09-21,Thursday,-0.0010801369705604191,0.0010801369705604191,event,True
2023-09-22,Friday,-0.0003232211294269538,0.0003232211294269538,control,False
2023-09-25,Monday,-0.0003494955614062878,0.0003494955614062878,control,False
2023-09-26,Tuesday,-0.001022209831800014,0.001022209831800014,control,False
2023-09-27,Wednesday,0.0009129427186964634,0.0009129427186964634,control,False
2023-09-28,Thursday,0.002274325908558028,0.002274325908558028,event,True
2023-09-29,Friday,0.00011603351047773103,0.00011603351047773103,event,True
2023-10-02,Monday,-0.00011720581340834979,0.00011720581340834979,control,False
2023-10-03,Tuesday,-0.0003762138775894597,0.0003762138775894597,control,False
2023-10-04,Wednesday,0.0002603303829222803,0.0002603303829222803,control,False
2023-10-05,Thursday,-0.0022837500588596127,0.0022837500588596127,event,True
2023-10-06,Friday,-0.009729093050647841,0.009729093050647841,event,True
2023-10-09,Monday,-0.0007490987405777139,0.0007490987405777139,control,False
2023-10-10,Tuesday,0.00013876040703042491,0.00013876040703042491,control,False
2023-10-11,Wednesday,-0.0008717995778654286,0.0008717995778654286,event,True
2023-10-12,Thursday,-0.002190780465540776,0.002190780465540776,event,True
2023-10-13,Friday,0.0007145491425410988,0.0007145491425410988,control,False
2023-10-16,Monday,0.00039291822678300115,0.00039291822678300115,control,False
2023-10-17,Tuesday,-0.0010581767155114497,0.0010581767155114497,control,False
2023-10-18,Wednesday,-0.00016110842597061303,0.00016110842597061303,control,False
2023-10-19,Thursday,0.0005342500754919044,0.0005342500754919044,event,True
2023-10-20,Friday,0.000682802787718817,0.000682802787718817,control,False
2023-10-23,Monday,0.00016675798651633045,0.00016675798651633045,control,False
2023-10-24,Tuesday,0.0002600226928894944,0.0002600226928894944,control,False
2023-10-25,Wednesday,0.0003075685522984095,0.0003075685522984095,control,False
2023-10-26,Thursday,0.0025059033299601463,0.0025059033299601463,event,True
2023-10-27,Friday,0.0008212560386473555,0.0008212560386473555,event,True
2023-10-30,Monday,0.0001452257049496808,0.0001452257049496808,control,False
2023-10-31,Tuesday,-0.0004320587599914161,0.0004320587599914161,control,False
2023-11-01,Wednesday,0.003284977820405155,0.003284977820405155,control,False
2023-11-02,Thursday,0.0007044734061287805,0.0007044734061287805,event,True
2023-11-03,Friday,0.005202647776100466,0.005202647776100466,event,True
2023-11-06,Monday,0.00022975301550842708,0.00022975301550842708,control,False
2023-11-07,Tuesday,2.759762660398124e-06,2.759762660398124e-06,control,False
2023-11-08,Wednesday,-0.0002515895887653663,0.0002515895887653663,control,False
2023-11-09,Thursday,-0.0003422079255355204,0.0003422079255355204,event,True
2023-11-10,Friday,-0.00022982165839313673,0.00022982165839313673,control,False
2023-11-13,Monday,-0.000181768608561228,0.000181768608561228,control,False
2023-11-14,Tuesday,0.010257341260835995,0.010257341260835995,event,True
2023-11-15,Wednesday,-0.0011307201135155598,0.0011307201135155598,event,True
2023-11-16,Thursday,0.00040063210843777064,0.00040063210843777064,event,True
2023-11-17,Friday,0.0001350157924211448,0.0001350157924211448,event,True
2023-11-20,Monday,6.659415303333915e-05,6.659415303333915e-05,control,False
2023-11-21,Tuesday,-0.0003087168405035978,0.0003087168405035978,control,False
2023-11-22,Wednesday,-0.00021985753231901217,0.00021985753231901217,event,True
2023-11-24,Friday,-0.00017572762218553972,0.00017572762218553972,control,False
2023-11-27,Monday,-0.00019782393669631748,0.00019782393669631748,control,False
2023-11-28,Tuesday,0.00022032740652622174,0.00022032740652622174,control,False
2023-11-29,Wednesday,-0.0002623753716984867,0.0002623753716984867,event,True
2023-11-30,Thursday,-4.385003288764899e-05,4.385003288764899e-05,event,True
2023-12-01,Friday,-0.0003509233671097345,0.0003509233671097345,control,False
2023-12-04,Monday,-0.0003279261947445322,0.0003279261947445322,control,False
2023-12-05,Tuesday,0.0003952048478461645,0.0003952048478461645,control,False
2023-12-06,Wednesday,0.0014198650036041371,0.0014198650036041371,control,False
2023-12-07,Thursday,-2.1960646521379523e-05,2.1960646521379523e-05,event,True
2023-12-08,Friday,-0.002229362009048552,0.002229362009048552,event,True
2023-12-11,Monday,-8.697353830100507e-05,8.697353830100507e-05,control,False
2023-12-12,Tuesday,-0.000907166616268551,0.000907166616268551,event,True
2023-12-13,Wednesday,-0.00012907667154293812,0.00012907667154293812,event,True
2023-12-14,Thursday,-0.00014893436718776965,0.00014893436718776965,event,True
2023-12-15,Friday,-0.0011273167314183041,0.0011273167314183041,control,False
2023-12-18,Monday,0.00012745618693577043,0.00012745618693577043,control,False
2023-12-19,Tuesday,-0.00033822348116518963,0.00033822348116518963,control,False
2023-12-20,Wednesday,-0.00014829337111754715,0.00014829337111754715,control,False
2023-12-21,Thursday,0.0018916850875700941,0.0018916850875700941,event,True
2023-12-22,Friday,-0.0007397544015387281,0.0007397544015387281,event,True
2023-12-26,Tuesday,-0.00021084591380615691,0.00021084591380615691,control,False
2023-12-27,Wednesday,-6.302388605272657e-05,6.302388605272657e-05,control,False
2023-12-28,Thursday,-0.00023054030263658376,0.00023054030263658376,event,True
2023-12-29,Friday,6.292606187718874e-05,6.292606187718874e-05,control,False
2024-01-02,Tuesday,0.001123476417594027,0.001123476417594027,control,False
2024-01-03,Wednesday,-3.9274796195698514e-05,3.9274796195698514e-05,control,False
2024-01-04,Thursday,-0.0005754475703324546,0.0005754475703324546,event,True
2024-01-05,Friday,-0.0022941189082568147,0.0022941189082568147,event,True
2024-01-08,Monday,0.00019222965035559092,0.00019222965035559092,control,False
2024-01-09,Tuesday,-0.0003386100059256103,0.0003386100059256103,control,False
2024-01-10,Wednesday,-0.00035863465676544415,0.00035863465676544415,event,True
2024-01-11,Thursday,-0.003158467202141857,0.003158467202141857,event,True
2024-01-12,Friday,0.0014928825248639033,0.0014928825248639033,event,True
2024-01-16,Tuesday,0.0012005054759898215,0.0012005054759898215,control,False
2024-01-17,Wednesday,4.229671143063385e-05,4.229671143063385e-05,control,False
2024-01-18,Thursday,-2.1070375052723023e-05,2.1070375052723023e-05,event,True
2024-01-19,Friday,2.087682672224922e-05,2.087682672224922e-05,control,False
2024-01-22,Monday,-0.0005574366173920486,0.0005574366173920486,control,False
2024-01-23,Tuesday,-0.00022278658738017487,0.00022278658738017487,control,False
2024-01-24,Wednesday,-2.0498103925459255e-05,2.0498103925459255e-05,control,False
2024-01-25,Thursday,0.0017902339650595067,0.0017902339650595067,event,True
2024-01-26,Friday,-0.0003077175563123147,0.0003077175563123147,event,True
2024-01-29,Monday,-0.00014360152627901357,0.00014360152627901357,control,False
2024-01-30,Tuesday,-4.078968836673802e-05,4.078968836673802e-05,control,False
2024-01-31,Wednesday,-6.133589581081011e-05,6.133589581081011e-05,control,False
2024-02-01,Thursday,-0.0005154745458669785,0.0005154745458669785,event,True
2024-02-02,Friday,-0.004084535663483102,0.004084535663483102,event,True
2024-02-05,Monday,-6.0221420171147066e-05,6.0221420171147066e-05,control,False
2024-02-06,Tuesday,0.0,0.0,control,False
2024-02-07,Wednesday,-0.00012110447279189973,0.00012110447279189973,control,False
2024-02-08,Thursday,0.0001608363490148701,0.0001608363490148701,event,True
2024-02-09,Friday,0.0020428600040056644,0.0020428600040056644,event,True
2024-02-12,Monday,-0.00013966480446925278,0.00013966480446925278,control,False
2024-02-13,Tuesday,-0.007247247247247235,0.007247247247247235,event,True
2024-02-14,Wednesday,0.00010073130930554619,0.00010073130930554619,event,True
2024-02-15,Thursday,0.0009809024302356306,0.0009809024302356306,event,True
2024-02-16,Friday,-0.0026268656716418315,0.0026268656716418315,event,True
2024-02-20,Tuesday,-0.00024106550955227402,0.00024106550955227402,control,False
2024-02-21,Wednesday,-0.000202003878474466,0.000202003878474466,control,False
2024-02-22,Thursday,0.0004565756823822209,0.0004565756823822209,event,True
2024-02-23,Friday,0.00043288339695402023,0.00043288339695402023,control,False
2024-02-26,Monday,0.000570787489912794,0.000570787489912794,control,False
2024-02-27,Tuesday,0.00015803717824636188,0.00015803717824636188,control,False
2024-02-28,Wednesday,0.0010885269261979857,0.0010885269261979857,event,True
2024-02-29,Thursday,0.003921879332884348,0.003921879332884348,event,True
2024-03-01,Friday,-0.0003536484734174561,0.0003536484734174561,control,False
2024-03-04,Monday,7.810974419042438e-05,7.810974419042438e-05,control,False
2024-03-05,Tuesday,0.00017631156212050136,0.00017631156212050136,control,False
2024-03-06,Wednesday,7.846829880731043e-05,7.846829880731043e-05,control,False
2024-03-07,Thursday,0.00041019630823324604,0.00041019630823324604,event,True
2024-03-08,Friday,0.0016715257531585426,0.0016715257531585426,event,True
2024-03-11,Monday,0.0005101540272736127,0.0005101540272736127,control,False
2024-03-12,Tuesday,0.0020497803806733828,0.0020497803806733828,event,True
2024-03-13,Wednesday,-0.00023212142331652252,0.00023212142331652252,control,False
2024-03-14,Thursday,-0.0015827976914317698,0.0015827976914317698,event,True
2024-03-15,Friday,0.00011676332074883611,0.00011676332074883611,control,False
2024-03-18,Monday,-0.0006811723950022053,0.0006811723950022053,control,False
2024-03-19,Tuesday,0.0008815750808111034,0.0008815750808111034,control,False
2024-03-20,Wednesday,0.00019386983579239292,0.00019386983579239292,control,False
2024-03-21,Thursday,-7.644529383654675e-05,7.644529383654675e-05,event,True
2024-03-22,Friday,-9.588830929740944e-05,9.588830929740944e-05,control,False
2024-03-25,Monday,-3.8467456531687816e-05,3.8467456531687816e-05,control,False
2024-03-26,Tuesday,-0.0002874554444063371,0.0002874554444063371,control,False
2024-03-27,Wednesday,0.0003264835797962551,0.0003264835797962551,control,False
2024-03-28,Thursday,-0.00021032906938944773,0.00021032906938944773,event,True
2024-04-01,Monday,-0.0004007557107689186,0.0004007557107689186,control,False
2024-04-02,Tuesday,-0.0006534817121219838,0.0006534817121219838,control,False
2024-04-03,Wednesday,0.00040556199304764284,0.00040556199304764284,control,False
2024-04-04,Thursday,0.0006519654841803391,0.0006519654841803391,event,True
2024-04-05,Friday,0.0004664723032070661,0.0004664723032070661,event,True
2024-04-08,Monday,5.778454070948236e-05,5.778454070948236e-05,control,False
2024-04-09,Tuesday,0.00025145253761205133,0.00025145253761205133,control,False
2024-04-10,Wednesday,-0.012179893570015032,0.012179893570015032,event,True
2024-04-11,Thursday,0.0052763229891346075,0.0052763229891346075,event,True
2024-04-12,Friday,-0.00017427675148118382,0.00017427675148118382,control,False
2024-04-15,Monday,0.001617105801250407,0.001617105801250407,control,False
2024-04-16,Tuesday,0.001205640050697232,0.001205640050697232,control,False
2024-04-17,Wednesday,0.0004358161648176928,0.0004358161648176928,control,False
2024-04-18,Thursday,-3.988910827890102e-05,3.988910827890102e-05,event,True
2024-04-19,Friday,0.0009203497328984511,0.0009203497328984511,control,False
2024-04-22,Monday,0.00010051867637006495,0.00010051867637006495,control,False
2024-04-23,Tuesday,0.0005991611743558778,0.0005991611743558778,control,False
2024-04-24,Wednesday,0.00045369365815162155,0.00045369365815162155,control,False
2024-04-25,Thursday,-0.0035618346433191617,0.0035618346433191617,event,True
2024-04-26,Friday,0.0020508370964877898,0.0020508370964877898,event,True
2024-04-29,Monday,-0.00015696123057606925,0.00015696123057606925,control,False
2024-04-30,Tuesday,-0.0035707278791445862,0.0035707278791445862,control,False
2024-05-01,Wednesday,0.0008194427789103287,0.0008194427789103287,control,False
2024-05-02,Thursday,0.0002580747622733526,0.0002580747622733526,event,True
2024-05-03,Friday,0.0065057960728649444,0.0065057960728649444,event,True
2024-05-06,Monday,5.84123522653357e-05,5.84123522653357e-05,control,False
2024-05-07,Tuesday,3.870792931937039e-05,3.870792931937039e-05,control,False
2024-05-08,Wednesday,-3.879577901921838e-05,3.879577901921838e-05,control,False
2024-05-09,Thursday,0.0013158658590863848,0.0013158658590863848,event,True
2024-05-10,Friday,-0.0005172017469925461,0.0005172017469925461,control,False
2024-05-13,Monday,0.00019158189167955975,0.00019158189167955975,control,False
2024-05-14,Tuesday,-0.001881070290606246,0.001881070290606246,event,True
2024-05-15,Wednesday,0.0041810649306019965,0.0041810649306019965,event,True
2024-05-16,Thursday,-0.0007161028926787605,0.0007161028926787605,event,True
2024-05-17,Friday,1.8898947328649385e-05,1.8898947328649385e-05,control,False
2024-05-20,Monday,-0.00016974726518304006,0.00016974726518304006,control,False
2024-05-21,Tuesday,-0.00011325028312558771,0.00011325028312558771,control,False
2024-05-22,Wednesday,3.7702414839690945e-05,3.7702414839690945e-05,control,False
2024-05-23,Thursday,0.00026224594923673905,0.00026224594923673905,event,True
2024-05-24,Friday,0.0011954912899920789,0.0011954912899920789,control,False
2024-05-28,Tuesday,-0.00016969285593082528,0.00016969285593082528,control,False
2024-05-29,Wednesday,-0.0004177823354033494,0.0004177823354033494,control,False
2024-05-30,Thursday,0.0011640332799023323,0.0011640332799023323,event,True
2024-05-31,Friday,0.002045771753054426,0.002045771753054426,event,True
2024-06-03,Monday,-0.0005296309607126792,0.0005296309607126792,control,False
2024-06-04,Tuesday,-1.9017191541181866e-05,1.9017191541181866e-05,control,False
2024-06-05,Wednesday,1.8875759749237275e-05,1.8875759749237275e-05,control,False
2024-06-06,Thursday,-0.000616960813640488,0.000616960813640488,event,True
2024-06-07,Friday,-0.004316224144696346,0.004316224144696346,event,True
2024-06-10,Monday,-1.873431001531145e-05,1.873431001531145e-05,control,False
2024-06-11,Tuesday,-0.00014976225242413488,0.00014976225242413488,control,False
2024-06-12,Wednesday,0.006492177762895901,0.006492177762895901,event,True
2024-06-13,Thursday,0.00235914259911163,0.00235914259911163,event,True
2024-06-14,Friday,-0.00022199611506801276,0.00022199611506801276,control,False
2024-06-17,Monday,-0.00031336405529946987,0.00031336405529946987,control,False
2024-06-18,Tuesday,-0.0006211407066389896,0.0006211407066389896,control,False
2024-06-20,Thursday,-0.000999291411544423,0.000999291411544423,event,True
2024-06-21,Friday,0.0007715198941915524,0.0007715198941915524,control,False
2024-06-24,Monday,-0.00029355643622475114,0.00029355643622475114,control,False
2024-06-25,Tuesday,-0.0004227708030807298,0.0004227708030807298,control,False
2024-06-26,Wednesday,-0.00012858901115064825,0.00012858901115064825,control,False
2024-06-27,Thursday,0.0009725841377032918,0.0009725841377032918,event,True
2024-06-28,Friday,0.0010036496350365187,0.0010036496350365187,event,True
2024-07-01,Monday,-0.00011000495022261969,0.00011000495022261969,control,False
2024-07-02,Tuesday,5.521811154074463e-05,5.521811154074463e-05,control,False
2024-07-03,Wednesday,-0.0005102691669854886,0.0005102691669854886,event,True
2024-07-05,Friday,0.00019927536231878484,0.00019927536231878484,event,True
2024-07-08,Monday,0.0001080964220085967,0.0001080964220085967,control,False
2024-07-09,Tuesday,7.4269889224432e-05,7.4269889224432e-05,control,False
2024-07-10,Wednesday,1.7943656917207562e-05,1.7943656917207562e-05,control,False
2024-07-11,Thursday,0.0020997562147444526,0.0020997562147444526,event,True
2024-07-12,Friday,0.0006647502694934193,0.0006647502694934193,event,True
2024-07-15,Monday,-0.00023134554125958662,0.00023134554125958662,control,False
2024-07-16,Tuesday,0.0008183014907319208,0.0008183014907319208,control,False
2024-07-17,Wednesday,0.00019651630192063507,0.00019651630192063507,control,False
2024-07-18,Thursday,0.00017908309455583193,0.00017908309455583193,event,True
2024-07-19,Friday,0.0008499095840868165,0.0008499095840868165,control,False
2024-07-22,Monday,-7.236413633393557e-05,7.236413633393557e-05,control,False
2024-07-23,Tuesday,-0.0005230031199841001,0.0005230031199841001,control,False
2024-07-24,Wednesday,-0.0001639583181518578,0.0001639583181518578,control,False
2024-07-25,Thursday,0.00020357175904517355,0.00020357175904517355,event,True
2024-07-26,Friday,-0.0010861761078075904,0.0010861761078075904,event,True
2024-07-29,Monday,0.000785876160538157,0.000785876160538157,control,False
2024-07-30,Tuesday,0.0002565324147030257,0.0002565324147030257,control,False
2024-07-31,Wednesday,0.0007300469055135927,0.0007300469055135927,control,False
2024-08-01,Thursday,0.0005601633508611759,0.0005601633508611759,event,True
2024-08-02,Friday,-0.007309859940851426,0.007309859940851426,event,True
2024-08-05,Monday,-0.0021384708952149056,0.0021384708952149056,control,False
2024-08-06,Tuesday,-0.0023231702634206597,0.0023231702634206597,control,False
2024-08-07,Wednesday,0.0005682786838667742,0.0005682786838667742,control,False
2024-08-08,Thursday,0.006009476482145004,0.006009476482145004,event,True
2024-08-09,Friday,-0.001378789309660955,0.001378789309660955,control,False
2024-08-12,Monday,-0.0007667860151092665,0.0007667860151092665,control,False
2024-08-13,Tuesday,0.0011391223155929886,0.0011391223155929886,event,True
2024-08-14,Wednesday,-0.0017508938774006833,0.0017508938774006833,event,True
2024-08-15,Thursday,0.0041796516956920104,0.0041796516956920104,event,True
2024-08-16,Friday,-0.0018493001667996278,0.0018493001667996278,control,False
2024-08-19,Monday,-1.8021265092760252e-05,1.8021265092760252e-05,control,False
2024-08-20,Tuesday,-0.00025005804918998287,0.00025005804918998287,control,False
2024-08-21,Wednesday,-0.00041075095990716903,0.00041075095990716903,event,True
2024-08-22,Thursday,0.0003026796047360669,0.0003026796047360669,event,True
2024-08-23,Friday,0.00037554991237165325,0.00037554991237165325,control,False
2024-08-26,Monday,-0.0002663967179925564,0.0002663967179925564,control,False
2024-08-27,Tuesday,-0.00026778541462102456,0.00026778541462102456,control,False
2024-08-28,Wednesday,0.00021379322631798203,0.00021379322631798203,control,False
2024-08-29,Thursday,0.00028563777559575954,0.00028563777559575954,event,True
2024-08-30,Friday,-0.0007482629609834035,0.0007482629609834035,event,True
2024-09-03,Tuesday,0.00026740351189946665,0.00026740351189946665,control,False
2024-09-04,Wednesday,-0.0005273014891722383,0.0005273014891722383,control,False
2024-09-05,Thursday,0.0012546595145010997,0.0012546595145010997,event,True
2024-09-06,Friday,0.004471321238775694,0.004471321238775694,event,True
2024-09-09,Monday,0.0006994680361513961,0.0006994680361513961,control,False
2024-09-10,Tuesday,-0.000292040082501277,0.000292040082501277,control,False
2024-09-11,Wednesday,-0.0036093186043968384,0.0036093186043968384,event,True
2024-09-12,Thursday,-0.0014384608468936966,0.0014384608468936966,event,True
2024-09-13,Friday,-0.00024990628514309776,0.00024990628514309776,control,False
2024-09-16,Monday,-7.123014459708976e-05,7.123014459708976e-05,control,False
2024-09-17,Tuesday,-0.0008138136013021713,0.0008138136013021713,control,False
2024-09-18,Wednesday,0.00039041010807272514,0.00039041010807272514,control,False
2024-09-19,Thursday,-7.012622720892203e-05,7.012622720892203e-05,event,True
2024-09-20,Friday,0.00038689481736819964,0.00038689481736819964,control,False
2024-09-23,Monday,7.029753431386787e-05,7.029753431386787e-05,control,False
2024-09-24,Tuesday,-0.00043850417455970625,0.00043850417455970625,control,False
2024-09-25,Wednesday,0.00013642204040786865,0.00013642204040786865,control,False
2024-09-26,Thursday,-0.0001914075414571892,0.0001914075414571892,event,True
2024-09-27,Friday,0.0003141361256544517,0.0003141361256544517,event,True
2024-09-30,Monday,-0.0002455106621772618,0.0002455106621772618,control,False
2024-10-01,Tuesday,-0.00017440440894345155,0.00017440440894345155,control,False
2024-10-02,Wednesday,0.0006349206349207659,0.0006349206349207659,event,True
2024-10-03,Thursday,-0.0005102220345543085,0.0005102220345543085,event,True
2024-10-04,Friday,0.0008770391159445001,0.0008770391159445001,event,True
2024-10-07,Monday,9.110340236162529e-05,9.110340236162529e-05,control,False
2024-10-08,Tuesday,0.00017554330653379857,0.00017554330653379857,control,False
2024-10-09,Wednesday,0.0,0.0,control,False
2024-10-10,Thursday,-0.0018370247131814788,0.0018370247131814788,event,True
2024-10-11,Friday,0.0008153635306975549,0.0008153635306975549,event,True
2024-10-14,Monday,-8.612225915927141e-05,8.612225915927141e-05,control,False
2024-10-15,Tuesday,-0.00018890200708365779,0.00018890200708365779,control,False
2024-10-16,Wednesday,-8.616232982927574e-05,8.616232982927574e-05,control,False
2024-10-17,Thursday,-3.418219107842457e-05,3.418219107842457e-05,event,True
2024-10-18,Friday,0.00027404299049416103,0.00027404299049416103,control,False
2024-10-21,Monday,0.0003430119882688043,0.0003430119882688043,control,False
2024-10-22,Tuesday,-0.0005159781225275717,0.0005159781225275717,control,False
2024-10-23,Wednesday,-0.00044673539518902405,0.00044673539518902405,control,False
2024-10-24,Thursday,0.00020663647478169622,0.00020663647478169622,event,True
2024-10-25,Friday,3.441926101843684e-05,3.441926101843684e-05,control,False
2024-10-28,Monday,0.0008601410631343676,0.0008601410631343676,control,False
2024-10-29,Tuesday,-0.00012069589806373848,0.00012069589806373848,control,False
2024-10-30,Wednesday,0.00012034108100689167,0.00012034108100689167,event,True
2024-10-31,Thursday,-0.0003814279274594323,0.0003814279274594323,event,True
2024-11-01,Friday,0.00043744531933498365,0.00043744531933498365,event,True
2024-11-04,Monday,0.0002973171499529581,0.0002973171499529581,control,False
2024-11-05,Tuesday,0.00021017602241868438,0.00021017602241868438,control,False
2024-11-06,Wednesday,-5.08698748600267e-05,5.08698748600267e-05,control,False
2024-11-07,Thursday,-0.0006074821552116694,0.0006074821552116694,event,True
2024-11-08,Friday,-0.00035234308149201254,0.00035234308149201254,control,False
2024-11-11,Monday,-0.0005662514156286047,0.0005662514156286047,control,False
2024-11-12,Tuesday,0.0003844482332096,0.0003844482332096,control,False
2024-11-13,Wednesday,0.003171140939597361,0.003171140939597361,event,True
2024-11-14,Thursday,-0.0012543903662819433,0.0012543903662819433,event,True
2024-11-15,Friday,-0.0007108162539982699,0.0007108162539982699,control,False
2024-11-18,Monday,0.0006322840835297772,0.0006322840835297772,control,False
2024-11-19,Tuesday,-0.0006825938566552558,0.0006825938566552558,control,False
2024-11-20,Wednesday,-0.00043950842672901835,0.00043950842672901835,control,False
2024-11-21,Thursday,0.0011640265195607125,0.0011640265195607125,event,True
2024-11-22,Friday,-0.0005390109149708833,0.0005390109149708833,control,False
2024-11-25,Monday,5.011945135913187e-05,5.011945135913187e-05,control,False
2024-11-26,Tuesday,0.0003340348064269083,0.0003340348064269083,control,False
2024-11-27,Wednesday,-0.00014981772177191655,0.00014981772177191655,event,True
2024-11-29,Friday,-0.000449962503124679,0.000449962503124679,control,False
2024-12-02,Monday,-6.637571976164658e-05,6.637571976164658e-05,control,False
2024-12-03,Tuesday,8.279516476239479e-05,8.279516476239479e-05,control,False
2024-12-04,Wednesday,0.00014858841010378931,0.00014858841010378931,control,False
2024-12-05,Thursday,9.878169245980395e-05,9.878169245980395e-05,event,True
2024-12-06,Friday,0.0016982687551525544,0.0016982687551525544,event,True
2024-12-09,Monday,-3.3897156028528386e-05,3.3897156028528386e-05,control,False
2024-12-10,Tuesday,-6.612772570213643e-05,6.612772570213643e-05,control,False
2024-12-11,Wednesday,0.0017723154390205664,0.0017723154390205664,event,True
2024-12-12,Thursday,-0.0005606860158311466,0.0005606860158311466,event,True
2024-12-13,Friday,4.9420951188539064e-05,4.9420951188539064e-05,control,False
2024-12-16,Monday,9.8990298950552e-05,9.8990298950552e-05,control,False
2024-12-17,Tuesday,0.0002316845118903732,0.0002316845118903732,control,False
2024-12-18,Wednesday,-0.00023101547803705547,0.00023101547803705547,control,False
2024-12-19,Thursday,-0.00038891425286191605,0.00038891425286191605,event,True
2024-12-20,Friday,0.0026727824527521538,0.0026727824527521538,event,True
2024-12-23,Monday,-0.001065070751128494,0.001065070751128494,control,False
2024-12-24,Tuesday,3.358071123948925e-05,3.358071123948925e-05,control,False
2024-12-26,Thursday,-3.33711539746151e-05,3.33711539746151e-05,event,True
2024-12-27,Friday,-0.00036713782687791685,0.00036713782687791685,control,False
2024-12-30,Monday,-0.00030554046713737737,0.00030554046713737737,control,False
2024-12-31,Tuesday,0.0004575340608690137,0.0004575340608690137,control,False
2025-01-02,Thursday,0.0006435006435006052,0.0006435006435006052,event,True
2025-01-03,Friday,0.00032383419689119286,0.00032383419689119286,control,False
2025-01-06,Monday,-3.3859666767277474e-05,3.3859666767277474e-05,control,False
2025-01-07,Tuesday,8.38672884029279e-05,8.38672884029279e-05,control,False
2025-01-08,Wednesday,-0.0006117039352953046,0.0006117039352953046,event,True
2025-01-10,Friday,-0.008384353741496486,0.008384353741496486,event,True
2025-01-13,Monday,0.00039876556052576007,0.00039876556052576007,control,False
2025-01-14,Tuesday,0.004930763151565154,0.004930763151565154,event,True
2025-01-15,Wednesday,0.01028123716983731,0.01028123716983731,event,True
2025-01-16,Thursday,-0.0007781766698689019,0.0007781766698689019,event,True
2025-01-17,Friday,0.0013770866221072264,0.0013770866221072264,control,False
2025-01-21,Tuesday,0.0006502058985347059,0.0006502058985347059,control,False
2025-01-22,Wednesday,4.966423839891654e-05,4.966423839891654e-05,control,False
2025-01-23,Thursday,-0.0002641179286551054,0.0002641179286551054,event,True
2025-01-24,Friday,-0.00024628519825953266,0.00024628519825953266,control,False
2025-01-27,Monday,-0.0011740238830002525,0.0011740238830002525,control,False
2025-01-28,Tuesday,-0.0006320797085781482,0.0006320797085781482,control,False
2025-01-29,Wednesday,-4.972403162462058e-05,4.972403162462058e-05,control,False
2025-01-30,Thursday,0.00016574127786528337,0.00016574127786528337,event,True
2025-01-31,Friday,-0.00024673081667914154,0.00024673081667914154,event,True
2025-02-03,Monday,-0.0002866875779959921,0.0002866875779959921,control,False
2025-02-04,Tuesday,-0.00011701185162904526,0.00011701185162904526,control,False
2025-02-05,Wednesday,-0.0003335000833750712,0.0003335000833750712,control,False
2025-02-06,Thursday,-0.0004292554069671439,0.0004292554069671439,event,True
2025-02-07,Friday,-0.0004950495049503845,0.0004950495049503845,event,True
2025-02-10,Monday,0.0003144549998344015,0.0003144549998344015,control,False
2025-02-11,Tuesday,0.00025086275550845194,0.00025086275550845194,control,False
2025-02-12,Wednesday,-0.009281585466556552,0.009281585466556552,event,True
2025-02-13,Thursday,0.0011241858229611434,0.0011241858229611434,event,True
2025-02-14,Friday,0.00022971531708915194,0.00022971531708915194,control,False
2025-02-18,Tuesday,-9.801519235475009e-05,9.801519235475009e-05,control,False
2025-02-19,Wednesday,-0.0002458089572783262,0.0002458089572783262,control,False
2025-02-20,Thursday,-3.272251308916729e-05,3.272251308916729e-05,event,True
2025-02-21,Friday,-4.910948140379734e-05,4.910948140379734e-05,control,False
2025-02-24,Monday,-0.0003648001061237194,0.0003648001061237194,control,False
2025-02-25,Tuesday,-0.0002840757089351831,0.0002840757089351831,control,False
2025-02-26,Wednesday,0.00010042177143998465,0.00010042177143998465,control,False
2025-02-27,Thursday,-0.00013392931880207293,0.00013392931880207293,event,True
2025-02-28,Friday,0.0014850913115245223,0.0014850913115245223,event,True
2025-03-03,Monday,-0.000519611129735309,0.000519611129735309,control,False
2025-03-04,Tuesday,0.0012085426701886615,0.0012085426701886615,control,False
2025-03-05,Wednesday,0.0015083740767709575,0.0015083740767709575,control,False
2025-03-06,Thursday,0.0014764377898592862,0.0014764377898592862,event,True
2025-03-07,Friday,0.003932741382926652,0.003932741382926652,event,True
2025-03-10,Monday,-0.0007396189201562819,0.0007396189201562819,control,False
2025-03-11,Tuesday,-0.0013705701215712685,0.0013705701215712685,control,False
2025-03-12,Wednesday,0.0026017998752563276,0.0026017998752563276,event,True
2025-03-13,Thursday,0.00017921146953403522,0.00017921146953403522,event,True
2025-03-14,Friday,-8.967483903377094e-05,8.967483903377094e-05,control,False
2025-03-17,Monday,0.0024047882005060472,0.0024047882005060472,control,False
2025-03-18,Tuesday,0.0003711624454303397,0.0003711624454303397,control,False
2025-03-19,Wednesday,0.0003554645781416177,0.0003554645781416177,control,False
2025-03-20,Thursday,0.00015939077304527594,0.00015939077304527594,event,True
2025-03-21,Friday,-0.0006938020351525687,0.0006938020351525687,control,False
2025-03-24,Monday,8.772390607769687e-05,8.772390607769687e-05,control,False
2025-03-25,Tuesday,0.0005037520844914933,0.0005037520844914933,control,False
2025-03-26,Wednesday,-5.213854950547603e-05,5.213854950547603e-05,control,False
2025-03-27,Thursday,0.00033439518470923524,0.00033439518470923524,event,True
2025-03-28,Friday,-0.0007600261590398061,0.0007600261590398061,event,True
2025-03-31,Monday,0.0007090780167633426,0.0007090780167633426,control,False
2025-04-01,Tuesday,0.0007551240560947914,0.0007551240560947914,control,False
2025-04-02,Wednesday,0.0007752598597901006,0.0007752598597901006,control,False
2025-04-03,Thursday,-0.0008011251292234789,0.0008011251292234789,event,True
2025-04-04,Friday,0.0032103955665967465,0.0032103955665967465,event,True
2025-04-07,Monday,-0.000887186208287094,0.000887186208287094,control,False
2025-04-08,Tuesday,-0.0005795085767268393,0.0005795085767268393,control,False
2025-04-09,Wednesday,0.00036964021685559345,0.00036964021685559345,control,False
2025-04-10,Thursday,0.0005233644859812259,0.0005233644859812259,event,True
2025-04-11,Friday,0.0031090047393365072,0.0031090047393365072,event,True
2025-04-14,Monday,0.0008309175175875705,0.0008309175175875705,control,False
2025-04-15,Tuesday,0.00037266849274231184,0.00037266849274231184,control,False
2025-04-16,Wednesday,3.746300528217894e-05,3.746300528217894e-05,control,False
2025-04-17,Thursday,0.0015036598513362698,0.0015036598513362698,event,True
2025-04-21,Monday,-5.758710048964222e-05,5.758710048964222e-05,control,False
2025-04-22,Tuesday,7.715007618558367e-05,7.715007618558367e-05,control,False
2025-04-23,Wednesday,0.0014091819328041488,0.0014091819328041488,control,False
2025-04-24,Thursday,0.0005984519892312523,0.0005984519892312523,event,True
2025-04-25,Friday,0.0010083417361810287,0.0010083417361810287,control,False
2025-04-28,Monday,0.0002544251808236364,0.0002544251808236364,control,False
2025-04-29,Tuesday,0.0005087763927753564,0.0005087763927753564,control,False
2025-04-30,Wednesday,-0.0027764671723586876,0.0027764671723586876,event,True
2025-05-01,Thursday,-3.5687520074212387e-05,3.5687520074212387e-05,event,True
2025-05-02,Friday,0.0023860398860400256,0.0023860398860400256,event,True
2025-05-05,Monday,-0.0002842666666666993,0.0002842666666666993,control,False
2025-05-06,Tuesday,-0.0006979491034038166,0.0006979491034038166,control,False
2025-05-07,Wednesday,7.116358707293102e-05,7.116358707293102e-05,control,False
2025-05-08,Thursday,0.0006003884866678799,0.0006003884866678799,event,True
2025-05-09,Friday,0.001095445068730383,0.001095445068730383,control,False
2025-05-12,Monday,-0.0009269908845895847,0.0009269908845895847,control,False
2025-05-13,Tuesday,0.0007544193542854405,0.0007544193542854405,event,True
2025-05-14,Wednesday,-1.699148726497235e-06,1.699148726497235e-06,control,False
2025-05-15,Thursday,0.0025153951419774057,0.0025153951419774057,event,True
2025-05-16,Friday,-0.0006919948015999822,0.0006919948015999822,control,False
2025-05-19,Monday,-0.00017010274205619957,0.00017010274205619957,control,False
2025-05-20,Tuesday,-0.0002525890376356976,0.0002525890376356976,control,False
2025-05-21,Wednesday,-0.001102161933022483,0.001102161933022483,control,False
2025-05-22,Thursday,0.0013620454819744943,0.0013620454819744943,event,True
2025-05-23,Friday,-0.0001044291150458232,0.0001044291150458232,control,False
2025-05-27,Tuesday,6.828786485457705e-05,6.828786485457705e-05,control,False
2025-05-28,Wednesday,-6.761782405839689e-05,6.761782405839689e-05,control,False
2025-05-29,Thursday,0.0012324627306647962,0.0012324627306647962,event,True
2025-05-30,Friday,0.0023509369676320002,0.0023509369676320002,event,True
2025-06-02,Monday,0.00034044654869980207,0.00034044654869980207,control,False
2025-06-03,Tuesday,-0.0004558192929735583,0.0004558192929735583,control,False
2025-06-04,Wednesday,0.00041956868339343423,0.00041956868339343423,control,False
2025-06-05,Thursday,-0.00035214219837353955,0.00035214219837353955,event,True
2025-06-06,Friday,0.002634891331710909,0.002634891331710909,event,True
2025-06-09,Monday,-3.332888948159862e-05,3.332888948159862e-05,control,False
2025-06-10,Tuesday,-0.00019981018032866338,0.00019981018032866338,control,False
2025-06-11,Wednesday,0.004081632653061051,0.004081632653061051,event,True
2025-06-12,Thursday,0.000835575460819804,0.000835575460819804,event,True
2025-06-13,Friday,0.00013362731342292378,0.00013362731342292378,control,False
2025-06-16,Monday,-0.0005821689953426912,0.0005821689953426912,control,False
2025-06-17,Tuesday,-0.0003497668221185135,0.0003497668221185135,control,False
2025-06-18,Wednesday,4.7447206629191996e-05,4.7447206629191996e-05,event,True
2025-06-20,Friday,0.0014244536801180097,0.0014244536801180097,control,False
2025-06-23,Monday,0.0005722942265611319,0.0005722942265611319,control,False
2025-06-24,Tuesday,-0.0001488932270126142,0.0001488932270126142,control,False
2025-06-25,Wednesday,-0.0003289473684211508,0.0003289473684211508,control,False
2025-06-26,Thursday,-0.0013127666557268824,0.0013127666557268824,event,True
2025-06-27,Friday,-0.0006189025879900223,0.0006189025879900223,event,True
2025-06-30,Monday,-0.00027539283978605944,0.00027539283978605944,control,False
2025-07-01,Tuesday,0.0007631480669623159,0.0007631480669623159,control,False
2025-07-02,Wednesday,-0.0008583830007775628,0.0008583830007775628,control,False
2025-07-03,Thursday,0.001270607157217496,0.001270607157217496,event,True
2025-07-07,Monday,0.0001618071131048726,0.0001618071131048726,control,False
2025-07-08,Tuesday,-0.00045233570808245194,0.00045233570808245194,control,False
2025-07-09,Wednesday,-0.00017684887459812337,0.00017684887459812337,control,False
2025-07-10,Thursday,-0.00011219926589611795,0.00011219926589611795,event,True
2025-07-11,Friday,0.0003695729022721306,0.0003695729022721306,control,False
2025-07-14,Monday,-0.0005302993781033383,0.0005302993781033383,control,False
2025-07-15,Tuesday,0.0010528834649436991,0.0010528834649436991,event,True
2025-07-16,Wednesday,0.0012048386319458704,0.0012048386319458704,event,True
2025-07-17,Thursday,-0.00022427271562219797,0.00022427271562219797,event,True
2025-07-18,Friday,-4.771447657214711e-05,4.771447657214711e-05,control,False
2025-07-21,Monday,-4.768868824334138e-05,4.768868824334138e-05,control,False
2025-07-22,Tuesday,-9.536979638535836e-05,9.536979638535836e-05,control,False
2025-07-23,Wednesday,-0.0003801016771987076,0.0003801016771987076,control,False
2025-07-24,Thursday,-0.0007246970580357948,0.0007246970580357948,event,True
2025-07-25,Friday,0.00017312746903375142,0.00017312746903375142,control,False
2025-07-28,Monday,-0.00017234085888417905,0.00017234085888417905,control,False
2025-07-29,Tuesday,7.833552672820154e-05,7.833552672820154e-05,control,False
2025-07-30,Wednesday,-9.43544582480138e-05,9.43544582480138e-05,event,True
2025-07-31,Thursday,-3.124511795027374e-05,3.124511795027374e-05,event,True
2025-08-01,Friday,-0.0016280146202096724,0.0016280146202096724,event,True
2025-08-04,Monday,1.5983377287698275e-05,1.5983377287698275e-05,control,False
2025-08-05,Tuesday,-0.0002531124926834494,0.0002531124926834494,control,False
2025-08-06,Wednesday,0.0004611225950073017,0.0004611225950073017,control,False
2025-08-07,Thursday,0.00025145766867318287,0.00025145766867318287,event,True
2025-08-08,Friday,1.5619330104188478e-05,1.5619330104188478e-05,control,False
2025-08-11,Monday,-0.00021942541886743605,0.00021942541886743605,control,False
2025-08-12,Tuesday,0.00307914663650366,0.00307914663650366,event,True
2025-08-13,Wednesday,0.0002949348814826891,0.0002949348814826891,control,False
2025-08-14,Thursday,-0.004620728152328835,0.004620728152328835,event,True
2025-08-15,Friday,0.0003870867848572157,0.0003870867848572157,control,False
2025-08-18,Monday,-0.0003608423803155292,0.0003608423803155292,control,False
2025-08-19,Tuesday,-0.0002176380058139804,0.0002176380058139804,control,False
2025-08-20,Wednesday,-0.00015756532624011665,0.00015756532624011665,control,False
2025-08-21,Thursday,0.0011799688488223214,0.0011799688488223214,event,True
2025-08-22,Friday,-0.00037645877776382175,0.00037645877776382175,control,False
2025-08-25,Monday,9.32705311758042e-05,9.32705311758042e-05,control,False
2025-08-26,Tuesday,0.0005452817548725619,0.0005452817548725619,control,False
2025-08-27,Wednesday,-0.00046469841073149,0.00046469841073149,control,False
2025-08-28,Thursday,0.0008970690588507857,0.0008970690588507857,event,True
2025-08-29,Friday,0.0007607698069425073,0.0007607698069425073,event,True
2025-09-02,Tuesday,-3.1318509238986714e-05,3.1318509238986714e-05,control,False
2025-09-03,Wednesday,-0.0011042334131700082,0.0011042334131700082,control,False
2025-09-04,Thursday,-0.00045001008643286156,0.00045001008643286156,event,True
2025-09-05,Friday,0.0018550305194853234,0.0018550305194853234,event,True
2025-09-08,Monday,0.0002313779327154375,0.0002313779327154375,control,False
2025-09-09,Tuesday,-0.000292496690169064,0.000292496690169064,control,False
2025-09-10,Wednesday,0.002621011005180751,0.002621011005180751,event,True
2025-09-11,Thursday,-0.0018509170452634116,0.0018509170452634116,event,True
2025-09-12,Friday,-0.0004258166555143328,0.0004258166555143328,control,False
2025-09-15,Monday,7.555184707586093e-05,7.555184707586093e-05,control,False
2025-09-16,Tuesday,0.00021101319588257006,0.00021101319588257006,control,False
2025-09-17,Wednesday,6.063454046589811e-05,6.063454046589811e-05,control,False
2025-09-18,Thursday,-0.0008286286376706364,0.0008286286376706364,event,True
2025-09-19,Friday,-6.298713068697559e-05,6.298713068697559e-05,control,False
2025-09-22,Monday,0.0001511852926945334,0.0001511852926945334,control,False
2025-09-23,Tuesday,0.00019500780031189713,0.00019500780031189713,control,False
2025-09-24,Wednesday,-7.526379961775298e-05,7.526379961775298e-05,control,False
2025-09-25,Thursday,-0.00012148823082769322,0.00012148823082769322,event,True
2025-09-26,Friday,0.0016841147018662461,0.0016841147018662461,event,True
2025-09-29,Monday,0.00024059788574604113,0.00024059788574604113,control,False
2025-09-30,Tuesday,0.00015089784216071322,0.00015089784216071322,control,False
2025-10-01,Wednesday,-0.0001054979503254394,0.0001054979503254394,control,False
2025-10-02,Thursday,-1.4915778060453633e-06,1.4915778060453633e-06,control,False
2025-10-03,Friday,-5.9682785992554166e-05,5.9682785992554166e-05,control,False
2025-10-06,Monday,-0.0003275174179717677,0.0003275174179717677,control,False
2025-10-07,Tuesday,8.928305705202533e-05,8.928305705202533e-05,control,False
2025-10-08,Wednesday,-0.00016419625931052284,0.00016419625931052284,control,False
2025-10-09,Thursday,-0.0001188142339453302,0.0001188142339453302,control,False
2025-10-10,Friday,0.00011902990626388998,0.00011902990626388998,control,False
2025-10-13,Monday,0.0007722709308135567,0.0007722709308135567,control,False
2025-10-14,Tuesday,-0.0006084297948070194,0.0006084297948070194,control,False
2025-10-15,Wednesday,0.00017988307600069753,0.00017988307600069753,control,False
2025-10-16,Thursday,0.00034457961287226446,0.00034457961287226446,control,False
2025-10-17,Friday,-0.0004843494581339147,0.0004843494581339147,control,False
2025-10-20,Monday,0.0002250799033658435,0.0002250799033658435,control,False
2025-10-21,Tuesday,-0.0004912907548013656,0.0004912907548013656,control,False
2025-10-22,Wednesday,0.000148864905098689,0.000148864905098689,control,False
2025-10-23,Thursday,-0.0006747233634211147,0.0006747233634211147,control,False
2025-10-24,Friday,0.003561887800534347,0.003561887800534347,event,True
2025-10-27,Monday,-0.00024755049517422023,0.00024755049517422023,control,False
2025-10-28,Tuesday,-0.0001457364792980531,0.0001457364792980531,control,False
2025-10-29,Wednesday,-0.0002468418759983271,0.0002468418759983271,control,False
2025-10-30,Thursday,0.00054035108216266,0.00054035108216266,control,False
2025-10-31,Friday,-0.0002622759726066404,0.0002622759726066404,control,False
2025-11-03,Monday,0.0007166047559157285,0.0007166047559157285,control,False
2025-11-04,Tuesday,-0.00013318337871437436,0.00013318337871437436,control,False
2025-11-05,Wednesday,-0.00037024421308295974,0.00037024421308295974,control,False
2025-11-06,Thursday,8.787937356280473e-05,8.787937356280473e-05,control,False
2025-11-07,Friday,0.0005094472497340075,0.0005094472497340075,control,False
2025-11-10,Monday,0.00014659639488012743,0.00014659639488012743,control,False
2025-11-11,Tuesday,0.000620844634182216,0.000620844634182216,control,False
2025-11-12,Wednesday,-5.8381376340843616e-05,5.8381376340843616e-05,control,False
2025-11-13,Thursday,-0.0012903982638278189,0.0012903982638278189,control,False
2025-11-14,Friday,-0.0007820019249278332,0.0007820019249278332,control,False
2025-11-17,Monday,-0.0008601301738132561,0.0008601301738132561,control,False
2025-11-18,Tuesday,0.0009515178975985084,0.0009515178975985084,control,False
2025-11-19,Wednesday,-0.00019626789057314298,0.00019626789057314298,control,False
2025-11-20,Thursday,0.001938620298845617,0.001938620298845617,event,True
2025-11-21,Friday,0.0005037629566304602,0.0005037629566304602,control,False
2025-11-24,Monday,-0.00022612156295220842,0.00022612156295220842,control,False
2025-11-25,Tuesday,-0.0009076925374471578,0.0009076925374471578,event,True
2025-11-26,Wednesday,-0.00023626698168943694,0.00023626698168943694,event,True
2025-11-28,Friday,-0.00017604084147526677,0.00017604084147526677,control,False
2025-12-01,Monday,8.838476835815179e-05,8.838476835815179e-05,control,False
2025-12-02,Tuesday,-0.0001759401803387295,0.0001759401803387295,control,False
2025-12-03,Wednesday,-0.00016093400242866984,0.00016093400242866984,control,False
2025-12-04,Thursday,-0.0002629733520337352,0.0002629733520337352,event,True
2025-12-05,Friday,-0.0005542752122290606,0.0005542752122290606,event,True
2025-12-08,Monday,-0.0003784956254639926,0.0003784956254639926,control,False
2025-12-09,Tuesday,-0.0007312507312506877,0.0007312507312506877,control,False
2025-12-10,Wednesday,-0.00036580726346902015,0.00036580726346902015,control,False
2025-12-11,Thursday,-0.0006128971062500099,0.0006128971062500099,event,True
2025-12-12,Friday,-0.00010162306553240796,0.00010162306553240796,control,False
2025-12-15,Monday,1.503583784656648e-05,1.503583784656648e-05,control,False
2025-12-16,Tuesday,0.001734401411038311,0.001734401411038311,event,True
2025-12-17,Wednesday,2.9385404269666182e-05,2.9385404269666182e-05,control,False
2025-12-18,Thursday,0.0015563164213616698,0.0015563164213616698,event,True
2025-12-19,Friday,-8.883624518796207e-05,8.883624518796207e-05,control,False
2025-12-22,Monday,-8.776934216891963e-05,8.776934216891963e-05,control,False
2025-12-23,Tuesday,-0.0001314501876815699,0.0001314501876815699,event,True
2025-12-24,Wednesday,-2.90697674418805e-05,2.90697674418805e-05,event,True
2025-12-26,Friday,0.0003041759005779632,0.0003041759005779632,control,False
2025-12-29,Monday,-0.00010169245296731688,0.00010169245296731688,control,False
2025-12-30,Tuesday,-0.00018900843268387924,0.00018900843268387924,control,False
2025-12-31,Wednesday,2.7674604908600742e-05,2.7674604908600742e-05,event,True
2026-01-02,Friday,-0.0001894221094536075,0.0001894221094536075,control,False
2026-01-05,Monday,0.000657366152947203,0.000657366152947203,control,False
2026-01-06,Tuesday,0.00021810567947189163,0.00021810567947189163,control,False
2026-01-07,Wednesday,-5.766312594834844e-05,5.766312594834844e-05,control,False
2026-01-08,Thursday,-0.0003482449903506879,0.0003482449903506879,event,True
2026-01-09,Friday,0.0009548472967693122,0.0009548472967693122,event,True
2026-01-12,Monday,-5.791645551289637e-05,5.791645551289637e-05,control,False
2026-01-13,Tuesday,0.00326877384980917,0.00326877384980917,event,True
2026-01-14,Wednesday,-0.0009251763617439401,0.0009251763617439401,event,True
2026-01-15,Thursday,0.00015865232065070956,0.00015865232065070956,event,True
2026-01-16,Friday,-0.0002740279220030395,0.0002740279220030395,control,False
2026-01-20,Tuesday,-0.0013489736070381175,0.0013489736070381175,control,False
2026-01-21,Wednesday,-0.00031039834454205106,0.00031039834454205106,control,False
2026-01-22,Thursday,1.4508734258011913e-05,1.4508734258011913e-05,event,True
2026-01-23,Friday,0.0002472871148866407,0.0002472871148866407,control,False
2026-01-26,Monday,-0.00021766259395761267,0.00021766259395761267,control,False
2026-01-27,Tuesday,0.0,0.0,control,False
2026-01-28,Wednesday,1.4350496527093526e-05,1.4350496527093526e-05,control,False
2026-01-29,Thursday,0.0001721911321566072,0.0001721911321566072,event,True
2026-01-30,Friday,-0.0009257116408238897,0.0009257116408238897,event,True
2026-02-02,Monday,-0.0005082112416326945,0.0005082112416326945,control,False
2026-02-03,Tuesday,-2.8682470707974694e-05,2.8682470707974694e-05,control,False
2026-02-04,Wednesday,0.00041993078382240867,0.00041993078382240867,control,False
2026-02-05,Thursday,0.0014515916188913014,0.0014515916188913014,event,True
2026-02-06,Friday,0.0001760356765638793,0.0001760356765638793,control,False
2026-02-09,Monday,-0.0005501903948339493,0.0005501903948339493,control,False
2026-02-10,Tuesday,0.0004540278758702332,0.0004540278758702332,control,False
2026-02-11,Wednesday,0.0033317948422084687,0.0033317948422084687,event,True
2026-02-12,Thursday,0.0007349974058914466,0.0007349974058914466,event,True
2026-02-13,Friday,0.002616338889378733,0.002616338889378733,event,True
2026-02-17,Tuesday,-0.0004859587376854213,0.0004859587376854213,control,False
2026-02-18,Wednesday,-0.00020422750944548707,0.00020422750944548707,control,False
2026-02-19,Thursday,0.0001315943385191698,0.0001315943385191698,event,True
2026-02-20,Friday,-0.0023661724968961906,0.0023661724968961906,event,True
2026-02-23,Monday,-0.0002621804675551065,0.0002621804675551065,control,False
2026-02-24,Tuesday,-7.32203786957264e-05,7.32203786957264e-05,control,False
2026-02-25,Wednesday,-0.0002565106432340647,0.0002565106432340647,control,False
2026-02-26,Thursday,0.0003026852505803035,0.0003026852505803035,event,True
2026-02-27,Friday,-0.0013886858646396938,0.0013886858646396938,event,True
2026-03-02,Monday,-0.00016179563740126301,0.00016179563740126301,control,False
2026-03-03,Tuesday,-0.0008657122332298428,0.0008657122332298428,control,False
2026-03-04,Wednesday,0.0,0.0,control,False
2026-03-05,Thursday,-0.0009504035559714241,0.0009504035559714241,event,True
2026-03-06,Friday,-0.0016224428088910114,0.0016224428088910114,event,True
2026-03-09,Monday,-0.001513970500059969,0.001513970500059969,control,False
2026-03-10,Tuesday,0.0004170242992866946,0.0004170242992866946,control,False
2026-03-11,Wednesday,-0.0019219294618066929,0.0019219294618066929,event,True
2026-03-12,Thursday,-0.0006732113639743575,0.0006732113639743575,event,True
2026-03-13,Friday,0.00034381726859611383,0.00034381726859611383,event,True
2026-03-16,Monday,0.00032919840189138405,0.00032919840189138405,control,False
2026-03-17,Tuesday,0.0009101217474338785,0.0009101217474338785,control,False
2026-03-18,Wednesday,-0.002488674296614146,0.002488674296614146,event,True
2026-03-19,Thursday,0.0,0.0,event,True
2026-03-20,Friday,-0.0006244098565379996,0.0006244098565379996,control,False
2026-03-23,Monday,-0.0013994018612136783,0.0013994018612136783,control,False
2026-03-24,Tuesday,-0.0017422401540506671,0.0017422401540506671,control,False
2026-03-25,Wednesday,-0.0008104741661549841,0.0008104741661549841,control,False
2026-03-26,Thursday,-0.001427299794346193,0.001427299794346193,event,True
2026-03-27,Friday,-0.0007621951219511924,0.0007621951219511924,control,False
2026-03-30,Monday,0.0004066375764399943,0.0004066375764399943,control,False
2026-03-31,Tuesday,0.0005162461085992387,0.0005162461085992387,control,False
2026-04-01,Wednesday,-0.0002901782305235745,0.0002901782305235745,control,False
2026-04-02,Thursday,0.00027891841636318304,0.00027891841636318304,event,True
2026-04-06,Monday,0.0006246952705997177,0.0006246952705997177,control,False
2026-04-07,Tuesday,-0.0007769652650823078,0.0007769652650823078,control,False
2026-04-08,Wednesday,0.00029563932002973914,0.00029563932002973914,control,False
2026-04-09,Thursday,-0.00031144331731614017,0.00031144331731614017,event,True
2026-04-10,Friday,-0.0008664016312878164,0.0008664016312878164,event,True
2026-04-13,Monday,0.0005775724186956044,0.0005775724186956044,control,False
2026-04-14,Tuesday,-0.0002469889145563231,0.0002469889145563231,event,True
2026-04-15,Wednesday,0.000542877764927896,0.000542877764927896,control,False
2026-04-16,Thursday,0.000299623330670018,0.000299623330670018,event,True
2026-04-17,Friday,-1.4175148130290971e-05,1.4175148130290971e-05,control,False
2026-04-20,Monday,0.00031113436761920354,0.00031113436761920354,control,False
2026-04-21,Tuesday,-1.6305156055884673e-05,1.6305156055884673e-05,control,False
2026-04-22,Wednesday,0.0001283624617380852,0.0001283624617380852,control,False
2026-04-23,Thursday,-0.00022529816804417457,0.00022529816804417457,event,True
2026-04-24,Friday,-0.0007164531355360326,0.0007164531355360326,control,False
2026-04-27,Monday,6.307556452633811e-05,6.307556452633811e-05,control,False
2026-04-28,Tuesday,0.00023951083434314846,0.00023951083434314846,control,False
2026-04-29,Wednesday,-0.0013347570742126003,0.0013347570742126003,control,False
2026-04-30,Thursday,-0.0012436594329471307,0.0012436594329471307,event,True
2026-05-01,Friday,-0.00019406709176594816,0.00019406709176594816,control,False
2026-05-04,Monday,-0.00017566028827720181,0.00017566028827720181,control,False
2026-05-05,Tuesday,-0.00012472283813746987,0.00012472283813746987,control,False
2026-05-06,Wednesday,-0.0003153190205915646,0.0003153190205915646,control,False
2026-05-07,Thursday,0.0002851543942345991,0.0002851543942345991,event,True
2026-05-08,Friday,0.0007914343983683736,0.0007914343983683736,event,True
2026-05-11,Monday,0.00013912831023565886,0.00013912831023565886,control,False
2026-05-12,Tuesday,1.3581605074142189e-05,1.3581605074142189e-05,event,True
2026-05-13,Wednesday,-0.0020016229375169337,0.0020016229375169337,event,True
2026-05-14,Thursday,-8.052070052999571e-05,8.052070052999571e-05,event,True
2026-05-15,Friday,-0.000378542072247412,0.000378542072247412,control,False
2026-05-18,Monday,0.0009619553435940009,0.0009619553435940009,control,False
2026-05-19,Tuesday,0.00038067787853646173,0.00038067787853646173,control,False
2026-05-20,Wednesday,0.0003525901817196253,0.0003525901817196253,control,False
2026-05-21,Thursday,0.0009338205440521108,0.0009338205440521108,event,True
2026-05-22,Friday,0.00014751042630511968,0.00014751042630511968,control,False
2026-05-26,Tuesday,-1.3312920189023636e-05,1.3312920189023636e-05,control,False
2026-05-27,Wednesday,-0.0006902777040302954,0.0006902777040302954,control,False
2026-05-28,Thursday,0.000497317209898096,0.000497317209898096,event,True
2026-05-29,Friday,-0.00037036057247163967,0.00037036057247163967,control,False
2026-06-01,Monday,-0.00029021449489474715,0.00029021449489474715,control,False
2026-06-02,Tuesday,-2.786692552525505e-05,2.786692552525505e-05,control,False
2026-06-03,Wednesday,-0.00035598449489748774,0.00035598449489748774,control,False
2026-06-04,Thursday,2.66081287834119e-05,2.66081287834119e-05,event,True
2026-06-05,Friday,-0.0009425821440425253,0.0009425821440425253,event,True
2026-06-08,Monday,0.00026902692959573926,0.00026902692959573926,control,False
2026-06-09,Tuesday,0.001158732939004592,0.001158732939004592,control,False
2026-06-10,Wednesday,0.0022413251151411906,0.0022413251151411906,event,True
2026-06-11,Thursday,-0.0019339706749695873,0.0019339706749695873,event,True
2026-06-12,Friday,-2.6996382484711923e-05,2.6996382484711923e-05,control,False
2026-06-15,Monday,9.322643368925299e-05,9.322643368925299e-05,control,False
2026-06-16,Tuesday,0.00014581510644506857,0.00014581510644506857,control,False
2026-06-17,Wednesday,0.000492873318236331,0.000492873318236331,control,False
2026-06-18,Thursday,0.0,0.0,event,True
2026-06-22,Monday,0.00017385024807081706,0.00017385024807081706,control,False
2026-06-23,Tuesday,-0.0011026258831217106,0.0011026258831217106,control,False
2026-06-24,Wednesday,-0.0006785365324069037,0.0006785365324069037,control,False
2026-06-25,Thursday,0.00177526019080676,0.00177526019080676,event,True
2026-06-26,Friday,-0.0005065578708141061,0.0005065578708141061,control,False
2026-06-29,Monday,0.0003391255985567554,0.0003391255985567554,control,False
2026-06-30,Tuesday,-0.00025643448098999766,0.00025643448098999766,control,False
2026-07-01,Wednesday,-0.001006319687638424,0.001006319687638424,control,False
2026-07-02,Thursday,0.0017255216693419229,0.0017255216693419229,event,True
2026-07-06,Monday,-0.00010695473140998057,0.00010695473140998057,control,False
2026-07-07,Tuesday,-0.00017321785476343,0.00017321785476343,control,False
2026-07-08,Wednesday,-0.0007124805076087481,0.0007124805076087481,control,False
2026-07-09,Thursday,9.360666479452107e-05,9.360666479452107e-05,event,True
2026-07-10,Friday,-0.00014635444385313612,0.00014635444385313612,control,False
2026-07-13,Monday,-9.975394028072238e-05,9.975394028072238e-05,control,False
2026-07-14,Tuesday,0.00445626351333317,0.00445626351333317,event,True
2026-07-15,Wednesday,0.001408731477174463,0.001408731477174463,event,True
2026-07-16,Thursday,-0.00011968880909640767,0.00011968880909640767,event,True
2026-07-17,Friday,-9.403799134855007e-05,9.403799134855007e-05,control,False
2026-07-20,Monday,-0.0001741180252337049,0.0001741180252337049,control,False
2026-07-21,Tuesday,0.00014660866763338554,0.00014660866763338554,control,False
2026-07-22,Wednesday,0.0006304239936689715,0.0006304239936689715,control,False
2026-07-23,Thursday,-0.0004716981132075748,0.0004716981132075748,event,True
2026-07-24,Friday,-0.000648140646520301,0.000648140646520301,control,False
2026-07-27,Monday,0.00013087951030921197,0.00013087951030921197,control,False
2026-07-28,Tuesday,-0.00039189718779975014,0.00039189718779975014,control,False
2026-07-29,Wednesday,0.00045933531477970746,0.00045933531477970746,control,False
2026-07-30,Thursday,-0.0009456682949395834,0.0009456682949395834,event,True
2026-07-31,Friday,-0.000685612884144815,0.000685612884144815,control,False
2026-08-03,Monday,0.0002530971093646084,0.0002530971093646084,control,False
2026-08-04,Tuesday,1.31518379693496e-05,1.31518379693496e-05,control,False
2026-08-05,Wednesday,-0.00037574428131514903,0.00037574428131514903,control,False
2026-08-06,Thursday,0.00022057869469316316,0.00022057869469316316,event,True
2026-08-07,Friday,0.0011285510442340385,0.0011285510442340385,event,True
2026-08-10,Monday,-0.0005690857120683734,0.0005690857120683734,control,False
2026-08-11,Tuesday,0.00011626404857256745,0.00011626404857256745,control,False
2026-08-12,Wednesday,-0.0002843773428815588,0.0002843773428815588,event,True
2026-08-13,Thursday,-0.00028427445406387086,0.00028427445406387086,event,True
2026-08-14,Friday,0.00030824556897002253,0.00030824556897002253,control,False
2026-08-17,Monday,5.150524065822282e-05,5.150524065822282e-05,control,False
2026-08-18,Tuesday,-0.0001949824515793397,0.0001949824515793397,control,False
2026-08-19,Wednesday,0.0009638052071530012,0.0009638052071530012,control,False
2026-08-20,Thursday,-0.00030068110807512927,0.00030068110807512927,event,True
2026-08-21,Friday,-5.21859384988721e-05,5.21859384988721e-05,control,False
2026-08-24,Monday,-0.0006408160596351742,0.0006408160596351742,control,False
2026-08-25,Tuesday,-0.0008342131675336262,0.0008342131675336262,control,False
2026-08-26,Wednesday,-0.0017875083177850692,0.0017875083177850692,event,True
