date,weekday,vwap_0830_0834,entry_price,exit_price_1200,above_vwap,hold_price_0840,volume_0836_0930,gross_ret,net_ret
2016-01-04,Monday,200.7368118744149,200.71,199.38,-1.0,200.77,1724103.0,0.006626476010163973,0.006426476010163973
2016-01-05,Tuesday,201.0014163921897,200.98,200.88,-1.0,201.09,1359309.0,0.0004975619464623326,0.00029756194646233267
2016-01-06,Wednesday,198.35087992032706,198.32,199.32,-1.0,198.22,1668721.0,-0.005042355788624553,-0.005242355788624553
2016-01-07,Thursday,194.6328591943059,194.52,196.21,-1.0,194.6,2918208.0,-0.0086880526424018,-0.0088880526424018
2016-01-08,Friday,196.3186926280273,196.48,194.12,1.0,196.53,6037648.0,-0.012011400651465776,-0.012211400651465776
2016-01-11,Monday,193.00468264216633,192.9,192.11,-1.0,193.03,1323340.0,0.004095386210471674,0.003895386210471674
2016-01-12,Tuesday,193.8001880866639,193.87,192.52,1.0,193.74,1692256.0,-0.00696342910197556,-0.00716342910197556
2016-01-13,Wednesday,194.659900441886,194.66,192.5,1.0,194.76,3655730.0,-0.011096270420219878,-0.011296270420219879
2016-01-14,Thursday,189.6766506859038,189.71,190.94,1.0,189.85,5019123.0,0.006483580201359862,0.006283580201359862
2016-01-15,Friday,188.16778355570798,188.28,187.18,1.0,188.07,8387020.0,-0.0058423624389207784,-0.006042362438920778
2016-01-19,Tuesday,190.59768225072884,190.61,188.9,1.0,190.67,3114101.0,-0.008971197733592229,-0.00917119773359223
2016-01-20,Wednesday,184.90354034130584,184.93,182.468,1.0,184.92,2312045.0,-0.01331314551451912,-0.01351314551451912
2016-01-21,Thursday,187.04550584546294,187.62,188.16,1.0,187.88,4286937.0,0.0028781579788934586,0.0026781579788934585
2016-01-22,Friday,189.53236879490942,189.48,189.09,-1.0,189.54,1649924.0,0.0020582647245090957,0.0018582647245090956
2016-01-25,Monday,189.7539913051872,189.75,189.29,-1.0,189.55,1411714.0,0.00242424242424244,0.0022242424242424398
2016-01-26,Tuesday,188.2226222292039,188.37,189.535,1.0,188.31,1338498.0,0.006184636619419148,0.0059846366194191486
2016-01-27,Wednesday,189.62091924157298,189.5,191.009,-1.0,189.77,1244875.0,-0.00796306068601571,-0.008163060686015711
2016-01-28,Thursday,188.29185486603768,188.31,187.79,1.0,188.26,5332199.0,-0.002761404067760709,-0.002961404067760709
2016-01-29,Friday,189.85966316592507,189.8,191.91,-1.0,189.92,1506643.0,-0.011116965226554143,-0.011316965226554144
2016-02-01,Monday,192.15236999157258,192.06,193.2,-1.0,192.35,1878516.0,-0.005935645110902721,-0.0061356451109027205
2016-02-03,Wednesday,190.84056571929224,191.0,189.26,1.0,190.94,2132862.0,-0.0091099476439791,-0.0093099476439791
2016-02-04,Thursday,190.33052776199742,190.44,190.64,1.0,190.65,3444896.0,0.0010501995379121887,0.0008501995379121887
2016-02-05,Friday,190.69039684962834,190.61,188.75,-1.0,190.5,2708925.0,0.00975814490320559,0.00955814490320559
2016-02-08,Monday,185.6986557087562,185.65,184.222,-1.0,185.79,1426980.0,0.007691893347697265,0.007491893347697265
2016-02-09,Tuesday,183.90575730324144,183.82,184.585,-1.0,183.44,2108723.0,-0.004161679904254312,-0.0043616799042543114
2016-02-10,Wednesday,187.11709101412518,186.79,186.68,-1.0,186.72,3040423.0,0.0005888966218747793,0.00038889662187477933
2016-02-11,Thursday,182.27115451553613,182.31,182.135,1.0,182.34,2315871.0,-0.0009599034611377233,-0.0011599034611377234
2016-02-12,Friday,185.1365037127801,185.28,185.62,1.0,185.26,1843026.0,0.0018350604490500189,0.0016350604490500188
2016-02-16,Tuesday,188.49065767037965,188.53,188.9,1.0,188.39,1223841.0,0.0019625523789317256,0.0017625523789317255
2016-02-17,Wednesday,190.8106353926808,190.85,192.48,1.0,190.95,1951744.0,0.008540738800104863,0.008340738800104863
2016-02-18,Thursday,193.36384347416447,193.4,192.66,1.0,193.33,1099434.0,-0.003826266804550227,-0.0040262668045502265
2016-02-19,Friday,191.5281090925517,191.65,191.7,1.0,191.72,2848003.0,0.00026089225149994455,6.089225149994454e-05
2016-02-22,Monday,194.07894524191173,194.02,194.53,-1.0,194.03,1229061.0,-0.002628594990207178,-0.0028285949902071782
2016-02-23,Tuesday,193.77878296079055,193.84,193.0,1.0,193.92,1591453.0,-0.004333470903838288,-0.004533470903838288
2016-02-24,Wednesday,190.54268125708663,190.49,190.98,-1.0,190.38,1380230.0,-0.002572313507270607,-0.0027723135072706072
2016-02-25,Thursday,193.77958187811953,193.63,193.8,-1.0,193.71,1230029.0,-0.0008779631255488862,-0.0010779631255488863
2016-02-26,Friday,196.84098846597462,196.88,195.83,1.0,196.98,1319037.0,-0.005333197887037677,-0.005533197887037677
2016-02-29,Monday,194.88619522960698,195.13,195.93,1.0,195.26,1221753.0,0.004099830881976185,0.003899830881976185
2016-03-01,Tuesday,194.87454069726707,194.79,196.97,-1.0,194.89,1104545.0,-0.011191539606756118,-0.011391539606756118
2016-03-02,Wednesday,197.842693988673,197.87,197.73,1.0,197.8,481319.0,-0.0007075352504170018,-0.0009075352504170018
2016-03-04,Friday,200.4778557189343,200.77,200.74,1.0,200.48,5332726.0,-0.00014942471484780118,-0.00034942471484780116
2016-03-07,Monday,199.39304650266686,199.38,200.65,-1.0,199.33,1109326.0,-0.0063697462132612515,-0.006569746213261251
2016-03-08,Tuesday,199.57844790670134,199.64,199.28,1.0,199.77,1166790.0,-0.0018032458425164544,-0.0020032458425164545
2016-03-09,Wednesday,199.52646297534818,199.6,199.71,1.0,199.52,843563.0,0.0005511022044089042,0.00035110220440890425
2016-03-10,Thursday,201.1821306879487,201.22,198.58,1.0,201.39,5250311.0,-0.013119968194016396,-0.013319968194016396
2016-03-11,Friday,201.18629989300175,201.2,202.24,1.0,201.15,1383663.0,0.005168986083499139,0.004968986083499139
2016-03-14,Monday,202.15057551225502,202.07,202.1,-1.0,202.08,557979.0,-0.0001484634037709487,-0.00034846340377094867
2016-03-15,Tuesday,201.29154214866787,201.23,201.44,-1.0,201.25,812532.0,-0.0010435819708791705,-0.0012435819708791706
2016-03-18,Friday,204.10250970906407,204.13,204.48,1.0,204.12,1890346.0,0.001714593641306994,0.001514593641306994
2016-03-21,Monday,203.94394055974678,204.03,204.39,1.0,203.93,646958.0,0.0017644464049404451,0.001564446404940445
2016-03-23,Wednesday,204.64927069891354,204.61,203.55,-1.0,204.57,901205.0,0.005180587459068464,0.0049805874590684645
2016-03-24,Thursday,202.2857111503941,202.23,202.3,-1.0,202.04,2117814.0,-0.0003461405330564826,-0.0005461405330564826
2016-03-30,Wednesday,206.11695148350236,206.17,206.18,1.0,206.21,1050470.0,4.850366202657774e-05,-0.00015149633797342227
2016-04-01,Friday,204.87609516346546,204.79,205.81,-1.0,204.51,1822200.0,-0.004980711948825656,-0.005180711948825655
2016-04-04,Monday,207.22370693135937,207.22,206.4689,-1.0,207.15,636147.0,0.0036246501302963363,0.0034246501302963362
2016-04-05,Tuesday,204.59609108756612,204.54,204.58,-1.0,204.56,905981.0,-0.00019556077050952858,-0.00039556077050952856
2016-04-06,Wednesday,204.61913845538214,204.61,205.6,-1.0,204.56,777724.0,-0.004838473192903425,-0.005038473192903425
2016-04-07,Thursday,205.51509936451055,205.45,204.51,-1.0,205.4,1125969.0,0.004575322462886389,0.004375322462886389
2016-04-08,Friday,205.39470562232725,205.62,204.75,1.0,205.52,1972049.0,-0.004231105923548362,-0.004431105923548361
2016-04-11,Monday,205.26196377819798,205.31,205.02,1.0,205.35,902201.0,-0.0014124981734936481,-0.0016124981734936482
2016-04-12,Tuesday,204.37853024872382,204.47,205.29,1.0,204.43,949928.0,0.004010368269183662,0.0038103682691836616
2016-04-13,Wednesday,207.03505737731808,206.89,207.57,-1.0,206.93,619421.0,-0.0032867707477404196,-0.0034867707477404196
2016-04-14,Thursday,208.01719256559517,208.13,208.31,1.0,208.19,864122.0,0.0008648440878298302,0.0006648440878298303
2016-04-15,Friday,207.7500516377222,207.63,207.93,-1.0,207.7,1138189.0,-0.0014448779078168883,-0.0016448779078168884
2016-04-18,Monday,207.20729298997549,207.33,208.71,1.0,207.34,986563.0,0.006656055563594165,0.006456055563594166
2016-04-19,Tuesday,209.93645758914582,209.93,209.315,-1.0,209.87,661470.0,0.0029295479445530237,0.0027295479445530236
2016-04-25,Monday,208.47046335270932,208.53,207.78,1.0,208.55,843902.0,-0.003596604805064074,-0.0037966048050640743
2016-04-27,Wednesday,208.7617370823265,208.78,208.87,1.0,208.71,553288.0,0.0004310757735415116,0.0002310757735415116
2016-04-28,Thursday,208.09942086855753,208.12,209.56,1.0,208.07,1179816.0,0.006919085143186621,0.006719085143186621
2016-04-29,Friday,207.3690579746455,207.36,205.52,-1.0,207.07,1156306.0,0.008873456790123524,0.008673456790123523
2016-05-03,Tuesday,206.4442285809211,206.45,205.82,1.0,206.5,821517.0,-0.0030515863405182753,-0.0032515863405182754
2016-05-06,Friday,204.0763423225311,204.12,204.32,1.0,203.99,3177863.0,0.0009798157946305786,0.0007798157946305786
2016-05-10,Tuesday,206.7140373594752,206.65,207.7499,-1.0,206.58,704417.0,-0.005322526010162143,-0.005522526010162143
2016-05-11,Wednesday,208.0576368303716,208.06,207.5735,1.0,207.98,473165.0,-0.002338267807363237,-0.002538267807363237
2016-05-12,Thursday,207.546003996409,207.51,205.53,-1.0,207.53,780337.0,0.009541708833309182,0.009341708833309181
2016-05-18,Wednesday,204.36417670506628,204.36,205.34,-1.0,204.34,1244995.0,-0.0047954589939323,-0.0049954589939323
2016-05-19,Thursday,204.26599693246465,204.19,203.26,-1.0,204.15,1128774.0,0.00455458151721444,0.00435458151721444
2016-05-25,Wednesday,208.92189101863323,208.93,209.3,1.0,208.91,717027.0,0.0017709280620303858,0.0015709280620303857
2016-05-26,Thursday,209.47555252387446,209.41,209.25,-1.0,209.5,370582.0,0.0007640513824554995,0.0005640513824554995
2016-06-03,Friday,210.40294740082066,210.23,210.15,-1.0,210.24,4045069.0,0.00038053560386230867,0.00018053560386230866
2016-06-06,Monday,210.890298746732,210.89,211.24,-1.0,210.88,332813.0,-0.0016596329840201651,-0.0018596329840201652
2016-06-10,Friday,210.67882069928953,210.67,210.56,-1.0,210.62,1517421.0,0.0005221436369676757,0.00032214363696767576
2016-06-13,Monday,209.56705310344395,209.63,209.135,1.0,209.56,1185383.0,-0.0023613032485808594,-0.0025613032485808595
2016-06-14,Tuesday,207.80936280382593,207.98,207.205,1.0,207.9,1376192.0,-0.0037263198384458462,-0.003926319838445846
2016-06-15,Wednesday,208.47392067069407,208.47,208.71,-1.0,208.46,1030652.0,-0.0011512447834221007,-0.0013512447834221008
2016-06-16,Thursday,206.68771250556296,206.72,206.26,1.0,206.74,1281019.0,-0.002225232198142413,-0.002425232198142413
2016-06-17,Friday,207.26091072679174,207.17,206.13,-1.0,207.15,1768531.0,0.005020031857894458,0.004820031857894458
2016-06-20,Monday,208.85984343961485,208.89,208.95,1.0,208.97,886936.0,0.00028723251472073663,8.723251472073662e-05
2016-06-21,Tuesday,208.44517180489538,208.23,208.27,-1.0,208.27,1091419.0,-0.00019209527925867498,-0.00039209527925867496
2016-06-24,Friday,204.2852045758504,204.42,205.33,1.0,204.29,5999503.0,0.004451619215340985,0.004251619215340985
2016-06-27,Monday,200.93679488576907,200.99,199.75,1.0,201.36,2390459.0,-0.006169461167222279,-0.006369461167222278
2016-06-28,Tuesday,201.2670770470846,201.28,201.8135,1.0,201.37,1907267.0,0.0026505365659776903,0.00245053656597769
2016-06-29,Wednesday,204.54781885848948,204.61,206.12,1.0,204.75,2174304.0,0.007379893455842668,0.007179893455842668
2016-06-30,Thursday,207.06526179196567,207.07,208.03,1.0,207.08,903903.0,0.004636113391606633,0.004436113391606634
2016-07-01,Friday,209.49805865722547,209.45,210.12,-1.0,209.4,651758.0,-0.0031988541417999894,-0.0033988541417999895
2016-07-05,Tuesday,208.68588129750503,208.69,208.19,1.0,208.77,1122780.0,-0.002395898222243509,-0.002595898222243509
2016-07-06,Wednesday,207.4283351789611,207.5,208.72,1.0,207.53,987021.0,0.005879518072289258,0.0056795180722892585
2016-07-07,Thursday,209.63981373953698,209.64,209.69,1.0,209.65,590356.0,0.00023850410227055363,3.850410227055362e-05
2016-07-08,Friday,210.8084465889658,210.87,212.14,1.0,210.85,3973627.0,0.006022667994498798,0.0058226679944987985
2016-07-12,Tuesday,214.45982835262976,214.45,215.07,-1.0,214.45,913479.0,-0.0028911168104452933,-0.0030911168104452934
2016-07-13,Wednesday,215.30887532668615,215.39,214.56,1.0,215.34,1306506.0,-0.003853475091694092,-0.0040534750916940915
2016-07-14,Thursday,216.53752448952253,216.52,216.15,-1.0,216.51,1327007.0,0.0017088490670608136,0.0015088490670608135
2016-07-15,Friday,216.42430233359718,216.37,215.63,-1.0,216.53,2175624.0,0.0034200674770070716,0.0032200674770070715
2016-07-18,Monday,216.18399977268322,216.17,216.43,-1.0,216.17,1620035.0,-0.0012027570893280437,-0.0014027570893280438
2016-07-20,Wednesday,216.77140041897167,216.73,217.15,-1.0,216.75,864949.0,-0.0019378950768238479,-0.002137895076823848
2016-07-21,Thursday,216.92406701740487,216.95,216.55,1.0,216.94,839742.0,-0.0018437427978795773,-0.0020437427978795774
2016-08-01,Monday,217.46349258566974,217.48,217.09,1.0,217.38,539481.0,-0.0017932683465146093,-0.0019932683465146094
2016-08-05,Friday,216.917848209262,216.92,218.01,1.0,217.05,2237666.0,0.0050248939701271755,0.004824893970127176
2016-09-08,Thursday,219.0208895697818,219.05,218.73,1.0,219.07,2446117.0,-0.0014608536863730537,-0.0016608536863730538
2016-09-09,Friday,217.1240629994836,217.14,215.605,1.0,217.17,1508655.0,-0.007069171962789,-0.007269171962789
2016-09-12,Monday,212.47027821859146,212.53,214.45,1.0,212.51,1171379.0,0.0090340187267679,0.0088340187267679
2016-09-13,Tuesday,214.8828185433995,214.9,213.2348,1.0,214.76,2148482.0,-0.007748720335039594,-0.007948720335039594
2016-09-14,Wednesday,213.90906334841625,213.93,214.025,1.0,213.83,1207021.0,0.0004440704903472259,0.0002440704903472259
2016-09-15,Thursday,213.42884907876473,213.57,214.72,1.0,213.62,2233120.0,0.00538465140235056,0.00518465140235056
2016-09-16,Friday,213.3560044904263,213.31,213.2,-1.0,213.32,3538349.0,0.0005156814026534562,0.0003156814026534562
2016-09-30,Friday,215.2408582957882,215.19,216.42,-1.0,215.39,1542292.0,-0.005715878990659284,-0.005915878990659284
2016-10-03,Monday,216.07553678824854,216.01,215.3311,-1.0,215.95,1430808.0,0.0031429100504606344,0.0029429100504606343
2016-10-05,Wednesday,215.3656285352058,215.32,215.7857,-1.0,215.38,1156814.0,-0.002162827419654567,-0.0023628274196545672
2016-10-07,Friday,216.13048271939033,215.93,214.42,-1.0,215.55,2952454.0,0.006993006993007089,0.00679300699300709
2016-10-10,Monday,216.01711569139295,216.01,216.43,-1.0,216.12,740004.0,-0.001944354428035755,-0.002144354428035755
2016-10-12,Wednesday,213.23115014046795,213.34,213.63,1.0,213.22,663926.0,0.001359332520858736,0.0011593325208587358
2016-10-13,Thursday,212.20218794779447,212.15,212.25,-1.0,212.17,1834319.0,-0.00047136460051855344,-0.0006713646005185534
2016-10-14,Friday,213.84229257014852,213.83,213.32,-1.0,213.8,935076.0,0.0023850722536595814,0.0021850722536595813
2016-10-17,Monday,212.8772238792167,212.85,212.93,-1.0,212.83,846696.0,-0.00037585153864228005,-0.00057585153864228
2016-10-18,Tuesday,214.08911464519062,214.22,214.18,1.0,214.34,1017569.0,-0.0001867239286714728,-0.0003867239286714728
2016-10-19,Wednesday,213.8818848993048,213.9,214.24,1.0,213.81,1014537.0,0.0015895278167368243,0.0013895278167368242
2016-10-20,Thursday,214.0484534512314,213.94,213.93,-1.0,213.89,1093401.0,4.674207721788726e-05,-0.00015325792278211275
2016-10-21,Friday,213.41048234426185,213.44,213.665,1.0,213.45,3204884.0,0.0010541604197900067,0.0008541604197900068
2016-10-24,Monday,214.8346802820326,214.87,214.79,1.0,214.91,496958.0,-0.000372318145855699,-0.000572318145855699
2016-11-03,Thursday,210.19455024280342,210.15,209.84,-1.0,210.07,1142763.0,0.0014751368070425874,0.0012751368070425873
2016-11-04,Friday,208.84457141891596,208.75,209.41,-1.0,208.76,1500156.0,-0.003161676646706635,-0.003361676646706635
2016-11-07,Monday,211.42286686044164,211.42,212.78,-1.0,211.42,1162666.0,-0.006432693217292673,-0.006632693217292673
2016-11-09,Wednesday,210.65234570059573,210.56,215.99,-1.0,210.83,6879567.0,-0.025788373860182512,-0.02598837386018251
2016-11-10,Thursday,217.62885164483774,217.46,216.06,-1.0,217.33,1728762.0,0.0064379656028694665,0.006237965602869467
2016-11-11,Friday,216.23868769616604,216.37,215.82,1.0,216.41,1457179.0,-0.00254194204372149,-0.0027419420437214902
2016-11-14,Monday,216.7507319807362,216.77,216.27,1.0,216.85,1210487.0,-0.002306592240623684,-0.002506592240623684
2016-11-15,Tuesday,217.1002341850509,217.16,217.2499,1.0,217.04,909361.0,0.0004139804752256726,0.0002139804752256726
2016-11-16,Wednesday,217.57124211091715,217.56,217.69,-1.0,217.66,508599.0,-0.0005975363118220223,-0.0007975363118220223
2016-11-17,Thursday,217.83610675211864,217.79,218.805,-1.0,217.86,627614.0,-0.0046604527296938425,-0.004860452729693842
2016-11-23,Wednesday,220.3322749409326,220.26,220.34,-1.0,220.25,1098423.0,-0.00036320711885950985,-0.0005632071188595098
2016-11-29,Tuesday,220.77156766118517,220.69,221.275,-1.0,220.68,779874.0,-0.002650777108160751,-0.0028507771081607513
2016-12-01,Thursday,220.38309133577397,220.4,220.18,1.0,220.41,928357.0,-0.0009981851179673429,-0.001198185117967343
2016-12-02,Friday,219.47300903077067,219.41,219.92,-1.0,219.35,694380.0,-0.0023244154778725434,-0.0025244154778725435
2016-12-07,Wednesday,221.31971445819056,221.32,222.3134,1.0,221.36,386529.0,0.0044885234050244804,0.004288523405024481
2016-12-16,Friday,226.05848636829683,226.12,225.545,1.0,226.08,2113105.0,-0.002542897576508163,-0.002742897576508163
2017-01-03,Tuesday,224.9718611895056,224.92,224.36,-1.0,224.92,832099.0,0.0024897741419169783,0.0022897741419169782
2017-02-02,Thursday,227.07822137690556,227.1,227.23,1.0,227.1,1250832.0,0.0005724350506384202,0.00037243505063842017
2017-02-03,Friday,228.4331235566187,228.47,229.24,1.0,228.56,1533456.0,0.003370245546461259,0.003170245546461259
2017-03-01,Wednesday,238.19855309872497,238.15,239.56,-1.0,238.17,1307982.0,-0.005920638253201771,-0.006120638253201771
2017-03-08,Wednesday,236.8725843446531,236.95,237.04,1.0,237.04,834265.0,0.0003798269677146582,0.00017982696771465817
2017-03-09,Thursday,236.41363691328561,236.5,236.895,1.0,236.68,1109815.0,0.0016701902748414987,0.0014701902748414986
2017-03-10,Friday,237.98843968954753,238.08,237.31,1.0,238.09,1564033.0,-0.003234206989247368,-0.003434206989247368
2017-03-16,Thursday,239.11952877583468,239.13,238.4796,1.0,239.11,444673.0,-0.0027198594906535645,-0.0029198594906535646
2017-03-20,Monday,236.94346018545323,236.92,237.1666,-1.0,236.86,546442.0,-0.001040857673476392,-0.001240857673476392
2017-03-22,Wednesday,233.86295088027356,233.8,234.265,-1.0,233.85,919955.0,-0.0019888793840887597,-0.00218887938408876
2017-03-23,Thursday,234.46217626370844,234.44,235.06,-1.0,234.38,1881910.0,-0.0026445998976283303,-0.0028445998976283303
2017-03-27,Monday,232.16378639906816,232.15,233.21,-1.0,232.17,1273117.0,-0.0045660133534353164,-0.004766013353435316
2017-03-28,Tuesday,233.29978537254513,233.32,234.75,1.0,233.3,320374.0,0.006128921652665875,0.0059289216526658755
2017-04-06,Thursday,234.82748233978185,234.82,235.59,-1.0,234.73,972405.0,-0.0032791074014137944,-0.0034791074014137945
2017-04-07,Friday,234.73945588510261,234.66,235.28,-1.0,234.78,1481469.0,-0.002642120514787294,-0.002842120514787294
2017-04-13,Thursday,233.61585977792507,233.58,234.285,-1.0,233.59,564608.0,-0.0030182378628307305,-0.0032182378628307306
2017-04-18,Tuesday,233.89114394727713,233.89,233.29,-1.0,233.86,699752.0,0.0025653084783444635,0.0023653084783444634
2017-04-24,Monday,237.42269137708374,237.43,236.65,1.0,237.39,1255079.0,-0.0032851787895379347,-0.003485178789537935
2017-04-25,Tuesday,237.76782361542377,237.75,238.565,-1.0,237.79,746706.0,-0.0034279705573081465,-0.0036279705573081466
2017-04-27,Thursday,238.61164255689565,238.66,238.11,1.0,238.71,623984.0,-0.002304533646191209,-0.0025045336461912092
2017-05-05,Friday,238.96875720864048,238.98,239.05,1.0,239.0,1064322.0,0.0002929115407148686,9.291154071486857e-05
2017-05-17,Wednesday,238.60882489197738,238.6,237.73,-1.0,238.62,3274448.0,0.003646269907795485,0.003446269907795485
2017-05-18,Thursday,235.35231912115162,235.25,236.18,-1.0,235.28,2255005.0,-0.003953241232731219,-0.004153241232731219
2017-06-02,Friday,243.59920725696347,243.63,244.03,1.0,243.48,1320190.0,0.0016418339284982597,0.0014418339284982596
2017-06-15,Thursday,242.70384851187643,242.83,243.18,1.0,242.77,639476.0,0.0014413375612567503,0.0012413375612567502
2017-06-16,Friday,242.89753744985862,242.86,242.275,-1.0,242.84,1136961.0,0.0024087951906448524,0.0022087951906448523
2017-06-28,Wednesday,242.33149983844004,242.28,243.3,-1.0,242.27,588873.0,-0.0042100049529469885,-0.004410004952946988
2017-06-29,Thursday,243.80444833020314,243.7,241.35,-1.0,243.7,682344.0,0.009643003693065255,0.009443003693065255
2017-06-30,Friday,242.16945155902002,242.14,242.06,-1.0,242.05,765197.0,0.0003303873792021017,0.0001303873792021017
2017-07-06,Thursday,241.77328204726666,241.81,241.72,1.0,241.8,798902.0,-0.0003721930441256127,-0.0005721930441256127
2017-07-07,Friday,241.15492028758328,241.47,241.94,1.0,241.26,1040142.0,0.0019464115625129619,0.0017464115625129618
2017-07-14,Friday,244.5040627184069,244.45,244.875,-1.0,244.42,1667168.0,-0.0017385968500716054,-0.0019385968500716055
2017-07-20,Thursday,247.44495364174782,247.44,246.97,-1.0,247.37,434109.0,0.0018994503718072764,0.0016994503718072763
2017-08-11,Friday,244.00439317302778,244.23,244.26,1.0,244.18,2305837.0,0.0001228350325512828,-7.71649674487172e-05
2017-08-18,Friday,243.51035450135265,243.49,243.58,-1.0,243.5,3458119.0,-0.0003696250359357389,-0.0005696250359357389
2017-08-23,Wednesday,244.60036997857168,244.54,244.94,-1.0,244.55,1044601.0,-0.00163572421689695,-0.00183572421689695
2017-08-29,Tuesday,243.33438130954792,243.36,244.4,1.0,243.26,1202655.0,0.004273504273504258,0.004073504273504259
2017-09-01,Friday,248.02041789228693,248.1,248.09,1.0,248.02,580964.0,-4.0306328093486776e-05,-0.00024030632809348679
2017-09-14,Thursday,249.6318006019395,249.67,250.12,1.0,249.65,1643864.0,0.0018023791404655487,0.0016023791404655486
2017-09-15,Friday,248.6516808639779,248.66,249.0766,1.0,248.69,1630884.0,0.0016753800369984084,0.0014753800369984083
2017-10-06,Friday,254.40465210241035,254.37,253.97,-1.0,254.27,1659958.0,0.0015725124818178893,0.0013725124818178892
2017-10-24,Tuesday,256.66293274571575,256.71,256.6099,1.0,256.66,400670.0,-0.0003899341669587608,-0.0005899341669587608
2017-11-09,Thursday,257.7630083514888,257.79,257.35,1.0,257.85,760991.0,-0.0017068156251212052,-0.0019068156251212053
2017-12-01,Friday,264.80794286383326,264.89,263.2,1.0,264.84,1534192.0,-0.006380006795273507,-0.006580006795273507
2017-12-04,Monday,266.0407466666667,266.07,265.8,1.0,266.04,815667.0,-0.001014770549103594,-0.0012147705491035942
2017-12-05,Tuesday,264.6288047482603,264.58,264.63,-1.0,264.51,605663.0,-0.00018897875878765014,-0.0003889787587876501
2018-01-05,Friday,272.4091492195001,272.54,272.62,1.0,272.57,847295.0,0.00029353489396055643,9.353489396055642e-05
2018-01-12,Friday,276.55757234296834,276.3,277.63,-1.0,276.13,1102826.0,-0.0048136083966703325,-0.005013608396670332
2018-01-17,Wednesday,278.28570342905226,278.32,278.42,1.0,278.38,796956.0,0.0003592986490370542,0.0001592986490370542
2018-01-25,Thursday,284.2182470047336,284.24,283.731,1.0,284.22,1090480.0,-0.0017907402195328492,-0.0019907402195328493
2018-01-30,Tuesday,283.276004837796,283.27,281.96,-1.0,283.27,2858473.0,0.00462456313764259,0.00442456313764259
2018-01-31,Wednesday,282.89730799700965,282.91,281.9,1.0,282.83,831271.0,-0.0035700399420312,-0.0037700399420312
2018-02-01,Thursday,281.2059478108558,281.26,282.845,1.0,281.23,1786153.0,0.005635355187371349,0.0054353551873713496
2018-02-02,Friday,279.6783075817552,279.56,278.26,-1.0,279.68,2073506.0,0.004650164544283908,0.004450164544283908
2018-02-05,Monday,274.3282092873785,274.37,274.5,1.0,274.18,1781558.0,0.00047381273462843154,0.00027381273462843156
2018-02-06,Tuesday,257.77792075811453,257.5,263.19,-1.0,258.41,5575696.0,-0.0220970873786408,-0.0222970873786408
2018-02-07,Wednesday,267.8986706785016,267.95,271.62,1.0,267.94,1410225.0,0.0136965851838029,0.0134965851838029
2018-02-08,Thursday,268.0436766480202,268.03,264.61,-1.0,268.11,937807.0,0.012759765697869518,0.012559765697869518
2018-02-09,Friday,259.192650762164,259.29,256.75,1.0,259.66,3481008.0,-0.009795981333641901,-0.009995981333641902
2018-02-12,Monday,264.7950193178253,264.86,265.07,1.0,264.69,2851788.0,0.0007928717058067747,0.0005928717058067747
2018-02-13,Tuesday,264.3075153884712,264.38,264.83,1.0,264.39,692863.0,0.0017020954686435275,0.0015020954686435274
2018-02-14,Wednesday,264.18927680644134,263.46,266.93,-1.0,263.21,5529307.0,-0.01317087982995524,-0.01337087982995524
2018-02-15,Thursday,270.4828578752678,270.71,270.6989,1.0,270.8,1175654.0,-4.100328765099803e-05,-0.00024100328765099804
2018-02-16,Friday,273.4859899427294,273.6,274.57,1.0,273.43,2134690.0,0.0035453216374268237,0.0033453216374268236
2018-02-20,Tuesday,271.8699592839192,271.99,273.475,1.0,272.06,1137467.0,0.005459759549983456,0.0052597595499834565
2018-02-22,Thursday,270.51130999056375,270.56,272.785,1.0,270.78,983906.0,0.008223684210526327,0.008023684210526327
2018-02-26,Monday,275.79629260419637,275.79,276.28,-1.0,275.88,630080.0,-0.0017767141665758768,-0.001976714166575877
2018-02-27,Tuesday,277.77871985921024,277.75,276.32,-1.0,277.94,1158503.0,0.005148514851485153,0.004948514851485153
2018-03-01,Thursday,271.01771707650477,270.92,271.8,-1.0,271.19,1266116.0,-0.003248191347999363,-0.003448191347999363
2018-03-02,Friday,265.8701273815086,266.05,267.84,1.0,266.04,1278909.0,0.006728058635594669,0.0065280586355946696
2018-03-05,Monday,268.2280039423177,268.42,271.28,1.0,268.34,1828034.0,0.010654943744877299,0.010454943744877298
2018-03-06,Tuesday,272.9342090208358,273.07,272.12,1.0,272.95,614716.0,-0.0034789614384589385,-0.0036789614384589386
2018-03-07,Wednesday,270.94676525853026,270.84,270.88,-1.0,270.86,882391.0,-0.00014768867227887839,-0.00034768867227887837
2018-03-08,Thursday,273.17201481947944,273.2,273.22,1.0,273.18,1471728.0,7.320644216712857e-05,-0.00012679355783287144
2018-03-09,Friday,275.04417392854174,275.87,277.1278,1.0,275.68,2214780.0,0.004559393917424881,0.004359393917424881
2018-03-13,Tuesday,279.81054660730223,279.99,278.2,1.0,280.0,2351567.0,-0.006393085467338189,-0.006593085467338188
2018-03-16,Friday,274.57317034700316,274.72,274.65,1.0,274.76,880767.0,-0.0002548048922541568,-0.0004548048922541568
2018-03-22,Thursday,268.8013537433313,268.7,265.8,-1.0,268.34,1500013.0,0.010792705619650067,0.010592705619650067
2018-03-23,Friday,264.1850672633429,264.27,261.84,1.0,264.27,1335763.0,-0.009195141332727919,-0.009395141332727919
2018-03-26,Monday,262.4157465839125,262.45,261.0011,1.0,262.41,1438630.0,-0.005520670603924471,-0.005720670603924471
2018-03-28,Wednesday,261.4730004502766,261.53,260.35,1.0,261.29,1270309.0,-0.004511910679462994,-0.004711910679462993
2018-03-29,Thursday,260.98173539157415,261.01,262.88,1.0,261.02,721190.0,0.007164476456840818,0.0069644764568408185
2018-04-03,Tuesday,258.78317536852114,258.68,258.11,-1.0,258.71,939349.0,0.0022034946652234044,0.0020034946652234043
2018-04-04,Wednesday,256.6978581907881,256.6,260.06,-1.0,256.8,2563010.0,-0.013484021823850334,-0.013684021823850335
2018-04-06,Friday,263.3796489637932,263.21,263.0884,-1.0,263.7,1938498.0,0.00046198852627177267,0.0002619885262717727
2018-04-10,Tuesday,264.0655849998555,264.18,265.22,1.0,264.28,832713.0,0.0039367098190628,0.0037367098190628
2018-04-11,Wednesday,262.84484158156584,262.65,264.925,-1.0,262.81,1101181.0,-0.008661717114030187,-0.008861717114030188
2018-04-12,Thursday,265.16182269799157,265.2,266.02,1.0,265.13,771370.0,0.003092006033182493,0.0028920060331824927
2018-04-13,Friday,267.34231715034804,267.37,265.81,1.0,267.42,950920.0,-0.005834611212925944,-0.006034611212925944
2018-04-16,Monday,266.7640554412542,266.78,267.0,1.0,266.85,1075780.0,0.0008246495239523366,0.0006246495239523366
2018-04-17,Tuesday,269.2821261254338,269.33,270.02,1.0,269.32,860634.0,0.00256191289496166,0.0023619128949616598
2018-04-18,Wednesday,271.1017499044812,271.1,270.75,-1.0,271.12,479713.0,0.0012910365178901984,0.0010910365178901983
2018-04-19,Thursday,269.8194887341056,269.87,268.28,1.0,269.79,935134.0,-0.0058917256456814115,-0.006091725645681411
2018-04-24,Tuesday,268.2232447685781,268.19,265.71,-1.0,268.12,615237.0,0.00924717550989973,0.00904717550989973
2018-04-25,Wednesday,262.6091028018746,262.73,261.87,1.0,262.54,784978.0,-0.00327332242225864,-0.00347332242225864
2018-05-03,Thursday,262.10945440852845,262.1,260.5148,-1.0,262.06,891458.0,0.0060480732544831994,0.0058480732544832
2018-05-04,Friday,262.5018209794402,262.51,265.18,1.0,262.04,1396394.0,0.01017104110319611,0.00997104110319611
2018-05-10,Thursday,270.17737013463983,270.22,271.665,1.0,270.18,547280.0,0.00534749463400197,0.005147494634001971
2018-05-15,Tuesday,272.30437278772195,272.11,270.65,-1.0,271.92,1702485.0,0.0053654771967220904,0.005165477196722091
2018-05-25,Friday,272.2686412837485,272.21,272.39,-1.0,272.15,891328.0,-0.0006612541787591741,-0.0008612541787591741
2018-05-29,Tuesday,270.56323411107826,270.54,268.9163,-1.0,270.54,924135.0,0.006001700303097657,0.005801700303097657
2018-05-30,Wednesday,270.37845809963494,270.38,272.351,1.0,270.45,866087.0,0.007289740365411745,0.007089740365411746
2018-06-01,Friday,271.9169373290166,271.88,273.39,-1.0,271.89,1398552.0,-0.0055539208474326696,-0.005753920847432669
2018-06-12,Tuesday,278.762745497187,278.68,279.19,-1.0,278.68,775255.0,-0.0018300559781827541,-0.002030055978182754
2018-06-14,Thursday,278.6332299699334,278.67,278.77,1.0,278.8,1292451.0,0.0003588473822082605,0.0001588473822082605
2018-06-15,Friday,276.23501299396696,276.1,276.35,-1.0,276.36,2672603.0,-0.000905469032959072,-0.001105469032959072
2018-06-19,Tuesday,273.85924918028053,273.85,275.05,-1.0,273.87,815152.0,-0.004381960927515083,-0.0045819609275150825
2018-06-27,Wednesday,272.0421632261011,272.22,272.7989,1.0,272.4,633094.0,0.002126588788479822,0.0019265887884798217
2018-06-28,Thursday,268.6586271260392,268.7,270.13,1.0,268.8,990493.0,0.0053219203572758556,0.005121920357275856
2018-07-05,Thursday,272.56789272159153,272.52,272.12,-1.0,272.4699,547837.0,0.0014677821811241998,0.0012677821811241997
2018-07-06,Friday,273.25253026592145,273.59,275.33,1.0,273.47,900527.0,0.006359881574619086,0.0061598815746190866
2018-07-10,Tuesday,278.1379859187442,278.17,278.88,1.0,278.2,493652.0,0.00255239601682411,0.00235239601682411
2018-07-11,Wednesday,277.4367284368236,277.62,276.91,1.0,277.5,1449520.0,-0.0025574526330954805,-0.0027574526330954806
2018-07-27,Friday,283.58584006596726,283.47,282.51,-1.0,283.64,480788.0,0.003386601756799834,0.003186601756799834
2018-08-10,Friday,283.8210727437494,283.9,283.705,1.0,284.0,1295096.0,-0.0006868615709756387,-0.0008868615709756387
2018-08-15,Wednesday,282.41140066964283,282.34,280.61,-1.0,282.4,643926.0,0.006127364170857685,0.005927364170857686
2018-09-11,Tuesday,287.48637611967445,287.47,289.4,-1.0,287.49,469887.0,-0.006713744042856407,-0.006913744042856406
2018-09-13,Thursday,290.1564242812607,290.16,290.78,1.0,290.18,744693.0,0.002136752136751907,0.001936752136751907
2018-09-18,Tuesday,289.89853849940636,289.98,291.19,1.0,290.07,881321.0,0.004172701565625214,0.0039727015656252146
2018-09-24,Monday,291.46766827765936,291.48,290.805,1.0,291.47,652106.0,-0.0023157678056814346,-0.0025157678056814347
2018-10-05,Friday,289.84823876424207,289.51,287.04,-1.0,288.91,1330133.0,0.008531656937584065,0.008331656937584064
2018-10-09,Tuesday,286.9508608745031,286.89,288.525,-1.0,286.93,584615.0,-0.00569904841576907,-0.00589904841576907
2018-10-10,Wednesday,286.65235363852634,286.6,283.12,-1.0,286.65,637048.0,0.012142358688067012,0.011942358688067011
2018-10-11,Thursday,277.22840213407596,277.28,276.12,1.0,277.16,2431102.0,-0.004183496826312583,-0.004383496826312582
2018-10-12,Friday,276.68380250507187,276.53,274.87,-1.0,276.54,2266919.0,0.0060029653202182676,0.005802965320218268
2018-10-15,Monday,275.77329164323083,275.7,275.23,-1.0,275.67,568253.0,0.0017047515415304915,0.0015047515415304914
2018-10-16,Tuesday,275.8719761467025,275.97,278.66,1.0,276.0,694642.0,0.009747436315541425,0.009547436315541424
2018-10-19,Friday,277.55306382098246,277.52,277.98,-1.0,277.58,1029824.0,-0.0016575381954455626,-0.0018575381954455627
2018-10-22,Monday,277.1723969140729,277.09,275.17,-1.0,277.03,891856.0,0.006929156591720997,0.006729156591720998
2018-10-23,Tuesday,271.0184525818535,271.19,269.5836,1.0,271.26,2406729.0,-0.0059235222537704635,-0.006123522253770463
2018-10-24,Wednesday,273.5443339686321,273.59,271.995,1.0,273.41,820466.0,-0.0058298914434006255,-0.006029891443400625
2018-10-25,Thursday,267.9356140817759,267.96,269.44,1.0,267.66,1840514.0,0.0055232124197641674,0.005323212419764168
2018-10-26,Friday,265.8587679284009,265.73,265.31,-1.0,265.8,1598416.0,0.0015805516878034664,0.0013805516878034664
2018-10-29,Monday,269.2203000345827,269.1,267.42,-1.0,269.07,524766.0,0.006243032329988907,0.006043032329988907
2018-10-30,Tuesday,265.21767677893627,265.16,265.57,-1.0,265.0,2032858.0,-0.0015462362347260505,-0.0017462362347260506
2018-10-31,Wednesday,270.6860404859313,270.65,271.23,-1.0,270.66,1057164.0,-0.0021429891003141854,-0.0023429891003141855
2018-11-01,Thursday,271.5720630903142,271.55,272.52,-1.0,271.38,677015.0,-0.003572086171975686,-0.003772086171975686
2018-11-02,Friday,275.1636091122625,274.75,271.9399,-1.0,274.79,1363190.0,0.010227843494085453,0.010027843494085453
2018-11-08,Thursday,280.38061854771416,280.38,280.94,-1.0,280.36,821047.0,-0.001997289392966728,-0.002197289392966728
2018-11-13,Tuesday,273.61196420058076,273.46,274.24,-1.0,273.53,696051.0,-0.0028523367220070206,-0.0030523367220070207
2018-11-14,Wednesday,273.43222216492927,273.62,271.38,1.0,273.8,882638.0,-0.008186536071924655,-0.008386536071924655
2018-11-15,Thursday,269.65227168489605,269.8,270.415,1.0,269.78,1266606.0,0.002279466271312147,0.002079466271312147
2018-11-16,Friday,270.93535920142006,270.96,272.3511,1.0,270.92,1924226.0,0.005133968113374632,0.004933968113374632
2018-11-19,Monday,273.5551230249047,273.5,269.51,-1.0,273.5,667883.0,0.014588665447897609,0.014388665447897608
2018-11-20,Tuesday,266.3441554707308,266.47,266.28,1.0,266.31,2522971.0,-0.0007130258565694048,-0.0009130258565694047
2018-11-23,Friday,263.3842931483862,263.15,263.755,-1.0,263.2,814859.0,-0.002299068972069218,-0.002499068972069218
2018-11-27,Tuesday,265.8155905464733,265.91,267.63,1.0,265.95,652340.0,0.006468353954345307,0.006268353954345308
2018-11-29,Thursday,273.7250816156842,273.62,273.92,-1.0,273.8,898566.0,-0.0010964110810613992,-0.0012964110810613993
2018-11-30,Friday,273.9748272644569,274.0,274.525,1.0,273.76,619177.0,0.0019160583941604248,0.0017160583941604247
2018-12-03,Monday,279.95182775728006,279.88,277.68,-1.0,279.88,1661248.0,0.007860511647849067,0.007660511647849067
2018-12-04,Tuesday,278.52875366781143,278.5,276.45,-1.0,278.47,576465.0,0.007360861759425519,0.007160861759425519
2018-12-06,Thursday,266.8847680597226,266.84,264.87,-1.0,267.04,1634664.0,0.007382701244191159,0.007182701244191159
2018-12-07,Friday,268.8406709937148,269.01,265.36,1.0,269.58,1284043.0,-0.013568268837589548,-0.013768268837589548
2018-12-10,Monday,264.32545767125544,264.33,260.26,1.0,264.27,739205.0,-0.015397419891801878,-0.015597419891801878
2018-12-11,Tuesday,266.9960922391603,267.51,265.6208,1.0,267.53,1277662.0,-0.007062165900340256,-0.007262165900340256
2018-12-12,Wednesday,266.65289323282656,266.7,268.36,1.0,266.77,1519134.0,0.006224221972253474,0.0060242219722534745
2018-12-13,Thursday,266.31860694286416,266.22,265.28,-1.0,266.32,527772.0,0.0035309142814216044,0.0033309142814216043
2018-12-14,Friday,262.72127397555494,262.65,261.24,-1.0,262.85,566000.0,0.00536836093660753,0.0051683609366075306
2018-12-17,Monday,259.71597138802156,259.69,260.3485,-1.0,259.49,648478.0,-0.002535715660980431,-0.002735715660980431
2018-12-18,Tuesday,257.4044774769936,257.29,256.38,-1.0,257.29,718961.0,0.003536865016129709,0.0033368650161297087
2018-12-20,Thursday,251.17004550710843,250.97,247.66,-1.0,251.04,1637214.0,0.01318882734988247,0.01298882734988247
2018-12-21,Friday,247.43813528255194,247.64,245.28,1.0,248.07,4118610.0,-0.009529962849297302,-0.009729962849297303
2018-12-24,Monday,239.51112871054792,239.37,236.36,-1.0,239.19,1921007.0,0.012574675189037876,0.012374675189037876
2018-12-26,Wednesday,234.9042353547547,234.93,238.32,1.0,235.06,2248264.0,0.014429830162175916,0.014229830162175916
2018-12-27,Thursday,243.07340287774514,243.0,242.5323,-1.0,242.92,1756350.0,0.0019246913580247549,0.0017246913580247548
2018-12-28,Friday,249.5635811100889,249.37,248.55,-1.0,249.59,1122083.0,0.003288286481934466,0.003088286481934466
2018-12-31,Monday,249.51196180373748,249.55,248.72,1.0,249.62,442265.0,-0.0033259867761972206,-0.0035259867761972207
2019-01-02,Wednesday,245.57737672398366,245.51,248.89,-1.0,245.72,883907.0,-0.013767259989409864,-0.013967259989409864
2019-01-03,Thursday,247.68951522201274,247.68,247.12,-1.0,247.69,1190769.0,0.002260981912144744,0.0020609819121447438
2019-01-04,Friday,246.89640317877635,246.69,251.2,-1.0,246.36,1336267.0,-0.018282054400259318,-0.018482054400259317
2019-01-08,Tuesday,256.0023064013426,256.09,255.29,1.0,256.16,1549323.0,-0.003123901753289804,-0.003323901753289804
2019-01-09,Wednesday,257.65638212560384,257.68,258.17,1.0,257.62,1262682.0,0.0019015833592053166,0.0017015833592053165
2019-01-10,Thursday,256.66096918202766,256.46,258.14,-1.0,256.36,475399.0,-0.006550729158543378,-0.006750729158543378
2019-01-11,Friday,258.07267907269176,257.99,258.44,-1.0,257.76,485487.0,-0.001744253653242378,-0.0019442536532423781
2019-01-15,Tuesday,257.5609378635915,257.47,260.16,-1.0,257.51,473967.0,-0.010447819163397654,-0.010647819163397654
2019-01-18,Friday,264.09218103260474,264.12,266.48,1.0,264.11,1562824.0,0.008935332424655495,0.008735332424655495
2019-01-24,Thursday,263.26941649777143,263.05,263.8233,-1.0,263.4,1027016.0,-0.0029397452955712833,-0.0031397452955712834
2019-01-29,Tuesday,264.19965678764504,264.11,263.4,-1.0,264.18,370464.0,0.002688273825300236,0.0024882738253002358
2019-01-30,Wednesday,264.59993371212124,264.55,265.8171,-1.0,264.57,392209.0,-0.0047896427896427785,-0.004989642789642778
2019-01-31,Thursday,267.7639237636015,267.88,270.2841,1.0,267.89,718630.0,0.008974540839181921,0.008774540839181921
2019-02-01,Friday,270.0071343401815,270.29,270.98,1.0,270.52,1926373.0,0.002552813644604024,0.002352813644604024
2019-02-07,Thursday,271.031647795391,271.05,268.56,1.0,271.09,524796.0,-0.009186496956281154,-0.009386496956281154
2019-02-08,Friday,268.8935578978956,268.81,268.61,-1.0,268.91,308718.0,0.0007440199397343861,0.0005440199397343861
2019-02-11,Monday,271.3489274680842,271.28,270.5193,-1.0,271.33,355387.0,0.0028041138307283164,0.0026041138307283163
2019-02-12,Tuesday,272.4414049957901,272.42,274.08,-1.0,272.43,522023.0,-0.006093532046105077,-0.0062935320461050765
2019-02-14,Thursday,275.47742454470904,275.31,274.34,-1.0,274.91,2304035.0,0.003523301006138624,0.0033233010061386238
2019-02-15,Friday,275.0336361480981,275.04,276.7,1.0,275.22,1777605.0,0.006035485747527547,0.005835485747527547
2019-02-26,Tuesday,279.0691284040841,278.96,279.7,-1.0,278.98,428634.0,-0.0026527100659592406,-0.0028527100659592407
2019-03-07,Thursday,277.54685170160604,277.6,275.51,1.0,277.65,785371.0,-0.007528818443804153,-0.007728818443804152
2019-03-08,Friday,273.228152039678,273.47,273.22,1.0,273.21,1361771.0,-0.0009141770578126041,-0.0011141770578126041
2019-03-11,Monday,275.27936854047897,275.34,277.78,1.0,275.55,406006.0,0.008861770901430921,0.00866177090143092
2019-03-15,Friday,281.12217898707763,281.05,281.51,-1.0,281.03,1896979.0,-0.0016367194449384836,-0.0018367194449384837
2019-03-21,Thursday,280.2277651250291,280.27,284.2,1.0,280.31,537934.0,0.014022192885431828,0.013822192885431827
2019-03-22,Friday,283.2389458231012,283.21,279.64,-1.0,283.15,870839.0,0.01260548709438225,0.01240548709438225
2019-03-25,Monday,279.4753983164295,279.4601,278.95,-1.0,279.55,936803.0,0.0018253052940295778,0.0016253052940295777
2019-03-26,Tuesday,280.6628983856086,280.67,281.0752,1.0,280.71,627412.0,0.0014436883172408432,0.0012436883172408431
2019-03-27,Wednesday,280.831993208749,281.03,278.35,1.0,281.05,349171.0,-0.009536348432551467,-0.009736348432551467
2019-04-05,Friday,288.0074776331205,288.1,288.2025,1.0,288.08,799453.0,0.00035577924331819943,0.00015577924331819942
2019-04-08,Monday,288.19471005870224,288.18,288.035,-1.0,288.17,396258.0,0.0005031577486293015,0.00030315774862930153
2019-04-09,Tuesday,288.1193349068315,288.12,287.59,1.0,288.11,418905.0,-0.0018395113147300357,-0.002039511314730036
2019-04-23,Tuesday,290.75831515772524,290.7,292.63,-1.0,290.67,545852.0,-0.006639146886824987,-0.006839146886824987
2019-04-25,Thursday,292.55877165861517,292.6,292.61,1.0,292.67,772128.0,3.4176349965830966e-05,-0.00016582365003416904
2019-05-02,Thursday,291.9047531291512,291.77,290.01,-1.0,291.85,371036.0,0.006032148610206622,0.005832148610206623
2019-05-03,Friday,292.19479642655557,292.46,293.575,1.0,292.4,855508.0,0.0038124871777336367,0.0036124871777336366
2019-05-06,Monday,289.8988447581439,289.9,291.34,1.0,289.75,1909003.0,0.004967230079337748,0.004767230079337748
2019-05-08,Wednesday,287.2501118935083,287.09,288.38,-1.0,286.82,3188942.0,-0.004493364450172566,-0.004693364450172565
2019-05-09,Thursday,286.08207823731016,286.16,284.56,1.0,285.9,1567469.0,-0.0055912776069332315,-0.005791277606933231
2019-05-10,Friday,284.8072749412451,284.9025,283.16,1.0,285.05,940627.0,-0.006116127447108877,-0.006316127447108876
2019-05-13,Monday,282.9655705829295,282.93,281.5,-1.0,282.81,2699698.0,0.005054253702329259,0.004854253702329259
2019-05-14,Tuesday,282.1831854204318,281.9,284.54,-1.0,282.02,858097.0,-0.009365023057822164,-0.009565023057822164
2019-05-15,Wednesday,282.1717040130798,282.1,285.16,-1.0,281.95,1187480.0,-0.010847217298830314,-0.011047217298830314
2019-05-16,Thursday,286.38225884551827,286.43,288.81,1.0,286.36,713788.0,0.00830918549034676,0.00810918549034676
2019-05-17,Friday,285.3202110887152,285.35,287.53,1.0,285.7,1221159.0,0.0076397406693533565,0.007439740669353357
2019-05-20,Monday,283.7838871046583,283.77,284.638,-1.0,283.67,999280.0,-0.0030588152376924693,-0.0032588152376924694
2019-05-23,Thursday,283.1751539035623,283.15,281.29,-1.0,283.47,716717.0,0.006568956383542157,0.0063689563835421575
2019-05-29,Wednesday,278.5979455088172,278.77,277.0,1.0,278.75,718387.0,-0.00634932022814505,-0.00654932022814505
2019-05-31,Friday,276.21564683307986,276.2,276.73,-1.0,276.11,615607.0,-0.001918899348298364,-0.002118899348298364
2019-06-03,Monday,274.7156976254885,274.65,275.14,-1.0,274.74,581538.0,-0.0017840888403422017,-0.001984088840342202
2019-06-04,Tuesday,276.97031860795795,277.0,279.135,1.0,277.01,1086141.0,0.007707581227436755,0.007507581227436755
2019-06-05,Wednesday,281.3436956007089,281.35,281.875,1.0,281.3,944580.0,0.0018660031988626535,0.0016660031988626534
2019-06-06,Thursday,283.6977301329689,283.61,283.19,-1.0,283.85,609803.0,0.0014809068791651336,0.0012809068791651335
2019-06-07,Friday,285.29387933362705,285.1,287.85,-1.0,284.95,2212535.0,-0.009645738337425547,-0.009845738337425547
2019-06-10,Monday,289.07817651694245,289.11,290.6903,1.0,289.21,668540.0,0.005466085572965129,0.0052660855729651295
2019-06-12,Wednesday,288.52591763242714,288.45,287.845,-1.0,288.37,592674.0,0.002097417230022436,0.0018974172300224358
2019-06-18,Tuesday,291.37390595632064,291.32,292.325,-1.0,291.44,812830.0,-0.0034498146368253657,-0.003649814636825366
2019-06-20,Thursday,296.30227128089973,296.34,294.97,1.0,296.28,1099022.0,-0.004623068097455496,-0.004823068097455496
2019-06-21,Friday,294.04577694944044,293.88,294.51,-1.0,293.96,1202736.0,-0.0021437321355655126,-0.0023437321355655127
2019-06-24,Monday,294.2198477075752,294.25,294.25,1.0,294.34,314767.0,0.0,-0.0002
2019-06-26,Wednesday,291.84411391597854,291.72,291.46,-1.0,291.7,538856.0,0.0008912655971481387,0.0006912655971481387
2019-07-01,Monday,296.64450699011985,296.65,295.44,1.0,296.59,579934.0,-0.004078880836001941,-0.004278880836001941
2019-07-05,Friday,298.1447967712828,298.1,297.16,-1.0,297.85,1020386.0,0.0031533042603153483,0.002953304260315348
2019-07-10,Wednesday,297.4063801516343,297.93,298.61,1.0,297.7,999433.0,0.0022824153324607632,0.002082415332460763
2019-07-16,Tuesday,300.8904357365172,300.85,300.075,-1.0,300.92,587579.0,0.0025760345687220187,0.0023760345687220187
2019-07-25,Thursday,301.88440611877627,301.95,300.02,1.0,301.97,1115642.0,-0.006391786719655568,-0.006591786719655567
2019-08-02,Friday,293.4623731059337,293.27,292.02,-1.0,293.3199,2907201.0,0.0042622839022061765,0.004062283902206177
2019-08-05,Monday,288.50618025956317,288.45,286.1,-1.0,288.45,1736051.0,0.008146992546368415,0.007946992546368414
2019-08-06,Tuesday,285.27708042119434,285.4,285.53,1.0,285.13,2253843.0,0.0004555010511562152,0.0002555010511562152
2019-08-07,Wednesday,286.03070480033887,285.89,284.94,-1.0,285.87,3115426.0,0.003322956381825115,0.003122956381825115
2019-08-08,Thursday,288.69901061783486,288.88,292.13,1.0,288.83,2869232.0,0.011250346164497271,0.01105034616449727
2019-08-09,Friday,292.0833479725353,292.09,289.9268,1.0,291.96,544101.0,-0.007405936526412971,-0.00760593652641297
2019-08-13,Tuesday,286.9939947929095,286.87,292.89,-1.0,286.94,802114.0,-0.02098511520897972,-0.02118511520897972
2019-08-14,Wednesday,288.85491377782444,288.79,285.7,-1.0,288.67,2189950.0,0.01069981647563989,0.010499816475639889
2019-08-15,Thursday,285.3665572514664,284.88,284.91,-1.0,285.3,2481407.0,-0.00010530749789405824,-0.0003053074978940582
2019-08-16,Friday,287.33708682939226,287.39,288.645,1.0,287.2,1207449.0,0.0043668882007028564,0.004166888200702857
2019-08-19,Monday,291.94562154294033,292.05,292.37,1.0,292.09,563949.0,0.0010957027906179917,0.0008957027906179917
2019-08-20,Tuesday,292.71120526556206,292.66,291.5145,-1.0,292.61,658071.0,0.0039140982710312855,0.0037140982710312854
2019-08-21,Wednesday,291.92510988632245,291.91,292.75,-1.0,291.88,1381209.0,-0.0028775992600458267,-0.0030775992600458268
2019-08-22,Thursday,293.27578249705044,293.26,291.49,-1.0,293.29,496809.0,0.006035599809043113,0.005835599809043113
2019-08-23,Friday,290.6377888686834,290.52,286.7,-1.0,290.82,1651918.0,0.01314883656891086,0.01294883656891086
2019-08-26,Monday,286.95710153715976,287.21,286.92,1.0,287.22,1439082.0,-0.0010097141464432413,-0.0012097141464432414
2019-08-27,Tuesday,289.2863645081695,289.25,287.42,-1.0,289.2,542466.0,0.00632670700086424,0.0061267070008642404
2019-08-29,Thursday,291.92390058963264,291.86,292.525,-1.0,291.81,719457.0,-0.0022784896868359716,-0.0024784896868359717
2019-09-03,Tuesday,290.9712266843439,291.21,290.63,1.0,291.2,834461.0,-0.0019916898458156584,-0.0021916898458156585
2019-09-04,Wednesday,293.41880701026986,293.36,293.45,-1.0,293.35,771744.0,-0.0003067902917914811,-0.0005067902917914811
2019-09-05,Thursday,296.6940557637975,296.68,297.88,-1.0,296.8,665900.0,-0.004044762033166949,-0.004244762033166948
2019-09-06,Friday,298.4034067628674,298.48,298.22,1.0,298.55,1558700.0,-0.0008710801393727596,-0.0010710801393727597
2019-09-13,Friday,302.2832264443995,302.23,301.565,-1.0,302.08,495804.0,0.0022003110214076083,0.002000311021407608
2019-09-19,Thursday,301.03731872438976,301.0,302.285,-1.0,301.13,837145.0,-0.004269102990033247,-0.004469102990033246
2019-09-23,Monday,297.66278275501514,297.61,298.435,-1.0,297.67,571174.0,-0.0027720842713618854,-0.0029720842713618855
2019-09-26,Thursday,298.229143443449,298.21,295.845,-1.0,297.9,454316.0,0.007930652895610346,0.0077306528956103465
2019-10-02,Wednesday,291.85032536601153,291.67,288.22,-1.0,291.59,707786.0,0.011828436246442808,0.011628436246442808
2019-10-03,Thursday,287.78141289832286,287.75,288.09,-1.0,287.66,514053.0,-0.0011815812337097054,-0.0013815812337097054
2019-10-04,Friday,290.69607109433235,291.24,292.9,1.0,290.68,901902.0,0.005699766515588456,0.005499766515588456
2019-10-08,Tuesday,291.2495140123285,291.02,289.55,-1.0,291.07,696334.0,0.005051199230293402,0.004851199230293402
2019-10-09,Wednesday,291.01390283281955,290.97,290.94,-1.0,290.9,780932.0,0.00010310341272301571,-9.68965872769843e-05
2019-10-11,Friday,296.3080584304413,296.32,297.7588,1.0,296.39,559577.0,0.004855561555075605,0.004655561555075605
2019-10-14,Monday,295.7829545454545,295.8,296.325,1.0,295.82,498447.0,0.00177484787018245,0.0015748478701824498
2019-11-01,Friday,304.38918432649103,304.57,305.53,1.0,304.53,618155.0,0.003151984765406901,0.002951984765406901
2019-11-07,Thursday,308.5992689299005,308.61,309.38,1.0,308.58,182738.0,0.0024950584880591986,0.0022950584880591985
2019-12-03,Tuesday,309.2628620681498,309.2,308.2,-1.0,309.15,1511266.0,0.0032341526520052177,0.0030341526520052176
2019-12-04,Wednesday,310.51434285375683,310.4602,311.59,-1.0,310.42,1128563.0,-0.0036391138058919914,-0.0038391138058919915
2019-12-06,Friday,313.2993699710968,313.43,315.11,1.0,313.63,1315593.0,0.005360048495676839,0.005160048495676839
2019-12-13,Friday,317.91255566555117,318.04,317.12,1.0,318.14,2482677.0,-0.0028927178971198675,-0.0030927178971198676
2020-01-03,Friday,321.96473801346923,321.89,323.1378,-1.0,321.8,1207230.0,-0.0038764795427010945,-0.004076479542701094
2020-01-06,Monday,320.76554320842257,320.73,322.27,-1.0,320.7398,426324.0,-0.004801546472110285,-0.005001546472110285
2020-01-07,Tuesday,323.33938666074374,323.27,322.845,-1.0,323.24,583540.0,0.0013146905063876613,0.0011146905063876612
2020-01-10,Friday,327.2876981070124,327.3,326.565,1.0,327.18,382898.0,-0.0022456461961503082,-0.0024456461961503083
2020-01-17,Friday,331.7170370565415,331.74,331.55,1.0,331.8699,719388.0,-0.000572737686139746,-0.0007727376861397459
2020-01-27,Monday,323.6439579439842,323.64,324.2,-1.0,323.8,1145218.0,-0.001730317636880585,-0.0019303176368805851
2020-01-30,Thursday,324.8914868618474,324.86,325.17,-1.0,324.85,812165.0,-0.0009542572184941811,-0.0011542572184941812
2020-01-31,Friday,327.0607003775288,327.12,324.095,1.0,326.77,495630.0,-0.009247370995353332,-0.009447370995353333
2020-02-03,Monday,324.0045615149836,323.92,324.27,-1.0,323.75,445874.0,-0.001080513707088171,-0.001280513707088171
2020-02-04,Tuesday,328.21319845920505,328.23,329.585,1.0,328.29,588806.0,0.004128202784632551,0.003928202784632551
2020-02-05,Wednesday,332.2729364089775,332.3,331.98,1.0,332.22,529707.0,-0.0009629852542882844,-0.0011629852542882845
2020-02-07,Friday,333.6813545713356,332.98,333.18,-1.0,333.1,1005258.0,-0.000600636674875421,-0.000800636674875421
2020-02-10,Monday,332.1193591585618,332.09,333.38,-1.0,331.96,547933.0,-0.003884489144509118,-0.0040844891445091175
2020-02-13,Thursday,335.77353103210817,335.64,337.3,-1.0,335.78,596815.0,-0.004945775235371208,-0.005145775235371208
2020-02-21,Friday,335.39043131275673,335.45,334.41,1.0,335.58,635850.0,-0.0031003130123713474,-0.0033003130123713475
2020-02-24,Monday,324.8588266785395,324.82,323.51,-1.0,324.8,3018226.0,0.004033002893910509,0.003833002893910509
2020-02-25,Tuesday,323.6119285267195,323.75,319.42,1.0,323.86,1378401.0,-0.013374517374517336,-0.013574517374517337
2020-02-26,Wednesday,314.5100748711381,314.73,315.41,1.0,314.85,1573012.0,0.0021605820862327096,0.0019605820862327096
2020-02-27,Thursday,307.1120394085549,306.78,306.57,-1.0,306.6999,3433674.0,0.000684529630353925,0.000484529630353925
2020-02-28,Friday,293.4236077235393,292.89,291.74,-1.0,292.73,5081554.0,0.003926388746628318,0.0037263887466283175
2020-03-02,Monday,293.0165572464782,293.62,303.61,1.0,293.58,3497734.0,0.03402356787684768,0.033823567876847684
2020-03-03,Tuesday,307.89310899467984,307.78,307.32,-1.0,307.05,2367959.0,0.001494574046396746,0.001294574046396746
2020-03-04,Wednesday,305.73409206072745,305.65,304.98,-1.0,305.75,1318799.0,0.0021920497300832453,0.0019920497300832452
2020-03-05,Thursday,304.3634247269377,304.4,305.74,1.0,304.6,1926969.0,0.00440210249671491,0.004202102496714911
2020-03-06,Friday,293.3546244411899,294.18,294.9401,1.0,293.89,2362890.0,0.0025837922360458787,0.0023837922360458786
2020-03-10,Tuesday,283.72405576571157,283.29,275.46,-1.0,283.21,3285119.0,0.02763952133855785,0.02743952133855785
2020-03-11,Wednesday,278.6107223264024,278.07,277.94,-1.0,278.28,2742937.0,0.0004675081813931836,0.00026750818139318364
2020-03-13,Friday,262.1325334895459,262.0,252.98,-1.0,262.7,3337913.0,0.03442748091603054,0.03422748091603054
2020-03-17,Tuesday,244.47289812959664,244.77,251.03,1.0,244.56,1952405.0,0.025575029619642864,0.025375029619642865
2020-03-18,Wednesday,237.4355697430346,237.6,241.06,1.0,237.03,3236623.0,0.014562289562289665,0.014362289562289665
2020-03-19,Thursday,235.2165701448981,235.48,242.73,1.0,236.66,2525328.0,0.030788177339901468,0.03058817733990147
2020-03-20,Friday,241.80153382470374,242.5,238.82,1.0,241.7501,3434079.0,-0.015175257731958824,-0.015375257731958825
2020-03-23,Monday,232.73677091307434,232.68,220.48,-1.0,232.7,6872661.0,0.05243252535671317,0.05223252535671317
2020-03-24,Tuesday,231.3477496504139,231.28,240.43,-1.0,231.68,2879767.0,-0.03956243514354907,-0.03976243514354907
2020-03-25,Wednesday,241.66614985224174,242.21,245.84,1.0,241.58,3221963.0,0.014986994756616134,0.014786994756616134
2020-03-26,Thursday,243.04477496019638,243.75,258.4,1.0,244.23,5656470.0,0.06010256410256409,0.059902564102564095
2020-03-27,Friday,255.26938281500819,255.0602,252.68,-1.0,255.16,2988891.0,0.009331914583302292,0.009131914583302292
2020-03-30,Monday,254.85644558611725,254.93,259.16,1.0,255.09,2117376.0,0.016592790177695882,0.016392790177695883
2020-03-31,Tuesday,259.3169353154985,259.31,262.515,-1.0,258.65,1837328.0,-0.012359723882611418,-0.012559723882611418
2020-04-01,Wednesday,248.47577172127188,248.87,248.75,1.0,248.47,1972495.0,-0.000482179451119058,-0.000682179451119058
2020-04-02,Thursday,248.58871682633637,247.76,250.795,-1.0,246.75,3794120.0,-0.012249757830158137,-0.012449757830158137
2020-04-03,Friday,250.63216826373971,251.26,248.217,1.0,251.33,2318002.0,-0.012110960757780731,-0.012310960757780732
2020-04-06,Monday,257.07058069290656,257.17,260.85,1.0,257.34,1558090.0,0.014309600653264365,0.014109600653264364
2020-04-07,Tuesday,272.40858930104287,272.61,271.4873,1.0,272.94,4356521.0,-0.004118337551814011,-0.0043183375518140105
2020-04-08,Wednesday,267.48550017307025,267.37,270.79,-1.0,267.0,1307420.0,-0.012791263043722134,-0.012991263043722135
2020-04-09,Thursday,273.4865283269589,274.0,279.43,1.0,273.63,8094773.0,0.019817518248175237,0.019617518248175238
2020-04-13,Monday,277.27414621919405,277.45,273.6173,1.0,277.34,1218115.0,-0.01381402054424219,-0.01401402054424219
2020-04-14,Tuesday,280.2579618955118,280.28,281.161,1.0,280.15,1119766.0,0.0031432852861426053,0.002943285286142605
2020-04-15,Wednesday,277.51781126096813,277.24,276.14,-1.0,277.47,2625425.0,0.0039676814312510356,0.0037676814312510355
2020-04-16,Thursday,279.5064152584708,279.65,279.72,1.0,279.13,1139102.0,0.0002503128911139907,5.031289111399068e-05
2020-04-17,Friday,286.5486997494021,286.58,283.51,1.0,286.22,2415150.0,-0.010712541000767684,-0.010912541000767684
2020-04-20,Monday,281.8655967922226,281.92,285.934,1.0,281.81,972263.0,0.014238081725312268,0.014038081725312268
2020-04-21,Tuesday,276.3085781628203,276.41,273.61,1.0,276.07,1891651.0,-0.010129879526790009,-0.01032987952679001
2020-04-22,Wednesday,276.91558593199807,276.8,278.68,-1.0,277.09,2205576.0,-0.006791907514450912,-0.006991907514450912
2020-04-23,Thursday,279.87995450183615,279.78,282.29,-1.0,279.97,1385081.0,-0.008971334620058835,-0.009171334620058836
2020-04-24,Friday,280.4644627328287,280.32,279.3501,-1.0,280.78,847855.0,0.0034599743150685036,0.0032599743150685035
2020-04-27,Monday,286.24152085771044,285.89,286.91,-1.0,285.89,530727.0,-0.003567805799433499,-0.003767805799433499
2020-04-28,Tuesday,290.9827248433846,290.99,286.81,1.0,290.9,1313362.0,-0.0143647548025706,-0.014564754802570601
2020-04-29,Wednesday,291.2038501098945,290.58,292.8899,-1.0,290.18,3929235.0,-0.007949273866061146,-0.008149273866061147
2020-04-30,Thursday,292.91463392380507,292.85,289.6,-1.0,292.12,2047271.0,0.011097831654430568,0.010897831654430567
2020-05-01,Friday,284.6520439197766,284.6,282.72,-1.0,284.53,1283354.0,0.006605762473647192,0.006405762473647192
2020-05-04,Monday,280.9215716723744,280.74,281.42,-1.0,280.6,1089487.0,-0.002422169979340305,-0.002622169979340305
2020-05-05,Tuesday,286.5895824664704,286.38,288.855,-1.0,286.48,455587.0,-0.00864236329352619,-0.00884236329352619
2020-05-06,Wednesday,287.4396293472829,287.35,286.12,-1.0,287.0,840599.0,0.00428049417087184,0.004080494170871841
2020-05-07,Thursday,287.69115239260753,287.69,289.44,-1.0,287.72,464727.0,-0.006082936494143043,-0.006282936494143043
2020-05-08,Friday,291.4488838460336,291.12,291.73,-1.0,291.69,1313357.0,-0.0020953558669964956,-0.0022953558669964957
2020-05-11,Monday,290.05469698081197,290.06,291.9471,1.0,289.96,911694.0,0.0065058953320003,0.0063058953320003
2020-05-12,Tuesday,293.31279464387626,293.2,292.51,-1.0,293.35,520424.0,0.0023533424283764814,0.0021533424283764814
2020-05-13,Wednesday,287.4778357608239,287.0,281.87,-1.0,286.97,2684352.0,0.017874564459930298,0.0176745644599303
2020-05-14,Thursday,279.0717452308787,278.76,279.7698,-1.0,278.84,1738448.0,-0.0036224709427463697,-0.00382247094274637
2020-05-15,Friday,281.82112118641373,281.94,283.14,1.0,282.02,1453878.0,0.004256224728665714,0.004056224728665714
2020-05-18,Monday,292.95724302933587,292.86,295.04,-1.0,292.91,1651473.0,-0.007443829816294434,-0.0076438298162944335
2020-05-19,Tuesday,294.1798860177256,294.28,295.46,1.0,294.34,632606.0,0.0040097865977979374,0.0038097865977979374
2020-05-20,Wednesday,295.67959694324213,295.45,297.58,-1.0,295.63,427427.0,-0.007209341682179682,-0.0074093416821796815
2020-05-21,Thursday,295.7542901901812,295.72,294.87,-1.0,296.47,600542.0,0.0028743405924523957,0.0026743405924523956
2020-05-22,Friday,294.31293752310535,294.46,293.975,1.0,294.25,337746.0,-0.0016470827956257539,-0.001847082795625754
2020-05-26,Tuesday,301.21378396792824,301.34,300.4117,1.0,301.45,1251475.0,-0.0030805734386406547,-0.003280573438640655
2020-05-27,Wednesday,303.0448197439009,302.94,299.55,-1.0,303.1,2073246.0,0.011190334719746398,0.010990334719746397
2020-05-28,Thursday,304.08772287938956,304.4,305.5533,1.0,304.2,1050889.0,0.003788764783180021,0.0035887647831800208
2020-05-29,Friday,302.7898942743213,302.78,301.67,-1.0,302.78,864191.0,0.003666028139242883,0.0034660281392428828
2020-06-01,Monday,304.2498654168491,303.91,305.005,-1.0,303.66,981294.0,-0.0036030403737947747,-0.003803040373794775
2020-06-03,Wednesday,309.80312399178763,309.8,311.72,-1.0,309.81,1103184.0,-0.006197546804389997,-0.006397546804389997
2020-06-04,Thursday,310.5693219164846,310.47,311.531,-1.0,310.48,1212120.0,-0.003417399426675516,-0.003617399426675516
2020-06-05,Friday,314.99440434213466,315.96,320.32,1.0,316.34,4734229.0,0.013799215090517736,0.013599215090517735
2020-06-08,Monday,321.2200647063863,321.27,320.85,1.0,321.04,659736.0,-0.001307311607059325,-0.001507311607059325
2020-06-09,Tuesday,320.4352180422361,320.36,320.62,-1.0,320.21,820133.0,-0.0008115869646647678,-0.0010115869646647679
2020-06-10,Wednesday,321.77145091725214,321.77,319.71,-1.0,321.6,733141.0,0.006402088448270504,0.006202088448270505
2020-06-11,Thursday,310.8603436686024,310.39,308.01,-1.0,310.64,2621622.0,0.00766777280195885,0.00746777280195885
2020-06-12,Friday,306.495105039398,306.5,305.22,1.0,307.28,2066831.0,-0.004176182707993359,-0.0043761827079933585
2020-06-15,Monday,298.0660875786858,298.1,301.915,1.0,298.5,879226.0,0.012797718886279785,0.012597718886279785
2020-06-16,Tuesday,314.4293139144336,314.62,312.26,1.0,315.23,3719113.0,-0.007501112453118131,-0.00770111245311813
2020-06-17,Wednesday,314.7255184075,314.5,313.1,-1.0,314.43,496509.0,0.004451510333863151,0.0042515103338631515
2020-06-18,Thursday,309.873999934083,309.8,310.9199,-1.0,310.39,767409.0,-0.0036149128469979974,-0.0038149128469979975
2020-06-19,Friday,313.48460251220627,313.7399,311.69,1.0,313.5198,1286261.0,-0.006533756146412939,-0.006733756146412939
2020-06-22,Monday,308.5232859837322,308.5,309.1001,-1.0,308.11,1271649.0,-0.0019452188006483517,-0.002145218800648352
2020-06-23,Tuesday,314.39420767749505,314.41,313.82,1.0,314.45,658319.0,-0.0018765306446997254,-0.0020765306446997255
2020-06-24,Wednesday,309.91309249098606,309.92,303.46,1.0,309.74,987260.0,-0.020844088797109084,-0.021044088797109083
2020-06-25,Thursday,302.36851832380756,303.45,303.84,1.0,302.75,1201217.0,0.0012852199703410339,0.0010852199703410338
2020-06-26,Friday,306.8845529913137,306.62,302.603,-1.0,306.51,655886.0,0.013100906659709088,0.012900906659709088
2020-06-29,Monday,301.99134249998383,301.98,302.69,-1.0,301.63,981371.0,-0.002351149082720605,-0.002551149082720605
2020-06-30,Tuesday,303.8444753680232,303.82,306.79,-1.0,303.78,340096.0,-0.009775524981897377,-0.009975524981897377
2020-07-01,Wednesday,307.9198673507068,308.2,310.26,1.0,308.27,2611082.0,0.006683971447112302,0.006483971447112303
2020-07-02,Thursday,314.09234693665286,314.38,313.61,1.0,313.97,1070134.0,-0.0024492652204337606,-0.0026492652204337607
2020-07-06,Monday,317.0002400050521,317.09,316.445,1.0,317.12,562715.0,-0.0020341228042510817,-0.002234122804251082
2020-07-07,Tuesday,314.8013545942871,314.9,316.73,1.0,314.81,281322.0,0.005811368688472651,0.0056113686884726515
2020-07-08,Wednesday,314.1374196572399,313.98,314.14,-1.0,313.88,449580.0,-0.000509586597872369,-0.000709586597872369
2020-07-09,Thursday,316.9207258838622,316.93,312.24,1.0,317.07,440886.0,-0.014798220427223674,-0.014998220427223674
2020-07-10,Friday,312.67636220390915,312.77,315.85,1.0,313.89,1389413.0,0.009847491767113414,0.009647491767113414
2020-07-13,Monday,319.9233003261731,319.97,321.72,1.0,319.97,348540.0,0.005469262743382108,0.005269262743382109
2020-07-14,Tuesday,315.21983076322874,315.0,316.0,-1.0,314.48,1302582.0,-0.0031746031746031633,-0.0033746031746031634
2020-07-15,Wednesday,322.9480038681512,323.07,319.75,1.0,322.9804,968726.0,-0.010276410684990855,-0.010476410684990856
2020-07-16,Thursday,319.8269181634649,319.73,319.8,-1.0,319.32,691897.0,-0.0002189347261751795,-0.0004189347261751795
2020-07-20,Monday,320.8242476849227,320.9,322.86,1.0,321.02,811624.0,0.006107821751324405,0.005907821751324405
2020-07-21,Tuesday,326.78259352718027,326.9,326.01,1.0,326.9,255340.0,-0.0027225451208320317,-0.002922545120832032
2020-07-22,Wednesday,324.6340672051052,324.58,325.6,-1.0,324.59,506574.0,-0.0031425226446486487,-0.003342522644648649
2020-07-24,Friday,321.66255092172867,321.63,321.33,-1.0,321.61,458406.0,0.000932748810745343,0.000732748810745343
2020-07-28,Tuesday,322.1529805027014,322.12,322.93,-1.0,322.05,242094.0,-0.0025145908357133706,-0.0027145908357133707
2020-07-30,Thursday,322.58376472927273,322.54,322.73,-1.0,322.81,1664333.0,-0.0005890742233520818,-0.0007890742233520818
2020-08-03,Monday,328.3941582199494,328.36,329.06,-1.0,328.43,382336.0,-0.0021318065537823117,-0.0023318065537823117
2020-08-07,Friday,334.14748977935034,334.02,333.55,-1.0,333.8301,692865.0,0.001407101371175279,0.0012071013711752788
2020-08-11,Tuesday,337.08512037224364,337.07,336.62,-1.0,337.34,330845.0,0.0013350342658794423,0.0011350342658794422
2020-08-12,Wednesday,335.06688808922917,335.42,337.23,1.0,335.66,621340.0,0.005396219664897783,0.005196219664897784
2020-08-13,Thursday,337.11969495792704,337.38,337.68,1.0,337.34,396402.0,0.0008892050506847937,0.0006892050506847937
2020-08-14,Friday,336.8045877523549,336.9,337.1,1.0,336.78,321708.0,0.0005936479667558725,0.0003936479667558725
2020-08-20,Thursday,335.9819117308106,335.7,337.69,-1.0,335.95,905215.0,-0.005927911826035137,-0.006127911826035137
2020-08-21,Friday,336.57464388559094,336.72,337.97,1.0,336.7972,746832.0,0.0037122832026610375,0.0035122832026610374
2020-09-02,Wednesday,354.75598725749563,354.76,354.785,1.0,354.72,360905.0,7.047017702110914e-05,-0.00012952982297889087
2020-09-03,Thursday,356.4364152943554,356.64,348.05,1.0,356.88,642802.0,-0.02408591296545526,-0.024285912965455257
2020-09-04,Friday,345.8730577207606,345.64,339.21,-1.0,345.99,1203735.0,0.018603170929290647,0.018403170929290648
2020-09-08,Tuesday,337.43169419030625,337.14,335.49,-1.0,336.5,837495.0,0.0048941092721124235,0.004694109272112424
2020-09-09,Wednesday,336.5390755484073,336.4599,340.25,-1.0,336.71,1051374.0,-0.011264641046377255,-0.011464641046377256
2020-09-10,Thursday,339.43691788723874,339.64,339.425,1.0,340.02,555421.0,-0.000633023201036309,-0.000833023201036309
2020-09-11,Friday,335.7917883541048,335.59,334.8,-1.0,335.8,370607.0,0.00235406299353369,0.0021540629935336898
2020-09-14,Monday,337.18415503410097,337.2,339.81,1.0,337.42,848262.0,0.0077402135231317,0.007540213523131701
2020-09-15,Tuesday,341.013788381874,341.08,341.31,1.0,341.39,700764.0,0.0006743286032602214,0.0004743286032602214
2020-09-16,Wednesday,342.04611007843954,341.9,341.67,-1.0,341.85,287462.0,0.000672711319099073,0.000472711319099073
2020-09-17,Thursday,334.12544516509433,333.75,335.19,-1.0,334.05,1407468.0,-0.004314606741573135,-0.0045146067415731345
2020-09-18,Friday,335.1053844049248,335.44,333.0,1.0,335.51,603661.0,-0.00727402814214162,-0.007474028142141619
2020-09-21,Monday,325.25780703365524,325.13,323.62,-1.0,325.25,1126237.0,0.004644296127702785,0.004444296127702785
2020-09-22,Tuesday,327.49373197913746,327.73,327.62,1.0,327.82,331903.0,-0.000335642144448256,-0.000535642144448256
2020-09-24,Thursday,321.21619486265837,320.57,324.52,-1.0,320.27,960394.0,-0.012321801790560638,-0.012521801790560639
2020-09-25,Friday,322.6124373909925,322.33,324.33,-1.0,322.53,614177.0,-0.0062048211460303815,-0.006404821146030381
2020-09-28,Monday,333.4081684097059,333.43,333.7,1.0,333.19,329261.0,0.000809765168101162,0.000609765168101162
2020-09-30,Wednesday,332.2808908675132,332.35,336.86,1.0,332.79,650770.0,0.013570031593199916,0.013370031593199916
2020-10-01,Thursday,337.97981479846084,337.9,337.2,-1.0,337.87,629147.0,0.0020716188221366894,0.0018716188221366893
2020-10-02,Friday,332.2855149541673,331.9,332.79,-1.0,332.0,1313523.0,-0.0026815305815006685,-0.0028815305815006686
2020-10-07,Wednesday,337.89346544731865,337.85,339.39,-1.0,338.01,1218750.0,-0.004558235903507457,-0.004758235903507457
2020-10-12,Monday,349.6797536003062,349.8,351.72,1.0,349.81,380106.0,0.00548885077186978,0.00528885077186978
2020-10-13,Tuesday,352.5191806656709,352.63,351.45,1.0,352.56,852955.0,-0.003346283640076053,-0.0035462836400760533
2020-10-14,Wednesday,350.32843040324263,350.35,348.18,1.0,350.43,237773.0,-0.006193806193806273,-0.006393806193806272
2020-10-15,Thursday,343.7779790256726,343.74,345.57,-1.0,344.06,628844.0,-0.0053237912375632135,-0.005523791237563213
2020-10-16,Friday,348.6626285702521,348.77,349.44,1.0,348.8,618251.0,0.00192103678642086,0.0017210367864208599
2020-10-19,Monday,348.76112564211326,348.7,346.255,-1.0,348.75,415551.0,0.007011757958130138,0.0068117579581301385
2020-10-22,Thursday,342.5910376000618,342.25,342.3,-1.0,342.41,507744.0,-0.00014609203798388037,-0.00034609203798388036
2020-10-27,Tuesday,340.5808053422405,340.53,339.76,-1.0,340.59,297092.0,0.002261181100049914,0.0020611811000499137
2020-10-28,Wednesday,332.9628295809381,332.66,329.6901,-1.0,332.52,1411674.0,0.008927734022726064,0.008727734022726063
2020-10-29,Thursday,326.63109441956055,327.22,328.43,1.0,327.2,1032994.0,0.0036978179817859225,0.0034978179817859224
2020-10-30,Friday,327.1915615946228,327.3,324.84,1.0,327.49,1016140.0,-0.007516040329972662,-0.007716040329972662
2020-11-02,Monday,330.3533022437596,330.26,330.5103,-1.0,330.21,747010.0,-0.000757887724822881,-0.000957887724822881
2020-11-03,Tuesday,334.1742032967033,334.06,336.91,-1.0,334.06,345813.0,-0.008531401544632722,-0.008731401544632722
2020-11-04,Wednesday,342.62292372037444,342.62,346.67,-1.0,342.35,1701678.0,-0.011820675967544325,-0.012020675967544326
2020-11-05,Thursday,349.59792743821504,349.74,350.27,1.0,349.56,1051817.0,0.0015154114485045334,0.0013154114485045333
2020-11-06,Friday,348.435748781373,348.9899,350.37,1.0,348.91,1978245.0,0.003954555704907214,0.0037545557049072143
2020-11-09,Monday,366.03711137816526,365.69,359.6699,-1.0,366.13,3004317.0,0.016462304137384143,0.016262304137384144
2020-11-10,Tuesday,353.55562505475245,353.18,353.58,-1.0,353.15,664795.0,-0.001132566963021553,-0.001332566963021553
2020-11-11,Wednesday,356.8613565739652,356.84,356.9,-1.0,356.73,487989.0,-0.00016814258491204548,-0.00036814258491204546
2020-11-12,Thursday,355.33505008093164,355.67,355.25,1.0,355.63,627841.0,-0.0011808699074985496,-0.0013808699074985497
2020-11-16,Monday,361.58728102458986,361.56,361.77,-1.0,361.21,868180.0,-0.0005808164619980349,-0.0007808164619980349
2020-11-17,Tuesday,359.4489534268768,359.56,360.81,1.0,359.55,493679.0,0.0034764712426298416,0.0032764712426298415
2020-11-19,Thursday,355.4342416676671,355.57,355.9219,1.0,355.55,381231.0,0.0009896785443090916,0.0007896785443090917
2020-11-20,Friday,357.48897656127104,357.48,356.88,-1.0,357.41,588671.0,0.0016784155756965902,0.00147841557569659
2020-11-23,Monday,357.3191228482972,357.58,355.78,1.0,357.63,541915.0,-0.005033838581576133,-0.005233838581576133
2020-11-30,Monday,362.5321181078638,362.43,360.34,-1.0,362.5,373270.0,0.005766630797671368,0.0055666307976713686
2020-12-02,Wednesday,364.81655501655496,364.78,366.23,-1.0,364.74,506176.0,-0.003974998629310944,-0.004174998629310944
2020-12-03,Thursday,366.7998040444301,366.71,367.6182,-1.0,366.79,152048.0,-0.0024766163998801716,-0.0026766163998801717
2020-12-04,Friday,367.59545294922594,367.68,369.05,1.0,367.71,307355.0,0.003726066144473572,0.003526066144473572
2020-12-07,Monday,368.7019067119731,368.65,369.42,-1.0,368.65,293731.0,-0.0020887020208870677,-0.0022887020208870678
2020-12-10,Thursday,366.3645776319765,366.34,366.37,-1.0,366.23,561387.0,-8.189113937873138e-05,-0.00028189113937873136
2020-12-16,Wednesday,370.01939517914855,370.18,370.22,1.0,370.2,552170.0,0.00010805554054793554,-9.194445945206447e-05
2020-12-21,Monday,363.28074841970346,363.49,365.32,1.0,364.04,1202948.0,0.005034526396874739,0.004834526396874739
2020-12-22,Tuesday,368.7467494929006,368.66,367.055,-1.0,368.72,225583.0,0.004353604947648249,0.004153604947648249
2021-01-05,Tuesday,367.5575541020858,367.76,369.75,1.0,367.92,813713.0,0.005411137698499102,0.0052111376984991025
2021-01-06,Wednesday,370.5033721661608,370.36,375.4,-1.0,370.37,534570.0,-0.01360838103466877,-0.013808381034668771
2021-01-07,Thursday,375.69534248908764,375.68,378.785,-1.0,375.72,516594.0,-0.008265012776831338,-0.008465012776831338
2021-01-08,Friday,379.9182919643446,380.04,380.24,1.0,380.451,418859.0,0.0005262603936426746,0.00032626039364267465
2021-01-11,Monday,378.1482756190156,377.93,379.8169,-1.0,378.11,661786.0,-0.004992723520228504,-0.005192723520228503
2021-01-12,Tuesday,379.45804447187805,379.48,378.29,1.0,379.44,371920.0,-0.003135870138083696,-0.0033358701380836963
2021-01-13,Wednesday,378.22865146018165,378.1502,379.59,-1.0,378.21,361603.0,-0.003807481788982159,-0.0040074817889821585
2021-01-15,Friday,377.15742121144694,377.08,376.17,-1.0,377.04,891901.0,0.002413281001378942,0.0022132810013789418
2021-01-20,Wednesday,380.4650679957151,380.31,382.92,-1.0,380.51,330688.0,-0.006862822434329896,-0.007062822434329896
2021-01-22,Friday,381.44421638538944,381.54,383.61,1.0,381.53,657979.0,0.005425381349268843,0.005225381349268843
2021-01-25,Monday,382.907583538427,382.77,382.34,-1.0,382.68,472724.0,0.001123390025341564,0.0009233900253415641
2021-01-26,Tuesday,384.70268792520267,384.7,383.6391,-1.0,384.75,314959.0,0.0027577332986743475,0.0025577332986743474
2021-01-27,Wednesday,379.79528183617816,379.59,376.28,-1.0,379.14,1165997.0,0.00871993466635057,0.00851993466635057
2021-01-28,Thursday,373.5438945386065,374.09,380.6,1.0,373.95,1943341.0,0.017402229410035108,0.01720222941003511
2021-01-29,Friday,375.13153061564014,375.29,373.0201,1.0,375.87,1765689.0,-0.006048389245650099,-0.006248389245650098
2021-02-01,Monday,373.3301464146928,373.5,375.13,1.0,373.74,575731.0,0.004364123159303901,0.004164123159303901
2021-02-02,Tuesday,379.24454688144164,379.29,383.03,1.0,379.46,406839.0,0.009860528882912778,0.009660528882912777
2021-02-05,Friday,387.5677818891769,387.7,387.32,1.0,387.77,553137.0,-0.0009801392829507094,-0.0011801392829507095
2021-02-11,Thursday,391.2874229447912,391.28,390.51,-1.0,391.29,314973.0,0.0019679002249027855,0.0017679002249027854
2021-02-16,Tuesday,394.3521302662379,394.34,392.07,-1.0,394.27,455476.0,0.0057564538215751915,0.005556453821575192
2021-02-17,Wednesday,391.8883264649521,392.0,390.56,1.0,392.21,713686.0,-0.003673469387755146,-0.003873469387755146
2021-02-18,Thursday,390.60140299575556,390.35,388.93,-1.0,389.94,927629.0,0.0036377609837325853,0.003437760983732585
2021-02-22,Monday,387.077441589385,387.3,388.0399,1.0,387.32,728990.0,0.0019104053705136792,0.0017104053705136791
2021-02-24,Wednesday,388.29897336975785,388.3,389.9219,1.0,388.43,1054581.0,0.004176925057944869,0.0039769250579448695
2021-02-25,Thursday,390.5947367798012,390.85,386.33,1.0,390.94,612354.0,-0.011564538825636572,-0.011764538825636573
2021-02-26,Friday,383.36851997619186,383.53,383.51,1.0,383.87,1052815.0,-5.2147159283477684e-05,-0.00025214715928347767
2021-03-01,Monday,384.32681209997855,384.57,389.37,1.0,384.71,1095406.0,0.012481472813792083,0.012281472813792082
2021-03-02,Tuesday,388.84404556821335,388.76,387.52,-1.0,388.82,507123.0,0.0031896285626092924,0.0029896285626092923
2021-03-03,Wednesday,386.3768763031678,386.21,385.41,-1.0,386.36,1684390.0,0.00207141192615401,0.0018714119261540097
2021-03-04,Thursday,381.27564026100356,381.3896,382.96,1.0,381.4,798080.0,0.004117574260021684,0.003917574260021684
2021-03-05,Friday,376.11387866771815,376.64,375.86,1.0,376.9,2462455.0,-0.0020709430756159497,-0.00227094307561595
2021-03-08,Monday,383.2697034078942,383.14,385.25,-1.0,382.99,944279.0,-0.00550712533277653,-0.00570712533277653
2021-03-09,Tuesday,385.16033521030954,384.99,388.919,-1.0,385.4,623315.0,-0.010205459882074885,-0.010405459882074886
2021-03-10,Wednesday,388.47689360128106,388.54,390.105,1.0,388.24,1158316.0,0.004027899315385719,0.003827899315385719
2021-03-11,Thursday,392.0449292266569,392.09,394.82,1.0,391.93,301447.0,0.006962687138157175,0.006762687138157176
2021-03-12,Friday,392.5246742927496,392.52,392.445,-1.0,392.58,477908.0,0.00019107306634058574,-8.92693365941427e-06
2021-03-16,Tuesday,397.0589924871665,396.91,397.049,-1.0,396.8804,597612.0,-0.00035020533622209804,-0.000550205336222098
2021-03-17,Wednesday,394.6693609849786,394.78,394.155,1.0,394.74,339918.0,-0.0015831602411470191,-0.0017831602411470192
2021-03-19,Friday,391.2328102836879,391.16,390.52,-1.0,391.26,1875799.0,0.0016361591164741895,0.0014361591164741895
2021-03-23,Tuesday,391.37825540177056,391.36,392.83,-1.0,391.37,279496.0,-0.0037561324611610214,-0.003956132461161021
2021-03-25,Thursday,386.322514086047,386.37,386.85,1.0,386.04,888625.0,0.0012423324792298907,0.0010423324792298906
2021-03-29,Monday,394.09750832266326,394.15,394.66,1.0,393.97,659895.0,0.0012939236331346304,0.0010939236331346303
2021-03-30,Tuesday,394.1601484335999,393.98,394.04,-1.0,393.99,385703.0,-0.00015229199451738396,-0.00035229199451738394
2021-04-01,Thursday,397.9370294700347,397.94,399.1814,1.0,397.82,462256.0,0.0031195657636828855,0.0029195657636828854
2021-04-05,Monday,402.92476946546975,402.92,406.22,-1.0,403.27,656757.0,-0.008190211456368557,-0.008390211456368557
2021-04-07,Wednesday,405.6882903054352,405.67,406.08,-1.0,405.5,694575.0,-0.0010106737002981703,-0.0012106737002981704
2021-04-08,Thursday,407.9506035961273,407.82,407.88,-1.0,407.8,357021.0,-0.00014712373105774113,-0.0003471237310577411
2021-04-09,Friday,408.68670174959004,408.85,409.38,1.0,408.56,691254.0,0.0012963189433776723,0.0010963189433776722
2021-04-13,Tuesday,410.9643246921188,411.26,412.077,1.0,411.54,747840.0,0.0019865778339736018,0.0017865778339736017
2021-04-15,Thursday,413.9973465105806,414.0,414.82,1.0,413.85,301903.0,0.0019806763285024065,0.0017806763285024064
2021-04-16,Friday,416.6137387147119,416.6,416.4,-1.0,416.62,423939.0,0.00048007681229012,0.00028007681229012
2021-04-19,Monday,416.13845903219584,416.16,414.84,1.0,416.19,347613.0,-0.003171856978085419,-0.003371856978085419
2021-04-20,Tuesday,413.35749953479717,413.42,411.46,1.0,413.4,667497.0,-0.004740941415509736,-0.004940941415509736
2021-04-21,Wednesday,411.4125432356858,411.37,414.89,-1.0,411.11,425707.0,-0.00855677370736796,-0.00875677370736796
2021-04-22,Thursday,415.7958616755556,416.08,416.075,1.0,416.12,313083.0,-1.201691982311015e-05,-0.00021201691982311016
2021-04-23,Friday,412.71974263807425,412.53,416.2505,-1.0,412.83,289455.0,-0.009018738031173479,-0.00921873803117348
2021-04-26,Monday,416.7167432733954,416.66,417.6801,-1.0,416.81,327205.0,-0.0024482791724667052,-0.0026482791724667053
2021-04-29,Thursday,420.2616087782232,420.2,417.5499,-1.0,420.25,436218.0,0.006306758686339897,0.006106758686339898
2021-04-30,Friday,417.76295631413774,417.42,417.635,-1.0,417.16,345962.0,-0.0005150687556896294,-0.0007150687556896294
2021-05-03,Monday,419.36351470108644,419.11,418.8119,-1.0,419.1,366047.0,0.0007112691178927655,0.0005112691178927655
2021-05-04,Tuesday,415.8359651841912,416.06,412.122,1.0,415.95,411792.0,-0.009464981012353935,-0.009664981012353935
2021-05-06,Thursday,415.3243936539223,415.6,416.895,1.0,415.53,240721.0,0.0031159769008661797,0.0029159769008661796
2021-05-07,Friday,420.40345635006196,420.14,422.535,-1.0,420.36,1292357.0,-0.005700480792117046,-0.005900480792117046
2021-05-11,Tuesday,412.56347938465655,412.65,414.03,1.0,412.97,1298604.0,0.0033442384587423213,0.003144238458742321
2021-05-12,Wednesday,410.6425347848838,411.11,407.79,1.0,411.41,1375687.0,-0.008075697501885082,-0.008275697501885082
2021-05-13,Thursday,406.35757293531253,406.6,409.665,1.0,406.65,1036370.0,0.007538121003443088,0.007338121003443088
2021-05-14,Friday,412.6283093721764,412.26,415.39,-1.0,412.36,637237.0,-0.007592296123805298,-0.007792296123805297
2021-05-18,Tuesday,416.1851085872045,416.15,414.89,-1.0,415.87,314195.0,0.0030277544154752034,0.0028277544154752033
2021-05-19,Wednesday,407.68665665698575,407.5,408.33,-1.0,407.57,1082295.0,-0.0020368098159508907,-0.002236809815950891
2021-05-20,Thursday,410.5432494319175,410.54,415.56,-1.0,410.74,806406.0,-0.012227797534953844,-0.012427797534953844
2021-05-27,Thursday,418.9300208303367,419.2,420.28,1.0,419.19,418254.0,0.0025763358778625456,0.0023763358778625455
2021-05-28,Friday,420.91429462964874,420.73,420.95,-1.0,420.86,268470.0,-0.0005229006726403806,-0.0007229006726403806
2021-06-03,Thursday,417.39477213431786,417.41,419.425,1.0,417.69,384363.0,0.0048273879399152175,0.004627387939915218
2021-06-04,Friday,420.1591676706746,420.35,421.585,1.0,419.84,718199.0,0.0029380278339476984,0.0027380278339476983
2021-06-07,Monday,422.65217064957795,422.78,421.52,1.0,422.95,318699.0,-0.0029802734282605714,-0.0031802734282605715
2021-06-08,Tuesday,423.15442681027616,423.16,422.025,1.0,423.14,237146.0,-0.0026822005860668297,-0.0028822005860668297
2021-06-09,Wednesday,422.9091390038167,423.05,422.475,1.0,422.96,306544.0,-0.0013591774021982639,-0.001559177402198264
2021-06-10,Thursday,421.13732744576527,421.65,423.46,1.0,421.98,1527915.0,0.004292659788924569,0.004092659788924569
2021-06-11,Friday,424.2302542537542,424.26,423.355,1.0,424.28,236121.0,-0.002133125913354905,-0.0023331259133549053
2021-06-15,Tuesday,425.4116572400249,425.61,423.93,1.0,425.45,238524.0,-0.003947275674913708,-0.004147275674913708
2021-06-17,Thursday,420.5736324105869,420.64,421.28,1.0,420.58,809185.0,0.001521491061239999,0.001321491061239999
2021-06-18,Friday,417.78579815645935,417.83,416.7699,1.0,417.81,1174944.0,-0.002537156259722839,-0.0027371562597228393
2021-06-21,Monday,416.2853956222485,416.38,420.18,1.0,416.32,493754.0,0.009126278879869387,0.008926278879869387
2021-06-22,Tuesday,421.3827793149509,421.33,422.03,-1.0,421.28,276293.0,-0.0016614055490944413,-0.0018614055490944414
2021-06-23,Wednesday,423.48583212033003,423.45,423.3,-1.0,423.48,196955.0,0.00035423308537008147,0.00015423308537008146
2021-06-29,Tuesday,427.4856069802732,427.43,427.995,-1.0,427.49,232294.0,-0.0013218538708092975,-0.0015218538708092976
2021-07-01,Thursday,428.82756423868557,428.88,429.54,1.0,428.89,325501.0,0.0015388919977616933,0.0013388919977616932
2021-07-02,Friday,431.458972163097,431.63,432.45,1.0,431.51,371396.0,0.001899775270486348,0.0016997752704863479
2021-07-07,Wednesday,433.36227641030877,433.31,433.785,-1.0,433.33,313894.0,-0.0010962128730009901,-0.0012962128730009902
2021-07-08,Thursday,428.70268495907123,428.35,430.93,-1.0,428.59,949181.0,-0.006023111941169557,-0.006223111941169556
2021-07-09,Friday,432.88725127461856,432.85,434.72,-1.0,432.78,555653.0,-0.0043202033036848775,-0.004520203303684877
2021-07-12,Monday,434.95662947658406,435.0,436.59,1.0,435.0,270695.0,0.003655172413792984,0.003455172413792984
2021-07-13,Tuesday,436.0758548073661,436.26,437.725,1.0,436.18,939512.0,0.0033580892128548534,0.0031580892128548533
2021-07-14,Wednesday,436.65216581183734,436.81,434.99,1.0,437.04,564653.0,-0.004166571278130027,-0.0043665712781300265
2021-07-15,Thursday,434.84729353920363,434.91,434.7369,1.0,434.92,286234.0,-0.00039801338207912096,-0.0005980133820791209
2021-07-19,Monday,426.4026822796137,426.55,424.925,1.0,426.13,1551962.0,-0.003809635447192594,-0.004009635447192594
2021-07-20,Tuesday,426.4750347398672,426.3,431.11,-1.0,426.37,762705.0,-0.011283133943232437,-0.011483133943232438
2021-07-21,Wednesday,432.0546420461473,432.14,434.001,1.0,432.02,366470.0,0.00430647475355217,0.00410647475355217
2021-07-22,Thursday,434.81896711469875,434.84,434.505,1.0,434.37,503219.0,-0.0007703983074234255,-0.0009703983074234255
2021-07-23,Friday,437.59445036005593,437.53,438.73,-1.0,437.49,292713.0,-0.002742669074120796,-0.002942669074120796
2021-07-27,Tuesday,439.95602674451055,440.1,437.61,1.0,440.08,315956.0,-0.0056578050443081285,-0.005857805044308128
2021-07-29,Thursday,439.6460501829286,439.65,441.21,1.0,439.63,229158.0,0.0035482770385533158,0.0033482770385533157
2021-07-30,Friday,437.80084672100753,437.97,438.4,1.0,438.01,336853.0,0.0009818024065573194,0.0007818024065573194
2021-08-03,Tuesday,438.372698097086,438.38,439.7481,1.0,438.38,281246.0,0.0031208084310416773,0.002920808431041677
2021-08-04,Wednesday,439.9076696060288,439.92,439.4199,1.0,439.9,507880.0,-0.0011367975995636437,-0.0013367975995636438
2021-08-06,Friday,442.2531289765228,441.81,442.55,-1.0,442.09,766158.0,-0.0016749281365293633,-0.0018749281365293634
2021-08-11,Wednesday,443.0042658885316,443.11,442.78,1.0,443.13,787449.0,-0.0007447360700504335,-0.0009447360700504335
2021-08-12,Thursday,443.692419188001,443.76,443.8858,1.0,443.69,271948.0,0.0002834865693168709,8.348656931687087e-05
2021-08-16,Monday,444.2765018783344,444.2,444.18,-1.0,444.29,283943.0,4.502476362000518e-05,-0.00015497523637999483
2021-08-17,Tuesday,444.57952110397616,444.61,443.0599,1.0,444.99,656962.0,-0.003486426306200885,-0.003686426306200885
2021-08-19,Thursday,435.80669469048036,435.65,440.725,-1.0,435.96,946347.0,-0.01164925972684494,-0.011849259726844941
2021-08-20,Friday,438.4428973971718,438.59,442.43,1.0,438.95,772431.0,0.008755329578877813,0.008555329578877812
2021-08-24,Tuesday,447.5995153786508,447.51,448.025,-1.0,447.4,477553.0,-0.0011508122723513647,-0.0013508122723513648
2021-08-27,Friday,447.43065249514893,447.51,449.88,1.0,447.58,265725.0,0.005295971039753322,0.0050959710397533225
2021-08-31,Tuesday,451.44096734442394,451.37,452.33,-1.0,451.53,242323.0,-0.002126858231605855,-0.002326858231605855
2021-09-01,Wednesday,453.3931382757184,453.33,452.37,-1.0,453.23,430760.0,0.00211766262987223,0.00191766262987223
2021-09-09,Thursday,450.3384220406817,450.36,451.22,1.0,450.3,422044.0,0.0019095834443556559,0.0017095834443556558
2021-09-10,Friday,450.7542391712961,450.84,447.915,1.0,450.81,351363.0,-0.0064878892733563065,-0.006687889273356306
2021-09-13,Monday,448.1164499519693,448.07,445.4,-1.0,447.96,926315.0,0.0059588903519539604,0.005758890351953961
2021-09-14,Tuesday,447.7076790744282,448.22,446.02,1.0,448.17,697893.0,-0.004908303957877891,-0.0051083039578778905
2021-09-15,Wednesday,444.2696841833536,444.37,445.379,1.0,444.46,387180.0,0.002270630330580392,0.002070630330580392
2021-09-16,Thursday,447.23919767631173,447.43,445.3,1.0,447.3404,524587.0,-0.004760521198846734,-0.004960521198846734
2021-09-17,Friday,445.51869035130665,445.56,442.25,1.0,445.56,628655.0,-0.007428853577520433,-0.007628853577520433
2021-09-20,Monday,433.6083104882844,433.57,432.8868,-1.0,433.79,1448100.0,0.0015757547800816507,0.0013757547800816506
2021-09-21,Tuesday,437.1553607262738,437.06,435.865,-1.0,437.19,1401509.0,0.0027341783736786196,0.0025341783736786195
2021-09-22,Wednesday,436.2436510427751,436.26,438.94,1.0,436.2,511761.0,0.006143125659010762,0.005943125659010762
2021-09-23,Thursday,440.56107103433294,440.65,443.7301,1.0,440.59,857514.0,0.0069899012821967865,0.006789901282196787
2021-09-24,Friday,440.9367402808711,440.7,443.21,-1.0,440.85,651149.0,-0.00569548445654644,-0.00589548445654644
2021-09-27,Monday,442.4975325015985,442.27,442.74,-1.0,442.81,563047.0,-0.0010626992561106885,-0.0012626992561106886
2021-09-28,Tuesday,439.23054122386014,438.99,434.57,-1.0,438.95,850261.0,0.010068566482152264,0.009868566482152263
2021-09-29,Wednesday,435.6131216489102,435.41,435.6909,-1.0,435.11,768777.0,-0.0006451390643300581,-0.0008451390643300581
2021-09-30,Thursday,436.2270796861398,436.05,432.2699,-1.0,435.91,718746.0,0.008668959981653512,0.008468959981653512
2021-10-01,Friday,431.07007440293233,430.57,431.44,-1.0,430.2,1201793.0,-0.0020205773741783783,-0.0022205773741783784
2021-10-04,Monday,432.53640467115633,432.61,428.4,1.0,432.79,528671.0,-0.00973162894986257,-0.00993162894986257
2021-10-05,Tuesday,430.3853428024526,430.38,434.535,-1.0,430.59,437784.0,-0.00965425902690642,-0.00985425902690642
2021-10-06,Wednesday,429.3849396883428,429.4,431.075,1.0,429.24,814426.0,0.0039007918025151245,0.0037007918025151244
2021-10-07,Thursday,438.7945022905409,438.92,441.375,1.0,439.0,720570.0,0.00559327440080204,0.00539327440080204
2021-10-08,Friday,438.5540015968408,438.71,438.345,1.0,440.05,1783716.0,-0.0008319846823641175,-0.0010319846823641176
2021-10-11,Monday,436.424151226719,436.68,439.6,1.0,436.89,442132.0,0.0066868187230924025,0.006486818723092403
2021-10-12,Tuesday,435.89921518447426,435.67,435.33,-1.0,435.58,437124.0,0.0007804071889274677,0.0005804071889274678
2021-10-13,Wednesday,434.3538576277832,433.81,433.62,-1.0,433.68,1197850.0,0.0004379797607246827,0.0002379797607246827
2021-10-14,Thursday,439.1696317391392,439.03,441.75,-1.0,439.11,434333.0,-0.006195476391135157,-0.006395476391135157
2021-10-15,Friday,443.96603013347647,444.2,444.8,1.0,444.57,906183.0,0.0013507429085997114,0.0011507429085997113
2021-10-18,Monday,444.0995487316743,444.14,446.7941,1.0,444.2,583227.0,0.005975818435628444,0.005775818435628444
2021-10-19,Tuesday,449.2211143372168,449.08,450.205,-1.0,449.1,313255.0,-0.002505121581900749,-0.002705121581900749
2021-10-21,Thursday,451.29186249093254,451.43,451.95,1.0,451.54,333044.0,0.0011518950889395363,0.0009518950889395363
2021-10-29,Friday,456.4057829698281,456.45,458.06,1.0,456.4,495498.0,0.0035272209442436253,0.0033272209442436252
2021-11-01,Monday,460.7649822148047,460.67,459.4701,-1.0,460.64,428353.0,0.0026046844812990244,0.0024046844812990243
2021-11-05,Friday,468.29522466365387,468.94,469.32,1.0,468.58,667249.0,0.0008103382095789868,0.0006103382095789869
2021-11-10,Wednesday,465.7318258944685,465.54,466.8199,-1.0,465.41,497591.0,-0.002749280405550447,-0.0029492804055504473
2021-11-11,Thursday,465.2571098427636,465.28,464.681,1.0,465.33,238395.0,-0.0012873968363136257,-0.0014873968363136258
2021-11-15,Monday,469.1467516397186,469.18,466.8993,1.0,469.13,242181.0,-0.004861034144677978,-0.005061034144677978
2021-11-16,Tuesday,467.5034791607419,467.76,469.69,1.0,467.92,268768.0,0.004126047545750078,0.003926047545750078
2021-11-19,Friday,468.4335441263907,468.52,469.97,1.0,468.57,620888.0,0.003094851873986171,0.0028948518739861707
2021-11-23,Tuesday,467.4407784816391,467.45,466.21,1.0,467.53,343968.0,-0.0026526901272863057,-0.002852690127286306
2021-11-24,Wednesday,467.2158225040933,467.28,468.05,1.0,466.4,748770.0,0.001647834274953075,0.001447834274953075
2021-11-26,Friday,461.5139335877631,461.53,458.93,1.0,461.66,1024298.0,-0.005633436613004528,-0.005833436613004527
2021-11-29,Monday,463.00982151170115,462.98,464.48,-1.0,463.09,1015708.0,-0.003239880772387682,-0.0034398807723876822
2021-11-30,Tuesday,460.32788061128883,460.19,457.29,-1.0,460.54,1091259.0,0.006301744931441311,0.006101744931441311
2021-12-01,Wednesday,461.78759046830095,461.97,462.67,1.0,462.03,481292.0,0.0015152499080026693,0.0013152499080026693
2021-12-02,Thursday,452.30304337452554,452.2,456.6901,-1.0,451.68,1400098.0,-0.009929455992923497,-0.010129455992923498
2021-12-03,Friday,458.84000224897744,458.97,450.5165,1.0,459.06,1205443.0,-0.01841841514695952,-0.01861841514695952
2021-12-06,Monday,454.77318082596736,454.79,457.37,1.0,455.3,666216.0,0.005672947954000751,0.005472947954000751
2021-12-07,Tuesday,464.7212443072062,464.9,468.12,1.0,464.89,677575.0,0.006926220692622165,0.006726220692622165
2021-12-08,Wednesday,468.9805950122521,469.03,468.1282,1.0,468.8,428061.0,-0.0019226915122699806,-0.0021226915122699807
2021-12-09,Thursday,467.6299129020941,467.6,467.96,-1.0,467.83,456606.0,-0.0007698887938407672,-0.0009698887938407672
2021-12-10,Friday,468.9914772976157,469.77,468.71,1.0,469.92,1153306.0,-0.0022564233561104263,-0.0024564233561104264
2021-12-14,Tuesday,464.68856667091825,464.35,461.02,-1.0,464.22,1233440.0,0.007171314741035939,0.006971314741035939
2021-12-16,Thursday,473.64613871785235,473.5,469.43,-1.0,473.28,1077830.0,0.008595564941921818,0.008395564941921818
2021-12-17,Friday,462.152077501227,462.29,461.38,1.0,462.04,792282.0,-0.0019684613554262764,-0.0021684613554262765
2021-12-20,Monday,454.0037316483516,454.11,452.87,1.0,454.16,953404.0,-0.0027306159300609645,-0.0029306159300609646
2021-12-21,Tuesday,458.9011822768987,458.95,459.785,1.0,458.81,494970.0,0.0018193703017759244,0.0016193703017759243
2021-12-23,Thursday,468.8484766624912,469.0,471.3,1.0,468.74,360869.0,0.004904051172707868,0.004704051172707869
2022-01-05,Wednesday,477.31133161388567,477.3,476.56,-1.0,477.19,335475.0,0.0015503875968992942,0.001350387596899294
2022-01-06,Thursday,468.50603386390077,468.35,469.22,-1.0,468.46,557597.0,-0.0018575851393189957,-0.002057585139318996
2022-01-07,Friday,468.21885316869316,467.46,467.6574,-1.0,466.43,1244751.0,-0.0004222821203954119,-0.0006222821203954119
2022-01-10,Monday,463.16040068109317,463.01,459.48,-1.0,463.5,569068.0,0.007624025399019407,0.007424025399019408
2022-01-11,Tuesday,466.576590877031,466.47,467.55,-1.0,466.0,557240.0,-0.0023152614316033215,-0.0025152614316033216
2022-01-12,Wednesday,471.0549115426038,471.69,470.97,1.0,471.97,1004101.0,-0.0015264262545314766,-0.0017264262545314767
2022-01-13,Thursday,471.79611064260934,472.14,470.91,1.0,471.74,323886.0,-0.0026051594865929006,-0.0028051594865929007
2022-01-14,Friday,461.43170614646226,461.12,462.94,-1.0,460.97,1593900.0,-0.003946911866759217,-0.004146911866759217
2022-01-18,Tuesday,460.41705622674874,460.6,458.07,1.0,460.18,481175.0,-0.005492835432045262,-0.005692835432045262
2022-01-19,Wednesday,458.4085328197479,458.22,456.72,-1.0,458.37,550774.0,0.0032735367290821493,0.0030735367290821492
2022-01-20,Thursday,454.06269013986844,454.11,457.5,1.0,453.8,713963.0,0.007465151615247301,0.007265151615247301
2022-01-21,Friday,444.47310736112223,444.31,444.5,-1.0,444.94,1169441.0,-0.0004276293578806545,-0.0006276293578806545
2022-01-24,Monday,433.832956636467,433.4,425.82,-1.0,433.43,2277134.0,0.017489616982002687,0.017289616982002688
2022-01-25,Tuesday,432.2028028805287,432.78,429.81,1.0,432.76,1346244.0,-0.00686260917787318,-0.00706260917787318
2022-01-26,Wednesday,441.2345907952108,441.0,440.6999,-1.0,440.79,1003036.0,0.0006804988662131306,0.0004804988662131306
2022-01-27,Thursday,435.6595318592467,435.38,438.9,-1.0,435.3,2038048.0,-0.008084891359272373,-0.008284891359272373
2022-01-28,Friday,429.86636232185333,430.04,436.92,1.0,430.96,1460699.0,0.015998511766347256,0.015798511766347258
2022-01-31,Monday,440.7942641255799,441.13,446.71,1.0,441.01,634360.0,0.012649332396345692,0.012449332396345691
2022-02-01,Tuesday,450.001225753735,449.6804,450.68,-1.0,449.95,418970.0,-0.0022229120949011083,-0.0024229120949011084
2022-02-02,Wednesday,456.4219493030657,456.49,454.76,1.0,456.44,659266.0,-0.0037897872899734786,-0.003989787289973478
2022-02-03,Thursday,452.6667135894078,452.61,450.21,-1.0,452.3,1074567.0,0.005302578378736711,0.005102578378736711
2022-02-04,Friday,445.474753618548,444.53,446.84,-1.0,445.48,1734868.0,-0.005196499673812749,-0.005396499673812749
2022-02-10,Thursday,454.4921778454902,453.18,456.21,-1.0,454.39,2402675.0,-0.006686084999337982,-0.006886084999337982
2022-02-11,Friday,449.21062496337197,449.44,447.92,1.0,449.49,865937.0,-0.0033819864720541215,-0.0035819864720541216
2022-02-14,Monday,440.5876179905982,440.15,440.17,-1.0,440.4,946322.0,-4.5439054867646433e-05,-0.0002454390548676464
2022-02-15,Tuesday,444.52031736519075,444.55,445.6,1.0,444.3,755383.0,0.0023619390394782336,0.0021619390394782335
2022-02-16,Wednesday,445.4242848347014,445.88,443.62,1.0,445.72,754402.0,-0.005068628330492486,-0.005268628330492486
2022-02-17,Thursday,444.6700057551538,444.5,441.2,-1.0,444.35,1551959.0,0.0074240719910011466,0.007224071991001147
2022-02-18,Friday,436.2468635220656,436.66,433.21,1.0,437.02,1167664.0,-0.007900883982961626,-0.008100883982961627
2022-02-22,Tuesday,432.9763000628931,433.09,431.2404,1.0,433.48,1281841.0,-0.0042707058579046775,-0.004470705857904677
2022-02-23,Wednesday,432.44346636907744,432.25,428.81,-1.0,432.42,498180.0,0.007958357432041652,0.007758357432041652
2022-02-24,Thursday,410.5944683723756,411.11,418.69,1.0,410.9,2718034.0,0.01843788766996668,0.01823788766996668
2022-02-25,Friday,430.5824684362394,431.22,436.72,1.0,431.32,1384071.0,0.012754510458698576,0.012554510458698575
2022-02-28,Monday,431.92159875039135,431.1,437.3414,-1.0,430.99,1524681.0,-0.014477847367200258,-0.014677847367200259
2022-03-01,Tuesday,435.12600439860586,435.1,429.76,-1.0,434.99,910300.0,0.012273040680303438,0.012073040680303437
2022-03-02,Wednesday,431.62390053417397,430.99,437.1,-1.0,430.92,698620.0,-0.014176663031624903,-0.014376663031624904
2022-03-03,Thursday,438.8883697490332,438.87,436.3,-1.0,439.0,1934767.0,0.005855948230683361,0.005655948230683361
2022-03-04,Friday,433.1216477358945,433.22,429.22,1.0,432.6,1099603.0,-0.009233184063524358,-0.009433184063524358
2022-03-07,Monday,428.86160934259937,430.97,424.17,1.0,430.73,1390782.0,-0.015778360442722295,-0.015978360442722293
2022-03-08,Tuesday,419.03084722651187,419.24,417.9401,1.0,419.79,992186.0,-0.0031006106287568835,-0.0033006106287568836
2022-03-09,Wednesday,424.84490164303213,424.8,427.37,-1.0,424.44,2603463.0,-0.006049905838041436,-0.006249905838041436
2022-03-10,Thursday,423.6484544754097,423.7,421.92,1.0,423.21,1209008.0,-0.004201085673825711,-0.00440108567382571
2022-03-11,Friday,429.93684296757425,429.6,424.38,-1.0,429.7,705867.0,0.01215083798882688,0.011950837988826879
2022-03-14,Monday,421.28947752661566,421.33,420.46,1.0,421.27,1030463.0,-0.0020648897538746436,-0.0022648897538746437
2022-03-15,Tuesday,419.1267062702395,419.41,422.53,1.0,419.43,721009.0,0.007439021482558816,0.007239021482558817
2022-03-16,Wednesday,431.01519217695534,430.6,433.03,-1.0,430.38,602375.0,-0.005643288434742155,-0.005843288434742155
2022-03-17,Thursday,434.01376082266563,433.99,436.12,-1.0,433.96,687286.0,-0.004907947187723138,-0.005107947187723138
2022-03-18,Friday,436.72065534400696,436.8,439.9417,1.0,436.92,1236879.0,0.007192536630036717,0.006992536630036717
2022-03-21,Monday,444.08819110727507,444.06,445.4644,-1.0,444.2,826382.0,-0.0031626356798630795,-0.0033626356798630796
2022-03-23,Wednesday,447.46356437089315,447.4,447.76,-1.0,447.28,387608.0,-0.0008046490835942333,-0.0010046490835942334
2022-03-24,Thursday,445.54076306104736,445.75,448.415,1.0,445.9,297506.0,0.00597868760515996,0.005778687605159961
2022-03-25,Friday,451.8583214084148,451.8,449.275,-1.0,451.62,320651.0,0.005588756086764124,0.005388756086764124
2022-03-28,Monday,452.9829280000001,452.9,450.44,-1.0,452.7,277276.0,0.005431662618679556,0.005231662618679556
2022-03-29,Tuesday,459.69970575517056,459.71,459.435,1.0,459.57,1024739.0,-0.0005982032150703143,-0.0007982032150703142
2022-03-30,Wednesday,459.5899020343505,459.71,459.67,1.0,460.0,377684.0,-8.701137673738923e-05,-0.0002870113767373892
2022-03-31,Thursday,459.0224983969386,458.65,457.92,-1.0,458.51,356565.0,0.0015916276027471143,0.0013916276027471143
2022-04-01,Friday,453.7089990000386,453.79,450.35,1.0,453.71,470928.0,-0.007580598955463924,-0.007780598955463924
2022-04-05,Tuesday,455.7414170412256,455.8,453.51,1.0,455.8,319571.0,-0.005024133391838603,-0.005224133391838603
2022-04-06,Wednesday,447.0806200018816,446.86,445.915,-1.0,446.9,594126.0,0.0021147562995121882,0.0019147562995121882
2022-04-07,Thursday,446.49723139196897,446.48,444.32,-1.0,446.55,482296.0,0.00483784268052323,0.00463784268052323
2022-04-08,Friday,449.6430769842216,449.61,449.58,-1.0,449.4,478333.0,6.672449456202045e-05,-0.00013327550543797956
2022-04-11,Monday,444.0234451197712,444.1,442.1507,1.0,443.85,469959.0,-0.00438932672821446,-0.0045893267282144596
2022-04-12,Tuesday,442.58584737432585,443.25,443.68,1.0,443.05,2277216.0,0.0009701071630006108,0.0007701071630006109
2022-04-13,Wednesday,438.0839487982623,438.23,441.02,1.0,438.46,1099327.0,0.006366519863998166,0.006166519863998166
2022-04-14,Thursday,443.0814301002243,442.72,440.78,-1.0,442.71,432567.0,0.004382002168413557,0.004182002168413557
2022-04-18,Monday,436.6397120957188,437.06,437.16,1.0,437.0,345932.0,0.0002288015375464525,2.8801537546452484e-05
2022-04-19,Tuesday,438.27045215924255,438.4,443.71,1.0,438.01,810552.0,0.012112226277372296,0.011912226277372295
2022-04-20,Wednesday,446.8622919336834,446.95,446.03,1.0,446.87,603180.0,-0.0020583957937130304,-0.0022583957937130305
2022-04-21,Thursday,448.2712364416001,448.23,444.7,-1.0,448.47,688825.0,0.007875421100774216,0.007675421100774216
2022-04-22,Friday,438.05021465581046,437.83,430.38,-1.0,437.61,581141.0,0.017015736701459394,0.016815736701459395
2022-04-25,Monday,423.1083813952124,422.75,419.77,-1.0,422.93,1335874.0,0.0070490833826138966,0.006849083382613897
2022-04-26,Tuesday,427.01225952307215,426.79,419.445,-1.0,426.35,637853.0,0.01720986902223587,0.01700986902223587
2022-04-27,Wednesday,417.89732411140193,417.51,419.69,-1.0,418.1401,718915.0,-0.005221431821992306,-0.005421431821992306
2022-04-28,Thursday,422.14102259912437,421.74,420.55,-1.0,422.69,806871.0,0.002821643666714113,0.002621643666714113
2022-04-29,Friday,424.0117188641223,423.4699,420.45,-1.0,423.47,725799.0,0.007131321494160514,0.006931321494160514
2022-05-02,Monday,411.5612535603485,411.09,411.76,-1.0,411.21,765806.0,-0.0016298134228514005,-0.0018298134228514006
2022-05-03,Tuesday,414.60945209968713,414.9,417.9,1.0,415.2,525236.0,0.007230657989877098,0.007030657989877099
2022-05-04,Wednesday,417.73975168370566,417.41,415.225,-1.0,417.4696,369342.0,0.005234661364126425,0.005034661364126425
2022-05-05,Thursday,426.29053462834713,426.33,412.335,1.0,426.33,1027458.0,-0.03282668355499263,-0.03302668355499263
2022-05-06,Friday,413.4189392117925,414.15,409.89,1.0,414.21,2142938.0,-0.010286128214414991,-0.010486128214414992
2022-05-09,Monday,404.15680093698035,404.4,401.9,1.0,405.1,1146996.0,-0.006181998021760671,-0.00638199802176067
2022-05-10,Tuesday,402.2929164781562,402.3,397.41,1.0,403.06,1474166.0,-0.012155108128262482,-0.012355108128262482
2022-05-11,Wednesday,399.29739564511766,398.37,401.39,-1.0,395.91,3933809.0,-0.007580892135451878,-0.007780892135451877
2022-05-12,Thursday,389.41051179132586,389.4,388.697,-1.0,389.7,678338.0,0.0018053415511042337,0.0016053415511042336
2022-05-13,Friday,397.9148871969663,398.1,401.57,1.0,398.03,945887.0,0.008716402913840682,0.008516402913840681
2022-05-16,Monday,401.7861391057982,402.22,401.43,1.0,401.95,945075.0,-0.001964099249167184,-0.002164099249167184
2022-05-17,Tuesday,405.525746356334,405.66,405.4599,1.0,405.56,718941.0,-0.0004932702262979705,-0.0006932702262979704
2022-05-18,Wednesday,405.305955754929,405.18,396.5,-1.0,404.97,932159.0,0.021422577619823358,0.02122257761982336
2022-05-19,Thursday,387.5176048117351,387.3,391.895,-1.0,387.11,931462.0,-0.011864187967983497,-0.012064187967983498
2022-05-20,Friday,393.7271404346757,393.77,386.2,1.0,393.73,630985.0,-0.01922442034690297,-0.01942442034690297
2022-05-23,Monday,393.031016559432,393.24,396.44,1.0,393.18,485316.0,0.008137524158274845,0.007937524158274844
2022-05-24,Tuesday,392.59996189361027,392.65,390.265,1.0,392.97,536728.0,-0.006074111804405979,-0.006274111804405979
2022-05-25,Wednesday,391.8517720140955,392.37,395.15,1.0,392.14,499144.0,0.007085149221398135,0.006885149221398135
2022-05-26,Thursday,399.0883331181685,398.7,404.44,-1.0,399.14,654571.0,-0.014396789566089918,-0.014596789566089919
2022-05-27,Friday,406.2135814118352,407.25,412.5,1.0,407.69,928687.0,0.012891344383057168,0.012691344383057168
2022-05-31,Tuesday,412.2601214847564,412.5,414.59,1.0,412.26,715630.0,0.005066666666666553,0.004866666666666553
2022-06-01,Wednesday,414.6482489362231,414.78,407.6459,1.0,414.8,459218.0,-0.017199720333670787,-0.017399720333670786
2022-06-03,Friday,415.36835153647644,414.95,410.46,-1.0,413.85,1327888.0,0.01082058079286663,0.01062058079286663
2022-06-06,Monday,414.9096169450557,415.19,413.73,1.0,415.3,475401.0,-0.0035164623425418817,-0.003716462342541882
2022-06-08,Wednesday,413.576607791248,413.65,414.8053,1.0,413.77,455162.0,0.002792940892058615,0.002592940892058615
2022-06-09,Thursday,411.24577528269816,410.85,409.43,-1.0,411.11,991369.0,0.0034562492393818145,0.0032562492393818144
2022-06-10,Friday,397.79488364602594,396.84,391.07,-1.0,397.68,3052940.0,0.014539864932970437,0.014339864932970436
2022-06-13,Monday,381.76839093637216,381.49,378.28,-1.0,381.38,896873.0,0.00841437521298083,0.008214375212980829
2022-06-14,Tuesday,377.1353241856099,377.2,374.9599,1.0,377.43,907050.0,-0.005938759278897088,-0.006138759278897087
2022-06-15,Wednesday,376.6508422450833,376.8,377.405,1.0,376.7,590529.0,0.001605626326963705,0.001405626326963705
2022-06-16,Thursday,372.229549170569,372.62,367.885,1.0,372.73,1075459.0,-0.012707315764049154,-0.012907315764049155
2022-06-17,Friday,368.56905918531595,368.52,364.78,-1.0,368.33,1764282.0,0.010148702919787311,0.00994870291978731
2022-06-21,Tuesday,371.6009965073988,371.68,374.21,1.0,371.5,935948.0,0.0068069306930691464,0.006606930693069147
2022-06-22,Wednesday,369.0307078039506,368.81,374.7,-1.0,368.74,858094.0,-0.015970282801442526,-0.016170282801442525
2022-06-23,Thursday,376.10038239996317,375.86,375.2,-1.0,375.68,871333.0,0.0017559729686585923,0.0015559729686585922
2022-06-27,Monday,390.41727923811516,390.15,390.58,-1.0,390.44,490352.0,-0.0011021402024862237,-0.0013021402024862238
2022-06-29,Wednesday,380.9860354287325,380.7,380.53,-1.0,380.5,700310.0,0.00044654583661685177,0.0002465458366168518
2022-06-30,Thursday,376.3392864899753,376.45,378.3413,1.0,376.19,876613.0,0.005024040377208161,0.004824040377208161
2022-07-01,Friday,376.5203031767705,376.51,375.4,-1.0,376.42,603800.0,0.002948128867759192,0.002748128867759192
2022-07-05,Tuesday,376.8916009829647,376.55,375.23,-1.0,376.97,1318952.0,0.003505510556367053,0.003305510556367053
2022-07-06,Wednesday,380.88871430743825,381.1,380.7064,1.0,381.29,550313.0,-0.0010327997900814179,-0.001232799790081418
2022-07-08,Friday,387.21704883951367,387.71,389.9425,1.0,387.4,1605755.0,0.005758169766062249,0.005558169766062249
2022-07-12,Tuesday,382.63765286234536,382.8,384.33,1.0,383.05,646694.0,0.003996865203761635,0.0037968652037616347
2022-07-13,Wednesday,377.3959181395829,374.82,378.7501,-1.0,374.98,3107291.0,-0.010485299610479615,-0.010685299610479615
2022-07-14,Thursday,374.18922660429985,374.46,375.6901,1.0,374.74,950317.0,0.0032849970624364566,0.0030849970624364565
2022-07-15,Friday,378.0623603596647,378.25,384.0,1.0,379.65,1604960.0,0.015201586252478583,0.015001586252478582
2022-07-18,Monday,387.8221267145019,387.81,388.3606,-1.0,387.89,390671.0,-0.0014197674118769932,-0.0016197674118769933
2022-07-19,Tuesday,384.4207687343756,384.68,389.68,1.0,384.65,859238.0,0.012997816366850268,0.012797816366850267
2022-07-20,Wednesday,391.3826130164437,391.24,395.77,-1.0,391.16,484054.0,-0.01157857069829249,-0.01177857069829249
2022-07-21,Thursday,394.8883247321029,395.39,395.475,1.0,395.76,941493.0,0.00021497761703637153,1.4977617036371517e-05
2022-07-25,Monday,396.8421835812571,396.6304,395.9,-1.0,396.31,334810.0,0.0018415129047093526,0.0016415129047093525
2022-07-26,Tuesday,394.2840329856216,394.32,390.62,1.0,394.39,1084036.0,-0.00938324203692431,-0.009583242036924311
2022-07-27,Wednesday,394.2440119534783,394.3,396.65,1.0,394.31,289416.0,0.0059599289880800654,0.005759928988080066
2022-07-28,Thursday,399.6309494690937,400.52,403.65,1.0,400.04,1122191.0,0.007814840707080828,0.007614840707080828
2022-07-29,Friday,407.87525609519855,407.58,409.56,-1.0,407.35,716720.0,-0.0048579419991168216,-0.005057941999116821
2022-08-01,Monday,410.5543411697664,410.42,412.74,-1.0,410.36,1113249.0,-0.005652745967545503,-0.005852745967545502
2022-08-04,Thursday,414.82932622538135,414.99,414.3,1.0,415.24,383493.0,-0.0016626906672450037,-0.0018626906672450038
2022-08-05,Friday,411.639524511328,410.95,410.655,-1.0,411.08,1780151.0,0.0007178488867258803,0.0005178488867258803
2022-08-10,Wednesday,417.3687027619421,418.15,419.59,1.0,418.36,1903221.0,0.003443740284586827,0.003243740284586827
2022-08-11,Thursday,422.56859801085614,422.21,421.62,-1.0,422.86,743812.0,0.0013974088723620604,0.0011974088723620603
2022-08-12,Friday,421.930323772946,421.99,423.42,1.0,422.11,237908.0,0.0033887058935047065,0.0031887058935047064
2022-08-15,Monday,424.7732371232747,424.61,427.99,-1.0,424.46,819825.0,-0.00796024587268307,-0.00816024587268307
2022-08-16,Tuesday,428.20870277540047,428.19,430.18,-1.0,428.1,369836.0,-0.00464746958126061,-0.00484746958126061
2022-08-17,Wednesday,425.9405938427879,426.13,424.8911,1.0,426.44,820432.0,-0.0029073287494426614,-0.0031073287494426615
2022-08-18,Thursday,427.29617770357595,427.43,427.6499,1.0,427.3,346610.0,0.0005144702056476547,0.0003144702056476547
2022-08-19,Friday,423.6593797234702,423.84,422.5099,1.0,424.02,652023.0,-0.0031382125330312594,-0.0033382125330312594
2022-08-22,Monday,417.3225806883173,417.36,415.45,1.0,417.29,382354.0,-0.004576384895533914,-0.004776384895533913
2022-08-23,Tuesday,413.6066863404689,413.46,412.95,-1.0,413.02,412438.0,0.0012334929618342816,0.0010334929618342815
2022-08-26,Friday,418.88987705664255,418.57,411.08,-1.0,419.07,1024304.0,0.017894259024774817,0.017694259024774818
2022-08-29,Monday,402.340903507009,402.75,403.37,1.0,402.44,517076.0,0.0015394165114834824,0.0013394165114834823
2022-08-30,Tuesday,404.4207427668385,404.27,398.731,-1.0,404.46,516128.0,0.013701239270784371,0.01350123927078437
2022-08-31,Wednesday,399.447718910964,399.44,399.0168,-1.0,399.5,1472288.0,0.0010594832765872253,0.0008594832765872253
2022-09-01,Thursday,393.04954631892474,392.63,391.178,-1.0,392.83,689621.0,0.0036981381962661874,0.0034981381962661874
2022-09-02,Friday,398.7211827236033,399.05,401.16,1.0,399.39,2195111.0,0.005287557950131694,0.005087557950131694
2022-09-06,Tuesday,394.4309937167382,394.46,393.38,1.0,394.64,695637.0,-0.0027379201946965415,-0.0029379201946965416
2022-09-07,Wednesday,389.69622614390283,389.9,393.97,1.0,390.41,370507.0,0.010438573993331701,0.0102385739933317
2022-09-08,Thursday,397.15744057631207,397.22,399.49,1.0,397.06,1447551.0,0.00571471728513151,0.00551471728513151
2022-09-09,Friday,403.6408156555201,403.69,405.64,1.0,403.9,590747.0,0.004830439198394876,0.004630439198394876
2022-09-12,Monday,407.8559116356484,408.09,409.2083,1.0,408.18,321926.0,0.0027403268886765364,0.0025403268886765363
2022-09-13,Tuesday,406.183791143445,405.77,397.885,-1.0,404.03,5144361.0,0.019432190649875558,0.01923219064987556
2022-09-14,Wednesday,393.5297263202448,393.53,394.66,1.0,393.96,730269.0,0.00287144563311581,0.00267144563311581
2022-09-15,Thursday,394.0714772913352,393.62,390.97,-1.0,394.31,1177988.0,0.006732381484680583,0.006532381484680583
2022-09-16,Friday,384.33136673330335,384.31,384.286,-1.0,384.38,1340949.0,6.244958497048092e-05,-0.0001375504150295191
2022-09-19,Monday,382.5607901759358,382.64,384.525,1.0,383.02,577076.0,0.004926301484424078,0.004726301484424079
2022-09-20,Tuesday,385.69023736707,385.76,385.68,1.0,385.69,609277.0,-0.00020738282870169655,-0.00040738282870169654
2022-09-22,Thursday,377.51551839621317,377.71,374.4484,1.0,377.91,1428838.0,-0.008635196314632831,-0.008835196314632832
2022-09-23,Friday,369.68263952596357,369.46,366.82,-1.0,369.19,1176232.0,0.007145563795810106,0.006945563795810106
2022-09-26,Monday,365.941656522943,365.74,366.85,-1.0,366.2,910221.0,-0.0030349428555804803,-0.0032349428555804804
2022-09-27,Tuesday,369.139279359299,369.34,364.065,1.0,369.37,1197053.0,-0.014282233172686398,-0.014482233172686399
2022-09-28,Wednesday,363.3810239407622,363.56,368.3216,1.0,364.12,2577101.0,0.013097150401584212,0.012897150401584212
2022-09-29,Thursday,366.5244740224877,365.42,364.01,-1.0,365.95,1548254.0,0.0038585736960210504,0.0036585736960210503
2022-09-30,Friday,363.0156540295435,362.53,362.95,-1.0,363.0,1885229.0,-0.0011585248117398361,-0.0013585248117398362
2022-10-03,Monday,360.38567224932893,360.42,363.77,1.0,360.4,1068009.0,0.009294711725209348,0.009094711725209348
2022-10-04,Tuesday,372.21397223718714,372.08,377.03,-1.0,371.8,918967.0,-0.013303590625671768,-0.013503590625671769
2022-10-05,Wednesday,374.3769371889335,374.4,373.0399,1.0,374.41,754095.0,-0.0036327457264957452,-0.0038327457264957453
2022-10-06,Thursday,376.7806239234866,376.99,374.68,1.0,377.02,855608.0,-0.006127483487625707,-0.006327483487625706
2022-10-07,Friday,370.87972535739175,371.36,365.29,1.0,370.57,3639247.0,-0.016345325290822887,-0.016545325290822886
2022-10-11,Tuesday,360.0579469638445,360.41,360.759,1.0,359.9,1359859.0,0.0009683416109431686,0.0007683416109431686
2022-10-12,Wednesday,358.67426271688066,358.0,359.19,-1.0,358.45,1718004.0,-0.003324022346368638,-0.003524022346368638
2022-10-13,Thursday,351.6278507032109,350.2,362.86,-1.0,350.25,5943451.0,-0.0361507709880069,-0.036350770988006896
2022-10-14,Friday,366.44458316304446,366.55,359.745,1.0,367.02,2853161.0,-0.018564997953894435,-0.018764997953894434
2022-10-17,Monday,361.98813138653236,362.14,366.905,1.0,362.02,1198144.0,0.013157894736842035,0.012957894736842035
2022-10-18,Tuesday,374.674675418879,374.79,369.22,1.0,374.95,1314958.0,-0.014861655860615275,-0.015061655860615275
2022-10-19,Wednesday,368.30216823455,368.67,369.73,1.0,368.361,1015268.0,0.002875200043399362,0.0026752000433993618
2022-10-20,Thursday,370.358387127329,369.07,370.2201,-1.0,369.0,1224048.0,-0.0031162110168803103,-0.0033162110168803104
2022-10-21,Friday,362.53377252913714,362.56,370.0299,1.0,362.61,4485129.0,0.02060321050308911,0.02040321050308911
2022-10-24,Monday,375.7744167882073,375.62,378.08,-1.0,376.25,922236.0,-0.0065491720355677074,-0.006749172035567707
2022-10-25,Tuesday,377.31530200977306,377.32,383.49,1.0,377.07,581146.0,0.016352167921128036,0.016152167921128037
2022-10-26,Wednesday,381.6094587561231,381.56,386.82,-1.0,381.3,571581.0,-0.013785512108187348,-0.013985512108187348
2022-10-27,Thursday,383.47575453555834,383.34,381.35,-1.0,382.38,1119604.0,0.00519121406584222,0.0049912140658422205
2022-10-28,Friday,379.24849915507747,379.08,385.77,-1.0,379.02,1272712.0,-0.01764798987021199,-0.017847989870211987
2022-10-31,Monday,386.9255704795022,386.75,387.08,-1.0,386.63,661918.0,-0.0008532643826761888,-0.0010532643826761889
2022-11-01,Tuesday,390.5525768555467,390.5,384.54,-1.0,390.45,768045.0,0.015262483994878284,0.015062483994878284
2022-11-03,Thursday,372.2592018845124,372.25,371.721,-1.0,371.59,1036387.0,0.0014210879785090391,0.001221087978509039
2022-11-04,Friday,372.01237741752175,373.94,370.97,1.0,373.99,2304578.0,-0.007942450660533673,-0.008142450660533674
2022-11-07,Monday,377.059138323013,377.12,376.22,1.0,377.4,521901.0,-0.002386508273228616,-0.002586508273228616
2022-11-08,Tuesday,380.83110489309803,380.85,384.54,1.0,379.6,414224.0,0.009688853879480153,0.009488853879480152
2022-11-09,Wednesday,380.267128223857,380.38,379.068,1.0,380.14,742228.0,-0.0034491823965508983,-0.0036491823965508984
2022-11-10,Thursday,382.2822800789478,385.32,391.88,1.0,385.14,4258510.0,0.01702481054707783,0.01682481054707783
2022-11-11,Friday,396.36805629285556,396.75,395.19,1.0,396.68,752213.0,-0.003931947069943265,-0.004131947069943264
2022-11-14,Monday,397.501281664928,397.6,397.89,1.0,397.57,542377.0,0.0007293762575451002,0.0005293762575451002
2022-11-15,Tuesday,401.96723020348026,402.76,401.2,1.0,402.6,1910083.0,-0.0038732744065944624,-0.004073274406594462
2022-11-16,Wednesday,397.57931771084316,397.89,396.5,1.0,397.66,947559.0,-0.003493427831812723,-0.0036934278318127233
2022-11-17,Thursday,391.51495392246676,391.16,393.14,-1.0,390.7,1282366.0,-0.005061867266591635,-0.005261867266591635
2022-11-18,Friday,397.72690915469616,397.83,395.14,1.0,397.61,623663.0,-0.006761682125530966,-0.006961682125530965
2022-11-21,Monday,394.79867749991405,394.82,393.215,1.0,394.78,346009.0,-0.004065143609746302,-0.004265143609746302
2022-11-22,Tuesday,396.05260682345147,396.21,397.47,1.0,396.06,364564.0,0.003180131748315329,0.002980131748315329
2022-11-23,Wednesday,400.13161640193664,400.12,400.34,-1.0,399.93,345562.0,-0.0005498350494850257,-0.0007498350494850257
2022-11-25,Friday,402.34547763729336,402.29,402.478,-1.0,402.26,297919.0,-0.000467324566854721,-0.000667324566854721
2022-11-28,Monday,399.4039321546556,399.46,398.872,1.0,399.44,323470.0,-0.001471987182696588,-0.001671987182696588
2022-11-29,Tuesday,396.3370601573341,396.5604,394.6407,1.0,396.12,532105.0,-0.004840876698732455,-0.005040876698732454
2022-11-30,Wednesday,395.7882405500611,395.68,395.1536,-1.0,395.6,452739.0,0.001330367974120561,0.0011303679741205609
2022-12-01,Thursday,409.07978425748513,409.39,406.83,1.0,409.47,1080387.0,-0.0062532059893988245,-0.006453205989398824
2022-12-02,Friday,401.72188920248055,401.3,405.42,-1.0,401.8,4357031.0,-0.010266633441315731,-0.010466633441315732
2022-12-05,Monday,405.07670882808463,404.92,400.95,-1.0,404.88,701205.0,0.009804405808554795,0.009604405808554794
2022-12-06,Tuesday,400.0266950831349,400.07,395.07,1.0,399.75,472889.0,-0.01249781288274554,-0.012697812882745541
2022-12-07,Wednesday,392.55705960981743,392.83,393.39,1.0,392.65,651217.0,0.0014255530382099035,0.0012255530382099034
2022-12-08,Thursday,395.2747777271069,395.6,396.1376,1.0,395.99,679220.0,0.0013589484327602985,0.0011589484327602984
2022-12-09,Friday,394.43954774851227,394.48,397.36,1.0,394.4,1192652.0,0.007300750354897634,0.007100750354897634
2022-12-12,Monday,394.3796438300191,394.52,395.416,1.0,394.61,451604.0,0.00227111426543658,0.00207111426543658
2022-12-13,Tuesday,409.5346810134862,407.6,402.65,-1.0,408.08,4675950.0,0.012144259077527142,0.011944259077527141
2022-12-15,Thursday,394.8884450325074,394.64,389.26,-1.0,394.16,1399712.0,0.013632677883640754,0.013432677883640753
2022-12-16,Friday,384.21556634514064,383.97,381.54,-1.0,383.73,1288926.0,0.0063286194233924675,0.006128619423392468
2022-12-19,Monday,383.75112124721096,383.66,380.9799,-1.0,383.6001,465648.0,0.006985612260856033,0.006785612260856034
2022-12-20,Tuesday,379.1090276938391,379.38,380.627,1.0,379.78,420647.0,0.003286941852496117,0.003086941852496117
2022-12-21,Wednesday,383.45564973360194,383.46,385.94,1.0,383.41,455983.0,0.006467428154175225,0.006267428154175226
2022-12-22,Thursday,384.4893680216604,384.42,378.68,-1.0,384.38,949177.0,0.01493158524530469,0.01473158524530469
2022-12-23,Friday,380.0575605569461,379.47,381.58,-1.0,381.81,1323626.0,-0.005560386855350874,-0.005760386855350874
2022-12-27,Tuesday,384.32302436877717,384.21,382.29,-1.0,383.65,480812.0,0.004997267119543847,0.004797267119543847
2022-12-28,Wednesday,382.0302601158488,381.9,378.22,-1.0,382.0,184316.0,0.009636030374443494,0.009436030374443493
2022-12-29,Thursday,379.0528854205806,379.36,383.89,1.0,379.92,601235.0,0.01194116406579493,0.011741164065794929
2022-12-30,Friday,380.7249359127259,380.89,380.74,1.0,380.59,287545.0,-0.00039381448712216827,-0.0005938144871221682
2023-01-03,Tuesday,384.1737428734787,384.27,379.07,1.0,384.52,722395.0,-0.013532151872381326,-0.013732151872381327
2023-01-04,Wednesday,383.07091603129675,382.8,385.48,-1.0,383.03,610793.0,-0.0070010449320794255,-0.007201044932079425
2023-01-05,Thursday,382.06798892668746,381.85,379.3,-1.0,381.91,1285681.0,0.006678014927327558,0.006478014927327558
2023-01-06,Friday,381.0352212490373,381.05,386.26,1.0,380.9,2737203.0,0.013672746358745602,0.013472746358745602
2023-01-09,Monday,390.0873908862487,390.151,393.38,1.0,390.0,457979.0,0.008276282772567534,0.008076282772567533
2023-01-10,Tuesday,385.8554623372466,386.1,388.12,1.0,385.97,1030086.0,0.00523180523180522,0.00503180523180522
2023-01-11,Wednesday,391.77546195081413,391.55,392.74,-1.0,391.63,614385.0,-0.0030392031669008723,-0.0032392031669008724
2023-01-12,Thursday,394.055360222652,396.83,396.36,1.0,395.51,4139889.0,-0.0011843862611192746,-0.0013843862611192747
2023-01-13,Friday,393.11653283666885,393.29,395.8,1.0,393.61,485326.0,0.006382059040402677,0.006182059040402677
2023-01-17,Tuesday,397.8421447167431,397.9,398.2186,1.0,397.81,529841.0,0.0008007036943955548,0.0006007036943955548
2023-01-18,Wednesday,399.13620935987166,398.49,394.8631,-1.0,398.45,1415854.0,0.009101608572360753,0.008901608572360753
2023-01-19,Thursday,388.162854853007,388.5,387.8277,1.0,388.49,965557.0,-0.0017305019305019487,-0.0019305019305019488
2023-01-20,Friday,389.482997784847,389.28,391.76,-1.0,389.44,519106.0,-0.006370735717221576,-0.006570735717221576
2023-01-23,Monday,396.60477841447005,396.65,401.53,1.0,396.52,533047.0,0.012303037942770656,0.012103037942770655
2023-01-24,Tuesday,399.50347159167603,399.38,400.05,-1.0,399.05,807695.0,-0.0016776002804346213,-0.0018776002804346214
2023-01-25,Wednesday,396.72861344074596,396.5,397.185,-1.0,396.58,775017.0,-0.0017276166456494657,-0.0019276166456494658
2023-01-26,Thursday,401.8496475596729,401.94,401.68,1.0,402.72,1021808.0,-0.0006468627158282558,-0.0008468627158282558
2023-01-27,Friday,403.6751548108703,403.94,405.8606,1.0,403.95,493791.0,0.004754666534633856,0.004554666534633856
2023-01-30,Monday,402.40711126595016,402.395,403.1981,-1.0,402.19,587378.0,-0.001995800146622262,-0.002195800146622262
2023-01-31,Tuesday,400.86949265875035,401.32,403.05,1.0,401.4101,935494.0,0.004310774444333809,0.0041107744443338095
2023-02-01,Wednesday,405.51913429330875,405.52,404.575,1.0,405.52,310424.0,-0.0023303412901952703,-0.0025303412901952703
2023-02-02,Thursday,413.7016284240992,413.49,415.8592,-1.0,413.63,1019390.0,-0.005729763718590464,-0.005929763718590463
2023-02-03,Friday,412.5308354516373,412.4,414.8,-1.0,413.1,2266980.0,-0.005819592628516057,-0.006019592628516057
2023-02-06,Monday,409.5672784217675,409.18,409.7207,-1.0,409.15,423236.0,-0.0013214233344738258,-0.0015214233344738259
2023-02-07,Tuesday,409.5446084193425,409.46,410.235,-1.0,409.48,639735.0,-0.0018927367752650248,-0.002092736775265025
2023-02-08,Wednesday,413.4033727071029,413.47,411.44,1.0,413.45,673122.0,-0.004909666964955206,-0.005109666964955206
2023-02-09,Thursday,414.17173742847325,414.14,411.4099,-1.0,413.77,562523.0,0.006592215192929962,0.0063922151929299625
2023-02-10,Friday,405.2545243201363,405.25,406.2401,-1.0,405.26,588534.0,-0.0024431832202342907,-0.0026431832202342908
2023-02-13,Monday,408.8180443674749,408.89,411.89,1.0,408.75,303134.0,0.007336936584411369,0.007136936584411369
2023-02-14,Tuesday,413.97703317952715,415.14,409.555,1.0,412.89,2559273.0,-0.013453292865057476,-0.013653292865057476
2023-02-15,Wednesday,410.53401007352545,411.04,412.17,1.0,410.33,717252.0,0.0027491241728299087,0.0025491241728299086
2023-02-16,Thursday,411.2878008367416,411.11,411.42,-1.0,410.79,1798402.0,-0.0007540560920435979,-0.0009540560920435979
2023-02-17,Friday,405.91639958165075,406.05,404.8,1.0,406.0,796705.0,-0.0030784386159340427,-0.0032784386159340428
2023-02-21,Tuesday,403.8651651616203,403.88,400.4952,1.0,403.81,930972.0,-0.0083807071407348,-0.0085807071407348
2023-02-22,Wednesday,399.83491615130004,399.9,399.4399,1.0,399.71,467328.0,-0.0011505376344085327,-0.0013505376344085328
2023-02-23,Thursday,400.2772055039391,400.15,396.47,-1.0,400.09,1409548.0,0.00919655129326491,0.008996551293264909
2023-02-24,Friday,396.58262257293273,396.3,395.88,-1.0,395.33,1553255.0,0.0010598031794095686,0.0008598031794095686
2023-02-27,Monday,398.84430234699073,399.3,398.2699,1.0,399.48,774983.0,-0.00257976458802911,-0.00277976458802911
2023-02-28,Tuesday,398.35585174809705,398.12,397.41,-1.0,397.87,613033.0,0.001783381894906011,0.0015833818949060109
2023-03-01,Wednesday,396.2182536463717,395.96,395.735,-1.0,395.95,5814907.0,0.0005682392160824001,0.00036823921608240015
2023-03-02,Thursday,392.5414065708876,392.43,393.91,-1.0,392.45,707358.0,-0.0037713732385393772,-0.003971373238539377
2023-03-03,Friday,398.9530685517838,399.1,401.9214,1.0,399.23,985688.0,0.007069406163868752,0.0068694061638687525
2023-03-06,Monday,404.9706960160959,405.08,406.7899,1.0,405.29,511559.0,0.004221141502912973,0.004021141502912973
2023-03-07,Tuesday,405.0817948919244,405.14,399.89,1.0,405.12,321753.0,-0.012958483487189643,-0.013158483487189643
2023-03-08,Wednesday,398.60911606313834,398.66,399.315,1.0,398.55,357942.0,0.0016430040636130627,0.0014430040636130626
2023-03-09,Thursday,398.7127788790434,398.79,399.09,1.0,399.03,938021.0,0.0007522756337920988,0.0005522756337920988
2023-03-10,Friday,392.2395626320704,392.84,389.87,1.0,392.54,4735940.0,-0.007560329905304863,-0.007760329905304863
2023-03-13,Monday,384.4383950068146,383.74,388.86,-1.0,382.86,5921849.0,-0.01334236722781057,-0.01354236722781057
2023-03-14,Tuesday,388.38224756318107,387.11,392.53,-1.0,388.34,2813269.0,-0.014001188292733335,-0.014201188292733336
2023-03-15,Wednesday,386.0211633390463,385.03,385.72,-1.0,383.95,2370904.0,-0.0017920681505338987,-0.0019920681505338988
2023-03-16,Thursday,389.1171935970418,388.78,393.86,-1.0,388.51,1698579.0,-0.013066515767272024,-0.013266515767272025
2023-03-17,Friday,392.21350765022873,392.01,389.5799,-1.0,391.83,1776934.0,0.006199076554169514,0.005999076554169514
2023-03-20,Monday,390.25109964934666,390.72,392.45,1.0,390.92,1197538.0,0.0044277231777229975,0.004227723177722998
2023-03-21,Tuesday,396.7170368072034,396.74,395.885,1.0,396.95,496491.0,-0.0021550637697232977,-0.002355063769723298
2023-03-23,Thursday,394.18709492124816,394.28,398.02,1.0,394.48,516395.0,0.00948564471948865,0.00928564471948865
2023-03-24,Friday,389.8608001784571,389.99,393.13,1.0,390.13,1159482.0,0.008051488499705162,0.007851488499705161
2023-03-27,Monday,398.19757866710813,398.17,395.96,-1.0,398.381,353938.0,0.005550393048195601,0.005350393048195601
2023-03-28,Tuesday,395.7349445456795,395.55,396.04,-1.0,395.53,396884.0,-0.001238781443559711,-0.0014387814435597112
2023-03-29,Wednesday,398.7908346947343,398.76,399.89,-1.0,398.75,651437.0,-0.002833784732671374,-0.003033784732671374
2023-03-30,Thursday,403.550023100586,403.78,403.08,1.0,403.83,625049.0,-0.0017336173163603474,-0.0019336173163603475
2023-03-31,Friday,405.1072092934534,405.16,407.13,1.0,405.04,683739.0,0.00486227663145411,0.00466227663145411
2023-04-05,Wednesday,407.92005309499586,407.74,407.06,-1.0,407.79,403964.0,0.001667729435424592,0.0014677294354245919
2023-04-06,Thursday,407.3238894069992,407.54,408.115,1.0,407.37,443735.0,0.0014109044510968172,0.001210904451096817
2023-04-10,Monday,406.9525823376096,406.95,407.01,-1.0,407.02,362228.0,-0.00014743826022844964,-0.0003474382602284496
2023-04-12,Wednesday,412.54854507990126,413.6,410.34,1.0,412.99,2059181.0,-0.007882011605416017,-0.008082011605416018
2023-04-13,Thursday,409.19275224776965,409.08,410.95,-1.0,408.9,595689.0,-0.004571233010657982,-0.004771233010657982
2023-04-14,Friday,413.3487472558238,413.0,411.7714,-1.0,413.3,728819.0,0.0029748184019370294,0.0027748184019370293
2023-04-17,Monday,412.64486303980175,412.69,411.67,1.0,412.98,400385.0,-0.0024715888439263978,-0.002671588843926398
2023-04-18,Tuesday,415.9576632148263,415.84,413.22,-1.0,415.84,262340.0,0.006300500192381597,0.006100500192381598
2023-04-19,Wednesday,411.8259165367134,411.7,413.72,-1.0,411.74,511732.0,-0.00490648530483373,-0.0051064853048337295
2023-04-21,Friday,411.7308800655891,411.79,411.745,1.0,411.75,313226.0,-0.00010927900143276048,-0.00030927900143276046
2023-04-26,Wednesday,406.9751234817643,407.12,407.335,1.0,407.16,660021.0,0.0005280998231478318,0.0003280998231478318
2023-04-27,Thursday,406.8262301859079,406.55,409.17,-1.0,406.49,824853.0,-0.006444471774689431,-0.0066444717746894305
2023-04-28,Friday,411.06223026780555,411.3,414.7489,1.0,411.1,703736.0,0.008385363481643537,0.008185363481643537
2023-05-03,Wednesday,411.8582902523158,411.7,411.49,-1.0,411.6,339834.0,0.0005100801554529522,0.00031008015545295217
2023-05-04,Thursday,407.11480567818614,407.18,404.3601,1.0,407.16,431076.0,-0.006925438381059967,-0.007125438381059967
2023-05-05,Friday,407.30182668944803,407.61,411.01,1.0,407.76,955396.0,0.008341306641151958,0.008141306641151957
2023-05-10,Wednesday,412.21549211306876,412.45,411.675,1.0,412.49,2088036.0,-0.0018790156382590961,-0.002079015638259096
2023-05-11,Thursday,413.187261872987,412.59,411.855,-1.0,412.92,1033564.0,0.0017814295062894558,0.0015814295062894558
2023-05-16,Tuesday,412.2260108162228,412.03,411.91,-1.0,412.03,462150.0,0.0002912409290584117,9.124092905841169e-05
2023-05-17,Wednesday,411.45524946503934,411.5,412.59,1.0,411.58,538478.0,0.002648845686512802,0.0024488456865128017
2023-05-18,Thursday,415.72415066723363,415.69,417.08,-1.0,415.43,884226.0,-0.0033438379561692155,-0.0035438379561692156
2023-05-23,Tuesday,417.7284669056706,417.93,417.68,1.0,418.0,356376.0,-0.0005981862991409903,-0.0007981862991409903
2023-05-24,Wednesday,412.65736599515236,412.55,410.43,-1.0,412.59,453552.0,0.005138771058053604,0.004938771058053604
2023-05-25,Thursday,413.81039855972597,413.92,413.1,1.0,414.49,1325892.0,-0.001981059141863195,-0.002181059141863195
2023-05-26,Friday,415.1762305308813,414.85,419.05,-1.0,414.37,590746.0,-0.010124141255875685,-0.010324141255875685
2023-05-30,Tuesday,422.3437234668275,422.48,420.7071,1.0,422.63,365912.0,-0.0041964116644575,-0.0043964116644575
2023-06-01,Thursday,418.5965077426193,418.46,421.055,-1.0,418.13,461862.0,-0.00620130956363818,-0.0064013095636381795
2023-06-02,Friday,423.7550091678488,424.2099,427.44,1.0,423.85,657312.0,0.007614390894696177,0.007414390894696177
2023-06-13,Tuesday,434.86360972955146,434.63,436.03,-1.0,434.79,1172465.0,-0.0032211306168463683,-0.0034211306168463683
2023-06-15,Thursday,435.8280936722065,435.59,440.72,-1.0,434.94,728310.0,-0.011777129869831926,-0.011977129869831927
2023-06-16,Friday,442.0220408203201,442.0299,441.24,1.0,442.05,897883.0,-0.0017869831882413312,-0.0019869831882413313
2023-06-20,Tuesday,438.0926201642219,438.02,436.06,-1.0,437.85,275980.0,0.0044746815213916324,0.004274681521391633
2023-06-21,Wednesday,436.36209804684245,436.08,435.115,-1.0,436.31,398127.0,0.002212896716198842,0.002012896716198842
2023-06-22,Thursday,434.2682493159061,434.5,435.57,1.0,434.34,1372535.0,0.0024626006904486797,0.0022626006904486796
2023-06-23,Friday,433.96257600473825,433.94,433.855,-1.0,433.53,790385.0,0.00019587961469325066,-4.120385306749351e-06
2023-06-27,Tuesday,432.0706761981115,432.22,434.2099,1.0,432.45,232354.0,0.0046039054185367245,0.004403905418536725
2023-06-29,Thursday,437.9368159401921,437.61,437.71,-1.0,437.5,974667.0,-0.00022851397362932957,-0.00042851397362932955
2023-06-30,Friday,440.6944353230444,440.87,442.46,1.0,441.01,827567.0,0.003606505319028175,0.0034065053190281747
2023-07-05,Wednesday,441.9618325651116,441.6,443.29,-1.0,441.6,310633.0,-0.003826992753623193,-0.004026992753623193
2023-07-06,Thursday,440.15140807375616,440.07,438.1,-1.0,440.02,1035341.0,0.004476560547185593,0.004276560547185593
2023-07-07,Friday,440.1417253814488,440.32,440.37,1.0,439.98,997388.0,0.00011355377906974162,-8.644622093025839e-05
2023-07-11,Tuesday,440.72550237266535,440.74,441.46,1.0,440.65,316821.0,0.0016336161909515923,0.0014336161909515922
2023-07-12,Wednesday,445.4299310757097,445.76,445.175,1.0,445.98,1804286.0,-0.0013123653984206118,-0.001512365398420612
2023-07-13,Thursday,447.66800463668375,447.38,448.46,-1.0,447.44,510593.0,-0.0024140551656308684,-0.0026140551656308685
2023-07-14,Friday,450.43307653836536,450.4,450.49,-1.0,450.33,426845.0,-0.00019982238010674003,-0.00039982238010674
2023-07-18,Tuesday,450.4971013628432,450.41,453.2,-1.0,450.45,211978.0,-0.006194356253191424,-0.006394356253191424
2023-07-19,Wednesday,454.2350396446451,454.25,455.98,1.0,454.42,348574.0,0.003808475509081033,0.003608475509081033
2023-07-20,Thursday,454.3659056441526,454.36,454.06,-1.0,454.27,420374.0,0.00066026938991115,0.00046026938991115005
2023-07-27,Thursday,458.87033009729714,459.17,457.45,1.0,459.43,741008.0,-0.0037458893220376765,-0.003945889322037676
2023-07-28,Friday,455.56167051899763,455.34,457.68,-1.0,455.68,579245.0,-0.005139016998287005,-0.0053390169982870045
2023-08-02,Wednesday,453.8696811708977,453.73,450.31,-1.0,453.55,486484.0,0.0075375223150332404,0.007337522315033241
2023-08-03,Thursday,448.6839426973506,448.76,449.275,1.0,449.2,499631.0,0.0011476067385685074,0.0009476067385685074
2023-08-04,Friday,449.8529818990432,449.25,451.83,-1.0,448.87,1364778.0,-0.005742904841402385,-0.005942904841402385
2023-08-07,Monday,447.6962437775789,448.0,449.52,1.0,448.01,606891.0,0.0033928571428571974,0.0031928571428571973
2023-08-08,Tuesday,447.3616098052208,447.42,445.69,1.0,447.56,358107.0,-0.003866613025792387,-0.004066613025792387
2023-08-10,Thursday,448.9777849321299,448.7,447.62,-1.0,447.91,1732614.0,0.0024069534209939514,0.0022069534209939513
2023-08-11,Friday,444.9987993968747,444.9,445.3199,-1.0,444.78,901489.0,-0.00094380759721302,-0.00114380759721302
2023-08-14,Monday,444.90367549694275,444.93,447.13,1.0,444.95,332702.0,0.004944598026655811,0.004744598026655811
2023-08-15,Tuesday,444.9671211671046,445.46,445.105,1.0,445.05,531504.0,-0.0007969290171956356,-0.0009969290171956357
2023-08-16,Wednesday,442.65489403724155,442.95,442.53,1.0,442.85,503014.0,-0.0009481882831019472,-0.0011481882831019473
2023-08-17,Thursday,440.91299112264954,441.21,439.571,1.0,441.29,599392.0,-0.0037147843430564986,-0.003914784343056498
2023-08-18,Friday,433.61886722672205,433.48,436.42,-1.0,433.56,1071217.0,-0.00678231983021127,-0.006982319830211269
2023-08-21,Monday,438.11458762770513,438.0,435.62,-1.0,437.95,478581.0,0.005433789954337853,0.0052337899543378535
2023-08-22,Tuesday,441.9684682779704,441.89,438.7,-1.0,441.72,519430.0,0.007218991151644039,0.007018991151644039
2023-08-23,Wednesday,438.4720821583252,438.54,442.3,1.0,438.92,585647.0,0.008573904318876169,0.008373904318876168
2023-08-24,Thursday,444.91239829554587,444.8,439.2,-1.0,444.89,393948.0,0.01258992805755399,0.012389928057553989
2023-08-25,Friday,438.7861536814917,438.77,437.0,-1.0,438.75,614156.0,0.004034004147959069,0.0038340041479590693
2023-08-31,Thursday,452.6593828778165,452.64,451.9,-1.0,452.27,333684.0,0.001634853305054862,0.0014348533050548618
2023-09-01,Friday,452.80859993040553,453.16,449.882,1.0,453.38,1032149.0,-0.007233648159590489,-0.0074336481595904886
2023-09-06,Wednesday,448.1713257698541,448.06,445.55,-1.0,447.99,170245.0,0.0056019283131723,0.0054019283131723
2023-09-07,Thursday,443.82182512896924,443.6,443.995,-1.0,443.44,737138.0,-0.0008904418394950486,-0.0010904418394950487
2023-09-13,Wednesday,445.0710309759384,445.89,447.2417,1.0,445.65,933778.0,0.003031465159568425,0.002831465159568425
2023-09-14,Thursday,447.96606402056005,447.87,449.895,-1.0,448.0,1063421.0,-0.004521401299484085,-0.004721401299484084
2023-09-15,Friday,448.92490017418237,448.72,445.095,-1.0,448.48,1475237.0,0.00807853449812801,0.007878534498128009
2023-09-20,Wednesday,443.839342887418,443.79,443.745,-1.0,443.62,578367.0,0.00010139931048469553,-9.860068951530448e-05
2023-09-21,Thursday,434.7025601769926,434.8,433.92,1.0,434.94,767458.0,-0.002023919043238287,-0.002223919043238287
2023-09-22,Friday,433.0813790959588,433.01,432.91,-1.0,432.98,597722.0,0.00023094154869396366,3.094154869396365e-05
2023-09-25,Monday,429.0787304973319,429.12,431.27,1.0,429.25,692974.0,0.005010253542132581,0.0048102535421325815
2023-09-26,Tuesday,430.0944906476266,430.05,427.1,-1.0,429.91,636115.0,0.0068596674805254665,0.006659667480525467
2023-09-27,Wednesday,427.36841629437055,427.55,424.8809,1.0,427.44,699998.0,-0.006242778622383427,-0.006442778622383427
2023-09-28,Thursday,427.1814664238057,427.5,429.44,1.0,426.7,1696701.0,0.0045380116959063965,0.004338011695906397
2023-09-29,Friday,431.16660997918615,430.95,429.23,-1.0,431.49,1951769.0,0.003991182271725235,0.0037911822717252353
2023-10-02,Monday,426.6075101693661,426.69,425.8096,1.0,426.76,787805.0,-0.0020633246619325973,-0.0022633246619325974
2023-10-03,Tuesday,425.1561223321425,425.01,421.199,-1.0,424.9,892394.0,0.008966847838874359,0.008766847838874358
2023-10-04,Wednesday,422.5187531632756,422.6,423.955,1.0,422.81,866822.0,0.0032063416942733625,0.0030063416942733624
2023-10-05,Thursday,424.0949797174234,423.711,422.03,-1.0,423.6,724168.0,0.003967326786418202,0.0037673267864182015
2023-10-06,Friday,421.5800057529175,420.76,428.879,-1.0,421.0,2906462.0,-0.019296035744842843,-0.019496035744842842
2023-10-09,Monday,427.0285320441106,426.81,429.035,-1.0,426.45,868621.0,-0.005213092476746173,-0.0054130924767461725
2023-10-10,Tuesday,432.53367094677935,432.5,436.98,-1.0,432.56,478274.0,-0.010358381502890257,-0.010558381502890258
2023-10-11,Wednesday,435.32364101866796,435.83,434.47,1.0,435.24,928814.0,-0.0031204827570382454,-0.0033204827570382455
2023-10-12,Thursday,437.55523048095887,436.84,436.5371,-1.0,436.75,1324637.0,0.000693388883801771,0.000493388883801771
2023-10-13,Friday,434.0794845226849,434.319,431.33,1.0,434.51,723715.0,-0.006882038317457928,-0.007082038317457928
2023-10-16,Monday,432.85589608982775,432.88,435.955,1.0,433.51,803936.0,0.007103585289225611,0.006903585289225612
2023-10-17,Tuesday,434.3268562023338,434.19,437.265,-1.0,434.09,942420.0,-0.007082152974504208,-0.007282152974504207
2023-10-18,Wednesday,434.5124293667426,434.32,432.51,-1.0,434.2,443374.0,0.004167434149935589,0.00396743414993559
2023-10-19,Thursday,430.5754162402712,430.49,430.0,-1.0,431.2,660521.0,0.0011382378220168299,0.0009382378220168299
2023-10-20,Friday,424.9638779292065,425.09,423.385,1.0,425.19,873877.0,-0.00401091533557596,-0.004210915335575959
2023-10-23,Monday,419.7745775863677,419.93,422.8267,1.0,420.08,709699.0,0.006898054437644463,0.006698054437644463
2023-10-24,Tuesday,423.14841928527414,423.2,423.27,1.0,423.12,702999.0,0.00016540642722118193,-3.459357277881808e-05
2023-10-25,Wednesday,422.7514848191455,422.66,419.53,-1.0,422.29,475419.0,0.0074054795816970165,0.007205479581697017
2023-10-26,Thursday,415.6081717966651,416.03,414.52,1.0,416.05,1139557.0,-0.003629545946205792,-0.0038295459462057923
2023-10-27,Friday,414.01938550843397,414.3,413.4599,1.0,414.07,629939.0,-0.0020277576635288064,-0.0022277576635288065
2023-10-30,Monday,413.1774283536272,413.15,413.985,-1.0,413.0,384666.0,-0.0020210577272177233,-0.0022210577272177233
2023-10-31,Tuesday,416.4863634200952,416.48,416.45,-1.0,416.09,561859.0,7.203227045726734e-05,-0.00012796772954273267
2023-11-01,Wednesday,417.82157370206176,418.39,420.7209,1.0,418.66,947943.0,0.0055711178565454045,0.005371117856545405
2023-11-02,Thursday,426.12852216437307,426.1,428.78,-1.0,426.5,1031629.0,-0.006289603379488362,-0.006489603379488362
2023-11-03,Friday,432.1051952979501,432.61,434.975,1.0,432.41,1988623.0,0.005466817687986847,0.005266817687986847
2023-11-06,Monday,435.33266855553353,435.4,435.565,1.0,435.52,290809.0,0.00037896187413877236,0.00017896187413877235
2023-11-07,Tuesday,434.8557822238781,434.99,436.87,1.0,435.03,437892.0,0.004321938435366324,0.004121938435366324
2023-11-09,Thursday,438.2451350313088,438.33,437.7988,1.0,438.42,386536.0,-0.0012118723336298487,-0.0014118723336298488
2023-11-10,Friday,434.9706844982482,435.24,436.76,1.0,435.39,700920.0,0.003492326072971119,0.003292326072971119
2023-11-13,Monday,440.13189882633867,439.82,440.99,-1.0,439.59,496949.0,-0.00266017916420358,-0.00286017916420358
2023-11-14,Tuesday,444.3581991696754,445.12,448.435,1.0,445.37,1833377.0,0.0074474299065421246,0.007247429906542125
2023-11-15,Wednesday,451.04823047923486,450.52,449.8273,-1.0,450.3,790355.0,0.0015375566012607589,0.0013375566012607588
2023-11-16,Thursday,449.4097831892042,449.4,448.749,-1.0,449.71,809054.0,0.0014485981308409723,0.0012485981308409722
2023-11-17,Friday,451.8287177182085,451.91,450.21,1.0,451.53,575177.0,-0.003761810980062452,-0.003961810980062452
2023-11-22,Wednesday,454.63619967793875,454.74,455.51,1.0,454.59,377336.0,0.0016932752781808613,0.0014932752781808612
2023-11-24,Friday,455.1625218512409,455.23,454.95,1.0,455.2199,122931.0,-0.0006150736990093719,-0.0008150736990093719
2023-11-27,Monday,454.8690795759589,454.82,455.0388,-1.0,454.74,422726.0,-0.00048106943406178715,-0.0006810694340617871
2023-11-28,Tuesday,453.93148409607267,453.88,456.02,-1.0,453.83,269906.0,-0.004714902617431793,-0.004914902617431793
2023-11-29,Wednesday,457.3925305066595,457.18,455.765,-1.0,457.0399,901014.0,0.0030950610262916456,0.0028950610262916455
2023-11-30,Thursday,456.27378763929414,456.12,453.81,-1.0,456.34,425730.0,0.005064456721915245,0.004864456721915245
2023-12-01,Friday,455.8590275179003,455.84,458.33,-1.0,455.83,363040.0,-0.005462442962443026,-0.005662442962443026
2023-12-04,Monday,457.32233418625725,457.24,455.94,-1.0,456.86,1031358.0,0.002843145831510796,0.002643145831510796
2023-12-06,Wednesday,458.3230033912099,458.1,456.76,-1.0,458.17,529426.0,0.0029251255184458147,0.0027251255184458146
2023-12-07,Thursday,455.2971403320334,455.29,458.08,-1.0,455.64,993336.0,-0.006127962397592723,-0.006327962397592723
2023-12-08,Friday,456.5373210810099,456.99,458.24,1.0,457.41,1283892.0,0.0027352896124641646,0.0025352896124641645
2023-12-12,Tuesday,463.2676067608682,462.6,462.59,-1.0,462.73,1059382.0,2.1616947687097543e-05,-0.00017838305231290247
2023-12-13,Wednesday,464.9371092178634,464.1,464.64,-1.0,464.96,315731.0,-0.0011635423400129241,-0.0013635423400129242
2023-12-14,Thursday,471.9254515151043,472.11,472.54,1.0,472.27,1529613.0,0.000910804685348765,0.000710804685348765
2023-12-15,Friday,470.76960173618977,470.52,470.0799,-1.0,469.74,1324514.0,0.0009353481254781304,0.0007353481254781304
2023-12-19,Tuesday,472.98637290945646,473.02,473.91,1.0,472.93,276568.0,0.001881527208152045,0.001681527208152045
2023-12-21,Thursday,471.0355394398342,471.48,470.55,1.0,471.74,1512014.0,-0.0019725120895902615,-0.0021725120895902616
2023-12-22,Friday,472.81641520283694,472.87,474.065,1.0,473.35,667831.0,0.002527121619049666,0.002327121619049666
2024-01-02,Tuesday,472.0548022728782,472.14,473.185,1.0,472.04,709536.0,0.0022133265556827375,0.0020133265556827374
2024-01-04,Thursday,468.98258282107605,468.77,469.72,-1.0,468.62,446625.0,-0.002026580199244954,-0.002226580199244954
2024-01-05,Friday,465.2063625942374,464.97,468.79,-1.0,465.09,1969979.0,-0.008215583801105542,-0.008415583801105542
2024-01-08,Monday,468.2969301114341,468.36,470.8799,1.0,468.23,270805.0,0.005380263045520639,0.005180263045520639
2024-01-11,Thursday,476.3074533549123,477.13,472.6133,1.0,476.39,2727839.0,-0.009466392806991797,-0.009666392806991797
2024-01-12,Friday,476.15312515785763,476.51,475.67,1.0,476.51,687646.0,-0.0017628171496925082,-0.0019628171496925083
2024-01-16,Tuesday,475.1526758771595,475.45,475.23,1.0,475.45,351954.0,-0.00046271952886733914,-0.0006627195288673391
2024-01-17,Wednesday,472.5566928563408,472.9,472.1789,1.0,472.77,614586.0,-0.0015248466906322422,-0.0017248466906322423
2024-01-18,Thursday,474.4074602996825,475.0,474.4687,1.0,474.45,760934.0,-0.0011185263157894587,-0.0013185263157894588
2024-01-19,Friday,479.08643842372123,479.1,478.87,1.0,479.01,744438.0,-0.00048006679190149004,-0.00068006679190149
2024-01-22,Monday,484.1863531964766,484.09,484.07,-1.0,484.04,619772.0,4.131463157674986e-05,-0.00015868536842325015
2024-01-24,Wednesday,487.8595874861045,487.76,488.32,-1.0,487.6,419100.0,-0.0011481056257176547,-0.0013481056257176548
2024-01-25,Thursday,486.3331289642525,486.92,487.61,1.0,487.09,761525.0,0.0014170705660068172,0.0012170705660068172
2024-01-26,Friday,487.4590749175684,487.29,488.74,-1.0,487.4,625280.0,-0.002975640788852596,-0.003175640788852596
2024-01-30,Tuesday,490.3584217657448,490.25,491.32,-1.0,490.3,223934.0,-0.0021825599184088773,-0.0023825599184088774
2024-01-31,Wednesday,489.2322254352178,488.83,486.8399,-1.0,488.57,638477.0,0.004071149479369041,0.0038711494793690405
2024-02-01,Thursday,485.0051162229996,485.08,485.67,1.0,485.3,410372.0,0.0012162942195101945,0.0010162942195101944
2024-02-02,Friday,490.55103031393816,490.01,493.57,-1.0,490.46,2118637.0,-0.007265157853921345,-0.007465157853921344
2024-02-05,Monday,493.1867494598766,493.09,492.14,-1.0,493.04,406641.0,0.0019266259709180833,0.0017266259709180832
2024-02-09,Friday,500.39862840705655,500.2,499.58,-1.0,500.4,698909.0,0.00123950419832064,0.00103950419832064
2024-02-13,Tuesday,496.5698349485243,495.66,495.0899,-1.0,495.69,2330757.0,0.0011501835935924243,0.0009501835935924243
2024-02-14,Wednesday,496.5020903141469,496.4,495.336,-1.0,496.75,442753.0,0.0021434327155519517,0.0019434327155519516
2024-02-15,Thursday,500.04791302017446,500.1001,499.805,1.0,500.32,314704.0,-0.0005900818656104923,-0.0007900818656104922
2024-02-16,Friday,501.5245336212001,500.99,502.21,-1.0,501.19,780159.0,-0.0024351783468732346,-0.0026351783468732347
2024-02-21,Wednesday,495.01742885227486,494.99,495.98,-1.0,495.21,220339.0,-0.0020000404048565734,-0.0022000404048565735
2024-02-22,Thursday,503.77727394785813,504.07,505.245,1.0,504.05,535749.0,0.0023310254528141616,0.0021310254528141615
2024-02-28,Wednesday,505.70867502951813,505.75,506.57,1.0,505.63,298973.0,0.0016213544241225897,0.0014213544241225896
2024-02-29,Thursday,506.49644346636046,507.34,506.65,1.0,507.55,862394.0,-0.0013600346907399752,-0.0015600346907399753
2024-03-06,Wednesday,509.7105936364433,509.83,511.2159,1.0,509.84,452132.0,0.0027183570994253614,0.0025183570994253613
2024-03-08,Friday,515.4837483876155,515.71,514.017,1.0,515.73,975631.0,-0.003282852766089417,-0.003482852766089417
2024-03-12,Tuesday,512.4084602596671,513.73,515.88,1.0,514.09,1723591.0,0.004185077764584433,0.003985077764584433
2024-03-14,Thursday,517.2893503632223,517.26,514.99,-1.0,517.63,672399.0,0.0043885086803541196,0.00418850868035412
2024-03-15,Friday,513.7305699580903,513.92,509.71,1.0,513.56,1226659.0,-0.008191936488169294,-0.008391936488169294
2024-03-22,Friday,521.3856182703768,521.29,521.68,-1.0,521.55,180784.0,-0.0007481440273169326,-0.0009481440273169326
2024-03-26,Tuesday,521.7761727421605,521.55,521.3969,-1.0,521.67,369602.0,0.000293548077844874,9.354807784487401e-05
2024-03-28,Thursday,523.133935674232,522.82,523.59,-1.0,522.84,270832.0,-0.001472782219501978,-0.001672782219501978
2024-04-02,Tuesday,520.1020693032458,519.95,517.1276,-1.0,519.66,1092873.0,0.0054282142513703,0.005228214251370301
2024-04-04,Thursday,521.6305742200552,521.95,523.26,1.0,522.21,807435.0,0.0025098189481749245,0.0023098189481749244
2024-04-05,Friday,513.9184986192321,514.42,519.43,1.0,514.35,1232144.0,0.009739123673263128,0.009539123673263128
2024-04-10,Wednesday,515.1228396861642,514.0,513.3499,-1.0,512.35,3306709.0,0.0012647859922177984,0.0010647859922177983
2024-04-11,Thursday,513.8434697494948,514.4,515.34,1.0,515.12,1000469.0,0.001827371695178881,0.001627371695178881
2024-04-12,Friday,516.2057823605428,516.27,513.4,1.0,515.72,1148738.0,-0.005559106668991065,-0.005759106668991065
2024-04-15,Monday,513.5565801881073,514.76,512.315,1.0,514.48,783386.0,-0.004749786308182347,-0.004949786308182346
2024-04-16,Tuesday,505.252325158264,505.8,504.245,1.0,505.94,578202.0,-0.0030743376828785696,-0.0032743376828785697
2024-04-17,Wednesday,504.95658741289697,505.02,501.73,1.0,505.17,480894.0,-0.006514593481446229,-0.006714593481446229
2024-04-18,Thursday,501.57093465045597,501.57,502.885,-1.0,501.71,493558.0,-0.002621767649580331,-0.002821767649580331
2024-04-19,Friday,500.0302250024436,500.13,497.11,1.0,499.96,930309.0,-0.006038430008197815,-0.0062384300081978145
2024-04-22,Monday,497.3800935963908,497.38,497.39,-1.0,498.13,281087.0,-2.0105352044774705e-05,-0.00022010535204477471
2024-04-23,Tuesday,500.88176241410054,501.03,504.33,1.0,501.4,308136.0,0.006586431950182714,0.006386431950182714
2024-04-24,Wednesday,507.1694174828188,506.91,503.75,-1.0,506.84,480461.0,0.006233848217632398,0.006033848217632399
2024-04-25,Thursday,500.6808095203934,501.03,500.25,1.0,500.09,1154923.0,-0.0015567930064067648,-0.0017567930064067649
2024-04-26,Friday,508.3138293823218,508.14,508.625,-1.0,508.13,791482.0,-0.0009544613689140835,-0.0011544613689140836
2024-04-30,Tuesday,508.12581169204196,508.11,506.61,-1.0,507.85,501860.0,0.002952116667650717,0.002752116667650717
2024-05-01,Wednesday,500.64847149471086,501.0,500.24,1.0,501.06,1177858.0,-0.0015169660678642227,-0.0017169660678642228
2024-05-02,Thursday,503.60879684018636,503.91,502.765,1.0,504.12,520853.0,-0.002272231152388393,-0.0024722311523883932
2024-05-03,Friday,509.94512403121456,510.91,510.485,1.0,510.88,1604979.0,-0.0008318490536494139,-0.001031849053649414
2024-05-06,Monday,513.562907085309,513.61,514.36,1.0,513.611,387589.0,0.0014602519421351712,0.001260251942135171
2024-05-08,Wednesday,515.521132803826,515.43,516.81,-1.0,514.98,312441.0,-0.0026773761713521083,-0.0028773761713521083
2024-05-09,Thursday,517.4980309400567,517.26,518.5,-1.0,517.46,410922.0,-0.002397247032440264,-0.002597247032440264
2024-05-10,Friday,521.8447563600192,521.83,520.365,-1.0,521.5099,220544.0,0.0028074277063412367,0.0026074277063412366
2024-05-13,Monday,521.9863778543025,522.12,521.0404,1.0,522.16,370911.0,-0.0020677238948900722,-0.0022677238948900723
2024-05-14,Tuesday,519.6941213927266,519.98,521.09,1.0,520.44,840015.0,0.002134697488364923,0.0019346974883649227
2024-05-15,Wednesday,526.0462902088138,526.23,527.8812,1.0,525.7,1417008.0,0.0031377914600079215,0.0029377914600079214
2024-05-16,Thursday,530.358942963895,530.22,530.91,-1.0,530.1,273810.0,-0.0013013466108406924,-0.0015013466108406925
2024-05-17,Friday,529.1365228552149,529.18,528.83,1.0,529.17,344769.0,-0.0006614006576211029,-0.0008614006576211029
2024-05-20,Monday,530.1274243132367,530.0,531.0013,-1.0,530.04,215607.0,-0.0018892452830188144,-0.0020892452830188145
2024-05-21,Tuesday,529.7343028646143,529.7,529.97,-1.0,529.69,351770.0,-0.0005097224844250459,-0.0007097224844250458
2024-05-23,Thursday,533.9093268804014,533.94,531.08,1.0,533.78,467600.0,-0.0053564070869386304,-0.00555640708693863
2024-05-29,Wednesday,526.4046587989893,526.22,526.6,-1.0,525.96,313613.0,-0.0007221314279197699,-0.0009221314279197699
2024-05-30,Thursday,524.5311962791997,524.67,523.7,1.0,524.6089,289393.0,-0.0018487811386203035,-0.0020487811386203036
2024-05-31,Friday,523.7233751263732,524.39,519.69,1.0,524.61,716730.0,-0.008962794866416046,-0.009162794866416047
2024-06-07,Friday,533.5206948510064,532.88,535.1989,-1.0,532.65,1318594.0,-0.004351636390932168,-0.004551636390932167
2024-06-12,Wednesday,540.9640759944142,540.77,543.0,-1.0,541.12,1308404.0,-0.0041237494683508125,-0.004323749468350812
2024-06-13,Thursday,543.5056592583387,543.8,541.21,1.0,542.91,472301.0,-0.004762780433982927,-0.004962780433982927
2024-06-20,Thursday,549.9853963053112,549.81,548.36,-1.0,549.72,249635.0,0.002637274694894498,0.002437274694894498
2024-06-21,Friday,544.5377643157543,544.8,545.52,1.0,544.83,631784.0,0.001321585903083733,0.0011215859030837328
2024-06-24,Monday,544.9600715484498,544.66,546.17,-1.0,544.49,213189.0,-0.0027723717548562288,-0.002972371754856229
2024-06-25,Tuesday,543.8187787059189,543.91,544.35,1.0,543.85,287929.0,0.0008089573642700021,0.0006089573642700021
2024-06-28,Friday,548.577564521224,548.49,547.72,-1.0,548.34,408407.0,0.0014038542179437563,0.0012038542179437562
2024-07-02,Tuesday,543.3609094651674,543.29,545.65,-1.0,543.2,171619.0,-0.004343904728598025,-0.0045439047285980244
2024-07-11,Thursday,562.6558954835418,562.83,556.74,1.0,563.11,1199771.0,-0.010820318746335489,-0.01102031874633549
2024-07-12,Friday,556.5917703974895,556.98,560.7693,1.0,556.66,196768.0,0.006803296348163457,0.006603296348163457
2024-07-17,Wednesday,559.7765080766052,559.79,558.42,1.0,559.48,651350.0,-0.0024473463263009476,-0.0026473463263009477
2024-07-18,Thursday,558.4399725422937,558.41,552.94,-1.0,558.55,334168.0,0.009795669848319144,0.009595669848319143
2024-07-22,Monday,552.7877871252936,552.69,551.76,-1.0,552.78,295592.0,0.0016826792596212892,0.001482679259621289
2024-07-24,Wednesday,548.9149933798905,548.71,544.39,-1.0,548.54,429804.0,0.007873011244555528,0.007673011244555528
2024-07-25,Thursday,540.5303450490551,540.8,543.97,1.0,541.43,477058.0,0.00586168639053275,0.00566168639053275
2024-07-26,Friday,543.0540012852009,542.5,544.85,-1.0,542.91,497425.0,-0.004331797235023194,-0.004531797235023193
2024-08-02,Friday,534.7755118229823,533.32,532.18,-1.0,533.7,1968081.0,0.0021375534388361483,0.0019375534388361483
2024-08-05,Monday,508.8193228329535,509.4,520.4201,1.0,510.31,3988624.0,0.021633490380840392,0.021433490380840393
2024-08-06,Tuesday,519.6671684683107,519.65,525.9,-1.0,519.4,766532.0,-0.012027326084864898,-0.012227326084864898
2024-08-07,Wednesday,528.1554798735807,528.25,528.02,1.0,528.4,424279.0,-0.00043539990534791073,-0.0006353999053479107
2024-08-08,Thursday,521.7598855332168,522.15,527.675,1.0,522.75,1768256.0,0.010581250598487024,0.010381250598487024
2024-08-09,Friday,528.9819514057673,528.37,530.302,-1.0,528.63,675360.0,-0.003656528568995343,-0.003856528568995343
2024-08-13,Tuesday,536.1831420515481,536.16,539.0,-1.0,536.51,1373437.0,-0.005296926290659476,-0.005496926290659476
2024-08-14,Wednesday,542.0762318360852,541.57,544.68,-1.0,542.52,854448.0,-0.005742563288217317,-0.005942563288217317
2024-08-15,Thursday,547.0117445048542,547.69,551.61,1.0,548.3308,1497043.0,0.007157333528090559,0.00695733352809056
2024-08-16,Friday,550.8735882809021,550.88,553.35,1.0,550.56,577763.0,0.004483735114725551,0.004283735114725551
2024-08-20,Tuesday,559.7460993034415,559.74,559.29,-1.0,559.66,263969.0,0.0008039446886054513,0.0006039446886054513
2024-08-27,Tuesday,560.0217722016113,559.83,560.68,-1.0,559.72,309096.0,-0.0015183180608397961,-0.0017183180608397962
2024-08-29,Thursday,560.4684346322603,559.98,562.48,-1.0,560.0,401689.0,-0.004464445158755659,-0.0046644451587556585
2024-08-30,Friday,561.325113004053,560.53,559.145,-1.0,560.82,201564.0,0.0024708757782812008,0.0022708757782812007
2024-09-04,Wednesday,549.8786254509266,549.71,551.8499,-1.0,549.86,230880.0,-0.0038927798293646454,-0.004092779829364645
2024-09-05,Thursday,550.5952543018741,550.5,547.49,-1.0,549.91,287741.0,0.005467756584922823,0.005267756584922823
2024-09-06,Friday,547.5319043183299,548.45,540.58,1.0,549.08,1169624.0,-0.014349530495031404,-0.014549530495031405
2024-09-11,Wednesday,546.4533957339403,546.31,544.5,-1.0,547.0,1012300.0,0.003313137229777885,0.003113137229777885
2024-09-12,Thursday,555.8899862773326,555.36,554.5,-1.0,555.03,504869.0,0.001548545087870945,0.001348545087870945
2024-09-17,Tuesday,565.1125112249247,565.1,564.99,-1.0,564.92,304100.0,0.0001946558131304954,-5.3441868695046065e-06
2024-09-19,Thursday,570.45176042336,570.34,570.4,-1.0,570.16,608496.0,-0.00010520040677475251,-0.0003052004067747525
2024-09-20,Friday,568.7894948948093,568.73,566.93,-1.0,568.87,678670.0,0.0031649464596558152,0.002964946459655815
2024-09-27,Friday,573.245030221889,573.38,572.44,1.0,573.74,322749.0,-0.001639401444068378,-0.001839401444068378
2024-10-03,Thursday,568.4722278916581,567.86,568.44,-1.0,567.72,357654.0,-0.0010213785087873628,-0.001221378508787363
2024-10-04,Friday,570.6674729704888,571.01,570.47,1.0,571.81,1419792.0,-0.0009456927199172904,-0.0011456927199172905
2024-10-10,Thursday,576.099584431969,575.78,576.96,-1.0,575.3,927773.0,-0.0020493938657126787,-0.0022493938657126788
2024-10-17,Thursday,585.178321810956,585.3,584.72,1.0,585.54,680190.0,-0.0009909448146248057,-0.0011909448146248057
2024-10-22,Tuesday,581.253575611413,580.99,582.02,-1.0,580.79,704617.0,-0.0017728360212740935,-0.0019728360212740935
2024-10-30,Wednesday,581.7239371592539,581.88,583.105,1.0,581.94,301208.0,0.002105245067711703,0.0019052450677117029
2024-10-31,Thursday,576.6121554403067,576.26,570.94,-1.0,576.22,566211.0,0.009231943914205232,0.009031943914205231
2024-11-01,Friday,571.3296016441248,571.9,573.65,1.0,571.66,1308150.0,0.003059975520195879,0.002859975520195879
2024-11-06,Wednesday,589.7129028602153,589.3,588.78,-1.0,589.48,1003283.0,0.0008824028508399584,0.0006824028508399584
2024-11-07,Thursday,592.3443220399178,592.55,595.135,1.0,592.34,341713.0,0.004362501054763435,0.004162501054763435
2024-11-13,Wednesday,597.4629205960327,598.2,598.07,1.0,598.08,673315.0,-0.00021731862253426826,-0.00041731862253426824
2024-11-14,Thursday,597.4751701824081,597.14,595.6601,-1.0,597.1,279261.0,0.0024783132933648977,0.0022783132933648976
2024-11-18,Monday,585.4266137689317,585.71,588.2805,1.0,585.9,308433.0,0.004388690648955862,0.004188690648955862
2024-11-19,Tuesday,585.7345908640057,585.38,588.829,-1.0,585.35,1184377.0,-0.00589189927910061,-0.006091899279100609
2024-11-21,Thursday,593.393694898214,593.5,591.89,1.0,593.53,417260.0,-0.0027127211457456113,-0.0029127211457456114
2024-11-25,Monday,598.5284980748918,598.65,597.27,1.0,598.85,784673.0,-0.002305186670007564,-0.002505186670007564
2024-12-06,Friday,607.0329263185239,607.46,607.815,1.0,608.0,322141.0,0.000584400618970804,0.000384400618970804
2024-12-11,Wednesday,604.4158949348159,605.03,607.74,1.0,604.95,460500.0,0.004479116738013156,0.004279116738013156
2024-12-12,Thursday,606.258002337695,605.9,605.79,-1.0,605.86,305221.0,0.00018154811024928552,-1.8451889750714488e-05
2024-12-19,Thursday,591.0592590720757,590.88,589.8797,-1.0,591.25,533544.0,0.0016928987273220342,0.001492898727322034
2024-12-20,Friday,581.3425623528946,581.67,594.42,1.0,580.8,1198940.0,0.021919645159626633,0.021719645159626634
2024-12-23,Monday,591.0310187170089,590.72,592.51,-1.0,590.27,507666.0,-0.0030302004333693233,-0.0032302004333693234
2024-12-30,Monday,589.0574925088442,588.21,589.295,-1.0,587.96,712669.0,-0.0018445793169103997,-0.0020445793169103998
2025-01-08,Wednesday,588.9493120076335,588.6,589.43,-1.0,588.28,449820.0,-0.0014101257220522356,-0.0016101257220522357
2025-01-10,Friday,584.6796766858135,583.89,579.095,-1.0,584.54,1166880.0,0.008212163249927129,0.008012163249927129
2025-01-13,Monday,576.918533479592,576.96,576.0,1.0,577.19,538335.0,-0.0016638935108154174,-0.0018638935108154175
2025-01-14,Tuesday,584.9825236859114,584.52,578.77,-1.0,584.47,847841.0,0.009837131321426162,0.009637131321426162
2025-01-15,Wednesday,588.7530964909,590.53,590.0268,1.0,590.93,1875527.0,-0.000852115895890071,-0.001052115895890071
2025-01-16,Thursday,593.1811029078498,593.05,593.5055,-1.0,593.41,431156.0,-0.00076806340106228,-0.00096806340106228
2025-01-17,Friday,596.0477966872822,596.03,598.295,-1.0,595.76,848410.0,-0.003800144288039098,-0.0040001442880390975
2025-01-21,Tuesday,600.0619345433341,600.15,601.38,1.0,600.09,552403.0,0.002049487628092983,0.001849487628092983
2025-01-22,Wednesday,606.0118860001647,606.1101,607.65,1.0,606.0,414478.0,0.00254062751965356,0.00234062751965356
2025-01-27,Monday,595.8222217144597,595.53,596.81,-1.0,595.6,867536.0,-0.0021493459607409005,-0.0023493459607409005
2025-01-29,Wednesday,603.084959886271,603.14,602.29,1.0,603.21,373867.0,-0.0014092913751367897,-0.0016092913751367898
2025-02-03,Monday,593.1281616874445,592.32,597.3399,-1.0,592.29,719451.0,-0.008474979740680455,-0.008674979740680456
2025-02-10,Monday,604.3014110299296,604.3199,604.425,1.0,604.35,297234.0,0.00017391451117187984,-2.6085488828120172e-05
2025-02-12,Wednesday,600.4901772358395,599.21,603.39,-1.0,599.07,1844402.0,-0.00697585153785818,-0.0071758515378581795
2025-02-13,Thursday,603.54421327689,604.201,606.1,1.0,604.37,575344.0,0.003142993805041794,0.0029429938050417937
2025-02-24,Monday,602.9780568136154,603.03,599.97,1.0,603.06,336685.0,-0.0050743744092333065,-0.005274374409233306
2025-02-26,Wednesday,597.5328749239035,597.4,598.01,-1.0,597.35,376065.0,-0.001021091396049556,-0.001221091396049556
2025-02-27,Thursday,597.6155212446547,597.08,592.45,-1.0,597.73,1686463.0,0.007754404769880097,0.007554404769880097
2025-02-28,Friday,586.9564384207945,587.0,587.34,1.0,586.95,480741.0,0.0005792163543441031,0.00037921635434410314
2025-03-03,Monday,596.2634623764748,596.04,593.055,-1.0,595.95,434020.0,0.005008053150795222,0.004808053150795222
2025-03-04,Tuesday,579.8605343329149,580.1,575.985,1.0,580.24,1117933.0,-0.007093604550939547,-0.007293604550939547
2025-03-05,Wednesday,577.4225833203715,577.33,575.89,-1.0,576.99,868187.0,0.00249424072887261,0.0022942407288726097
2025-03-06,Thursday,576.0276422866992,576.52,574.5,1.0,576.85,589251.0,-0.0035037813085408986,-0.0037037813085408987
2025-03-07,Friday,575.4002113581737,574.44,567.1,-1.0,574.25,1551653.0,0.012777661722721323,0.012577661722721322
2025-03-10,Monday,567.5010954006992,567.24,563.84,-1.0,567.8,655816.0,0.005993935547563556,0.005793935547563556
2025-03-11,Tuesday,561.3523955856397,561.215,557.17,-1.0,561.24,656286.0,0.00720757641901959,0.0070075764190195905
2025-03-12,Wednesday,563.9396114461481,562.44,559.12,-1.0,561.72,2911374.0,0.0059028518597540325,0.005702851859754033
2025-03-13,Thursday,558.0695237253094,558.3401,552.4898,1.0,557.88,411297.0,-0.010478022266357079,-0.01067802226635708
2025-03-14,Friday,557.5349903722721,557.29,562.14,-1.0,557.05,367564.0,-0.00870282976547232,-0.00890282976547232
2025-03-17,Monday,561.7985977559971,562.66,563.8142,1.0,563.06,481257.0,0.002051327622365262,0.001851327622365262
2025-03-18,Tuesday,566.004469870079,565.61,559.61,-1.0,565.36,775543.0,0.010608016124184494,0.010408016124184493
2025-03-20,Thursday,564.857450343253,564.87,568.1698,1.0,564.93,510100.0,0.005841698089825931,0.005641698089825931
2025-03-21,Friday,561.8798888226473,561.84,559.44,-1.0,561.1,1400521.0,0.004271678769756426,0.004071678769756427
2025-03-24,Monday,571.2062706120016,571.2,573.8796,-1.0,571.2,613484.0,-0.004691176470588143,-0.004891176470588143
2025-03-26,Wednesday,575.2153998376003,575.4,570.66,1.0,575.36,245712.0,-0.008237747653806027,-0.008437747653806027
2025-03-28,Friday,565.461396926118,565.44,557.93,-1.0,564.61,1084036.0,0.013281692133559897,0.013081692133559896
2025-03-31,Monday,550.3038628679531,550.51,553.32,1.0,550.68,550305.0,0.005104357777333757,0.004904357777333757
2025-04-02,Wednesday,555.382008481087,555.49,562.2836,1.0,555.76,498047.0,0.012229923130929299,0.012029923130929298
2025-04-03,Thursday,545.8426824473589,545.66,543.51,-1.0,545.0,1366871.0,0.0039401825312465055,0.0037401825312465054
2025-04-04,Friday,524.0745567434889,524.27,514.96,1.0,521.5,3787930.0,-0.017758025444904235,-0.017958025444904234
2025-04-07,Monday,496.2494865982878,495.24,499.5,-1.0,494.18,4735309.0,-0.008601889992730705,-0.008801889992730705
2025-04-08,Tuesday,517.6530060204841,517.35,516.77,-1.0,516.95,3673151.0,0.0011210979027738155,0.0009210979027738155
2025-04-09,Wednesday,486.98924793917865,486.72,495.975,-1.0,487.0,3743319.0,-0.019015039447731752,-0.01921503944773175
2025-04-10,Thursday,536.1186917425533,534.93,518.6143,-1.0,533.13,1972586.0,0.030500626250163587,0.03030062625016359
2025-04-11,Friday,527.9719921256338,528.87,526.94,1.0,528.4298,2328718.0,-0.0036492899956510616,-0.0038492899956510617
2025-04-14,Monday,541.7590312626071,542.36,535.7399,1.0,542.68,1029923.0,-0.012206099269857607,-0.012406099269857607
2025-04-15,Tuesday,536.8894895653038,536.85,540.9717,-1.0,537.4,536432.0,-0.007677563565241741,-0.007877563565241741
2025-04-16,Wednesday,533.8045079661149,533.9001,531.71,1.0,533.23,670378.0,-0.004102078272695375,-0.004302078272695375
2025-04-17,Thursday,529.149266384426,529.73,526.76,1.0,529.1,791609.0,-0.0056066297925359,-0.0058066297925358995
2025-04-21,Monday,520.934580923895,521.0,511.0699,1.0,521.4,299418.0,-0.019059692898272473,-0.019259692898272472
2025-04-22,Tuesday,518.5226638666801,518.42,526.17,-1.0,518.4,622567.0,-0.014949268932525683,-0.015149268932525684
2025-04-23,Wednesday,539.7928853609973,540.1,537.43,1.0,540.33,704466.0,-0.004943528976115719,-0.005143528976115718
2025-04-24,Thursday,535.109441258289,535.29,542.76,1.0,536.22,876101.0,0.013955052401501966,0.013755052401501966
2025-04-25,Friday,545.7956784676758,545.9,547.07,1.0,546.0,569821.0,0.0021432496794286937,0.0019432496794286936
2025-04-29,Tuesday,550.5263537675606,550.6,551.73,1.0,550.88,1189892.0,0.0020523065746458347,0.0018523065746458346
2025-04-30,Wednesday,550.127143220734,549.34,549.4869,-1.0,548.11,1560252.0,-0.0002674118032548467,-0.0004674118032548467
2025-05-01,Thursday,560.2053297229967,560.59,560.38,1.0,560.25,563920.0,-0.00037460532653099676,-0.0005746053265309967
2025-05-02,Friday,562.8085320290005,562.9,566.2299,1.0,563.72,1190555.0,0.005915615562267051,0.005715615562267052
2025-05-05,Monday,562.4615055181637,562.39,565.0,-1.0,562.51,250099.0,-0.004640907555255369,-0.004840907555255369
2025-05-06,Tuesday,558.4527188834653,558.33,560.37,-1.0,558.34,504365.0,-0.0036537531567351067,-0.003853753156735107
2025-05-07,Wednesday,560.9097886550411,560.61,559.94,-1.0,560.83,453783.0,0.0011951267369472163,0.0009951267369472162
2025-05-08,Thursday,566.6335371617749,566.08,568.38,-1.0,564.66,976343.0,-0.0040630299604296205,-0.00426302996042962
2025-05-09,Friday,566.4059623884149,566.6,565.55,1.0,566.95,404376.0,-0.0018531591951995718,-0.002053159195199572
2025-05-12,Monday,582.2088276763405,581.89,578.1695,-1.0,581.58,765462.0,0.0063938201378267445,0.006193820137826745
2025-05-13,Tuesday,584.4044420512344,583.87,587.65,-1.0,583.55,468243.0,-0.0064740438796306865,-0.006674043879630686
2025-05-14,Wednesday,588.68575263132,588.29,588.0002,-1.0,588.27,439302.0,0.0004926141868806244,0.00029261418688062443
2025-05-15,Thursday,585.4876090099824,585.68,589.08,1.0,585.69,1198896.0,0.00580521786641186,0.005605217866411861
2025-05-16,Friday,592.2542703463831,592.09,591.045,-1.0,591.71,664395.0,0.0017649343849753807,0.0015649343849753806
2025-05-19,Monday,587.8908089286929,588.05,593.1,1.0,588.28,1341975.0,0.008587705127115264,0.008387705127115263
2025-05-20,Tuesday,593.7768052209738,593.58,593.2098,-1.0,593.38,363797.0,0.0006236733043567533,0.0004236733043567533
2025-05-22,Thursday,580.4366238462121,581.06,584.25,1.0,581.5688,843631.0,0.00548996661274237,0.00528996661274237
2025-05-23,Friday,575.4635507828561,575.78,578.03,1.0,575.33,1629298.0,0.003907742540553594,0.0037077425405535936
2025-05-27,Tuesday,587.250264813264,587.27,588.965,1.0,586.95,780328.0,0.002886236313790924,0.002686236313790924
2025-05-28,Wednesday,591.5062534286127,591.59,589.06,1.0,591.84,336632.0,-0.004276610490373534,-0.004476610490373533
2025-05-29,Thursday,592.8877780911507,592.99,587.19,1.0,592.11,871436.0,-0.00978094065667201,-0.00998094065667201
2025-05-30,Friday,587.928822092391,587.96,587.98,1.0,588.07,644578.0,3.401591945029203e-05,-0.00016598408054970798
2025-06-02,Monday,587.3191501470587,587.29,589.81,-1.0,587.4,811896.0,-0.0042908954690186185,-0.004490895469018618
2025-06-03,Tuesday,592.1579682041255,592.02,595.64,-1.0,591.79,309195.0,-0.006114658288571384,-0.006314658288571384
2025-06-04,Wednesday,596.1181995141878,596.06,596.88,-1.0,596.0,474167.0,-0.0013757004328425193,-0.0015757004328425194
2025-06-05,Thursday,595.8370249207915,596.25,598.7799,1.0,596.54,1584158.0,0.004243018867924553,0.004043018867924553
2025-06-06,Friday,597.0477243993877,597.44,598.6901,1.0,597.58,1049563.0,0.002092427691483545,0.0018924276914835448
2025-06-09,Monday,600.117807360841,600.11,599.85,-1.0,600.12,310949.0,0.0004332539034510585,0.0002332539034510585
2025-06-11,Wednesday,605.0260289131362,605.26,603.58,1.0,605.8,1295449.0,-0.002775666655651987,-0.002975666655651987
2025-06-12,Thursday,598.6486752338941,599.0,602.47,1.0,599.59,922742.0,0.005792988313856551,0.005592988313856551
2025-06-13,Friday,598.693779401578,599.01,601.25,1.0,598.79,750064.0,0.003739503514131659,0.003539503514131659
2025-06-16,Monday,600.9790897012177,600.72,603.1399,-1.0,600.89,527927.0,-0.004028332667465717,-0.004228332667465717
2025-06-17,Tuesday,600.174510297403,600.2,600.705,1.0,600.48,555070.0,0.0008413862045983933,0.0006413862045983933
2025-06-20,Friday,597.032277854592,597.31,594.702,1.0,597.33,1038072.0,-0.004366241984898878,-0.004566241984898877
2025-06-23,Monday,594.2130146081739,594.47,595.86,1.0,594.6601,619169.0,0.0023382172355206343,0.0021382172355206342
2025-06-24,Tuesday,604.3429496651919,604.69,605.755,1.0,604.58,582621.0,0.001761233028493736,0.001561233028493736
2025-06-25,Wednesday,607.850717030263,607.73,606.89,-1.0,607.97,291398.0,0.0013821927500700104,0.0011821927500700103
2025-06-26,Thursday,608.850438437184,608.68,610.53,-1.0,608.86,447813.0,-0.0030393638693566594,-0.0032393638693566595
2025-06-27,Friday,613.7641489209576,613.76,615.902,-1.0,613.74,820709.0,-0.003489963503649829,-0.003689963503649829
2025-06-30,Monday,617.1592084707953,617.13,616.465,-1.0,617.01,508192.0,0.00107756874564513,0.00087756874564513
2025-07-01,Tuesday,616.1624332470827,616.45,616.94,1.0,615.9199,371654.0,0.0007948738746046402,0.0005948738746046402
2025-07-03,Thursday,622.2797834730974,622.41,625.9,1.0,622.13,733228.0,0.005607236387590087,0.005407236387590087
2025-07-07,Monday,624.2043795326837,624.43,621.74,1.0,624.14,371974.0,-0.004307928831093877,-0.0045079288310938765
2025-07-08,Tuesday,621.2165308821765,621.1,621.065,-1.0,621.03,192666.0,5.6351634197371325e-05,-0.00014364836580262868
2025-07-10,Thursday,623.8997837239104,623.839,625.7,-1.0,623.61,282098.0,-0.002983141483619889,-0.003183141483619889
2025-07-11,Friday,622.3748490129399,622.5,623.775,1.0,622.45,434187.0,0.0020481927710842562,0.0018481927710842561
2025-07-14,Monday,622.0777639932437,622.05,623.95,-1.0,622.2,430098.0,-0.0030544168475203914,-0.0032544168475203915
2025-07-15,Tuesday,627.4456240311939,627.52,624.8348,1.0,627.06,511630.0,-0.004279066802651776,-0.004479066802651776
2025-07-16,Wednesday,623.084467200835,623.57,621.96,1.0,623.62,626880.0,-0.0025819074041406598,-0.00278190740414066
2025-07-17,Thursday,624.2933127902933,624.12,627.2147,-1.0,624.64,509780.0,-0.004958501570210938,-0.005158501570210938
2025-07-21,Monday,629.0858674611055,629.13,631.1751,1.0,629.03,352452.0,0.0032506795097992924,0.0030506795097992923
2025-07-22,Tuesday,629.0511852017664,628.99,627.65,-1.0,629.03,286861.0,0.002130399529404303,0.0019303995294043031
2025-07-23,Wednesday,631.2386080487854,631.26,632.065,1.0,631.1,546747.0,0.001275227323131567,0.0010752273231315669
2025-07-24,Thursday,634.2181556627795,634.14,635.54,-1.0,634.05,718796.0,-0.0022077143848360237,-0.0024077143848360238
2025-07-25,Friday,635.4498941040291,635.4999,635.93,1.0,635.5408,582780.0,0.0006767900356867695,0.00047679003568676956
2025-07-28,Monday,638.2005136907236,638.24,637.39,1.0,638.35,625495.0,-0.0013317874153924159,-0.001531787415392416
2025-07-30,Wednesday,635.9133672517187,635.63,636.175,-1.0,636.03,381128.0,-0.0008574170508000023,-0.0010574170508000024
2025-07-31,Thursday,640.1786596989846,640.21,637.54,1.0,640.43,631257.0,-0.0041705065525375895,-0.004370506552537589
2025-08-01,Friday,626.044444487983,625.89,624.0,-1.0,626.74,1628917.0,0.003019699947275023,0.002819699947275023
2025-08-04,Monday,625.7527592407838,625.62,629.87,-1.0,625.67,367986.0,-0.006793261085003666,-0.006993261085003665
2025-08-05,Tuesday,631.9910644739506,632.12,628.09,1.0,632.01,557703.0,-0.006375371764854698,-0.006575371764854698
2025-08-07,Thursday,636.512509816225,636.66,631.8946,1.0,636.35,537533.0,-0.007484999842930273,-0.007684999842930273
2025-08-08,Friday,633.8125917222748,633.69,636.36,-1.0,633.77,185930.0,-0.004213416654831104,-0.004413416654831103
2025-08-12,Tuesday,638.1435823194503,639.16,641.23,1.0,639.25,1402534.0,0.0032386256962264603,0.0030386256962264603
2025-08-14,Thursday,642.8491821928371,641.78,644.07,-1.0,641.97,1804368.0,-0.0035682009411326376,-0.0037682009411326377
2025-08-15,Friday,646.0177992252425,646.0001,643.415,-1.0,646.0,417440.0,0.0040017021669191966,0.0038017021669191965
2025-08-18,Monday,642.8036027306027,642.7,642.7301,-1.0,642.71,367311.0,-4.6833670452661735e-05,-0.0002468336704526617
2025-08-20,Wednesday,639.0359054909709,639.0,635.15,-1.0,638.87,314467.0,0.006025039123630727,0.005825039123630727
2025-08-21,Thursday,636.0060229498214,636.1399,635.58,1.0,635.8,336485.0,-0.0008801523061200411,-0.0010801523061200412
2025-08-22,Friday,637.459236115674,637.08,645.41,-1.0,637.2216,345577.0,-0.013075280969422787,-0.013275280969422787
2025-08-25,Monday,643.2572148398549,643.32,644.97,1.0,643.27,309192.0,0.0025648199962693408,0.0023648199962693407
2025-08-28,Thursday,647.0429264671012,647.11,647.02,1.0,647.29,592102.0,-0.00013907990913453183,-0.0003390799091345318
2025-09-02,Tuesday,638.5403915567837,638.78,635.21,1.0,638.27,753380.0,-0.005588778609223688,-0.005788778609223688
2025-09-03,Wednesday,642.502204404166,642.45,642.375,-1.0,642.6,499354.0,0.0001167406023815376,-8.32593976184624e-05
2025-09-04,Thursday,644.2998864498203,644.08,646.175,-1.0,644.21,339639.0,-0.00325270152776036,-0.00345270152776036
2025-09-05,Friday,650.0357638453693,651.07,645.67,1.0,650.6,1235743.0,-0.008294039043420964,-0.008494039043420965
2025-09-10,Wednesday,653.6012909571446,653.97,653.305,1.0,653.77,637351.0,-0.0010168662171048393,-0.0012168662171048394
2025-09-11,Thursday,653.48341386479,652.99,657.21,-1.0,652.73,524535.0,-0.006462579825112114,-0.006662579825112113
2025-09-15,Monday,659.0936809246778,659.14,660.62,1.0,659.04,319161.0,0.0022453500015171546,0.0020453500015171545
2025-09-18,Thursday,664.0194256819777,663.81,662.5999,-1.0,663.6,886563.0,0.0018229613895540675,0.0016229613895540674
2025-09-19,Friday,662.0549484208086,661.9207,661.6,-1.0,661.99,533604.0,0.0004844991250462227,0.00028449912504622274
2025-09-23,Tuesday,666.6109129710941,666.68,665.55,1.0,666.64,145829.0,-0.001694966100677986,-0.001894966100677986
2025-09-25,Thursday,658.533671142489,658.36,658.945,-1.0,658.41,813413.0,-0.0008885716021629353,-0.0010885716021629354
2025-09-26,Friday,659.9421068015059,660.3291,658.67,1.0,660.88,740885.0,-0.0025125350374534117,-0.0027125350374534118
2025-09-29,Monday,665.0693234185817,665.12,663.31,1.0,665.24,482758.0,-0.0027213134471976153,-0.0029213134471976153
2025-09-30,Tuesday,662.7698520489407,662.73,663.0,-1.0,663.18,292114.0,-0.00040740573084052656,-0.0006074057308405265
2025-10-01,Wednesday,663.4234979445374,663.4,666.975,-1.0,663.79,353298.0,-0.005388905637624397,-0.005588905637624397
2025-10-06,Monday,671.5233130748632,671.5294,671.81,1.0,671.36,302222.0,0.0004178521446713823,0.0002178521446713823
2025-10-07,Tuesday,672.0215595075213,672.12,668.25,1.0,672.11,395072.0,-0.005757900374933067,-0.005957900374933067
2025-10-08,Wednesday,669.7945233942896,669.71,672.77,-1.0,669.97,182375.0,-0.004569141867375448,-0.004769141867375448
2025-10-10,Friday,672.1441058123642,672.12,661.85,-1.0,671.9795,267553.0,0.015280009522109173,0.015080009522109172
2025-10-13,Monday,660.7156288633379,660.9,662.97,1.0,661.06,1111559.0,0.0031320926009987815,0.0029320926009987814
2025-10-14,Tuesday,657.1378006592129,656.81,662.385,-1.0,656.43,958826.0,-0.00848799500616626,-0.00868799500616626
2025-10-15,Wednesday,667.0734566048365,666.96,665.2,-1.0,666.97,485664.0,0.0026388389108792376,0.0024388389108792375
2025-10-16,Thursday,667.5273254017661,667.61,664.52,1.0,667.96,422517.0,-0.004628450742199863,-0.004828450742199863
2025-10-17,Friday,660.4323995971489,660.52,661.71,1.0,660.98,865907.0,0.0018016108520559904,0.0016016108520559903
2025-10-20,Monday,666.5278832895348,666.59,670.55,1.0,666.6,743883.0,0.005940683178565331,0.005740683178565332
2025-10-22,Wednesday,671.8788707660523,671.83,669.01,-1.0,671.64,225682.0,0.004197490436568807,0.003997490436568807
2025-10-23,Thursday,666.5396164774819,666.41,670.25,-1.0,666.21,554207.0,-0.0057622184541048505,-0.00596221845410485
2025-10-24,Friday,676.4977013988749,676.41,677.945,-1.0,676.05,876883.0,-0.0022693336881478565,-0.0024693336881478566
2025-10-29,Wednesday,688.5736040661066,688.5,688.05,-1.0,688.49,277457.0,0.0006535947712419388,0.0004535947712419388
2025-10-30,Thursday,684.891673460811,685.2,683.38,1.0,685.01,690312.0,-0.002656158785756091,-0.002856158785756091
2025-10-31,Friday,686.1448121338716,685.84,682.19,-1.0,685.58,706168.0,0.005321940977487394,0.005121940977487394
2025-11-03,Monday,684.190091639581,684.39,683.41,1.0,684.09,659872.0,-0.0014319320855068485,-0.0016319320855068486
2025-11-04,Tuesday,675.6119453041601,675.63,678.19,1.0,675.6586,543084.0,0.0037890561401952016,0.0035890561401952016
2025-11-05,Wednesday,675.181685358802,675.11,679.38,-1.0,675.53,459761.0,-0.006324895202263203,-0.006524895202263203
2025-11-06,Thursday,679.3934061047669,679.5,669.24,1.0,679.28,534524.0,-0.015099337748344377,-0.015299337748344377
2025-11-07,Friday,667.6893311675084,667.6489,661.975,-1.0,667.57,760214.0,0.008498328986986992,0.008298328986986991
2025-11-10,Monday,677.4068007383756,677.58,676.63,1.0,677.44,664371.0,-0.0014020484666017463,-0.0016020484666017464
2025-11-11,Tuesday,679.7456932145329,679.96,679.76,1.0,679.92,322420.0,-0.0002941349491146772,-0.0004941349491146772
2025-11-12,Wednesday,685.1242972802254,685.25,681.76,1.0,685.24,167313.0,-0.005093031740240783,-0.005293031740240783
2025-11-13,Thursday,681.6235635422601,681.15,675.19,-1.0,681.09,680699.0,0.00874990824341182,0.008549908243411819
2025-11-14,Friday,664.8641558179137,664.45,674.74,-1.0,664.29,890193.0,-0.015486492587854617,-0.015686492587854615
2025-11-17,Monday,671.0407220580964,670.89,672.95,-1.0,670.62,633792.0,-0.003070548077926505,-0.003270548077926505
2025-11-18,Tuesday,662.7580318256445,662.56,661.17,-1.0,662.45,546569.0,0.002097923206954788,0.001897923206954788
2025-11-19,Wednesday,662.4526403814905,662.08,662.515,-1.0,662.16,470138.0,-0.000657020299661637,-0.000857020299661637
2025-11-20,Thursday,672.2754778554095,672.07,660.2,-1.0,671.98,816552.0,0.017661850700075865,0.017461850700075866
2025-11-21,Friday,655.4196310997099,655.94,660.64,1.0,656.09,789096.0,0.007165289508186623,0.006965289508186623
2025-11-24,Monday,663.3522756797705,663.28,667.465,-1.0,663.07,598345.0,-0.006309552526836404,-0.0065095525268364035
2025-11-25,Tuesday,669.5765775445722,669.01,671.72,-1.0,668.95,463401.0,-0.004050761573070716,-0.0042507615730707155
2025-11-26,Wednesday,677.0253987314674,677.344,681.3599,1.0,677.23,391865.0,0.005928892852081091,0.005728892852081092
2025-11-28,Friday,681.3156464952992,681.57,682.755,1.0,681.7,382855.0,0.0017386328623618663,0.0015386328623618662
2025-12-01,Monday,678.8225587281639,678.84,681.925,1.0,678.81,380505.0,0.00454451711743542,0.004344517117435421
2025-12-02,Tuesday,681.8973633837717,681.87,680.56,-1.0,682.16,326991.0,0.0019211873230968735,0.0017211873230968734
2025-12-03,Wednesday,683.4028177744586,683.48,682.21,1.0,683.6,1378910.0,-0.0018581377655527698,-0.00205813776555277
2025-12-04,Thursday,684.328930627554,684.25,684.42,-1.0,684.26,474793.0,-0.0002484472049688602,-0.0004484472049688602
2025-12-05,Friday,685.272317398208,685.02,686.02,-1.0,684.49,515879.0,-0.00145981139236806,-0.00165981139236806
2025-12-08,Monday,686.6626360298369,686.68,683.3882,1.0,686.62,306769.0,-0.004793790411836585,-0.0049937904118365845
2025-12-09,Tuesday,683.4533274556062,683.23,684.97,-1.0,683.4,398308.0,-0.00254672657816557,-0.0027467265781655702
2025-12-10,Wednesday,683.4160125136293,683.07,683.6,-1.0,683.1758,255963.0,-0.0007759087648411267,-0.0009759087648411267
2025-12-11,Thursday,685.0884601360967,684.96,685.5,-1.0,684.82,364877.0,-0.0007883672039241674,-0.0009883672039241675
2025-12-12,Friday,688.8012624327407,688.63,680.5994,-1.0,688.67,481978.0,0.01166170512466791,0.011461705124667909
2025-12-15,Monday,685.0583759107375,684.9499,680.88,-1.0,685.05,461149.0,0.005941894436366724,0.005741894436366724
2025-12-16,Tuesday,681.6346408912224,681.02,678.28,-1.0,680.528,900929.0,0.004023376699656356,0.0038233766996563557
2025-12-17,Wednesday,680.5459726502671,680.4,674.23,-1.0,680.17,369271.0,0.009068195179306238,0.008868195179306237
2025-12-18,Thursday,675.8645174033257,675.28,679.56,-1.0,676.41,987893.0,-0.0063381115981517855,-0.006538111598151785
2025-12-19,Friday,675.3585429182157,675.441,679.695,1.0,675.77,528511.0,0.006298107458682534,0.006098107458682534
2025-12-22,Monday,683.5839226540114,683.47,684.95,-1.0,683.31,439339.0,-0.002165420574421706,-0.002365420574421706
2025-12-23,Tuesday,684.5659752618212,684.24,686.89,-1.0,683.63,490029.0,-0.003872910090026771,-0.004072910090026771
2025-12-24,Wednesday,688.0809949992187,688.0,690.37,-1.0,688.13,206969.0,-0.003444767441860508,-0.003644767441860508
2025-12-26,Friday,690.5244531551214,690.57,689.99,1.0,690.71,265406.0,-0.0008398858913651885,-0.0010398858913651886
2025-12-29,Monday,688.291834557469,688.32,687.08,1.0,688.14,614388.0,-0.0018014876801487612,-0.0020014876801487612
2025-12-30,Tuesday,687.6296840827168,687.6364,687.23,1.0,687.35,191510.0,-0.0005910100163399878,-0.0007910100163399878
2025-12-31,Wednesday,686.5296921171058,686.5,685.35,-1.0,686.7108,461121.0,0.0016751638747268816,0.0014751638747268815
2026-01-02,Friday,685.6727832490191,685.6112,681.158,-1.0,685.67,558580.0,0.006495226449042879,0.006295226449042879
2026-01-05,Monday,684.8563003538308,684.99,688.91,1.0,684.97,441853.0,0.005722711280456538,0.005522711280456539
2026-01-06,Tuesday,687.8135556634533,687.9525,689.43,1.0,687.85,363415.0,0.002147677346909793,0.001947677346909793
2026-01-07,Wednesday,692.041045181036,691.8967,693.505,-1.0,692.17,278867.0,-0.0023244799404305017,-0.0025244799404305017
2026-01-08,Thursday,689.0603908029262,688.99,689.9,-1.0,689.02,268267.0,-0.0013207738864133844,-0.0015207738864133845
2026-01-09,Friday,691.4398231993754,692.18,693.89,1.0,691.96,845368.0,0.002470455661822024,0.002270455661822024
2026-01-12,Monday,690.5564345033641,690.53,694.56,-1.0,690.56,359498.0,-0.005836096911068234,-0.006036096911068233
2026-01-13,Tuesday,696.6265289137011,696.81,694.92,1.0,695.93,795248.0,-0.0027123606148017343,-0.0029123606148017344
2026-01-14,Wednesday,691.3091353928681,691.0299,686.59,-1.0,691.08,430114.0,0.006425047599242784,0.006225047599242784
2026-01-15,Thursday,693.4626164204034,693.6007,695.03,1.0,693.52,630949.0,0.002060695728824946,0.001860695728824946
2026-01-16,Friday,693.4727143596879,693.2,692.665,-1.0,693.05,447479.0,0.0007717830351992028,0.0005717830351992028
2026-01-20,Tuesday,681.200795205518,681.03,683.69,-1.0,681.15,1127251.0,-0.003905848494192732,-0.0041058484941927315
2026-01-21,Wednesday,676.305979436839,676.34,680.045,1.0,676.49,2861231.0,0.0054780140166188485,0.005278014016618849
2026-01-22,Thursday,689.1948601233701,689.4,689.715,1.0,689.31,480804.0,0.00045691906005229654,0.00025691906005229656
2026-01-23,Friday,687.6728349200253,687.58,689.7481,-1.0,687.8398,481819.0,-0.0031532330783325957,-0.003353233078332596
2026-01-26,Monday,689.0359750834339,688.92,693.12,-1.0,688.82,409663.0,-0.006096498867793176,-0.006296498867793176
2026-01-27,Tuesday,694.3337656351948,694.4593,696.01,1.0,694.58,210068.0,0.0022329602325146247,0.0020329602325146246
2026-01-28,Wednesday,696.8580622144026,696.88,694.7218,1.0,696.7204,405984.0,-0.0030969463896222127,-0.0032969463896222128
2026-01-29,Thursday,696.9409839999105,697.14,688.705,1.0,697.08,463771.0,-0.0120994348337492,-0.012299434833749201
2026-01-30,Friday,690.6222275743435,690.78,690.67,1.0,690.7,706487.0,-0.00015924027910485528,-0.00035924027910485526
2026-02-02,Monday,688.5224531842186,688.31,695.75,-1.0,688.83,385582.0,-0.01080908311661899,-0.01100908311661899
2026-02-03,Tuesday,697.2280219109895,697.04,690.64,-1.0,697.08,454859.0,0.009181682543326075,0.008981682543326075
2026-02-04,Wednesday,690.7110143051395,690.58,686.59,-1.0,690.55,577001.0,0.005777752034521688,0.0055777520345216885
2026-02-05,Thursday,682.4789088281678,683.14,681.24,1.0,682.44,840410.0,-0.0027812747021107587,-0.0029812747021107588
2026-02-06,Friday,681.951317914409,681.74,687.46,-1.0,681.81,496719.0,-0.008390295420541705,-0.008590295420541705
2026-02-09,Monday,690.4382079594316,690.3,695.39,-1.0,690.29,346785.0,-0.007373605678690387,-0.007573605678690387
2026-02-10,Tuesday,693.835516527505,693.83,694.77,-1.0,693.92,371458.0,-0.0013547987259125982,-0.0015547987259125983
2026-02-11,Wednesday,694.7539785843618,695.19,692.05,1.0,695.25,792828.0,-0.004516750816323745,-0.004716750816323744
2026-02-12,Thursday,694.2226217279725,694.29,684.64,1.0,694.7,397318.0,-0.013899091157873467,-0.014099091157873467
2026-02-13,Friday,681.8780138660087,681.8,684.75,-1.0,681.75,977937.0,-0.004326782047521238,-0.004526782047521238
2026-02-17,Tuesday,678.9687455076412,678.8,682.46,-1.0,678.82,692322.0,-0.005391868002357247,-0.005591868002357247
2026-02-18,Wednesday,685.6621387426933,685.5,687.53,-1.0,685.0919,417932.0,-0.0029613420860685746,-0.0031613420860685747
2026-02-19,Thursday,683.676273256582,684.11,683.525,1.0,684.27,339860.0,-0.0008551256376898575,-0.0010551256376898576
2026-02-20,Friday,683.3629807468006,683.26,688.57,-1.0,682.96,678147.0,-0.00777156572900517,-0.00797156572900517
2026-02-23,Monday,686.5560891944328,686.54,681.96,-1.0,686.86,306832.0,0.006671133510064875,0.006471133510064875
2026-02-24,Tuesday,682.963130527274,682.72,686.47,-1.0,682.5869,599288.0,-0.005492734942582622,-0.005692734942582622
2026-02-25,Wednesday,689.4518094082476,689.5,692.04,1.0,689.5,565264.0,0.0036838288614937653,0.0034838288614937652
2026-02-26,Thursday,693.8943345673534,693.88,686.25,-1.0,693.91,390491.0,0.01099613766069063,0.01079613766069063
2026-02-27,Friday,683.3284299278457,683.14,684.87,-1.0,683.1,836879.0,-0.00253242380771157,-0.0027324238077115703
2026-03-02,Monday,679.6416646331415,679.59,686.235,-1.0,679.42,690251.0,-0.00977795435483153,-0.009977954354831531
2026-03-03,Tuesday,675.2773231522923,674.95,677.56,-1.0,675.01,1256070.0,-0.0038669531076374053,-0.004066953107637405
2026-03-04,Wednesday,682.4049562711017,682.15,685.78,-1.0,682.55,793181.0,-0.005321410247013159,-0.005521410247013158
2026-03-05,Thursday,683.4937148537398,682.98,681.06,-1.0,682.84,772182.0,0.0028112096986735446,0.0026112096986735446
2026-03-06,Friday,676.2321431614234,676.88,674.97,1.0,675.49,2499739.0,-0.0028217704763029428,-0.003021770476302943
2026-03-09,Monday,666.6542493490617,665.98,669.44,-1.0,665.565,808667.0,-0.005195351211748189,-0.005395351211748189
2026-03-10,Tuesday,675.542535024692,676.38,681.37,1.0,676.14,550494.0,0.007377509683905492,0.0071775096839054925
2026-03-11,Wednesday,676.2607746545958,676.0,674.2018,-1.0,676.05,579007.0,0.0026600591715975064,0.0024600591715975063
2026-03-12,Thursday,671.8816637173695,671.78,669.2999,-1.0,671.4,956007.0,0.0036918336360117765,0.0034918336360117764
2026-03-13,Friday,669.2995503699874,668.83,663.38,-1.0,669.06,1089786.0,0.00814855792951874,0.00794855792951874
2026-03-16,Monday,668.447866526521,668.4,668.47,-1.0,668.47,986172.0,-0.00010472770795932895,-0.00030472770795932894
2026-03-17,Tuesday,670.7490084558809,670.6,671.01,-1.0,670.84,629636.0,-0.0006113927825828203,-0.0008113927825828202
2026-03-18,Wednesday,669.7381396455239,669.4,667.04,-1.0,669.98,1975642.0,0.0035255452644159524,0.0033255452644159523
2026-03-19,Thursday,657.6808694710412,658.03,657.925,1.0,657.4,1091667.0,-0.00015956719298515498,-0.00035956719298515496
2026-03-20,Friday,656.2569589390974,656.17,652.945,-1.0,655.7684,724219.0,0.004914884862154523,0.004714884862154523
2026-03-23,Monday,658.0310992428589,657.97,656.01,-1.0,657.9762,2542228.0,0.002978859218505492,0.0027788592185054918
2026-03-24,Tuesday,653.4658532440686,653.05,655.04,-1.0,652.5,1025311.0,-0.003047239874435448,-0.003247239874435448
2026-03-25,Wednesday,656.9872884627875,657.6,657.0,1.0,658.43,841694.0,-0.0009124087591241281,-0.0011124087591241282
2026-03-26,Thursday,650.9762195186075,650.38,651.52,-1.0,650.89,596780.0,-0.001752821427473128,-0.001952821427473128
2026-03-27,Friday,642.6909777873793,642.23,640.28,-1.0,642.54,813420.0,0.003036295408187173,0.002836295408187173
2026-03-30,Monday,639.6574299989737,639.72,637.34,1.0,639.6861,684795.0,-0.0037203776652284803,-0.00392037766522848
2026-03-31,Tuesday,639.3181657800926,640.03,639.79,1.0,639.5,713669.0,-0.0003749824226989551,-0.0005749824226989551
2026-04-01,Wednesday,654.6666115344476,654.71,657.82,1.0,653.91,3377655.0,0.004750194742710434,0.004550194742710434
2026-04-02,Thursday,645.3999088071901,645.61,654.0,1.0,645.6,535897.0,0.01299546165641785,0.01279546165641785
2026-04-06,Monday,656.5541973678585,656.81,657.85,1.0,656.65,483022.0,0.0015834107276078146,0.0013834107276078146
2026-04-07,Tuesday,656.1299719792007,656.04,653.81,-1.0,655.98,616414.0,0.0033991829766477633,0.003199182976647763
2026-04-08,Wednesday,676.7077851163699,676.78,674.89,1.0,676.4799,1052644.0,-0.0027926357161854876,-0.0029926357161854877
2026-04-09,Thursday,673.9591062818401,674.19,678.83,1.0,674.02,576402.0,0.0068823328735223566,0.006682332873522357
2026-04-10,Friday,681.5455378490593,681.02,679.46,-1.0,681.21,228229.0,0.00229068162462176,0.0020906816246217597
2026-04-13,Monday,675.2466267355219,675.45,679.48,1.0,675.41,578489.0,0.005966392775186957,0.0057663927751869576
2026-04-14,Tuesday,688.1821833372843,688.05,692.86,-1.0,688.09,309127.0,-0.006990771019548037,-0.007190771019548036
2026-04-16,Thursday,700.9633718496154,701.01,702.22,1.0,700.9699,229720.0,0.0017260809403576438,0.0015260809403576437
2026-04-17,Friday,705.6474832153251,705.51,710.74,-1.0,705.36,2042409.0,-0.0074130770648184185,-0.007613077064818418
2026-04-20,Monday,707.2156797959458,707.4,707.5992,1.0,707.14,474327.0,0.00028159457167098445,8.159457167098444e-05
2026-04-21,Tuesday,711.396702424982,711.39,706.72,-1.0,710.48,480995.0,0.006564612940862191,0.0063646129408621915
2026-04-22,Wednesday,708.8838890834096,708.48,709.64,-1.0,708.6,567434.0,-0.001637308039746932,-0.001837308039746932
2026-04-23,Thursday,710.2318353549747,709.95,711.105,-1.0,710.04,888050.0,-0.0016268751320516195,-0.0018268751320516196
2026-04-24,Friday,711.5900261209212,711.38,713.77,-1.0,711.02,500309.0,-0.0033596671258679933,-0.0035596671258679934
2026-04-27,Monday,713.4819999307324,713.53,713.4,1.0,713.35,349413.0,-0.00018219275994002526,-0.00038219275994002524
2026-04-28,Tuesday,709.7188671728642,710.12,709.98,1.0,710.2,594502.0,-0.00019714977750240337,-0.00039714977750240335
2026-04-29,Wednesday,711.1839852194852,711.307,710.04,1.0,711.4,256301.0,-0.0017812280773281675,-0.0019812280773281675
2026-04-30,Thursday,715.0482732455978,714.73,714.6,-1.0,714.85,414435.0,0.00018188686636910756,-1.811313363089245e-05
2026-05-01,Friday,721.2594123964633,721.2,723.385,-1.0,721.18,321313.0,-0.0030296727676095703,-0.0032296727676095704
2026-05-04,Monday,720.0377172740401,719.88,717.5898,-1.0,720.3,555047.0,0.0031813635605935087,0.0029813635605935086
2026-05-05,Tuesday,721.5293483631871,721.45,723.04,-1.0,721.29,344395.0,-0.002203894933813677,-0.002403894933813677
2026-05-06,Wednesday,729.2665643604435,729.34,731.64,1.0,729.35,525958.0,0.0031535360737104945,0.0029535360737104944
2026-05-07,Thursday,735.1113562879808,735.27,733.9799,1.0,735.23,253412.0,-0.0017545935506684263,-0.0019545935506684264
2026-05-08,Friday,735.8416910305797,736.42,736.89,1.0,736.06,486436.0,0.0006382227533201501,0.0004382227533201501
2026-05-12,Tuesday,735.9535721164912,736.39,732.49,1.0,736.95,329905.0,-0.005296106682600277,-0.005496106682600276
2026-05-13,Wednesday,738.149276027925,738.0,739.74,-1.0,737.52,601382.0,-0.0023577235772358485,-0.0025577235772358486
2026-05-14,Thursday,745.0934579359672,745.07,749.265,-1.0,744.95,222792.0,-0.0056303434576616684,-0.005830343457661668
2026-05-15,Friday,739.3466930593047,739.33,740.2799,-1.0,739.1,645903.0,-0.0012848119243098477,-0.0014848119243098478
2026-05-18,Monday,738.3906071206202,739.17,736.28,1.0,739.1171,631859.0,-0.0039097907112031205,-0.00410979071120312
2026-05-19,Tuesday,735.711991542362,735.94,732.99,1.0,736.15,309329.0,-0.004008478952088557,-0.004208478952088556
2026-05-20,Wednesday,737.3962676757639,737.55,740.24,1.0,737.14,340090.0,0.0036472103586198124,0.0034472103586198123
2026-05-21,Thursday,739.2636126294452,739.41,739.3,1.0,739.39,270203.0,-0.0001487672603832646,-0.0003487672603832646
2026-05-22,Friday,745.7813516100884,745.92,747.61,1.0,746.08,505607.0,0.0022656585156586306,0.0020656585156586305
2026-05-26,Tuesday,751.0681384694443,751.05,748.93,-1.0,751.07,295337.0,0.002822714865854503,0.002622714865854503
2026-05-27,Wednesday,753.1456944422075,752.67,749.105,-1.0,752.75,344342.0,0.0047364714948117115,0.004536471494811712
2026-05-29,Friday,755.7495820581088,755.57,756.42,-1.0,755.5,229190.0,-0.0011249784930580375,-0.0013249784930580376
2026-06-01,Monday,757.8912339208402,757.94,756.715,1.0,758.11,771710.0,-0.0016162229200200606,-0.0018162229200200607
2026-06-02,Tuesday,757.1038737469854,757.18,759.69,1.0,757.17,233892.0,0.003314931720330927,0.003114931720330927
2026-06-03,Wednesday,758.2430381264201,758.06,755.2,-1.0,757.8,226578.0,0.0037727884336330453,0.003572788433633045
2026-06-04,Thursday,751.8394939693131,751.77,755.34,-1.0,752.0,625871.0,-0.004748792848876748,-0.004948792848876748
2026-06-05,Friday,753.1941250990177,752.68,746.58,-1.0,752.9,637103.0,0.008104373704628687,0.007904373704628686
2026-06-08,Monday,743.6920617205856,743.73,742.765,1.0,743.62,535234.0,-0.0012975138827262533,-0.0014975138827262534
2026-06-09,Tuesday,742.7848657400996,743.1365,729.06,1.0,742.92,255662.0,-0.018942011326317565,-0.019142011326317564
2026-06-10,Wednesday,733.0801430564509,732.72,731.95,-1.0,733.2191,605663.0,0.0010508789169123567,0.0008508789169123567
2026-06-11,Thursday,728.1897844732545,727.77,728.1,-1.0,728.06,657740.0,-0.0004534399604270156,-0.0006534399604270156
2026-06-12,Friday,740.8874324269808,740.73,738.89,-1.0,740.09,585165.0,0.0024840360185223176,0.0022840360185223175
2026-06-15,Monday,750.9632662828814,750.9,756.14,-1.0,751.0265,398838.0,-0.006978292715408285,-0.007178292715408285
2026-06-16,Tuesday,754.3521447782421,754.4,752.75,1.0,754.34,191708.0,-0.00218716861081647,-0.00238716861081647
2026-06-17,Wednesday,751.1414121205646,751.14,750.62,-1.0,750.87,179640.0,0.0006922810661128542,0.0004922810661128542
2026-06-18,Thursday,745.6589095908972,745.83,746.2501,1.0,745.6,453957.0,0.0005632650872182676,0.00036326508721826764
2026-06-22,Monday,747.7789079580178,747.92,744.61,1.0,747.78,212377.0,-0.004425607016793176,-0.004625607016793176
2026-06-23,Tuesday,734.2807066445257,733.89,735.97,-1.0,734.0,422071.0,-0.0028342122116393753,-0.0030342122116393754
2026-06-24,Wednesday,736.7302445900538,736.12,738.34,-1.0,736.11,385028.0,-0.0030158126392436646,-0.0032158126392436647
2026-06-25,Thursday,739.1406038734909,739.21,734.14,1.0,739.1217,330897.0,-0.00685867344868174,-0.00705867344868174
2026-06-26,Friday,730.3541135982749,729.9891,735.4,-1.0,729.4904,352204.0,-0.007412302457666886,-0.007612302457666886
2026-06-29,Monday,737.1910237689646,737.39,738.51,1.0,736.84,429481.0,0.0015188706112099215,0.0013188706112099214
2026-06-30,Tuesday,740.677427364121,740.79,745.79,1.0,741.11,274469.0,0.006749551154848099,0.006549551154848099
2026-07-01,Wednesday,745.0626755033688,744.69,748.79,-1.0,744.46,246092.0,-0.0055056466449125985,-0.005705646644912598
2026-07-02,Thursday,748.6203485697081,749.3387,744.645,1.0,749.07,532009.0,-0.0062637896588019215,-0.006463789658801921
2026-07-06,Monday,748.0404728202689,748.13,750.84,1.0,748.35,204708.0,0.003622365096975111,0.003422365096975111
2026-07-07,Tuesday,750.4216651241262,750.4404,747.36,1.0,750.629,173987.0,-0.004104789667507158,-0.004304789667507158
2026-07-08,Wednesday,743.519273946745,743.35,740.64,-1.0,743.6,522812.0,0.0036456581690993417,0.0034456581690993416
2026-07-09,Thursday,747.804076308005,748.06,749.87,1.0,748.0,232864.0,0.0024195920113361247,0.0022195920113361246
2026-07-10,Friday,751.5122507224003,751.48,752.8175,-1.0,751.9,150071.0,-0.0017798211529249652,-0.0019798211529249653
2026-07-13,Monday,751.7201538518963,751.69,751.235,-1.0,751.83,241622.0,0.0006053027178757331,0.0004053027178757331
2026-07-14,Tuesday,752.7950738962628,752.2,750.98,-1.0,751.6,608006.0,0.001621909066737648,0.0014219090667376478
2026-07-15,Wednesday,753.258905702326,753.54,752.6695,1.0,753.67,410490.0,-0.0011552140563207969,-0.001355214056320797
2026-07-16,Thursday,751.8137026403588,751.9,753.57,1.0,751.45,346006.0,0.0022210400319191415,0.0020210400319191414
2026-07-17,Friday,744.3255245593141,744.33,746.87,1.0,744.35,654226.0,0.003412464901320522,0.003212464901320522
2026-07-20,Monday,746.5286119561208,746.59,745.99,1.0,746.46,227696.0,-0.0008036539466106385,-0.0010036539466106386
2026-07-21,Tuesday,744.9070266505262,744.77,747.52,-1.0,744.86,300745.0,-0.0036924151080199863,-0.0038924151080199864
2026-07-22,Wednesday,745.7810803130328,746.05,749.76,1.0,746.08,385760.0,0.004972857047114809,0.00477285704711481
2026-07-23,Thursday,741.6968036728931,741.6508,737.845,-1.0,741.24,805886.0,0.005131525510388424,0.004931525510388424
2026-07-24,Friday,740.6578879603436,740.13,743.015,-1.0,740.07,289383.0,-0.0038979638712117737,-0.004097963871211773
2026-07-27,Monday,744.9228349757547,745.12,737.485,1.0,745.25,294320.0,-0.010246671677045294,-0.010446671677045294
2026-07-28,Tuesday,739.8074464302476,739.77,742.215,-1.0,739.65,368548.0,-0.003305081309055602,-0.003505081309055602
2026-07-29,Wednesday,740.2072240621454,740.52,733.73,1.0,740.63,390123.0,-0.00916923243126444,-0.00936923243126444
2026-07-30,Thursday,734.6079107745503,734.49,737.13,-1.0,734.21,499663.0,-0.0035943307601191687,-0.003794330760119169
2026-07-31,Friday,743.6232968197212,743.38,743.0908,-1.0,743.13,412816.0,0.0003890338723130382,0.0001890338723130382
2026-08-03,Monday,750.7684140618509,750.84,755.955,1.0,751.02,559020.0,0.00681237014543723,0.00661237014543723
2026-08-04,Tuesday,760.3005831858161,760.43,768.44,1.0,760.36,366332.0,0.01053351393290658,0.01033351393290658
2026-08-05,Wednesday,774.7476497251433,775.18,770.645,1.0,775.0298,289836.0,-0.005850254134523558,-0.006050254134523558
2026-08-06,Thursday,770.7579214495778,771.08,768.125,1.0,771.06,314143.0,-0.0038322871816154347,-0.004032287181615434
2026-08-07,Friday,771.7532490266088,771.92,773.03,1.0,772.64,736409.0,0.001437972846927149,0.001237972846927149
2026-08-10,Monday,772.6590951486045,772.7913,774.31,1.0,772.679,221851.0,0.001965213635298335,0.001765213635298335
2026-08-11,Tuesday,774.111341407151,774.29,772.0,1.0,774.35,182096.0,-0.002957548205452687,-0.003157548205452687
2026-08-12,Wednesday,772.9877898677847,773.01,772.03,1.0,773.799,444927.0,-0.0012677714389206507,-0.0014677714389206508
2026-08-13,Thursday,773.7360626101481,773.79,775.49,1.0,774.0,339443.0,0.0021969785083808535,0.0019969785083808534
2026-08-18,Tuesday,769.1961005142234,769.11,768.35,-1.0,769.01,390775.0,0.0009881551403569944,0.0007881551403569944
2026-08-19,Wednesday,768.2861922570404,768.54,770.6209,1.0,769.51,1161082.0,0.00270760142608073,0.00250760142608073
2026-08-20,Thursday,764.8944856137967,764.36,765.84,-1.0,764.72,285923.0,-0.0019362604008581474,-0.0021362604008581475
2026-08-21,Friday,766.5196863584586,766.35,767.2,-1.0,766.39,396278.0,-0.0011091537809095886,-0.0013091537809095887
2026-08-25,Tuesday,766.7368577341214,766.51,765.44,-1.0,766.22,217870.0,0.001395937430692329,0.0011959374306923288
2026-08-26,Wednesday,765.5565871567986,764.98,765.32,-1.0,764.93,192391.0,-0.00044445606421095185,-0.0006444560642109518
2026-08-27,Thursday,768.873510229152,768.7,770.64,-1.0,768.26,261693.0,-0.0025237413815530907,-0.0027237413815530908
