date,weekday,ref,outcome,gross_bp,net_bp,net_R
2016-01-04,Monday,199.91,no_fill,0.0,0.0,0.0
2016-01-05,Tuesday,201.28,no_fill,0.0,0.0,0.0
2016-01-06,Wednesday,198.731,buy,0.6241354587985427,-3.3758645412014574,-0.16104046635580108
2016-01-07,Thursday,194.48,no_fill,0.0,0.0,0.0
2016-01-08,Friday,193.88,no_fill,0.0,0.0,0.0
2016-01-11,Monday,190.185,buy,2.9612400664773677,-1.0387599335226323,-0.049552457477061704
2016-01-12,Tuesday,191.87,sell,-0.11538506808564906,-4.115385068085649,-0.19631816457965615
2016-01-13,Wednesday,190.35,no_fill,0.0,0.0,0.0
2016-01-14,Thursday,192.231,no_fill,0.0,0.0,0.0
2016-01-15,Friday,187.16,no_fill,0.0,0.0,0.0
2016-01-19,Tuesday,187.83,sell,31.739077441234553,27.739077441234553,1.3232503593957194
2016-01-20,Wednesday,184.11,sell,-28.56698355465693,-32.56698355465693,-1.553558253133321
2016-01-21,Thursday,187.27,sell,29.232071889515325,25.232071889515325,1.2036574852510236
2016-01-22,Friday,190.41,no_fill,0.0,0.0,0.0
2016-01-25,Monday,189.15,no_fill,0.0,0.0,0.0
2016-01-26,Tuesday,190.07,no_fill,0.0,0.0,0.0
2016-01-27,Wednesday,190.96,buy,-100.56065539484503,-104.56065539484503,-4.987906505650637
2016-01-28,Thursday,188.7,buy,15.608443297972983,11.608443297972983,0.5537630730008852
2016-01-29,Friday,192.52,no_fill,0.0,0.0,0.0
2016-02-01,Monday,193.22,no_fill,0.0,0.0,0.0
2016-02-02,Tuesday,190.085,no_fill,0.0,0.0,0.0
2016-02-03,Wednesday,187.985,buy,33.82877185168024,29.828771851680237,1.42293604236436
2016-02-04,Thursday,191.07,sell,-14.420728873838502,-18.420728873838502,-0.8787327608236801
2016-02-05,Friday,188.18,sell,5.607471165561759,1.6074711655617593,0.07668195894597084
2016-02-08,Monday,183.05,buy,-18.231339734252426,-22.231339734252426,-1.0605121369129644
2016-02-09,Tuesday,184.38,buy,9.68040293203856,5.680402932038559,0.27097495355627765
2016-02-10,Wednesday,186.77,buy,-1.6877896895638018,-5.687789689563802,-0.27132732755179906
2016-02-11,Thursday,182.0,no_fill,0.0,0.0,0.0
2016-02-12,Friday,185.45,buy,5.189767917916967,1.1897679179169671,0.056756062933831126
2016-02-16,Tuesday,189.45,no_fill,0.0,0.0,0.0
2016-02-17,Wednesday,192.59,buy,0.6374569116045635,-3.3625430883954364,-0.16040498677827783
2016-02-18,Thursday,192.05,no_fill,0.0,0.0,0.0
2016-02-19,Friday,191.81,no_fill,0.0,0.0,0.0
2016-02-22,Monday,194.85,no_fill,0.0,0.0,0.0
2016-02-23,Tuesday,192.78,no_fill,0.0,0.0,0.0
2016-02-24,Wednesday,191.24,buy,21.39232196360129,17.39232196360129,0.8296741785236962
2016-02-25,Thursday,194.635,no_fill,0.0,0.0,0.0
2016-02-26,Friday,195.49,no_fill,0.0,0.0,0.0
2016-02-29,Monday,195.52,sell,1.5412577914872594,-2.4587422085127404,-0.11729054500707674
2016-03-01,Tuesday,197.46,no_fill,0.0,0.0,0.0
2016-03-02,Wednesday,198.0001,no_fill,0.0,0.0,0.0
2016-03-03,Thursday,199.16,no_fill,0.0,0.0,0.0
2016-03-04,Friday,201.2405,no_fill,0.0,0.0,0.0
2016-03-07,Monday,200.3776,no_fill,0.0,0.0,0.0
2016-03-08,Tuesday,199.66,no_fill,0.0,0.0,0.0
2016-03-09,Wednesday,199.4,no_fill,0.0,0.0,0.0
2016-03-10,Thursday,198.07,no_fill,0.0,0.0,0.0
2016-03-11,Friday,202.23,no_fill,0.0,0.0,0.0
2016-03-14,Monday,202.59,no_fill,0.0,0.0,0.0
2016-03-15,Tuesday,201.9,no_fill,0.0,0.0,0.0
2016-03-16,Wednesday,201.77,buy,-4.607577877004382,-8.607577877004381,-0.4106113674256994
2016-03-17,Thursday,204.9,no_fill,0.0,0.0,0.0
2016-03-18,Friday,204.128,no_fill,0.0,0.0,0.0
2016-03-21,Monday,204.685,no_fill,0.0,0.0,0.0
2016-03-22,Tuesday,205.01,no_fill,0.0,0.0,0.0
2016-03-23,Wednesday,203.819,no_fill,0.0,0.0,0.0
2016-03-24,Thursday,202.531,no_fill,0.0,0.0,0.0
2016-03-28,Monday,203.59,no_fill,0.0,0.0,0.0
2016-03-29,Tuesday,204.32,no_fill,0.0,0.0,0.0
2016-03-30,Wednesday,205.98,no_fill,0.0,0.0,0.0
2016-03-31,Thursday,205.83,no_fill,0.0,0.0,0.0
2016-04-01,Friday,206.32,no_fill,0.0,0.0,0.0
2016-04-04,Monday,206.28,no_fill,0.0,0.0,0.0
2016-04-05,Tuesday,204.54,no_fill,0.0,0.0,0.0
2016-04-06,Wednesday,205.65,sell,-4.91128997629655,-8.911289976296551,-0.4250994896566061
2016-04-07,Thursday,203.83,sell,-3.301056890533288,-7.301056890533288,-0.3482857775221233
2016-04-08,Friday,204.8899,no_fill,0.0,0.0,0.0
2016-04-11,Monday,205.05,no_fill,0.0,0.0,0.0
2016-04-12,Tuesday,205.67,no_fill,0.0,0.0,0.0
2016-04-13,Wednesday,207.65,no_fill,0.0,0.0,0.0
2016-04-14,Thursday,208.08,no_fill,0.0,0.0,0.0
2016-04-15,Friday,207.56,no_fill,0.0,0.0,0.0
2016-04-18,Monday,208.96,no_fill,0.0,0.0,0.0
2016-04-19,Tuesday,209.67,no_fill,0.0,0.0,0.0
2016-04-20,Wednesday,210.57,no_fill,0.0,0.0,0.0
2016-04-21,Thursday,209.0761,no_fill,0.0,0.0,0.0
2016-04-22,Friday,208.68,no_fill,0.0,0.0,0.0
2016-04-25,Monday,208.23,no_fill,0.0,0.0,0.0
2016-04-26,Tuesday,208.64,no_fill,0.0,0.0,0.0
2016-04-27,Wednesday,208.538,buy,1.6709307281270196,-2.3290692718729806,-0.11110469544607478
2016-04-28,Thursday,209.25,no_fill,0.0,0.0,0.0
2016-04-29,Friday,205.35,no_fill,0.0,0.0,0.0
2016-05-02,Monday,207.57,no_fill,0.0,0.0,0.0
2016-05-03,Tuesday,206.44,no_fill,0.0,0.0,0.0
2016-05-04,Wednesday,204.67,no_fill,0.0,0.0,0.0
2016-05-05,Thursday,204.68,no_fill,0.0,0.0,0.0
2016-05-06,Friday,205.34,no_fill,0.0,0.0,0.0
2016-05-09,Monday,205.88,no_fill,0.0,0.0,0.0
2016-05-10,Tuesday,208.01,no_fill,0.0,0.0,0.0
2016-05-11,Wednesday,207.2,no_fill,0.0,0.0,0.0
2016-05-12,Thursday,206.3,buy,5.212638751159433,1.2126387511594334,0.05784708113268389
2016-05-13,Friday,205.12,no_fill,0.0,0.0,0.0
2016-05-16,Monday,206.656,buy,0.5221460083890404,-3.4778539916109596,-0.1659057174512946
2016-05-17,Tuesday,205.26,no_fill,0.0,0.0,0.0
2016-05-18,Wednesday,205.9,sell,38.28923024725072,34.28923024725072,1.6357154034484613
2016-05-19,Thursday,203.64,buy,0.6046381478880675,-3.3953618521119324,-0.1619705558198142
2016-05-20,Friday,205.41,no_fill,0.0,0.0,0.0
2016-05-23,Monday,205.53,no_fill,0.0,0.0,0.0
2016-05-24,Tuesday,207.65,no_fill,0.0,0.0,0.0
2016-05-25,Wednesday,209.615,no_fill,0.0,0.0,0.0
2016-05-26,Thursday,209.34,no_fill,0.0,0.0,0.0
2016-05-27,Friday,209.68,no_fill,0.0,0.0,0.0
2016-05-31,Tuesday,209.788,sell,2.2987444937523067,-1.7012555062476933,-0.08115579780313038
2016-06-01,Wednesday,209.955,no_fill,0.0,0.0,0.0
2016-06-02,Thursday,210.39,no_fill,0.0,0.0,0.0
2016-06-03,Friday,210.125,no_fill,0.0,0.0,0.0
2016-06-06,Monday,211.39,no_fill,0.0,0.0,0.0
2016-06-07,Tuesday,212.1005,no_fill,0.0,0.0,0.0
2016-06-08,Wednesday,212.1392,no_fill,0.0,0.0,0.0
2016-06-09,Thursday,211.73,no_fill,0.0,0.0,0.0
2016-06-10,Friday,209.765,no_fill,0.0,0.0,0.0
2016-06-13,Monday,209.08,no_fill,0.0,0.0,0.0
2016-06-14,Tuesday,207.21,no_fill,0.0,0.0,0.0
2016-06-15,Wednesday,208.8,buy,-29.1045963136479,-33.1045963136479,-1.579204249401857
2016-06-16,Thursday,207.085,buy,9.039339159200706,5.039339159200706,0.24039398453881952
2016-06-17,Friday,206.58,no_fill,0.0,0.0,0.0
2016-06-20,Monday,208.84,no_fill,0.0,0.0,0.0
2016-06-21,Tuesday,208.295,no_fill,0.0,0.0,0.0
2016-06-22,Wednesday,208.63,no_fill,0.0,0.0,0.0
2016-06-23,Thursday,209.935,no_fill,0.0,0.0,0.0
2016-06-24,Friday,204.61,no_fill,0.0,0.0,0.0
2016-06-27,Monday,199.44,no_fill,0.0,0.0,0.0
2016-06-28,Tuesday,201.65,no_fill,0.0,0.0,0.0
2016-06-29,Wednesday,206.2468,no_fill,0.0,0.0,0.0
2016-06-30,Thursday,208.79,no_fill,0.0,0.0,0.0
2016-07-01,Friday,209.82,no_fill,0.0,0.0,0.0
2016-07-05,Tuesday,207.865,no_fill,0.0,0.0,0.0
2016-07-06,Wednesday,209.07,no_fill,0.0,0.0,0.0
2016-07-07,Thursday,209.2207,sell,-0.3769166936873881,-4.376916693687388,-0.20879413168072516
2016-07-08,Friday,212.4,no_fill,0.0,0.0,0.0
2016-07-11,Monday,213.7608,no_fill,0.0,0.0,0.0
2016-07-12,Tuesday,214.98,no_fill,0.0,0.0,0.0
2016-07-13,Wednesday,214.7,no_fill,0.0,0.0,0.0
2016-07-14,Thursday,215.82,no_fill,0.0,0.0,0.0
2016-07-15,Friday,215.705,no_fill,0.0,0.0,0.0
2016-07-18,Monday,216.435,no_fill,0.0,0.0,0.0
2016-07-19,Tuesday,215.7,no_fill,0.0,0.0,0.0
2016-07-20,Wednesday,217.21,no_fill,0.0,0.0,0.0
2016-07-21,Thursday,216.18,no_fill,0.0,0.0,0.0
2016-07-22,Friday,217.045,no_fill,0.0,0.0,0.0
2016-07-25,Monday,216.33,no_fill,0.0,0.0,0.0
2016-07-26,Tuesday,216.205,no_fill,0.0,0.0,0.0
2016-07-27,Wednesday,216.2328,sell,-18.521021148574988,-22.521021148574988,-1.074330946728275
2016-07-28,Thursday,216.63,no_fill,0.0,0.0,0.0
2016-07-29,Friday,217.3,no_fill,0.0,0.0,0.0
2016-08-01,Monday,216.94,no_fill,0.0,0.0,0.0
2016-08-02,Tuesday,214.849,no_fill,0.0,0.0,0.0
2016-08-03,Wednesday,215.86,no_fill,0.0,0.0,0.0
2016-08-04,Thursday,216.35,no_fill,0.0,0.0,0.0
2016-08-05,Friday,218.11,no_fill,0.0,0.0,0.0
2016-08-08,Monday,218.06,no_fill,0.0,0.0,0.0
2016-08-09,Tuesday,218.12,no_fill,0.0,0.0,0.0
2016-08-10,Wednesday,217.591,no_fill,0.0,0.0,0.0
2016-08-11,Thursday,218.71,no_fill,0.0,0.0,0.0
2016-08-12,Friday,218.13,no_fill,0.0,0.0,0.0
2016-08-15,Monday,219.3501,no_fill,0.0,0.0,0.0
2016-08-16,Tuesday,218.26,no_fill,0.0,0.0,0.0
2016-08-17,Wednesday,217.7501,buy,5.6686120023201845,1.6686120023201845,0.07959858926238055
2016-08-18,Thursday,218.6,no_fill,0.0,0.0,0.0
2016-08-19,Friday,218.315,no_fill,0.0,0.0,0.0
2016-08-22,Monday,218.4399,no_fill,0.0,0.0,0.0
2016-08-23,Tuesday,219.1977,no_fill,0.0,0.0,0.0
2016-08-24,Wednesday,218.5,no_fill,0.0,0.0,0.0
2016-08-25,Thursday,217.56,no_fill,0.0,0.0,0.0
2016-08-26,Friday,216.75,no_fill,0.0,0.0,0.0
2016-08-29,Monday,218.61,no_fill,0.0,0.0,0.0
2016-08-30,Tuesday,217.74,no_fill,0.0,0.0,0.0
2016-08-31,Wednesday,216.89,no_fill,0.0,0.0,0.0
2016-09-01,Thursday,217.1,no_fill,0.0,0.0,0.0
2016-09-02,Friday,217.85,no_fill,0.0,0.0,0.0
2016-09-06,Tuesday,218.67,no_fill,0.0,0.0,0.0
2016-09-07,Wednesday,218.71,no_fill,0.0,0.0,0.0
2016-09-08,Thursday,218.4695,no_fill,0.0,0.0,0.0
2016-09-09,Friday,214.61,sell,4.665049275313135,0.6650492753131347,0.03172516081107281
2016-09-12,Monday,215.5052,buy,4.317298590021125,0.31729859002112537,0.01513624503809463
2016-09-13,Tuesday,213.21,no_fill,0.0,0.0,0.0
2016-09-14,Wednesday,213.402,sell,4.435241133069838,0.43524113306983825,0.02076251407346124
2016-09-15,Thursday,215.35,no_fill,0.0,0.0,0.0
2016-09-16,Friday,212.79,no_fill,0.0,0.0,0.0
2016-09-19,Monday,213.531,no_fill,0.0,0.0,0.0
2016-09-20,Tuesday,213.88,no_fill,0.0,0.0,0.0
2016-09-21,Wednesday,213.85,buy,12.23800784994118,8.23800784994118,0.3929815932499256
2016-09-22,Thursday,217.27,sell,0.6324162880433847,-3.367583711956615,-0.160645442033253
2016-09-23,Friday,215.94,no_fill,0.0,0.0,0.0
2016-09-26,Monday,214.29,no_fill,0.0,0.0,0.0
2016-09-27,Tuesday,215.47,no_fill,0.0,0.0,0.0
2016-09-28,Wednesday,215.56,buy,1.7686562108297421,-2.231343789170258,-0.10644285042320213
2016-09-29,Thursday,214.3,no_fill,0.0,0.0,0.0
2016-09-30,Friday,216.67,no_fill,0.0,0.0,0.0
2016-10-03,Monday,215.535,no_fill,0.0,0.0,0.0
2016-10-04,Tuesday,214.47,no_fill,0.0,0.0,0.0
2016-10-05,Wednesday,215.99,no_fill,0.0,0.0,0.0
2016-10-06,Thursday,215.79,no_fill,0.0,0.0,0.0
2016-10-07,Friday,215.19,no_fill,0.0,0.0,0.0
2016-10-10,Monday,216.26,no_fill,0.0,0.0,0.0
2016-10-11,Tuesday,212.97,no_fill,0.0,0.0,0.0
2016-10-12,Wednesday,214.015,no_fill,0.0,0.0,0.0
2016-10-13,Thursday,213.2101,no_fill,0.0,0.0,0.0
2016-10-14,Friday,213.51,no_fill,0.0,0.0,0.0
2016-10-17,Monday,212.22,no_fill,0.0,0.0,0.0
2016-10-18,Tuesday,214.0001,no_fill,0.0,0.0,0.0
2016-10-19,Wednesday,214.52,no_fill,0.0,0.0,0.0
2016-10-20,Thursday,213.8,no_fill,0.0,0.0,0.0
2016-10-21,Friday,213.81,no_fill,0.0,0.0,0.0
2016-10-24,Monday,214.79,no_fill,0.0,0.0,0.0
2016-10-25,Tuesday,214.42,no_fill,0.0,0.0,0.0
2016-10-26,Wednesday,213.41,no_fill,0.0,0.0,0.0
2016-10-27,Thursday,213.69,no_fill,0.0,0.0,0.0
2016-10-28,Friday,211.855,no_fill,0.0,0.0,0.0
2016-10-31,Monday,212.68,no_fill,0.0,0.0,0.0
2016-11-01,Tuesday,210.29,no_fill,0.0,0.0,0.0
2016-11-02,Wednesday,209.98,sell,-11.914353053843659,-15.914353053843659,-0.7591699270699231
2016-11-03,Thursday,209.17,no_fill,0.0,0.0,0.0
2016-11-04,Friday,209.71,no_fill,0.0,0.0,0.0
2016-11-07,Monday,212.89,no_fill,0.0,0.0,0.0
2016-11-08,Tuesday,214.34,no_fill,0.0,0.0,0.0
2016-11-09,Wednesday,215.8372,no_fill,0.0,0.0,0.0
2016-11-10,Thursday,217.63,sell,-18.66535649169254,-22.66535649169254,-1.0812162440154114
2016-11-11,Friday,216.1,no_fill,0.0,0.0,0.0
2016-11-14,Monday,216.32,no_fill,0.0,0.0,0.0
2016-11-15,Tuesday,217.405,no_fill,0.0,0.0,0.0
2016-11-16,Wednesday,217.71,no_fill,0.0,0.0,0.0
2016-11-17,Thursday,218.7,no_fill,0.0,0.0,0.0
2016-11-18,Friday,218.58,no_fill,0.0,0.0,0.0
2016-11-21,Monday,219.91,no_fill,0.0,0.0,0.0
2016-11-22,Tuesday,220.13,no_fill,0.0,0.0,0.0
2016-11-23,Wednesday,220.365,no_fill,0.0,0.0,0.0
2016-11-28,Monday,221.0854,no_fill,0.0,0.0,0.0
2016-11-29,Tuesday,221.31,no_fill,0.0,0.0,0.0
2016-11-30,Wednesday,221.1985,sell,1.1214026952171459,-2.878597304782854,-0.13731909167415818
2016-12-01,Thursday,219.29,no_fill,0.0,0.0,0.0
2016-12-02,Friday,219.415,no_fill,0.0,0.0,0.0
2016-12-05,Monday,220.795,no_fill,0.0,0.0,0.0
2016-12-06,Tuesday,221.4,no_fill,0.0,0.0,0.0
2016-12-07,Wednesday,223.92,no_fill,0.0,0.0,0.0
2016-12-08,Thursday,225.64,no_fill,0.0,0.0,0.0
2016-12-09,Friday,225.915,no_fill,0.0,0.0,0.0
2016-12-12,Monday,225.95,no_fill,0.0,0.0,0.0
2016-12-13,Tuesday,228.05,no_fill,0.0,0.0,0.0
2016-12-14,Wednesday,227.82,sell,14.591551179281609,10.591551179281609,0.5052537862599796
2016-12-15,Thursday,226.4892,no_fill,0.0,0.0,0.0
2016-12-16,Friday,224.96,no_fill,0.0,0.0,0.0
2016-12-19,Monday,225.79,no_fill,0.0,0.0,0.0
2016-12-20,Tuesday,226.34,no_fill,0.0,0.0,0.0
2016-12-21,Wednesday,226.0799,no_fill,0.0,0.0,0.0
2016-12-22,Thursday,225.44,no_fill,0.0,0.0,0.0
2016-12-23,Friday,225.44,no_fill,0.0,0.0,0.0
2016-12-27,Tuesday,226.401,no_fill,0.0,0.0,0.0
2016-12-28,Wednesday,224.61,no_fill,0.0,0.0,0.0
2016-12-29,Thursday,224.17,no_fill,0.0,0.0,0.0
2016-12-30,Friday,223.4375,no_fill,0.0,0.0,0.0
2017-01-03,Tuesday,224.0199,no_fill,0.0,0.0,0.0
2017-01-04,Wednesday,226.35,no_fill,0.0,0.0,0.0
2017-01-05,Thursday,226.02,no_fill,0.0,0.0,0.0
2017-01-06,Friday,227.52,no_fill,0.0,0.0,0.0
2017-01-09,Monday,226.77,no_fill,0.0,0.0,0.0
2017-01-10,Tuesday,226.62,no_fill,0.0,0.0,0.0
2017-01-11,Wednesday,226.33,no_fill,0.0,0.0,0.0
2017-01-12,Thursday,226.26,no_fill,0.0,0.0,0.0
2017-01-13,Friday,226.999,no_fill,0.0,0.0,0.0
2017-01-17,Tuesday,226.61,no_fill,0.0,0.0,0.0
2017-01-18,Wednesday,226.315,no_fill,0.0,0.0,0.0
2017-01-19,Thursday,226.1141,sell,1.9946022293540757,-2.0053977706459243,-0.09566444040398811
2017-01-20,Friday,226.415,no_fill,0.0,0.0,0.0
2017-01-23,Monday,225.88,no_fill,0.0,0.0,0.0
2017-01-24,Tuesday,227.685,no_fill,0.0,0.0,0.0
2017-01-25,Wednesday,229.355,no_fill,0.0,0.0,0.0
2017-01-26,Thursday,229.32,no_fill,0.0,0.0,0.0
2017-01-27,Friday,228.91,no_fill,0.0,0.0,0.0
2017-01-30,Monday,226.8501,no_fill,0.0,0.0,0.0
2017-01-31,Tuesday,226.5,no_fill,0.0,0.0,0.0
2017-02-01,Wednesday,227.26,buy,1.4784228488367324,-2.5215771511632674,-0.12028799005985709
2017-02-02,Thursday,227.78,no_fill,0.0,0.0,0.0
2017-02-03,Friday,229.21,no_fill,0.0,0.0,0.0
2017-02-06,Monday,228.8,no_fill,0.0,0.0,0.0
2017-02-07,Tuesday,228.9925,no_fill,0.0,0.0,0.0
2017-02-08,Wednesday,229.21,no_fill,0.0,0.0,0.0
2017-02-09,Thursday,230.74,no_fill,0.0,0.0,0.0
2017-02-10,Friday,231.585,no_fill,0.0,0.0,0.0
2017-02-13,Monday,232.91,no_fill,0.0,0.0,0.0
2017-02-14,Tuesday,233.46,no_fill,0.0,0.0,0.0
2017-02-15,Wednesday,234.5665,no_fill,0.0,0.0,0.0
2017-02-16,Thursday,234.345,no_fill,0.0,0.0,0.0
2017-02-17,Friday,234.38,no_fill,0.0,0.0,0.0
2017-02-21,Tuesday,236.075,no_fill,0.0,0.0,0.0
2017-02-22,Wednesday,236.43,no_fill,0.0,0.0,0.0
2017-02-23,Thursday,236.45,no_fill,0.0,0.0,0.0
2017-02-24,Friday,236.075,no_fill,0.0,0.0,0.0
2017-02-27,Monday,237.01,no_fill,0.0,0.0,0.0
2017-02-28,Tuesday,236.62,no_fill,0.0,0.0,0.0
2017-03-01,Wednesday,239.895,no_fill,0.0,0.0,0.0
2017-03-02,Thursday,238.83,no_fill,0.0,0.0,0.0
2017-03-03,Friday,238.27,no_fill,0.0,0.0,0.0
2017-03-06,Monday,237.7847,no_fill,0.0,0.0,0.0
2017-03-07,Tuesday,237.18,no_fill,0.0,0.0,0.0
2017-03-08,Wednesday,237.32,no_fill,0.0,0.0,0.0
2017-03-09,Thursday,236.46,no_fill,0.0,0.0,0.0
2017-03-10,Friday,237.11,no_fill,0.0,0.0,0.0
2017-03-13,Monday,237.4774,no_fill,0.0,0.0,0.0
2017-03-14,Tuesday,236.71,no_fill,0.0,0.0,0.0
2017-03-15,Wednesday,237.79,buy,9.73652271358981,5.73652271358981,0.27365206209617854
2017-03-16,Thursday,238.585,no_fill,0.0,0.0,0.0
2017-03-17,Friday,237.66,no_fill,0.0,0.0,0.0
2017-03-20,Monday,236.67,no_fill,0.0,0.0,0.0
2017-03-21,Tuesday,233.915,no_fill,0.0,0.0,0.0
2017-03-22,Wednesday,233.65,no_fill,0.0,0.0,0.0
2017-03-23,Thursday,234.69,no_fill,0.0,0.0,0.0
2017-03-24,Friday,233.98,no_fill,0.0,0.0,0.0
2017-03-27,Monday,233.29,no_fill,0.0,0.0,0.0
2017-03-28,Tuesday,235.4787,no_fill,0.0,0.0,0.0
2017-03-29,Wednesday,235.59,no_fill,0.0,0.0,0.0
2017-03-30,Thursday,236.22,no_fill,0.0,0.0,0.0
2017-03-31,Friday,236.16,no_fill,0.0,0.0,0.0
2017-04-03,Monday,234.75,buy,-21.38881895206138,-25.38881895206138,-1.2111348646731657
2017-04-04,Tuesday,235.27,no_fill,0.0,0.0,0.0
2017-04-05,Wednesday,237.24,no_fill,0.0,0.0,0.0
2017-04-06,Thursday,235.655,no_fill,0.0,0.0,0.0
2017-04-07,Friday,235.7,no_fill,0.0,0.0,0.0
2017-04-10,Monday,235.785,no_fill,0.0,0.0,0.0
2017-04-11,Tuesday,234.62,no_fill,0.0,0.0,0.0
2017-04-12,Wednesday,234.62,no_fill,0.0,0.0,0.0
2017-04-13,Thursday,233.11,no_fill,0.0,0.0,0.0
2017-04-17,Monday,233.86,no_fill,0.0,0.0,0.0
2017-04-18,Tuesday,233.8,no_fill,0.0,0.0,0.0
2017-04-19,Wednesday,234.0965,no_fill,0.0,0.0,0.0
2017-04-20,Thursday,235.74,no_fill,0.0,0.0,0.0
2017-04-21,Friday,234.79,no_fill,0.0,0.0,0.0
2017-04-24,Monday,237.08,no_fill,0.0,0.0,0.0
2017-04-25,Tuesday,238.64,no_fill,0.0,0.0,0.0
2017-04-26,Wednesday,238.99,no_fill,0.0,0.0,0.0
2017-04-27,Thursday,238.68,no_fill,0.0,0.0,0.0
2017-04-28,Friday,238.11,no_fill,0.0,0.0,0.0
2017-05-01,Monday,239.02,no_fill,0.0,0.0,0.0
2017-05-02,Tuesday,238.66,no_fill,0.0,0.0,0.0
2017-05-03,Wednesday,238.21,no_fill,0.0,0.0,0.0
2017-05-04,Thursday,238.52,no_fill,0.0,0.0,0.0
2017-05-05,Friday,239.1,no_fill,0.0,0.0,0.0
2017-05-08,Monday,239.7093,no_fill,0.0,0.0,0.0
2017-05-09,Tuesday,239.6862,no_fill,0.0,0.0,0.0
2017-05-10,Wednesday,239.72,no_fill,0.0,0.0,0.0
2017-05-11,Thursday,239.3,no_fill,0.0,0.0,0.0
2017-05-12,Friday,238.98,no_fill,0.0,0.0,0.0
2017-05-15,Monday,240.295,no_fill,0.0,0.0,0.0
2017-05-16,Tuesday,239.98,no_fill,0.0,0.0,0.0
2017-05-17,Wednesday,236.975,no_fill,0.0,0.0,0.0
2017-05-18,Thursday,236.73,buy,5.649762767532065,1.6497627675320654,0.07869941528081778
2017-05-19,Friday,238.76,no_fill,0.0,0.0,0.0
2017-05-22,Monday,239.35,no_fill,0.0,0.0,0.0
2017-05-23,Tuesday,240.02,no_fill,0.0,0.0,0.0
2017-05-24,Wednesday,240.15,no_fill,0.0,0.0,0.0
2017-05-25,Thursday,241.81,no_fill,0.0,0.0,0.0
2017-05-26,Friday,241.68,no_fill,0.0,0.0,0.0
2017-05-30,Tuesday,241.64,no_fill,0.0,0.0,0.0
2017-05-31,Wednesday,241.02,no_fill,0.0,0.0,0.0
2017-06-01,Thursday,242.82,no_fill,0.0,0.0,0.0
2017-06-02,Friday,244.21,no_fill,0.0,0.0,0.0
2017-06-05,Monday,244.08,no_fill,0.0,0.0,0.0
2017-06-06,Tuesday,243.501,no_fill,0.0,0.0,0.0
2017-06-07,Wednesday,243.485,no_fill,0.0,0.0,0.0
2017-06-08,Thursday,243.985,no_fill,0.0,0.0,0.0
2017-06-09,Friday,243.285,no_fill,0.0,0.0,0.0
2017-06-12,Monday,242.515,no_fill,0.0,0.0,0.0
2017-06-13,Tuesday,244.31,no_fill,0.0,0.0,0.0
2017-06-14,Wednesday,244.29,no_fill,0.0,0.0,0.0
2017-06-15,Thursday,243.3299,no_fill,0.0,0.0,0.0
2017-06-16,Friday,242.33,no_fill,0.0,0.0,0.0
2017-06-19,Monday,244.43,no_fill,0.0,0.0,0.0
2017-06-20,Tuesday,243.705,no_fill,0.0,0.0,0.0
2017-06-21,Wednesday,242.56,no_fill,0.0,0.0,0.0
2017-06-22,Thursday,243.395,no_fill,0.0,0.0,0.0
2017-06-23,Friday,243.39,no_fill,0.0,0.0,0.0
2017-06-26,Monday,243.575,no_fill,0.0,0.0,0.0
2017-06-27,Tuesday,242.13,no_fill,0.0,0.0,0.0
2017-06-28,Wednesday,243.59,no_fill,0.0,0.0,0.0
2017-06-29,Thursday,240.87,no_fill,0.0,0.0,0.0
2017-06-30,Friday,242.105,no_fill,0.0,0.0,0.0
2017-07-05,Wednesday,242.6504,no_fill,0.0,0.0,0.0
2017-07-06,Thursday,241.38,no_fill,0.0,0.0,0.0
2017-07-07,Friday,242.2,no_fill,0.0,0.0,0.0
2017-07-10,Monday,242.71,no_fill,0.0,0.0,0.0
2017-07-11,Tuesday,242.22,no_fill,0.0,0.0,0.0
2017-07-12,Wednesday,244.07,no_fill,0.0,0.0,0.0
2017-07-13,Thursday,244.36,no_fill,0.0,0.0,0.0
2017-07-14,Friday,245.495,no_fill,0.0,0.0,0.0
2017-07-17,Monday,245.69,no_fill,0.0,0.0,0.0
2017-07-18,Tuesday,245.44,no_fill,0.0,0.0,0.0
2017-07-19,Wednesday,246.72,no_fill,0.0,0.0,0.0
2017-07-20,Thursday,247.29,no_fill,0.0,0.0,0.0
2017-07-21,Friday,246.725,no_fill,0.0,0.0,0.0
2017-07-24,Monday,246.625,no_fill,0.0,0.0,0.0
2017-07-25,Tuesday,247.65,no_fill,0.0,0.0,0.0
2017-07-26,Wednesday,247.36,no_fill,0.0,0.0,0.0
2017-07-27,Thursday,246.24,no_fill,0.0,0.0,0.0
2017-07-28,Friday,246.64,no_fill,0.0,0.0,0.0
2017-07-31,Monday,247.05,no_fill,0.0,0.0,0.0
2017-08-01,Tuesday,247.33,sell,-20.154197626549887,-24.154197626549887,-1.1522391383765094
2017-08-02,Wednesday,247.17,no_fill,0.0,0.0,0.0
2017-08-03,Thursday,247.1,no_fill,0.0,0.0,0.0
2017-08-04,Friday,247.405,no_fill,0.0,0.0,0.0
2017-08-07,Monday,247.6732,no_fill,0.0,0.0,0.0
2017-08-08,Tuesday,248.12,no_fill,0.0,0.0,0.0
2017-08-09,Wednesday,246.795,no_fill,0.0,0.0,0.0
2017-08-10,Thursday,244.82,no_fill,0.0,0.0,0.0
2017-08-11,Friday,244.42,no_fill,0.0,0.0,0.0
2017-08-14,Monday,246.62,no_fill,0.0,0.0,0.0
2017-08-15,Tuesday,246.38,no_fill,0.0,0.0,0.0
2017-08-16,Wednesday,246.9589,no_fill,0.0,0.0,0.0
2017-08-17,Thursday,244.59,no_fill,0.0,0.0,0.0
2017-08-18,Friday,243.1,no_fill,0.0,0.0,0.0
2017-08-21,Monday,242.63,no_fill,0.0,0.0,0.0
2017-08-22,Tuesday,244.96,no_fill,0.0,0.0,0.0
2017-08-23,Wednesday,244.555,no_fill,0.0,0.0,0.0
2017-08-24,Thursday,244.37,no_fill,0.0,0.0,0.0
2017-08-25,Friday,244.89,no_fill,0.0,0.0,0.0
2017-08-28,Monday,244.451,no_fill,0.0,0.0,0.0
2017-08-29,Tuesday,244.63,no_fill,0.0,0.0,0.0
2017-08-30,Wednesday,246.22,no_fill,0.0,0.0,0.0
2017-08-31,Thursday,247.22,no_fill,0.0,0.0,0.0
2017-09-01,Friday,248.17,no_fill,0.0,0.0,0.0
2017-09-05,Tuesday,245.745,no_fill,0.0,0.0,0.0
2017-09-06,Wednesday,246.88,no_fill,0.0,0.0,0.0
2017-09-07,Thursday,246.765,no_fill,0.0,0.0,0.0
2017-09-08,Friday,246.735,no_fill,0.0,0.0,0.0
2017-09-11,Monday,249.16,no_fill,0.0,0.0,0.0
2017-09-12,Tuesday,249.8,no_fill,0.0,0.0,0.0
2017-09-13,Wednesday,249.955,no_fill,0.0,0.0,0.0
2017-09-14,Thursday,250.02,no_fill,0.0,0.0,0.0
2017-09-15,Friday,248.955,no_fill,0.0,0.0,0.0
2017-09-18,Monday,249.84,no_fill,0.0,0.0,0.0
2017-09-19,Tuesday,250.0,no_fill,0.0,0.0,0.0
2017-09-20,Wednesday,249.89,no_fill,0.0,0.0,0.0
2017-09-21,Thursday,249.76,no_fill,0.0,0.0,0.0
2017-09-22,Friday,249.23,no_fill,0.0,0.0,0.0
2017-09-25,Monday,248.72,no_fill,0.0,0.0,0.0
2017-09-26,Tuesday,249.42,no_fill,0.0,0.0,0.0
2017-09-27,Wednesday,249.736,no_fill,0.0,0.0,0.0
2017-09-28,Thursday,250.41,no_fill,0.0,0.0,0.0
2017-09-29,Friday,251.05,no_fill,0.0,0.0,0.0
2017-10-02,Monday,252.08,no_fill,0.0,0.0,0.0
2017-10-03,Tuesday,252.575,no_fill,0.0,0.0,0.0
2017-10-04,Wednesday,253.09,no_fill,0.0,0.0,0.0
2017-10-05,Thursday,254.515,no_fill,0.0,0.0,0.0
2017-10-06,Friday,254.0725,no_fill,0.0,0.0,0.0
2017-10-09,Monday,254.28,no_fill,0.0,0.0,0.0
2017-10-10,Tuesday,254.34,no_fill,0.0,0.0,0.0
2017-10-11,Wednesday,254.645,no_fill,0.0,0.0,0.0
2017-10-12,Thursday,254.915,no_fill,0.0,0.0,0.0
2017-10-13,Friday,255.0775,no_fill,0.0,0.0,0.0
2017-10-16,Monday,255.02,no_fill,0.0,0.0,0.0
2017-10-17,Tuesday,255.1,no_fill,0.0,0.0,0.0
2017-10-18,Wednesday,255.875,no_fill,0.0,0.0,0.0
2017-10-19,Thursday,255.42,no_fill,0.0,0.0,0.0
2017-10-20,Friday,256.92,no_fill,0.0,0.0,0.0
2017-10-23,Monday,256.805,no_fill,0.0,0.0,0.0
2017-10-24,Tuesday,256.64,no_fill,0.0,0.0,0.0
2017-10-25,Wednesday,255.09,no_fill,0.0,0.0,0.0
2017-10-26,Thursday,256.02,no_fill,0.0,0.0,0.0
2017-10-27,Friday,257.69,no_fill,0.0,0.0,0.0
2017-10-30,Monday,256.7,no_fill,0.0,0.0,0.0
2017-10-31,Tuesday,257.27,no_fill,0.0,0.0,0.0
2017-11-01,Wednesday,257.42,no_fill,0.0,0.0,0.0
2017-11-02,Thursday,257.18,no_fill,0.0,0.0,0.0
2017-11-03,Friday,258.365,no_fill,0.0,0.0,0.0
2017-11-06,Monday,258.84,no_fill,0.0,0.0,0.0
2017-11-07,Tuesday,258.49,no_fill,0.0,0.0,0.0
2017-11-08,Wednesday,259.005,no_fill,0.0,0.0,0.0
2017-11-09,Thursday,257.54,no_fill,0.0,0.0,0.0
2017-11-10,Friday,257.83,no_fill,0.0,0.0,0.0
2017-11-13,Monday,258.34,no_fill,0.0,0.0,0.0
2017-11-14,Tuesday,257.51,no_fill,0.0,0.0,0.0
2017-11-15,Wednesday,256.63,no_fill,0.0,0.0,0.0
2017-11-16,Thursday,258.79,no_fill,0.0,0.0,0.0
2017-11-17,Friday,258.215,no_fill,0.0,0.0,0.0
2017-11-20,Monday,258.47,no_fill,0.0,0.0,0.0
2017-11-21,Tuesday,259.98,no_fill,0.0,0.0,0.0
2017-11-22,Wednesday,259.8,no_fill,0.0,0.0,0.0
2017-11-27,Monday,260.42,no_fill,0.0,0.0,0.0
2017-11-28,Tuesday,261.42,no_fill,0.0,0.0,0.0
2017-11-29,Wednesday,262.4751,no_fill,0.0,0.0,0.0
2017-11-30,Thursday,265.05,no_fill,0.0,0.0,0.0
2017-12-01,Friday,263.98,no_fill,0.0,0.0,0.0
2017-12-04,Monday,265.939,no_fill,0.0,0.0,0.0
2017-12-05,Tuesday,264.35,no_fill,0.0,0.0,0.0
2017-12-06,Wednesday,263.479,no_fill,0.0,0.0,0.0
2017-12-07,Thursday,264.1671,no_fill,0.0,0.0,0.0
2017-12-08,Friday,265.35,no_fill,0.0,0.0,0.0
2017-12-11,Monday,266.155,no_fill,0.0,0.0,0.0
2017-12-12,Tuesday,266.96,no_fill,0.0,0.0,0.0
2017-12-13,Wednesday,266.97,buy,-13.471355418268327,-17.471355418268327,-0.8334443488732328
2017-12-14,Thursday,266.18,no_fill,0.0,0.0,0.0
2017-12-15,Friday,266.79,no_fill,0.0,0.0,0.0
2017-12-18,Monday,268.23,no_fill,0.0,0.0,0.0
2017-12-19,Tuesday,267.6337,no_fill,0.0,0.0,0.0
2017-12-20,Wednesday,267.41,no_fill,0.0,0.0,0.0
2017-12-21,Thursday,268.19,no_fill,0.0,0.0,0.0
2017-12-22,Friday,267.355,no_fill,0.0,0.0,0.0
2017-12-26,Tuesday,267.08,no_fill,0.0,0.0,0.0
2017-12-27,Wednesday,267.329,no_fill,0.0,0.0,0.0
2017-12-28,Thursday,267.5401,no_fill,0.0,0.0,0.0
2017-12-29,Friday,267.42,no_fill,0.0,0.0,0.0
2018-01-02,Tuesday,268.28,no_fill,0.0,0.0,0.0
2018-01-03,Wednesday,270.04,no_fill,0.0,0.0,0.0
2018-01-04,Thursday,271.94,no_fill,0.0,0.0,0.0
2018-01-05,Friday,272.67,no_fill,0.0,0.0,0.0
2018-01-08,Monday,273.95,no_fill,0.0,0.0,0.0
2018-01-09,Tuesday,275.2098,no_fill,0.0,0.0,0.0
2018-01-10,Wednesday,274.29,no_fill,0.0,0.0,0.0
2018-01-11,Thursday,275.55,no_fill,0.0,0.0,0.0
2018-01-12,Friday,277.715,no_fill,0.0,0.0,0.0
2018-01-16,Tuesday,277.69,no_fill,0.0,0.0,0.0
2018-01-17,Wednesday,279.175,no_fill,0.0,0.0,0.0
2018-01-18,Thursday,279.435,no_fill,0.0,0.0,0.0
2018-01-19,Friday,279.58,no_fill,0.0,0.0,0.0
2018-01-22,Monday,281.82,no_fill,0.0,0.0,0.0
2018-01-23,Tuesday,283.46,no_fill,0.0,0.0,0.0
2018-01-24,Wednesday,283.14,no_fill,0.0,0.0,0.0
2018-01-25,Thursday,283.78,sell,-5.1054795730062414,-9.105479573006242,-0.43436300803357386
2018-01-26,Friday,285.453,no_fill,0.0,0.0,0.0
2018-01-29,Monday,285.735,no_fill,0.0,0.0,0.0
2018-01-30,Tuesday,282.13,no_fill,0.0,0.0,0.0
2018-01-31,Wednesday,282.25,no_fill,0.0,0.0,0.0
2018-02-01,Thursday,282.03,no_fill,0.0,0.0,0.0
2018-02-02,Friday,277.78,no_fill,0.0,0.0,0.0
2018-02-05,Monday,272.64,sell,4.345264730010491,0.3452647300104914,0.016470327069850643
2018-02-06,Tuesday,262.845,buy,-6.315418084180889,-10.31541808418089,-0.4920812783383601
2018-02-07,Wednesday,269.7,sell,-9.097798637216178,-13.097798637216178,-0.6248104966975322
2018-02-08,Thursday,264.1717,sell,-3.485564343267706,-7.485564343267706,-0.35708742399573945
2018-02-09,Friday,255.73,buy,84.812788865556,80.812788865556,3.855050772206147
2018-02-12,Monday,266.3,sell,0.2538390637317861,-3.746160936268214,-0.17870489080874413
2018-02-13,Tuesday,265.89,buy,-4.978780305557569,-8.978780305557569,-0.4283190128235021
2018-02-14,Wednesday,269.02,no_fill,0.0,0.0,0.0
2018-02-15,Thursday,271.67,no_fill,0.0,0.0,0.0
2018-02-16,Friday,273.66,no_fill,0.0,0.0,0.0
2018-02-20,Tuesday,273.02,sell,9.254732617106688,5.254732617106688,0.250669000756983
2018-02-21,Wednesday,273.31,buy,7.210302869644557,3.210302869644557,0.1531425994619238
2018-02-22,Thursday,271.2,no_fill,0.0,0.0,0.0
2018-02-23,Friday,272.76,no_fill,0.0,0.0,0.0
2018-02-26,Monday,277.2499,no_fill,0.0,0.0,0.0
2018-02-27,Tuesday,276.35,sell,-11.916334856655363,-15.916334856655363,-0.7592644659488168
2018-02-28,Wednesday,275.57,no_fill,0.0,0.0,0.0
2018-03-01,Thursday,267.2938,sell,25.570232000817754,21.570232000817754,1.0289750013423957
2018-03-02,Friday,267.21,buy,12.344302847417268,8.344302847417268,0.39805223389794925
2018-03-05,Monday,271.79,sell,0.05339190099894861,-3.9466080990010513,-0.18826691682377641
2018-03-06,Tuesday,272.42,no_fill,0.0,0.0,0.0
2018-03-07,Wednesday,271.38,no_fill,0.0,0.0,0.0
2018-03-08,Thursday,272.94,no_fill,0.0,0.0,0.0
2018-03-09,Friday,277.93,no_fill,0.0,0.0,0.0
2018-03-12,Monday,278.69,no_fill,0.0,0.0,0.0
2018-03-13,Tuesday,277.64,no_fill,0.0,0.0,0.0
2018-03-14,Wednesday,276.225,no_fill,0.0,0.0,0.0
2018-03-15,Thursday,274.5575,no_fill,0.0,0.0,0.0
2018-03-16,Friday,274.41,no_fill,0.0,0.0,0.0
2018-03-19,Monday,269.85,no_fill,0.0,0.0,0.0
2018-03-20,Tuesday,270.3899,no_fill,0.0,0.0,0.0
2018-03-21,Wednesday,272.03,buy,0.7259504637187439,-3.274049536281256,-0.15618353691617018
2018-03-22,Thursday,267.82,sell,-4.160503938457751,-8.160503938457751,-0.3892843874238743
2018-03-23,Friday,263.82,sell,19.97416864016477,15.97416864016477,0.762023338336558
2018-03-26,Monday,262.02,buy,10.332487106324733,6.3324871063247326,0.30208163400765303
2018-03-27,Tuesday,264.83,sell,-16.809225886613902,-20.809225886613902,-0.9926723659625447
2018-03-28,Wednesday,261.08,sell,4.699798281862311,0.6997982818623107,0.03338280914138422
2018-03-29,Thursday,263.57,buy,-5.786599844009973,-9.786599844009974,-0.46685481116966565
2018-04-02,Monday,255.4015,sell,-30.183609777108327,-34.18360977710833,-1.6306769400975605
2018-04-03,Tuesday,259.07,sell,0.27080955529751183,-3.729190444702488,-0.1778953394056363
2018-04-04,Wednesday,260.39,buy,14.714419489205117,10.714419489205117,0.5111150314873691
2018-04-05,Thursday,265.16,no_fill,0.0,0.0,0.0
2018-04-06,Friday,260.395,sell,-16.930498371228616,-20.930498371228616,-0.9984574847788138
2018-04-09,Monday,264.78,sell,2.8305040038567504,-1.1694959961432496,-0.05578902184064617
2018-04-10,Tuesday,265.17,no_fill,0.0,0.0,0.0
2018-04-11,Wednesday,264.6986,sell,-6.663551583508752,-10.663551583508752,-0.508688455670743
2018-04-12,Thursday,265.615,no_fill,0.0,0.0,0.0
2018-04-13,Friday,266.0662,no_fill,0.0,0.0,0.0
2018-04-16,Monday,268.0501,no_fill,0.0,0.0,0.0
2018-04-17,Tuesday,270.15,no_fill,0.0,0.0,0.0
2018-04-18,Wednesday,270.571,no_fill,0.0,0.0,0.0
2018-04-19,Thursday,268.3,no_fill,0.0,0.0,0.0
2018-04-20,Friday,266.9508,no_fill,0.0,0.0,0.0
2018-04-23,Monday,266.92,sell,18.74943947878692,14.749439478786918,0.7035995026344167
2018-04-24,Tuesday,262.31,sell,-18.294235638064272,-22.294235638064272,-1.0635124900249184
2018-04-25,Wednesday,263.17,no_fill,0.0,0.0,0.0
2018-04-26,Thursday,266.63,no_fill,0.0,0.0,0.0
2018-04-27,Friday,266.56,no_fill,0.0,0.0,0.0
2018-04-30,Monday,266.06,sell,10.6089920423913,6.6089920423913,0.31527188003511764
2018-05-01,Tuesday,263.6611,no_fill,0.0,0.0,0.0
2018-05-02,Wednesday,264.79,buy,0.941316597313485,-3.058683402686515,-0.14590982416257747
2018-05-03,Thursday,262.65,no_fill,0.0,0.0,0.0
2018-05-04,Friday,266.03,no_fill,0.0,0.0,0.0
2018-05-07,Monday,267.59,no_fill,0.0,0.0,0.0
2018-05-08,Tuesday,266.02,no_fill,0.0,0.0,0.0
2018-05-09,Wednesday,269.63,no_fill,0.0,0.0,0.0
2018-05-10,Thursday,271.72,no_fill,0.0,0.0,0.0
2018-05-11,Friday,272.19,sell,-1.6748365067526412,-5.674836506752641,-0.2707094157323992
2018-05-14,Monday,272.9,no_fill,0.0,0.0,0.0
2018-05-15,Tuesday,270.11,no_fill,0.0,0.0,0.0
2018-05-16,Wednesday,272.485,no_fill,0.0,0.0,0.0
2018-05-17,Thursday,271.52,no_fill,0.0,0.0,0.0
2018-05-18,Friday,271.43,no_fill,0.0,0.0,0.0
2018-05-21,Monday,273.59,no_fill,0.0,0.0,0.0
2018-05-22,Tuesday,273.51,no_fill,0.0,0.0,0.0
2018-05-23,Wednesday,271.69,buy,12.163155317302962,8.163155317302962,0.3894108674056708
2018-05-24,Thursday,272.869,no_fill,0.0,0.0,0.0
2018-05-25,Friday,271.78,no_fill,0.0,0.0,0.0
2018-05-29,Tuesday,268.61,sell,-8.305077262751361,-12.305077262751361,-0.5869949332245404
2018-05-30,Wednesday,272.7875,no_fill,0.0,0.0,0.0
2018-05-31,Thursday,270.65,no_fill,0.0,0.0,0.0
2018-06-01,Friday,273.62,no_fill,0.0,0.0,0.0
2018-06-04,Monday,274.7125,no_fill,0.0,0.0,0.0
2018-06-05,Tuesday,274.94,no_fill,0.0,0.0,0.0
2018-06-06,Wednesday,276.32,no_fill,0.0,0.0,0.0
2018-06-07,Thursday,276.5,no_fill,0.0,0.0,0.0
2018-06-08,Friday,277.69,no_fill,0.0,0.0,0.0
2018-06-11,Monday,279.16,no_fill,0.0,0.0,0.0
2018-06-12,Tuesday,279.08,no_fill,0.0,0.0,0.0
2018-06-13,Wednesday,279.0989,sell,-7.745296995575995,-11.745296995575995,-0.5602914698057705
2018-06-14,Thursday,278.7,no_fill,0.0,0.0,0.0
2018-06-15,Friday,276.235,no_fill,0.0,0.0,0.0
2018-06-18,Monday,276.37,no_fill,0.0,0.0,0.0
2018-06-19,Tuesday,275.04,no_fill,0.0,0.0,0.0
2018-06-20,Wednesday,276.58,no_fill,0.0,0.0,0.0
2018-06-21,Thursday,274.89,no_fill,0.0,0.0,0.0
2018-06-22,Friday,275.5473,no_fill,0.0,0.0,0.0
2018-06-25,Monday,270.73,no_fill,0.0,0.0,0.0
2018-06-26,Tuesday,272.355,no_fill,0.0,0.0,0.0
2018-06-27,Wednesday,270.87,no_fill,0.0,0.0,0.0
2018-06-28,Thursday,270.41,no_fill,0.0,0.0,0.0
2018-06-29,Friday,272.96,no_fill,0.0,0.0,0.0
2018-07-02,Monday,270.55,no_fill,0.0,0.0,0.0
2018-07-05,Thursday,272.56,sell,5.269922228861467,1.2699222288614669,0.06057970202165311
2018-07-06,Friday,275.5,no_fill,0.0,0.0,0.0
2018-07-09,Monday,277.505,no_fill,0.0,0.0,0.0
2018-07-10,Tuesday,278.3832,no_fill,0.0,0.0,0.0
2018-07-11,Wednesday,276.87,no_fill,0.0,0.0,0.0
2018-07-12,Thursday,278.92,no_fill,0.0,0.0,0.0
2018-07-13,Friday,279.67,no_fill,0.0,0.0,0.0
2018-07-16,Monday,279.42,no_fill,0.0,0.0,0.0
2018-07-17,Tuesday,280.55,no_fill,0.0,0.0,0.0
2018-07-18,Wednesday,280.82,no_fill,0.0,0.0,0.0
2018-07-19,Thursday,280.55,no_fill,0.0,0.0,0.0
2018-07-20,Friday,280.09,no_fill,0.0,0.0,0.0
2018-07-23,Monday,280.1601,no_fill,0.0,0.0,0.0
2018-07-24,Tuesday,281.13,no_fill,0.0,0.0,0.0
2018-07-25,Wednesday,282.525,no_fill,0.0,0.0,0.0
2018-07-26,Thursday,283.4,no_fill,0.0,0.0,0.0
2018-07-27,Friday,281.49,no_fill,0.0,0.0,0.0
2018-07-30,Monday,280.4749,no_fill,0.0,0.0,0.0
2018-07-31,Tuesday,281.71,no_fill,0.0,0.0,0.0
2018-08-01,Wednesday,280.62,no_fill,0.0,0.0,0.0
2018-08-02,Thursday,282.37,no_fill,0.0,0.0,0.0
2018-08-03,Friday,283.285,no_fill,0.0,0.0,0.0
2018-08-06,Monday,284.46,no_fill,0.0,0.0,0.0
2018-08-07,Tuesday,285.845,no_fill,0.0,0.0,0.0
2018-08-08,Wednesday,285.68,no_fill,0.0,0.0,0.0
2018-08-09,Thursday,285.79,no_fill,0.0,0.0,0.0
2018-08-10,Friday,282.77,no_fill,0.0,0.0,0.0
2018-08-13,Monday,282.45,no_fill,0.0,0.0,0.0
2018-08-14,Tuesday,284.04,no_fill,0.0,0.0,0.0
2018-08-15,Wednesday,281.0199,no_fill,0.0,0.0,0.0
2018-08-16,Thursday,284.4685,no_fill,0.0,0.0,0.0
2018-08-17,Friday,284.45,buy,-1.715162917612264,-5.715162917612264,-0.27263312562420017
2018-08-20,Monday,285.84,no_fill,0.0,0.0,0.0
2018-08-21,Tuesday,287.11,no_fill,0.0,0.0,0.0
2018-08-22,Wednesday,286.435,no_fill,0.0,0.0,0.0
2018-08-23,Thursday,285.77,no_fill,0.0,0.0,0.0
2018-08-24,Friday,287.38,no_fill,0.0,0.0,0.0
2018-08-27,Monday,289.7149,no_fill,0.0,0.0,0.0
2018-08-28,Tuesday,289.9236,no_fill,0.0,0.0,0.0
2018-08-29,Wednesday,291.1498,no_fill,0.0,0.0,0.0
2018-08-30,Thursday,291.23,no_fill,0.0,0.0,0.0
2018-08-31,Friday,289.8,no_fill,0.0,0.0,0.0
2018-09-04,Tuesday,289.61,no_fill,0.0,0.0,0.0
2018-09-05,Wednesday,289.1197,no_fill,0.0,0.0,0.0
2018-09-06,Thursday,287.6415,no_fill,0.0,0.0,0.0
2018-09-07,Friday,287.15,no_fill,0.0,0.0,0.0
2018-09-10,Monday,288.27,no_fill,0.0,0.0,0.0
2018-09-11,Tuesday,289.16,no_fill,0.0,0.0,0.0
2018-09-12,Wednesday,288.82,no_fill,0.0,0.0,0.0
2018-09-13,Thursday,290.56,no_fill,0.0,0.0,0.0
2018-09-14,Friday,290.63,no_fill,0.0,0.0,0.0
2018-09-17,Monday,289.96,no_fill,0.0,0.0,0.0
2018-09-18,Tuesday,291.225,no_fill,0.0,0.0,0.0
2018-09-19,Wednesday,291.26,no_fill,0.0,0.0,0.0
2018-09-20,Thursday,293.47,no_fill,0.0,0.0,0.0
2018-09-21,Friday,292.57,no_fill,0.0,0.0,0.0
2018-09-24,Monday,291.0,no_fill,0.0,0.0,0.0
2018-09-25,Tuesday,290.78,no_fill,0.0,0.0,0.0
2018-09-26,Wednesday,291.41,no_fill,0.0,0.0,0.0
2018-09-27,Thursday,291.43,no_fill,0.0,0.0,0.0
2018-09-28,Friday,290.86,no_fill,0.0,0.0,0.0
2018-10-01,Monday,292.04,no_fill,0.0,0.0,0.0
2018-10-02,Tuesday,292.16,no_fill,0.0,0.0,0.0
2018-10-03,Wednesday,292.76,no_fill,0.0,0.0,0.0
2018-10-04,Thursday,288.15,no_fill,0.0,0.0,0.0
2018-10-05,Friday,287.23,no_fill,0.0,0.0,0.0
2018-10-08,Monday,286.4,buy,4.875154965275399,0.8751549652753994,0.04174793212863537
2018-10-09,Tuesday,287.6701,no_fill,0.0,0.0,0.0
2018-10-10,Wednesday,282.85,sell,13.684505717744006,9.684505717744006,0.4619845666721752
2018-10-11,Thursday,275.99,sell,18.35018472609253,14.350184726092529,0.6845536639214121
2018-10-12,Friday,273.85,sell,21.030958360480955,17.030958360480955,0.8124358792790826
2018-10-15,Monday,276.5599,sell,11.576229104567302,7.576229104567302,0.3614124480787638
2018-10-16,Tuesday,279.36,no_fill,0.0,0.0,0.0
2018-10-17,Wednesday,280.765,sell,-1.195412708617648,-5.195412708617648,-0.2478392350449208
2018-10-18,Thursday,275.405,buy,-0.08449105730471243,-4.084491057304713,-0.19484441293973032
2018-10-19,Friday,276.73,sell,5.778032687082889,1.7780326870828889,0.08481833605260149
2018-10-22,Monday,275.0838,no_fill,0.0,0.0,0.0
2018-10-23,Tuesday,271.66,buy,14.743563841470435,10.743563841470435,0.512505318337793
2018-10-24,Wednesday,269.49,sell,-3.5224835702483697,-7.52248357024837,-0.35884859937997027
2018-10-25,Thursday,269.81,buy,1.6456684178418117,-2.3543315821581885,-0.1123097954078484
2018-10-26,Friday,267.29,sell,28.421729721086532,24.421729721086532,1.1650013486913795
2018-10-29,Monday,266.99,sell,24.35721557851581,20.35721557851581,0.9711099039841858
2018-10-30,Tuesday,265.32,sell,7.681821648787676,3.6818216487876763,0.17563568328148413
2018-10-31,Wednesday,272.42,no_fill,0.0,0.0,0.0
2018-11-01,Thursday,272.82,no_fill,0.0,0.0,0.0
2018-11-02,Friday,270.91,sell,8.567268386439274,4.567268386439274,0.21787456870604197
2018-11-05,Monday,272.86,no_fill,0.0,0.0,0.0
2018-11-06,Tuesday,274.72,no_fill,0.0,0.0,0.0
2018-11-07,Wednesday,279.24,buy,-0.192170632775817,-4.192170632775817,-0.1999811027681349
2018-11-08,Thursday,280.4975,sell,-28.716913666171347,-32.71691366617135,-1.5607104403091923
2018-11-09,Friday,276.74,no_fill,0.0,0.0,0.0
2018-11-12,Monday,273.97,buy,-4.658128966845017,-8.658128966845016,-0.41302283002539025
2018-11-13,Tuesday,273.0911,sell,6.174630523053281,2.174630523053281,0.10373743060775298
2018-11-14,Wednesday,269.51,sell,-15.39717767067497,-19.39717767067497,-0.9253127606121615
2018-11-15,Thursday,272.4525,no_fill,0.0,0.0,0.0
2018-11-16,Friday,272.86,no_fill,0.0,0.0,0.0
2018-11-19,Monday,268.71,sell,-4.588303698912015,-8.588303698912014,-0.4096919221722726
2018-11-20,Tuesday,264.37,sell,-31.554050716704257,-35.55405071670425,-1.6960517338228633
2018-11-21,Wednesday,266.59,no_fill,0.0,0.0,0.0
2018-11-26,Monday,266.65,no_fill,0.0,0.0,0.0
2018-11-27,Tuesday,267.72,no_fill,0.0,0.0,0.0
2018-11-28,Wednesday,273.3,no_fill,0.0,0.0,0.0
2018-11-29,Thursday,274.15,buy,-2.724643090063529,-6.724643090063529,-0.3207888367803798
2018-11-30,Friday,275.19,no_fill,0.0,0.0,0.0
2018-12-03,Monday,278.2925,sell,-10.452309862508905,-14.452309862508905,-0.6894253877108062
2018-12-04,Tuesday,272.24,sell,-38.96165842809884,-42.96165842809884,-2.0494203556572144
2018-12-06,Thursday,267.2,sell,8.228782904925533,4.2287829049255325,0.20172763534056964
2018-12-07,Friday,264.4,sell,6.2686336119835175,2.2686336119835175,0.1082217045160963
2018-12-10,Monday,263.0213,no_fill,0.0,0.0,0.0
2018-12-11,Tuesday,262.695,no_fill,0.0,0.0,0.0
2018-12-12,Wednesday,268.22,sell,13.7101957410262,9.7101957410262,0.4632100700297783
2018-12-13,Thursday,264.92,sell,-1.6249205292118187,-5.624920529211819,-0.2683282501957871
2018-12-14,Friday,261.11,no_fill,0.0,0.0,0.0
2018-12-17,Monday,256.39,sell,-12.772186800422478,-16.772186800422478,-0.8000915768928842
2018-12-18,Tuesday,255.9,buy,-5.3317279607961625,-9.331727960796162,-0.445155842117186
2018-12-19,Wednesday,258.87,sell,140.50817475282312,136.50817475282312,6.51191416458613
2018-12-20,Thursday,246.78,sell,34.75480938345538,30.75480938345538,1.4671112496808745
2018-12-21,Friday,243.62,sell,10.028053586125017,6.028053586125017,0.287559097493243
2018-12-24,Monday,233.2,no_fill,0.0,0.0,0.0
2018-12-26,Wednesday,241.2721,sell,-2.6391238262727983,-6.639123826272798,-0.31670927080396694
2018-12-27,Thursday,239.99,sell,2.3714717345270078,-1.6285282654729922,-0.07768645576402113
2018-12-28,Friday,248.57,buy,35.35932890951062,31.359328909510623,1.4959489311722285
2018-12-31,Monday,248.96,no_fill,0.0,0.0,0.0
2019-01-02,Wednesday,251.16,sell,28.408085074596432,24.408085074596432,1.1643504516523522
2019-01-03,Thursday,245.21,buy,-11.990932226206604,-15.990932226206604,-0.7628230196273873
2019-01-04,Friday,252.16,sell,-11.048493760017328,-15.048493760017328,-0.7178654307625354
2019-01-07,Monday,254.84,no_fill,0.0,0.0,0.0
2019-01-08,Tuesday,256.21,no_fill,0.0,0.0,0.0
2019-01-09,Wednesday,258.17,buy,-4.694483549730499,-8.6944835497305,-0.41475706992470956
2019-01-10,Thursday,257.445,buy,11.859710759643317,7.859710759643317,0.3749355078400742
2019-01-11,Friday,258.33,no_fill,0.0,0.0,0.0
2019-01-14,Monday,257.97,no_fill,0.0,0.0,0.0
2019-01-15,Tuesday,260.1388,no_fill,0.0,0.0,0.0
2019-01-16,Wednesday,261.41,no_fill,0.0,0.0,0.0
2019-01-17,Thursday,261.86,no_fill,0.0,0.0,0.0
2019-01-18,Friday,266.47,no_fill,0.0,0.0,0.0
2019-01-22,Tuesday,262.51,no_fill,0.0,0.0,0.0
2019-01-23,Wednesday,262.45,no_fill,0.0,0.0,0.0
2019-01-24,Thursday,262.76,no_fill,0.0,0.0,0.0
2019-01-25,Friday,266.2,no_fill,0.0,0.0,0.0
2019-01-28,Monday,263.26,no_fill,0.0,0.0,0.0
2019-01-29,Tuesday,263.8655,no_fill,0.0,0.0,0.0
2019-01-30,Wednesday,265.4525,buy,54.286033638294775,50.286033638294775,2.398818498034999
2019-01-31,Thursday,269.69,no_fill,0.0,0.0,0.0
2019-02-01,Friday,270.1399,no_fill,0.0,0.0,0.0
2019-02-04,Monday,271.39,no_fill,0.0,0.0,0.0
2019-02-05,Tuesday,272.435,buy,1.7948881638969063,-2.205111836103094,-0.10519149513219389
2019-02-06,Wednesday,272.765,no_fill,0.0,0.0,0.0
2019-02-07,Thursday,269.43,no_fill,0.0,0.0,0.0
2019-02-08,Friday,269.2801,no_fill,0.0,0.0,0.0
2019-02-11,Monday,270.48,no_fill,0.0,0.0,0.0
2019-02-12,Tuesday,274.5,no_fill,0.0,0.0,0.0
2019-02-13,Wednesday,274.97,no_fill,0.0,0.0,0.0
2019-02-14,Thursday,274.98,no_fill,0.0,0.0,0.0
2019-02-15,Friday,276.49,no_fill,0.0,0.0,0.0
2019-02-19,Tuesday,277.95,no_fill,0.0,0.0,0.0
2019-02-20,Wednesday,278.42,no_fill,0.0,0.0,0.0
2019-02-21,Thursday,277.75,no_fill,0.0,0.0,0.0
2019-02-22,Friday,278.8917,no_fill,0.0,0.0,0.0
2019-02-25,Monday,280.21,no_fill,0.0,0.0,0.0
2019-02-26,Tuesday,279.4545,no_fill,0.0,0.0,0.0
2019-02-27,Wednesday,279.18,no_fill,0.0,0.0,0.0
2019-02-28,Thursday,279.1557,no_fill,0.0,0.0,0.0
2019-03-01,Friday,279.7385,no_fill,0.0,0.0,0.0
2019-03-04,Monday,278.47,no_fill,0.0,0.0,0.0
2019-03-05,Tuesday,279.16,no_fill,0.0,0.0,0.0
2019-03-06,Wednesday,277.8,no_fill,0.0,0.0,0.0
2019-03-07,Thursday,275.53,no_fill,0.0,0.0,0.0
2019-03-08,Friday,273.02,no_fill,0.0,0.0,0.0
2019-03-11,Monday,278.19,no_fill,0.0,0.0,0.0
2019-03-12,Tuesday,279.9,no_fill,0.0,0.0,0.0
2019-03-13,Wednesday,282.02,no_fill,0.0,0.0,0.0
2019-03-14,Thursday,281.04,no_fill,0.0,0.0,0.0
2019-03-15,Friday,281.725,no_fill,0.0,0.0,0.0
2019-03-18,Monday,282.11,no_fill,0.0,0.0,0.0
2019-03-19,Tuesday,283.15,no_fill,0.0,0.0,0.0
2019-03-20,Wednesday,281.24,buy,31.305691241574845,27.305691241574845,1.3025763320899528
2019-03-21,Thursday,284.07,no_fill,0.0,0.0,0.0
2019-03-22,Friday,279.81,buy,10.129693210402177,6.129693210402177,0.29240766066692914
2019-03-25,Monday,278.17,no_fill,0.0,0.0,0.0
2019-03-26,Tuesday,279.98,no_fill,0.0,0.0,0.0
2019-03-27,Wednesday,279.76,no_fill,0.0,0.0,0.0
2019-03-28,Thursday,280.39,no_fill,0.0,0.0,0.0
2019-03-29,Friday,281.95,no_fill,0.0,0.0,0.0
2019-04-01,Monday,285.5451,no_fill,0.0,0.0,0.0
2019-04-02,Tuesday,285.77,no_fill,0.0,0.0,0.0
2019-04-03,Wednesday,286.5,no_fill,0.0,0.0,0.0
2019-04-04,Thursday,286.65,no_fill,0.0,0.0,0.0
2019-04-05,Friday,288.415,no_fill,0.0,0.0,0.0
2019-04-08,Monday,288.43,no_fill,0.0,0.0,0.0
2019-04-09,Tuesday,287.35,no_fill,0.0,0.0,0.0
2019-04-10,Wednesday,288.0,no_fill,0.0,0.0,0.0
2019-04-11,Thursday,287.86,no_fill,0.0,0.0,0.0
2019-04-12,Friday,289.8285,no_fill,0.0,0.0,0.0
2019-04-15,Monday,289.855,no_fill,0.0,0.0,0.0
2019-04-16,Tuesday,290.22,no_fill,0.0,0.0,0.0
2019-04-17,Wednesday,289.53,no_fill,0.0,0.0,0.0
2019-04-18,Thursday,290.07,no_fill,0.0,0.0,0.0
2019-04-22,Monday,290.12,no_fill,0.0,0.0,0.0
2019-04-23,Tuesday,292.76,no_fill,0.0,0.0,0.0
2019-04-24,Wednesday,292.425,no_fill,0.0,0.0,0.0
2019-04-25,Thursday,292.545,no_fill,0.0,0.0,0.0
2019-04-26,Friday,292.45,no_fill,0.0,0.0,0.0
2019-04-29,Monday,294.2,no_fill,0.0,0.0,0.0
2019-04-30,Tuesday,293.94,no_fill,0.0,0.0,0.0
2019-05-01,Wednesday,294.35,no_fill,0.0,0.0,0.0
2019-05-02,Thursday,290.985,no_fill,0.0,0.0,0.0
2019-05-03,Friday,294.19,no_fill,0.0,0.0,0.0
2019-05-06,Monday,291.74,no_fill,0.0,0.0,0.0
2019-05-07,Tuesday,287.2325,no_fill,0.0,0.0,0.0
2019-05-08,Wednesday,288.72,no_fill,0.0,0.0,0.0
2019-05-09,Thursday,286.64,no_fill,0.0,0.0,0.0
2019-05-10,Friday,286.604,no_fill,0.0,0.0,0.0
2019-05-13,Monday,281.12,no_fill,0.0,0.0,0.0
2019-05-14,Tuesday,284.86,no_fill,0.0,0.0,0.0
2019-05-15,Wednesday,285.44,no_fill,0.0,0.0,0.0
2019-05-16,Thursday,288.13,no_fill,0.0,0.0,0.0
2019-05-17,Friday,287.64,no_fill,0.0,0.0,0.0
2019-05-20,Monday,284.495,no_fill,0.0,0.0,0.0
2019-05-21,Tuesday,286.69,no_fill,0.0,0.0,0.0
2019-05-22,Wednesday,285.88,no_fill,0.0,0.0,0.0
2019-05-23,Thursday,281.21,no_fill,0.0,0.0,0.0
2019-05-24,Friday,283.1,no_fill,0.0,0.0,0.0
2019-05-28,Tuesday,282.6135,no_fill,0.0,0.0,0.0
2019-05-29,Wednesday,278.2,no_fill,0.0,0.0,0.0
2019-05-30,Thursday,278.7565,no_fill,0.0,0.0,0.0
2019-05-31,Friday,276.52,sell,2.543603285862717,-1.4563967141372829,-0.06947518278095746
2019-06-03,Monday,274.92,buy,-15.142958988850125,-19.142958988850125,-0.913185646334389
2019-06-04,Tuesday,279.785,no_fill,0.0,0.0,0.0
2019-06-05,Wednesday,282.4884,no_fill,0.0,0.0,0.0
2019-06-06,Thursday,283.7338,no_fill,0.0,0.0,0.0
2019-06-07,Friday,288.295,no_fill,0.0,0.0,0.0
2019-06-10,Monday,289.67,no_fill,0.0,0.0,0.0
2019-06-11,Tuesday,289.14,no_fill,0.0,0.0,0.0
2019-06-12,Wednesday,288.39,no_fill,0.0,0.0,0.0
2019-06-13,Thursday,289.555,no_fill,0.0,0.0,0.0
2019-06-14,Friday,288.76,no_fill,0.0,0.0,0.0
2019-06-17,Monday,289.98,no_fill,0.0,0.0,0.0
2019-06-18,Tuesday,292.43,no_fill,0.0,0.0,0.0
2019-06-19,Wednesday,292.18,sell,-41.49812032878481,-45.49812032878481,-2.170418399978867
2019-06-20,Thursday,295.0,no_fill,0.0,0.0,0.0
2019-06-21,Friday,294.5234,no_fill,0.0,0.0,0.0
2019-06-24,Monday,293.9,no_fill,0.0,0.0,0.0
2019-06-25,Tuesday,291.8501,no_fill,0.0,0.0,0.0
2019-06-26,Wednesday,290.9733,no_fill,0.0,0.0,0.0
2019-06-27,Thursday,291.87,no_fill,0.0,0.0,0.0
2019-06-28,Friday,292.555,no_fill,0.0,0.0,0.0
2019-07-01,Monday,294.87,no_fill,0.0,0.0,0.0
2019-07-02,Tuesday,295.5665,no_fill,0.0,0.0,0.0
2019-07-05,Friday,298.025,no_fill,0.0,0.0,0.0
2019-07-08,Monday,296.615,no_fill,0.0,0.0,0.0
2019-07-09,Tuesday,296.79,no_fill,0.0,0.0,0.0
2019-07-10,Wednesday,298.92,no_fill,0.0,0.0,0.0
2019-07-11,Thursday,298.4965,no_fill,0.0,0.0,0.0
2019-07-12,Friday,299.9901,no_fill,0.0,0.0,0.0
2019-07-15,Monday,300.43,no_fill,0.0,0.0,0.0
2019-07-16,Tuesday,299.59,no_fill,0.0,0.0,0.0
2019-07-17,Wednesday,298.99,no_fill,0.0,0.0,0.0
2019-07-18,Thursday,297.64,no_fill,0.0,0.0,0.0
2019-07-19,Friday,299.02,no_fill,0.0,0.0,0.0
2019-07-22,Monday,298.05,no_fill,0.0,0.0,0.0
2019-07-23,Tuesday,299.75,no_fill,0.0,0.0,0.0
2019-07-24,Wednesday,300.41,no_fill,0.0,0.0,0.0
2019-07-25,Thursday,299.66,buy,-2.274987635816867,-6.274987635816867,-0.29933870951148744
2019-07-26,Friday,301.775,no_fill,0.0,0.0,0.0
2019-07-29,Monday,301.46,no_fill,0.0,0.0,0.0
2019-07-30,Tuesday,300.66,no_fill,0.0,0.0,0.0
2019-07-31,Wednesday,300.96,sell,-6.708447896629252,-10.708447896629252,-0.5108301657762107
2019-08-01,Thursday,296.41,sell,-4.431677692718666,-8.431677692718665,-0.40222031755870397
2019-08-02,Friday,291.52,buy,7.508626072599012,3.5086260725990117,0.1673736526165162
2019-08-05,Monday,284.1317,no_fill,0.0,0.0,0.0
2019-08-06,Tuesday,286.6,no_fill,0.0,0.0,0.0
2019-08-07,Wednesday,286.75,buy,-8.757079720300043,-12.757079720300043,-0.6085570207044196
2019-08-08,Thursday,292.64,no_fill,0.0,0.0,0.0
2019-08-09,Friday,291.98,no_fill,0.0,0.0,0.0
2019-08-12,Monday,288.49,no_fill,0.0,0.0,0.0
2019-08-13,Tuesday,292.67,no_fill,0.0,0.0,0.0
2019-08-14,Wednesday,285.5199,sell,-11.86014084434585,-15.86014084434585,-0.7565838163438694
2019-08-15,Thursday,282.68,buy,14.589734413541706,10.589734413541706,0.505167120222749
2019-08-16,Friday,288.87,no_fill,0.0,0.0,0.0
2019-08-19,Monday,292.65,no_fill,0.0,0.0,0.0
2019-08-20,Tuesday,291.25,sell,-1.563692230638285,-5.563692230638285,-0.26540744764695473
2019-08-21,Wednesday,292.32,no_fill,0.0,0.0,0.0
2019-08-22,Thursday,292.6,no_fill,0.0,0.0,0.0
2019-08-23,Friday,286.62,no_fill,0.0,0.0,0.0
2019-08-26,Monday,287.13,sell,-2.330158766635617,-6.330158766635617,-0.3019705641158391
2019-08-27,Tuesday,287.4643,sell,-1.6804394911794625,-5.680439491179462,-0.27097669755430503
2019-08-28,Wednesday,288.48,no_fill,0.0,0.0,0.0
2019-08-29,Thursday,292.94,no_fill,0.0,0.0,0.0
2019-08-30,Friday,292.3921,no_fill,0.0,0.0,0.0
2019-09-03,Tuesday,289.78,no_fill,0.0,0.0,0.0
2019-09-04,Wednesday,293.195,no_fill,0.0,0.0,0.0
2019-09-05,Thursday,297.71,no_fill,0.0,0.0,0.0
2019-09-06,Friday,298.6249,no_fill,0.0,0.0,0.0
2019-09-09,Monday,297.8,no_fill,0.0,0.0,0.0
2019-09-10,Tuesday,297.165,no_fill,0.0,0.0,0.0
2019-09-11,Wednesday,299.595,no_fill,0.0,0.0,0.0
2019-09-12,Thursday,302.18,no_fill,0.0,0.0,0.0
2019-09-13,Friday,301.1436,no_fill,0.0,0.0,0.0
2019-09-16,Monday,300.26,no_fill,0.0,0.0,0.0
2019-09-17,Tuesday,300.28,no_fill,0.0,0.0,0.0
2019-09-18,Wednesday,300.15,sell,22.348843633045494,18.348843633045494,0.8753035851088024
2019-09-19,Thursday,301.78,no_fill,0.0,0.0,0.0
2019-09-20,Friday,298.68,no_fill,0.0,0.0,0.0
2019-09-23,Monday,298.72,no_fill,0.0,0.0,0.0
2019-09-24,Tuesday,295.46,sell,-55.14681815721629,-59.14681815721629,-2.82150870191905
2019-09-25,Wednesday,296.88,no_fill,0.0,0.0,0.0
2019-09-26,Thursday,296.87,buy,-7.488922721985303,-11.488922721985304,-0.5480615263122496
2019-09-27,Friday,295.23,sell,-5.720480442170902,-9.720480442170903,-0.4637006860033931
2019-09-30,Monday,297.305,no_fill,0.0,0.0,0.0
2019-10-01,Tuesday,293.24,no_fill,0.0,0.0,0.0
2019-10-02,Wednesday,287.32,no_fill,0.0,0.0,0.0
2019-10-03,Thursday,289.98,no_fill,0.0,0.0,0.0
2019-10-04,Friday,293.03,no_fill,0.0,0.0,0.0
2019-10-07,Monday,295.15,sell,7.039876624652477,3.039876624652477,0.14501267551567895
2019-10-08,Tuesday,290.62,no_fill,0.0,0.0,0.0
2019-10-09,Wednesday,291.39,no_fill,0.0,0.0,0.0
2019-10-10,Thursday,293.4,sell,-4.0916682173680785,-8.091668217368078,-0.38600068439286533
2019-10-11,Friday,298.13,no_fill,0.0,0.0,0.0
2019-10-14,Monday,296.37,no_fill,0.0,0.0,0.0
2019-10-15,Tuesday,299.48,no_fill,0.0,0.0,0.0
2019-10-16,Wednesday,298.1,no_fill,0.0,0.0,0.0
2019-10-17,Thursday,299.38,no_fill,0.0,0.0,0.0
2019-10-18,Friday,298.57,no_fill,0.0,0.0,0.0
2019-10-21,Monday,299.68,no_fill,0.0,0.0,0.0
2019-10-22,Tuesday,300.5,no_fill,0.0,0.0,0.0
2019-10-23,Wednesday,299.29,no_fill,0.0,0.0,0.0
2019-10-24,Thursday,299.745,no_fill,0.0,0.0,0.0
2019-10-25,Friday,301.725,no_fill,0.0,0.0,0.0
2019-10-28,Monday,303.44,no_fill,0.0,0.0,0.0
2019-10-29,Tuesday,303.79,no_fill,0.0,0.0,0.0
2019-10-30,Wednesday,302.5,buy,-4.599197497902634,-8.599197497902633,-0.4102115942291411
2019-10-31,Thursday,302.36,no_fill,0.0,0.0,0.0
2019-11-01,Friday,305.85,no_fill,0.0,0.0,0.0
2019-11-04,Monday,307.59,no_fill,0.0,0.0,0.0
2019-11-05,Tuesday,307.31,no_fill,0.0,0.0,0.0
2019-11-06,Wednesday,307.1,no_fill,0.0,0.0,0.0
2019-11-07,Thursday,308.75,no_fill,0.0,0.0,0.0
2019-11-08,Friday,308.1,no_fill,0.0,0.0,0.0
2019-11-11,Monday,308.505,no_fill,0.0,0.0,0.0
2019-11-12,Tuesday,309.505,sell,0.8461837633782814,-3.1538162366217186,-0.15044799083238755
2019-11-13,Wednesday,308.83,no_fill,0.0,0.0,0.0
2019-11-14,Thursday,308.74,no_fill,0.0,0.0,0.0
2019-11-15,Friday,311.145,no_fill,0.0,0.0,0.0
2019-11-18,Monday,312.13,no_fill,0.0,0.0,0.0
2019-11-19,Tuesday,311.93,no_fill,0.0,0.0,0.0
2019-11-20,Wednesday,309.99,no_fill,0.0,0.0,0.0
2019-11-21,Thursday,310.38,no_fill,0.0,0.0,0.0
2019-11-22,Friday,310.895,no_fill,0.0,0.0,0.0
2019-11-25,Monday,312.905,no_fill,0.0,0.0,0.0
2019-11-26,Tuesday,313.67,no_fill,0.0,0.0,0.0
2019-11-27,Wednesday,315.295,no_fill,0.0,0.0,0.0
2019-12-02,Monday,312.04,no_fill,0.0,0.0,0.0
2019-12-03,Tuesday,308.79,no_fill,0.0,0.0,0.0
2019-12-04,Wednesday,311.68,no_fill,0.0,0.0,0.0
2019-12-05,Thursday,311.57,no_fill,0.0,0.0,0.0
2019-12-06,Friday,315.07,no_fill,0.0,0.0,0.0
2019-12-09,Monday,314.4339,no_fill,0.0,0.0,0.0
2019-12-10,Tuesday,313.835,no_fill,0.0,0.0,0.0
2019-12-11,Wednesday,313.88,no_fill,0.0,0.0,0.0
2019-12-12,Thursday,316.2,no_fill,0.0,0.0,0.0
2019-12-13,Friday,317.425,no_fill,0.0,0.0,0.0
2019-12-16,Monday,320.05,no_fill,0.0,0.0,0.0
2019-12-17,Tuesday,319.89,no_fill,0.0,0.0,0.0
2019-12-18,Wednesday,320.0,no_fill,0.0,0.0,0.0
2019-12-19,Thursday,320.79,no_fill,0.0,0.0,0.0
2019-12-20,Friday,321.0885,no_fill,0.0,0.0,0.0
2019-12-23,Monday,321.38,no_fill,0.0,0.0,0.0
2019-12-26,Thursday,322.34,no_fill,0.0,0.0,0.0
2019-12-27,Friday,322.91,no_fill,0.0,0.0,0.0
2019-12-30,Monday,321.73,no_fill,0.0,0.0,0.0
2019-12-31,Tuesday,320.92,no_fill,0.0,0.0,0.0
2020-01-02,Thursday,323.165,no_fill,0.0,0.0,0.0
2020-01-03,Friday,322.94,no_fill,0.0,0.0,0.0
2020-01-06,Monday,322.75,no_fill,0.0,0.0,0.0
2020-01-07,Tuesday,323.149,no_fill,0.0,0.0,0.0
2020-01-08,Wednesday,324.61,no_fill,0.0,0.0,0.0
2020-01-09,Thursday,326.19,no_fill,0.0,0.0,0.0
2020-01-10,Friday,326.765,no_fill,0.0,0.0,0.0
2020-01-13,Monday,327.23,no_fill,0.0,0.0,0.0
2020-01-14,Tuesday,327.61,sell,-6.006025461307989,-10.006025461307988,-0.47732217539853533
2020-01-15,Wednesday,327.93,no_fill,0.0,0.0,0.0
2020-01-16,Thursday,330.08,no_fill,0.0,0.0,0.0
2020-01-17,Friday,331.66,no_fill,0.0,0.0,0.0
2020-01-21,Tuesday,331.0,no_fill,0.0,0.0,0.0
2020-01-22,Wednesday,332.06,no_fill,0.0,0.0,0.0
2020-01-23,Thursday,331.1979,no_fill,0.0,0.0,0.0
2020-01-24,Friday,328.46,no_fill,0.0,0.0,0.0
2020-01-27,Monday,324.6187,no_fill,0.0,0.0,0.0
2020-01-28,Tuesday,327.09,no_fill,0.0,0.0,0.0
2020-01-29,Wednesday,328.04,no_fill,0.0,0.0,0.0
2020-01-30,Thursday,324.54,no_fill,0.0,0.0,0.0
2020-01-31,Friday,322.47,no_fill,0.0,0.0,0.0
2020-02-03,Monday,324.62,no_fill,0.0,0.0,0.0
2020-02-04,Tuesday,329.6401,no_fill,0.0,0.0,0.0
2020-02-05,Wednesday,332.11,no_fill,0.0,0.0,0.0
2020-02-06,Thursday,333.8701,no_fill,0.0,0.0,0.0
2020-02-07,Friday,332.27,no_fill,0.0,0.0,0.0
2020-02-10,Monday,333.19,no_fill,0.0,0.0,0.0
2020-02-11,Tuesday,335.87,no_fill,0.0,0.0,0.0
2020-02-12,Wednesday,336.99,no_fill,0.0,0.0,0.0
2020-02-13,Thursday,337.88,no_fill,0.0,0.0,0.0
2020-02-14,Friday,336.59,no_fill,0.0,0.0,0.0
2020-02-18,Tuesday,336.22,no_fill,0.0,0.0,0.0
2020-02-19,Wednesday,338.64,no_fill,0.0,0.0,0.0
2020-02-20,Thursday,335.85,buy,-0.12019577906199054,-4.120195779061991,-0.19654765220561918
2020-02-21,Friday,333.08,no_fill,0.0,0.0,0.0
2020-02-24,Monday,322.99,sell,4.1153419333771195,0.11534193337711951,0.005502210919523564
2020-02-25,Tuesday,315.085,sell,-4.300663336125888,-8.300663336125888,-0.3959704776058553
2020-02-26,Wednesday,311.1,buy,34.003414933059865,30.003414933059865,1.4312671240555643
2020-02-27,Thursday,304.52,sell,-13.245770942849422,-17.245770942849422,-0.8226831857161471
2020-02-28,Friday,290.235,sell,12.63063350111568,8.63063350111568,0.41171120079095824
2020-03-02,Monday,302.57,buy,2.1723084195858298,-1.8276915804141702,-0.08718723777930892
2020-03-03,Tuesday,300.21,buy,-33.287539900645406,-37.287539900645406,-1.7787451900316447
2020-03-04,Wednesday,308.98,sell,-10.282530929308967,-14.282530929308967,-0.6813263427858052
2020-03-05,Thursday,303.49,sell,-11.407329561562047,-15.407329561562047,-0.7349831450904193
2020-03-06,Friday,293.63,sell,-0.5289544895401943,-4.528954489540194,-0.2160468627216247
2020-03-09,Monday,275.84,sell,-21.687891866181896,-25.687891866181896,-1.225401681654873
2020-03-10,Tuesday,277.17,sell,-74.35966613054272,-78.35966613054272,-3.7380282956070237
2020-03-11,Wednesday,275.97,sell,37.37684074077229,33.37684074077229,1.5921912543517875
2020-03-12,Thursday,257.12,double_stop,-41.925667723078476,-47.925667723078476,-2.286220843977029
2020-03-13,Friday,259.33,sell,72.74017003311292,68.74017003311292,3.279144913667008
2020-03-16,Monday,247.205,sell,4.319826278829613,0.3198262788296127,0.015256824575440718
2020-03-17,Tuesday,249.6201,buy,62.359783187327416,58.359783187327416,2.783964399698879
2020-03-18,Wednesday,231.88,sell,54.50723686469757,50.50723686469757,2.409370660393574
2020-03-19,Thursday,244.47,sell,-4.396383990389584,-8.396383990389584,-0.40053668534742004
2020-03-20,Friday,237.83,sell,27.180798144515478,23.180798144515478,1.1058046014973941
2020-03-23,Monday,222.95,sell,17.1623063044169,13.162306304416902,0.6278877365223956
2020-03-24,Tuesday,237.25,buy,-89.24523639051777,-93.24523639051777,-4.448121709421927
2020-03-25,Wednesday,254.03,sell,-7.952559484497963,-11.952559484497963,-0.5701786105564414
2020-03-26,Thursday,256.75,buy,-52.90051643213282,-56.90051643213282,-2.714352305988976
2020-03-27,Friday,255.6699,sell,-29.571590699946313,-33.57159069994631,-1.6014815039650012
2020-03-30,Monday,259.0919,sell,4.777067694625817,0.777067694625817,0.037068828563847585
2020-03-31,Tuesday,260.1,sell,9.025632113087106,5.025632113087106,0.23974011082097507
2020-04-01,Wednesday,247.9,buy,-29.35331389381056,-33.353313893810565,-1.5910689420195372
2020-04-02,Thursday,248.25,sell,9.506451133425434,5.5064511334254345,0.2626768484545492
2020-04-03,Friday,246.09,sell,-1.0514193383976573,-5.0514193383976576,-0.2409702510530104
2020-04-06,Monday,262.81,sell,27.74535836858947,23.74535836858947,1.1327360854657806
2020-04-07,Tuesday,270.78,sell,22.614978384561752,18.614978384561752,0.8879991373072357
2020-04-08,Wednesday,270.31,buy,26.09424874731679,22.09424874731679,1.0539724205825707
2020-04-09,Thursday,279.89,sell,34.05878177317163,30.05878177317163,1.4339083146730862
2020-04-13,Monday,274.085,buy,-53.61693751551537,-57.61693751551537,-2.7485280805104244
2020-04-14,Tuesday,283.73,no_fill,0.0,0.0,0.0
2020-04-15,Wednesday,277.1699,buy,19.806383863762182,15.806383863762182,0.7540194216184837
2020-04-16,Thursday,277.4401,sell,-53.759102317326715,-57.759102317326715,-2.755309835436803
2020-04-17,Friday,284.0801,sell,-1.5985770902959726,-5.598577090295972,-0.2670715766424953
2020-04-20,Monday,284.8445,sell,8.333852576148198,4.333852576148198,0.20673982366952634
2020-04-21,Tuesday,274.02,buy,4.765215185977203,0.765215185977203,0.036503422725739025
2020-04-22,Wednesday,279.24,no_fill,0.0,0.0,0.0
2020-04-23,Thursday,279.8801,sell,-11.312272781991373,-15.312272781991373,-0.7304486064780098
2020-04-24,Friday,281.52,no_fill,0.0,0.0,0.0
2020-04-27,Monday,286.515,no_fill,0.0,0.0,0.0
2020-04-28,Tuesday,287.45,buy,2.5021165646224888,-1.4978834353775112,-0.0714542435088271
2020-04-29,Wednesday,293.69,sell,5.371055613756425,1.3710556137564254,0.06540411581813456
2020-04-30,Thursday,289.2195,buy,3.257524724242314,-0.7424752757576858,-0.035418650009907016
2020-05-01,Friday,281.95,no_fill,0.0,0.0,0.0
2020-05-04,Monday,281.46,no_fill,0.0,0.0,0.0
2020-05-05,Tuesday,288.74,no_fill,0.0,0.0,0.0
2020-05-06,Wednesday,287.01,sell,10.391474350716805,6.3914743507168055,0.3048955304866161
2020-05-07,Thursday,288.82,no_fill,0.0,0.0,0.0
2020-05-08,Friday,291.1099,no_fill,0.0,0.0,0.0
2020-05-11,Monday,293.3599,sell,-1.5361842069702198,-5.53618420697022,-0.2640952193552191
2020-05-12,Tuesday,291.484,sell,8.335515275975926,4.335515275975926,0.2068191402275218
2020-05-13,Wednesday,280.78,sell,-34.14041061202041,-38.14041061202041,-1.8194300858338184
2020-05-14,Thursday,282.09,sell,-24.153304987777563,-28.153304987777563,-1.3430104523907318
2020-05-15,Friday,285.0,buy,-10.436518072065395,-14.436518072065395,-0.6886720644460312
2020-05-18,Monday,295.585,no_fill,0.0,0.0,0.0
2020-05-19,Tuesday,295.5,no_fill,0.0,0.0,0.0
2020-05-20,Wednesday,296.5023,no_fill,0.0,0.0,0.0
2020-05-21,Thursday,295.19,no_fill,0.0,0.0,0.0
2020-05-22,Friday,294.75,no_fill,0.0,0.0,0.0
2020-05-26,Tuesday,301.1101,no_fill,0.0,0.0,0.0
2020-05-27,Wednesday,300.36,buy,11.5448236161539,7.5448236161539,0.35991429717889806
2020-05-28,Thursday,306.4643,no_fill,0.0,0.0,0.0
2020-05-29,Friday,301.13,buy,4.939600303107346,0.9396003031073459,0.044822198626076115
2020-06-01,Monday,305.905,no_fill,0.0,0.0,0.0
2020-06-02,Tuesday,307.06,no_fill,0.0,0.0,0.0
2020-06-03,Wednesday,311.36,buy,-4.904252155475433,-8.904252155475433,-0.42476376115407616
2020-06-04,Thursday,311.51,no_fill,0.0,0.0,0.0
2020-06-05,Friday,320.07,no_fill,0.0,0.0,0.0
2020-06-08,Monday,321.7627,no_fill,0.0,0.0,0.0
2020-06-09,Tuesday,321.97,no_fill,0.0,0.0,0.0
2020-06-10,Wednesday,319.95,double_stop,-41.925667723078476,-47.925667723078476,-2.286220843977029
2020-06-11,Thursday,304.72,sell,25.309153536728758,21.309153536728758,1.0165206516197658
2020-06-12,Friday,298.88,buy,38.92742309777563,34.92742309777563,1.666159419498019
2020-06-15,Monday,304.06,buy,81.64849285029311,77.64849285029311,3.7041028595258645
2020-06-16,Tuesday,312.695,buy,15.654317036299897,11.654317036299897,0.5559514096842704
2020-06-17,Wednesday,313.68,no_fill,0.0,0.0,0.0
2020-06-18,Thursday,311.845,sell,6.133961020533731,2.1339610205337314,0.10179735405187441
2020-06-19,Friday,307.9,buy,-31.680599369821273,-35.68059936982127,-1.7020885442060816
2020-06-22,Monday,310.45,sell,-0.6697109754067153,-4.669710975406716,-0.2227614360849508
2020-06-23,Tuesday,314.18,sell,0.6808099095468463,-3.3191900904531537,-0.1583368981682821
2020-06-24,Wednesday,303.8601,sell,-23.263234605171544,-27.263234605171544,-1.3005510030393233
2020-06-25,Thursday,304.57,no_fill,0.0,0.0,0.0
2020-06-26,Friday,301.79,no_fill,0.0,0.0,0.0
2020-06-29,Monday,303.63,no_fill,0.0,0.0,0.0
2020-06-30,Tuesday,306.52,no_fill,0.0,0.0,0.0
2020-07-01,Wednesday,310.74,no_fill,0.0,0.0,0.0
2020-07-02,Thursday,313.76,no_fill,0.0,0.0,0.0
2020-07-06,Monday,316.629,sell,0.7976492275012733,-3.202350772498727,-0.15276325680251265
2020-07-07,Tuesday,316.2,no_fill,0.0,0.0,0.0
2020-07-08,Wednesday,313.86,no_fill,0.0,0.0,0.0
2020-07-09,Thursday,313.39,buy,-1.1791777142464848,-5.179177714246485,-0.24706476941310804
2020-07-10,Friday,316.51,no_fill,0.0,0.0,0.0
2020-07-13,Monday,321.92,sell,16.46882617822313,12.468826178223129,0.5948063253556493
2020-07-14,Tuesday,316.34,buy,-4.524824125179093,-8.524824125179093,-0.4066637259774161
2020-07-15,Wednesday,321.095,buy,2.8618909083877133,-1.1381090916122867,-0.054291757456533064
2020-07-16,Thursday,319.93,no_fill,0.0,0.0,0.0
2020-07-17,Friday,321.24,buy,-1.5069753134137513,-5.506975313413752,-0.2627018536609912
2020-07-20,Monday,323.71,no_fill,0.0,0.0,0.0
2020-07-21,Tuesday,326.52,no_fill,0.0,0.0,0.0
2020-07-22,Wednesday,324.77,no_fill,0.0,0.0,0.0
2020-07-23,Thursday,323.57,sell,21.06825678345303,17.06825678345303,0.814215143629429
2020-07-24,Friday,320.535,no_fill,0.0,0.0,0.0
2020-07-27,Monday,322.49,no_fill,0.0,0.0,0.0
2020-07-28,Tuesday,323.52,no_fill,0.0,0.0,0.0
2020-07-29,Wednesday,324.03,no_fill,0.0,0.0,0.0
2020-07-30,Thursday,323.715,no_fill,0.0,0.0,0.0
2020-07-31,Friday,322.58,no_fill,0.0,0.0,0.0
2020-08-03,Monday,329.08,no_fill,0.0,0.0,0.0
2020-08-04,Tuesday,329.335,no_fill,0.0,0.0,0.0
2020-08-05,Wednesday,331.881,no_fill,0.0,0.0,0.0
2020-08-06,Thursday,332.81,no_fill,0.0,0.0,0.0
2020-08-07,Friday,333.0203,no_fill,0.0,0.0,0.0
2020-08-10,Monday,335.09,no_fill,0.0,0.0,0.0
2020-08-11,Tuesday,337.22,no_fill,0.0,0.0,0.0
2020-08-12,Wednesday,337.89,no_fill,0.0,0.0,0.0
2020-08-13,Thursday,337.6,no_fill,0.0,0.0,0.0
2020-08-14,Friday,337.415,no_fill,0.0,0.0,0.0
2020-08-17,Monday,338.055,no_fill,0.0,0.0,0.0
2020-08-18,Tuesday,338.73,no_fill,0.0,0.0,0.0
2020-08-19,Wednesday,339.37,sell,2.904921096175634,-1.095078903824366,-0.05223906801234161
2020-08-20,Thursday,337.5823,no_fill,0.0,0.0,0.0
2020-08-21,Friday,338.845,no_fill,0.0,0.0,0.0
2020-08-24,Monday,341.77,no_fill,0.0,0.0,0.0
2020-08-25,Tuesday,343.19,no_fill,0.0,0.0,0.0
2020-08-26,Wednesday,347.02,no_fill,0.0,0.0,0.0
2020-08-27,Thursday,348.66,no_fill,0.0,0.0,0.0
2020-08-28,Friday,349.25,no_fill,0.0,0.0,0.0
2020-08-31,Monday,350.62,no_fill,0.0,0.0,0.0
2020-09-01,Tuesday,351.32,no_fill,0.0,0.0,0.0
2020-09-02,Wednesday,356.43,no_fill,0.0,0.0,0.0
2020-09-03,Thursday,345.58,buy,-16.911673493460846,-20.911673493460846,-0.9975594727117378
2020-09-04,Friday,340.355,no_fill,0.0,0.0,0.0
2020-09-08,Tuesday,337.1701,sell,3.656786917409094,-0.3432130825909061,-0.016372456360521145
2020-09-09,Wednesday,341.14,no_fill,0.0,0.0,0.0
2020-09-10,Thursday,337.78,buy,-32.508810532744825,-36.508810532744825,-1.741597093879944
2020-09-11,Friday,331.475,buy,25.342317356500924,21.342317356500924,1.0181026810338811
2020-09-14,Monday,338.9,no_fill,0.0,0.0,0.0
2020-09-15,Tuesday,341.17,sell,-11.290236622626061,-15.290236622626061,-0.7293974051227511
2020-09-16,Wednesday,341.15,buy,0.7285042595216012,-3.271495740478399,-0.15606171198449706
2020-09-17,Thursday,334.38,buy,2.3639201309245363,-1.6360798690754637,-0.07804669349010102
2020-09-18,Friday,329.96,no_fill,0.0,0.0,0.0
2020-09-21,Monday,323.64,sell,-6.190247036672268,-10.190247036672268,-0.486110184528459
2020-09-22,Tuesday,329.08,buy,-2.7301852654524152,-6.730185265452415,-0.32105321779992574
2020-09-23,Wednesday,326.9905,sell,-4.433301658004289,-8.43330165800429,-0.40229778634447744
2020-09-24,Thursday,325.78,no_fill,0.0,0.0,0.0
2020-09-25,Friday,326.92,no_fill,0.0,0.0,0.0
2020-09-28,Monday,334.63,no_fill,0.0,0.0,0.0
2020-09-29,Tuesday,333.26,no_fill,0.0,0.0,0.0
2020-09-30,Wednesday,337.505,no_fill,0.0,0.0,0.0
2020-10-01,Thursday,336.25,buy,-42.970268805778126,-46.970268805778126,-2.240644996569621
2020-10-02,Friday,334.5,buy,5.644042072689308,1.6440420726893077,0.07842651826314626
2020-10-05,Monday,337.845,no_fill,0.0,0.0,0.0
2020-10-06,Tuesday,340.45,no_fill,0.0,0.0,0.0
2020-10-07,Wednesday,340.38,no_fill,0.0,0.0,0.0
2020-10-08,Thursday,342.91,no_fill,0.0,0.0,0.0
2020-10-09,Friday,346.91,no_fill,0.0,0.0,0.0
2020-10-12,Monday,353.31,no_fill,0.0,0.0,0.0
2020-10-13,Tuesday,349.95,no_fill,0.0,0.0,0.0
2020-10-14,Wednesday,348.11,no_fill,0.0,0.0,0.0
2020-10-15,Thursday,346.508,no_fill,0.0,0.0,0.0
2020-10-16,Friday,349.25,no_fill,0.0,0.0,0.0
2020-10-19,Monday,344.84,no_fill,0.0,0.0,0.0
2020-10-20,Tuesday,345.7399,no_fill,0.0,0.0,0.0
2020-10-21,Wednesday,343.53,no_fill,0.0,0.0,0.0
2020-10-22,Thursday,344.33,no_fill,0.0,0.0,0.0
2020-10-23,Friday,344.48,no_fill,0.0,0.0,0.0
2020-10-26,Monday,337.391,no_fill,0.0,0.0,0.0
2020-10-27,Tuesday,339.66,no_fill,0.0,0.0,0.0
2020-10-28,Wednesday,328.75,sell,11.584694655570475,7.584694655570475,0.36181628427090695
2020-10-29,Thursday,331.49,buy,-0.4493945421028149,-4.449394542102815,-0.21225157683790893
2020-10-30,Friday,324.5,buy,-12.642340795284218,-16.64234079528422,-0.7938974713632646
2020-11-02,Monday,327.405,buy,-5.233080192535471,-9.233080192535471,-0.4404500008691818
2020-11-03,Tuesday,335.03,buy,9.780681644535253,5.780681644535253,0.2757585965102332
2020-11-04,Wednesday,345.85,no_fill,0.0,0.0,0.0
2020-11-05,Thursday,351.15,no_fill,0.0,0.0,0.0
2020-11-06,Friday,350.47,no_fill,0.0,0.0,0.0
2020-11-09,Monday,361.15,sell,3.957559326885108,-0.04244067311489186,-0.002024567546316258
2020-11-10,Tuesday,354.08,sell,-9.948373852502122,-13.948373852502122,-0.6653858893617132
2020-11-11,Wednesday,356.7,no_fill,0.0,0.0,0.0
2020-11-12,Thursday,353.46,sell,4.782653605216665,0.782653605216665,0.03733529590446304
2020-11-13,Friday,356.6,no_fill,0.0,0.0,0.0
2020-11-16,Monday,360.57,no_fill,0.0,0.0,0.0
2020-11-17,Tuesday,360.98,buy,2.030129737551936,-1.969870262448064,-0.0939696548405227
2020-11-18,Wednesday,359.84,no_fill,0.0,0.0,0.0
2020-11-19,Thursday,356.53,no_fill,0.0,0.0,0.0
2020-11-20,Friday,357.16,no_fill,0.0,0.0,0.0
2020-11-23,Monday,356.76,no_fill,0.0,0.0,0.0
2020-11-24,Tuesday,363.08,no_fill,0.0,0.0,0.0
2020-11-25,Wednesday,362.6999,sell,-1.6658889216591029,-5.665888921659103,-0.2702825848395611
2020-11-27,Friday,363.97,no_fill,0.0,0.0,0.0
2020-11-30,Monday,361.03,no_fill,0.0,0.0,0.0
2020-12-01,Tuesday,367.115,no_fill,0.0,0.0,0.0
2020-12-02,Wednesday,365.69,no_fill,0.0,0.0,0.0
2020-12-03,Thursday,366.52,no_fill,0.0,0.0,0.0
2020-12-04,Friday,368.74,no_fill,0.0,0.0,0.0
2020-12-07,Monday,368.42,no_fill,0.0,0.0,0.0
2020-12-08,Tuesday,370.0616,no_fill,0.0,0.0,0.0
2020-12-09,Wednesday,366.05,buy,-4.54431180171211,-8.544311801712109,-0.40759335584815465
2020-12-10,Thursday,366.58,no_fill,0.0,0.0,0.0
2020-12-11,Friday,365.676,no_fill,0.0,0.0,0.0
2020-12-14,Monday,366.84,no_fill,0.0,0.0,0.0
2020-12-15,Tuesday,369.175,no_fill,0.0,0.0,0.0
2020-12-16,Wednesday,369.8324,no_fill,0.0,0.0,0.0
2020-12-17,Thursday,372.135,no_fill,0.0,0.0,0.0
2020-12-18,Friday,368.35,no_fill,0.0,0.0,0.0
2020-12-21,Monday,368.07,no_fill,0.0,0.0,0.0
2020-12-22,Tuesday,368.0,no_fill,0.0,0.0,0.0
2020-12-23,Wednesday,369.38,no_fill,0.0,0.0,0.0
2020-12-28,Monday,372.2399,no_fill,0.0,0.0,0.0
2020-12-29,Tuesday,371.72,no_fill,0.0,0.0,0.0
2020-12-30,Wednesday,372.24,no_fill,0.0,0.0,0.0
2020-12-31,Thursday,371.75,no_fill,0.0,0.0,0.0
2021-01-04,Monday,368.595,sell,1.148155164357898,-2.851844835642102,-0.13604290595816895
2021-01-05,Tuesday,370.87,buy,8.697154813738623,4.6971548137386225,0.22407060251317207
2021-01-06,Wednesday,376.4899,no_fill,0.0,0.0,0.0
2021-01-07,Thursday,378.971,no_fill,0.0,0.0,0.0
2021-01-08,Friday,378.24,buy,-5.6286545045178435,-9.628654504517844,-0.45932026977438634
2021-01-11,Monday,379.24,no_fill,0.0,0.0,0.0
2021-01-12,Tuesday,378.8801,no_fill,0.0,0.0,0.0
2021-01-13,Wednesday,380.243,no_fill,0.0,0.0,0.0
2021-01-14,Thursday,380.24,no_fill,0.0,0.0,0.0
2021-01-15,Friday,376.76,no_fill,0.0,0.0,0.0
2021-01-19,Tuesday,379.1086,no_fill,0.0,0.0,0.0
2021-01-20,Wednesday,383.84,no_fill,0.0,0.0,0.0
2021-01-21,Thursday,384.1799,no_fill,0.0,0.0,0.0
2021-01-22,Friday,383.22,no_fill,0.0,0.0,0.0
2021-01-25,Monday,383.46,no_fill,0.0,0.0,0.0
2021-01-26,Tuesday,384.545,no_fill,0.0,0.0,0.0
2021-01-27,Wednesday,377.39,no_fill,0.0,0.0,0.0
2021-01-28,Thursday,381.63,no_fill,0.0,0.0,0.0
2021-01-29,Friday,369.79,buy,25.009204322293918,21.009204322293918,1.0022120320688013
2021-02-01,Monday,376.43,no_fill,0.0,0.0,0.0
2021-02-02,Tuesday,382.63,no_fill,0.0,0.0,0.0
2021-02-03,Wednesday,383.3098,no_fill,0.0,0.0,0.0
2021-02-04,Thursday,385.19,no_fill,0.0,0.0,0.0
2021-02-05,Friday,387.5854,no_fill,0.0,0.0,0.0
2021-02-08,Monday,388.8,no_fill,0.0,0.0,0.0
2021-02-09,Tuesday,390.365,no_fill,0.0,0.0,0.0
2021-02-10,Wednesday,389.645,no_fill,0.0,0.0,0.0
2021-02-11,Thursday,389.51,no_fill,0.0,0.0,0.0
2021-02-12,Friday,390.85,no_fill,0.0,0.0,0.0
2021-02-16,Tuesday,392.5,no_fill,0.0,0.0,0.0
2021-02-17,Wednesday,391.27,buy,-6.647910662725258,-10.647910662725259,-0.5079423294128714
2021-02-18,Thursday,390.255,no_fill,0.0,0.0,0.0
2021-02-19,Friday,390.82,no_fill,0.0,0.0,0.0
2021-02-22,Monday,389.39,no_fill,0.0,0.0,0.0
2021-02-23,Tuesday,385.15,no_fill,0.0,0.0,0.0
2021-02-24,Wednesday,392.0,sell,-0.8097726370489713,-4.8097726370489715,-0.22944286391896274
2021-02-25,Thursday,384.13,buy,12.619547103238391,8.619547103238391,0.4111823410981078
2021-02-26,Friday,382.19,no_fill,0.0,0.0,0.0
2021-03-01,Monday,389.51,buy,0.6052901917582002,-3.3947098082418,-0.16193945106201096
2021-03-02,Tuesday,389.23,no_fill,0.0,0.0,0.0
2021-03-03,Wednesday,384.13,sell,-16.79757730776966,-20.79757730776966,-0.992116688284556
2021-03-04,Thursday,371.94,buy,38.99307300515917,34.99307300515917,1.6692911481477406
2021-03-05,Friday,381.34,sell,-3.524327541720463,-7.524327541720464,-0.358936563225139
2021-03-08,Monday,384.34,buy,6.356726943996657,2.356726943996657,0.1124240624890212
2021-03-09,Tuesday,389.7605,no_fill,0.0,0.0,0.0
2021-03-10,Wednesday,389.8702,no_fill,0.0,0.0,0.0
2021-03-11,Thursday,394.57,no_fill,0.0,0.0,0.0
2021-03-12,Friday,392.7499,no_fill,0.0,0.0,0.0
2021-03-15,Monday,394.65,no_fill,0.0,0.0,0.0
2021-03-16,Tuesday,396.275,no_fill,0.0,0.0,0.0
2021-03-17,Wednesday,393.975,buy,47.69634502036877,43.69634502036877,2.0844674584068987
2021-03-18,Thursday,396.03,sell,2.393982541257451,-1.6060174587425489,-0.07661261208052259
2021-03-19,Friday,391.09,no_fill,0.0,0.0,0.0
2021-03-22,Monday,393.31,no_fill,0.0,0.0,0.0
2021-03-23,Tuesday,391.85,no_fill,0.0,0.0,0.0
2021-03-24,Wednesday,391.29,no_fill,0.0,0.0,0.0
2021-03-25,Thursday,387.37,no_fill,0.0,0.0,0.0
2021-03-26,Friday,391.98,sell,9.14074285155759,5.14074285155759,0.24523129294028193
2021-03-29,Monday,395.62,no_fill,0.0,0.0,0.0
2021-03-30,Tuesday,394.0,no_fill,0.0,0.0,0.0
2021-03-31,Wednesday,397.71,no_fill,0.0,0.0,0.0
2021-04-01,Thursday,399.65,no_fill,0.0,0.0,0.0
2021-04-05,Monday,406.59,no_fill,0.0,0.0,0.0
2021-04-06,Tuesday,406.63,no_fill,0.0,0.0,0.0
2021-04-07,Wednesday,406.39,no_fill,0.0,0.0,0.0
2021-04-08,Thursday,408.07,no_fill,0.0,0.0,0.0
2021-04-09,Friday,409.805,no_fill,0.0,0.0,0.0
2021-04-12,Monday,410.73,no_fill,0.0,0.0,0.0
2021-04-13,Tuesday,412.18,no_fill,0.0,0.0,0.0
2021-04-14,Wednesday,412.11,sell,-18.77895091766544,-22.77895091766544,-1.0866350927609199
2021-04-15,Thursday,415.4091,no_fill,0.0,0.0,0.0
2021-04-16,Friday,416.5,no_fill,0.0,0.0,0.0
2021-04-19,Monday,414.67,no_fill,0.0,0.0,0.0
2021-04-20,Tuesday,411.905,no_fill,0.0,0.0,0.0
2021-04-21,Wednesday,414.915,no_fill,0.0,0.0,0.0
2021-04-22,Thursday,411.82,no_fill,0.0,0.0,0.0
2021-04-23,Friday,417.02,no_fill,0.0,0.0,0.0
2021-04-26,Monday,417.7089,no_fill,0.0,0.0,0.0
2021-04-27,Tuesday,417.3933,no_fill,0.0,0.0,0.0
2021-04-28,Wednesday,417.31,buy,-13.29467350113649,-17.29467350113649,-0.8250160076337405
2021-04-29,Thursday,418.615,no_fill,0.0,0.0,0.0
2021-04-30,Friday,416.6699,no_fill,0.0,0.0,0.0
2021-05-03,Monday,418.57,no_fill,0.0,0.0,0.0
2021-05-04,Tuesday,413.51,no_fill,0.0,0.0,0.0
2021-05-05,Wednesday,416.8799,no_fill,0.0,0.0,0.0
2021-05-06,Thursday,416.23,no_fill,0.0,0.0,0.0
2021-05-07,Friday,421.695,no_fill,0.0,0.0,0.0
2021-05-10,Monday,421.44,no_fill,0.0,0.0,0.0
2021-05-11,Tuesday,414.2257,sell,0.17781482346417518,-3.822185176535825,-0.18233151117742882
2021-05-12,Wednesday,407.28,no_fill,0.0,0.0,0.0
2021-05-13,Thursday,408.8,buy,22.09000371184523,18.09000371184523,0.8629560216586545
2021-05-14,Friday,416.43,no_fill,0.0,0.0,0.0
2021-05-17,Monday,414.025,no_fill,0.0,0.0,0.0
2021-05-18,Tuesday,414.99,no_fill,0.0,0.0,0.0
2021-05-19,Wednesday,409.4,sell,6.638533993858835,2.638533993858835,0.12586723776405942
2021-05-20,Thursday,415.12,no_fill,0.0,0.0,0.0
2021-05-21,Friday,415.72,no_fill,0.0,0.0,0.0
2021-05-24,Monday,419.7481,no_fill,0.0,0.0,0.0
2021-05-25,Tuesday,418.76,no_fill,0.0,0.0,0.0
2021-05-26,Wednesday,418.69,no_fill,0.0,0.0,0.0
2021-05-27,Thursday,419.7089,no_fill,0.0,0.0,0.0
2021-05-28,Friday,420.69,no_fill,0.0,0.0,0.0
2021-06-01,Tuesday,419.6015,no_fill,0.0,0.0,0.0
2021-06-02,Wednesday,419.79,no_fill,0.0,0.0,0.0
2021-06-03,Thursday,419.5301,no_fill,0.0,0.0,0.0
2021-06-04,Friday,422.155,no_fill,0.0,0.0,0.0
2021-06-07,Monday,421.235,no_fill,0.0,0.0,0.0
2021-06-08,Tuesday,422.23,no_fill,0.0,0.0,0.0
2021-06-09,Wednesday,422.64,no_fill,0.0,0.0,0.0
2021-06-10,Thursday,424.08,no_fill,0.0,0.0,0.0
2021-06-11,Friday,423.48,no_fill,0.0,0.0,0.0
2021-06-14,Monday,423.325,no_fill,0.0,0.0,0.0
2021-06-15,Tuesday,424.65,no_fill,0.0,0.0,0.0
2021-06-16,Wednesday,423.135,sell,18.74080682051253,14.740806820512532,0.7031876948449067
2021-06-17,Thursday,422.19,no_fill,0.0,0.0,0.0
2021-06-18,Friday,416.635,no_fill,0.0,0.0,0.0
2021-06-21,Monday,420.75,no_fill,0.0,0.0,0.0
2021-06-22,Tuesday,422.4101,no_fill,0.0,0.0,0.0
2021-06-23,Wednesday,423.56,no_fill,0.0,0.0,0.0
2021-06-24,Thursday,425.13,no_fill,0.0,0.0,0.0
2021-06-25,Friday,426.25,no_fill,0.0,0.0,0.0
2021-06-28,Monday,426.5,no_fill,0.0,0.0,0.0
2021-06-29,Tuesday,427.87,no_fill,0.0,0.0,0.0
2021-06-30,Wednesday,427.89,no_fill,0.0,0.0,0.0
2021-07-01,Thursday,429.91,no_fill,0.0,0.0,0.0
2021-07-02,Friday,433.3101,no_fill,0.0,0.0,0.0
2021-07-06,Tuesday,431.74,no_fill,0.0,0.0,0.0
2021-07-07,Wednesday,433.88,no_fill,0.0,0.0,0.0
2021-07-08,Thursday,430.98,no_fill,0.0,0.0,0.0
2021-07-09,Friday,434.97,no_fill,0.0,0.0,0.0
2021-07-12,Monday,436.5699,no_fill,0.0,0.0,0.0
2021-07-13,Tuesday,436.47,no_fill,0.0,0.0,0.0
2021-07-14,Wednesday,436.48,no_fill,0.0,0.0,0.0
2021-07-15,Thursday,432.79,no_fill,0.0,0.0,0.0
2021-07-16,Friday,433.165,no_fill,0.0,0.0,0.0
2021-07-19,Monday,422.135,buy,-4.029862181862978,-8.029862181862978,-0.3830523217853413
2021-07-20,Tuesday,431.075,no_fill,0.0,0.0,0.0
2021-07-21,Wednesday,433.9117,no_fill,0.0,0.0,0.0
2021-07-22,Thursday,435.229,no_fill,0.0,0.0,0.0
2021-07-23,Friday,439.77,no_fill,0.0,0.0,0.0
2021-07-26,Monday,440.33,no_fill,0.0,0.0,0.0
2021-07-27,Tuesday,436.339,no_fill,0.0,0.0,0.0
2021-07-28,Wednesday,438.2,no_fill,0.0,0.0,0.0
2021-07-29,Thursday,441.52,no_fill,0.0,0.0,0.0
2021-07-30,Friday,438.8702,no_fill,0.0,0.0,0.0
2021-08-02,Monday,438.56,no_fill,0.0,0.0,0.0
2021-08-03,Tuesday,440.2,no_fill,0.0,0.0,0.0
2021-08-04,Wednesday,439.83,no_fill,0.0,0.0,0.0
2021-08-05,Thursday,440.98,no_fill,0.0,0.0,0.0
2021-08-06,Friday,442.65,no_fill,0.0,0.0,0.0
2021-08-09,Monday,442.24,no_fill,0.0,0.0,0.0
2021-08-10,Tuesday,442.965,no_fill,0.0,0.0,0.0
2021-08-11,Wednesday,443.3712,no_fill,0.0,0.0,0.0
2021-08-12,Thursday,444.358,no_fill,0.0,0.0,0.0
2021-08-13,Friday,445.725,no_fill,0.0,0.0,0.0
2021-08-16,Monday,445.65,no_fill,0.0,0.0,0.0
2021-08-17,Tuesday,442.09,no_fill,0.0,0.0,0.0
2021-08-18,Wednesday,443.32,sell,-1.7893248838265925,-5.789324883826593,-0.2761709090510103
2021-08-19,Thursday,438.92,no_fill,0.0,0.0,0.0
2021-08-20,Friday,442.78,no_fill,0.0,0.0,0.0
2021-08-23,Monday,447.72,no_fill,0.0,0.0,0.0
2021-08-24,Tuesday,448.23,no_fill,0.0,0.0,0.0
2021-08-25,Wednesday,449.06,no_fill,0.0,0.0,0.0
2021-08-26,Thursday,447.49,no_fill,0.0,0.0,0.0
2021-08-27,Friday,450.35,no_fill,0.0,0.0,0.0
2021-08-30,Monday,452.94,no_fill,0.0,0.0,0.0
2021-08-31,Tuesday,451.8599,no_fill,0.0,0.0,0.0
2021-09-01,Wednesday,453.03,no_fill,0.0,0.0,0.0
2021-09-02,Thursday,452.36,no_fill,0.0,0.0,0.0
2021-09-03,Friday,453.41,no_fill,0.0,0.0,0.0
2021-09-07,Tuesday,452.345,no_fill,0.0,0.0,0.0
2021-09-08,Wednesday,450.33,no_fill,0.0,0.0,0.0
2021-09-09,Thursday,449.32,no_fill,0.0,0.0,0.0
2021-09-10,Friday,448.635,no_fill,0.0,0.0,0.0
2021-09-13,Monday,444.92,no_fill,0.0,0.0,0.0
2021-09-14,Tuesday,445.025,no_fill,0.0,0.0,0.0
2021-09-15,Wednesday,447.3961,no_fill,0.0,0.0,0.0
2021-09-16,Thursday,446.745,no_fill,0.0,0.0,0.0
2021-09-17,Friday,441.54,no_fill,0.0,0.0,0.0
2021-09-20,Monday,431.99,sell,11.098093474740407,7.098093474740407,0.3386037174946735
2021-09-21,Tuesday,434.2114,no_fill,0.0,0.0,0.0
2021-09-22,Wednesday,438.01,sell,-57.94829081457691,-61.94829081457691,-2.955148679980438
2021-09-23,Thursday,444.855,no_fill,0.0,0.0,0.0
2021-09-24,Friday,442.8079,no_fill,0.0,0.0,0.0
2021-09-27,Monday,443.4,no_fill,0.0,0.0,0.0
2021-09-28,Tuesday,433.705,no_fill,0.0,0.0,0.0
2021-09-29,Wednesday,434.93,buy,17.20422750465615,13.20422750465615,0.6298875234078969
2021-09-30,Thursday,431.89,buy,2.6542908692959992,-1.3457091307040008,-0.06419500052294883
2021-10-01,Friday,433.295,no_fill,0.0,0.0,0.0
2021-10-04,Monday,427.335,buy,-18.739753608342525,-22.739753608342525,-1.084765244934914
2021-10-05,Tuesday,435.0001,no_fill,0.0,0.0,0.0
2021-10-06,Wednesday,432.56,buy,9.321982117746758,5.321982117746758,0.2538770355620221
2021-10-07,Thursday,440.5673,no_fill,0.0,0.0,0.0
2021-10-08,Friday,438.06,no_fill,0.0,0.0,0.0
2021-10-11,Monday,436.48,no_fill,0.0,0.0,0.0
2021-10-12,Tuesday,434.2001,no_fill,0.0,0.0,0.0
2021-10-13,Wednesday,434.76,buy,-5.800445417341278,-9.800445417341278,-0.4675152931170376
2021-10-14,Thursday,442.28,no_fill,0.0,0.0,0.0
2021-10-15,Friday,445.58,no_fill,0.0,0.0,0.0
2021-10-18,Monday,446.69,no_fill,0.0,0.0,0.0
2021-10-19,Tuesday,450.41,no_fill,0.0,0.0,0.0
2021-10-20,Wednesday,451.8,no_fill,0.0,0.0,0.0
2021-10-21,Thursday,451.92,no_fill,0.0,0.0,0.0
2021-10-22,Friday,452.535,no_fill,0.0,0.0,0.0
2021-10-25,Monday,455.43,no_fill,0.0,0.0,0.0
2021-10-26,Tuesday,456.61,no_fill,0.0,0.0,0.0
2021-10-27,Wednesday,456.96,no_fill,0.0,0.0,0.0
2021-10-28,Thursday,457.34,no_fill,0.0,0.0,0.0
2021-10-29,Friday,458.7,no_fill,0.0,0.0,0.0
2021-11-01,Monday,458.83,no_fill,0.0,0.0,0.0
2021-11-02,Tuesday,461.66,no_fill,0.0,0.0,0.0
2021-11-03,Wednesday,461.135,buy,-6.3250379883140235,-10.325037988314023,-0.4925401811850207
2021-11-04,Thursday,466.3,no_fill,0.0,0.0,0.0
2021-11-05,Friday,468.17,no_fill,0.0,0.0,0.0
2021-11-08,Monday,469.06,no_fill,0.0,0.0,0.0
2021-11-09,Tuesday,466.17,no_fill,0.0,0.0,0.0
2021-11-10,Wednesday,464.23,no_fill,0.0,0.0,0.0
2021-11-11,Thursday,464.39,no_fill,0.0,0.0,0.0
2021-11-12,Friday,466.96,no_fill,0.0,0.0,0.0
2021-11-15,Monday,467.06,no_fill,0.0,0.0,0.0
2021-11-16,Tuesday,470.35,no_fill,0.0,0.0,0.0
2021-11-17,Wednesday,468.722,no_fill,0.0,0.0,0.0
2021-11-18,Thursday,469.3799,no_fill,0.0,0.0,0.0
2021-11-19,Friday,469.54,no_fill,0.0,0.0,0.0
2021-11-22,Monday,470.72,no_fill,0.0,0.0,0.0
2021-11-23,Tuesday,466.27,no_fill,0.0,0.0,0.0
2021-11-24,Wednesday,468.476,sell,-6.319607741098771,-10.319607741098771,-0.49228113952819513
2021-11-29,Monday,466.24,no_fill,0.0,0.0,0.0
2021-11-30,Tuesday,458.91,no_fill,0.0,0.0,0.0
2021-12-01,Wednesday,459.12,sell,10.837131289182507,6.837131289182507,0.3261549146619281
2021-12-02,Thursday,458.2772,no_fill,0.0,0.0,0.0
2021-12-03,Friday,450.53,no_fill,0.0,0.0,0.0
2021-12-06,Monday,460.355,no_fill,0.0,0.0,0.0
2021-12-07,Tuesday,468.46,no_fill,0.0,0.0,0.0
2021-12-08,Wednesday,468.65,no_fill,0.0,0.0,0.0
2021-12-09,Thursday,468.45,no_fill,0.0,0.0,0.0
2021-12-10,Friday,469.25,no_fill,0.0,0.0,0.0
2021-12-13,Monday,467.75,no_fill,0.0,0.0,0.0
2021-12-14,Tuesday,460.66,buy,5.086747174365577,1.086747174365577,0.05184161557276114
2021-12-15,Wednesday,462.64,sell,-82.56580809636655,-86.56580809636655,-4.129489775482592
2021-12-16,Thursday,468.2246,no_fill,0.0,0.0,0.0
2021-12-17,Friday,463.59,no_fill,0.0,0.0,0.0
2021-12-20,Monday,453.41,no_fill,0.0,0.0,0.0
2021-12-21,Tuesday,462.1475,no_fill,0.0,0.0,0.0
2021-12-22,Wednesday,465.8727,no_fill,0.0,0.0,0.0
2021-12-23,Thursday,471.2999,no_fill,0.0,0.0,0.0
2021-12-27,Monday,476.3,no_fill,0.0,0.0,0.0
2021-12-28,Tuesday,477.17,no_fill,0.0,0.0,0.0
2021-12-29,Wednesday,477.18,no_fill,0.0,0.0,0.0
2021-12-30,Thursday,478.24,no_fill,0.0,0.0,0.0
2021-12-31,Friday,476.32,no_fill,0.0,0.0,0.0
2022-01-03,Monday,476.74,no_fill,0.0,0.0,0.0
2022-01-04,Tuesday,475.72,no_fill,0.0,0.0,0.0
2022-01-05,Wednesday,475.85,buy,-61.73198380374845,-65.73198380374845,-3.135643980098879
2022-01-06,Thursday,469.07,no_fill,0.0,0.0,0.0
2022-01-07,Friday,466.91,no_fill,0.0,0.0,0.0
2022-01-10,Monday,461.88,buy,-4.5083435177272975,-8.508343517727297,-0.4058775437483983
2022-01-11,Tuesday,468.47,no_fill,0.0,0.0,0.0
2022-01-12,Wednesday,470.36,no_fill,0.0,0.0,0.0
2022-01-13,Thursday,468.6596,no_fill,0.0,0.0,0.0
2022-01-14,Friday,461.975,no_fill,0.0,0.0,0.0
2022-01-18,Tuesday,457.15,no_fill,0.0,0.0,0.0
2022-01-19,Wednesday,456.43,sell,8.614538353258403,4.6145383532584034,0.22012951033899822
2022-01-20,Thursday,455.29,buy,-29.968083263020947,-33.968083263020944,-1.6203955766373073
2022-01-21,Friday,442.1805,buy,-14.191843281901697,-18.191843281901697,-0.8678141229406244
2022-01-24,Monday,431.26,buy,-41.13627911498337,-45.13627911498337,-2.153157317045547
2022-01-25,Tuesday,436.3093,sell,-32.32404023509232,-36.32404023509232,-1.732782908790613
2022-01-26,Wednesday,440.74,buy,-54.088939955836324,-58.088939955836324,-2.7710442366484047
2022-01-27,Thursday,431.99,buy,0.7969290959354994,-3.2030709040645005,-0.15279760957993438
2022-01-28,Friday,436.2,buy,-70.02289805227731,-74.02289805227731,-3.5311493923580635
2022-01-31,Monday,447.38,no_fill,0.0,0.0,0.0
2022-02-01,Tuesday,450.43,no_fill,0.0,0.0,0.0
2022-02-02,Wednesday,456.2715,no_fill,0.0,0.0,0.0
2022-02-03,Thursday,449.9728,no_fill,0.0,0.0,0.0
2022-02-04,Friday,450.64,sell,-6.427950140609557,-10.427950140609557,-0.49744944836594074
2022-02-07,Monday,449.42,no_fill,0.0,0.0,0.0
2022-02-08,Tuesday,450.3599,no_fill,0.0,0.0,0.0
2022-02-09,Wednesday,456.76,no_fill,0.0,0.0,0.0
2022-02-10,Thursday,452.07,sell,15.09352909110002,11.09352909110002,0.5291998765230617
2022-02-11,Friday,441.76,sell,-37.71401097128303,-41.71401097128303,-1.989903237644612
2022-02-14,Monday,436.24,no_fill,0.0,0.0,0.0
2022-02-15,Tuesday,445.49,sell,-9.068066302223604,-13.068066302223604,-0.6233921610283685
2022-02-16,Wednesday,442.97,buy,-1.5484265653350777,-5.5484265653350775,-0.2646792223791289
2022-02-17,Thursday,440.33,sell,-8.245099435086248,-12.245099435086248,-0.5841337824821708
2022-02-18,Friday,433.95,no_fill,0.0,0.0,0.0
2022-02-22,Tuesday,427.3199,sell,-11.604505358701577,-15.604505358701577,-0.7443891156019392
2022-02-23,Wednesday,426.16,sell,-9.464804952210224,-13.464804952210224,-0.6423179729012815
2022-02-24,Thursday,418.98,sell,-38.863449642722955,-42.863449642722955,-2.04473545541784
2022-02-25,Friday,436.6,no_fill,0.0,0.0,0.0
2022-02-28,Monday,434.58,sell,50.37040742890076,46.37040742890076,2.2120295249764443
2022-03-01,Tuesday,429.11,no_fill,0.0,0.0,0.0
2022-03-02,Wednesday,438.75,no_fill,0.0,0.0,0.0
2022-03-03,Thursday,438.0201,buy,3.91958591782715,-0.08041408217285007,-0.0038360310778585496
2022-03-04,Friday,430.48,no_fill,0.0,0.0,0.0
2022-03-07,Monday,422.6602,buy,-3.2228148107733112,-7.222814810773311,-0.3445533585048869
2022-03-08,Tuesday,419.53,sell,-11.168540247258065,-15.168540247258065,-0.7235920652449556
2022-03-09,Wednesday,426.7001,buy,-10.887842081599198,-14.887842081599198,-0.7102017875986748
2022-03-10,Thursday,423.4799,buy,-3.4862074620335757,-7.486207462033576,-0.3571181029950636
2022-03-11,Friday,423.68,no_fill,0.0,0.0,0.0
2022-03-14,Monday,416.71,no_fill,0.0,0.0,0.0
2022-03-15,Tuesday,423.2,sell,-3.004421763241642,-7.004421763241642,-0.33413525144101525
2022-03-16,Wednesday,431.3465,sell,86.75798918907051,82.75798918907051,3.947843585256266
2022-03-17,Thursday,439.4359,no_fill,0.0,0.0,0.0
2022-03-18,Friday,442.035,no_fill,0.0,0.0,0.0
2022-03-21,Monday,442.55,no_fill,0.0,0.0,0.0
2022-03-22,Tuesday,449.505,no_fill,0.0,0.0,0.0
2022-03-23,Wednesday,445.78,no_fill,0.0,0.0,0.0
2022-03-24,Thursday,448.24,no_fill,0.0,0.0,0.0
2022-03-25,Friday,451.335,no_fill,0.0,0.0,0.0
2022-03-28,Monday,452.4299,no_fill,0.0,0.0,0.0
2022-03-29,Tuesday,459.55,no_fill,0.0,0.0,0.0
2022-03-30,Wednesday,458.64,no_fill,0.0,0.0,0.0
2022-03-31,Thursday,456.95,no_fill,0.0,0.0,0.0
2022-04-01,Friday,450.53,buy,2.7869719227598972,-1.2130280772401028,-0.05786565333924913
2022-04-04,Monday,455.715,no_fill,0.0,0.0,0.0
2022-04-05,Tuesday,453.02,no_fill,0.0,0.0,0.0
2022-04-06,Wednesday,446.06,buy,-58.17755833806776,-62.17755833806776,-2.9660855373254504
2022-04-07,Thursday,447.49,no_fill,0.0,0.0,0.0
2022-04-08,Friday,448.83,no_fill,0.0,0.0,0.0
2022-04-11,Monday,442.1891,no_fill,0.0,0.0,0.0
2022-04-12,Tuesday,439.6099,no_fill,0.0,0.0,0.0
2022-04-13,Wednesday,442.02,no_fill,0.0,0.0,0.0
2022-04-14,Thursday,441.28,no_fill,0.0,0.0,0.0
2022-04-18,Monday,439.15,no_fill,0.0,0.0,0.0
2022-04-19,Tuesday,443.57,sell,-5.407228207415308,-9.407228207415308,-0.448757466168487
2022-04-20,Wednesday,446.61,no_fill,0.0,0.0,0.0
2022-04-21,Thursday,441.75,sell,5.522734899071187,1.522734899071187,0.07263974466090517
2022-04-22,Friday,428.75,no_fill,0.0,0.0,0.0
2022-04-25,Monday,422.49,buy,-1.0807064739102703,-5.08070647391027,-0.24236734916035868
2022-04-26,Tuesday,419.41,no_fill,0.0,0.0,0.0
2022-04-27,Wednesday,421.93,sell,-9.818805231196993,-13.818805231196993,-0.6592050160045642
2022-04-28,Thursday,427.17,no_fill,0.0,0.0,0.0
2022-04-29,Friday,417.66,sell,-9.70966142462899,-13.70966142462899,-0.6539984772661043
2022-05-02,Monday,407.65,buy,-55.060711943227034,-59.060711943227034,-2.817401136379105
2022-05-03,Tuesday,417.55,sell,22.14577588579667,18.14577588579667,0.865616548108457
2022-05-04,Wednesday,418.205,double_stop,-41.925667723078476,-47.925667723078476,-2.286220843977029
2022-05-05,Thursday,413.45,no_fill,0.0,0.0,0.0
2022-05-06,Friday,410.11,sell,-5.357264624017839,-9.357264624017839,-0.4463740296671303
2022-05-09,Monday,400.54,no_fill,0.0,0.0,0.0
2022-05-10,Tuesday,403.07,sell,-16.000916576701282,-20.000916576701282,-0.9541132038162647
2022-05-11,Wednesday,393.52,buy,17.154669696094633,13.154669696094633,0.6275234437758753
2022-05-12,Thursday,387.04,buy,-30.78094051718192,-34.78094051718192,-1.6591716915237746
2022-05-13,Friday,399.35,sell,12.59169224338219,8.59169224338219,0.40985356751529045
2022-05-16,Monday,402.0,buy,-9.062336349101807,-13.062336349101807,-0.6231188223586236
2022-05-17,Tuesday,406.31,buy,-43.359526042386825,-47.359526042386825,-2.2592139190340057
2022-05-18,Wednesday,393.01,no_fill,0.0,0.0,0.0
2022-05-19,Thursday,391.75,sell,1.7557366553705558,-2.244263344629444,-0.10705915810109153
2022-05-20,Friday,383.46,sell,0.42140439016856507,-3.578595609831435,-0.17071144261640728
2022-05-23,Monday,396.72,no_fill,0.0,0.0,0.0
2022-05-24,Tuesday,391.4701,buy,0.7476364911121707,-3.2523635088878295,-0.1551490380723276
2022-05-25,Wednesday,394.48,buy,-10.56940453685954,-14.56940453685954,-0.6950112104637819
2022-05-26,Thursday,406.25,no_fill,0.0,0.0,0.0
2022-05-27,Friday,412.275,no_fill,0.0,0.0,0.0
2022-05-31,Tuesday,416.22,no_fill,0.0,0.0,0.0
2022-06-01,Wednesday,409.82,buy,-9.982403428666457,-13.982403428666457,-0.6670092183633692
2022-06-02,Thursday,415.0344,no_fill,0.0,0.0,0.0
2022-06-03,Friday,410.7699,no_fill,0.0,0.0,0.0
2022-06-06,Monday,413.78,no_fill,0.0,0.0,0.0
2022-06-07,Tuesday,413.105,buy,13.895132030908705,9.895132030908705,0.4720321735251369
2022-06-08,Wednesday,411.52,no_fill,0.0,0.0,0.0
2022-06-09,Thursday,409.43,sell,-5.331346183548273,-9.331346183548273,-0.445137630016169
2022-06-10,Friday,391.62,no_fill,0.0,0.0,0.0
2022-06-13,Monday,379.3544,sell,34.51035954283342,30.51035954283342,1.4554501430653963
2022-06-14,Tuesday,373.17,buy,-15.603346228557992,-19.603346228557992,-0.9351477170519624
2022-06-15,Wednesday,378.138,double_stop,-41.925667723078476,-47.925667723078476,-2.286220843977029
2022-06-16,Thursday,365.8265,no_fill,0.0,0.0,0.0
2022-06-17,Friday,367.2599,buy,0.2782545338986342,-3.721745466101366,-0.1775401880625356
2022-06-21,Tuesday,374.835,no_fill,0.0,0.0,0.0
2022-06-22,Wednesday,377.11,buy,12.976865430444182,8.976865430444182,0.42822766662832473
2022-06-23,Thursday,374.86,no_fill,0.0,0.0,0.0
2022-06-24,Friday,386.99,no_fill,0.0,0.0,0.0
2022-06-27,Monday,388.3918,no_fill,0.0,0.0,0.0
2022-06-28,Tuesday,383.085,sell,6.31831784108491,2.3183178410849097,0.1105918148470544
2022-06-29,Wednesday,380.8207,buy,-6.538722987313609,-10.538722987313609,-0.5027336979781694
2022-06-30,Thursday,379.835,sell,1.0230284207661817,-2.976971579233818,-0.14201188631732198
2022-07-01,Friday,378.2197,sell,-14.889644125521174,-18.889644125521173,-0.9011016473387327
2022-07-05,Tuesday,377.475,no_fill,0.0,0.0,0.0
2022-07-06,Wednesday,381.88,sell,-24.10518224323015,-28.10518224323015,-1.3407148302975898
2022-07-07,Thursday,388.42,no_fill,0.0,0.0,0.0
2022-07-08,Friday,388.48,no_fill,0.0,0.0,0.0
2022-07-11,Monday,386.415,sell,3.492738515309481,-0.507261484690519,-0.024198135044193513
2022-07-12,Tuesday,384.43,no_fill,0.0,0.0,0.0
2022-07-13,Wednesday,380.84,sell,11.331567987005098,7.331567987005098,0.349741262819261
2022-07-14,Thursday,375.6,no_fill,0.0,0.0,0.0
2022-07-15,Friday,384.19,no_fill,0.0,0.0,0.0
2022-07-18,Monday,384.5171,no_fill,0.0,0.0,0.0
2022-07-19,Tuesday,391.5991,no_fill,0.0,0.0,0.0
2022-07-20,Wednesday,392.5401,buy,-0.07579582389703304,-4.075795823897033,-0.1944296200989764
2022-07-21,Thursday,396.4799,no_fill,0.0,0.0,0.0
2022-07-22,Friday,394.0212,sell,6.731107479687682,2.731107479687682,0.13028331463803078
2022-07-25,Monday,394.485,no_fill,0.0,0.0,0.0
2022-07-26,Tuesday,391.27,buy,-17.512531001622776,-21.512531001622776,-1.0262224632277448
2022-07-27,Wednesday,396.31,buy,-25.000077433491494,-29.000077433491494,-1.3834044397355207
2022-07-28,Thursday,406.15,no_fill,0.0,0.0,0.0
2022-07-29,Friday,410.89,no_fill,0.0,0.0,0.0
2022-08-01,Monday,410.03,no_fill,0.0,0.0,0.0
2022-08-02,Tuesday,409.49,buy,-6.310461398232301,-10.3104613982323,-0.4918448271991044
2022-08-03,Wednesday,414.555,no_fill,0.0,0.0,0.0
2022-08-04,Thursday,414.18,no_fill,0.0,0.0,0.0
2022-08-05,Friday,412.53,no_fill,0.0,0.0,0.0
2022-08-08,Monday,413.9008,sell,2.2504578257438355,-1.7495421742561645,-0.08345923961483426
2022-08-09,Tuesday,411.285,no_fill,0.0,0.0,0.0
2022-08-10,Wednesday,419.4299,no_fill,0.0,0.0,0.0
2022-08-11,Thursday,421.95,sell,3.464230956565808,-0.535769043434192,-0.025558044631416643
2022-08-12,Friday,424.81,no_fill,0.0,0.0,0.0
2022-08-15,Monday,428.55,no_fill,0.0,0.0,0.0
2022-08-16,Tuesday,430.9999,no_fill,0.0,0.0,0.0
2022-08-17,Wednesday,426.7,buy,28.252071224001476,24.252071224001476,1.156908048987453
2022-08-18,Thursday,426.9957,no_fill,0.0,0.0,0.0
2022-08-19,Friday,422.845,no_fill,0.0,0.0,0.0
2022-08-22,Monday,413.3692,no_fill,0.0,0.0,0.0
2022-08-23,Tuesday,412.46,no_fill,0.0,0.0,0.0
2022-08-24,Wednesday,413.08,no_fill,0.0,0.0,0.0
2022-08-25,Thursday,416.75,no_fill,0.0,0.0,0.0
2022-08-26,Friday,409.08,no_fill,0.0,0.0,0.0
2022-08-29,Monday,405.08,sell,-1.4605133322620476,-5.460513332262048,-0.26048545575131027
2022-08-30,Tuesday,397.395,no_fill,0.0,0.0,0.0
2022-08-31,Wednesday,396.7553,no_fill,0.0,0.0,0.0
2022-09-01,Thursday,392.13,no_fill,0.0,0.0,0.0
2022-09-02,Friday,392.37,buy,-10.513513067392466,-14.513513067392466,-0.6923449932034514
2022-09-06,Tuesday,390.38,buy,6.446357183083313,2.446357183083313,0.11669973626856213
2022-09-07,Wednesday,396.45,buy,-7.34194850399036,-11.34194850399036,-0.5410503455260202
2022-09-08,Thursday,398.99,no_fill,0.0,0.0,0.0
2022-09-09,Friday,406.54,no_fill,0.0,0.0,0.0
2022-09-12,Monday,410.92,no_fill,0.0,0.0,0.0
2022-09-13,Tuesday,398.41,sell,-11.424920656548204,-15.424920656548204,-0.7358223014326556
2022-09-14,Wednesday,393.11,sell,-13.840145555467236,-17.840145555467238,-0.8510369195931455
2022-09-15,Thursday,392.87,sell,4.490878562417749,0.4908785624177492,0.023416612737573138
2022-09-16,Friday,382.795,no_fill,0.0,0.0,0.0
2022-09-19,Monday,385.42,no_fill,0.0,0.0,0.0
2022-09-20,Tuesday,381.41,buy,-1.5611401461172307,-5.56114014611723,-0.26528570434936855
2022-09-21,Wednesday,387.1,sell,143.85245934435042,139.85245934435042,6.67144815763385
2022-09-22,Thursday,375.43,sell,5.673290049708686,1.6732900497086858,0.07982174837433077
2022-09-23,Friday,366.1599,sell,22.048429796768747,18.048429796768747,0.8609728014818845
2022-09-26,Monday,363.31,buy,23.764809198105983,19.764809198105983,0.9428500616211396
2022-09-27,Tuesday,361.76,buy,-24.282714445352134,-28.282714445352134,-1.349183733084999
2022-09-28,Wednesday,368.71,no_fill,0.0,0.0,0.0
2022-09-29,Thursday,360.5,no_fill,0.0,0.0,0.0
2022-09-30,Friday,360.99,no_fill,0.0,0.0,0.0
2022-10-03,Monday,365.68,buy,5.836553581034063,1.836553581034063,0.08760998599543403
2022-10-04,Tuesday,376.29,no_fill,0.0,0.0,0.0
2022-10-05,Wednesday,375.83,buy,0.32338597189651125,-3.6766140281034887,-0.17538726168359406
2022-10-06,Thursday,375.41,sell,1.1489905437780996,-2.8510094562219006,-0.13600305545772043
2022-10-07,Friday,363.43,no_fill,0.0,0.0,0.0
2022-10-10,Monday,361.498,sell,5.261377614041775,1.2613776140417752,0.06017209421079465
2022-10-11,Tuesday,361.89,sell,0.8670039344741861,-3.132996065525814,-0.14945479634191822
2022-10-12,Wednesday,357.6599,buy,13.99216109316414,9.99216109316414,0.476660796873312
2022-10-13,Thursday,365.556,sell,-10.130020284414046,-14.130020284414046,-0.674051055202921
2022-10-14,Friday,360.12,sell,17.635411167894176,13.635411167894176,0.650456482074746
2022-10-17,Monday,367.41,no_fill,0.0,0.0,0.0
2022-10-18,Tuesday,372.04,sell,-8.598571954217318,-12.598571954217318,-0.6009956496069011
2022-10-19,Wednesday,366.9301,buy,8.740371190321476,4.740371190321476,0.22613217380970096
2022-10-20,Thursday,366.11,sell,7.992944456452598,3.992944456452598,0.19047732204654358
2022-10-21,Friday,372.6,no_fill,0.0,0.0,0.0
2022-10-24,Monday,377.16,buy,-3.728768743288607,-7.728768743288607,-0.368689118767891
2022-10-25,Tuesday,382.97,no_fill,0.0,0.0,0.0
2022-10-26,Wednesday,383.78,no_fill,0.0,0.0,0.0
2022-10-27,Thursday,380.7801,no_fill,0.0,0.0,0.0
2022-10-28,Friday,387.52,no_fill,0.0,0.0,0.0
2022-10-31,Monday,387.07,no_fill,0.0,0.0,0.0
2022-11-01,Tuesday,385.09,no_fill,0.0,0.0,0.0
2022-11-02,Wednesday,383.325,double_stop,-41.925667723078476,-47.925667723078476,-2.286220843977029
2022-11-03,Thursday,372.2622,no_fill,0.0,0.0,0.0
2022-11-04,Friday,370.76,no_fill,0.0,0.0,0.0
2022-11-07,Monday,377.92,buy,3.380942599086187,-0.619057400913813,-0.02953118862662958
2022-11-08,Tuesday,380.75,sell,-19.129609961342933,-23.129609961342933,-1.1033627473325114
2022-11-09,Wednesday,376.14,no_fill,0.0,0.0,0.0
2022-11-10,Thursday,391.28,no_fill,0.0,0.0,0.0
2022-11-11,Friday,398.18,no_fill,0.0,0.0,0.0
2022-11-14,Monday,400.1001,no_fill,0.0,0.0,0.0
2022-11-15,Tuesday,396.47,sell,-42.5382367924039,-46.5382367924039,-2.2200355686541102
2022-11-16,Wednesday,395.3,no_fill,0.0,0.0,0.0
2022-11-17,Thursday,394.2111,no_fill,0.0,0.0,0.0
2022-11-18,Friday,393.89,no_fill,0.0,0.0,0.0
2022-11-21,Monday,394.7401,no_fill,0.0,0.0,0.0
2022-11-22,Tuesday,398.535,no_fill,0.0,0.0,0.0
2022-11-23,Wednesday,400.9699,buy,4.976769086212578,0.9767690862125784,0.04659527870440591
2022-11-28,Monday,396.57,no_fill,0.0,0.0,0.0
2022-11-29,Tuesday,395.015,buy,-4.887494950358816,-8.887494950358816,-0.4239643842555471
2022-11-30,Wednesday,399.72,buy,18.314660384432173,14.314660384432173,0.6828590294127862
2022-12-01,Thursday,407.1115,no_fill,0.0,0.0,0.0
2022-12-02,Friday,405.22,no_fill,0.0,0.0,0.0
2022-12-05,Monday,399.1901,no_fill,0.0,0.0,0.0
2022-12-06,Tuesday,393.3,sell,-2.656197705933128,-6.656197705933128,-0.3175237541783572
2022-12-07,Wednesday,393.0425,no_fill,0.0,0.0,0.0
2022-12-08,Thursday,396.47,sell,10.31317693372881,6.31317693372881,0.3011604716913619
2022-12-09,Friday,395.9853,sell,-15.391919991757874,-19.391919991757874,-0.9250619510626595
2022-12-12,Monday,395.8699,no_fill,0.0,0.0,0.0
2022-12-13,Tuesday,401.64,no_fill,0.0,0.0,0.0
2022-12-14,Wednesday,404.76,sell,87.00238009240891,83.00238009240891,3.95950188035857
2022-12-15,Thursday,388.7501,no_fill,0.0,0.0,0.0
2022-12-16,Friday,381.725,buy,1.4354895388127331,-2.564510461187267,-0.12233605809815651
2022-12-19,Monday,379.9,sell,-7.7988433377187345,-11.798843337718735,-0.5628458163457668
2022-12-20,Tuesday,381.26,no_fill,0.0,0.0,0.0
2022-12-21,Wednesday,386.38,buy,-2.0695164020436256,-6.069516402043625,-0.28953701785422437
2022-12-22,Thursday,375.53,buy,13.122325779501857,9.122325779501857,0.43516663060707156
2022-12-23,Friday,381.47,no_fill,0.0,0.0,0.0
2022-12-27,Tuesday,381.18,no_fill,0.0,0.0,0.0
2022-12-28,Wednesday,378.67,no_fill,0.0,0.0,0.0
2022-12-29,Thursday,383.88,no_fill,0.0,0.0,0.0
2022-12-30,Friday,379.32,no_fill,0.0,0.0,0.0
2023-01-03,Tuesday,379.83,sell,-7.272498711605372,-11.272498711605373,-0.5377373491609434
2023-01-04,Wednesday,384.14,buy,-37.678093922974405,-41.678093922974405,-1.988189869664602
2023-01-05,Thursday,380.57,no_fill,0.0,0.0,0.0
2023-01-06,Friday,386.72,buy,-1.8275421776346823,-5.827542177634682,-0.2779940067323886
2023-01-09,Monday,390.485,no_fill,0.0,0.0,0.0
2023-01-10,Tuesday,389.52,no_fill,0.0,0.0,0.0
2023-01-11,Wednesday,393.64,no_fill,0.0,0.0,0.0
2023-01-12,Thursday,398.26,no_fill,0.0,0.0,0.0
2023-01-13,Friday,397.52,no_fill,0.0,0.0,0.0
2023-01-17,Tuesday,398.655,no_fill,0.0,0.0,0.0
2023-01-18,Wednesday,393.5889,no_fill,0.0,0.0,0.0
2023-01-19,Thursday,389.81,no_fill,0.0,0.0,0.0
2023-01-20,Friday,393.42,no_fill,0.0,0.0,0.0
2023-01-23,Monday,402.005,sell,-5.913269801390277,-9.913269801390278,-0.47289740818765313
2023-01-24,Tuesday,400.78,no_fill,0.0,0.0,0.0
2023-01-25,Wednesday,398.99,buy,-5.674230137134887,-9.674230137134888,-0.46149438577979257
2023-01-26,Thursday,402.905,no_fill,0.0,0.0,0.0
2023-01-27,Friday,406.42,no_fill,0.0,0.0,0.0
2023-01-30,Monday,402.25,no_fill,0.0,0.0,0.0
2023-01-31,Tuesday,404.22,no_fill,0.0,0.0,0.0
2023-02-01,Wednesday,404.73,sell,-38.50539309856083,-42.50539309856083,-2.027654914374243
2023-02-02,Thursday,418.055,sell,25.20334044566817,21.20334044566817,1.0114729995819025
2023-02-03,Friday,412.9792,no_fill,0.0,0.0,0.0
2023-02-06,Monday,409.97,no_fill,0.0,0.0,0.0
2023-02-07,Tuesday,408.905,buy,48.36867345678626,44.36867345678626,2.1165398604904273
2023-02-08,Wednesday,411.41,no_fill,0.0,0.0,0.0
2023-02-09,Thursday,409.3399,no_fill,0.0,0.0,0.0
2023-02-10,Friday,406.73,no_fill,0.0,0.0,0.0
2023-02-13,Monday,412.75,no_fill,0.0,0.0,0.0
2023-02-14,Tuesday,412.45,sell,-10.658554554956767,-14.658554554956767,-0.6992639760338412
2023-02-15,Wednesday,412.98,no_fill,0.0,0.0,0.0
2023-02-16,Thursday,412.15,no_fill,0.0,0.0,0.0
2023-02-17,Friday,405.16,no_fill,0.0,0.0,0.0
2023-02-21,Tuesday,399.655,no_fill,0.0,0.0,0.0
2023-02-22,Wednesday,400.3599,sell,-1.4828609671514292,-5.48286096715143,-0.2615515155711318
2023-02-23,Thursday,398.195,no_fill,0.0,0.0,0.0
2023-02-24,Friday,395.58,no_fill,0.0,0.0,0.0
2023-02-27,Monday,399.02,no_fill,0.0,0.0,0.0
2023-02-28,Tuesday,398.94,no_fill,0.0,0.0,0.0
2023-03-01,Wednesday,394.8076,no_fill,0.0,0.0,0.0
2023-03-02,Thursday,396.139,buy,-20.68262918590754,-24.68262918590754,-1.1774471595270837
2023-03-03,Friday,402.875,no_fill,0.0,0.0,0.0
2023-03-06,Monday,404.855,no_fill,0.0,0.0,0.0
2023-03-07,Tuesday,398.3866,no_fill,0.0,0.0,0.0
2023-03-08,Wednesday,397.0099,no_fill,0.0,0.0,0.0
2023-03-09,Thursday,395.17,sell,-11.372024842636423,-15.372024842636423,-0.7332989873492085
2023-03-10,Friday,384.91,buy,15.14950408759123,11.14950408759123,0.5318700783126159
2023-03-13,Monday,387.83,buy,-11.16472644334134,-15.16472644334134,-0.7234101335489876
2023-03-14,Tuesday,389.1691,sell,-7.112813394858803,-11.112813394858803,-0.530119804805953
2023-03-15,Wednesday,386.49,no_fill,0.0,0.0,0.0
2023-03-16,Thursday,395.025,sell,-4.229715704461466,-8.229715704461466,-0.3925860291036616
2023-03-17,Friday,391.0088,sell,7.138835461502879,3.138835461502879,0.14973335581606348
2023-03-20,Monday,393.02,no_fill,0.0,0.0,0.0
2023-03-21,Tuesday,396.275,no_fill,0.0,0.0,0.0
2023-03-22,Wednesday,398.54,buy,-6.63553923615742,-10.63553923615742,-0.507352169387297
2023-03-23,Thursday,394.82,no_fill,0.0,0.0,0.0
2023-03-24,Friday,393.555,no_fill,0.0,0.0,0.0
2023-03-27,Monday,396.83,no_fill,0.0,0.0,0.0
2023-03-28,Tuesday,393.845,no_fill,0.0,0.0,0.0
2023-03-29,Wednesday,399.5589,no_fill,0.0,0.0,0.0
2023-03-30,Thursday,402.33,no_fill,0.0,0.0,0.0
2023-03-31,Friday,407.13,no_fill,0.0,0.0,0.0
2023-04-03,Monday,409.2214,no_fill,0.0,0.0,0.0
2023-04-04,Tuesday,408.68,no_fill,0.0,0.0,0.0
2023-04-05,Wednesday,407.16,no_fill,0.0,0.0,0.0
2023-04-06,Thursday,408.86,no_fill,0.0,0.0,0.0
2023-04-10,Monday,408.64,no_fill,0.0,0.0,0.0
2023-04-11,Tuesday,410.81,no_fill,0.0,0.0,0.0
2023-04-12,Wednesday,410.8799,no_fill,0.0,0.0,0.0
2023-04-13,Thursday,412.67,no_fill,0.0,0.0,0.0
2023-04-14,Friday,411.02,no_fill,0.0,0.0,0.0
2023-04-17,Monday,411.3234,no_fill,0.0,0.0,0.0
2023-04-18,Tuesday,413.9512,no_fill,0.0,0.0,0.0
2023-04-19,Wednesday,414.5394,no_fill,0.0,0.0,0.0
2023-04-20,Thursday,413.23,no_fill,0.0,0.0,0.0
2023-04-21,Friday,412.22,no_fill,0.0,0.0,0.0
2023-04-24,Monday,412.17,no_fill,0.0,0.0,0.0
2023-04-25,Tuesday,406.975,no_fill,0.0,0.0,0.0
2023-04-26,Wednesday,405.28,no_fill,0.0,0.0,0.0
2023-04-27,Thursday,410.77,no_fill,0.0,0.0,0.0
2023-04-28,Friday,414.9475,no_fill,0.0,0.0,0.0
2023-05-01,Monday,417.03,no_fill,0.0,0.0,0.0
2023-05-02,Tuesday,410.82,sell,0.944570841249894,-3.055429158750106,-0.1457545854215798
2023-05-03,Wednesday,412.12,buy,-21.690777179021055,-25.690777179021055,-1.2255393211008665
2023-05-04,Thursday,406.132,no_fill,0.0,0.0,0.0
2023-05-05,Friday,411.8599,no_fill,0.0,0.0,0.0
2023-05-08,Monday,412.76,sell,-4.0038262057598555,-8.003826205759855,-0.38181031527634113
2023-05-09,Tuesday,411.84,no_fill,0.0,0.0,0.0
2023-05-10,Wednesday,410.1,buy,1.1878610909103597,-2.81213890908964,-0.13414879532337967
2023-05-11,Thursday,411.3299,no_fill,0.0,0.0,0.0
2023-05-12,Friday,409.3101,no_fill,0.0,0.0,0.0
2023-05-15,Monday,412.3,no_fill,0.0,0.0,0.0
2023-05-16,Tuesday,411.88,no_fill,0.0,0.0,0.0
2023-05-17,Wednesday,415.75,no_fill,0.0,0.0,0.0
2023-05-18,Thursday,415.625,no_fill,0.0,0.0,0.0
2023-05-19,Friday,418.005,no_fill,0.0,0.0,0.0
2023-05-22,Monday,419.16,no_fill,0.0,0.0,0.0
2023-05-23,Tuesday,415.68,no_fill,0.0,0.0,0.0
2023-05-24,Wednesday,411.2,no_fill,0.0,0.0,0.0
2023-05-25,Thursday,414.9799,buy,-16.622864624474758,-20.622864624474758,-0.9837822863401963
2023-05-26,Friday,419.565,no_fill,0.0,0.0,0.0
2023-05-30,Tuesday,419.015,no_fill,0.0,0.0,0.0
2023-05-31,Wednesday,418.31,no_fill,0.0,0.0,0.0
2023-06-01,Thursday,422.08,no_fill,0.0,0.0,0.0
2023-06-02,Friday,428.14,no_fill,0.0,0.0,0.0
2023-06-05,Monday,428.4999,no_fill,0.0,0.0,0.0
2023-06-06,Tuesday,426.86,no_fill,0.0,0.0,0.0
2023-06-07,Wednesday,426.715,no_fill,0.0,0.0,0.0
2023-06-08,Thursday,428.21,no_fill,0.0,0.0,0.0
2023-06-09,Friday,430.58,no_fill,0.0,0.0,0.0
2023-06-12,Monday,431.79,no_fill,0.0,0.0,0.0
2023-06-13,Tuesday,436.845,no_fill,0.0,0.0,0.0
2023-06-14,Wednesday,437.29,sell,33.920653069330804,29.920653069330804,1.4273190956412904
2023-06-15,Thursday,441.735,no_fill,0.0,0.0,0.0
2023-06-16,Friday,441.32,no_fill,0.0,0.0,0.0
2023-06-20,Tuesday,437.44,no_fill,0.0,0.0,0.0
2023-06-21,Wednesday,435.8799,no_fill,0.0,0.0,0.0
2023-06-22,Thursday,435.655,no_fill,0.0,0.0,0.0
2023-06-23,Friday,434.58,no_fill,0.0,0.0,0.0
2023-06-26,Monday,432.1879,no_fill,0.0,0.0,0.0
2023-06-27,Tuesday,436.225,no_fill,0.0,0.0,0.0
2023-06-28,Wednesday,435.38,no_fill,0.0,0.0,0.0
2023-06-29,Thursday,437.1,no_fill,0.0,0.0,0.0
2023-06-30,Friday,443.8,no_fill,0.0,0.0,0.0
2023-07-05,Wednesday,443.2801,no_fill,0.0,0.0,0.0
2023-07-06,Thursday,439.72,no_fill,0.0,0.0,0.0
2023-07-07,Friday,441.79,no_fill,0.0,0.0,0.0
2023-07-10,Monday,438.97,no_fill,0.0,0.0,0.0
2023-07-11,Tuesday,441.01,no_fill,0.0,0.0,0.0
2023-07-12,Wednesday,446.34,no_fill,0.0,0.0,0.0
2023-07-13,Thursday,448.69,no_fill,0.0,0.0,0.0
2023-07-14,Friday,449.8387,no_fill,0.0,0.0,0.0
2023-07-17,Monday,450.79,no_fill,0.0,0.0,0.0
2023-07-18,Tuesday,453.49,no_fill,0.0,0.0,0.0
2023-07-19,Wednesday,455.0785,no_fill,0.0,0.0,0.0
2023-07-20,Thursday,453.3989,no_fill,0.0,0.0,0.0
2023-07-21,Friday,454.05,no_fill,0.0,0.0,0.0
2023-07-24,Monday,454.77,no_fill,0.0,0.0,0.0
2023-07-25,Tuesday,455.82,no_fill,0.0,0.0,0.0
2023-07-26,Wednesday,454.24,no_fill,0.0,0.0,0.0
2023-07-27,Thursday,456.04,sell,11.797450324058698,7.797450324058698,0.37196546877017295
2023-07-28,Friday,456.27,no_fill,0.0,0.0,0.0
2023-07-31,Monday,456.88,no_fill,0.0,0.0,0.0
2023-08-01,Tuesday,456.43,no_fill,0.0,0.0,0.0
2023-08-02,Wednesday,450.57,no_fill,0.0,0.0,0.0
2023-08-03,Thursday,449.5101,no_fill,0.0,0.0,0.0
2023-08-04,Friday,450.76,sell,2.9967011460029327,-1.0032988539970673,-0.04786084079203775
2023-08-07,Monday,450.21,no_fill,0.0,0.0,0.0
2023-08-08,Tuesday,447.2449,no_fill,0.0,0.0,0.0
2023-08-09,Wednesday,447.5205,no_fill,0.0,0.0,0.0
2023-08-10,Thursday,444.8623,buy,20.796155380749763,16.796155380749763,0.801234961441252
2023-08-11,Friday,444.9487,no_fill,0.0,0.0,0.0
2023-08-14,Monday,447.111,no_fill,0.0,0.0,0.0
2023-08-15,Tuesday,444.04,no_fill,0.0,0.0,0.0
2023-08-16,Wednesday,442.28,sell,0.2906707057026211,-3.709329294297379,-0.17694789353375212
2023-08-17,Thursday,438.82,no_fill,0.0,0.0,0.0
2023-08-18,Friday,435.905,no_fill,0.0,0.0,0.0
2023-08-21,Monday,438.05,no_fill,0.0,0.0,0.0
2023-08-22,Tuesday,438.18,no_fill,0.0,0.0,0.0
2023-08-23,Wednesday,443.55,no_fill,0.0,0.0,0.0
2023-08-24,Thursday,439.3399,no_fill,0.0,0.0,0.0
2023-08-25,Friday,438.5696,no_fill,0.0,0.0,0.0
2023-08-28,Monday,441.14,no_fill,0.0,0.0,0.0
2023-08-29,Tuesday,448.07,no_fill,0.0,0.0,0.0
2023-08-30,Wednesday,450.735,no_fill,0.0,0.0,0.0
2023-08-31,Thursday,451.46,no_fill,0.0,0.0,0.0
2023-09-01,Friday,450.65,no_fill,0.0,0.0,0.0
2023-09-05,Tuesday,450.02,no_fill,0.0,0.0,0.0
2023-09-06,Wednesday,445.31,no_fill,0.0,0.0,0.0
2023-09-07,Thursday,445.07,no_fill,0.0,0.0,0.0
2023-09-08,Friday,445.881,no_fill,0.0,0.0,0.0
2023-09-11,Monday,448.3799,no_fill,0.0,0.0,0.0
2023-09-12,Tuesday,447.0329,no_fill,0.0,0.0,0.0
2023-09-13,Wednesday,447.375,no_fill,0.0,0.0,0.0
2023-09-14,Thursday,450.15,no_fill,0.0,0.0,0.0
2023-09-15,Friday,443.97,no_fill,0.0,0.0,0.0
2023-09-18,Monday,444.31,no_fill,0.0,0.0,0.0
2023-09-19,Tuesday,442.15,no_fill,0.0,0.0,0.0
2023-09-20,Wednesday,443.575,sell,10.260747269046316,6.260747269046316,0.29865939454555257
2023-09-21,Thursday,434.42,no_fill,0.0,0.0,0.0
2023-09-22,Friday,431.62,no_fill,0.0,0.0,0.0
2023-09-25,Monday,431.47,no_fill,0.0,0.0,0.0
2023-09-26,Tuesday,426.71,no_fill,0.0,0.0,0.0
2023-09-27,Wednesday,423.31,no_fill,0.0,0.0,0.0
2023-09-28,Thursday,428.155,no_fill,0.0,0.0,0.0
2023-09-29,Friday,426.17,no_fill,0.0,0.0,0.0
2023-10-02,Monday,425.4973,buy,7.537934533465409,3.5379345334654086,0.1687717680173242
2023-10-03,Tuesday,420.89,no_fill,0.0,0.0,0.0
2023-10-04,Wednesday,422.2,no_fill,0.0,0.0,0.0
2023-10-05,Thursday,424.07,no_fill,0.0,0.0,0.0
2023-10-06,Friday,429.74,no_fill,0.0,0.0,0.0
2023-10-09,Monday,432.11,no_fill,0.0,0.0,0.0
2023-10-10,Tuesday,435.43,no_fill,0.0,0.0,0.0
2023-10-11,Wednesday,433.8296,no_fill,0.0,0.0,0.0
2023-10-12,Thursday,432.4399,sell,-1.054865147274392,-5.054865147274392,-0.2411346281071575
2023-10-13,Friday,431.4,no_fill,0.0,0.0,0.0
2023-10-16,Monday,436.46,no_fill,0.0,0.0,0.0
2023-10-17,Tuesday,434.8738,no_fill,0.0,0.0,0.0
2023-10-18,Wednesday,432.49,no_fill,0.0,0.0,0.0
2023-10-19,Thursday,429.47,no_fill,0.0,0.0,0.0
2023-10-20,Friday,424.22,sell,2.3741139485595295,-1.6258860514404705,-0.0775604129756284
2023-10-23,Monday,422.96,no_fill,0.0,0.0,0.0
2023-10-24,Tuesday,422.16,no_fill,0.0,0.0,0.0
2023-10-25,Wednesday,417.72,no_fill,0.0,0.0,0.0
2023-10-26,Thursday,413.6201,no_fill,0.0,0.0,0.0
2023-10-27,Friday,410.4,no_fill,0.0,0.0,0.0
2023-10-30,Monday,415.68,no_fill,0.0,0.0,0.0
2023-10-31,Tuesday,417.8431,no_fill,0.0,0.0,0.0
2023-11-01,Wednesday,420.14,no_fill,0.0,0.0,0.0
2023-11-02,Thursday,430.275,no_fill,0.0,0.0,0.0
2023-11-03,Friday,435.65,no_fill,0.0,0.0,0.0
2023-11-06,Monday,434.2912,no_fill,0.0,0.0,0.0
2023-11-07,Tuesday,437.225,no_fill,0.0,0.0,0.0
2023-11-08,Wednesday,436.565,no_fill,0.0,0.0,0.0
2023-11-09,Thursday,435.46,sell,0.8531767938592376,-3.1468232061407626,-0.15011439898468484
2023-11-10,Friday,439.5299,no_fill,0.0,0.0,0.0
2023-11-13,Monday,440.5299,no_fill,0.0,0.0,0.0
2023-11-14,Tuesday,448.23,no_fill,0.0,0.0,0.0
2023-11-15,Wednesday,450.225,no_fill,0.0,0.0,0.0
2023-11-16,Thursday,448.9297,no_fill,0.0,0.0,0.0
2023-11-17,Friday,451.04,no_fill,0.0,0.0,0.0
2023-11-20,Monday,453.9972,no_fill,0.0,0.0,0.0
2023-11-21,Tuesday,453.24,no_fill,0.0,0.0,0.0
2023-11-22,Wednesday,455.32,no_fill,0.0,0.0,0.0
2023-11-27,Monday,455.135,no_fill,0.0,0.0,0.0
2023-11-28,Tuesday,454.39,no_fill,0.0,0.0,0.0
2023-11-29,Wednesday,456.1011,no_fill,0.0,0.0,0.0
2023-11-30,Thursday,453.924,no_fill,0.0,0.0,0.0
2023-12-01,Friday,458.31,no_fill,0.0,0.0,0.0
2023-12-04,Monday,455.89,no_fill,0.0,0.0,0.0
2023-12-05,Tuesday,456.19,no_fill,0.0,0.0,0.0
2023-12-06,Wednesday,456.47,no_fill,0.0,0.0,0.0
2023-12-07,Thursday,458.31,no_fill,0.0,0.0,0.0
2023-12-08,Friday,459.4999,no_fill,0.0,0.0,0.0
2023-12-11,Monday,461.6408,no_fill,0.0,0.0,0.0
2023-12-12,Tuesday,463.21,no_fill,0.0,0.0,0.0
2023-12-13,Wednesday,464.42,buy,36.52823026145169,32.52823026145169,1.5517095864186388
2023-12-14,Thursday,470.18,no_fill,0.0,0.0,0.0
2023-12-15,Friday,468.68,no_fill,0.0,0.0,0.0
2023-12-18,Monday,472.49,no_fill,0.0,0.0,0.0
2023-12-19,Tuesday,474.1758,no_fill,0.0,0.0,0.0
2023-12-20,Wednesday,475.06,no_fill,0.0,0.0,0.0
2023-12-21,Thursday,470.55,no_fill,0.0,0.0,0.0
2023-12-22,Friday,474.22,sell,-6.412625097673306,-10.412625097673306,-0.49671839057874106
2023-12-26,Tuesday,475.2,no_fill,0.0,0.0,0.0
2023-12-27,Wednesday,476.02,sell,-1.8459900314489823,-5.8459900314489825,-0.2788740334471042
2023-12-28,Thursday,477.0199,no_fill,0.0,0.0,0.0
2023-12-29,Friday,475.05,no_fill,0.0,0.0,0.0
2024-01-02,Tuesday,472.1499,no_fill,0.0,0.0,0.0
2024-01-03,Wednesday,470.0825,sell,-9.42230640093504,-13.42230640093504,-0.6402906443656508
2024-01-04,Thursday,469.07,no_fill,0.0,0.0,0.0
2024-01-05,Friday,468.35,no_fill,0.0,0.0,0.0
2024-01-08,Monday,472.02,no_fill,0.0,0.0,0.0
2024-01-09,Tuesday,474.28,no_fill,0.0,0.0,0.0
2024-01-10,Wednesday,475.753,no_fill,0.0,0.0,0.0
2024-01-11,Thursday,475.7588,no_fill,0.0,0.0,0.0
2024-01-12,Friday,476.931,no_fill,0.0,0.0,0.0
2024-01-16,Tuesday,474.0606,no_fill,0.0,0.0,0.0
2024-01-17,Wednesday,470.6602,no_fill,0.0,0.0,0.0
2024-01-18,Thursday,473.9801,no_fill,0.0,0.0,0.0
2024-01-19,Friday,481.6694,no_fill,0.0,0.0,0.0
2024-01-22,Monday,483.84,no_fill,0.0,0.0,0.0
2024-01-23,Tuesday,483.97,no_fill,0.0,0.0,0.0
2024-01-24,Wednesday,487.3103,no_fill,0.0,0.0,0.0
2024-01-25,Thursday,485.95,no_fill,0.0,0.0,0.0
2024-01-26,Friday,486.98,no_fill,0.0,0.0,0.0
2024-01-29,Monday,488.215,no_fill,0.0,0.0,0.0
2024-01-30,Tuesday,490.74,no_fill,0.0,0.0,0.0
2024-01-31,Wednesday,487.43,sell,0.1684054959074931,-3.831594504092507,-0.18278036878985046
2024-02-01,Thursday,487.23,no_fill,0.0,0.0,0.0
2024-02-02,Friday,494.275,no_fill,0.0,0.0,0.0
2024-02-05,Monday,493.14,no_fill,0.0,0.0,0.0
2024-02-06,Tuesday,493.515,sell,5.0829803487672764,1.0829803487672764,0.051661924905784494
2024-02-07,Wednesday,498.071,no_fill,0.0,0.0,0.0
2024-02-08,Thursday,498.13,no_fill,0.0,0.0,0.0
2024-02-09,Friday,500.715,no_fill,0.0,0.0,0.0
2024-02-12,Monday,502.08,no_fill,0.0,0.0,0.0
2024-02-13,Tuesday,493.59,sell,9.226189416888905,5.226189416888905,0.2493073909476265
2024-02-14,Wednesday,496.5701,sell,-5.857212318881004,-9.857212318881004,-0.47022327152848115
2024-02-15,Thursday,501.38,no_fill,0.0,0.0,0.0
2024-02-16,Friday,502.3601,no_fill,0.0,0.0,0.0
2024-02-20,Tuesday,495.8982,no_fill,0.0,0.0,0.0
2024-02-21,Wednesday,495.34,no_fill,0.0,0.0,0.0
2024-02-22,Thursday,507.25,no_fill,0.0,0.0,0.0
2024-02-23,Friday,508.53,no_fill,0.0,0.0,0.0
2024-02-26,Monday,506.885,no_fill,0.0,0.0,0.0
2024-02-27,Tuesday,505.7726,no_fill,0.0,0.0,0.0
2024-02-28,Wednesday,506.63,no_fill,0.0,0.0,0.0
2024-02-29,Thursday,507.8,no_fill,0.0,0.0,0.0
2024-03-01,Friday,512.615,no_fill,0.0,0.0,0.0
2024-03-04,Monday,512.765,no_fill,0.0,0.0,0.0
2024-03-05,Tuesday,506.76,no_fill,0.0,0.0,0.0
2024-03-06,Wednesday,510.15,sell,-2.7270208653628463,-6.727020865362846,-0.3209022649225395
2024-03-07,Thursday,515.705,no_fill,0.0,0.0,0.0
2024-03-08,Friday,511.71,no_fill,0.0,0.0,0.0
2024-03-11,Monday,511.05,no_fill,0.0,0.0,0.0
2024-03-12,Tuesday,515.6,no_fill,0.0,0.0,0.0
2024-03-13,Wednesday,517.08,no_fill,0.0,0.0,0.0
2024-03-14,Thursday,514.53,no_fill,0.0,0.0,0.0
2024-03-15,Friday,509.905,no_fill,0.0,0.0,0.0
2024-03-18,Monday,513.8,no_fill,0.0,0.0,0.0
2024-03-19,Tuesday,514.99,no_fill,0.0,0.0,0.0
2024-03-20,Wednesday,515.48,buy,10.270191668064015,6.270191668064015,0.2991099251885028
2024-03-21,Thursday,522.81,no_fill,0.0,0.0,0.0
2024-03-22,Friday,522.545,no_fill,0.0,0.0,0.0
2024-03-25,Monday,520.66,no_fill,0.0,0.0,0.0
2024-03-26,Tuesday,520.655,no_fill,0.0,0.0,0.0
2024-03-27,Wednesday,520.175,no_fill,0.0,0.0,0.0
2024-03-28,Thursday,523.38,no_fill,0.0,0.0,0.0
2024-04-01,Monday,521.74,no_fill,0.0,0.0,0.0
2024-04-02,Tuesday,517.75,no_fill,0.0,0.0,0.0
2024-04-03,Wednesday,520.55,no_fill,0.0,0.0,0.0
2024-04-04,Thursday,521.86,sell,18.223921206868674,14.223921206868674,0.6785304554154519
2024-04-05,Friday,517.8099,buy,-6.499997210481448,-10.499997210481448,-0.5008863438900748
2024-04-08,Monday,519.31,no_fill,0.0,0.0,0.0
2024-04-09,Tuesday,516.6701,no_fill,0.0,0.0,0.0
2024-04-10,Wednesday,513.76,no_fill,0.0,0.0,0.0
2024-04-11,Thursday,518.0,buy,-7.256270154975076,-11.256270154975077,-0.5369631906317347
2024-04-12,Friday,510.49,no_fill,0.0,0.0,0.0
2024-04-15,Monday,506.365,sell,3.4266875311313667,-0.5733124688686333,-0.02734899645035572
2024-04-16,Tuesday,503.9699,buy,-5.614695014358312,-9.614695014358311,-0.45865435359856127
2024-04-17,Wednesday,502.4,no_fill,0.0,0.0,0.0
2024-04-18,Thursday,499.62,no_fill,0.0,0.0,0.0
2024-04-19,Friday,497.3,sell,-0.45207576783326614,-4.452075767833266,-0.21237948061981937
2024-04-22,Monday,501.43,no_fill,0.0,0.0,0.0
2024-04-23,Tuesday,505.98,no_fill,0.0,0.0,0.0
2024-04-24,Wednesday,506.43,sell,5.101972725747732,1.101972725747732,0.05256792726719714
2024-04-25,Thursday,503.49,no_fill,0.0,0.0,0.0
2024-04-26,Friday,509.42,no_fill,0.0,0.0,0.0
2024-04-29,Monday,510.175,no_fill,0.0,0.0,0.0
2024-04-30,Tuesday,506.11,no_fill,0.0,0.0,0.0
2024-05-01,Wednesday,500.99,buy,-14.176271255499906,-18.176271255499906,-0.8670712831840989
2024-05-02,Thursday,503.85,no_fill,0.0,0.0,0.0
2024-05-03,Friday,511.3,no_fill,0.0,0.0,0.0
2024-05-06,Monday,514.89,no_fill,0.0,0.0,0.0
2024-05-07,Tuesday,516.99,no_fill,0.0,0.0,0.0
2024-05-08,Wednesday,517.07,no_fill,0.0,0.0,0.0
2024-05-09,Thursday,519.2,no_fill,0.0,0.0,0.0
2024-05-10,Friday,520.8,no_fill,0.0,0.0,0.0
2024-05-13,Monday,520.6888,no_fill,0.0,0.0,0.0
2024-05-14,Tuesday,521.29,no_fill,0.0,0.0,0.0
2024-05-15,Wednesday,528.96,no_fill,0.0,0.0,0.0
2024-05-16,Thursday,530.05,no_fill,0.0,0.0,0.0
2024-05-17,Friday,528.72,no_fill,0.0,0.0,0.0
2024-05-20,Monday,530.2465,no_fill,0.0,0.0,0.0
2024-05-21,Tuesday,530.7601,no_fill,0.0,0.0,0.0
2024-05-22,Wednesday,529.9995,sell,-7.198669933083672,-11.198669933083671,-0.5342154599445643
2024-05-23,Thursday,526.7,no_fill,0.0,0.0,0.0
2024-05-24,Friday,529.565,no_fill,0.0,0.0,0.0
2024-05-28,Tuesday,528.79,no_fill,0.0,0.0,0.0
2024-05-29,Wednesday,527.01,no_fill,0.0,0.0,0.0
2024-05-30,Thursday,524.78,no_fill,0.0,0.0,0.0
2024-05-31,Friday,520.85,no_fill,0.0,0.0,0.0
2024-06-03,Monday,525.19,no_fill,0.0,0.0,0.0
2024-06-04,Tuesday,526.84,no_fill,0.0,0.0,0.0
2024-06-05,Wednesday,533.26,no_fill,0.0,0.0,0.0
2024-06-06,Thursday,534.19,sell,-2.617301373099218,-6.6173013730992185,-0.3156682639764684
2024-06-07,Friday,535.8899,sell,21.023402490367396,17.023402490367396,0.8120754380256019
2024-06-10,Monday,535.305,no_fill,0.0,0.0,0.0
2024-06-11,Tuesday,535.2,no_fill,0.0,0.0,0.0
2024-06-12,Wednesday,542.5651,sell,-11.100422880810362,-15.100422880810362,-0.7203426302259299
2024-06-13,Thursday,541.67,no_fill,0.0,0.0,0.0
2024-06-14,Friday,541.77,no_fill,0.0,0.0,0.0
2024-06-17,Monday,547.41,no_fill,0.0,0.0,0.0
2024-06-18,Tuesday,548.12,no_fill,0.0,0.0,0.0
2024-06-20,Thursday,547.02,no_fill,0.0,0.0,0.0
2024-06-21,Friday,543.96,no_fill,0.0,0.0,0.0
2024-06-24,Monday,543.975,no_fill,0.0,0.0,0.0
2024-06-25,Tuesday,543.98,no_fill,0.0,0.0,0.0
2024-06-26,Wednesday,544.865,no_fill,0.0,0.0,0.0
2024-06-27,Thursday,545.78,no_fill,0.0,0.0,0.0
2024-06-28,Friday,546.03,no_fill,0.0,0.0,0.0
2024-07-01,Monday,544.92,no_fill,0.0,0.0,0.0
2024-07-02,Tuesday,547.275,no_fill,0.0,0.0,0.0
2024-07-05,Friday,554.27,no_fill,0.0,0.0,0.0
2024-07-08,Monday,555.23,no_fill,0.0,0.0,0.0
2024-07-09,Tuesday,556.14,no_fill,0.0,0.0,0.0
2024-07-10,Wednesday,559.8,no_fill,0.0,0.0,0.0
2024-07-11,Thursday,555.93,no_fill,0.0,0.0,0.0
2024-07-12,Friday,563.0499,no_fill,0.0,0.0,0.0
2024-07-15,Monday,561.04,no_fill,0.0,0.0,0.0
2024-07-16,Tuesday,563.2097,no_fill,0.0,0.0,0.0
2024-07-17,Wednesday,557.3157,no_fill,0.0,0.0,0.0
2024-07-18,Thursday,553.65,no_fill,0.0,0.0,0.0
2024-07-19,Friday,549.42,no_fill,0.0,0.0,0.0
2024-07-22,Monday,554.515,no_fill,0.0,0.0,0.0
2024-07-23,Tuesday,555.245,no_fill,0.0,0.0,0.0
2024-07-24,Wednesday,543.88,no_fill,0.0,0.0,0.0
2024-07-25,Thursday,544.635,sell,3.640799764651339,-0.35920023534866097,-0.017135099086373524
2024-07-26,Friday,544.96,no_fill,0.0,0.0,0.0
2024-07-29,Monday,545.4593,no_fill,0.0,0.0,0.0
2024-07-30,Tuesday,541.32,no_fill,0.0,0.0,0.0
2024-07-31,Wednesday,550.29,no_fill,0.0,0.0,0.0
2024-08-01,Thursday,542.56,sell,8.526992148485704,4.526992148485704,0.21595325223616021
2024-08-02,Friday,530.2212,no_fill,0.0,0.0,0.0
2024-08-05,Monday,519.06,sell,1.1926009629492982,-2.807399037050702,-0.13392268696082502
2024-08-06,Tuesday,527.93,no_fill,0.0,0.0,0.0
2024-08-07,Wednesday,522.04,sell,18.11463146678649,14.114631466786491,0.6733169551413931
2024-08-08,Thursday,530.24,no_fill,0.0,0.0,0.0
2024-08-09,Friday,532.5999,no_fill,0.0,0.0,0.0
2024-08-12,Monday,532.43,no_fill,0.0,0.0,0.0
2024-08-13,Tuesday,540.72,no_fill,0.0,0.0,0.0
2024-08-14,Wednesday,543.28,no_fill,0.0,0.0,0.0
2024-08-15,Thursday,552.645,no_fill,0.0,0.0,0.0
2024-08-16,Friday,554.55,no_fill,0.0,0.0,0.0
2024-08-19,Monday,557.55,no_fill,0.0,0.0,0.0
2024-08-20,Tuesday,558.325,no_fill,0.0,0.0,0.0
2024-08-21,Wednesday,560.3999,no_fill,0.0,0.0,0.0
2024-08-22,Thursday,555.52,no_fill,0.0,0.0,0.0
2024-08-23,Friday,560.39,no_fill,0.0,0.0,0.0
2024-08-26,Monday,559.5,no_fill,0.0,0.0,0.0
2024-08-27,Tuesday,561.94,no_fill,0.0,0.0,0.0
2024-08-28,Wednesday,555.335,no_fill,0.0,0.0,0.0
2024-08-29,Thursday,562.85,no_fill,0.0,0.0,0.0
2024-08-30,Friday,558.867,no_fill,0.0,0.0,0.0
2024-09-03,Tuesday,554.34,no_fill,0.0,0.0,0.0
2024-09-04,Wednesday,550.95,no_fill,0.0,0.0,0.0
2024-09-05,Thursday,550.68,no_fill,0.0,0.0,0.0
2024-09-06,Friday,540.64,no_fill,0.0,0.0,0.0
2024-09-09,Monday,545.7401,no_fill,0.0,0.0,0.0
2024-09-10,Tuesday,546.99,no_fill,0.0,0.0,0.0
2024-09-11,Wednesday,550.0,no_fill,0.0,0.0,0.0
2024-09-12,Thursday,559.14,no_fill,0.0,0.0,0.0
2024-09-13,Friday,562.57,sell,-18.296499005430675,-22.296499005430675,-1.0636204605112254
2024-09-16,Monday,562.5005,no_fill,0.0,0.0,0.0
2024-09-17,Tuesday,562.62,no_fill,0.0,0.0,0.0
2024-09-18,Wednesday,563.15,double_stop,-41.925667723078476,-47.925667723078476,-2.286220843977029
2024-09-19,Thursday,572.5,no_fill,0.0,0.0,0.0
2024-09-20,Friday,568.07,sell,-1.5990230635749427,-5.5990230635749425,-0.26709285111721165
2024-09-23,Monday,569.295,no_fill,0.0,0.0,0.0
2024-09-24,Tuesday,570.465,no_fill,0.0,0.0,0.0
2024-09-25,Wednesday,570.2719,no_fill,0.0,0.0,0.0
2024-09-26,Thursday,571.53,no_fill,0.0,0.0,0.0
2024-09-27,Friday,572.43,no_fill,0.0,0.0,0.0
2024-09-30,Monday,571.59,sell,-1.5433198742403014,-5.543319874240302,-0.2644356154732828
2024-10-01,Tuesday,569.34,no_fill,0.0,0.0,0.0
2024-10-02,Wednesday,569.06,no_fill,0.0,0.0,0.0
2024-10-03,Thursday,567.0889,no_fill,0.0,0.0,0.0
2024-10-04,Friday,570.2387,no_fill,0.0,0.0,0.0
2024-10-07,Monday,570.43,no_fill,0.0,0.0,0.0
2024-10-08,Tuesday,571.7457,no_fill,0.0,0.0,0.0
2024-10-09,Wednesday,575.736,no_fill,0.0,0.0,0.0
2024-10-10,Thursday,576.22,no_fill,0.0,0.0,0.0
2024-10-11,Friday,579.14,no_fill,0.0,0.0,0.0
2024-10-14,Monday,583.6,no_fill,0.0,0.0,0.0
2024-10-15,Tuesday,580.98,no_fill,0.0,0.0,0.0
2024-10-16,Wednesday,581.635,no_fill,0.0,0.0,0.0
2024-10-17,Thursday,584.35,sell,-0.7934148489597396,-4.793414848959739,-0.22866254060021315
2024-10-18,Friday,584.58,no_fill,0.0,0.0,0.0
2024-10-21,Monday,583.25,no_fill,0.0,0.0,0.0
2024-10-22,Tuesday,583.98,no_fill,0.0,0.0,0.0
2024-10-23,Wednesday,575.95,no_fill,0.0,0.0,0.0
2024-10-24,Thursday,578.49,no_fill,0.0,0.0,0.0
2024-10-25,Friday,579.1899,no_fill,0.0,0.0,0.0
2024-10-28,Monday,581.68,no_fill,0.0,0.0,0.0
2024-10-29,Tuesday,581.97,no_fill,0.0,0.0,0.0
2024-10-30,Wednesday,580.64,no_fill,0.0,0.0,0.0
2024-10-31,Thursday,570.36,no_fill,0.0,0.0,0.0
2024-11-01,Friday,571.6499,no_fill,0.0,0.0,0.0
2024-11-04,Monday,570.6627,no_fill,0.0,0.0,0.0
2024-11-05,Tuesday,575.2348,no_fill,0.0,0.0,0.0
2024-11-06,Wednesday,590.27,no_fill,0.0,0.0,0.0
2024-11-07,Thursday,594.8062,no_fill,0.0,0.0,0.0
2024-11-08,Friday,599.01,no_fill,0.0,0.0,0.0
2024-11-11,Monday,598.23,no_fill,0.0,0.0,0.0
2024-11-12,Tuesday,597.425,no_fill,0.0,0.0,0.0
2024-11-13,Wednesday,598.91,no_fill,0.0,0.0,0.0
2024-11-14,Thursday,593.9,buy,-7.997688214124564,-11.997688214124565,-0.5723314077366642
2024-11-15,Friday,584.5,no_fill,0.0,0.0,0.0
2024-11-18,Monday,588.36,no_fill,0.0,0.0,0.0
2024-11-19,Tuesday,590.9,no_fill,0.0,0.0,0.0
2024-11-20,Wednesday,586.8,no_fill,0.0,0.0,0.0
2024-11-21,Thursday,594.43,no_fill,0.0,0.0,0.0
2024-11-22,Friday,595.43,no_fill,0.0,0.0,0.0
2024-11-25,Monday,597.32,no_fill,0.0,0.0,0.0
2024-11-26,Tuesday,600.149,no_fill,0.0,0.0,0.0
2024-11-27,Wednesday,598.9294,no_fill,0.0,0.0,0.0
2024-12-02,Monday,603.79,no_fill,0.0,0.0,0.0
2024-12-03,Tuesday,603.44,no_fill,0.0,0.0,0.0
2024-12-04,Wednesday,605.9801,no_fill,0.0,0.0,0.0
2024-12-05,Thursday,607.36,no_fill,0.0,0.0,0.0
2024-12-06,Friday,608.04,no_fill,0.0,0.0,0.0
2024-12-09,Monday,606.01,no_fill,0.0,0.0,0.0
2024-12-10,Tuesday,604.05,no_fill,0.0,0.0,0.0
2024-12-11,Wednesday,607.81,no_fill,0.0,0.0,0.0
2024-12-12,Thursday,605.76,no_fill,0.0,0.0,0.0
2024-12-13,Friday,604.1,no_fill,0.0,0.0,0.0
2024-12-16,Monday,607.62,no_fill,0.0,0.0,0.0
2024-12-17,Tuesday,604.25,no_fill,0.0,0.0,0.0
2024-12-18,Wednesday,605.47,sell,53.689915242462014,49.689915242462014,2.3703815796407515
2024-12-19,Thursday,591.25,sell,11.003339499983037,7.003339499983037,0.33408362372380135
2024-12-20,Friday,592.0699,no_fill,0.0,0.0,0.0
2024-12-23,Monday,593.67,no_fill,0.0,0.0,0.0
2024-12-26,Thursday,601.32,no_fill,0.0,0.0,0.0
2024-12-27,Friday,594.01,no_fill,0.0,0.0,0.0
2024-12-30,Monday,591.1,sell,-4.891103189910586,-8.891103189910586,-0.42413650981717693
2024-12-31,Tuesday,585.34,no_fill,0.0,0.0,0.0
2025-01-02,Thursday,581.9,no_fill,0.0,0.0,0.0
2025-01-03,Friday,591.29,no_fill,0.0,0.0,0.0
2025-01-06,Monday,595.67,no_fill,0.0,0.0,0.0
2025-01-07,Tuesday,591.0,no_fill,0.0,0.0,0.0
2025-01-08,Wednesday,587.77,buy,-15.43346012691408,-19.433460126914078,-0.927043559819881
2025-01-10,Friday,584.42,sell,19.419083252864368,15.419083252864368,0.7355438369978186
2025-01-13,Monday,580.01,no_fill,0.0,0.0,0.0
2025-01-14,Tuesday,583.49,no_fill,0.0,0.0,0.0
2025-01-15,Wednesday,592.53,no_fill,0.0,0.0,0.0
2025-01-16,Thursday,591.4,no_fill,0.0,0.0,0.0
2025-01-17,Friday,598.59,no_fill,0.0,0.0,0.0
2025-01-21,Tuesday,602.62,no_fill,0.0,0.0,0.0
2025-01-22,Wednesday,607.04,no_fill,0.0,0.0,0.0
2025-01-23,Thursday,607.75,no_fill,0.0,0.0,0.0
2025-01-24,Friday,607.421,no_fill,0.0,0.0,0.0
2025-01-27,Monday,596.58,no_fill,0.0,0.0,0.0
2025-01-28,Tuesday,603.8002,no_fill,0.0,0.0,0.0
2025-01-29,Wednesday,601.49,sell,3.145630119574812,-0.854369880425188,-0.04075641137397509
2025-01-30,Thursday,604.95,no_fill,0.0,0.0,0.0
2025-01-31,Friday,605.385,sell,-11.960298285007338,-15.960298285007338,-0.7613616742099878
2025-02-03,Monday,598.835,no_fill,0.0,0.0,0.0
2025-02-04,Tuesday,600.725,no_fill,0.0,0.0,0.0
2025-02-05,Wednesday,602.93,no_fill,0.0,0.0,0.0
2025-02-06,Thursday,605.16,no_fill,0.0,0.0,0.0
2025-02-07,Friday,601.235,no_fill,0.0,0.0,0.0
2025-02-10,Monday,605.052,no_fill,0.0,0.0,0.0
2025-02-11,Tuesday,604.59,no_fill,0.0,0.0,0.0
2025-02-12,Wednesday,603.21,no_fill,0.0,0.0,0.0
2025-02-13,Thursday,607.19,no_fill,0.0,0.0,0.0
2025-02-14,Friday,610.48,no_fill,0.0,0.0,0.0
2025-02-18,Tuesday,609.66,no_fill,0.0,0.0,0.0
2025-02-19,Wednesday,611.49,no_fill,0.0,0.0,0.0
2025-02-20,Thursday,608.6,no_fill,0.0,0.0,0.0
2025-02-21,Friday,601.7535,no_fill,0.0,0.0,0.0
2025-02-24,Monday,600.64,no_fill,0.0,0.0,0.0
2025-02-25,Tuesday,594.71,no_fill,0.0,0.0,0.0
2025-02-26,Wednesday,592.58,no_fill,0.0,0.0,0.0
2025-02-27,Thursday,593.71,sell,-1.424675501396971,-5.424675501396971,-0.2587758667185589
2025-02-28,Friday,583.6025,buy,-6.269613733111337,-10.269613733111337,-0.48989625166820217
2025-03-03,Monday,589.17,no_fill,0.0,0.0,0.0
2025-03-04,Tuesday,580.285,buy,0.750634520375886,-3.249365479624114,-0.15500602166130617
2025-03-05,Wednesday,581.465,buy,21.258108069616267,17.258108069616267,0.8232717095220567
2025-03-06,Thursday,572.179,sell,-10.144540984659216,-14.144540984659216,-0.6747437430494726
2025-03-07,Friday,575.24,no_fill,0.0,0.0,0.0
2025-03-10,Monday,560.42,no_fill,0.0,0.0,0.0
2025-03-11,Tuesday,554.28,buy,42.362561245626495,38.362561245626495,1.8300274428072791
2025-03-12,Wednesday,558.01,buy,4.3055305046887735,0.3055305046887735,0.014574866485458056
2025-03-13,Thursday,550.09,buy,29.11987987621143,25.11987987621143,1.1983055364618032
2025-03-14,Friday,560.63,no_fill,0.0,0.0,0.0
2025-03-17,Monday,567.115,buy,1.1667165823738876,-2.833283417626112,-0.1351574618365111
2025-03-18,Tuesday,560.82,no_fill,0.0,0.0,0.0
2025-03-19,Wednesday,563.18,buy,14.727354000247566,10.727354000247566,0.5117320525985358
2025-03-20,Thursday,565.16,no_fill,0.0,0.0,0.0
2025-03-21,Friday,562.905,no_fill,0.0,0.0,0.0
2025-03-24,Monday,573.0999,no_fill,0.0,0.0,0.0
2025-03-25,Tuesday,574.125,no_fill,0.0,0.0,0.0
2025-03-26,Wednesday,568.0498,buy,-4.411468118607291,-8.411468118607292,-0.4012562506656084
2025-03-27,Thursday,566.635,buy,11.370149452232436,7.370149452232436,0.3515817327424675
2025-03-28,Friday,556.41,no_fill,0.0,0.0,0.0
2025-03-31,Monday,553.16,buy,32.54790444202545,28.547904442025448,1.3618342171953493
2025-04-01,Tuesday,559.0,sell,2.1140892153835336,-1.8859107846164664,-0.08996449607305096
2025-04-02,Wednesday,564.1,sell,-1.8172922908963856,-5.817292290896385,-0.2775050515269045
2025-04-03,Thursday,541.85,sell,-1.2156713626927826,-5.215671362692783,-0.24880564322279144
2025-04-04,Friday,514.57,buy,-79.4582766584382,-83.4582766584382,-3.9812497303410916
2025-04-07,Monday,509.09,sell,36.00155357486559,32.00155357486559,1.526585278795689
2025-04-08,Tuesday,506.72,sell,44.55658514698679,40.55658514698679,1.9346900049327989
2025-04-09,Wednesday,534.87,buy,-28.252455638793325,-32.25245563879332,-1.5385541788778514
2025-04-10,Thursday,524.28,buy,-84.85998805395737,-88.85998805395737,-4.238930129432063
2025-04-11,Friday,534.7,sell,-0.39055033806758815,-4.390550338067588,-0.2094445038808891
2025-04-14,Monday,538.97,no_fill,0.0,0.0,0.0
2025-04-15,Tuesday,538.2867,sell,-4.11865026941221,-8.11865026941221,-0.38728782201091594
2025-04-16,Wednesday,524.1,buy,16.91161757902483,12.911617579024831,0.6159290134295216
2025-04-17,Thursday,529.57,buy,-13.220703453850701,-17.220703453850703,-0.8214873794065474
2025-04-21,Monday,508.94,no_fill,0.0,0.0,0.0
2025-04-22,Tuesday,521.85,buy,28.859912138269866,24.859912138269866,1.1859041722350643
2025-04-23,Wednesday,538.36,sell,-14.647357228802491,-18.64735722880249,-0.8895437206614999
2025-04-24,Thursday,545.27,no_fill,0.0,0.0,0.0
2025-04-25,Friday,547.91,buy,-3.2591964028329246,-7.2591964028329246,-0.34628888683564196
2025-04-28,Monday,547.705,no_fill,0.0,0.0,0.0
2025-04-29,Tuesday,554.7325,no_fill,0.0,0.0,0.0
2025-04-30,Wednesday,550.47,buy,-6.066472570281661,-10.066472570281661,-0.4802057124896047
2025-05-01,Thursday,560.57,buy,2.9414064652695835,-1.0585935347304165,-0.050498589156527676
2025-05-02,Friday,567.25,no_fill,0.0,0.0,0.0
2025-05-05,Monday,565.6801,no_fill,0.0,0.0,0.0
2025-05-06,Tuesday,558.44,buy,-10.397688098344284,-14.397688098344284,-0.6868197398043542
2025-05-07,Wednesday,559.27,buy,-66.91738175432879,-70.91738175432879,-3.383005476394189
2025-05-08,Thursday,567.6899,no_fill,0.0,0.0,0.0
2025-05-09,Friday,565.23,no_fill,0.0,0.0,0.0
2025-05-12,Monday,581.5007,no_fill,0.0,0.0,0.0
2025-05-13,Tuesday,587.9191,no_fill,0.0,0.0,0.0
2025-05-14,Wednesday,587.3355,no_fill,0.0,0.0,0.0
2025-05-15,Thursday,589.8999,no_fill,0.0,0.0,0.0
2025-05-16,Friday,592.82,no_fill,0.0,0.0,0.0
2025-05-19,Monday,594.36,no_fill,0.0,0.0,0.0
2025-05-20,Tuesday,592.995,no_fill,0.0,0.0,0.0
2025-05-21,Wednesday,586.1665,sell,-6.692144560803978,-10.692144560803978,-0.5100524400196189
2025-05-22,Thursday,585.39,no_fill,0.0,0.0,0.0
2025-05-23,Friday,580.82,no_fill,0.0,0.0,0.0
2025-05-27,Tuesday,591.01,no_fill,0.0,0.0,0.0
2025-05-28,Wednesday,589.7021,no_fill,0.0,0.0,0.0
2025-05-29,Thursday,588.5551,no_fill,0.0,0.0,0.0
2025-05-30,Friday,585.86,buy,6.091411179938893,2.091411179938893,0.0997675788375173
2025-06-02,Monday,589.98,no_fill,0.0,0.0,0.0
2025-06-03,Tuesday,596.11,sell,-5.529440695849823,-9.529440695849823,-0.4545874264325303
2025-06-04,Wednesday,597.57,no_fill,0.0,0.0,0.0
2025-06-05,Thursday,595.82,sell,-3.843569654227498,-7.8435696542274975,-0.37416552103760115
2025-06-06,Friday,598.95,no_fill,0.0,0.0,0.0
2025-06-09,Monday,600.94,no_fill,0.0,0.0,0.0
2025-06-10,Tuesday,601.32,no_fill,0.0,0.0,0.0
2025-06-11,Wednesday,602.507,sell,13.84174102306741,9.84174102306741,0.4694852369709503
2025-06-12,Thursday,603.1108,no_fill,0.0,0.0,0.0
2025-06-13,Friday,599.78,no_fill,0.0,0.0,0.0
2025-06-16,Monday,602.3099,no_fill,0.0,0.0,0.0
2025-06-17,Tuesday,598.02,no_fill,0.0,0.0,0.0
2025-06-18,Wednesday,599.52,buy,-22.964435142564128,-26.964435142564128,-1.2862972306447602
2025-06-20,Friday,594.04,no_fill,0.0,0.0,0.0
2025-06-23,Monday,598.53,no_fill,0.0,0.0,0.0
2025-06-24,Tuesday,607.1701,no_fill,0.0,0.0,0.0
2025-06-25,Wednesday,606.24,no_fill,0.0,0.0,0.0
2025-06-26,Thursday,611.271,no_fill,0.0,0.0,0.0
2025-06-27,Friday,614.155,no_fill,0.0,0.0,0.0
2025-06-30,Monday,615.84,no_fill,0.0,0.0,0.0
2025-07-01,Tuesday,618.568,no_fill,0.0,0.0,0.0
2025-07-02,Wednesday,619.4199,no_fill,0.0,0.0,0.0
2025-07-03,Thursday,624.94,no_fill,0.0,0.0,0.0
2025-07-07,Monday,620.047,no_fill,0.0,0.0,0.0
2025-07-08,Tuesday,621.17,no_fill,0.0,0.0,0.0
2025-07-09,Wednesday,622.465,no_fill,0.0,0.0,0.0
2025-07-10,Thursday,626.585,no_fill,0.0,0.0,0.0
2025-07-11,Friday,624.5,no_fill,0.0,0.0,0.0
2025-07-14,Monday,624.68,no_fill,0.0,0.0,0.0
2025-07-15,Tuesday,624.5835,no_fill,0.0,0.0,0.0
2025-07-16,Wednesday,623.0857,no_fill,0.0,0.0,0.0
2025-07-17,Thursday,627.4301,no_fill,0.0,0.0,0.0
2025-07-18,Friday,627.08,no_fill,0.0,0.0,0.0
2025-07-21,Monday,631.17,no_fill,0.0,0.0,0.0
2025-07-22,Tuesday,628.3547,no_fill,0.0,0.0,0.0
2025-07-23,Wednesday,632.5118,no_fill,0.0,0.0,0.0
2025-07-24,Thursday,635.245,no_fill,0.0,0.0,0.0
2025-07-25,Friday,637.1315,no_fill,0.0,0.0,0.0
2025-07-28,Monday,636.11,no_fill,0.0,0.0,0.0
2025-07-29,Tuesday,635.61,no_fill,0.0,0.0,0.0
2025-07-30,Wednesday,636.66,no_fill,0.0,0.0,0.0
2025-07-31,Thursday,633.47,no_fill,0.0,0.0,0.0
2025-08-01,Friday,620.6299,sell,-6.463049046144857,-10.463049046144857,-0.499123788093438
2025-08-04,Monday,629.81,no_fill,0.0,0.0,0.0
2025-08-05,Tuesday,630.13,no_fill,0.0,0.0,0.0
2025-08-06,Wednesday,632.23,no_fill,0.0,0.0,0.0
2025-08-07,Thursday,630.74,no_fill,0.0,0.0,0.0
2025-08-08,Friday,637.19,no_fill,0.0,0.0,0.0
2025-08-11,Monday,636.8019,no_fill,0.0,0.0,0.0
2025-08-12,Tuesday,642.06,no_fill,0.0,0.0,0.0
2025-08-13,Wednesday,643.55,no_fill,0.0,0.0,0.0
2025-08-14,Thursday,644.71,no_fill,0.0,0.0,0.0
2025-08-15,Friday,644.7709,no_fill,0.0,0.0,0.0
2025-08-18,Monday,642.7894,no_fill,0.0,0.0,0.0
2025-08-19,Tuesday,639.83,no_fill,0.0,0.0,0.0
2025-08-20,Wednesday,637.198,sell,-2.3971760911142197,-6.39717609111422,-0.3051675233113971
2025-08-21,Thursday,635.9199,no_fill,0.0,0.0,0.0
2025-08-22,Friday,645.77,no_fill,0.0,0.0,0.0
2025-08-25,Monday,644.505,no_fill,0.0,0.0,0.0
2025-08-26,Tuesday,642.86,no_fill,0.0,0.0,0.0
2025-08-27,Wednesday,646.76,no_fill,0.0,0.0,0.0
2025-08-28,Thursday,648.38,no_fill,0.0,0.0,0.0
2025-08-29,Friday,644.64,no_fill,0.0,0.0,0.0
2025-09-02,Tuesday,638.35,no_fill,0.0,0.0,0.0
2025-09-03,Wednesday,640.978,no_fill,0.0,0.0,0.0
2025-09-04,Thursday,647.14,no_fill,0.0,0.0,0.0
2025-09-05,Friday,645.12,no_fill,0.0,0.0,0.0
2025-09-08,Monday,647.59,no_fill,0.0,0.0,0.0
2025-09-09,Tuesday,649.795,no_fill,0.0,0.0,0.0
2025-09-10,Wednesday,652.345,no_fill,0.0,0.0,0.0
2025-09-11,Thursday,657.55,no_fill,0.0,0.0,0.0
2025-09-12,Friday,658.3715,no_fill,0.0,0.0,0.0
2025-09-15,Monday,660.6099,no_fill,0.0,0.0,0.0
2025-09-16,Tuesday,660.2,no_fill,0.0,0.0,0.0
2025-09-17,Wednesday,659.66,buy,-48.70439769745478,-52.70439769745478,-2.5141828650444142
2025-09-18,Thursday,662.79,no_fill,0.0,0.0,0.0
2025-09-19,Friday,662.69,no_fill,0.0,0.0,0.0
2025-09-22,Monday,666.355,no_fill,0.0,0.0,0.0
2025-09-23,Tuesday,663.23,no_fill,0.0,0.0,0.0
2025-09-24,Wednesday,660.57,no_fill,0.0,0.0,0.0
2025-09-25,Thursday,655.59,no_fill,0.0,0.0,0.0
2025-09-26,Friday,661.35,no_fill,0.0,0.0,0.0
2025-09-29,Monday,662.94,no_fill,0.0,0.0,0.0
2025-09-30,Tuesday,662.53,no_fill,0.0,0.0,0.0
2025-10-01,Wednesday,667.955,no_fill,0.0,0.0,0.0
2025-10-02,Thursday,668.895,no_fill,0.0,0.0,0.0
2025-10-03,Friday,669.19,no_fill,0.0,0.0,0.0
2025-10-06,Monday,672.27,no_fill,0.0,0.0,0.0
2025-10-07,Tuesday,668.33,no_fill,0.0,0.0,0.0
2025-10-08,Wednesday,672.64,no_fill,0.0,0.0,0.0
2025-10-09,Thursday,670.19,no_fill,0.0,0.0,0.0
2025-10-10,Friday,659.59,no_fill,0.0,0.0,0.0
2025-10-13,Monday,663.26,no_fill,0.0,0.0,0.0
2025-10-14,Tuesday,665.13,no_fill,0.0,0.0,0.0
2025-10-15,Wednesday,664.31,no_fill,0.0,0.0,0.0
2025-10-16,Thursday,661.81,sell,30.260326864348972,26.260326864348972,1.2527088197044345
2025-10-17,Friday,662.885,no_fill,0.0,0.0,0.0
2025-10-20,Monday,671.7988,no_fill,0.0,0.0,0.0
2025-10-21,Tuesday,672.205,no_fill,0.0,0.0,0.0
2025-10-22,Wednesday,664.74,no_fill,0.0,0.0,0.0
2025-10-23,Thursday,672.355,no_fill,0.0,0.0,0.0
2025-10-24,Friday,678.0701,no_fill,0.0,0.0,0.0
2025-10-27,Monday,683.94,no_fill,0.0,0.0,0.0
2025-10-28,Tuesday,687.6017,no_fill,0.0,0.0,0.0
2025-10-29,Wednesday,688.1699,no_fill,0.0,0.0,0.0
2025-10-30,Thursday,684.3984,sell,0.17689995431983718,-3.823100045680163,-0.18237515361386564
2025-10-31,Friday,680.87,no_fill,0.0,0.0,0.0
2025-11-03,Monday,683.59,no_fill,0.0,0.0,0.0
2025-11-04,Tuesday,676.15,no_fill,0.0,0.0,0.0
2025-11-05,Wednesday,680.658,no_fill,0.0,0.0,0.0
2025-11-06,Thursday,671.5,buy,-1.4542709427015152,-5.454270942701515,-0.26018767208323546
2025-11-07,Friday,665.615,no_fill,0.0,0.0,0.0
2025-11-10,Monday,679.875,no_fill,0.0,0.0,0.0
2025-11-11,Tuesday,683.205,no_fill,0.0,0.0,0.0
2025-11-12,Wednesday,683.63,no_fill,0.0,0.0,0.0
2025-11-13,Thursday,672.69,no_fill,0.0,0.0,0.0
2025-11-14,Friday,673.25,no_fill,0.0,0.0,0.0
2025-11-17,Monday,666.56,no_fill,0.0,0.0,0.0
2025-11-18,Tuesday,663.01,no_fill,0.0,0.0,0.0
2025-11-19,Wednesday,662.5292,no_fill,0.0,0.0,0.0
2025-11-20,Thursday,655.06,no_fill,0.0,0.0,0.0
2025-11-21,Friday,662.25,buy,-5.560795356443223,-9.560795356443222,-0.4560831526688063
2025-11-24,Monday,669.235,no_fill,0.0,0.0,0.0
2025-11-25,Tuesday,673.87,no_fill,0.0,0.0,0.0
2025-11-26,Wednesday,680.4,no_fill,0.0,0.0,0.0
2025-12-01,Monday,682.8205,no_fill,0.0,0.0,0.0
2025-12-02,Tuesday,681.11,no_fill,0.0,0.0,0.0
2025-12-03,Wednesday,683.915,no_fill,0.0,0.0,0.0
2025-12-04,Thursday,684.12,no_fill,0.0,0.0,0.0
2025-12-05,Friday,686.19,no_fill,0.0,0.0,0.0
2025-12-08,Monday,682.11,no_fill,0.0,0.0,0.0
2025-12-09,Tuesday,684.05,no_fill,0.0,0.0,0.0
2025-12-10,Wednesday,682.87,buy,6.5680285280810065,2.5680285280810065,0.12250388211073882
2025-12-11,Thursday,687.96,no_fill,0.0,0.0,0.0
2025-12-12,Friday,682.55,no_fill,0.0,0.0,0.0
2025-12-15,Monday,681.02,no_fill,0.0,0.0,0.0
2025-12-16,Tuesday,677.86,sell,4.26361407756338,0.2636140775633802,0.012575307294069438
2025-12-17,Wednesday,672.555,no_fill,0.0,0.0,0.0
2025-12-18,Thursday,678.275,sell,-9.020774962126158,-13.020774962126158,-0.6211361998157858
2025-12-19,Friday,680.225,no_fill,0.0,0.0,0.0
2025-12-22,Monday,684.505,no_fill,0.0,0.0,0.0
2025-12-23,Tuesday,687.53,no_fill,0.0,0.0,0.0
2025-12-26,Friday,690.21,no_fill,0.0,0.0,0.0
2025-12-29,Monday,687.225,no_fill,0.0,0.0,0.0
2025-12-30,Tuesday,687.765,no_fill,0.0,0.0,0.0
2025-12-31,Wednesday,685.84,no_fill,0.0,0.0,0.0
2026-01-02,Friday,680.525,buy,6.295532840638454,2.2955328406384536,0.10950489117075413
2026-01-05,Monday,688.54,no_fill,0.0,0.0,0.0
2026-01-06,Tuesday,691.72,no_fill,0.0,0.0,0.0
2026-01-07,Wednesday,692.825,no_fill,0.0,0.0,0.0
2026-01-08,Thursday,688.89,no_fill,0.0,0.0,0.0
2026-01-09,Friday,694.53,no_fill,0.0,0.0,0.0
2026-01-12,Monday,695.215,no_fill,0.0,0.0,0.0
2026-01-13,Tuesday,692.8,no_fill,0.0,0.0,0.0
2026-01-14,Wednesday,688.11,no_fill,0.0,0.0,0.0
2026-01-15,Thursday,694.7158,no_fill,0.0,0.0,0.0
2026-01-16,Friday,692.64,no_fill,0.0,0.0,0.0
2026-01-20,Tuesday,678.72,no_fill,0.0,0.0,0.0
2026-01-21,Wednesday,680.99,no_fill,0.0,0.0,0.0
2026-01-22,Thursday,690.025,no_fill,0.0,0.0,0.0
2026-01-23,Friday,688.97,no_fill,0.0,0.0,0.0
2026-01-26,Monday,693.59,no_fill,0.0,0.0,0.0
2026-01-27,Tuesday,696.03,no_fill,0.0,0.0,0.0
2026-01-28,Wednesday,695.11,no_fill,0.0,0.0,0.0
2026-01-29,Thursday,690.59,no_fill,0.0,0.0,0.0
2026-01-30,Friday,691.37,no_fill,0.0,0.0,0.0
2026-02-02,Monday,696.49,no_fill,0.0,0.0,0.0
2026-02-03,Tuesday,684.86,buy,1.3774984691546959,-2.6225015308453044,-0.12510243358159887
2026-02-04,Wednesday,684.63,no_fill,0.0,0.0,0.0
2026-02-05,Thursday,678.3003,buy,12.793601156991706,8.793601156991706,0.41948532412525724
2026-02-06,Friday,689.03,no_fill,0.0,0.0,0.0
2026-02-09,Monday,694.67,no_fill,0.0,0.0,0.0
2026-02-10,Tuesday,693.64,no_fill,0.0,0.0,0.0
2026-02-11,Wednesday,692.73,no_fill,0.0,0.0,0.0
2026-02-12,Thursday,684.71,no_fill,0.0,0.0,0.0
2026-02-13,Friday,684.66,no_fill,0.0,0.0,0.0
2026-02-17,Tuesday,684.075,no_fill,0.0,0.0,0.0
2026-02-18,Wednesday,686.98,no_fill,0.0,0.0,0.0
2026-02-19,Thursday,683.74,no_fill,0.0,0.0,0.0
2026-02-20,Friday,689.3,no_fill,0.0,0.0,0.0
2026-02-23,Monday,682.01,no_fill,0.0,0.0,0.0
2026-02-24,Tuesday,687.4599,no_fill,0.0,0.0,0.0
2026-02-25,Wednesday,692.49,no_fill,0.0,0.0,0.0
2026-02-26,Thursday,687.39,no_fill,0.0,0.0,0.0
2026-02-27,Friday,683.95,no_fill,0.0,0.0,0.0
2026-03-02,Monday,685.28,buy,3.1149153796463827,-0.8850846203536173,-0.04222161117145009
2026-03-03,Tuesday,681.26,sell,-10.981329002896475,-14.981329002896475,-0.7146614385177615
2026-03-04,Wednesday,686.545,no_fill,0.0,0.0,0.0
2026-03-05,Thursday,676.62,no_fill,0.0,0.0,0.0
2026-03-06,Friday,674.04,no_fill,0.0,0.0,0.0
2026-03-09,Monday,668.815,no_fill,0.0,0.0,0.0
2026-03-10,Tuesday,682.047,sell,29.42958777509184,25.42958777509184,1.2130796791624536
2026-03-11,Wednesday,674.99,no_fill,0.0,0.0,0.0
2026-03-12,Thursday,668.1601,no_fill,0.0,0.0,0.0
2026-03-13,Friday,662.63,no_fill,0.0,0.0,0.0
2026-03-16,Monday,668.755,no_fill,0.0,0.0,0.0
2026-03-17,Tuesday,671.7,no_fill,0.0,0.0,0.0
2026-03-18,Wednesday,666.72,no_fill,0.0,0.0,0.0
2026-03-19,Thursday,657.24,buy,-4.074026120075131,-8.074026120075132,-0.38515909506341334
2026-03-20,Friday,651.4,no_fill,0.0,0.0,0.0
2026-03-23,Monday,658.06,sell,-14.580437119602317,-18.580437119602315,-0.8863513989724484
2026-03-24,Tuesday,654.3,no_fill,0.0,0.0,0.0
2026-03-25,Wednesday,657.9,no_fill,0.0,0.0,0.0
2026-03-26,Thursday,646.67,no_fill,0.0,0.0,0.0
2026-03-27,Friday,636.13,no_fill,0.0,0.0,0.0
2026-03-30,Monday,633.57,no_fill,0.0,0.0,0.0
2026-03-31,Tuesday,646.415,buy,-4.332650465423879,-8.332650465423878,-0.39749637479653416
2026-04-01,Wednesday,656.79,no_fill,0.0,0.0,0.0
2026-04-02,Thursday,653.2102,no_fill,0.0,0.0,0.0
2026-04-06,Monday,656.47,buy,-7.710133814318089,-11.71013381431809,-0.5586140639030113
2026-04-07,Tuesday,656.725,no_fill,0.0,0.0,0.0
2026-04-08,Wednesday,675.81,no_fill,0.0,0.0,0.0
2026-04-09,Thursday,680.54,sell,-2.3011828197208435,-6.301182819720843,-0.3005883107856757
2026-04-10,Friday,679.45,no_fill,0.0,0.0,0.0
2026-04-13,Monday,682.14,no_fill,0.0,0.0,0.0
2026-04-14,Tuesday,693.725,no_fill,0.0,0.0,0.0
2026-04-15,Wednesday,697.4801,no_fill,0.0,0.0,0.0
2026-04-16,Thursday,700.6,no_fill,0.0,0.0,0.0
2026-04-17,Friday,710.295,no_fill,0.0,0.0,0.0
2026-04-20,Monday,707.74,no_fill,0.0,0.0,0.0
2026-04-21,Tuesday,705.795,no_fill,0.0,0.0,0.0
2026-04-22,Wednesday,709.99,no_fill,0.0,0.0,0.0
2026-04-23,Thursday,706.635,buy,-4.476246019159894,-8.476246019159895,-0.4043463815601461
2026-04-24,Friday,713.65,no_fill,0.0,0.0,0.0
2026-04-27,Monday,714.8799,no_fill,0.0,0.0,0.0
2026-04-28,Tuesday,711.03,no_fill,0.0,0.0,0.0
2026-04-29,Wednesday,710.61,sell,0.4553842890636735,-3.5446157109363265,-0.16909048339307192
2026-04-30,Thursday,717.0601,no_fill,0.0,0.0,0.0
2026-05-01,Friday,722.8,no_fill,0.0,0.0,0.0
2026-05-04,Monday,718.3301,no_fill,0.0,0.0,0.0
2026-05-05,Tuesday,724.01,no_fill,0.0,0.0,0.0
2026-05-06,Wednesday,732.125,no_fill,0.0,0.0,0.0
2026-05-07,Thursday,731.72,no_fill,0.0,0.0,0.0
2026-05-08,Friday,737.19,no_fill,0.0,0.0,0.0
2026-05-11,Monday,740.2,no_fill,0.0,0.0,0.0
2026-05-12,Tuesday,735.06,no_fill,0.0,0.0,0.0
2026-05-13,Wednesday,742.135,no_fill,0.0,0.0,0.0
2026-05-14,Thursday,747.74,no_fill,0.0,0.0,0.0
2026-05-15,Friday,742.96,no_fill,0.0,0.0,0.0
2026-05-18,Monday,737.03,sell,5.76606455507846,1.7660645550784597,0.08424741457874546
2026-05-19,Tuesday,736.77,no_fill,0.0,0.0,0.0
2026-05-20,Wednesday,739.85,no_fill,0.0,0.0,0.0
2026-05-21,Thursday,743.68,no_fill,0.0,0.0,0.0
2026-05-22,Friday,747.37,no_fill,0.0,0.0,0.0
2026-05-26,Tuesday,749.03,no_fill,0.0,0.0,0.0
2026-05-27,Wednesday,749.72,no_fill,0.0,0.0,0.0
2026-05-28,Thursday,754.7,no_fill,0.0,0.0,0.0
2026-05-29,Friday,755.3,no_fill,0.0,0.0,0.0
2026-06-01,Monday,759.55,no_fill,0.0,0.0,0.0
2026-06-02,Tuesday,758.875,no_fill,0.0,0.0,0.0
2026-06-03,Wednesday,755.565,no_fill,0.0,0.0,0.0
2026-06-04,Thursday,757.685,no_fill,0.0,0.0,0.0
2026-06-05,Friday,744.67,sell,12.474796229642365,8.474796229642365,0.4042772215635967
2026-06-08,Monday,741.13,no_fill,0.0,0.0,0.0
2026-06-09,Tuesday,732.56,no_fill,0.0,0.0,0.0
2026-06-10,Wednesday,730.66,no_fill,0.0,0.0,0.0
2026-06-11,Thursday,734.95,sell,-12.25475848226153,-16.25475848226153,-0.7754084485726106
2026-06-12,Friday,741.3,no_fill,0.0,0.0,0.0
2026-06-15,Monday,755.205,no_fill,0.0,0.0,0.0
2026-06-16,Tuesday,752.12,no_fill,0.0,0.0,0.0
2026-06-17,Wednesday,750.865,sell,35.70514240583232,31.70514240583232,1.5124454363015356
2026-06-18,Thursday,747.01,no_fill,0.0,0.0,0.0
2026-06-22,Monday,744.69,no_fill,0.0,0.0,0.0
2026-06-23,Tuesday,735.795,no_fill,0.0,0.0,0.0
2026-06-24,Wednesday,731.87,no_fill,0.0,0.0,0.0
2026-06-25,Thursday,733.45,sell,-17.82696911274906,-21.82696911274906,-1.0412222534852629
2026-06-26,Friday,733.66,no_fill,0.0,0.0,0.0
2026-06-29,Monday,740.41,no_fill,0.0,0.0,0.0
2026-06-30,Tuesday,746.49,no_fill,0.0,0.0,0.0
2026-07-01,Wednesday,747.195,no_fill,0.0,0.0,0.0
2026-07-02,Thursday,740.24,buy,5.78524784169216,1.7852478416921604,0.08516252399288324
2026-07-06,Monday,750.1299,no_fill,0.0,0.0,0.0
2026-07-07,Tuesday,749.18,no_fill,0.0,0.0,0.0
2026-07-08,Wednesday,744.39,no_fill,0.0,0.0,0.0
2026-07-09,Thursday,751.63,no_fill,0.0,0.0,0.0
2026-07-10,Friday,753.99,no_fill,0.0,0.0,0.0
2026-07-13,Monday,749.235,no_fill,0.0,0.0,0.0
2026-07-14,Tuesday,752.275,no_fill,0.0,0.0,0.0
2026-07-15,Wednesday,754.1901,no_fill,0.0,0.0,0.0
2026-07-16,Thursday,751.31,no_fill,0.0,0.0,0.0
2026-07-17,Friday,744.58,no_fill,0.0,0.0,0.0
2026-07-20,Monday,744.55,no_fill,0.0,0.0,0.0
2026-07-21,Tuesday,748.59,no_fill,0.0,0.0,0.0
2026-07-22,Wednesday,748.52,no_fill,0.0,0.0,0.0
2026-07-23,Thursday,737.19,no_fill,0.0,0.0,0.0
2026-07-24,Friday,740.98,no_fill,0.0,0.0,0.0
2026-07-27,Monday,737.8,no_fill,0.0,0.0,0.0
2026-07-28,Tuesday,741.19,no_fill,0.0,0.0,0.0
2026-07-29,Wednesday,736.4075,buy,-7.621036011844192,-11.621036011844193,-0.5543637891995818
2026-07-30,Thursday,739.78,no_fill,0.0,0.0,0.0
2026-07-31,Friday,745.44,no_fill,0.0,0.0,0.0
2026-08-03,Monday,757.6451,no_fill,0.0,0.0,0.0
2026-08-04,Tuesday,771.57,no_fill,0.0,0.0,0.0
2026-08-05,Wednesday,771.555,no_fill,0.0,0.0,0.0
2026-08-06,Thursday,768.6303,no_fill,0.0,0.0,0.0
2026-08-07,Friday,772.17,no_fill,0.0,0.0,0.0
2026-08-10,Monday,772.739,no_fill,0.0,0.0,0.0
2026-08-11,Tuesday,771.2399,no_fill,0.0,0.0,0.0
2026-08-12,Wednesday,772.8101,no_fill,0.0,0.0,0.0
2026-08-13,Thursday,776.745,no_fill,0.0,0.0,0.0
2026-08-14,Friday,775.83,no_fill,0.0,0.0,0.0
2026-08-17,Monday,773.41,no_fill,0.0,0.0,0.0
2026-08-18,Tuesday,767.62,no_fill,0.0,0.0,0.0
2026-08-19,Wednesday,769.5076,no_fill,0.0,0.0,0.0
2026-08-20,Thursday,764.54,no_fill,0.0,0.0,0.0
2026-08-21,Friday,765.43,no_fill,0.0,0.0,0.0
2026-08-24,Monday,763.29,no_fill,0.0,0.0,0.0
2026-08-25,Tuesday,765.04,no_fill,0.0,0.0,0.0
2026-08-26,Wednesday,765.68,no_fill,0.0,0.0,0.0
2026-08-27,Thursday,771.225,no_fill,0.0,0.0,0.0
