date,weekday,rth_high,rth_low,rth_close,rth_range,am_range,pm_range,prev_close,true_range,atr20_prior,atr20_prior_rth,expansion,expansion_rth,expansion_am,expansion_pm,orb_outcome,orb_R
2024-01-02,Tuesday,473.67,470.49,472.6,3.180000000000007,1.990000000000009,3.180000000000007,475.35,4.860000000000014,3.9079949999999997,3.504094999999998,0.8137164965666556,0.9075096422899518,0.5092125245810215,0.8137164965666556,stopped,-1.0
2024-01-03,Wednesday,471.19,468.17,468.73,3.019999999999982,2.25,3.019999999999982,472.6,4.430000000000007,3.9264950000000027,3.4385950000000007,0.7691337948984984,0.878265687002971,0.5730301452058384,0.7691337948984984,stopped,-1.0
2024-01-04,Thursday,470.96,467.05,467.27,3.909999999999968,2.849999999999966,2.7881999999999607,468.73,3.909999999999968,3.9132450000000008,3.459744999999998,0.9991707649278201,1.1301410942135823,0.7282958260982804,0.7125033060797267,stopped,-1.0
2024-01-05,Friday,470.44,466.43,467.96,4.009999999999991,3.3100000000000023,2.5500000000000114,467.27,4.009999999999991,3.9727450000000006,3.519244999999998,1.0093776469418476,1.1394489443048135,0.8331770601938966,0.6418735660104061,stopped,-1.0
2024-01-08,Monday,474.75,468.3,474.56,6.449999999999989,2.599999999999966,4.189999999999998,467.96,6.7900000000000205,3.9467450000000013,3.493244999999999,1.6342581038298614,1.8464207348754498,0.6587707085205569,1.0616343341158339,held_to_close,3.229729729729834
2024-01-09,Tuesday,474.93,471.35,473.84,3.579999999999984,2.8799999999999955,2.0,474.56,3.579999999999984,4.0767450000000025,3.6852450000000005,0.8781515645447487,0.9714415188135344,0.70644595136561,0.4905874662261188,held_to_close,1.9294117647059437
2024-01-10,Wednesday,477.4481,473.87,476.52,3.5781000000000063,1.4699999999999704,2.848099999999988,473.84,3.608100000000036,4.078995000000001,3.6874949999999984,0.8772013694549774,0.9703335190962992,0.3603828884320697,0.6982357173764585,stopped,-1.0
2024-01-11,Thursday,478.12,472.26,476.32,5.860000000000014,5.860000000000014,4.428999999999974,476.52,5.860000000000014,4.124400000000003,3.7313999999999994,1.4208127242750483,1.5704561290668422,1.4208127242750483,1.0738531665211837,held_to_close,-0.24999999999998815
2024-01-12,Friday,478.6,475.23,476.665,3.3700000000000045,3.3700000000000045,1.974999999999966,476.32,3.3700000000000045,4.237400000000005,3.8444000000000016,0.7952990041062916,0.8765997294766422,0.7952990041062916,0.46608769528483585,held_to_close,0.27277511017560785
2024-01-16,Tuesday,476.6098,473.06,474.95,3.5498000000000047,3.1397999999999797,2.329999999999984,476.665,3.605000000000018,4.073905000000005,3.6809050000000014,0.8713507065088656,0.9643824005237851,0.7707101662900769,0.5719328261213703,stopped,-1.0
2024-01-17,Wednesday,472.79,469.87,472.275,2.920000000000016,1.740000000000009,2.740000000000009,474.95,5.079999999999984,4.030155000000005,3.6343950000000005,0.724537889981902,0.8034349596012584,0.43174518101661274,0.6798745953939751,stopped,-1.0
2024-01-18,Thursday,477.06,472.42,476.46,4.639999999999986,1.6399999999999864,4.639999999999986,472.275,4.785000000000025,4.106155000000004,3.6673950000000017,1.1300109226271249,1.265203230085656,0.39940041230786094,1.1300109226271249,stopped,-1.0
2024-01-19,Friday,482.72,476.94,482.42,5.78000000000003,2.339999999999975,4.440000000000055,476.46,6.260000000000048,4.1649050000000045,3.790395000000001,1.3877867562405442,1.5249070347549603,0.561837544913983,1.066050726247069,held_to_close,4.320388349514428
2024-01-22,Monday,485.22,482.78,483.52,2.4400000000000546,2.2600000000000477,1.420000000000016,482.42,2.8000000000000114,4.332905000000006,3.955895000000001,0.5631325865672225,0.6168010020488547,0.5215900187057055,0.32772470201862586,stopped,-1.0
2024-01-23,Tuesday,485.105,482.89,484.88,2.215000000000032,1.483699999999999,2.0271000000000186,483.52,2.215000000000032,4.0691550000000065,3.674145000000004,0.544339058109123,0.6028613459730167,0.3646211559893876,0.49816239489525843,stopped,-1.0
2024-01-24,Wednesday,488.77,485.01,485.32,3.759999999999991,2.2001000000000204,3.759999999999991,484.88,3.8899999999999864,3.9296550000000083,3.5781450000000037,0.956826998807779,1.0508238207227452,0.5598710319353775,0.956826998807779,stopped,-1.0
2024-01-25,Thursday,488.305,485.39,488.0,2.9150000000000205,1.535000000000025,2.650000000000034,485.32,2.9850000000000136,3.940155000000007,3.582145000000003,0.7398186111967715,0.813758237033961,0.3895785825684579,0.6725623738152507,stopped,-1.0
2024-01-26,Friday,489.12,486.54,487.47,2.579999999999984,2.080100000000016,2.339999999999975,488.0,2.579999999999984,3.941405000000009,3.598395000000005,0.6545889092848814,0.7169863230690295,0.5277559651951553,0.5936969177234944,stopped,-1.0
2024-01-29,Monday,491.415,487.17,491.26,4.2450000000000045,1.099999999999966,3.5750000000000455,487.47,4.2450000000000045,3.981905000000006,3.6388950000000024,1.0660726461329435,1.1665629263828723,0.2762496845102945,0.8978114746584964,stopped,-1.0
2024-01-30,Tuesday,491.62,490.11,490.86,1.509999999999991,1.1400000000000432,1.509999999999991,491.26,1.509999999999991,4.129655000000005,3.7866450000000014,0.36564797785771186,0.39876988732769786,0.2760521157336489,0.36564797785771186,ambiguous_both_sides_same_bar,
2024-01-31,Wednesday,489.0813,482.89,482.92,6.1913000000000125,2.741300000000024,6.110000000000014,490.86,7.970000000000027,4.018655000000007,3.675645000000003,1.540639840941808,1.6844118515253805,0.6821436525404692,1.5204091916325246,held_to_close,2.9462627297764143
2024-02-01,Thursday,489.23,483.8,489.23,5.430000000000007,2.409999999999968,3.5600000000000023,482.92,6.310000000000002,4.174155000000008,3.826210000000003,1.3008620906506818,1.4191589065942545,0.5773623643587658,0.8528672270195993,stopped,-1.0
2024-02-02,Friday,496.05,489.3,494.27,6.75,4.740000000000009,3.8000000000000114,489.23,6.819999999999993,4.268155000000007,3.9467100000000044,1.581479585441482,1.7102852755839655,1.1105501088877983,0.8903144332855777,held_to_close,2.0121212121212357
2024-02-05,Monday,494.17,490.23,492.58,3.9399999999999977,3.4799999999999613,2.140000000000043,494.27,4.039999999999964,4.413655000000008,4.088710000000006,0.8926841812511377,0.9636291152955313,0.7884621702421134,0.4848589207810849,stopped,-1.0
2024-02-06,Tuesday,494.32,492.05,493.97,2.269999999999982,2.269999999999982,1.9399999999999977,492.58,2.269999999999982,4.4151550000000075,4.085210000000006,0.5141382352374895,0.555662989173134,0.5141382352374895,0.4393956724056108,held_to_close,-0.7388059701492743
2024-02-07,Wednesday,498.53,495.36,498.05,3.169999999999959,2.680000000000007,1.7399999999999523,493.97,4.559999999999945,4.189155000000005,3.876210000000006,0.7567158531971139,0.8178091486271265,0.6397471566461503,0.41535822856875676,held_to_close,1.4907407407407753
2024-02-08,Thursday,498.71,497.26,498.4,1.4499999999999886,1.0900000000000318,1.2899999999999636,498.05,1.4499999999999886,4.2381550000000034,3.8557100000000046,0.34213000704315616,0.3760656273423019,0.25718738460486484,0.30437773040390514,stopped,-1.0
2024-02-09,Friday,501.65,498.49,501.18,3.159999999999968,1.7199999999999704,2.269999999999982,498.4,3.25,4.130250000000001,3.749305000000004,0.765086859148954,0.842822869838534,0.4164396828279087,0.5496035348949776,held_to_close,1.4907407407407753
2024-02-12,Monday,503.5,500.24,500.94,3.259999999999991,2.480000000000018,3.204999999999984,501.18,3.259999999999991,3.99975,3.6143050000000017,0.8150509406837905,0.9019714716937252,0.6200387524220309,0.8013000812550745,stopped,-1.0
2024-02-13,Tuesday,495.85,490.715,494.14,5.135000000000048,2.6299999999999955,4.595000000000027,500.94,10.225000000000023,3.9942499999999996,3.608805000000001,1.2855980471928519,1.4229086913812317,0.6584465168679967,1.1504037053264136,stopped,-1.0
2024-02-14,Wednesday,499.07,494.4,498.625,4.670000000000016,2.840000000000032,4.670000000000016,494.14,4.930000000000007,4.32525,3.688065000000003,1.0797063753540295,1.2662466632231297,0.6566094445407854,1.0797063753540295,stopped,-1.0
2024-02-15,Thursday,502.2,498.795,501.95,3.4049999999999727,1.7749999999999773,2.534999999999968,498.625,3.5749999999999886,4.317750000000001,3.775565000000003,0.7886051763070979,0.9018517758269213,0.4110937409530373,0.5871113427132112,stopped,-1.0
2024-02-16,Friday,502.87,498.75,499.49,4.1200000000000045,3.7099999999999795,3.8899999999999864,501.95,4.1200000000000045,4.257249999999999,3.7138150000000025,0.9677608785013813,1.109371360716676,0.8714545774854614,0.9137353925656203,stopped,-1.0
2024-02-20,Tuesday,498.41,494.45,496.74,3.9600000000000364,2.740000000000009,2.430000000000007,499.49,5.0400000000000205,4.150249999999997,3.630815000000001,0.9541593879886848,1.0906642172625252,0.6602011926992376,0.585506897174871,held_to_close,-0.25446428571428165
2024-02-21,Wednesday,497.37,493.56,497.17,3.8100000000000023,1.3949999999999818,3.8100000000000023,496.74,3.8100000000000023,4.262249999999997,3.706815,0.8938940700334341,1.0278365658928224,0.3272919232799537,0.8938940700334341,stopped,-1.0
2024-02-22,Thursday,508.49,503.02,507.53,5.470000000000027,2.8700000000000045,3.579999999999984,497.17,11.319999999999993,4.341999999999996,3.7865649999999986,1.2597881160755486,1.4445810384873967,0.6609857208659621,0.8245048364808815,held_to_close,0.8752598752598484
2024-02-23,Friday,510.13,507.1,507.82,3.0299999999999727,3.0299999999999727,1.4300000000000068,507.53,3.0299999999999727,4.713499999999996,3.8720650000000005,0.6428344117959001,0.7825281858646413,0.6428344117959001,0.30338389731622106,held_to_close,1.2647058823529838
2024-02-26,Monday,508.75,505.86,505.99,2.8899999999999864,1.7350000000000136,2.0399999999999636,507.82,2.8899999999999864,4.715749999999995,3.8778149999999982,0.6128399512272681,0.7452650526133886,0.36791602608281093,0.4325929067486542,held_to_close,1.7058823529412157
2024-02-27,Tuesday,507.16,504.75,506.87,2.410000000000025,1.2800000000000296,2.410000000000025,505.99,2.410000000000025,4.731249999999994,3.8933149999999985,0.5093791281373904,0.6190097641726975,0.27054161162484147,0.5093791281373904,stopped,-1.0
2024-02-28,Wednesday,506.855,504.96,506.19,1.8950000000000387,1.8950000000000387,1.6023999999999887,506.87,1.910000000000025,4.6394999999999955,3.801564999999999,0.4084491863347431,0.4984789159201642,0.4084491863347431,0.3453820454790366,held_to_close,0.43023255813953337
2024-02-29,Thursday,509.74,505.35,508.0,4.389999999999986,3.4954999999999927,3.2350000000000136,506.19,4.389999999999986,4.659499999999997,3.820815000000002,0.942161176091853,1.1489695261351267,0.7501877883893111,0.6942805021998102,stopped,-1.0
2024-03-01,Friday,513.29,508.56,512.84,4.729999999999961,2.819999999999993,2.579999999999984,508.0,5.289999999999964,4.480499999999995,3.7307500000000005,1.0556857493583232,1.2678415868122925,0.629394040843655,0.5758285905590865,held_to_close,3.2800000000000296
2024-03-04,Monday,514.2,512.0,512.25,2.2000000000000455,0.8799999999999955,2.0300000000000864,512.84,2.2000000000000455,4.429499999999993,3.695749999999998,0.4966700530534031,0.5952783602787112,0.1986680212213561,0.45829100349928653,held_to_close,-0.5901639344262387
2024-03-05,Tuesday,510.7,504.91,507.15,5.789999999999964,3.740000000000009,3.599999999999966,512.25,7.339999999999975,4.198499999999996,3.4682500000000003,1.379063951411211,1.6694298277229045,0.8907943313088038,0.8574490889603358,stopped,-1.0
2024-03-06,Wednesday,512.069,508.42,509.8,3.648999999999944,3.2199999999999704,3.548999999999978,507.15,4.918999999999983,4.363499999999997,3.5607499999999987,0.8362552996447684,1.0247841044723571,0.7379397272831381,0.813337916809896,stopped,-1.0
2024-03-07,Thursday,515.89,512.18,514.87,3.7100000000000364,2.6900000000000546,1.8700000000000045,509.8,6.089999999999975,4.495949999999996,3.629699999999997,0.8251871128460146,1.0221230404716752,0.598316262413963,0.4159298924587698,held_to_close,0.8487972508590921
2024-03-08,Friday,518.2201,511.13,511.76,7.090100000000007,4.280099999999948,3.769999999999982,514.87,7.090100000000007,4.572449999999998,3.6567000000000007,1.55061290992794,1.9389340115404614,0.9360627234852102,0.8245032750494775,stopped,-1.0
2024-03-11,Monday,511.88,508.5,511.26,3.3799999999999955,2.4399999999999977,1.8999999999999773,511.76,3.3799999999999955,4.854454999999999,3.9387050000000015,0.696267655174473,0.8581500772462,0.5026310883508032,0.39139306060103096,stopped,-1.0
2024-03-12,Tuesday,517.38,510.86,516.81,6.519999999999982,5.6749999999999545,3.830000000000041,511.26,6.519999999999982,4.860954999999999,3.949705000000003,1.341300217755561,1.6507561957158767,1.167466063767296,0.7879110174852558,held_to_close,1.0238095238095413
2024-03-13,Wednesday,517.29,514.49,515.99,2.7999999999999545,1.4500000000000455,2.7999999999999545,516.81,2.7999999999999545,5.023954999999998,4.112705000000003,0.5573298327711844,0.680817126441102,0.2886172348279485,0.5573298327711844,stopped,-1.0
2024-03-14,Thursday,517.125,511.82,514.95,5.305000000000007,3.7749999999999773,3.3700000000000614,515.99,5.305000000000007,4.652704999999995,3.9959549999999977,1.1401969391998876,1.3275925279438858,0.8113559746427039,0.7243098369658221,held_to_close,-0.31496062992126433
2024-03-15,Friday,511.7,508.36,509.74,3.339999999999975,2.829999999999984,2.1850000000000023,514.95,6.590000000000032,4.671454999999995,4.027704999999997,0.7149806644824747,0.8292563631149692,0.6058069702052117,0.46773435685455705,stopped,-1.0
2024-03-18,Monday,515.48,512.44,512.87,3.0399999999999636,2.2200000000000273,2.074999999999932,509.74,5.740000000000009,4.822204999999997,4.024454999999998,0.6304169980330504,0.7553817846143056,0.4603703077741466,0.4303010759600501,stopped,-1.0
2024-03-19,Tuesday,515.995,511.12,515.76,4.875,2.3099999999999454,2.990000000000009,512.87,4.875,4.903204999999997,3.9704549999999954,0.9942476400639996,1.2278189779257052,0.47112042021493017,0.6098052192392549,held_to_close,3.4190476190477974
2024-03-20,Wednesday,520.62,515.08,520.42,5.539999999999964,1.2300000000000182,5.539999999999964,515.76,5.539999999999964,4.894954999999996,4.016204999999994,1.1317775137871477,1.3794116585184202,0.2512791230971519,1.1317775137871477,stopped,-1.0
2024-03-21,Thursday,524.11,521.91,522.11,2.2000000000000455,1.2450000000000045,2.2000000000000455,520.42,3.6900000000000546,4.981454999999994,4.102704999999991,0.4416380354735811,0.5362315837965562,0.24992697916572687,0.4416380354735811,stopped,-1.0
2024-03-22,Friday,522.605,520.97,521.27,1.634999999999991,1.4200000000000728,1.634999999999991,522.11,1.634999999999991,4.599954999999997,3.9392049999999927,0.35543825972210424,0.4150583683763587,0.3086986720522426,0.35543825972210424,stopped,-1.0
2024-03-25,Monday,520.95,519.61,519.81,1.3400000000000318,1.2799999999999727,1.2800000000000864,521.27,1.6599999999999682,4.530204999999998,3.8694549999999936,0.2957923537676623,0.3463019986018791,0.2825479200168587,0.2825479200168838,held_to_close,-0.750000000000071
2024-03-26,Tuesday,521.58,518.4,518.66,3.1800000000000637,0.9300000000000637,3.060000000000059,519.81,3.1800000000000637,4.468704999999997,3.7919549999999957,0.7116155575273073,0.8386175468854634,0.208113983805166,0.6847621402621253,stopped,-1.0
2024-03-27,Wednesday,523.2,519.485,523.17,3.715000000000032,2.25,3.715000000000032,518.66,4.540000000000077,4.507204999999999,3.830454999999998,0.8242358623581649,0.9698586721420912,0.49920072417385064,0.8242358623581649,stopped,-1.0
2024-03-28,Thursday,524.61,522.78,523.12,1.830000000000041,0.9500000000000455,1.6900000000000546,523.17,1.830000000000041,4.638705000000002,3.9214549999999972,0.3945066564914217,0.4666635215755484,0.2047985375228744,0.36432581938279196,held_to_close,-0.6182777590658838
2024-04-01,Monday,524.38,520.97,522.22,3.409999999999968,3.3099999999999454,1.8299999999999272,523.12,3.409999999999968,4.510705000000004,3.7934550000000002,0.7559793868142486,0.898916686767068,0.7338099033299544,0.40570154776247297,held_to_close,1.322580645161381
2024-04-02,Tuesday,518.98,516.48,518.85,2.5,1.9800000000000182,2.080000000000041,522.22,5.740000000000009,4.416705000000005,3.7274550000000004,0.566032823111346,0.6706989085045962,0.4482979959041901,0.4709393088286491,stopped,-1.0
2024-04-03,Wednesday,520.95,517.665,519.36,3.285000000000082,3.285000000000082,3.0750000000000455,518.85,3.285000000000082,4.593705000000003,3.7424549999999983,0.715109045966182,0.877766065323453,0.715109045966182,0.6693943124340905,held_to_close,0.7384615384615493
2024-04-04,Thursday,523.8674,512.755,513.03,11.11239999999998,1.3400000000000318,11.11239999999998,519.36,11.11239999999998,4.390955000000008,3.6172050000000042,2.530747866921879,3.0720957203144326,0.30517279270683245,2.530747866921879,stopped,-1.0
2024-04-05,Friday,520.44,514.01,518.4,6.430000000000064,5.710000000000036,3.4700000000000273,513.03,7.410000000000082,4.700625000000008,3.990375000000006,1.3679032043611334,1.6113773768129698,1.2147320834995403,0.7381997074857113,held_to_close,0.8368200836820131
2024-04-08,Monday,520.18,517.89,518.67,2.2899999999999636,2.199999999999932,1.8100000000000591,518.4,2.2899999999999636,4.766625000000014,4.1263750000000075,0.48042377992813723,0.5549665263094022,0.46154249600082353,0.3797235989825199,stopped,-1.0
2024-04-09,Tuesday,520.75,514.35,519.29,6.399999999999977,6.399999999999977,3.730000000000018,518.67,6.399999999999977,4.526620000000011,3.886370000000005,1.4138584639311367,1.6467809292475932,1.4138584639311367,0.8240143860098725,held_to_close,-0.26262626262625105
2024-04-10,Wednesday,516.16,512.09,514.16,4.069999999999936,3.490000000000009,3.0499999999999545,519.29,7.199999999999932,4.67762000000001,4.037370000000005,0.870100606718786,1.008081993971306,0.7461059256630512,0.6520409952069531,stopped,-1.0
2024-04-11,Thursday,519.48,512.08,518.05,7.399999999999977,3.7899999999999636,4.75,514.16,7.399999999999977,4.711620000000008,3.914870000000002,1.5705850641605148,1.8902287943150025,0.8043942423200422,1.0081458182111445,stopped,-1.0
2024-04-12,Friday,515.815,509.08,510.82,6.7350000000000705,3.7950000000000728,4.449999999999989,518.05,8.96999999999997,4.941620000000009,4.144870000000003,1.3629133765850183,1.6249001778101764,0.7679667801247497,0.9005144062068674,held_to_close,1.8789625360230675
2024-04-15,Monday,515.3,503.58,504.5,11.71999999999997,4.489999999999952,9.04000000000002,510.82,11.71999999999997,5.124870000000007,4.216370000000007,2.28688727714068,2.7796422040760067,0.8761197845018404,1.7639471830504985,held_to_close,8.729729729730566
2024-04-16,Tuesday,506.5,502.21,503.49,4.2900000000000205,2.9399999999999977,4.2900000000000205,504.5,4.2900000000000205,5.381370000000004,4.635370000000006,0.797194766388488,0.9254924633848031,0.5463292804620377,0.797194766388488,stopped,-1.0
2024-04-17,Wednesday,506.22,499.12,500.5,7.100000000000023,5.210000000000036,4.909999999999968,503.49,7.100000000000023,5.308870000000004,4.697870000000009,1.3373844151391947,1.5113232166918218,0.9813764511091875,0.9248672504694906,held_to_close,3.688524590163852
2024-04-18,Thursday,504.13,498.56,499.48,5.569999999999993,4.399999999999977,4.779999999999973,500.5,5.569999999999993,5.420120000000006,4.80912000000001,1.0276525242983525,1.158216056159959,0.8117901448676362,0.8818992937425679,stopped,-1.0
2024-04-19,Friday,500.455,493.86,495.1,6.59499999999997,3.474999999999966,4.599999999999966,499.48,6.59499999999997,5.421620000000007,4.810620000000012,1.2164260866678156,1.3709251614136961,0.6409523352798538,0.848454889866859,held_to_close,2.0338224463203667
2024-04-22,Monday,502.38,495.43,499.63,6.949999999999989,2.7900000000000205,5.109899999999982,495.1,7.279999999999973,5.566870000000003,5.030370000000008,1.2484573916761097,1.381608112325729,0.5011792982412053,0.9179125792411137,stopped,-1.0
2024-04-23,Tuesday,506.09,501.225,505.64,4.864999999999952,4.114999999999952,1.8599999999999568,499.63,6.4599999999999795,5.849120000000002,5.296120000000007,0.8317490494296493,0.9185970106417426,0.7035246327652623,0.31799655332767257,held_to_close,0.7910750507099426
2024-04-24,Wednesday,507.37,503.13,505.47,4.240000000000009,3.769999999999982,3.4150000000000205,505.64,4.240000000000009,6.089120000000003,5.472370000000003,0.6963239351499079,0.7748014114542705,0.619137083847909,0.5608363770134304,held_to_close,0.31944444444443076
2024-04-25,Thursday,504.27,497.49,503.44,6.779999999999973,2.909999999999968,4.359999999999957,505.47,7.980000000000018,6.14212,5.525370000000001,1.1038533926396703,1.2270671466345189,0.4737777835665809,0.7098526241753591,stopped,-1.0
2024-04-26,Friday,509.88,505.7,508.24,4.180000000000007,3.8500000000000227,1.7199999999999704,503.44,6.439999999999998,6.314119999999997,5.678619999999998,0.662008324200365,0.7360943327780356,0.6097445091319177,0.27240533914464266,held_to_close,0.0
2024-04-29,Monday,510.75,507.25,510.05,3.5,1.7450000000000045,3.269999999999982,508.24,3.5,6.544619999999995,5.796119999999997,0.5347904079992426,0.603852232182909,0.2666312177024802,0.4996470383307181,held_to_close,-0.5953757225433635
2024-04-30,Tuesday,509.56,502.03,502.04,7.53000000000003,3.5300000000000296,5.0,510.05,8.020000000000039,6.549119999999997,5.800619999999998,1.1497727939020865,1.2981370956897766,0.5390037134760137,0.763461350532591,stopped,-1.0
2024-05-01,Wednesday,508.19,499.865,500.25,8.324999999999989,1.7799999999999727,8.324999999999989,502.04,8.324999999999989,6.6631199999999975,6.0521199999999995,1.2494146886143416,1.375551046575413,0.2671421196076273,1.2494146886143416,stopped,-1.0
2024-05-02,Thursday,505.89,499.55,505.02,6.339999999999975,5.1299999999999955,4.569999999999993,500.25,6.339999999999975,6.915119999999993,6.304119999999995,0.9168315228079891,1.005691516024438,0.7418526359629335,0.6608706718032367,stopped,-1.0
2024-05-03,Friday,512.55,508.56,511.29,3.9899999999999523,3.9899999999999523,1.5699999999999932,505.02,7.529999999999973,6.676499999999993,6.065499999999995,0.5976185126937702,0.65781881130986,0.5976185126937702,0.23515314910506926,stopped,-1.0
2024-05-06,Monday,516.61,513.3,516.6,3.310000000000059,1.3400000000000318,2.909999999999968,511.29,5.319999999999993,6.682499999999988,5.943499999999989,0.4953236064347273,0.5569109110793413,0.20052375607931677,0.43546576879909815,held_to_close,2.113207547169702
2024-05-07,Tuesday,518.57,516.45,517.2,2.1200000000000045,1.3349999999999227,2.1200000000000045,516.6,2.1200000000000045,6.833999999999989,5.994499999999993,0.3102136376938847,0.35365751939277784,0.19534679543458075,0.3102136376938847,stopped,-1.0
2024-05-08,Wednesday,517.74,515.14,517.19,2.6000000000000227,2.577099999999973,1.6399999999999864,517.2,2.6000000000000227,6.61999999999999,5.780499999999995,0.39274924471299494,0.449788080615868,0.38929003021147685,0.24773413897280797,held_to_close,0.47482014388495564
2024-05-09,Thursday,520.2074,516.705,520.13,3.502399999999966,2.80499999999995,1.8374000000000024,517.19,3.502399999999966,6.389999999999995,5.706999999999999,0.5481064162754254,0.613702470650073,0.43896713615022726,0.2875430359937408,held_to_close,2.1566820276499525
2024-05-10,Friday,522.635,519.59,520.84,3.044999999999959,3.044999999999959,1.509999999999991,520.13,3.044999999999959,6.195119999999994,5.512119999999999,0.4915159028396483,0.5524190329673446,0.4915159028396483,0.24374023424889144,held_to_close,0.40784313725489496
2024-05-13,Monday,522.67,519.74,520.91,2.92999999999995,2.269999999999982,1.634999999999991,520.84,2.92999999999995,5.898869999999993,5.327619999999993,0.4967053011847953,0.549964149094709,0.384819465423036,0.27717172950073365,held_to_close,0.12101910828029444
2024-05-14,Tuesday,523.83,520.56,523.29,3.2700000000000955,1.7699999999999818,3.2700000000000955,520.91,3.2700000000000955,5.459369999999993,4.888119999999992,0.5989702108485228,0.6689688469186724,0.32421323339505914,0.5989702108485228,stopped,-1.0
2024-05-15,Wednesday,530.08,525.18,529.76,4.900000000000091,2.990000000000009,2.6650000000000773,523.29,6.790000000000077,5.408369999999996,4.837119999999996,0.9060031025983973,1.0129994707594798,0.5528467911773809,0.49275474865811314,held_to_close,1.8271604938271777
2024-05-16,Thursday,531.5218,528.54,528.66,2.981800000000021,1.9718000000000302,2.3799999999999955,529.76,2.981800000000021,5.392869999999999,4.727119999999999,0.5529152380828801,0.6307857638477596,0.36563091637662887,0.4413234511493872,stopped,-1.0
2024-05-17,Friday,529.52,527.32,529.43,2.199999999999932,1.0299999999999727,2.199999999999932,528.66,2.199999999999932,5.26346,4.597710000000001,0.41797600817711766,0.4784990788892582,0.19568876746474234,0.41797600817711766,stopped,-1.0
2024-05-20,Monday,531.5601,529.17,530.02,2.390100000000075,2.0901000000000067,2.1100000000000136,529.43,2.390100000000075,5.043709999999999,4.377959999999999,0.47387736408319975,0.5459392045610457,0.41439733846712185,0.41834284683298884,stopped,-1.0
2024-05-21,Tuesday,531.52,529.07,531.32,2.449999999999932,1.6599999999999682,1.8799999999999955,530.02,2.449999999999932,4.799215000000004,4.1499650000000035,0.5105001547127874,0.5903664247770595,0.3458899007441773,0.3917307309632917,held_to_close,2.515625000000075
2024-05-22,Wednesday,531.38,527.6,529.82,3.7799999999999727,1.2200000000000273,3.6399999999999864,531.32,3.7799999999999727,4.598715000000001,4.029215000000002,0.821968745616976,0.9381480015337902,0.2652914999081324,0.7915254587422759,stopped,-1.0
2024-05-23,Thursday,533.07,524.72,525.95,8.350000000000023,4.090000000000032,6.699999999999932,529.82,8.350000000000023,4.575715,4.006215,1.8248514166638488,2.084261578572299,0.8938493765455305,1.4642520349278598,held_to_close,1.019858156028318
2024-05-24,Friday,530.27,526.881,529.5,3.38900000000001,3.38900000000001,1.82000000000005,525.95,4.319999999999936,4.594215,4.084715000000003,0.7376668266504746,0.829678447578352,0.7376668266504746,0.39615037607078685,held_to_close,1.1573311367379806
2024-05-28,Tuesday,530.51,527.11,529.87,3.3999999999999773,1.509999999999991,3.1849999999999454,529.5,3.3999999999999773,4.488214999999997,4.045165000000003,0.7575394672492248,0.8405095960238891,0.3364366457489207,0.709636236231987,held_to_close,-0.5395683453237463
2024-05-29,Wednesday,527.31,525.37,526.11,1.9399999999999409,1.9349999999999454,1.75,529.87,4.5,4.483214999999996,4.040165000000002,0.43272517601764415,0.4801784085550813,0.4316099049454347,0.39034487527366,held_to_close,-0.29523809523805605
2024-05-30,Thursday,525.2,521.33,522.63,3.8700000000000045,2.1000000000000227,3.8700000000000045,526.11,4.779999999999973,4.307214999999994,3.7606649999999973,0.8984924133111558,1.0290733154907463,0.48755402272698845,0.8984924133111558,stopped,-1.0
2024-05-31,Friday,527.5,518.36,527.35,9.139999999999986,5.2299999999999045,9.139999999999986,522.63,9.139999999999986,4.129964999999993,3.537914999999998,2.2130938155650233,2.5834425078047354,1.2663545574841222,2.2130938155650233,stopped,-1.0
2024-06-03,Monday,529.31,522.6,527.77,6.709999999999923,3.909999999999968,5.230000000000018,527.35,6.709999999999923,4.269964999999994,3.6779149999999987,1.5714414520961957,1.8244032284595824,0.9156983722348951,1.2248343955980965,stopped,-1.0
2024-06-04,Tuesday,529.15,524.96,528.35,4.189999999999941,2.6100000000000136,4.189999999999941,527.77,4.189999999999941,4.228964999999991,3.813914999999997,0.9907861616258233,1.0986086475445689,0.6171722868361453,0.9907861616258233,stopped,-1.0
2024-06-05,Wednesday,534.69,528.7254,534.65,5.9646000000000186,3.7146000000000186,2.9600000000000364,528.35,6.340000000000032,4.172464999999988,3.8579149999999913,1.4295146873610767,1.546068277813283,0.8902651070769986,0.7094127811737294,stopped,-1.0
2024-06-06,Thursday,535.42,532.68,534.63,2.740000000000009,1.365000000000009,1.990000000000009,534.65,2.740000000000009,4.3834649999999895,4.050144999999992,0.6250762809786358,0.6765189888263297,0.3113974903415477,0.45397875881295136,held_to_close,-0.27522935779814406
2024-06-07,Friday,536.89,532.535,533.96,4.355000000000018,3.864900000000034,3.3999999999999773,534.63,4.355000000000018,4.390464999999989,4.057144999999991,0.9919222679146807,1.0734149260132502,0.8802940007493611,0.7744054445258044,held_to_close,-0.19718309859150057
2024-06-10,Monday,535.99,532.57,535.65,3.419999999999959,2.4799999999999045,1.759999999999991,533.96,3.419999999999959,4.433094999999992,4.099774999999994,0.7714700451941511,0.8341921202992759,0.559428570784048,0.39701382442740213,held_to_close,3.400000000000325
2024-06-11,Tuesday,537.01,532.05,536.91,4.960000000000036,2.7100000000000364,3.4600000000000364,535.65,4.960000000000036,4.451844999999992,4.118524999999994,1.1141448096238853,1.204314651483248,0.6087363778388604,0.7772058551005354,held_to_close,1.370731707317001
2024-06-12,Wednesday,544.12,540.3,541.34,3.82000000000005,2.75,3.82000000000005,536.91,7.210000000000036,4.553344999999996,4.220024999999998,0.8389436776699445,0.9052079075361051,0.6039516004168369,0.8389436776699445,stopped,-1.0
2024-06-13,Thursday,543.325,539.59,542.4,3.7350000000000136,2.9400000000000546,3.7350000000000136,541.34,3.7350000000000136,4.750344999999993,4.247524999999996,0.7862586822641343,0.8793356130923343,0.6189024165613358,0.7862586822641343,stopped,-1.0
2024-06-14,Friday,542.81,539.85,542.73,2.9599999999999227,1.9399999999999409,1.8798999999999069,542.4,2.9599999999999227,4.597594999999989,4.189274999999992,0.643814864075659,0.7065661719509767,0.42195974199553143,0.40888769019452803,stopped,-1.0
2024-06-17,Monday,548.53,541.6072,547.05,6.922799999999938,2.4227999999999383,4.8700000000000045,542.73,6.922799999999938,4.5965049999999845,4.188184999999987,1.5061008309574255,1.6529355794932552,0.5270961306470778,1.0595006423358662,held_to_close,5.236736564684158
2024-06-18,Tuesday,548.62,546.73,548.49,1.8899999999999864,1.490000000000009,1.5299999999999727,547.05,1.8899999999999864,4.832644999999985,4.424324999999987,0.3910901793945121,0.4271838076994777,0.3083197710570534,0.3165968118907922,stopped,-1.0
2024-06-20,Thursday,550.12,545.18,546.95,4.940000000000055,1.7999999999999545,3.480000000000018,548.49,4.940000000000055,4.807639999999981,4.3993199999999835,1.027531179539249,1.1229008119436807,0.3744040735163119,0.7238478754648917,held_to_close,1.4198473282441344
2024-06-21,Friday,545.65,543.02,544.13,2.6299999999999955,2.519999999999982,2.091099999999983,546.95,3.9300000000000637,4.932139999999987,4.523819999999989,0.5332370938375639,0.5813670747288799,0.5109344016998683,0.4239741775375372,held_to_close,-0.39673913043478565
2024-06-24,Monday,546.95,542.63,542.65,4.32000000000005,3.1900000000000546,3.5960000000000036,544.13,4.32000000000005,4.939639999999992,4.466319999999991,0.8745576600724055,0.9672392484192935,0.6457960499145808,0.727988274449152,stopped,-1.0
2024-06-25,Tuesday,545.2,542.44,544.78,2.759999999999991,1.4500000000000455,2.759999999999991,542.65,2.759999999999991,4.7381399999999925,4.264819999999991,0.582507059732299,0.6471550968153396,0.3060272596419793,0.582507059732299,stopped,-1.0
2024-06-26,Wednesday,546.24,543.03,545.52,3.2100000000000364,2.4200000000000728,2.230000000000018,544.78,3.2100000000000364,4.660139999999996,4.233369999999991,0.6888205075384086,0.7582611489191928,0.5192977035024859,0.47852639620269355,stopped,-1.0
2024-06-27,Thursday,546.96,544.61,546.35,2.3500000000000227,2.2900000000000773,1.8199999999999363,545.52,2.3500000000000227,4.650639999999998,4.223869999999994,0.5053067964839298,0.5563618198476815,0.4924053463609478,0.3913439870641325,stopped,-1.0
2024-06-28,Friday,550.28,542.95,544.09,7.329999999999927,3.6100000000000136,4.8799999999999955,546.35,7.329999999999927,4.543139999999999,4.244369999999998,1.6134215542554111,1.7269936409879276,0.794604612668774,1.0741469556298058,stopped,-1.0
2024-07-01,Monday,545.88,542.52,545.37,3.3600000000000136,3.339900000000057,2.0599999999999454,544.09,3.3600000000000136,4.670639999999997,4.417369999999994,0.7193874929345905,0.7606335896698756,0.7150840141822232,0.4410530462634557,stopped,-1.0
2024-07-02,Tuesday,548.98,543.65,548.97,5.330000000000041,2.8600000000000136,3.8600000000000136,545.37,5.330000000000041,4.381639999999999,4.128369999999995,1.2164395066687455,1.2910664499548363,0.6527236377246908,0.880948685880176,held_to_close,1.6206896551724737
2024-07-05,Friday,555.05,551.12,554.7,3.92999999999995,2.6000000000000227,1.9499999999999318,548.97,6.079999999999927,4.3126400000000045,4.059370000000001,0.9112747644134326,0.9681305227165665,0.6028789790012661,0.4521592342509298,stopped,-1.0
2024-07-08,Monday,556.2501,554.19,555.34,2.0600999999999203,1.518100000000004,1.3699999999998909,554.7,2.0600999999999203,4.407140000000004,4.046370000000001,0.4674460080687064,0.5091229917184834,0.3444637565405235,0.31085919666720135,held_to_close,-0.05207790855126302
2024-07-09,Tuesday,557.18,555.52,555.85,1.6599999999999682,1.240000000000009,1.6599999999999682,555.34,1.8399999999999181,4.193144999999999,3.8511449999999967,0.395884234864277,0.43104063856332847,0.29572075375404605,0.395884234864277,stopped,-1.0
2024-07-10,Wednesday,561.67,556.77,561.26,4.899999999999977,1.259999999999991,3.80499999999995,555.85,5.819999999999936,4.148144999999994,3.7971449999999947,1.1812508964850514,1.29044321457305,0.30375023052472677,0.9172774818623638,stopped,-1.0
2024-07-11,Thursday,562.33,555.83,556.42,6.5,5.900000000000091,1.9399999999999409,561.26,6.5,4.22139499999999,3.824394999999993,1.539775358619607,1.69961523325912,1.3976422485932034,0.45956372241876103,stopped,-1.0
2024-07-12,Friday,563.67,557.15,559.9,6.519999999999982,4.610000000000014,4.719999999999914,556.42,7.25,4.375394999999992,3.9783949999999946,1.4901511749224912,1.6388518485469619,1.0536191589559392,1.078759746262891,held_to_close,0.43244087925824914
2024-07-15,Monday,564.8371,559.63,561.49,5.2070999999999685,3.4470999999999776,4.139999999999986,559.9,5.2070999999999685,4.48989499999999,4.056394999999992,1.1597375885182126,1.2836767622482472,0.7677462390545848,0.922070560670126,stopped,-1.0
2024-07-16,Tuesday,565.16,562.1,564.845,3.0599999999999454,2.3700000000000045,2.92999999999995,561.49,3.669999999999959,4.389749999999987,4.125749999999988,0.6970784213223884,0.7416833303035701,0.5398940714163704,0.6674639785864704,stopped,-1.0
2024-07-17,Wednesday,560.51,556.61,556.95,3.8999999999999773,2.7200000000000273,1.9399999999999409,564.845,8.235000000000014,4.386499999999984,4.0919999999999845,0.8890915308332364,0.9530791788856285,0.620084349709344,0.44226604354267596,held_to_close,1.0578034682080393
2024-07-18,Thursday,559.52,550.43,552.66,9.090000000000032,6.769999999999982,4.5150000000001,556.95,9.090000000000032,4.650249999999988,4.138999999999987,1.9547336164722444,2.1961826528147044,1.4558357077576471,0.9709155421751758,stopped,-1.0
2024-07-19,Friday,554.08,547.91,548.93,6.170000000000073,4.862799999999993,3.580000000000041,552.66,6.170000000000073,4.758609999999993,4.247359999999992,1.2965971155442624,1.4526670684849141,1.021895049184531,0.7523205305751146,held_to_close,1.2587719298245157
2024-07-22,Monday,555.27,551.02,554.65,4.25,3.4400000000000546,3.989500000000021,548.93,6.340000000000032,4.972609999999998,4.461359999999996,0.8546819477095533,0.9526243118690273,0.6917896235578612,0.8022949718558308,stopped,-1.0
2024-07-23,Tuesday,556.735,553.275,553.72,3.4600000000000364,2.605000000000018,3.0850000000000364,554.65,3.4600000000000364,5.042609999999996,4.426859999999993,0.6861526074790711,0.7815923702127561,0.5165975556309174,0.6117863566684789,stopped,-1.0
2024-07-24,Wednesday,549.17,540.29,541.21,8.879999999999995,4.9799999999999045,4.740000000000009,553.72,13.430000000000064,5.019109999999995,4.468359999999995,1.7692379724692235,1.987306304774012,0.9922077818577216,0.9443905393585743,held_to_close,1.8028169014085043
2024-07-25,Thursday,547.455,537.45,538.34,10.004999999999995,7.179699999999912,9.325000000000045,541.21,10.004999999999995,5.474609999999996,4.696359999999993,1.8275274403108173,2.1303733103935834,1.3114541492453193,1.7033176792502212,stopped,-1.0
2024-07-26,Friday,547.19,541.49,544.38,5.7000000000000455,3.4700000000000273,4.465000000000032,538.34,8.850000000000023,5.836859999999996,5.058609999999993,0.9765524614261862,1.1267917471400353,0.5944977265173449,0.7649660947838453,held_to_close,0.7100591715976848
2024-07-29,Monday,547.05,542.72,544.76,4.329999999999927,4.319999999999936,2.589999999999918,544.38,4.329999999999927,6.118859999999995,5.183109999999994,0.7076481566827695,0.8354057698948956,0.7060138653278454,0.42328146092571495,stopped,-1.0
2024-07-30,Tuesday,547.34,538.515,541.91,8.825000000000045,6.899999999999977,5.139999999999986,544.76,8.825000000000045,6.21785999999999,5.282109999999989,1.4192986011264421,1.6707338544634747,1.1097065549883702,0.826650969947859,held_to_close,2.3937499999999914
2024-07-31,Wednesday,553.5,547.5799,550.44,5.920100000000048,4.130100000000084,4.840000000000032,541.91,11.590000000000032,6.292609999999996,5.356859999999995,0.9408019883641369,1.105143684919907,0.6563413273665596,0.7691562006862073,held_to_close,0.702339146479398
2024-08-01,Thursday,554.8688,539.43,543.04,15.438800000000015,10.698800000000006,6.975400000000036,550.44,15.438800000000015,6.704109999999997,5.4848649999999965,2.3028858416702622,2.814800364275151,1.5958568698902629,1.0404662214671356,held_to_close,3.640929064658034
2024-08-02,Friday,536.99,528.6,532.98,8.389999999999986,8.389999999999986,3.980000000000018,543.04,14.43999999999994,7.209549999999996,5.990304999999995,1.163734213647175,1.4005964637860666,1.163734213647175,0.5520455506931806,held_to_close,0.2935483870967618
2024-08-05,Monday,523.58,510.27,517.41,13.31000000000006,11.680000000000064,8.700000000000045,532.98,22.710000000000036,7.627549999999997,6.2133049999999965,1.7449901999986974,2.142177150485944,1.5312911747546811,1.1406021592778872,held_to_close,-0.08108108108108068
2024-08-06,Tuesday,529.75,517.87,522.19,11.879999999999995,8.639999999999986,7.779999999999973,517.41,12.340000000000032,8.660045000000002,6.775800000000004,1.371817351988355,1.7532985034977404,0.9976853469006205,0.8983787035748626,held_to_close,-0.05470459518599503
2024-08-07,Wednesday,531.59,518.0519,518.65,13.538099999999986,4.509999999999991,10.028099999999995,522.19,13.538099999999986,9.185045000000008,7.286800000000005,1.4739285436271652,1.8578937256408816,0.49101555844309824,1.0917856145506077,stopped,-1.0
2024-08-08,Thursday,531.29,521.84,530.63,9.449999999999932,6.639999999999986,4.639999999999986,518.65,12.639999999999986,9.57095000000001,7.718705000000005,0.9873628009758615,1.2242986355871777,0.6937660315851591,0.4848003594209542,held_to_close,1.7383177570094004
2024-08-09,Friday,534.51,528.56,532.91,5.9500000000000455,4.089900000000057,4.710000000000036,530.63,5.9500000000000455,9.87795000000001,7.866205000000003,0.602351702529375,0.7564003226460592,0.4140433996932616,0.47681958301064814,held_to_close,0.7058154582173048
2024-08-12,Monday,535.73,530.95,533.25,4.779999999999973,4.779999999999973,3.3899999999999864,532.91,4.779999999999973,9.812950000000011,7.837705000000005,0.48711141909415284,0.6098724052512783,0.48711141909415284,0.3454618641692847,held_to_close,-0.34844192634561694
2024-08-13,Tuesday,542.28,536.28,542.0,6.0,3.009400000000028,3.5499999999999545,533.25,9.029999999999973,9.791595000000012,7.816350000000005,0.6127704424049394,0.7676217160183456,0.307345228228907,0.3625558450895845,held_to_close,1.6359447004607537
2024-08-14,Wednesday,544.96,540.12,543.78,4.840000000000032,4.659999999999968,3.160000000000082,542.0,4.840000000000032,10.059595000000012,7.963350000000008,0.48113268973552376,0.6077844123390316,0.4632393252412212,0.3141279544554307,stopped,-1.0
2024-08-15,Thursday,553.36,548.88,553.0678,4.480000000000018,3.25,2.0990000000000464,543.78,9.580000000000041,9.889845000000014,8.010350000000011,0.45298991035754477,0.5592764361107831,0.3286199126477711,0.21223790666082668,stopped,-1.0
2024-08-16,Friday,555.02,551.26,554.21,3.759999999999991,2.3600000000000136,1.9600000000000364,553.0678,3.759999999999991,9.914345000000015,7.77985000000001,0.37924845262092305,0.48329980655153837,0.23803892238973023,0.1976933423236768,held_to_close,1.1532846715328728
2024-08-19,Monday,559.58,553.86,559.56,5.720000000000027,3.1000000000000227,3.650000000000091,554.21,5.720000000000027,9.79384500000001,7.659350000000006,0.5840402824426997,0.7467996631567982,0.3165253278972681,0.37268304736291896,stopped,-1.0
2024-08-20,Tuesday,560.84,557.325,558.62,3.5149999999999864,3.0,2.4148999999999887,559.56,3.5149999999999864,9.76284500000001,7.732850000000008,0.3600384928778428,0.4545542717109452,0.3072874761404075,0.24735617537715557,held_to_close,0.30588235294115756
2024-08-21,Wednesday,562.11,557.99,560.7,4.1200000000000045,3.560000000000059,3.7200000000000273,558.62,4.1200000000000045,9.765595000000008,7.735600000000005,0.42188929604391756,0.5326025130565182,0.364545119882614,0.38092917021441336,stopped,-1.0
2024-08-22,Thursday,563.18,554.98,556.21,8.199999999999932,6.1200000000000045,5.090000000000032,560.7,8.199999999999932,9.300095000000004,7.497600000000006,0.8817114233779255,1.0936833119931613,0.6580577940332869,0.5473062371943545,held_to_close,3.4967741935484633
2024-08-23,Friday,563.09,557.29,562.09,5.800000000000068,4.740000000000009,5.389999999999986,556.21,6.8799999999999955,9.209845000000001,7.407350000000003,0.6297608700255072,0.7830060682970382,0.5146666420553232,0.5852432912823164,stopped,-1.0
2024-08-26,Monday,563.91,559.05,560.73,4.860000000000014,4.1299999999999955,2.660000000000082,562.09,4.860000000000014,9.111345,7.4123500000000035,0.533400941353885,0.655662509190744,0.45328104687068654,0.29194372510316335,held_to_close,1.5853658536584576
2024-08-27,Tuesday,562.06,558.32,561.5318,3.7399999999998954,3.7299999999999045,2.2099999999999227,560.73,3.7399999999998954,9.137845000000004,7.4388500000000075,0.409286872342428,0.5027658845117043,0.40819252241637966,0.24185133365688757,held_to_close,0.6904210526315601
2024-08-28,Wednesday,561.65,555.04,558.33,6.610000000000014,3.949999999999932,4.32000000000005,561.5318,6.610000000000014,8.883594999999996,7.1846000000000005,0.7440681390810834,0.9200233833477178,0.4446398107973105,0.4862896158593511,held_to_close,2.132075471698214
2024-08-29,Thursday,563.68,557.18,558.315,6.5,3.82000000000005,6.5,558.33,6.5,8.634594999999996,7.2190949999999985,0.7527857415431765,0.9003898688131963,0.44240638964538026,0.7527857415431765,stopped,-1.0
2024-08-30,Friday,564.2,557.14,563.57,7.060000000000059,4.139999999999986,7.060000000000059,558.315,7.060000000000059,8.187654999999996,6.772154999999998,0.8622737523747719,1.042504195488742,0.5056392825540388,0.8622737523747719,stopped,-1.0
2024-09-03,Tuesday,560.81,549.51,552.16,11.299999999999955,5.709999999999923,6.990000000000009,563.57,14.06000000000006,7.8186550000000015,6.705655000000002,1.445261365285967,1.6851448516214973,0.7303046367949374,0.8940156587034481,held_to_close,2.239700374531876
2024-09-04,Wednesday,554.43,549.46,550.84,4.969999999999914,4.404999999999973,3.6299999999999955,552.16,4.969999999999914,7.386155000000002,6.605154999999996,0.6728805447489136,0.7524425997572981,0.5963860763820921,0.49146003570193075,stopped,-1.0
2024-09-05,Thursday,553.7995,547.1,549.57,6.699499999999944,6.439499999999953,4.079999999999927,550.84,6.699499999999944,7.017654999999996,6.259654999999992,0.9546636305147442,1.0702666520758655,0.9176142172848275,0.5813907922233181,stopped,-1.0
2024-09-06,Friday,551.6,539.44,540.43,12.159999999999968,11.340000000000032,2.5599999999999454,549.57,12.159999999999968,6.675724999999995,5.91772499999999,1.8215250029023031,2.0548437110544997,1.6986919023776506,0.38347894797942506,held_to_close,1.9628647214854447
2024-09-09,Monday,547.71,542.68,546.42,5.030000000000086,3.7100000000000364,3.5300000000000864,540.43,7.280000000000086,6.651724999999994,6.053224999999992,0.7561948216440233,0.8309620078553321,0.5577500573159654,0.5306894076348752,stopped,-1.0
2024-09-10,Tuesday,549.15,543.38,548.82,5.769999999999982,4.539999999999964,5.769999999999982,546.42,5.769999999999982,6.718224999999995,6.007224999999994,0.8588578084240981,0.9605100524784718,0.6757737348778832,0.8588578084240981,stopped,-1.0
2024-09-11,Wednesday,555.36,539.96,554.36,15.399999999999977,8.799999999999955,11.090000000000032,548.82,15.399999999999977,6.767724999999996,6.056724999999995,2.2755061708328848,2.542628235556343,1.3002892404759294,1.6386599632816106,stopped,-1.0
2024-09-12,Thursday,559.4,552.74,559.02,6.659999999999968,3.8999999999999773,5.0499999999999545,554.36,6.659999999999968,7.086224999999996,6.526724999999994,0.9398516135177717,1.0204198889948595,0.5503635574653613,0.7126502474871963,held_to_close,1.3878326996197656
2024-09-13,Friday,563.03,559.45,561.94,3.5799999999999272,3.349999999999909,2.009999999999991,559.02,4.009999999999991,7.177224999999993,6.61772499999999,0.498800023686025,0.5409714063367597,0.46675421210842805,0.28005252726506313,held_to_close,0.3606557377049771
2024-09-16,Monday,563.11,559.9,562.86,3.2100000000000364,3.019999999999982,2.769999999999982,561.94,3.2100000000000364,6.89872499999999,6.572724999999986,0.4653033712751329,0.4883819116120092,0.437762050233918,0.4015234699165405,stopped,-1.0
2024-09-17,Tuesday,566.58,560.795,563.1,5.785000000000082,2.509999999999991,4.3950000000000955,562.86,5.785000000000082,6.871224999999993,6.545224999999988,0.8419168343345019,0.883850440588382,0.36529148732576705,0.6396239389628633,stopped,-1.0
2024-09-18,Wednesday,568.69,560.83,561.33,7.860000000000014,2.3799999999999955,7.860000000000014,563.1,7.860000000000014,6.874474999999995,6.548474999999991,1.1433600384029354,1.200279454376786,0.34620825590317766,1.1433600384029354,stopped,-1.0
2024-09-19,Thursday,572.88,568.08,570.92,4.7999999999999545,3.8099999999999454,2.54079999999999,561.33,11.549999999999955,7.091724999999997,6.765724999999992,0.6768451963379793,0.7094583359506867,0.5372458745932686,0.3582767239282391,held_to_close,-0.05647840531563896
2024-09-20,Friday,569.31,565.17,568.1,4.139999999999986,3.325800000000072,3.2199999999999136,570.92,5.75,7.463224999999994,6.79972499999999,0.5547199769536614,0.6088481519473203,0.44562504815278575,0.4314488709639487,stopped,-1.0
2024-09-23,Monday,570.3325,568.1,569.6,2.232499999999959,2.082499999999982,1.8099999999999454,568.1,2.232499999999959,7.340724999999997,6.596724999999992,0.30412527372976916,0.3384255065960703,0.28369132476696546,0.24656965081786147,stopped,-1.0
2024-09-24,Tuesday,571.36,567.6,571.24,3.759999999999991,3.4700000000000273,1.9300000000000637,569.6,3.759999999999991,7.108349999999996,6.418349999999987,0.528955383457482,0.5858203432346317,0.4881582927120962,0.2715116728917491,stopped,-1.0
2024-09-25,Wednesday,571.89,568.91,570.0,2.980000000000018,1.5699999999999363,1.9200000000000728,571.24,2.980000000000018,7.053349999999995,6.363349999999985,0.42249427576967263,0.4683067880911823,0.22258926609340773,0.27221107700597225,stopped,-1.0
2024-09-26,Thursday,574.71,569.9,572.29,4.810000000000059,3.810000000000059,2.8500000000000227,570.0,4.810000000000059,7.015350000000001,6.325349999999991,0.6856393480011772,0.7604322290466244,0.5430947850071712,0.4062520045329203,held_to_close,0.5663430420711707
2024-09-27,Friday,574.22,570.42,571.41,3.800000000000068,1.8100000000000591,2.2900000000000773,572.29,3.800000000000068,6.9253500000000034,6.235349999999994,0.5487087295227052,0.6094285004049607,0.26135863169371343,0.3306692080544776,ambiguous_both_sides_same_bar,
2024-09-30,Monday,574.38,568.08,574.02,6.2999999999999545,1.57000000000005,6.2999999999999545,571.41,6.2999999999999545,6.790350000000006,6.100349999999997,0.9277872274624944,1.0327276303818564,0.23121046779621796,0.9277872274624944,stopped,-1.0
2024-10-01,Tuesday,573.46,566.0,568.69,7.460000000000036,7.460000000000036,4.659999999999968,574.02,8.019999999999982,6.752350000000002,6.062349999999992,1.1048005509193146,1.2305459104142857,1.1048005509193146,0.6901301028530759,held_to_close,-0.032454361054782915
2024-10-02,Wednesday,569.9,565.27,568.85,4.6299999999999955,4.6299999999999955,2.2199999999999136,568.69,4.6299999999999955,6.450349999999998,5.870349999999997,0.7177905074918411,0.7887093614520426,0.7177905074918411,0.34416737076281356,held_to_close,0.4377510040160754
2024-10-03,Thursday,569.8025,565.49,567.78,4.3125,3.5625,3.669999999999959,568.85,4.3125,6.433350000000002,5.853350000000001,0.6703350509454638,0.7367575832642844,0.5537550420853831,0.5704648433553215,stopped,-1.0
2024-10-04,Friday,573.36,568.1,572.91,5.259999999999991,4.610000000000014,3.9300000000000637,567.78,5.580000000000041,6.3140000000000045,5.7340000000000035,0.8330693696547334,0.9173351935821394,0.7301235350015854,0.6224263541336809,stopped,-1.0
2024-10-07,Monday,571.9599,566.63,567.81,5.329899999999952,1.429899999999975,4.5499999999999545,572.91,6.279999999999973,5.985000000000008,5.389000000000005,0.8905430242272255,0.9890332158099736,0.238913951545526,0.7602339181286463,stopped,-1.0
2024-10-08,Tuesday,573.78,569.5299,573.13,4.250099999999975,3.0200999999999567,3.230000000000018,567.81,5.970000000000027,5.935000000000002,5.403994999999997,0.7161078348778388,0.7864737106529478,0.508862679022739,0.5442291491154199,held_to_close,1.7066385986015749
2024-10-09,Wednesday,577.71,572.55,577.1,5.160000000000082,4.509999999999991,2.7100000000000364,573.13,5.160000000000082,5.945000000000005,5.327999999999998,0.8679562657695673,0.9684684684684842,0.7586206896551703,0.45584524810765925,held_to_close,2.6693548387097055
2024-10-10,Thursday,577.58,574.49,576.1,3.090000000000032,2.4400000000000546,3.090000000000032,577.1,3.090000000000032,5.43300000000001,4.8160000000000025,0.5687465488680336,0.6416112956810694,0.4491073071967698,0.5687465488680336,stopped,-1.0
2024-10-11,Friday,580.33,575.91,579.55,4.420000000000073,4.185000000000059,2.259999999999991,576.1,4.420000000000073,5.254500000000013,4.6375000000000055,0.8411837472642615,0.9530997304582356,0.7964601769911598,0.43010752688171766,held_to_close,1.2608695652173636
2024-10-14,Monday,585.27,580.73,584.28,4.539999999999964,3.0499999999999545,1.9600000000000364,579.55,5.720000000000027,5.275000000000017,4.679500000000013,0.8606635071089951,0.9701891227695161,0.578199052132691,0.3715639810426597,held_to_close,0.3813229571984601
2024-10-15,Tuesday,584.9,578.545,579.79,6.355000000000018,3.6499999999999773,4.0049999999999955,584.28,6.355000000000018,5.400500000000017,4.746000000000009,1.1767428941764648,1.339022334597557,0.6758633459864763,0.7415980001851649,held_to_close,5.468354430380062
2024-10-16,Wednesday,582.83,578.96,582.24,3.8700000000000045,2.190099999999916,2.6299999999999955,579.79,3.8700000000000045,5.429000000000014,4.774500000000006,0.7128384601215684,0.8105560791705937,0.4034076257137429,0.48443543930742106,held_to_close,2.2799999999999727
2024-10-17,Thursday,586.12,582.16,582.28,3.9600000000000364,3.75,2.840000000000032,582.24,3.9600000000000364,5.229500000000013,4.5750000000000055,0.7572425662109239,0.8655737704918102,0.7170857634573077,0.5430729515250071,held_to_close,0.3150684931507143
2024-10-18,Friday,585.39,582.58,584.57,2.8099999999999454,1.8899999999999864,1.699899999999957,582.28,3.1100000000000136,4.850000000000017,4.53300000000001,0.5793814432989557,0.61989852195013,0.3896907216494803,0.3504948453608146,held_to_close,0.2134146341463571
2024-10-21,Monday,584.85,580.6001,583.67,4.249900000000025,4.249900000000025,1.9300000000000637,584.57,4.249900000000025,4.718000000000018,4.466500000000008,0.900784230606191,0.9515056531960188,0.900784230606191,0.4090716405256584,stopped,-1.0
2024-10-22,Tuesday,584.5,580.38,583.32,4.1200000000000045,2.1200000000000045,2.92999999999995,583.67,4.1200000000000045,4.818870000000021,4.567370000000011,0.8549722237786009,0.9020508520220597,0.4399371636919019,0.6080263630270037,held_to_close,1.625000000000038
2024-10-23,Wednesday,581.7086,574.415,577.93,7.293600000000083,2.928600000000074,5.415000000000077,583.32,8.905000000000086,4.8368700000000215,4.585370000000012,1.507917310161334,1.5906240935846103,0.6054742012913436,1.1195256436497265,held_to_close,4.047555436815448
2024-10-24,Thursday,580.06,576.57,579.18,3.4899999999998954,3.019999999999982,3.314999999999941,577.93,3.4899999999998954,5.133120000000025,4.801050000000015,0.679898385387421,0.7269243186386071,0.5883361386447166,0.6458060594725868,held_to_close,-0.38888888888886697
2024-10-25,Friday,584.46,578.08,579.015,6.3799999999999955,2.990000000000009,4.719999999999914,579.18,6.3799999999999955,5.067120000000017,4.735050000000006,1.2590978701905569,1.3473986547132526,0.5900787824247302,0.9314956030249724,stopped,-1.0
2024-10-28,Monday,582.71,580.52,580.77,2.1900000000000546,2.0300000000000864,1.3500000000000227,579.015,3.69500000000005,5.196120000000013,4.864050000000003,0.4214683263666061,0.45024208221544865,0.3906761198740755,0.25980924228078245,held_to_close,0.4264705882353199
2024-10-29,Tuesday,582.907,578.43,581.7,4.477000000000089,3.4200000000000728,2.076999999999998,580.77,4.477000000000089,5.065870000000018,4.658550000000008,0.8837573802723072,0.9610286462526069,0.675106151559369,0.4099986774236194,held_to_close,1.0061349693252175
2024-10-30,Wednesday,583.32,579.29,579.97,4.030000000000086,4.030000000000086,3.830000000000041,581.7,4.030000000000086,4.888720000000023,4.509400000000011,0.8243466592482424,0.8936887390783866,0.8243466592482424,0.7834361550671797,held_to_close,-0.7404580152671517
2024-10-31,Thursday,575.63,568.44,568.55,7.189999999999941,5.5499999999999545,3.5599999999999454,579.97,11.529999999999973,4.858720000000028,4.479400000000015,1.479813613461961,1.6051256864758487,1.1422761550367015,0.732703263410924,held_to_close,1.8433734939759097
2024-11-01,Friday,575.55,570.62,571.02,4.92999999999995,4.8700000000000045,3.689899999999966,568.55,7.0,5.219595000000027,4.623275000000012,0.9445177259921363,1.0663436633122487,0.9330225812539057,0.7069322428272591,stopped,-1.0
2024-11-04,Monday,572.5,567.89,569.77,4.610000000000014,4.230000000000018,3.3799999999999955,571.02,4.610000000000014,5.290595000000025,4.6067750000000105,0.8713575694227195,1.0007000558959365,0.7995319997089172,0.6388695411385638,stopped,-1.0
2024-11-05,Tuesday,576.71,570.52,576.68,6.190000000000055,5.080000000000041,2.1100000000000136,569.77,6.940000000000055,5.2070950000000265,4.570780000000013,1.1887626402053397,1.3542546348763311,0.9755919567436383,0.40521634423800656,held_to_close,0.7599999999999909
2024-11-06,Wednesday,591.93,585.39,591.04,6.539999999999964,4.039999999999964,3.619899999999916,576.68,15.25,5.255595000000028,4.6677750000000175,1.24438812351407,1.4010958111734046,0.7687045900606767,0.6887707290991594,held_to_close,0.3985148514851555
2024-11-07,Thursday,596.65,592.9999,595.55,3.650099999999952,2.2800999999999476,2.730000000000018,591.04,5.610000000000014,5.760095000000024,4.736775000000011,0.6336874652240869,0.7705875833240852,0.3958441657646164,0.4739505164411363,held_to_close,1.428435387106086
2024-11-08,Friday,599.64,596.16,598.24,3.480000000000018,2.060000000000059,2.199999999999932,595.55,4.090000000000032,5.886095000000023,4.764780000000007,0.5912238929205194,0.7303590092302296,0.3499773619012352,0.37376223115663665,held_to_close,0.9259259259258908
2024-11-11,Monday,600.17,597.0,598.72,3.169999999999959,1.6399999999999864,2.5599999999999454,598.24,3.169999999999959,5.869595000000021,4.717780000000005,0.5400713337121127,0.671926202578322,0.2794059896807157,0.43614593511135546,held_to_close,0.13290100789119014
2024-11-12,Tuesday,599.29,594.37,596.87,4.919999999999959,2.966000000000008,4.029999999999973,598.72,4.919999999999959,5.742095000000018,4.6492800000000045,0.8568301290730899,1.058228370844508,0.5165362119574822,0.7018344349927962,held_to_close,1.6304347826087682
2024-11-13,Wednesday,599.23,594.96,597.17,4.269999999999982,3.3700000000000045,2.75,596.87,4.269999999999982,5.670345000000014,4.577530000000001,0.7530405998224042,0.9328174801694321,0.5943200986888798,0.4849793090191149,stopped,-1.0
2024-11-14,Thursday,597.81,592.65,593.37,5.159999999999968,2.6851999999998952,3.2100000000000364,597.17,5.159999999999968,5.690345000000013,4.597530000000001,0.9067991483820325,1.1223417791727226,0.47188702969677393,0.5641134237027858,held_to_close,1.198128620228811
2024-11-15,Friday,590.2,583.86,585.7,6.340000000000032,4.730000000000018,2.3699000000000296,593.37,9.509999999999991,5.75034500000001,4.657529999999997,1.1025425430995917,1.361236535245084,0.8225593420916502,0.412131793831505,held_to_close,1.5862068965517107
2024-11-18,Monday,589.49,585.34,588.14,4.149999999999977,4.149999999999977,1.6599999999999682,585.7,4.149999999999977,6.0703450000000085,4.834030000000001,0.6836514234363897,0.8584969476813293,0.6836514234363897,0.27346056937455215,held_to_close,1.666666666666739
2024-11-19,Tuesday,591.045,584.03,590.29,7.014999999999986,5.210000000000036,3.0149999999999864,588.14,7.014999999999986,6.065350000000007,4.829034999999999,1.1565696950711795,1.4526711858580414,0.8589776352560085,0.49708590600707014,held_to_close,2.5375226039781307
2024-11-20,Wednesday,590.79,584.63,590.51,6.159999999999968,5.899999999999977,4.649900000000002,590.29,6.159999999999968,6.210100000000006,4.973784999999998,0.9919324970612329,1.2384934210063303,0.9500652163411172,0.7487641100787423,stopped,-1.0
2024-11-21,Thursday,595.12,587.45,593.61,7.669999999999959,6.1200000000000045,4.039999999999964,590.51,7.669999999999959,6.07285,4.917104999999992,1.2629984274269839,1.5598609344319414,1.007764064648395,0.665256016532594,stopped,-1.0
2024-11-22,Friday,596.15,593.1525,595.48,2.9974999999999454,2.97849999999994,2.0,593.61,2.9974999999999454,6.281850000000003,5.1261049999999955,0.4771683500879429,0.5847519705507297,0.47414376338179653,0.3183775480153138,stopped,-1.0
2024-11-25,Monday,600.86,595.2,597.45,5.659999999999968,3.7200000000000273,2.544999999999959,595.48,5.659999999999968,6.112725,4.956979999999993,0.9259372865620437,1.1418242558977394,0.6085665558323051,0.41634459263257534,held_to_close,0.5570776255707229
2024-11-26,Tuesday,601.33,598.07,600.74,3.259999999999991,1.7999999999999545,2.259999999999991,597.45,3.8799999999999955,6.210974999999996,5.130479999999989,0.5248773340739566,0.6354181285181889,0.28980957096107385,0.363872016873356,stopped,-1.0
2024-11-27,Wednesday,600.85,597.28,598.79,3.57000000000005,2.840000000000032,1.8400000000000318,600.74,3.57000000000005,6.181124999999992,5.069629999999984,0.577564763695938,0.704193402674369,0.4594632854051707,0.29768043843152087,held_to_close,1.2637362637364078
2024-12-02,Monday,604.32,602.47,603.65,1.8500000000000227,1.3899999999999864,1.2700000000000955,598.79,5.530000000000086,6.158124999999989,5.046629999999982,0.3004161169187092,0.3665812631399626,0.22571805541459272,0.20623160458745116,held_to_close,-0.02471278618067535
2024-12-03,Tuesday,604.16,602.341,603.85,1.81899999999996,1.379000000000019,1.6299999999999955,603.65,1.81899999999996,5.858124999999996,4.779629999999986,0.3105089085671544,0.38057339166420107,0.2353995519044097,0.2782460258188408,stopped,-1.0
2024-12-04,Wednesday,607.91,604.95,607.61,2.9599999999999227,1.5499999999999545,2.7099999999999227,603.85,4.059999999999945,5.599074999999994,4.624079999999987,0.5286587516687892,0.6401273334371229,0.2768314409076421,0.4840085192643295,stopped,-1.0
2024-12-05,Thursday,608.48,606.305,606.61,2.175000000000068,1.400000000000091,2.175000000000068,607.61,2.175000000000068,5.57157499999999,4.541579999999982,0.39037435554579664,0.4789082213679109,0.25127544724787754,0.39037435554579664,stopped,-1.0
2024-12-06,Friday,609.07,607.02,607.88,2.050000000000068,1.7300000000000182,1.3700000000000045,606.61,2.4600000000000364,5.3333249999999905,4.340829999999983,0.3843756005868894,0.4722599134267125,0.32437550683673344,0.25687540136781595,stopped,-1.0
2024-12-09,Monday,607.86,604.08,604.66,3.7799999999999727,3.25,2.349999999999909,607.88,3.7999999999999545,4.693824999999992,4.116329999999988,0.805313363834395,0.9182937228064766,0.6923990562068261,0.5006577791033779,held_to_close,3.848484848485151
2024-12-10,Tuesday,605.8,602.13,602.87,3.669999999999959,1.526299999999992,2.8899999999999864,604.66,3.669999999999959,4.603324999999989,4.122824999999989,0.7972498139931392,0.8901663301255738,0.33156468422281626,0.6278070742343834,stopped,-1.0
2024-12-11,Wednesday,608.435,605.5,607.5,2.9349999999999454,2.3700000000000045,1.125,602.87,5.564999999999941,4.582324999999986,4.132324999999986,0.6405045473640465,0.7102539127488655,0.5172046941236189,0.2455085573371604,held_to_close,0.7316017316017726
2024-12-12,Thursday,607.16,604.34,604.35,2.8199999999999363,2.0299999999999727,2.6100000000000136,607.5,3.159999999999968,4.702074999999985,4.120574999999985,0.5997352232790727,0.6843705065433698,0.4317242919349392,0.5550740896306465,stopped,-1.0
2024-12-13,Friday,607.13,602.81,604.26,4.32000000000005,4.100000000000023,1.8900000000001,604.35,4.32000000000005,4.6140749999999855,4.015574999999984,0.9362656653825661,1.0758110606824844,0.8885854694603004,0.4096162286048896,held_to_close,1.5624999999999936
2024-12-16,Monday,607.7795,605.21,606.775,2.569499999999948,1.8999999999999773,1.7245000000000346,604.26,3.5194999999999936,4.6165749999999885,4.018074999999987,0.5565814483680985,0.639485325684552,0.4115605183496384,0.37354532310209165,stopped,-1.0
2024-12-17,Tuesday,605.17,602.885,604.24,2.284999999999968,2.009999999999991,2.0850000000000364,606.775,3.8899999999999864,4.5345499999999905,3.8885499999999866,0.5039088773968692,0.5876226356868179,0.4432633888698978,0.4598030675590832,stopped,-1.0
2024-12-18,Wednesday,606.405,585.89,586.3,20.514999999999986,2.9349999999999454,20.41999999999996,604.24,20.514999999999986,4.25354999999999,3.6857999999999835,4.823030174795179,5.565955830484584,0.6900118724359541,4.800695889315985,stopped,-1.0
2024-12-19,Thursday,593.0,585.85,586.12,7.149999999999977,5.210000000000036,5.409999999999968,586.3,7.149999999999977,5.071799999999991,4.5040499999999835,1.4097559052013073,1.5874601747316313,1.0272487085452986,1.066682440159308,held_to_close,1.1567398119121874
2024-12-20,Friday,595.75,580.91,590.87,14.840000000000032,13.990000000000009,6.279999999999973,586.12,14.840000000000032,5.07854999999999,4.510799999999984,2.9220939047562906,3.2898820608318005,2.754723297004073,1.2365734313928158,held_to_close,2.0458715596330554
2024-12-23,Monday,595.3,587.661,594.78,7.63900000000001,4.908900000000017,3.959899999999948,590.87,7.63900000000001,5.512549999999993,4.9447999999999865,1.385747068053808,1.544855201423724,0.8904953243054526,0.7183426907692362,stopped,-1.0
2024-12-26,Thursday,602.48,598.0825,601.25,4.397500000000036,3.8274999999999864,2.1299999999999955,594.78,7.7000000000000455,5.510999999999996,4.943249999999989,0.7979495554345926,0.889596925099893,0.694520050807474,0.3864997278170926,held_to_close,0.44800000000000834
2024-12-27,Friday,597.7761,590.7647,594.99,7.011400000000094,6.196000000000026,4.765300000000025,601.25,10.485300000000052,5.746125000000001,5.013249999999994,1.2201962191912104,1.3985737794843869,1.0782918923622484,0.8293067066936455,held_to_close,1.0697570759972084
2024-12-30,Monday,591.74,584.41,588.23,7.330000000000041,5.220000000000027,3.669999999999959,594.99,10.580000000000041,5.987390000000005,5.08082,1.2242396102475428,1.4426805122007944,0.8718323008856986,0.6129548935345712,stopped,-1.0
2024-12-31,Tuesday,590.6399,584.42,586.01,6.219900000000052,4.099900000000048,3.259999999999991,588.23,6.219900000000052,6.3223900000000075,5.284320000000003,0.983789358138306,1.1770483240984742,0.6484731248784151,0.5156277926543581,stopped,-1.0
2025-01-02,Thursday,591.13,580.5,584.58,10.629999999999995,5.92999999999995,8.169999999999959,586.01,10.629999999999995,6.454885000000007,5.416815000000002,1.6468147767156167,1.9624077986787423,0.9186840664086104,1.2657080645123733,stopped,-1.0
2025-01-03,Friday,592.6,586.43,591.87,6.170000000000073,4.560000000000059,2.7000000000000455,584.58,8.019999999999982,6.7098850000000025,5.8558150000000015,0.9195388594588537,1.0536535051056208,0.679594359664891,0.40239139717000283,stopped,-1.0
2025-01-06,Monday,599.7,593.6,595.4,6.100000000000023,3.800000000000068,5.865000000000009,591.87,7.830000000000041,7.019935000000004,6.073365000000007,0.8689539148154534,1.0043855424464059,0.5413155534916015,0.8354778213758398,stopped,-1.0
2025-01-07,Tuesday,597.75,586.78,588.72,10.970000000000027,7.480000000000018,5.629000000000019,595.4,10.970000000000027,7.208435000000009,6.2303650000000115,1.521828247046691,1.7607315141247755,1.0376732258805148,0.7808907203852171,held_to_close,4.472727272727331
2025-01-08,Wednesday,590.5799,585.195,589.42,5.384899999999902,3.9400000000000546,5.384899999999902,588.72,5.384899999999902,7.648185000000007,6.67011500000001,0.704075542105728,0.8073174150670407,0.5151549027645188,0.704075542105728,stopped,-1.0
2025-01-10,Friday,585.96,578.55,580.51,7.410000000000082,7.180000000000064,5.9500000000000455,589.42,10.870000000000005,7.79443,6.8368600000000015,0.9506788822274472,1.0838308814280357,0.9211706308222748,0.7633656341772324,held_to_close,0.480978260869552
2025-01-13,Monday,581.75,575.35,581.54,6.399999999999977,3.8299999999999272,6.07000000000005,580.51,6.399999999999977,8.147930000000002,7.018360000000007,0.7854755747778853,0.9118939467339907,0.4700580392811335,0.7449744904534095,held_to_close,1.084175084175045
2025-01-14,Tuesday,585.0,578.35,582.19,6.649999999999977,6.230000000000018,5.459999999999923,581.54,6.649999999999977,8.284430000000004,7.154860000000008,0.8027106270437404,0.9294381720956063,0.752013113756772,0.6590676727306429,held_to_close,-0.07260726072608227
2025-01-15,Wednesday,593.94,589.195,592.78,4.7450000000000045,3.7749999999999773,4.0200000000000955,582.19,11.75,8.338680000000005,7.34061000000001,0.5690349072035383,0.6464040454403651,0.45270954155813325,0.4820906906129139,held_to_close,0.21731748726655353
2025-01-16,Thursday,594.35,590.93,591.7,3.4200000000000728,3.0299999999999727,2.8799999999999955,592.78,3.4200000000000728,8.768180000000006,7.436860000000013,0.3900467371792174,0.45987150490933904,0.3455677232903488,0.32846041025617556,stopped,-1.0
2025-01-17,Friday,599.36,595.61,597.57,3.75,3.490000000000009,2.009999999999991,591.7,7.659999999999968,8.723180000000008,7.391860000000014,0.4298891000758894,0.5073148030400999,0.4000834558039621,0.23042055764067565,held_to_close,0.15976331360952956
2025-01-21,Tuesday,602.98,598.67,602.92,4.310000000000059,2.800000000000068,2.050000000000068,597.57,5.409999999999968,8.930205000000006,7.450885000000016,0.48263169770459424,0.578454774164418,0.31354263423964696,0.22955800006831498,stopped,-1.0
2025-01-22,Wednesday,607.82,605.36,606.34,2.4600000000000364,2.419999999999959,1.5900000000000318,602.92,4.900000000000091,9.006205000000005,7.552135000000021,0.27314501502020383,0.32573570255299056,0.26870363266214325,0.1765449487325717,held_to_close,-0.1900826446281085
2025-01-23,Thursday,609.74,605.52,609.71,4.220000000000027,2.3500000000000227,2.840000000000032,606.34,4.220000000000027,8.22545500000001,6.649385000000024,0.5130415277939059,0.6346451589131946,0.2856984811174603,0.3452696537759951,held_to_close,4.37179487179513
2025-01-24,Friday,610.78,606.8,607.95,3.980000000000018,1.7200000000000273,3.25,609.71,3.980000000000018,8.078955000000013,6.502885000000026,0.4926379711237421,0.6120360424642297,0.21289882169166985,0.40227975028948604,held_to_close,1.5044247787610077
2025-01-27,Monday,599.69,594.64,599.41,5.050000000000068,5.050000000000068,3.5400000000000773,607.95,13.31000000000006,7.535955000000013,5.959885000000026,0.6701207743411498,0.8473317857643304,0.6701207743411498,0.46974802795399806,held_to_close,0.18509316770186554
2025-01-28,Tuesday,605.37,597.25,604.49,8.120000000000005,6.32000000000005,2.9700000000000273,599.41,8.120000000000005,7.8195050000000155,5.830435000000028,1.0384289031083156,1.3926919689525679,0.8082353038971185,0.3798194386984881,held_to_close,1.050991501416449
2025-01-29,Wednesday,604.13,599.22,601.8,4.909999999999968,2.2000000000000455,4.460100000000011,604.49,5.269999999999982,7.840505000000013,6.016560000000027,0.6262351723517758,0.8160809499115684,0.28059417091119027,0.5688536644004442,stopped,-1.0
2025-01-30,Thursday,606.6,600.715,604.98,5.884999999999991,5.264999999999986,4.779999999999973,601.8,5.884999999999991,7.57974000000001,5.91149000000002,0.7764118558156327,0.995518896251194,0.6946148548630928,0.6306284912147339,stopped,-1.0
2025-01-31,Friday,609.96,601.05,601.8,8.910000000000082,2.900000000000091,8.680000000000064,604.98,8.910000000000082,7.344990000000007,5.839240000000018,1.2130717672862827,1.5258835053876967,0.3948269500707405,1.1817579057289465,stopped,-1.0
2025-02-03,Monday,600.29,590.49,597.65,9.799999999999955,8.759999999999991,4.269999999999982,601.8,11.309999999999945,7.479495000000009,5.97374500000002,1.3102488871240563,1.640511940164825,1.1712020664496707,0.5708941579611961,stopped,-1.0
2025-02-04,Tuesday,602.3,597.28,601.76,5.019999999999982,4.810000000000059,2.8945999999999685,597.65,5.019999999999982,7.513495000000006,5.932245000000018,0.6681311426972372,0.8462226357812206,0.64018143354059,0.38525346726123677,held_to_close,1.3333333333332544
2025-02-05,Wednesday,604.37,598.58,604.17,5.789999999999964,4.2999999999999545,2.159999999999968,601.76,5.789999999999964,7.363495000000006,5.874745000000013,0.7863113915334986,0.985574693029221,0.5839618279091587,0.2933389647171576,ambiguous_both_sides_same_bar,
2025-02-06,Thursday,606.4525,602.63,606.34,3.822499999999991,1.9400000000000546,3.822499999999991,604.17,3.822499999999991,7.261495000000002,5.85924500000001,0.526406752328548,0.6523878076441563,0.2671626159626983,0.526406752328548,stopped,-1.0
2025-02-07,Friday,608.13,600.05,600.78,8.080000000000041,6.9500000000000455,3.7000000000000455,606.34,8.080000000000041,6.904120000000001,5.501870000000008,1.170315695555703,1.468591587951011,1.0066453074396222,0.5359118902916006,held_to_close,3.6815286624202477
2025-02-10,Monday,605.4999,602.74,604.79,2.759900000000016,2.590000000000032,2.289100000000076,600.78,4.719900000000052,7.038875000000007,5.636625000000015,0.39209390705191005,0.4896369724791003,0.3679565271439014,0.3252082186429044,held_to_close,0.507352941176422
2025-02-11,Tuesday,605.86,602.43,605.21,3.4300000000000637,2.7900000000000773,2.759999999999991,604.79,3.4300000000000637,6.73137000000001,5.404120000000011,0.5095545186195468,0.6347009318816119,0.4144772906555535,0.4100205455947284,held_to_close,1.3965517241378365
2025-02-12,Wednesday,604.55,598.51,603.36,6.039999999999964,5.029999999999973,2.019999999999982,605.21,6.7000000000000455,6.582870000000014,5.255620000000016,0.9175329301657105,1.1492459500496506,0.7641044103863455,0.30685703955873006,held_to_close,0.529968454258702
2025-02-13,Thursday,609.94,603.2,609.69,6.740000000000009,4.289999999999964,4.9500000000000455,603.36,6.740000000000009,6.585370000000017,5.2251200000000155,1.0234808370676198,1.2899225280950464,0.6514440342759712,0.7516661933953647,held_to_close,2.4892473118281497
2025-02-14,Friday,610.99,609.07,609.7,1.919999999999959,1.5900000000000318,1.6807000000000016,609.69,1.919999999999959,6.334870000000018,5.324870000000016,0.3030843569007657,0.3605721829828622,0.25099173305845696,0.265309311793296,stopped,-1.0
2025-02-18,Tuesday,611.38,608.38,611.35,3.0,1.669999999999959,3.0,609.7,3.0,6.259870000000012,5.24987000000001,0.47924317917145154,0.5714427214388155,0.2667787030721015,0.47924317917145154,stopped,-1.0
2025-02-19,Wednesday,613.23,609.56,612.9,3.6700000000000728,2.2100000000000364,2.580000000000041,611.35,3.6700000000000728,6.026870000000014,5.21237000000001,0.6089396320146385,0.7040942987547059,0.3666911680524105,0.42808290207023464,stopped,-1.0
2025-02-20,Thursday,611.684,607.02,610.39,4.663999999999987,4.663999999999987,3.4200000000000728,612.9,5.8799999999999955,5.939870000000019,5.180370000000011,0.7852023697488283,0.9003217916866899,0.7852023697488283,0.5757701767883914,held_to_close,-0.6164789567279272
2025-02-21,Friday,610.3,599.47,600.0,10.829999999999927,4.533999999999992,7.659199999999942,610.39,10.919999999999959,5.988870000000015,5.290570000000008,1.8083544975930186,2.0470384098499617,0.757071033433683,1.278905703413152,held_to_close,4.00000000000011
2025-02-24,Monday,603.03,596.49,597.2,6.539999999999964,6.539999999999964,5.210000000000036,600.0,6.539999999999964,6.323870000000011,5.621070000000003,1.0341768568930025,1.1634795510463238,1.0341768568930025,0.8238626031211943,held_to_close,0.3253915929706452
2025-02-25,Tuesday,597.89,589.56,594.21,8.330000000000041,8.330000000000041,4.519999999999982,597.2,8.330000000000041,6.451870000000008,5.749070000000001,1.2910985497227982,1.4489300008523187,1.2910985497227982,0.7005720822025205,held_to_close,0.010989010989001036
2025-02-26,Wednesday,599.58,591.8556,594.43,7.72440000000006,4.480000000000018,7.523500000000013,594.21,7.72440000000006,6.202870000000007,5.913069999999999,1.2452945168929948,1.3063264936826489,0.7222463150122465,1.212906283704157,stopped,-1.0
2025-02-27,Thursday,598.02,584.65,585.04,13.370000000000005,7.5,10.509999999999991,594.43,13.370000000000005,6.18309000000001,5.893290000000002,2.162349246088927,2.2686818398551574,1.2129857401396371,1.6997973505156765,held_to_close,1.2074829931972837
2025-02-28,Friday,594.72,582.44,594.07,12.279999999999973,5.759999999999991,12.279999999999973,585.04,12.279999999999973,6.588090000000011,6.316290000000004,1.8639696786170123,1.9441792571272005,0.8743049958333874,1.8639696786170123,stopped,-1.0
2025-03-03,Monday,597.34,579.9,583.97,17.440000000000055,6.6299999999999955,14.32000000000005,594.07,17.440000000000055,6.90784000000001,6.636040000000003,2.524667624032987,2.628073369057457,0.9597790336776744,2.073006902302316,held_to_close,1.7285714285714422
2025-03-04,Tuesday,585.39,572.25,576.87,13.139999999999986,7.960000000000036,10.699999999999932,583.97,13.139999999999986,7.334340000000009,7.062540000000001,1.7915722478096148,1.8605204359904488,1.0853055626000467,1.4588906431935142,stopped,-1.0
2025-03-05,Wednesday,584.88,573.0795,583.05,11.800499999999943,6.560499999999934,9.110000000000014,576.87,11.800499999999943,7.425840000000011,7.229540000000003,1.589113150835451,1.6322615270127752,0.8834690755523852,1.226797237753574,stopped,-1.0
2025-03-06,Thursday,580.1736,570.12,572.8,10.05359999999996,6.723599999999919,4.8700000000000045,583.05,12.92999999999995,7.764865000000009,7.568565000000001,1.2947552855072109,1.3283363490965538,0.8659004374190551,0.6271841171739623,stopped,-1.0
2025-03-07,Friday,577.39,565.63,575.85,11.759999999999991,10.437900000000013,11.590000000000032,572.8,11.759999999999991,8.121865000000009,7.781745000000001,1.447943298737418,1.511229165180816,1.2851604896166093,1.427012145609416,stopped,-1.0
2025-03-10,Monday,569.54,555.59,560.75,13.949999999999932,6.480000000000018,9.519999999999982,575.85,20.25999999999999,8.518740000000008,8.17862,1.6375661189330721,1.7056667261713994,0.7606758746011748,1.1175361614511035,held_to_close,1.7641509433962586
2025-03-11,Tuesday,564.02,552.02,556.12,12.0,8.07000000000005,12.0,560.75,12.0,9.127740000000006,8.472119999999995,1.3146737308468461,1.41641053242872,0.8841180839945095,1.3146737308468461,ambiguous_both_sides_same_bar,
2025-03-12,Wednesday,563.11,553.69,558.91,9.419999999999959,9.419999999999959,4.090000000000032,556.12,9.419999999999959,9.491745000000003,8.934124999999995,0.992441326647519,1.0543841730443624,0.992441326647519,0.4309007458586414,held_to_close,-0.11949685534589906
2025-03-13,Thursday,559.105,549.68,551.51,9.425000000000068,6.735000000000014,4.940000000000055,558.91,9.425000000000068,9.791244999999998,9.23362499999999,0.9625946445012937,1.0207258795976748,0.6878594090945549,0.5045323653937834,stopped,-1.0
2025-03-14,Friday,563.83,555.5,562.79,8.330000000000041,6.92999999999995,3.809900000000084,551.51,12.32000000000005,9.927494999999999,9.402874999999995,0.839083776924596,0.8858992595349875,0.6980612934078487,0.3837725428217375,stopped,-1.0
2025-03-17,Monday,569.71,562.35,567.02,7.360000000000014,4.009999999999991,6.420000000000073,562.79,7.360000000000014,10.206495,9.482374999999996,0.7211094504038863,0.7761768544272946,0.3928870782771158,0.6290112325533959,held_to_close,0.16458852867829668
2025-03-18,Tuesday,565.02,559.06,561.05,5.960000000000036,5.960000000000036,2.9950000000000045,567.02,7.960000000000036,10.478495000000004,9.754375,0.5687839713623029,0.6110078810790067,0.5687839713623029,0.2858234889647801,held_to_close,-0.09464082098060764
2025-03-19,Wednesday,570.95,561.63,567.01,9.32000000000005,4.659999999999968,8.950000000000045,561.05,9.900000000000091,10.726495000000005,9.902375000000001,0.8688765528721214,0.9411883512793697,0.43443827643605537,0.8343825266314897,held_to_close,0.9078014184396809
2025-03-20,Thursday,570.57,562.6012,565.68,7.968800000000101,7.968800000000101,5.649699999999939,567.01,7.968800000000101,11.037995000000006,10.184875,0.7219427078921576,0.782415100823535,0.7219427078921576,0.5118411450630242,held_to_close,-0.2614661293417826
2025-03-21,Friday,564.89,558.03,564.19,6.860000000000014,3.7799999999999727,6.1299999999999955,565.68,7.649999999999977,11.142435000000011,10.350115000000006,0.6156643498481262,0.662794567983062,0.3392436213448828,0.5501490473132659,stopped,-1.0
2025-03-24,Monday,575.15,570.2,574.02,4.949999999999932,3.7899999999999636,3.1000000000000227,564.19,10.959999999999923,10.978935000000012,10.15161500000001,0.4508634034175379,0.4876071442819617,0.34520652504090416,0.2823588991099792,held_to_close,0.374100719424451
2025-03-25,Tuesday,576.41,573.69,575.36,2.7199999999999136,2.4699999999999136,1.9099999999999682,574.02,2.7199999999999136,11.19993500000001,10.072115000000007,0.24285855230409026,0.27005251627884624,0.22053699418790476,0.1705367040076542,stopped,-1.0
2025-03-26,Wednesday,576.33,567.19,568.74,9.139999999999986,6.210000000000036,4.199999999999932,575.36,9.139999999999986,10.919435000000004,9.791615000000002,0.8370396453662652,0.933451733958084,0.5687107437335388,0.38463528561687765,held_to_close,1.5300000000000107
2025-03-27,Thursday,570.9,564.94,567.0,5.959999999999923,5.959999999999923,3.6499999999999773,568.74,5.959999999999923,10.990215000000001,9.862394999999998,0.5423005828366344,0.6043156859971562,0.5423005828366344,0.33211361197210215,held_to_close,-0.4097421203438375
2025-03-28,Friday,566.2675,555.07,555.83,11.197499999999991,8.49750000000006,3.7299999999999045,567.0,11.92999999999995,10.619714999999996,9.491894999999994,1.054406827301862,1.1796906729372794,0.8001627162310911,0.35123353121999096,held_to_close,3.1625124626120806
2025-03-31,Monday,560.7112,546.87,559.15,13.841199999999958,7.25,8.796199999999999,555.83,13.841199999999958,10.602214999999996,9.437769999999995,1.3055007845058757,1.4665752608931946,0.6838193717067615,0.8296568217113125,held_to_close,2.2659574468085113
2025-04-01,Tuesday,562.94,553.68,561.03,9.260000000000105,8.199400000000082,6.790000000000077,559.15,9.260000000000105,10.42227499999999,9.25782999999999,0.8884816414842358,1.000234396181407,0.7867188305816235,0.6514892381941643,stopped,-1.0
2025-04-02,Wednesday,567.42,554.81,564.65,12.610000000000014,8.940000000000055,6.459999999999923,561.03,12.610000000000014,10.228274999999996,9.063829999999996,1.2328569577959156,1.391244098797089,0.8740476766610262,0.6315825493546003,held_to_close,0.9798792756539191
2025-04-03,Thursday,547.97,536.9,537.64,11.07000000000005,8.389999999999986,9.460000000000036,564.65,27.75,10.26875,9.104305,1.0780279975654339,1.2159082983270058,0.8170419963481422,0.9212416311625111,held_to_close,1.7255936675461294
2025-04-04,Friday,525.87,505.06,505.5,20.810000000000002,15.819999999999993,12.398499999999956,537.64,32.579999999999984,11.009750000000002,9.155125000000004,1.890142827947955,2.273043786949932,1.4369081950089684,1.1261381956901795,held_to_close,2.0312499999999885
2025-04-07,Monday,523.17,481.8,504.55,41.36999999999995,41.36999999999995,15.770000000000039,505.5,41.36999999999995,12.050750000000003,9.607625000000004,3.4329813497085193,4.305954905608819,3.4329813497085193,1.3086322428064672,held_to_close,0.5518417462482981
2025-04-08,Tuesday,524.98,489.16,496.74,35.81999999999999,10.980000000000018,28.12999999999994,504.55,35.81999999999999,13.10625,10.978625000000005,2.7330472103004286,3.2627036627993014,0.8377682403433491,2.146304244158317,stopped,-1.0
2025-04-09,Wednesday,546.33,493.05,543.37,53.28000000000003,10.620000000000005,51.56000000000006,496.74,53.28000000000003,14.29725,12.169625000000005,3.72659077794681,4.378113540885607,0.742800188847506,3.6062879225025832,stopped,-1.0
2025-04-10,Thursday,533.495,509.32,524.7,24.17500000000001,15.585000000000036,20.390000000000043,543.37,34.05000000000001,16.490250000000003,14.362625000000008,1.4660177983960223,1.6831881358734908,0.9451039250466204,1.2364882278922418,held_to_close,0.7642928786358947
2025-04-11,Friday,536.43,520.07,533.98,16.3599999999999,8.769999999999982,10.349999999999909,524.7,16.3599999999999,17.7215,15.100125000000006,0.9231724176847277,1.0834347397786372,0.4948791016561794,0.5840363400389307,stopped,-1.0
2025-04-14,Monday,544.28,533.86,538.97,10.419999999999959,9.049999999999955,8.720000000000027,533.98,10.419999999999959,17.923499999999994,15.501624999999999,0.5813596674756584,0.6721875932361904,0.5049237035177258,0.48651212095851987,held_to_close,0.04733727810651126
2025-04-15,Tuesday,543.23,536.81,537.72,6.420000000000073,5.090000000000032,4.810000000000059,538.97,6.420000000000073,18.07649999999999,15.654624999999996,0.3551572483611361,0.41010244576283844,0.28158105828008934,0.2660913340525025,stopped,-1.0
2025-04-16,Wednesday,535.11,520.29,525.73,14.82000000000005,5.460000000000036,11.830000000000041,537.72,17.430000000000064,17.99949999999999,15.677624999999997,0.8233562043390126,0.9452962422560849,0.30334175949332143,0.6572404789021944,stopped,-1.0
2025-04-17,Thursday,531.165,523.91,526.39,7.2549999999999955,5.399999999999977,5.454999999999927,525.73,7.2549999999999955,18.37599999999999,15.952624999999998,0.39480844579886804,0.45478408725836633,0.2938615585546354,0.2968545929473188,stopped,-1.0
2025-04-21,Monday,521.7,508.46,513.98,13.240000000000066,10.900000000000034,6.410000000000025,526.39,17.930000000000007,18.340309999999985,15.916934999999992,0.7219070997164212,0.8318184374064524,0.5943192890414635,0.3495033617207141,held_to_close,0.8468899521530885
2025-04-22,Tuesday,529.305,519.1925,526.94,10.112499999999955,7.357499999999959,7.544999999999959,513.98,15.324999999999932,18.854309999999987,16.235934999999994,0.5363495137186118,0.6228467901602192,0.39022907759551867,0.40017375337522104,held_to_close,1.493161705551138
2025-04-23,Wednesday,545.43,533.88,535.41,11.549999999999955,9.8599999999999,5.710000000000036,526.94,18.489999999999895,19.07255999999999,16.494059999999998,0.6055820508625985,0.7002520907526684,0.5169730754549943,0.29938298791562534,stopped,-1.0
2025-04-24,Thursday,547.43,535.4504,546.54,11.979600000000005,8.449600000000032,5.179699999999912,535.41,12.019999999999982,19.861059999999988,16.93556,0.6031702235429535,0.7073636773747077,0.4254355004214295,0.26079675505737937,held_to_close,1.6430239763572658
2025-04-25,Friday,551.05,543.69,550.52,7.3599999999999,4.424199999999928,4.289999999999964,546.54,7.3599999999999,20.005059999999986,17.07754,0.3679069195493493,0.4309754215185501,0.221154048025846,0.21444574522645604,stopped,-1.0
2025-04-28,Monday,553.55,545.02,550.94,8.529999999999973,6.519999999999982,7.259999999999991,550.52,8.529999999999973,20.075059999999986,17.14754,0.4249053302954003,0.49744744727231854,0.3247810965446672,0.36164275474145513,held_to_close,-0.236842105263178
2025-04-29,Tuesday,555.45,548.55,554.14,6.900000000000091,4.741800000000012,4.940000000000055,550.94,6.900000000000091,19.905059999999985,17.014165,0.3466455263134146,0.40554443900127285,0.2382208343004249,0.24817810144757455,held_to_close,0.7802547770700171
2025-04-30,Wednesday,556.52,541.52,554.35,15.0,8.32000000000005,9.379999999999995,554.14,15.0,19.557999999999993,16.667105000000003,0.766949585847224,0.8999763306225045,0.42540137028326275,0.4795991410164638,held_to_close,1.1136738056013074
2025-05-01,Thursday,564.0699,557.86,558.46,6.209899999999948,5.419899999999984,4.830000000000041,554.35,9.719899999999939,19.844999999999988,16.954105,0.31292013101536664,0.3662770756698716,0.27311161501637626,0.2433862433862456,stopped,-1.0
2025-05-02,Friday,568.38,562.38,566.62,6.0,4.009999999999991,2.3600000000000136,558.46,9.919999999999959,19.700494999999982,16.634099999999997,0.30456087524704356,0.36070481721283393,0.20354818495677365,0.11979394426383783,held_to_close,0.36774193548386386
2025-05-05,Monday,566.65,561.7,563.53,4.949999999999932,3.6099999999999,3.5599999999999454,566.62,4.949999999999932,18.80899499999998,16.380599999999994,0.2631719557583984,0.3021867330866961,0.19192944652278887,0.1892711439393731,held_to_close,0.14375000000001953
2025-05-06,Tuesday,563.3476,556.96,558.8,6.38760000000002,4.980000000000018,5.027600000000007,563.53,6.569999999999936,17.42749499999998,15.58759999999999,0.3665242767247977,0.40978726680181843,0.28575535382451833,0.28848667005786044,held_to_close,-0.3428571428571614
2025-05-07,Wednesday,563.82,556.04,561.23,7.780000000000086,3.6000000000000227,7.780000000000086,558.8,7.780000000000086,15.687494999999979,13.838479999999993,0.4959364130474685,0.5622004728843117,0.22948214485486865,0.4959364130474685,stopped,-1.0
2025-05-08,Thursday,570.31,561.7,564.92,8.6099999999999,7.949999999999932,5.769999999999982,561.23,9.079999999999927,14.285494999999983,12.436479999999998,0.6027092515870056,0.6923180835734791,0.5565085424061218,0.4039061999601686,stopped,-1.0
2025-05-09,Friday,567.5,562.7637,564.29,4.736300000000028,4.736300000000028,3.019999999999982,564.92,4.736300000000028,12.075494999999979,10.202979999999991,0.39222408688008537,0.46420751584341363,0.39222408688008537,0.250093267398147,held_to_close,0.8994082840236288
2025-05-12,Monday,583.0,577.04,582.84,5.960000000000036,4.690000000000055,5.022500000000036,564.29,18.710000000000036,10.609809999999978,9.231044999999991,0.5617442725176086,0.6456473779512549,0.4420437312261072,0.47338265246974703,stopped,-1.0
2025-05-13,Tuesday,589.08,582.84,586.81,6.240000000000009,5.600000000000023,2.3500000000000227,582.84,6.240000000000009,10.727309999999985,8.711044999999999,0.5816928941179119,0.7163319670602104,0.5220320844647941,0.21906703544504877,held_to_close,0.509505703422023
2025-05-14,Wednesday,588.98,585.535,587.56,3.44500000000005,3.1800000000000637,3.0301000000000613,586.81,3.44500000000005,10.518309999999989,8.502045,0.3275240984530836,0.40519663210439955,0.30232993703361727,0.2880785981778503,held_to_close,-0.4365079365079036
2025-05-15,Thursday,590.97,585.0969,590.41,5.873100000000022,4.323099999999954,2.6650000000000773,587.56,5.873100000000022,10.369559999999987,8.353295,0.5663789013227205,0.7030878234277639,0.41690293512935545,0.2570022257453624,held_to_close,2.8697013838308667
2025-05-16,Friday,594.5,589.28,594.29,5.220000000000027,2.3500000000000227,3.580000000000041,590.41,5.220000000000027,9.791714999999986,7.905949999999999,0.5331037514878686,0.6602622075778405,0.23999881532499936,0.36561521653765927,stopped,-1.0
2025-05-19,Monday,595.54,588.09,594.94,7.449999999999932,5.67999999999995,6.59050000000002,594.29,7.449999999999932,9.689964999999987,7.8042,0.7688366263448776,0.9546141821070618,0.5861734278709941,0.680136615560534,held_to_close,1.063253012048239
2025-05-20,Tuesday,594.05,589.6,592.83,4.449999999999932,2.009999999999991,4.199999999999932,594.94,5.340000000000032,9.165964999999982,7.514699999999993,0.48549170763797816,0.5921726748905393,0.21928951288816778,0.45821689260213627,stopped,-1.0
2025-05-21,Wednesday,592.58,581.82,582.96,10.759999999999991,3.82000000000005,10.759999999999991,592.83,11.009999999999991,8.666714999999988,7.231574999999992,1.2415315376125795,1.4879192983547846,0.44076677264685127,1.2415315376125795,stopped,-1.0
2025-05-22,Thursday,586.62,581.405,583.03,5.215000000000032,3.7649999999999864,4.039999999999964,582.96,5.215000000000032,8.292714999999992,7.192074999999994,0.6288652148301295,0.7251036731402323,0.4540129499205013,0.4871745863688753,held_to_close,-0.44821731748727595
2025-05-23,Friday,581.8101,575.6,579.16,6.210100000000011,4.1299999999999955,4.290100000000052,583.03,7.42999999999995,7.952464999999995,6.853844999999995,0.7809025251918764,0.9060753489464696,0.5193358285764224,0.5394679511321402,held_to_close,0.3906250000000083
2025-05-27,Tuesday,591.31,578.43,591.06,12.879999999999995,4.75,12.879999999999995,579.16,12.879999999999995,7.955964999999997,6.796350000000001,1.6189110937516693,1.8951348885798984,0.5970363117484807,1.6189110937516693,stopped,-1.0
2025-05-28,Wednesday,592.7688,586.985,587.71,5.783800000000042,3.7988000000000284,3.80499999999995,591.06,5.783800000000042,8.173464999999998,7.013850000000002,0.707631341175382,0.824625562280351,0.46477228445953206,0.4655308366769725,held_to_close,1.2697415649676105
2025-05-29,Thursday,593.2,586.07,590.0,7.1299999999999955,6.660000000000082,4.594999999999914,587.71,7.1299999999999955,8.117654999999996,6.95804,0.8783324740950433,1.0247138562008835,0.8204339800102475,0.5660501708929384,held_to_close,0.08843537414965513
2025-05-30,Friday,591.1299,583.235,589.47,7.894900000000007,3.519999999999982,7.894900000000007,590.0,7.894900000000007,7.724154999999996,6.564539999999999,1.022105330615454,1.2026585259591698,0.4557132786693151,1.022105330615454,stopped,-1.0
2025-06-02,Monday,592.79,585.06,592.65,7.730000000000018,5.0,3.8099999999999454,589.47,7.730000000000018,7.632904999999999,6.648790000000003,1.0127205827925303,1.162617558984419,0.6550585917157361,0.49915464688738376,stopped,-1.0
2025-06-03,Tuesday,597.08,591.85,596.11,5.230000000000018,3.8500000000000227,2.279899999999998,592.65,5.230000000000018,7.523405000000002,6.7352900000000036,0.6951639583406738,0.7765070249387949,0.5117363746867305,0.3030409767917581,stopped,-1.0
2025-06-04,Wednesday,597.95,595.49,595.9,2.4600000000000364,2.4600000000000364,2.139099999999985,596.11,2.4600000000000364,7.537405000000007,6.749290000000007,0.32637227268536506,0.36448278263343753,0.32637227268536506,0.28379793841514195,held_to_close,0.7672413793102789
2025-06-05,Thursday,599.0,591.05,593.01,7.9500000000000455,5.090000000000032,7.900000000000091,595.9,7.9500000000000455,7.331905000000011,6.552910000000009,1.0843021015684235,1.2132014631667511,0.6942261254067018,1.0774825914956725,stopped,-1.0
2025-06-06,Friday,600.83,596.86,599.03,3.9700000000000273,3.580000000000041,3.7799999999999727,593.01,7.82000000000005,7.340405000000009,6.561410000000007,0.5408420925003488,0.6050528773541088,0.4877115091061101,0.5149579621287882,held_to_close,-0.3501805054151602
2025-06-09,Monday,601.25,598.49,599.56,2.759999999999991,1.9099999999999682,1.8899999999999864,599.03,2.759999999999991,7.277405000000016,6.329410000000013,0.3792560672382511,0.43605960113185677,0.2624561914583514,0.25970795908706223,held_to_close,-0.2866666666667091
2025-06-10,Tuesday,603.47,599.09,603.06,4.3799999999999955,2.7199999999999136,3.3500000000000227,599.56,4.3799999999999955,7.178590000000014,6.230595000000011,0.6101476752398434,0.70298262043994,0.3789044923863751,0.4666654593729432,stopped,-1.0
2025-06-11,Wednesday,605.06,599.27,601.4,5.789999999999964,2.8099999999999454,5.175000000000068,603.06,5.789999999999964,6.462090000000012,6.151595000000009,0.8959949490025599,0.9412193097887548,0.4348438353535683,0.8008245010515265,stopped,-1.0
2025-06-12,Thursday,603.72,599.52,603.72,4.2000000000000455,4.100000000000023,1.8050000000000637,601.4,4.2000000000000455,6.43959000000001,6.129095000000007,0.6522154360759054,0.6852561430358056,0.6366864971217138,0.28029734812310425,held_to_close,1.4418604651162668
2025-06-13,Friday,601.85,595.48,596.95,6.3700000000000045,5.080000000000041,6.3700000000000045,603.72,8.240000000000009,6.47734000000001,6.166845000000007,0.9834283826385515,1.032943101375176,0.7842725563271394,0.9834283826385515,stopped,-1.0
2025-06-16,Monday,604.45,600.22,602.71,4.230000000000018,4.230000000000018,2.07000000000005,596.95,7.5,6.5956850000000085,6.191690000000006,0.6413283836326344,0.6831737377032788,0.6413283836326344,0.3138415494372529,held_to_close,-0.21943573667709868
2025-06-17,Tuesday,601.75,596.76,597.55,4.990000000000009,2.57000000000005,4.830000000000041,602.71,5.9500000000000455,6.7096850000000074,6.142190000000005,0.7437010828377194,0.8124138133141445,0.38302841340540533,0.719854955933108,stopped,-1.0
2025-06-18,Wednesday,601.22,596.47,597.46,4.75,3.8600000000000136,4.529999999999973,597.55,4.75,6.6346850000000135,6.019190000000009,0.7159345168610101,0.7891427251839521,0.581790996859686,0.6827754445011276,stopped,-1.0
2025-06-20,Friday,599.46,592.86,594.23,6.600000000000023,5.960000000000036,3.1100000000000136,597.46,6.600000000000023,6.605185000000011,6.034190000000012,0.9992150106318008,1.0937673490559643,0.902321433843265,0.4708422247068036,held_to_close,1.2739130434782013
2025-06-23,Monday,600.54,591.89,600.13,8.649999999999977,4.689999999999941,8.649999999999977,594.23,8.649999999999977,6.3846850000000135,5.826190000000014,1.3548045048424409,1.4846752337290676,0.7345703037816166,1.3548045048424409,stopped,-1.0
2025-06-24,Tuesday,607.8499,603.41,606.77,4.43990000000008,2.7549999999999955,2.194900000000075,600.13,7.719900000000052,6.55643500000001,5.997940000000011,0.6771820356642098,0.740237481535339,0.42019786667602,0.33477034394454785,stopped,-1.0
2025-06-25,Wednesday,608.61,605.54,607.08,3.07000000000005,2.1299999999999955,1.830000000000041,606.77,3.07000000000005,6.570930000000016,5.909430000000015,0.46720936001449453,0.5195086497344147,0.32415502828366616,0.2784993904972411,held_to_close,0.318965517241392
2025-06-26,Thursday,612.31,608.37,611.89,3.939999999999941,2.4950000000000045,1.849999999999909,607.08,5.2299999999999045,6.080430000000018,5.418930000000017,0.6479804882220384,0.7270808074656673,0.4103328218563485,0.3042547977692208,held_to_close,2.4509803921569064
2025-06-27,Friday,616.39,610.83,614.86,5.559999999999945,3.3999999999999773,5.559999999999945,611.89,5.559999999999945,6.0527400000000116,5.3267400000000125,0.9185922408694137,1.0437903858645123,0.5617290681575569,0.9185922408694137,stopped,-1.0
2025-06-30,Monday,619.22,615.04,617.88,4.180000000000064,1.802000000000021,4.180000000000064,614.86,4.360000000000014,5.974240000000009,5.24824000000001,0.6996705857146779,0.7964574790787113,0.30162832427221176,0.6996705857146779,stopped,-1.0
2025-07-01,Tuesday,618.83,615.52,617.56,3.310000000000059,2.5450000000000728,2.1299999999999955,617.88,3.310000000000059,5.797495000000009,5.062495000000013,0.5709362405659778,0.6538278062496953,0.43898269856206323,0.3674000581285524,stopped,-1.0
2025-07-02,Wednesday,620.49,616.61,620.39,3.8799999999999955,2.8450000000000273,1.6299999999999955,617.56,3.8799999999999955,5.576495000000011,4.841495000000014,0.6957775448556822,0.801405351033097,0.5101770915243395,0.2922982984831856,held_to_close,2.66990291262143
2025-07-03,Thursday,626.28,622.43,625.13,3.8500000000000227,3.650000000000091,1.7799999999999727,620.39,5.889999999999986,5.50899500000001,4.7739950000000135,0.698857051059225,0.8064524575329493,0.6625527886665507,0.32310793529490756,held_to_close,0.27659574468086706
2025-07-07,Monday,624.03,617.87,620.78,6.159999999999968,2.8500000000000227,4.419999999999959,625.13,7.259999999999991,5.680495000000008,4.843495000000013,1.0844125379918406,1.2718088900680091,0.50171683981766,0.7781012042084278,held_to_close,1.826086956521795
2025-07-08,Tuesday,622.11,619.52,620.31,2.590000000000032,2.144999999999982,2.269999999999982,620.78,2.590000000000032,5.6459950000000045,4.753995000000009,0.4587322517997323,0.5448049482593118,0.37991532050594806,0.4020549079480198,stopped,-1.0
2025-07-09,Wednesday,624.72,620.9105,624.03,3.809500000000071,3.809500000000071,2.660000000000082,620.31,4.410000000000082,5.384495000000004,4.68499500000001,0.7074943889817092,0.813127868866469,0.7074943889817092,0.49401104467551366,held_to_close,-0.6666666666666483
2025-07-10,Thursday,626.8701,623.01,625.84,3.8600999999999885,2.7749999999999773,1.8451000000000022,624.03,3.8600999999999885,5.466995000000009,4.737470000000013,0.7060734461985025,0.8148019934690832,0.5075914647809213,0.3374980222224456,stopped,-1.0
2025-07-11,Friday,624.86,621.53,623.61,3.330000000000041,3.1100000000000136,1.7300000000000182,625.84,4.310000000000059,5.441000000000008,4.7114750000000125,0.6120198492924162,0.7067850301657193,0.5715861054953151,0.3179562580408042,held_to_close,0.04522613065328212
2025-07-14,Monday,625.1581,621.7999,624.74,3.3582000000000107,2.5901000000000067,1.528099999999995,623.61,3.3582000000000107,5.367000000000013,4.588475000000017,0.6257126886528791,0.7318771487258835,0.48259735420160244,0.28472144587292547,held_to_close,0.7710378892837353
2025-07-15,Tuesday,627.86,622.075,622.12,5.784999999999968,4.060000000000059,2.9149999999999636,624.74,5.784999999999968,5.324910000000012,4.546385000000015,1.0864033382723757,1.2724395316278645,0.7624542011038778,0.547427092664469,held_to_close,1.5230769230769523
2025-07-16,Wednesday,624.73,618.05,624.18,6.680000000000064,6.07000000000005,3.6900000000000546,622.12,6.680000000000064,5.202160000000009,4.517135000000013,1.2840819967090693,1.4788134514465572,1.1668230119796468,0.7093207436910914,stopped,-1.0
2025-07-17,Thursday,628.4048,624.18,627.98,4.224800000000073,3.090000000000032,1.8798000000000457,624.18,4.224800000000073,5.161160000000012,4.639635000000015,0.8185756690356554,0.910588871753933,0.5987026172410901,0.3642204465662838,held_to_close,0.8829592190674698
2025-07-18,Friday,629.47,626.46,627.58,3.009999999999991,2.560000000000059,1.6999999999999318,627.98,3.009999999999991,5.074900000000014,4.601375000000019,0.593115135273598,0.654152291434621,0.5044434373091198,0.3349819700880662,held_to_close,0.834951456310715
2025-07-21,Monday,631.54,628.34,628.76,3.199999999999932,2.8700000000000045,3.17999999999995,627.58,3.9599999999999227,4.987900000000013,4.514375000000018,0.6415525571883806,0.7088467395818733,0.575392449728342,0.6375428537059568,stopped,-1.0
2025-07-22,Tuesday,629.73,626.19,628.83,3.5399999999999636,3.0,2.6900000000000546,628.76,3.5399999999999636,4.855900000000008,4.344375000000014,0.7290100702238427,0.8148467846352934,0.6178051442575001,0.553965279350903,held_to_close,-0.12000000000000455
2025-07-23,Wednesday,634.16,629.73,634.16,4.42999999999995,3.0599999999999454,2.8104999999999336,628.83,5.329999999999927,4.600400000000008,4.088875000000013,0.9629597426310631,1.0834275931643633,0.6651595513433485,0.610925136944598,stopped,-1.0
2025-07-24,Thursday,636.15,633.99,634.43,2.159999999999968,1.8999999999999773,1.8999999999999773,634.16,2.159999999999968,4.480905000000002,4.088380000000006,0.48204547965198263,0.5283266232590819,0.42402148673091183,0.42402148673091183,held_to_close,-0.6857142857143228
2025-07-25,Friday,637.5799,634.84,637.03,2.7398999999999205,1.2899999999999636,1.7898999999999887,634.43,3.1499000000000024,4.435404999999998,4.042880000000002,0.6177338935226708,0.6777099493430225,0.2908415353276565,0.4035482667309952,held_to_close,1.8815789473683777
2025-07-28,Monday,638.04,635.54,636.92,2.5,1.7099999999999227,2.1100000000000136,637.03,2.5,4.331400000000002,3.9828750000000013,0.5771805882624552,0.6276872861940179,0.39479152237150156,0.4871404164935154,stopped,-1.0
2025-07-29,Tuesday,638.67,634.335,635.24,4.334999999999923,3.9799999999999045,2.224999999999909,636.92,4.334999999999923,4.178400000000005,3.829875000000004,1.0374784606547762,1.13189072750414,0.9525177101282547,0.5325004786520932,held_to_close,1.3986013986014476
2025-07-30,Wednesday,637.68,631.54,634.49,6.139999999999986,1.82000000000005,6.139999999999986,635.24,6.139999999999986,4.17715,3.837624999999997,1.469901727254225,1.5999478844337296,0.4357037693164119,1.469901727254225,stopped,-1.0
2025-07-31,Thursday,639.85,630.765,631.97,9.085000000000036,4.790000000000077,7.544999999999959,634.49,9.085000000000036,4.318649999999996,3.9791249999999936,2.103666655088985,2.2831652687462825,1.1091429034536444,1.747073738320995,held_to_close,2.6481481481482
2025-08-01,Friday,626.34,619.29,621.71,7.050000000000068,6.690000000000055,5.675000000000068,631.97,12.680000000000064,4.578899999999999,4.2393749999999955,1.5396711000458778,1.6629809818664487,1.4610495970648094,1.2393806372709755,held_to_close,-0.11641221374046042
2025-08-04,Monday,631.215,625.58,631.09,5.634999999999991,4.469999999999914,1.8250000000000455,621.71,9.504999999999995,4.918400000000003,4.399374999999997,1.145697787898501,1.280863759056683,0.9088321405334887,0.3710556278464632,held_to_close,0.5199999999999975
2025-08-05,Tuesday,632.6052,627.04,628.0,5.565200000000004,5.565200000000004,2.5200000000000955,631.09,5.565200000000004,5.030650000000003,4.373124999999999,1.1062586345700856,1.2725911104759196,1.1062586345700856,0.5009293033703585,held_to_close,2.324574068726657
2025-08-06,Wednesday,633.44,628.13,632.67,5.310000000000059,4.780399999999986,1.5900000000000318,628.0,5.440000000000055,5.179410000000002,4.5218849999999975,1.0252132964951717,1.174289040964125,0.922962267903098,0.30698477239686206,stopped,-1.0
2025-08-07,Thursday,636.98,629.11,632.3,7.8700000000000045,5.6299999999999955,3.5,632.67,7.8700000000000045,5.23091,4.596909999999997,1.5045183342860047,1.7120195957719446,1.0762945644256918,0.6690996404067362,held_to_close,1.785548479257161
2025-08-08,Friday,637.645,633.74,637.14,3.9049999999999727,3.2999999999999545,1.5950000000000273,632.3,5.345000000000027,5.431405000000001,4.797404999999998,0.7189668235014646,0.8139817255370299,0.6075775973251772,0.2936625053738447,held_to_close,0.5740740740740867
2025-08-11,Monday,638.95,634.66,635.83,4.290000000000077,1.4400000000000546,4.290000000000077,637.14,4.290000000000077,5.483154999999999,4.826154999999995,0.7823962663831459,0.888906386139708,0.2626225229817605,0.7823962663831459,stopped,-1.0
2025-08-12,Tuesday,642.85,636.79,642.64,6.060000000000059,4.480000000000018,1.990000000000009,635.83,7.019999999999982,5.529745000000003,4.872744999999997,1.0958914018639296,1.2436521919370012,0.8101639406518775,0.35987192899491893,stopped,-1.0
2025-08-13,Wednesday,646.19,642.68,644.88,3.5100000000001046,3.1200000000000045,2.4200000000000728,642.64,3.550000000000068,5.591495000000004,4.886495000000002,0.6277390930332768,0.7183062706500474,0.5579903049184525,0.4328001724047095,held_to_close,-0.2294117647058682
2025-08-14,Thursday,645.62,642.34,644.94,3.2799999999999727,3.2049999999999272,2.955000000000041,644.88,3.2799999999999727,5.434995000000003,4.727995000000004,0.6034964153600824,0.693740158354645,0.5896969546429988,0.5436987522527692,held_to_close,0.3612565445026524
2025-08-15,Friday,646.09,642.5153,643.44,3.574700000000007,3.574700000000007,1.7999999999999545,644.94,3.574700000000007,5.3877549999999985,4.6807549999999996,0.663485997414509,0.7637015823302026,0.663485997414509,0.3340909154183802,held_to_close,0.11814345991560007
2025-08-18,Monday,644.0,642.18,643.27,1.82000000000005,1.634999999999991,1.82000000000005,643.44,1.82000000000005,5.415989999999999,4.70899,0.336041979398051,0.38649476851725106,0.30188386610757983,0.336041979398051,stopped,-1.0
2025-08-19,Tuesday,644.105,638.48,639.77,5.625,3.634999999999991,2.6200000000000045,643.27,5.625,5.308990000000006,4.639990000000006,1.0595235628622381,1.2122870954463247,0.6846876712896401,0.4935025306131678,stopped,-1.0
2025-08-20,Wednesday,639.66,632.95,638.07,6.709999999999923,6.709999999999923,3.9849999999999,639.77,6.819999999999936,5.413240000000007,4.744240000000008,1.2395533913146126,1.4143466603712949,1.2395533913146126,0.7361580125765521,held_to_close,-0.661702127659587
2025-08-21,Thursday,637.97,633.81,635.58,4.160000000000082,3.660000000000082,2.7100000000000364,638.07,4.260000000000105,5.487740000000008,4.8582400000000066,0.7580534063202842,0.8562771703333051,0.6669412180606364,0.4938280603672974,stopped,-1.0
2025-08-22,Friday,646.5,637.25,645.27,9.25,9.25,2.105000000000018,635.58,10.919999999999959,5.592740000000015,4.958240000000012,1.6539299162843213,1.8655813353125257,1.6539299162843213,0.3763808079760569,held_to_close,2.246963562752993
2025-08-25,Monday,645.29,642.35,642.47,2.939999999999941,1.6550000000000864,2.939999999999941,645.27,2.939999999999941,5.981245000000013,5.283745000000016,0.49153646105450194,0.5564235215741736,0.27669824593376174,0.49153646105450194,stopped,-1.0
2025-08-26,Tuesday,645.51,641.57,645.13,3.939999999999941,1.6999999999999318,3.0750000000000455,642.47,3.939999999999941,6.0032450000000095,5.305745000000013,0.6563117114160649,0.7425912854839294,0.28318018005260975,0.5122229727422487,held_to_close,1.7814673021329412
2025-08-27,Wednesday,647.37,644.42,646.62,2.9500000000000455,2.2700000000000955,1.990000000000009,645.13,2.9500000000000455,5.98349500000001,5.285995000000014,0.4930228904678688,0.558078469616418,0.37937693605494643,0.3325815430613723,held_to_close,0.9819819819819986
2025-08-28,Thursday,649.48,645.34,648.89,4.139999999999986,2.75,2.5399999999999636,646.62,4.139999999999986,5.823995000000013,5.126495000000017,0.7108522586300258,0.807569304173704,0.47218447131221675,0.4361267480483685,held_to_close,0.29090909090907435
2025-08-29,Friday,647.84,643.14,645.04,4.7000000000000455,4.7000000000000455,1.67999999999995,648.89,5.75,5.576745000000011,4.879245000000014,0.842785531703536,0.9632637836386637,0.842785531703536,0.30125099856635845,held_to_close,0.12000000000002728
2025-09-02,Tuesday,640.49,634.92,640.31,5.57000000000005,5.220000000000027,5.4599000000000615,645.04,10.120000000000005,5.230245000000008,4.761745000000014,1.0649596720612593,1.1697392447516686,0.9980412007468138,1.0439090329420617,stopped,-1.0
2025-09-03,Wednesday,644.21,640.46,643.64,3.75,2.6200000000000045,3.269999999999982,640.31,3.900000000000091,5.260995000000008,4.758495000000016,0.7127929222513981,0.7880642934373131,0.49800465501297764,0.6215554282032156,stopped,-1.0
2025-09-04,Thursday,649.15,643.51,648.99,5.639999999999986,3.080000000000041,3.340000000000032,643.64,5.639999999999986,5.177735000000013,4.667735000000016,1.0892793856773226,1.2082948153654753,0.5948546999798239,0.6450697071209754,stopped,-1.0
2025-09-05,Friday,652.21,643.33,647.21,8.879999999999995,8.879999999999995,2.7999999999999545,648.99,8.879999999999995,5.187735000000009,4.684235000000013,1.7117296854985808,1.8957204324718917,1.7117296854985808,0.539734585517562,held_to_close,1.9940119760477737
2025-09-08,Monday,649.84,647.23,648.8,2.6100000000000136,2.090000000000032,2.169999999999959,647.21,2.6299999999999955,5.238235000000008,4.734735000000012,0.49825943280513557,0.5512452122452486,0.39898935423859916,0.41426167401805297,stopped,-1.0
2025-09-09,Tuesday,650.86,647.22,650.33,3.6399999999999864,2.509999999999991,2.6900000000000546,648.8,3.6399999999999864,5.102485000000007,4.669985000000014,0.7133778933206039,0.7794457583910817,0.491917173690856,0.5271941024814479,ambiguous_both_sides_same_bar,
2025-09-10,Wednesday,654.55,650.63,652.225,3.919999999999959,2.209899999999948,2.830000000000041,650.33,4.219999999999914,5.069985000000003,4.63748500000001,0.7731778299146757,0.8452857529458211,0.4358790016143927,0.5581870557802517,stopped,-1.0
2025-09-11,Thursday,658.33,653.59,657.61,4.740000000000009,4.209999999999923,1.4750000000000227,652.225,6.105000000000018,4.929984999999999,4.530485000000004,0.9614633715924105,1.0462456006365775,0.8539579735029464,0.29918955128667185,held_to_close,0.9705882352941438
2025-09-12,Friday,659.11,656.9,657.42,2.2100000000000364,1.3350000000000364,2.2100000000000364,657.61,2.2100000000000364,5.0577349999999965,4.591984999999999,0.43695448654388536,0.4812733491072024,0.26395214458646754,0.43695448654388536,stopped,-1.0
2025-09-15,Monday,661.04,659.34,660.85,1.6999999999999318,1.5649999999999409,1.5699999999999363,657.42,3.6200000000000045,5.0042349999999995,4.538485000000003,0.3397122637126218,0.37457433482757585,0.31273511335897314,0.3137342670757741,stopped,-1.0
2025-09-16,Tuesday,661.78,659.21,659.93,2.5699999999999363,2.5699999999999363,1.259999999999991,660.85,2.5699999999999363,5.0065,4.444749999999999,0.5133326675321954,0.5782102480454326,0.5133326675321954,0.25167282532707297,held_to_close,0.05714285714287014
2025-09-17,Wednesday,661.72,654.3,659.18,7.420000000000073,1.7899999999999636,7.420000000000073,659.93,7.420000000000073,5.043999999999994,4.482249999999993,1.471054718477415,1.6554185955714393,0.3548770816811986,1.471054718477415,stopped,-1.0
2025-09-18,Thursday,664.89,660.27,662.28,4.6200000000000045,4.6200000000000045,2.2749999999999773,659.18,5.710000000000036,5.133749999999997,4.571999999999997,0.8999269539810094,1.0104986876640436,0.8999269539810094,0.4431458485512498,held_to_close,-0.07373271889404447
2025-09-19,Friday,664.55,660.37,663.64,4.17999999999995,2.330000000000041,2.9799999999999045,662.28,4.17999999999995,5.078250000000002,4.467500000000001,0.8231182001673703,0.9356463346390484,0.45881947521292565,0.5868163245212235,stopped,-1.0
2025-09-22,Monday,667.29,662.17,666.76,5.1200000000000045,3.150000000000091,2.730000000000018,663.64,5.1200000000000045,5.074249999999995,4.468499999999994,1.009016110755286,1.1457983663421754,0.6207813962654765,0.5380105434300677,held_to_close,2.290322580644959
2025-09-23,Tuesday,667.34,661.98,663.23,5.360000000000014,1.8500000000000227,3.8600000000000136,666.76,5.360000000000014,4.7842499999999974,4.261999999999995,1.120342791451119,1.2576255279211683,0.3866854783926475,0.8068140251868142,held_to_close,4.337662337662482
2025-09-24,Wednesday,664.61,659.67,661.04,4.940000000000055,4.350000000000023,2.1299999999999955,663.23,4.940000000000055,4.9052500000000006,4.382999999999998,1.0070842464706293,1.1270819073693945,0.8868049538759538,0.4342286325875328,held_to_close,0.6301369863013521
2025-09-25,Thursday,659.4056,654.405,657.95,5.000600000000077,4.3256000000000085,4.830000000000041,661.04,6.634999999999991,4.955250000000007,4.433000000000004,1.009151909590852,1.1280397022332669,0.8729327480954548,0.9747237778114191,stopped,-1.0
2025-09-26,Friday,662.37,657.88,661.75,4.490000000000009,4.490000000000009,3.6399999999999864,657.95,4.490000000000009,5.1395000000000035,4.535530000000006,0.8736258390894067,0.9899614818995802,0.8736258390894067,0.7082401011771542,stopped,-1.0
2025-09-29,Monday,665.28,661.86,663.61,3.419999999999959,2.439999999999941,1.9399999999999409,661.75,3.5299999999999727,5.157000000000005,4.553030000000007,0.6631762652704974,0.7511481365156728,0.4731433003684193,0.3761877060306261,stopped,-1.0
2025-09-30,Tuesday,666.65,661.61,666.11,5.039999999999964,2.019999999999982,4.8700000000000045,663.61,5.039999999999964,5.046000000000004,4.489030000000002,0.9988109393578993,1.1227369832680916,0.4003170828378875,0.9651208878319463,stopped,-1.0
2025-10-01,Wednesday,669.37,663.06,668.51,6.310000000000059,4.1200000000000045,2.9400000000000546,666.11,6.310000000000059,4.792000000000002,4.462529999999998,1.3167779632721321,1.4139960963848,0.8597662771285483,0.6135225375626155,held_to_close,1.3390557939913947
2025-10-02,Thursday,670.565,666.78,669.17,3.785000000000082,3.785000000000082,2.1800000000000637,668.51,3.785000000000082,4.9125,4.590530000000001,0.7704834605598132,0.8245235299627888,0.7704834605598132,0.44376590330790106,held_to_close,-0.23140495867765645
2025-10-03,Friday,672.675,668.16,669.18,4.514999999999986,2.685000000000059,4.514999999999986,669.17,4.514999999999986,4.819750000000004,4.497780000000006,0.936770579386894,1.0038285554206698,0.5570828362467051,0.936770579386894,stopped,-1.0
2025-10-06,Monday,672.51,669.455,671.59,3.05499999999995,2.4699999999999136,1.2182999999999993,669.18,3.330000000000041,4.601500000000004,4.279530000000006,0.6639139411061495,0.7138634382747512,0.536781484298579,0.26476149081821104,stopped,-1.0
2025-10-07,Tuesday,672.99,667.67,669.13,5.32000000000005,5.32000000000005,1.8700000000000045,671.59,5.32000000000005,4.636500000000007,4.301780000000003,1.1474172328264947,1.2366973671364057,1.1474172328264947,0.40332147093712967,held_to_close,3.195652173913245
2025-10-08,Wednesday,673.2056,669.42,673.07,3.785600000000045,3.5400000000000773,1.0556000000000267,669.13,4.0756000000000085,4.72050000000001,4.385780000000006,0.8019489460862275,0.8631531905385222,0.7499205592628048,0.22362037919712413,held_to_close,2.1196581196580033
2025-10-09,Thursday,673.94,669.21,671.17,4.730000000000018,3.9700000000000273,2.3700000000000045,673.07,4.730000000000018,4.713280000000014,4.37906000000001,1.003547423450337,1.0801404867711353,0.8423009029805179,0.5028345440966795,held_to_close,0.16877637130805492
2025-10-10,Friday,673.95,652.84,653.11,21.110000000000014,14.480000000000018,9.915599999999927,671.17,21.110000000000014,4.644530000000015,4.37856000000001,4.54513158489663,4.8212197617481465,3.117645918962731,2.1348984719659243,held_to_close,9.067632850241319
2025-10-13,Monday,665.13,659.7679,663.05,5.362099999999941,3.462099999999964,3.4500000000000455,653.11,12.019999999999982,5.589530000000013,5.323560000000009,0.9593114268999233,1.0072395164138155,0.6193901812853596,0.6172254196685656,stopped,-1.0
2025-10-14,Tuesday,665.83,653.17,662.2,12.660000000000082,9.910000000000082,5.550000000000068,663.05,12.660000000000082,6.009530000000012,5.50666500000001,2.106653931339066,2.2990321728305716,1.649047429665891,0.9235331215586006,held_to_close,1.1297169811320913
2025-10-15,Wednesday,670.23,658.93,665.08,11.300000000000068,6.315000000000055,7.5282000000000835,662.2,11.300000000000068,6.5140300000000195,6.011165000000017,1.7347172180662407,1.8798352731958008,0.9694459497423309,1.1556901027474638,stopped,-1.0
2025-10-16,Thursday,668.71,657.11,660.65,11.600000000000023,4.780000000000086,8.039999999999964,665.08,11.600000000000023,6.7080300000000195,6.205165000000017,1.7292707396955573,1.869410402463108,0.7125788048055945,1.1985635126855336,stopped,-1.0
2025-10-17,Friday,665.755,658.14,664.32,7.615000000000009,5.5750000000000455,5.205000000000041,660.65,7.615000000000009,7.002530000000019,6.554165000000017,1.0874641022601814,1.1618566209425594,0.7961408233881226,0.7433027777103457,stopped,-1.0
2025-10-20,Monday,672.21,667.27,671.27,4.940000000000055,4.190000000000055,2.0,664.32,7.889999999999986,7.174280000000022,6.72591500000002,0.6885708391643537,0.7344725587522352,0.5840307320037749,0.27877361909487697,held_to_close,0.8306636155605912
2025-10-21,Tuesday,672.99,669.981,671.27,3.0090000000000146,2.7503000000000384,2.230000000000018,671.27,3.0090000000000146,7.3127800000000205,6.716915000000023,0.4114714240001759,0.44797351164932175,0.3760950008068109,0.3049455884082404,stopped,-1.0
2025-10-22,Wednesday,672.01,663.3,667.79,8.710000000000036,4.6200000000000045,5.900000000000091,671.27,8.710000000000036,7.195230000000021,6.599365000000023,1.2105241945010807,1.3198239527590923,0.6420920526515471,0.8199876862866196,held_to_close,1.7051282051283172
2025-10-23,Thursday,672.7101,667.8,671.63,4.910100000000057,2.9400000000000546,2.570100000000025,667.79,4.920100000000048,7.3837300000000194,6.787865000000022,0.6649891044228383,0.723364415762547,0.3981727392523896,0.3480761078750196,held_to_close,0.3027210884353639
2025-10-24,Friday,678.47,675.65,677.12,2.82000000000005,2.769999999999982,1.705000000000041,671.63,6.840000000000032,7.297985000000023,6.783340000000021,0.38640802906556276,0.4157244071504659,0.3795568228764478,0.23362613104850663,held_to_close,-0.3130841121495156
2025-10-27,Monday,685.54,682.115,685.18,3.4249999999999545,1.4950000000000045,2.3700000000000045,677.12,8.419999999999959,7.415485000000023,6.699840000000023,0.4618713408495795,0.5112062377608932,0.2016051546190168,0.3196014825732905,held_to_close,1.7488789237667408
2025-10-28,Tuesday,688.905,684.83,686.98,4.074999999999932,2.394999999999982,3.324999999999932,685.18,4.074999999999932,7.659985000000023,6.7000900000000225,0.5319853759504646,0.6082007853625725,0.312663797644509,0.43407395706387436,stopped,-1.0
2025-10-29,Wednesday,689.7,682.87,687.3,6.830000000000041,1.8900000000001,6.07000000000005,686.98,6.830000000000041,7.611735000000022,6.651840000000021,0.8972987104779687,1.0267835666522374,0.24830081446609673,0.7974528803222961,stopped,-1.0
2025-10-30,Thursday,685.94,679.86,679.95,6.080000000000041,4.550000000000068,5.289999999999964,687.3,7.439999999999941,7.637735000000021,6.67784000000002,0.7960475193234675,0.9104740454997458,0.5957263508095078,0.6926137133587312,stopped,-1.0
2025-10-31,Friday,685.08,679.24,681.99,5.840000000000032,2.980000000000018,5.559999999999945,679.95,5.840000000000032,7.820485000000014,6.792590000000018,0.7467567548559996,0.859760415393836,0.3810505358683014,0.7109533488012489,held_to_close,0.39503386004514107
2025-11-03,Monday,685.8,679.94,683.35,5.8599999999999,5.8599999999999,1.800100000000043,681.99,5.8599999999999,7.886735000000016,6.85884000000002,0.7430197667348895,0.8543718762939335,0.7430197667348895,0.22824400718422003,held_to_close,-0.32413793103450156
2025-11-04,Tuesday,679.96,674.58,675.35,5.3799999999999955,5.290000000000077,3.625,683.35,8.769999999999982,8.013235000000009,6.9990900000000185,0.6713892703758207,0.7686713558476861,0.6601578513546741,0.4523765994632625,stopped,-1.0
2025-11-05,Wednesday,680.86,674.17,677.51,6.690000000000055,5.580000000000041,3.4600000000000364,675.35,6.690000000000055,8.185735000000005,7.002090000000015,0.8172754187620355,0.9554290219063223,0.6816736676669887,0.42268653944942447,held_to_close,-0.02623906705540238
2025-11-06,Thursday,677.38,668.72,670.27,8.659999999999968,8.370000000000005,4.980000000000018,677.51,8.789999999999964,8.316455000000008,7.147310000000016,1.041309067385077,1.211644660718501,1.0064384404172206,0.5988128355170579,held_to_close,1.1610942249240401
2025-11-07,Friday,671.08,661.205,670.94,9.875,6.649999999999977,9.875,670.27,9.875,8.519455000000004,7.343810000000014,1.159111703741612,1.3446698648249318,0.7805663625196652,1.159111703741612,stopped,-1.0
2025-11-10,Monday,682.18,675.03,681.33,7.149999999999977,4.190000000000055,5.7299999999999045,670.94,11.239999999999895,7.957705000000004,6.782060000000013,0.8985002585544417,1.0542519529464445,0.526533717950094,0.7200568505618016,stopped,-1.0
2025-11-11,Tuesday,683.57,678.73,682.9,4.840000000000032,2.115000000000009,3.8799999999999955,681.33,4.840000000000032,7.918705,6.871455000000014,0.6112110502916868,0.7043631952766949,0.2670891263154782,0.4899791064321749,stopped,-1.0
2025-11-12,Wednesday,684.96,680.945,683.33,4.014999999999986,4.014999999999986,2.6099000000000387,682.9,4.014999999999986,7.527704999999997,6.480455000000012,0.5333630900785814,0.6195552627091738,0.5333630900785814,0.3467059349429925,held_to_close,-0.1141304347826265
2025-11-13,Thursday,680.86,670.52,672.06,10.340000000000032,6.639999999999986,5.980000000000018,683.33,12.81000000000006,7.163454999999994,6.116205000000008,1.443437559110798,1.6905908157100715,0.9269270205508364,0.8347927082671732,stopped,-1.0
2025-11-14,Friday,675.66,663.265,671.95,12.394999999999982,11.754999999999995,4.490000000000009,672.06,12.394999999999982,7.223954999999995,6.053205000000008,1.7158191046317413,2.0476755702144507,1.627224975792347,0.6215431851388903,held_to_close,0.556451612903225
2025-11-17,Monday,673.71,662.17,665.69,11.540000000000077,5.940000000000055,10.830000000000041,671.95,11.540000000000077,7.462954999999994,6.292205000000007,1.5463043794314835,1.8340152617405288,0.7959313703486165,1.451167801494187,held_to_close,0.6743215031314932
2025-11-18,Tuesday,665.12,655.86,660.14,9.259999999999991,8.399999999999977,7.210000000000036,665.69,9.830000000000041,7.645454999999998,6.622205000000008,1.21117709802752,1.3983257842365162,1.0986919679731264,0.9430439391769408,stopped,-1.0
2025-11-19,Wednesday,667.34,658.745,662.65,8.595000000000027,7.230000000000018,6.014999999999986,660.14,8.595000000000027,7.986504999999999,6.934755000000007,1.0761903986787749,1.2394093230402543,0.9052770892899984,0.753145462251634,stopped,-1.0
2025-11-20,Thursday,675.56,651.89,652.53,23.66999999999996,16.16999999999996,10.490000000000009,662.65,23.66999999999996,7.980754999999999,6.929005000000006,2.9658848066379635,3.416074890983617,2.0261240947754895,1.3144119823249818,stopped,-1.0
2025-11-21,Friday,664.55,650.85,659.06,13.699999999999932,9.845000000000027,7.669999999999959,652.53,13.699999999999932,8.918249999999995,7.867000000000002,1.5361758192470427,1.7414516334053551,1.1039161270428652,0.860034199534658,stopped,-1.0
2025-11-24,Monday,670.06,661.59,668.8,8.469999999999914,6.899699999999939,3.159999999999968,659.06,11.0,9.26124999999999,8.410999999999996,0.9145633688756835,1.0070146237070405,0.7450074234039624,0.3412066405722739,held_to_close,0.8299492385786881
2025-11-25,Tuesday,676.21,664.48,675.01,11.730000000000018,7.460000000000036,4.519999999999982,668.8,11.730000000000018,9.390249999999991,8.663249999999994,1.2491680200207693,1.3539953250800827,0.7944410425707562,0.4813503367854941,held_to_close,0.9145454545454496
2025-11-26,Wednesday,681.7,676.72,679.63,4.980000000000018,4.970000000000027,2.1100000000000136,675.01,6.690000000000055,9.772999999999996,9.045999999999998,0.5095671748695406,0.5505195666592991,0.5085439476107674,0.21590095160135214,stopped,-1.0
2025-11-28,Friday,683.96,673.715,683.68,10.245000000000005,2.4400000000000546,10.245000000000005,679.63,10.245000000000005,9.765999999999996,8.953499999999996,1.0490477165676846,1.1442452672139396,0.2498464058980192,1.0490477165676846,stopped,-1.0
2025-12-01,Monday,682.99,678.74,680.27,4.25,3.7000000000000455,3.615000000000009,683.68,4.939999999999941,9.90625,9.161749999999994,0.42902208201892744,0.46388517477556174,0.37350157728707084,0.3649211356466886,held_to_close,-0.5096153846153941
2025-12-02,Tuesday,683.82,679.3275,681.48,4.492500000000064,4.492500000000064,2.9500000000000455,680.27,4.492500000000064,9.861249999999995,9.082249999999993,0.45557104829510114,0.49464615045831895,0.45557104829510114,0.2991507161871007,stopped,-1.0
2025-12-03,Wednesday,684.91,679.69,683.81,5.219999999999914,3.8599999999999,2.8099999999999454,681.48,5.219999999999914,9.792875000000004,9.013875000000002,0.5330406034999846,0.5791072097183412,0.39416412442718796,0.2869433133783434,held_to_close,1.2762430939226603
2025-12-04,Thursday,685.37,681.34,684.4,4.029999999999973,3.2000000000000455,3.42999999999995,683.81,4.029999999999973,9.615375,9.005874999999998,0.41912041912041625,0.4474856690771273,0.3328003328003375,0.3567203567203515,held_to_close,-0.6297709923664024
2025-12-05,Friday,688.39,684.58,685.65,3.8099999999999454,3.3700000000000045,2.3899999999999864,684.4,3.990000000000009,9.482374999999996,8.872874999999993,0.40179807274020984,0.4293985883943985,0.355396195573367,0.2520465600653831,stopped,-1.0
2025-12-08,Monday,686.64,681.57,683.63,5.069999999999936,3.730000000000018,2.8299999999999272,685.65,5.069999999999936,9.242375,8.630374999999992,0.548560299706508,0.5874599887026857,0.40357592069138276,0.30619835269613355,held_to_close,0.8132530120482221
2025-12-09,Tuesday,685.385,682.59,683.05,2.794999999999959,2.564999999999941,2.75,683.63,2.794999999999959,9.002124999999996,8.390124999999989,0.3104822472471733,0.3331297209517096,0.28493272421788657,0.30548342752405694,stopped,-1.0
2025-12-10,Wednesday,688.97,681.31,687.46,7.660000000000082,2.560000000000059,6.524999999999977,683.05,7.660000000000082,8.579874999999998,8.172374999999988,0.8927868995760525,0.9373040272870607,0.2983726452891283,0.7605005900435587,held_to_close,2.0445544554454456
2025-12-11,Thursday,689.25,682.165,689.145,7.085000000000036,4.805000000000064,3.855000000000018,687.46,7.085000000000036,8.720875000000001,8.31337499999999,0.8124184786503689,0.8522411174763613,0.5509768228532186,0.4420427996043995,stopped,-1.0
2025-12-12,Friday,688.88,679.1744,681.72,9.705600000000004,9.705600000000004,4.269999999999982,689.145,9.97059999999999,8.874375000000004,8.466874999999993,1.093665751109233,1.1463025023990565,1.093665751109233,0.48116064511585094,held_to_close,3.187134502923869
2025-12-15,Monday,685.76,679.25,680.7,6.509999999999991,6.509999999999991,2.3600000000000136,681.72,6.509999999999991,8.732405,8.435154999999991,0.7454990921744915,0.7717700504614317,0.7454990921744915,0.2702577354119528,held_to_close,0.46242774566470873
2025-12-16,Tuesday,681.08,674.98,678.86,6.100000000000023,4.639999999999986,5.579999999999927,680.7,6.100000000000023,8.438155,8.140904999999993,0.7229068439724113,0.7493024424188746,0.549883238693765,0.6612819982567193,stopped,-1.0
2025-12-17,Wednesday,680.435,671.195,671.3,9.239999999999895,7.364999999999895,3.875,678.86,9.239999999999895,8.166154999999998,7.868904999999989,1.1314994633337105,1.1742421594872359,0.9018932410663154,0.4745195260192834,held_to_close,2.2222222222223067
2025-12-18,Thursday,680.74,674.9,676.48,5.840000000000032,5.0499999999999545,4.800000000000068,671.3,9.440000000000055,8.13665499999999,7.867904999999984,0.7177396608311448,0.74225603893286,0.6206481656159639,0.589923008902316,stopped,-1.0
2025-12-19,Friday,681.09,676.47,680.59,4.6200000000000045,4.059999999999945,1.4800000000000182,676.48,4.6200000000000045,8.178904999999991,7.730154999999985,0.5648677909818013,0.5976594259752894,0.4963989678324849,0.1809533183231765,held_to_close,0.19767441860467308
2025-12-22,Monday,685.36,682.68,684.79,2.6800000000000637,2.2950000000000728,1.1549999999999727,680.59,4.769999999999982,7.226404999999994,6.777654999999987,0.37086213684398617,0.39541699894728616,0.31758530002125185,0.15983051046820287,stopped,-1.0
2025-12-23,Tuesday,688.2,683.87,687.91,4.330000000000041,3.1387999999999465,1.5400000000000773,684.79,4.330000000000041,6.779904999999997,6.226654999999994,0.6386520165105621,0.6953974485498305,0.46295633935872965,0.22714182573355793,held_to_close,0.6974789915966266
2025-12-24,Wednesday,690.83,687.8,689.87,3.0300000000000864,2.685000000000059,1.080000000000041,687.91,3.0300000000000864,6.446404999999999,6.019655,0.4700294194981679,0.5033511056696914,0.4165112182681758,0.16753523863301192,held_to_close,1.2258064516128047
2025-12-26,Friday,691.66,689.27,690.25,2.3899999999999864,2.009999999999991,1.2300000000000182,689.87,2.3899999999999864,6.011405000000002,5.584655000000003,0.39757760456997754,0.42795839671384983,0.33436442894797314,0.20461106846070393,held_to_close,0.014388489208620148
2025-12-29,Monday,689.2,686.07,687.84,3.1299999999999955,2.509999999999991,2.5499999999999545,690.25,4.17999999999995,5.796404999999998,5.455155000000002,0.5399898730333709,0.5737692146235981,0.4330270227839483,0.43992785183229177,held_to_close,-0.3233830845771046
2025-12-30,Tuesday,688.555,686.58,686.94,1.974999999999909,1.974999999999909,1.240000000000009,687.84,1.974999999999909,5.493154999999996,5.099405000000002,0.3595383709361761,0.38730008697091295,0.3595383709361761,0.2257354835244973,stopped,-1.0
2025-12-31,Wednesday,687.36,681.71,681.84,5.649999999999977,3.1800000000000637,4.529999999999973,686.94,5.649999999999977,5.3449049999999945,4.985654999999997,1.0570814635620247,1.1332512979738831,0.5949591246243042,0.8475361114930906,held_to_close,1.653846153846093
2026-01-02,Friday,686.87,679.82,683.17,7.0499999999999545,6.590000000000032,4.1299999999999955,681.84,7.0499999999999545,5.40277999999999,5.0435299999999925,1.304883782052937,1.3978304877734375,1.2197424288977237,0.7644212794154126,stopped,-1.0
2026-01-05,Monday,689.43,686.375,687.73,3.05499999999995,3.05499999999995,1.9700000000000273,683.17,6.259999999999991,5.494279999999992,5.135029999999995,0.5560328195869075,0.5949332331067108,0.5560328195869075,0.3585547150855126,held_to_close,-0.09966777408636393
2026-01-06,Tuesday,692.315,687.78,691.8,4.535000000000082,3.080000000000041,3.160000000000082,687.73,4.585000000000036,5.605779999999993,5.086279999999993,0.8089864389969081,0.8916143035774845,0.5494329067498269,0.5637038913407386,held_to_close,0.6890756302520964
2026-01-07,Wednesday,693.96,689.32,689.59,4.639999999999986,2.599999999999909,4.639999999999986,691.8,4.639999999999986,5.635529999999994,5.12253,0.8233475822149809,0.9058024062328549,0.461358558999759,0.8233475822149809,stopped,-1.0
2026-01-08,Thursday,690.615,687.49,689.44,3.125,2.5950000000000273,2.3350000000000364,689.59,3.125,5.614029999999997,5.101030000000003,0.5566411294560238,0.6126213725463285,0.4622347939002871,0.4159222519295475,held_to_close,0.07734806629840014
2026-01-09,Friday,695.31,689.18,693.99,6.1299999999999955,4.850000000000023,1.9499999999999318,689.44,6.1299999999999955,5.6305299999999985,5.117530000000005,1.0887074573796778,1.197843490902836,0.8613753945010548,0.34632618954164746,stopped,-1.0
2026-01-12,Monday,696.09,690.63,695.16,5.460000000000036,4.230000000000018,1.990000000000009,693.99,5.460000000000036,5.554029999999995,5.041030000000001,0.9830699510085544,1.0831119830669595,0.7616091378692629,0.3582983887375493,held_to_close,0.38532110091743055
2026-01-13,Tuesday,696.09,691.35,693.75,4.740000000000009,4.0,3.769999999999982,695.16,4.740000000000009,5.472779999999995,4.95978,0.8661046122811467,0.9556875506574907,0.7308899681697426,0.6888637949999791,held_to_close,0.25806451612904013
2026-01-14,Wednesday,691.72,686.04,690.44,5.680000000000064,5.590000000000032,4.600000000000023,693.75,7.710000000000036,5.211249999999995,4.711500000000001,1.0899496282082166,1.2055608617213334,1.0726792995922354,0.8827056848165079,held_to_close,-0.5816993464052458
2026-01-15,Thursday,695.45,691.25,692.18,4.2000000000000455,2.355000000000018,4.2000000000000455,690.44,5.009999999999991,5.2712499999999975,4.670000000000004,0.7967749585013132,0.899357601713071,0.4467631017310921,0.7967749585013132,stopped,-1.0
2026-01-16,Friday,694.25,690.1,691.58,4.149999999999977,4.149999999999977,2.240000000000009,692.18,4.149999999999977,5.216749999999996,4.5750000000000055,0.7955144486509763,0.9071038251366059,0.7955144486509763,0.4293861120429407,held_to_close,0.1508620689654748
2026-01-20,Tuesday,684.77,676.57,677.61,8.199999999999932,3.8600000000000136,7.334999999999923,691.58,15.009999999999991,4.96225,4.32050000000001,1.6524761952743074,1.8979284804999221,0.7778729407023052,1.4781601088215874,stopped,-1.0
2026-01-21,Wednesday,688.735,678.13,685.33,10.605000000000018,6.159999999999968,10.605000000000018,677.61,11.125,5.240749999999997,4.438500000000005,2.023565329389882,2.3893207164582644,1.1754042837380092,2.023565329389882,stopped,-1.0
2026-01-22,Thursday,691.125,686.92,688.93,4.205000000000041,3.75,3.5299999999999727,685.33,5.794999999999959,5.565999999999997,4.7377500000000055,0.755479698167453,0.8875521080681834,0.673733381243263,0.6342076895436534,stopped,-1.0
2026-01-23,Friday,690.96,687.16,689.185,3.800000000000068,3.800000000000068,2.6200000000000045,688.93,3.800000000000068,5.617249999999996,4.8140000000000045,0.6764876051448789,0.789364353967608,0.6764876051448789,0.4664204014419879,held_to_close,0.2272727272727304
2026-01-26,Monday,694.13,689.92,692.71,4.210000000000036,3.480000000000018,1.509999999999991,689.185,4.94500000000005,5.590749999999997,4.787500000000006,0.7530295577516503,0.8793733681462206,0.6224567365738085,0.2700889862719656,held_to_close,0.029520295202966736
2026-01-27,Tuesday,696.53,693.57,695.54,2.9599999999999227,2.9599999999999227,1.490000000000009,692.71,3.8199999999999363,5.686499999999995,4.846500000000003,0.5205310823880991,0.6107500257917922,0.5205310823880991,0.2620240921480718,held_to_close,0.03141361256541698
2026-01-28,Wednesday,697.84,693.94,695.42,3.8999999999999773,3.3450000000000273,2.3449999999999136,695.54,3.8999999999999773,5.757999999999993,4.875,0.6773185133726958,0.7999999999999954,0.5809308787773587,0.40725946509203137,held_to_close,1.5744680851063109
2026-01-29,Thursday,697.06,684.83,693.97,12.229999999999905,12.229999999999905,6.149999999999977,695.42,12.229999999999905,5.743999999999994,4.913499999999999,2.1291782729804867,2.4890607509921456,2.1291782729804867,1.070682451253479,held_to_close,-0.44722719141324446
2026-01-30,Friday,694.21,687.12,691.85,7.090000000000032,3.955000000000041,5.706199999999967,693.97,7.090000000000032,6.256749999999994,5.426249999999999,1.1331761697366904,1.3066113798663963,0.6321173133016413,0.9120070324049983,stopped,-1.0
2026-02-02,Monday,696.93,689.425,695.46,7.5049999999999955,6.435000000000059,1.9196999999999207,691.85,7.5049999999999955,6.328749999999997,5.498250000000001,1.1858581868457436,1.3649797662892726,1.0167884653367667,0.3033300414773726,held_to_close,0.36693091732728794
2026-02-03,Tuesday,696.96,684.03,689.47,12.930000000000064,6.690000000000055,6.710000000000036,695.46,12.930000000000064,6.351499999999999,5.5210000000000035,2.0357395890734575,2.3419670349574453,1.0532944973628364,1.056443359836265,held_to_close,1.069060773480663
2026-02-04,Wednesday,691.45,681.76,686.12,9.690000000000055,7.115000000000009,6.730000000000018,689.47,9.690000000000055,6.685000000000002,6.014750000000009,1.4495138369483995,1.6110395278274308,1.0643231114435312,1.0067314884068834,held_to_close,0.47237569060774426
2026-02-05,Thursday,683.69,675.79,677.45,7.900000000000091,7.900000000000091,6.429499999999962,686.12,10.330000000000041,6.940250000000003,6.272500000000008,1.1382875256655145,1.2594659226783709,1.1382875256655145,0.9264075501602909,held_to_close,0.26315789473683
2026-02-06,Friday,692.31,680.85,690.66,11.459999999999923,7.169999999999959,5.169999999999959,677.45,14.8599999999999,7.224750000000006,6.4355000000000135,1.5862140558496716,1.7807474166731254,0.9924218831101358,0.7155956953527741,held_to_close,0.7332155477031803
2026-02-09,Monday,695.87,688.34,693.92,7.529999999999973,7.25,2.32000000000005,690.66,7.529999999999973,7.8115000000000006,6.8522500000000095,0.9639633873135726,1.09890911744317,0.9281187992062984,0.29699801574602186,held_to_close,0.6934749620637319
2026-02-10,Tuesday,696.54,691.66,692.11,4.8799999999999955,3.0849999999999227,4.139999999999986,693.92,4.8799999999999955,7.8815,6.922250000000008,0.6191714775106256,0.7049730940084495,0.3914229524836545,0.5252807206749966,stopped,-1.0
2026-02-11,Wednesday,697.14,689.18,691.91,7.960000000000036,7.960000000000036,2.6000000000000227,692.11,7.960000000000036,7.852499999999997,6.893250000000006,1.0136899076727206,1.154752837921159,1.0136899076727206,0.33110474371219656,held_to_close,0.5682158920539614
2026-02-12,Thursday,695.35,680.37,681.29,14.980000000000018,11.825000000000045,5.595000000000027,691.91,14.980000000000018,8.013499999999999,7.054250000000008,1.8693454795033406,2.123542545274126,1.4756348661633552,0.6981967929119646,held_to_close,3.6402640264027015
2026-02-13,Friday,686.28,677.52,681.63,8.759999999999991,7.990000000000009,6.470000000000027,681.29,8.759999999999991,8.376999999999999,7.519250000000005,1.0457204249731398,1.1650098081590565,0.9538020771159138,0.7723528709561929,held_to_close,-0.29137931034483355
2026-02-17,Tuesday,684.94,675.78,682.78,9.160000000000082,7.460000000000036,5.790000000000077,681.63,9.160000000000082,8.564499999999999,7.747250000000003,1.0695312043902252,1.182355029203921,0.8710374219160532,0.6760464708973177,stopped,-1.0
2026-02-18,Wednesday,689.15,682.83,686.26,6.319999999999936,6.1299999999999955,5.230000000000018,682.78,6.3700000000000045,8.815000000000003,7.997750000000008,0.7169597277368048,0.790222250007806,0.6954055587067491,0.593306863301193,held_to_close,-0.03380281690141017
2026-02-19,Thursday,686.18,681.5475,684.52,4.632499999999936,3.7099999999999227,3.232499999999959,686.26,4.712499999999977,8.383000000000004,7.903750000000008,0.5526064654658158,0.5861141863039611,0.4425623285219994,0.38560181319336245,stopped,-1.0
2026-02-20,Friday,690.06,681.73,689.36,8.329999999999927,7.669999999999959,5.9799999999999045,684.52,8.329999999999927,8.062375000000003,7.605125000000004,1.033194313090116,1.0953140152199896,0.9513325787996659,0.7417169258437994,held_to_close,1.1077348066298303
2026-02-23,Monday,690.0,680.371,682.41,9.629000000000019,9.629000000000019,3.410000000000082,689.36,9.629000000000019,8.189125,7.811374999999998,1.1758276983194198,1.2326895072890525,1.1758276983194198,0.4164059041717011,held_to_close,1.0513513513513348
2026-02-24,Tuesday,688.35,680.0,687.36,8.350000000000023,6.8700000000000045,1.9500000000000455,682.41,8.350000000000023,8.480574999999998,8.102824999999996,0.984603048731958,1.0305047930814286,0.8100865802141961,0.22993723892543205,held_to_close,0.3479853479853415
2026-02-25,Wednesday,693.68,690.1,693.08,3.5799999999999272,2.2899999999999636,1.8799999999999955,687.36,6.319999999999936,8.650824999999998,8.309824999999995,0.4138333627139525,0.43081533004605144,0.26471463704328363,0.21732031338051527,held_to_close,0.5767195767195977
2026-02-26,Thursday,693.32,684.35,689.32,8.970000000000027,8.970000000000027,5.079999999999927,693.08,8.970000000000027,8.775824999999998,8.340824999999995,1.0221261248942441,1.0754331855661798,1.0221261248942441,0.5788629559044225,held_to_close,0.37931034482754294
2026-02-27,Friday,686.86,681.64,686.22,5.220000000000027,4.649900000000002,3.8700000000000045,689.32,7.680000000000064,9.029325,8.594324999999998,0.5781163043749148,0.6073775427389619,0.5149775869181807,0.428603467036573,held_to_close,0.7547892720306578
2026-03-02,Monday,688.62,678.02,686.37,10.600000000000023,8.950000000000045,3.730000000000018,686.22,10.600000000000023,8.801825000000008,8.243825000000005,1.2042957000394818,1.2858108948212774,1.0168345769201317,0.4237757510516302,held_to_close,0.5607476635513995
2026-03-03,Tuesday,682.61,669.66,680.27,12.950000000000045,8.790000000000077,6.529999999999973,686.37,16.710000000000036,8.977325000000008,8.419325000000004,1.4425232460671786,1.5381280565841133,0.9791335392224376,0.7273881696385023,stopped,-1.0
2026-03-04,Wednesday,687.09,679.62,685.16,7.470000000000027,7.019999999999982,2.509999999999991,680.27,7.470000000000027,9.43757500000001,8.691575000000006,0.7915168886075098,0.8594529760141312,0.7438351483299444,0.26595815132594847,held_to_close,0.42124166239095145
2026-03-05,Thursday,685.53,675.61,681.44,9.919999999999959,6.519999999999982,6.809999999999945,685.16,9.919999999999959,9.164575000000008,8.418575000000004,1.082428808755447,1.1783466916906904,0.7114350638191052,0.7430786479460247,stopped,-1.0
2026-03-06,Friday,676.11,669.76,672.46,6.350000000000023,6.25,4.970000000000027,681.44,11.680000000000064,9.176075000000003,8.430074999999999,0.6920170116307921,0.7532554573951031,0.6811191059358166,0.5416259130401643,held_to_close,-0.37209302325579674
2026-03-09,Monday,679.92,662.39,678.31,17.529999999999973,7.529999999999973,11.829999999999927,672.46,17.529999999999973,9.243575000000003,8.352574999999996,1.8964524007215786,2.09875397706695,0.8146198846225589,1.2798078665451325,stopped,-1.0
2026-03-10,Tuesday,683.36,674.76,677.07,8.600000000000023,7.189899999999966,7.1299999999999955,678.31,8.600000000000023,9.377075000000008,8.656074999999998,0.9171303418176793,0.9935218906952661,0.7667529586784748,0.7603650392046548,stopped,-1.0
2026-03-11,Wednesday,680.08,673.34,676.35,6.740000000000009,6.440000000000055,3.42999999999995,677.07,6.740000000000009,9.43057500000001,8.709575000000001,0.7146966118184737,0.7738609518834166,0.6828851899274485,0.363710590287437,stopped,-1.0
2026-03-12,Thursday,671.65,665.9027,666.05,5.747299999999996,4.730000000000018,5.407299999999964,676.35,10.447300000000041,9.523575000000012,8.802575000000001,0.6034813607285068,0.65291122200038,0.4966622303074226,0.5677804815943548,held_to_close,0.6152293048745451
2026-03-13,Friday,672.335,661.36,662.3,10.975000000000023,9.235000000000014,3.8700000000000045,666.05,10.975000000000023,9.64794000000001,8.691939999999999,1.1375485336766202,1.262664031274954,0.9571991533944038,0.4011218975242384,held_to_close,1.9733333333333576
2026-03-16,Monday,672.07,667.12,668.96,4.9500000000000455,3.824999999999932,4.9500000000000455,662.3,9.770000000000095,9.447690000000012,8.49169,0.5239375974444588,0.5829228339706284,0.4048608707525254,0.5239375974444588,stopped,-1.0
2026-03-17,Tuesday,674.44,669.7,670.73,4.740000000000009,4.1400000000001,2.599999999999909,668.96,5.480000000000018,9.498190000000017,8.301190000000002,0.49904244914030993,0.5710024707301011,0.4358725188693943,0.2737363645073329,held_to_close,0.46640316205530025
2026-03-18,Wednesday,669.72,661.19,661.51,8.529999999999973,4.060000000000059,6.389999999999986,670.73,9.539999999999964,9.314190000000014,8.080189999999998,0.9158069569119762,1.0556682454249189,0.4358940498314994,0.6860499946855257,held_to_close,3.461956521739073
2026-03-19,Thursday,662.98,655.17,659.735,7.810000000000059,4.540000000000077,7.3700000000000045,661.51,7.810000000000059,9.47269000000001,8.19069,0.8244754130030699,0.9535216202786406,0.47927251921049585,0.778026093960638,held_to_close,0.20448548812663891
2026-03-20,Friday,656.69,644.72,648.54,11.970000000000027,5.490000000000009,9.269999999999982,659.735,15.014999999999986,9.627565000000015,8.349565000000007,1.2433050309190339,1.4336076190795588,0.5702376457598574,0.9628602871027064,held_to_close,1.2086720867208591
2026-03-23,Monday,662.615,653.94,655.375,8.674999999999955,6.784999999999968,5.709999999999923,648.54,14.075000000000045,9.96181500000002,8.531565000000011,0.8708252462026185,1.0168122730120375,0.6811007833411838,0.5731887211316323,stopped,-1.0
2026-03-24,Tuesday,657.03,649.88,653.2,7.149999999999977,7.149999999999977,4.210000000000036,655.375,7.149999999999977,10.18411500000002,8.483865000000009,0.7020737688056314,0.8427762582266419,0.7020737688056314,0.41338889044360044,held_to_close,0.05063291139243148
2026-03-25,Wednesday,660.89,654.24,656.74,6.649999999999977,6.649999999999977,3.7999999999999545,653.2,7.689999999999941,10.124115000000018,8.423865000000006,0.6568475367970401,0.7894238571012204,0.6568475367970401,0.37534144959830545,held_to_close,-0.07158836689039107
2026-03-26,Thursday,654.85,644.82,645.095,10.029999999999973,4.1200000000000045,6.8700000000000045,656.74,11.919999999999959,10.192615000000018,8.57736500000001,0.9840458017888398,1.169356789643435,0.4042142276540414,0.6740174135881707,stopped,-1.0
2026-03-27,Friday,642.66,633.105,634.08,9.55499999999995,4.360000000000014,7.324999999999932,645.095,11.990000000000009,10.340115000000015,8.630365000000007,0.9240709605260614,1.107137415393201,0.4216587533117385,0.7084060477083592,held_to_close,1.1101819970487217
2026-03-30,Monday,640.37,629.28,632.02,11.090000000000032,5.690000000000055,8.180000000000064,634.08,11.090000000000032,10.555615000000012,8.847115000000002,1.050625662266009,1.253515976677146,0.5390495958785962,0.7749430042683495,held_to_close,0.46748681898065775
2026-03-31,Tuesday,651.54,637.98,650.235,13.559999999999945,4.970000000000027,12.019999999999982,632.02,19.519999999999982,10.580115000000012,8.871615000000002,1.2816495850942953,1.5284702954309832,0.4697491473391378,1.1360935112709047,stopped,-1.0
2026-04-01,Wednesday,658.52,653.0,655.17,5.519999999999982,5.095000000000027,4.852999999999952,650.235,8.284999999999968,10.72061500000001,8.902114999999998,0.5148958338677377,0.6200773636377404,0.47525258578915697,0.4526792539420497,held_to_close,-0.2885245901639372
2026-04-02,Thursday,658.2,645.11,655.88,13.090000000000032,13.090000000000032,3.9300000000000637,655.17,13.090000000000032,10.761365000000007,8.804614999999995,1.2163884414291333,1.4867203165612624,1.2163884414291333,0.3651953074726172,held_to_close,1.2531380753138166
2026-04-06,Monday,659.72,655.52,658.87,4.2000000000000455,4.2000000000000455,3.3999999999999773,655.88,4.2000000000000455,10.91986500000001,8.963114999999998,0.38462013953469587,0.46858709276853483,0.38462013953469587,0.31135916057570073,stopped,-1.0
2026-04-07,Tuesday,659.61,651.06,659.27,8.550000000000068,6.5200000000000955,6.197800000000029,658.87,8.550000000000068,10.54586500000001,8.855615,0.8107443059436149,0.9654891275196661,0.6182517982166554,0.5876995391084585,stopped,-1.0
2026-04-08,Wednesday,677.08,671.46,675.87,5.6200000000000045,5.6200000000000045,3.8250000000000455,659.27,17.81000000000006,10.096865000000014,8.406615000000006,0.5566084126112409,0.6685211586351939,0.5566084126112409,0.3788304587612135,held_to_close,-0.6109324758842344
2026-04-09,Thursday,681.16,673.77,679.87,7.389999999999986,5.1299999999999955,2.7199999999999136,675.87,7.389999999999986,10.557365000000015,8.257615000000005,0.6999852709459203,0.8949315268391639,0.48591670364716844,0.2576400455984907,stopped,-1.0
2026-04-10,Friday,682.03,678.45,679.31,3.5799999999999272,2.909999999999968,1.6599999999999682,679.87,3.5799999999999272,10.589865000000014,8.290115000000004,0.3380590781846532,0.4318396065675718,0.2747910384126676,0.15675365077835893,stopped,-1.0
2026-04-13,Monday,686.3,676.58,686.01,9.719999999999914,4.079999999999927,7.284999999999968,679.31,9.719999999999914,10.246500000000008,8.18175,0.9486166007905047,1.1880099000824902,0.39818474601082554,0.7109744790904174,held_to_close,1.9936507936507994
2026-04-14,Tuesday,694.58,687.66,694.4,6.920000000000073,5.639999999999986,2.4500000000000455,686.01,8.57000000000005,10.183750000000003,8.118999999999994,0.6795139315085377,0.8523217144968688,0.5538234933104195,0.2405793543635738,held_to_close,1.9240780911062139
2026-04-15,Wednesday,700.28,694.2,699.84,6.079999999999927,3.3599999999999,4.579999999999927,694.4,6.079999999999927,10.123750000000001,8.217499999999996,0.6005679713544809,0.7398843930635753,0.33189282627483885,0.4524015310532092,held_to_close,1.6232558139535098
2026-04-16,Thursday,702.78,698.53,701.55,4.25,3.830000000000041,3.3062999999999647,699.84,4.25,10.153749999999997,8.28449999999999,0.41856456974024386,0.5130062164282703,0.3772005416718003,0.3256235381016832,held_to_close,0.09025270758122803
2026-04-17,Friday,712.39,705.76,710.04,6.6299999999999955,5.590000000000032,3.3999999999999773,701.55,10.840000000000032,9.889249999999999,8.070499999999992,0.6704249563920415,0.8215104392540737,0.5652602573501563,0.3438076699446346,held_to_close,0.6461538461538212
2026-04-20,Monday,709.91,706.14,708.69,3.769999999999982,3.769999999999982,1.7799999999999727,710.04,3.8999999999999773,10.040749999999997,8.01149999999999,0.37546995991335136,0.47057355052112426,0.37546995991335136,0.17727759380524097,held_to_close,-0.2738095238095536
2026-04-21,Tuesday,711.275,702.64,704.15,8.634999999999991,5.235000000000014,5.2450000000000045,708.69,8.634999999999991,9.484999999999996,7.601499999999987,0.910384818133895,1.1359600078931797,0.5519240906694798,0.5529783869267272,stopped,-1.0
2026-04-22,Wednesday,711.45,708.22,711.21,3.230000000000018,2.480000000000018,2.650000000000091,704.15,7.300000000000068,9.212999999999994,7.599499999999989,0.35059155541083475,0.42502796236594814,0.2691848474981027,0.2876370346249965,held_to_close,1.3543307086614582
2026-04-23,Thursday,712.3598,702.2803,708.44,10.079499999999939,3.2297999999999547,8.98969999999997,711.21,10.079499999999939,9.220499999999998,7.403499999999991,1.0931619760316622,1.3614506652259,0.35028469171953314,0.9749688194783334,stopped,-1.0
2026-04-24,Friday,714.47,709.01,713.98,5.460000000000036,5.1299999999999955,1.75,708.44,6.029999999999973,9.339974999999999,7.57497499999999,0.584584005845844,0.7207944580675242,0.5492520054925196,0.18736666854033338,held_to_close,1.3116279069767813
2026-04-27,Monday,715.63,712.295,715.15,3.3350000000000364,2.1550000000000864,2.4500000000000455,713.98,3.3350000000000364,9.045475,7.346474999999993,0.3686926336096265,0.45395921173080145,0.238240667294983,0.27085365887364077,stopped,-1.0
2026-04-28,Tuesday,712.88,709.25,711.68,3.6299999999999955,3.6299999999999955,2.830000000000041,715.15,5.899999999999977,8.612725000000001,7.035474999999996,0.42146939557457075,0.5159566340581122,0.42146939557457075,0.32858357836805896,held_to_close,-0.4285714285714131
2026-04-29,Wednesday,712.2,708.37,711.59,3.830000000000041,2.990000000000009,3.25,711.68,3.830000000000041,8.353224999999998,6.662474999999995,0.45850554725869846,0.5748614441330052,0.35794558389125275,0.389071286838317,stopped,-1.0
2026-04-30,Thursday,719.79,710.445,718.43,9.344999999999914,4.625,5.889999999999986,711.59,9.344999999999914,7.568725000000001,6.175974999999999,1.2346861591615381,1.513121409979787,0.6110672537316391,0.7782024052928315,stopped,-1.0
2026-05-01,Friday,724.87,720.47,720.67,4.399999999999977,4.1299999999999955,3.1399999999999864,718.43,6.440000000000055,7.621724999999998,6.367224999999996,0.5772971341789396,0.6910388748630651,0.5418720827634159,0.4119802275731527,stopped,-1.0
2026-05-04,Monday,722.12,714.99,718.07,7.1299999999999955,5.139999999999986,4.0049999999999955,720.67,7.1299999999999955,7.289224999999999,5.932724999999993,0.9781561139901699,1.2018086123998675,0.7051504103659836,0.5494411271431456,stopped,-1.0
2026-05-05,Tuesday,725.04,721.4898,723.74,3.550200000000018,2.1802000000000135,2.0799999999999272,718.07,6.969999999999914,7.435724999999996,6.079224999999991,0.47745176159688796,0.583988913060468,0.29320610969340777,0.27973062478775484,held_to_close,0.7306568220274052
2026-05-06,Wednesday,734.59,727.82,733.79,6.769999999999982,4.739999999999895,4.06110000000001,723.74,10.850000000000023,7.356724999999988,5.829234999999988,0.920246441181367,1.1613873861664517,0.6443084388773405,0.5520255276634667,held_to_close,2.015151515151617
2026-05-07,Thursday,736.13,729.75,731.56,6.3799999999999955,2.580000000000041,4.269999999999982,733.79,6.3799999999999955,7.008724999999987,5.886734999999987,0.9102939550346186,1.0837926286812654,0.3681126025061685,0.6092406250780263,stopped,-1.0
2026-05-08,Friday,738.08,734.57,737.53,3.509999999999991,2.9797999999999547,1.9750000000000227,731.56,6.5200000000000955,6.958224999999987,5.836234999999988,0.5044389912657319,0.6014151246479962,0.428241397770259,0.2838367543446822,held_to_close,0.41626794258375055
2026-05-11,Monday,740.79,736.45,739.26,4.339999999999918,3.8899999999999864,2.659999999999968,737.53,4.339999999999918,7.1052249999999955,5.832734999999991,0.6108180951342035,0.7440763209711954,0.5474844216755963,0.37437238088870795,held_to_close,0.04460966542751196
2026-05-12,Tuesday,738.84,731.83,738.22,7.009999999999991,5.389999999999986,7.009999999999991,739.26,7.42999999999995,6.836224999999996,5.563734999999991,1.0254197309187445,1.2599449830015272,0.7884468401786058,1.0254197309187445,stopped,-1.0
2026-05-13,Wednesday,743.91,735.47,742.29,8.43999999999994,4.809999999999945,4.3799999999999955,738.22,8.43999999999994,6.779224999999991,5.568234999999987,1.244980067780602,1.5157406251711647,0.7095206310455769,0.6460915517629229,held_to_close,1.2733333333333121
2026-05-14,Thursday,749.53,743.56,748.15,5.970000000000027,5.720000000000027,3.2229999999999563,742.29,7.240000000000009,6.897224999999992,5.6862349999999875,0.8655654991681487,1.049903846745701,0.8293190377289467,0.46728938087418637,held_to_close,0.9741935483870718
2026-05-15,Friday,743.46,737.96,739.09,5.5,4.719999999999914,4.920000000000073,748.15,10.18999999999994,7.046724999999992,5.77223499999999,0.780504418719335,0.9528371592632681,0.6698147011554898,0.6981966800180336,held_to_close,-0.719602977667493
2026-05-18,Monday,741.415,733.39,738.56,8.024999999999977,6.204999999999927,5.360000000000014,739.09,8.024999999999977,7.014224999999987,5.71573499999999,1.1441035894913538,1.4040189057050392,0.8846308751144907,0.7641614005823912,held_to_close,-0.25940337224383797
2026-05-19,Tuesday,737.65,731.53,733.76,6.1200000000000045,4.769999999999982,5.329999999999927,738.56,7.029999999999973,7.220474999999988,5.92848499999999,0.8475896668847984,1.0323042058805942,0.6606213580131487,0.7381785824339723,stopped,-1.0
2026-05-20,Wednesday,741.87,733.89,741.3,7.980000000000018,7.980000000000018,3.098799999999983,733.76,8.110000000000014,7.140224999999987,5.8027349999999895,1.117611839963031,1.3752135846286333,1.117611839963031,0.4339919260247385,stopped,-1.0
2026-05-21,Thursday,744.87,737.03,742.75,7.840000000000032,3.5850000000000364,6.779999999999973,741.3,7.840000000000032,7.180724999999984,6.04023499999999,1.0918117599546076,1.2979627448269884,0.49925320911189947,0.9441943536342066,stopped,-1.0
2026-05-22,Friday,748.94,744.48,745.59,4.460000000000036,3.67999999999995,3.9850000000000136,742.75,6.190000000000055,7.068749999999989,5.9282599999999945,0.6309460654288301,0.7523286765425337,0.5206012378426109,0.5637488947833803,stopped,-1.0
2026-05-26,Tuesday,752.13,748.37,750.49,3.759999999999991,3.759999999999991,2.3700000000000045,745.59,6.539999999999964,7.0767499999999925,5.878259999999995,0.5313173420002112,0.6396450650362513,0.5313173420002112,0.3348994948246027,stopped,-1.0
2026-05-27,Wednesday,751.38,748.22,750.47,3.159999999999968,3.009999999999991,2.909999999999968,750.49,3.159999999999968,7.236999999999989,5.899509999999992,0.4366450186541347,0.5356377055043507,0.41591819814840336,0.40210031781124395,stopped,-1.0
2026-05-28,Thursday,755.15,749.23,754.64,5.919999999999959,5.059999999999945,1.4599999999999227,750.47,5.919999999999959,7.099999999999989,5.876009999999991,0.833802816901404,1.0074863725555212,0.7126760563380216,0.20563380281689084,held_to_close,3.546218487395157
2026-05-29,Friday,758.08,754.69,756.4,3.3899999999999864,3.3899999999999864,2.6900000000000546,754.64,3.4400000000000546,7.204499999999984,5.9805099999999864,0.4705392463043922,0.5668412894552461,0.4705392463043922,0.3733777500173587,stopped,-1.0
2026-06-01,Monday,760.28,754.69,758.43,5.589999999999918,2.7299999999999045,4.408999999999992,756.4,5.589999999999918,6.909249999999991,5.68275999999999,0.8090603176900424,0.9836769457094665,0.39512248073233824,0.6381300430582186,held_to_close,0.7980769230769357
2026-06-02,Tuesday,760.4,756.75,759.45,3.6499999999999773,3.6499999999999773,1.384999999999991,758.43,3.6499999999999773,6.866749999999985,5.7422599999999875,0.5315469472457838,0.6356382330301981,0.5315469472457838,0.2016965813521672,held_to_close,1.6470588235295036
2026-06-03,Wednesday,758.8,753.57,754.19,5.2299999999999045,4.059999999999945,2.4799999999999045,759.45,5.8799999999999955,6.692749999999984,5.568259999999986,0.7814426058047763,0.9392521182559574,0.606626573531053,0.37055022225541223,held_to_close,0.13546798029555712
2026-06-04,Thursday,758.31,751.47,757.06,6.839999999999918,4.5,3.1099999999999,754.19,6.839999999999918,6.638249999999988,5.652249999999981,1.030392046096476,1.210137555840584,0.6778895040108475,0.4684969683274817,held_to_close,1.506726457399046
2026-06-05,Friday,752.82,735.525,737.42,17.295000000000073,6.6299999999999955,11.065000000000055,757.06,21.534999999999968,6.4377499999999825,5.655749999999978,2.6864976117432517,3.0579498740220377,1.0298629179449363,1.7187682031765887,held_to_close,2.7108433734939164
2026-06-08,Monday,745.34,738.19,739.31,7.149999999999977,4.740000000000009,5.779999999999973,737.42,7.920000000000073,7.195499999999981,6.201499999999982,0.9936766034327004,1.1529468676932997,0.6587450489889544,0.8032798276700699,stopped,-1.0
2026-06-09,Tuesday,746.9,722.59,737.05,24.309999999999945,17.93999999999994,15.100000000000023,739.31,24.309999999999945,7.26549999999998,6.383499999999981,3.3459500378501152,3.8082556591211745,2.469203771247676,2.0783153258550775,held_to_close,1.7209944751381243
2026-06-10,Wednesday,738.38,725.33,725.42,13.049999999999955,9.889999999999986,7.17999999999995,737.05,13.049999999999955,8.263999999999982,7.381999999999982,1.5791384317521762,1.7678136006502285,1.196757018393031,0.8688286544046425,stopped,-1.0
2026-06-11,Thursday,740.0,724.405,737.64,15.595000000000027,7.170000000000073,14.740000000000009,725.42,15.595000000000027,8.544999999999982,7.683999999999981,1.8250438853130555,2.029541905257687,0.8390871854886001,1.7249853715623218,stopped,-1.0
2026-06-12,Friday,744.44,735.03,741.63,9.410000000000082,9.410000000000082,4.830000000000041,737.64,9.410000000000082,8.902749999999987,8.041749999999984,1.056976776838628,1.1701433145770634,1.056976776838628,0.5425289938502202,held_to_close,0.12627986348122994
2026-06-15,Monday,756.68,751.76,754.66,4.919999999999959,4.519999999999982,3.2799999999999727,741.63,15.049999999999955,9.01124999999999,8.213749999999987,0.5459841864336207,0.5989955866686918,0.501595228186987,0.3639894576224138,held_to_close,0.2446351931330156
2026-06-16,Tuesday,755.44,749.88,750.39,5.560000000000059,3.730000000000018,4.090000000000032,754.66,5.560000000000059,9.25424999999999,8.184749999999985,0.6008050355242256,0.6793121353737218,0.4030580544074368,0.4419590998730352,held_to_close,2.506944444444359
2026-06-17,Wednesday,752.15,739.22,741.02,12.92999999999995,4.2999999999999545,11.809999999999945,750.39,12.92999999999995,9.130999999999995,8.06149999999999,1.416055196583064,1.603919866029891,0.47092322856203667,1.2933961230971363,stopped,-1.0
2026-06-18,Thursday,748.23,743.86,746.56,4.3700000000000045,4.340000000000032,3.0299999999999727,741.02,7.210000000000036,9.425999999999993,8.401999999999987,0.46361128792701123,0.5201142585098799,0.46042860173987216,0.32145130490133406,held_to_close,-0.3778801843318175
2026-06-22,Monday,750.18,743.13,744.37,7.0499999999999545,7.029999999999973,2.6100000000000136,746.56,7.0499999999999545,9.380999999999995,8.221499999999986,0.7515190278221894,0.8575077540594741,0.7493870589489369,0.2782219379597074,stopped,-1.0
2026-06-23,Tuesday,739.63,732.3,733.67,7.330000000000041,7.330000000000041,4.779999999999973,744.37,12.07000000000005,9.341499999999991,8.181999999999983,0.7846705561205425,0.895868980689325,0.7846705561205425,0.511695123909434,held_to_close,-0.7221095334685625
2026-06-24,Wednesday,739.945,730.84,733.12,9.105000000000018,5.835000000000036,8.029999999999973,733.67,9.105000000000018,9.63549999999999,8.325499999999982,0.9449431788698073,1.0936280103297145,0.6055731409890553,0.8333765762025822,stopped,-1.0
2026-06-25,Thursday,739.37,729.6,733.26,9.769999999999982,9.769999999999982,4.939999999999941,733.12,9.769999999999982,9.763749999999993,8.592749999999985,1.0006401229035964,1.1370050333129673,1.0006401229035964,0.505953143003451,no_breakout,0.0
2026-06-26,Friday,736.53,716.58,729.09,19.949999999999932,9.669999999999959,19.279999999999973,733.26,19.949999999999932,10.094249999999994,8.923249999999985,1.976372687421051,2.2357324965679504,0.9579711221735112,1.9099982663397463,stopped,-1.0
2026-06-29,Monday,741.56,732.09,740.88,9.469999999999914,7.80499999999995,3.589999999999918,729.09,12.469999999999914,10.795749999999993,9.624749999999983,0.8771970451334942,0.9839216603028578,0.7229696871454003,0.33253826737372766,stopped,-1.0
2026-06-30,Tuesday,748.02,740.89,746.32,7.1299999999999955,5.110000000000014,2.259999999999991,740.88,7.139999999999986,11.247249999999985,9.92874999999998,0.633932739114006,0.7181165806370399,0.4543332814688053,0.20093800706839396,held_to_close,0.768729641693803
2026-07-01,Wednesday,749.435,742.375,745.69,7.059999999999945,6.990000000000009,4.274999999999977,746.32,7.059999999999945,11.32474999999999,10.005749999999983,0.6234133203823442,0.7055942832871056,0.6172321684805419,0.3774917768604147,held_to_close,0.11804384485666744
2026-07-02,Thursday,751.31,740.03,744.8,11.279999999999973,7.259999999999991,5.550000000000068,745.69,11.279999999999973,11.495249999999988,10.176249999999982,0.981274874404644,1.1084633337427827,0.6315652117178834,0.4828081163959091,stopped,-1.0
2026-07-06,Monday,752.41,747.41,751.3,5.0,3.560000000000059,2.7799999999999727,744.8,7.610000000000014,11.765249999999986,10.478749999999986,0.42498034465906004,0.4771561493498754,0.3025860053972558,0.23628907163043505,held_to_close,0.8262910798122041
2026-07-07,Tuesday,750.96,745.21,747.69,5.75,5.75,3.340000000000032,751.3,6.089999999999918,11.80374999999999,10.386749999999989,0.4871333262734305,0.5535899102221586,0.4871333262734305,0.28296092343535184,held_to_close,0.20664206642064128
2026-07-08,Wednesday,746.15,739.51,745.34,6.639999999999986,5.414999999999964,5.539999999999964,747.69,8.180000000000064,11.031499999999989,9.809499999999986,0.6019127045279421,0.6768948468321521,0.49086706250283,0.5021982504645759,stopped,-1.0
2026-07-09,Thursday,751.97,745.59,751.64,6.3799999999999955,4.659999999999968,2.1000000000000227,745.34,6.6299999999999955,11.044499999999989,9.783999999999986,0.5776630902259045,0.6520850367947674,0.4219294671555954,0.1901398886323532,stopped,-1.0
2026-07-10,Friday,755.42,748.1,754.9,7.319999999999936,5.319999999999936,2.6100000000000136,751.64,7.319999999999936,10.16049999999999,8.887499999999989,0.7204369863687755,0.8236286919831163,0.5235962797106384,0.25687712218887027,stopped,-1.0
2026-07-13,Monday,753.9105,748.0,749.1,5.910499999999956,3.610500000000002,3.8099999999999454,754.9,6.899999999999977,9.87399999999999,8.600999999999988,0.5985922625075919,0.6871875363329804,0.3656572817500512,0.3858618594287978,stopped,-1.0
2026-07-14,Tuesday,753.34,748.66,751.85,4.680000000000064,4.680000000000064,2.769999999999982,749.1,4.680000000000064,9.439249999999987,8.116774999999985,0.49580210292132004,0.5765836800946278,0.49580210292132004,0.29345551818205745,stopped,-1.0
2026-07-15,Wednesday,755.58,750.2,754.74,5.3799999999999955,3.3799999999999955,4.719999999999914,751.85,5.3799999999999955,9.202749999999986,7.880274999999983,0.5846078617804464,0.6827172909574865,0.3672815191111353,0.5128901686995649,held_to_close,-0.65
2026-07-16,Thursday,754.57,747.88,750.76,6.690000000000055,3.900000000000091,5.720000000000027,754.74,6.860000000000014,8.719249999999988,7.903274999999985,0.7672678269346633,0.8464845269840753,0.4472861771368061,0.6560197264673033,stopped,-1.0
2026-07-17,Friday,747.29,740.8,743.23,6.490000000000009,6.490000000000009,5.139999999999986,750.76,9.960000000000036,8.784249999999986,7.9597749999999845,0.7388223240458798,0.8153496801103074,0.7388223240458798,0.5851381734354093,held_to_close,-0.3970223325062006
2026-07-20,Monday,748.73,741.5103,742.1,7.219699999999989,5.039999999999964,5.494699999999966,743.23,7.219699999999989,8.635749999999991,7.637774999999988,0.8360246649104012,0.9452622000517167,0.5836204151347559,0.6362736299684418,held_to_close,1.0654205607476388
2026-07-21,Tuesday,749.04,744.18,748.315,4.860000000000014,3.830000000000041,1.5499999999999545,742.1,6.939999999999941,8.636234999999989,7.780259999999987,0.5627452240472868,0.6246577877860151,0.4434802897327419,0.17947635746363508,held_to_close,0.64741035856571
2026-07-22,Wednesday,750.02,746.37,747.39,3.6499999999999773,3.419999999999959,2.7250000000000227,748.315,3.6499999999999773,8.630734999999987,7.67075999999999,0.42290720315245256,0.4758329031282405,0.3962582561044875,0.3157320900247808,held_to_close,-0.5776397515527962
2026-07-23,Thursday,742.56,735.21,738.24,7.349999999999909,7.349999999999909,4.0,747.39,12.17999999999995,8.209734999999984,7.486759999999987,0.8952785930361848,0.9817330861413912,0.8952785930361848,0.4872264451897665,held_to_close,0.05623471882641144
2026-07-24,Friday,743.72,737.29,738.85,6.430000000000064,5.91700000000003,6.430000000000064,738.24,6.430000000000064,8.36348499999998,7.399009999999981,0.7688182617652903,0.8690351817337834,0.7074801951578851,0.7688182617652903,stopped,-1.0
2026-07-27,Monday,745.53,735.87,739.02,9.659999999999968,9.194999999999936,3.980000000000018,738.85,9.659999999999968,8.196484999999985,7.232009999999986,1.1785539777111758,1.335728241526213,1.1218223421381182,0.4855739990983971,held_to_close,0.6564885496183394
2026-07-28,Tuesday,742.7901,735.98,740.76,6.810100000000034,6.470000000000027,2.370100000000093,739.02,6.810100000000034,7.681984999999986,6.717509999999987,0.8865026422207342,1.0137833810444714,0.8422302308583054,0.30852702784502933,held_to_close,0.36182336182335756
2026-07-29,Wednesday,742.68,729.1,729.51,13.579999999999927,7.3700000000000045,13.579999999999927,740.76,13.579999999999927,7.398989999999992,6.5845149999999935,1.835385640472543,2.062414619755584,0.9960818976644126,1.835385640472543,stopped,-1.0
2026-07-30,Thursday,742.45,734.59,741.71,7.860000000000014,4.709999999999923,5.580000000000041,729.51,12.940000000000055,7.720989999999989,6.90701499999999,1.0180041678593061,1.1379734950626321,0.6100253982973595,0.7227052489382901,stopped,-1.0
2026-07-31,Friday,748.895,737.68,746.81,11.215000000000032,8.621000000000095,6.434999999999945,741.71,11.215000000000032,8.014989999999994,6.947014999999993,1.3992531494112956,1.6143624276038042,1.075609576555941,0.8028706211735698,stopped,-1.0
2026-08-03,Monday,758.58,748.8,757.67,9.780000000000086,7.410000000000082,2.82000000000005,746.81,11.770000000000095,8.011739999999998,6.943764999999996,1.2207086101146678,1.4084578035115087,0.9248927199335081,0.3519834642661957,held_to_close,0.833136999607327
2026-08-04,Tuesday,773.41,760.52,771.25,12.889999999999986,8.379999999999995,5.269999999999982,757.67,15.740000000000009,8.219740000000002,7.182765000000001,1.5681761223590993,1.7945735381848056,1.0194969670573515,0.6411395007627955,held_to_close,2.624999999999962
2026-08-05,Wednesday,776.85,769.51,769.76,7.340000000000032,6.519999999999982,2.740000000000009,771.25,7.340000000000032,8.702240000000007,7.539765,0.8434609939509857,0.9735051424016573,0.7492323815477367,0.31486146095717965,held_to_close,1.8821138211381816
2026-08-06,Thursday,771.82,767.46,768.53,4.360000000000014,3.8700000000000045,2.3299999999999272,769.76,4.360000000000014,8.660240000000005,7.574765000000002,0.5034502508013647,0.5755954145112109,0.4468698327067151,0.26904566155209625,stopped,-1.0
2026-08-07,Friday,773.915,769.61,773.2,4.30499999999995,4.30499999999995,2.9400000000000546,768.53,5.384999999999991,8.546740000000005,7.473765000000003,0.5037008262799556,0.5760149001206151,0.5037008262799556,0.34399080819119954,stopped,-1.0
2026-08-10,Monday,775.05,771.62,773.06,3.42999999999995,2.5499999999999545,2.814999999999941,773.2,3.42999999999995,8.449990000000009,7.323015000000003,0.4059176401392128,0.4683863135607326,0.30177550505976364,0.33313648891891445,stopped,-1.0
2026-08-11,Tuesday,774.61,769.2,770.42,5.409999999999968,2.8600000000000136,3.25,773.06,5.409999999999968,8.276490000000006,7.198990000000004,0.6536587369766609,0.7514943068402603,0.3455571141872958,0.39267853884919784,held_to_close,1.0640394088670497
2026-08-12,Wednesday,774.9,771.28,772.52,3.6200000000000045,3.6200000000000045,1.6599999999999682,770.42,4.480000000000018,8.312990000000003,7.235489999999999,0.4354630524035279,0.500311658229091,0.4354630524035279,0.199687477069017,held_to_close,-0.15302491103201363
2026-08-13,Thursday,779.37,774.111,777.8,5.2590000000000146,5.2590000000000146,2.9699999999999136,772.52,6.850000000000023,8.267990000000003,7.1474899999999995,0.6360675327377044,0.7357827712945405,0.6360675327377044,0.3592166899089032,held_to_close,0.030734842134645984
2026-08-14,Friday,778.8,775.4301,776.3,3.369899999999916,2.990000000000009,1.3899000000000115,777.8,3.369899999999916,8.267490000000004,7.0759399999999975,0.4076085970469773,0.47624767875362384,0.36165752846389987,0.16811632067290203,stopped,-1.0
2026-08-17,Monday,776.775,772.51,772.68,4.264999999999986,2.064999999999941,3.1000000000000227,776.3,4.264999999999986,7.937984999999998,6.919934999999993,0.5372900049571758,0.6163352690451559,0.26014158504959906,0.3905273189606712,held_to_close,1.5673981191222301
2026-08-18,Tuesday,769.5,766.92,767.41,2.580000000000041,2.169999999999959,1.9500000000000455,772.68,5.759999999999991,7.790249999999998,6.772199999999993,0.33118320978146293,0.38096925666696846,0.2785533198549417,0.25031289111389826,held_to_close,0.30625000000000135
2026-08-19,Wednesday,772.47,768.1,769.06,4.3700000000000045,4.3700000000000045,3.7899999999999636,767.41,5.060000000000059,7.73125,6.658199999999994,0.5652384801940183,0.6563335436003738,0.5652384801940183,0.4902182700080794,held_to_close,-0.620553359683821
2026-08-20,Thursday,768.15,762.04,762.62,6.110000000000014,2.919999999999959,4.600000000000023,769.06,7.019999999999982,7.801750000000004,6.694199999999995,0.7831576248918526,0.9127304233515607,0.3742750024033015,0.5896113051558971,stopped,-1.0
2026-08-21,Friday,767.85,764.17,765.69,3.6800000000000637,3.6800000000000637,2.269900000000007,762.62,5.230000000000018,7.5437500000000055,6.6322,0.48782104391053005,0.5548686710292307,0.48782104391053005,0.3008980944490479,held_to_close,-0.23232323232319113
2026-08-24,Monday,765.22,762.08,763.46,3.1399999999999864,2.7299999999999045,2.1700000000000728,765.69,3.6100000000000136,7.483750000000003,6.4947,0.41957574745281245,0.4834711380048326,0.36479037915482254,0.28996158343077627,held_to_close,-0.4945054945054785
2026-08-25,Tuesday,766.78,763.0501,765.83,3.7298999999999296,3.7298999999999296,1.5900000000000318,763.46,3.7298999999999296,7.181250000000006,6.168700000000001,0.5193942558746634,0.604649277805685,0.5193942558746634,0.22140992167102252,held_to_close,-0.2577545120713076
