date,weekday,stmt_ret,stmt_abs_ret,presser_ret,presser_abs_ret
2015-12-31,Thursday,,,,
2016-01-04,Monday,-0.0008503826722023877,0.0008503826722023877,-0.00197579031612638,0.00197579031612638
2016-01-05,Tuesday,-0.0004933200589003484,0.0004933200589003484,-0.0008676682036790062,0.0008676682036790062
2016-01-06,Wednesday,0.001107029638202528,0.001107029638202528,-0.00010050251256288334,0.00010050251256288334
2016-01-07,Thursday,-0.0008227067050596837,0.0008227067050596837,-0.0001545595054095461,0.0001545595054095461
2016-01-08,Friday,0.0016504203414309249,0.0016504203414309249,0.0006212497413615736,0.0006212497413615736
2016-01-11,Monday,0.0013145441161004356,0.0013145441161004356,-0.0004601307189542325,0.0004601307189542325
2016-01-12,Tuesday,-0.0023453379892636184,0.0023453379892636184,0.0023980815347721673,0.0023980815347721673
2016-01-13,Wednesday,-0.00010507512871704705,0.00010507512871704705,-0.006205300799326907,0.006205300799326907
2016-01-14,Thursday,-0.0013264669163545184,0.0013264669163545184,0.001144283782378075,0.001144283782378075
2016-01-15,Friday,-0.0009083137422525311,0.0009083137422525311,0.0002143507850596027,0.0002143507850596027
2016-01-19,Tuesday,-0.0005323679727426978,0.0005323679727426978,0.00042769313017898547,0.00042769313017898547
2016-01-20,Wednesday,-0.0026614523925914124,0.0026614523925914124,-0.0008153946510111032,0.0008153946510111032
2016-01-21,Thursday,-0.00037373198077961245,0.00037373198077961245,0.0008583690987125081,0.0008583690987125081
2016-01-22,Friday,-0.0004884453781514031,0.0004884453781514031,-0.00010512483574254272,0.00010512483574254272
2016-01-25,Monday,-0.00015860428231562196,0.00015860428231562196,-0.00042272126816389477,0.00042272126816389477
2016-01-26,Tuesday,-0.0012101441650004263,0.0012101441650004263,0.00021090372245069489,0.00021090372245069489
2016-01-27,Wednesday,-0.000891286133221536,0.000891286133221536,-0.00021054847878720917,0.00021054847878720917
2016-01-28,Thursday,0.003656597774244874,0.003656597774244874,-0.00010545742156609084,0.00010545742156609084
2016-01-29,Friday,-0.0007531293824339924,0.0007531293824339924,-0.00010372905969613377,0.00010372905969613377
2016-02-01,Monday,0.00015526343028682277,0.00015526343028682277,5.169828878659466e-05,5.169828878659466e-05
2016-02-02,Tuesday,0.00028934424073434606,0.00028934424073434606,0.0011582605033169102,0.0011582605033169102
2016-02-03,Wednesday,0.0019682421469797706,0.0019682421469797706,-0.00020997375328080103,0.00020997375328080103
2016-02-04,Thursday,-0.002041029935105798,0.002041029935105798,0.000537613259378622,0.000537613259378622
2016-02-05,Friday,5.3140610054125403e-05,5.3140610054125403e-05,0.0017324093816633024,0.0017324093816633024
2016-02-08,Monday,0.0026767180159510406,0.0026767180159510406,-0.0011462256427051676,0.0011462256427051676
2016-02-09,Tuesday,0.0005423581733376981,0.0005423581733376981,0.0018953752843062777,0.0018953752843062777
2016-02-10,Wednesday,0.0003212163392045664,0.0003212163392045664,0.0002139723975607133,0.0002139723975607133
2016-02-11,Thursday,-0.00028572213522348733,0.00028572213522348733,0.00011022927689596784,0.00011022927689596784
2016-02-12,Friday,0.00029655990510080166,0.00029655990510080166,-0.00019990628049637582,0.00019990628049637582
2016-02-16,Tuesday,0.0007917656373712667,0.0007917656373712667,-0.0003426462836056965,0.0003426462836056965
2016-02-17,Wednesday,0.0009813593644529828,0.0009813593644529828,-0.0005179736869366236,0.0005179736869366236
2016-02-18,Thursday,0.0005727973338889303,0.0005727973338889303,0.0007793827288786748,0.0007793827288786748
2016-02-19,Friday,-0.00010426985037281788,0.00010426985037281788,-0.0006772326781711024,0.0006772326781711024
2016-02-22,Monday,-0.0003464247680878829,0.0003464247680878829,-0.0006681400010278837,0.0006681400010278837
2016-02-23,Tuesday,0.0,0.0,0.00020792295339777667,0.00020792295339777667
2016-02-24,Wednesday,-0.00020916126333414553,0.00020916126333414553,-0.00021049896049896155,0.00021049896049896155
2016-02-25,Thursday,-0.0004624158660021527,0.0004624158660021527,0.00014130644228904643,0.00014130644228904643
2016-02-26,Friday,0.00048595836104148304,0.00048595836104148304,-0.0009716682008795718,0.0009716682008795718
2016-02-29,Monday,-0.00040865384615385025,0.00040865384615385025,-0.0009019741844522589,0.0009019741844522589
2016-03-01,Tuesday,0.0001519295047098801,0.0001519295047098801,0.0003039359708221223,0.0003039359708221223
2016-03-02,Wednesday,0.0008333122900936463,0.0008333122900936463,0.0006308670636923086,0.0006308670636923086
2016-03-03,Thursday,-5.0210885719992326e-05,5.0210885719992326e-05,-0.0003012501882811991,0.0003012501882811991
2016-03-04,Friday,-0.0004224022263080718,0.0004224022263080718,0.000498579049708292,0.000498579049708292
2016-03-07,Monday,-0.0007989819343248161,0.0007989819343248161,-0.0008003601620729661,0.0008003601620729661
2016-03-08,Tuesday,0.000325553440849502,0.000325553440849502,0.00010685261362497478,0.00010685261362497478
2016-03-09,Wednesday,0.0,0.0,-0.0014542172299668588,0.0014542172299668588
2016-03-10,Thursday,0.000606351289948126,0.000606351289948126,0.0,0.0
2016-03-11,Friday,0.0002472432378974876,0.0002472432378974876,-4.946332294597511e-05,4.946332294597511e-05
2016-03-14,Monday,-0.0005429953598579118,0.0005429953598579118,0.00019737491364835158,0.00019737491364835158
2016-03-15,Tuesday,-0.00038435325630425954,0.00038435325630425954,0.00042097964439613555,0.00042097964439613555
2016-03-16,Wednesday,0.005253506467760349,0.005253506467760349,-0.0006399212404626375,0.0006399212404626375
2016-03-17,Thursday,-9.761335350666478e-05,9.761335350666478e-05,-9.757525491538299e-05,9.757525491538299e-05
2016-03-18,Friday,0.0001469651692549423,0.0001469651692549423,0.00022042075873707212,0.00022042075873707212
2016-03-21,Monday,-0.00011041491089869293,0.00011041491089869293,2.4412870465395642e-05,2.4412870465395642e-05
2016-03-22,Tuesday,0.00036581796897849905,0.00036581796897849905,0.00029254022428082394,0.00029254022428082394
2016-03-23,Wednesday,0.0005936639861838788,0.0005936639861838788,0.0005399833096066953,0.0005399833096066953
2016-03-24,Thursday,-0.00059247556038311,0.00059247556038311,-4.9358341559724295e-05,4.9358341559724295e-05
2016-03-28,Monday,0.0009337393781621017,0.0009337393781621017,-0.0005895357406042745,0.0005895357406042745
2016-03-29,Tuesday,0.0014683569086193504,0.0014683569086193504,-4.879476920072179e-05,4.879476920072179e-05
2016-03-30,Wednesday,0.0007282260413632446,0.0007282260413632446,-2.4250066687714344e-05,2.4250066687714344e-05
2016-03-31,Thursday,-0.00048586143231943435,0.00048586143231943435,0.00012697708428488497,0.00012697708428488497
2016-04-01,Friday,0.00047450562233430915,0.00047450562233430915,0.000630119722747402,0.000630119722747402
2016-04-04,Monday,-0.00033936103165765896,0.00033936103165765896,0.0002842728242942183,0.0002842728242942183
2016-04-05,Tuesday,2.4445096313607806e-05,2.4445096313607806e-05,0.0005616331314710621,0.0005616331314710621
2016-04-06,Wednesday,-0.0005591753379364794,0.0005591753379364794,-0.0004869260359351424,0.0004869260359351424
2016-04-07,Thursday,-0.0009321493401365233,0.0009321493401365233,0.00039306244779635513,0.00039306244779635513
2016-04-08,Friday,-0.0008785630613041828,0.0008785630613041828,-0.0007319929728673014,0.0007319929728673014
2016-04-11,Monday,-0.0007314932214961267,0.0007314932214961267,-4.8799531524479356e-05,4.8799531524479356e-05
2016-04-12,Tuesday,0.0001419819118935184,0.0001419819118935184,0.00019442959218407552,0.00019442959218407552
2016-04-13,Wednesday,-0.0005297630514351503,0.0005297630514351503,0.0005902547732337116,0.0005902547732337116
2016-04-14,Thursday,-0.00024029219530952162,0.00024029219530952162,-0.0009127155690060729,0.0009127155690060729
2016-04-15,Friday,0.0002890730391211793,0.0002890730391211793,0.00019260400616327722,0.00019260400616327722
2016-04-18,Monday,-0.0005743000717873814,0.0005743000717873814,9.572125969192768e-05,9.572125969192768e-05
2016-04-19,Tuesday,-4.769172071739103e-05,4.769172071739103e-05,-9.542895314440525e-05,9.542895314440525e-05
2016-04-20,Wednesday,-4.749014579474853e-05,4.749014579474853e-05,0.0003440788771162939,0.0003440788771162939
2016-04-21,Thursday,-0.00045582753743600435,0.00045582753743600435,-0.0009570751782551623,0.0009570751782551623
2016-04-22,Friday,0.0007427284488954466,0.0007427284488954466,-0.0004616562215949971,0.0004616562215949971
2016-04-25,Monday,0.0002401190990732882,0.0002401190990732882,0.0,0.0
2016-04-26,Tuesday,0.00023915648214711815,0.00023915648214711815,0.0005273755873045349,0.0005273755873045349
2016-04-27,Wednesday,-0.0005754291742591233,0.0005754291742591233,-0.0016783738422329053,0.0016783738422329053
2016-04-28,Thursday,-0.00028721624850658323,0.00028721624850658323,-0.00040638745458021486,0.00040638745458021486
2016-04-29,Friday,0.0008522035549063389,0.0008522035549063389,-0.0006324802958060927,0.0006324802958060927
2016-05-02,Monday,0.00019269679159839015,0.00019269679159839015,-0.00014440433212992154,0.00014440433212992154
2016-05-03,Tuesday,3.00329393527754e-05,3.00329393527754e-05,4.84683986041734e-05,4.84683986041734e-05
2016-05-04,Wednesday,-0.0005130084279957314,0.0005130084279957314,4.878048780465605e-07,4.878048780465605e-07
2016-05-05,Thursday,0.00045925346882946805,0.00045925346882946805,-0.00014644862094215227,0.00014644862094215227
2016-05-06,Friday,0.000876594915749429,0.000876594915749429,-0.00019459985405023694,0.00019459985405023694
2016-05-09,Monday,-0.00017000194287930537,0.00017000194287930537,0.0,0.0
2016-05-10,Tuesday,-0.00014422383539258732,0.00014422383539258732,-9.613997981061662e-05,9.613997981061662e-05
2016-05-11,Wednesday,-0.00028958926589117695,0.00028958926589117695,-0.0004346986089645011,0.0004346986089645011
2016-05-12,Thursday,0.00033931168201650763,0.00033931168201650763,-0.0007735821689310862,0.0007735821689310862
2016-05-13,Friday,0.0005971895528391613,0.0005971895528391613,-5.762000097653264e-05,5.762000097653264e-05
2016-05-16,Monday,0.00118555079722249,0.00118555079722249,9.653907419027163e-05,9.653907419027163e-05
2016-05-17,Tuesday,4.87186982365273e-05,4.87186982365273e-05,-0.0006841616576258591,0.0006841616576258591
2016-05-18,Wednesday,-0.004662004662004615,0.004662004662004615,0.0007354743809757647,0.0007354743809757647
2016-05-19,Thursday,-0.0001473115639577527,0.0001473115639577527,-0.0009797677950325046,0.0009797677950325046
2016-05-20,Friday,0.0001460493646852079,0.0001460493646852079,-0.000243001555209843,0.000243001555209843
2016-05-23,Monday,5.595290225279825e-05,5.595290225279825e-05,-9.091408521721966e-05,9.091408521721966e-05
2016-05-24,Tuesday,-0.00014446691707603598,0.00014446691707603598,0.00019261328068576056,0.00019261328068576056
2016-05-25,Wednesday,-0.000667875202747914,0.000667875202747914,0.00033409698358144446,0.00033409698358144446
2016-05-26,Thursday,0.0001433075379764226,0.0001433075379764226,0.0002349121466769244,0.0002349121466769244
2016-05-27,Friday,-0.0003338579672819142,0.0003338579672819142,2.3824839777919493e-05,2.3824839777919493e-05
2016-05-31,Tuesday,-0.0017637525026218404,0.0017637525026218404,-1.1934455967810287e-05,1.1934455967810287e-05
2016-06-01,Wednesday,-0.000500107165821384,0.000500107165821384,-0.00039958139092377554,0.00039958139092377554
2016-06-02,Thursday,0.0008555539711962989,0.0008555539711962989,-0.0001899876508026921,0.0001899876508026921
2016-06-03,Friday,-9.517917479651139e-05,9.517917479651139e-05,0.0005232115677320515,0.0005232115677320515
2016-06-06,Monday,0.00030701532380184027,0.00030701532380184027,-0.00030701650804143554,0.00030701650804143554
2016-06-07,Tuesday,0.00014190750082487824,0.00014190750082487824,-6.502685891995874e-05,6.502685891995874e-05
2016-06-08,Wednesday,-7.070802300357393e-05,7.070802300357393e-05,0.0,0.0
2016-06-09,Thursday,-0.0002597770640468955,0.0002597770640468955,0.0005241783150737866,0.0005241783150737866
2016-06-10,Friday,-0.0003813882532417434,0.0003813882532417434,-0.000286232229749106,0.000286232229749106
2016-06-13,Monday,-0.0001965660720264495,0.0001965660720264495,0.0010041600918089255,0.0010041600918089255
2016-06-14,Tuesday,4.825789016504878e-05,4.825789016504878e-05,-0.0010832410572432227,0.0010832410572432227
2016-06-15,Wednesday,0.0008141372539629543,0.0008141372539629543,0.0008155041734625446,0.0008155041734625446
2016-06-16,Thursday,0.001496933700323444,0.001496933700323444,-4.816027740162099e-06,4.816027740162099e-06
2016-06-17,Friday,-0.00012682971223199058,0.00012682971223199058,0.0008416775504280771,0.0008416775504280771
2016-06-20,Monday,-0.00031125050877489624,0.00031125050877489624,0.00016784558206439648,0.00016784558206439648
2016-06-21,Tuesday,-0.00019203533450151689,0.00019203533450151689,0.00023975065931414186,0.00023975065931414186
2016-06-22,Wednesday,4.793174519490684e-05,4.793174519490684e-05,-0.00045535157935094883,0.00045535157935094883
2016-06-23,Thursday,-4.763265694951446e-05,4.763265694951446e-05,0.0001428639459022385,0.0001428639459022385
2016-06-24,Friday,0.0008064121988171635,0.0008064121988171635,-0.0016712327424390772,0.0016712327424390772
2016-06-27,Monday,0.0003509827517047537,0.0003509827517047537,-0.0007268170426065756,0.0007268170426065756
2016-06-28,Tuesday,-0.0002727498140342455,0.0002727498140342455,0.0015373171336474645,0.0015373171336474645
2016-06-29,Wednesday,0.0006303030303029811,0.0006303030303029811,0.0003147471128006618,0.0003147471128006618
2016-06-30,Thursday,0.0005254083049954783,0.0005254083049954783,-0.0006223371152280777,0.0006223371152280777
2016-07-01,Friday,0.0001429796968830388,0.0001429796968830388,-0.0005243588521308684,0.0005243588521308684
2016-07-05,Tuesday,0.0006734978592388696,0.0006734978592388696,0.0004085458172116141,0.0004085458172116141
2016-07-06,Wednesday,0.00021523891519592553,0.00021523891519592553,0.000741325298323714,0.000741325298323714
2016-07-07,Thursday,0.00045406748876786196,0.00045406748876786196,-0.0009812368370667457,0.0009812368370667457
2016-07-08,Friday,-0.0001647834274952631,0.0001647834274952631,0.0006818555876890731,0.0006818555876890731
2016-07-11,Monday,-0.00018712574850299202,0.00018712574850299202,0.0003274241077693141,0.0003274241077693141
2016-07-12,Tuesday,0.0001628058424039125,0.0001628058424039125,-0.00013943112102621225,0.00013943112102621225
2016-07-13,Wednesday,-0.00043828598043782474,0.00043828598043782474,-0.000371989212312851,0.000371989212312851
2016-07-14,Thursday,0.000271522690910464,0.000271522690910464,-0.0002776492364645611,0.0002776492364645611
2016-07-15,Friday,0.0002549778632854327,0.0002549778632854327,0.00018549434242265406,0.00018549434242265406
2016-07-18,Monday,-0.0001062650157087619,0.0001062650157087619,-6.929526713328471e-05,6.929526713328471e-05
2016-07-19,Tuesday,0.000533147890588781,0.000533147890588781,0.0,0.0
2016-07-20,Wednesday,0.00011509334069925714,0.00011509334069925714,-0.00041428834468792974,0.00041428834468792974
2016-07-21,Thursday,2.3128874086397744e-05,2.3128874086397744e-05,0.00013883746760456894,0.00013883746760456894
2016-07-22,Friday,-0.00025339783460032184,0.00025339783460032184,-0.00023031391787009525,0.00023031391787009525
2016-07-25,Monday,0.0003651997041420607,0.0003651997041420607,0.0002265791177287202,0.0002265791177287202
2016-07-26,Tuesday,0.00016188339770129012,0.00016188339770129012,0.00018487705675718225,0.00018487705675718225
2016-07-27,Wednesday,-0.0009480207177211541,0.0009480207177211541,0.0005548884470931714,0.0005548884470931714
2016-07-28,Thursday,-0.00018464663250705726,0.00018464663250705726,0.00030006462930476374,0.00030006462930476374
2016-07-29,Friday,-0.0001840773124713868,0.0001840773124713868,-0.0007323243939463264,0.0007323243939463264
2016-08-01,Monday,9.219138932436977e-05,9.219138932436977e-05,9.228497600588526e-05,9.228497600588526e-05
2016-08-02,Tuesday,-0.00025599851055413403,0.00025599851055413403,-0.00025549310168626604,0.00025549310168626604
2016-08-03,Wednesday,-8.10706514512427e-05,8.10706514512427e-05,0.00046375736214798735,0.00046375736214798735
2016-08-04,Thursday,0.00027731558513566235,0.00027731558513566235,0.0,0.0
2016-08-05,Friday,-2.292421255345456e-05,2.292421255345456e-05,0.0003669724770642979,0.0003669724770642979
2016-08-08,Monday,-0.00017701955928550728,0.00017701955928550728,0.0002525368474217693,0.0002525368474217693
2016-08-09,Tuesday,-0.00016046213093712236,0.00016046213093712236,-0.0007798880631250116,0.0007798880631250116
2016-08-10,Wednesday,0.0003125114893929304,0.0003125114893929304,-0.00036810380527319,0.00036810380527319
2016-08-11,Thursday,0.0003657811714141701,0.0003657811714141701,-0.00018278194114418334,0.00018278194114418334
2016-08-12,Friday,-0.00018337688534353358,0.00018337688534353358,0.00010996815505515123,0.00010996815505515123
2016-08-15,Monday,-8.661955778443975e-05,8.661955778443975e-05,0.00013679266791299938,0.00013679266791299938
2016-08-16,Tuesday,0.00036882617062228285,0.00036882617062228285,-0.00018329705579100963,0.00018329705579100963
2016-08-17,Wednesday,0.0009184423218222548,0.0009184423218222548,-0.0002749896878867508,0.0002749896878867508
2016-08-18,Thursday,4.574565416293197e-05,4.574565416293197e-05,-0.0002744488152959246,0.0002744488152959246
2016-08-19,Friday,0.00013741297178460066,0.00013741297178460066,0.00022893772893772812,0.00022893772893772812
2016-08-22,Monday,0.0005951290972350254,0.0005951290972350254,0.000366552119129393,0.000366552119129393
2016-08-23,Tuesday,-0.0004333941605839664,0.0004333941605839664,-5.0182481751814834e-05,5.0182481751814834e-05
2016-08-24,Wednesday,-0.0008695652173913437,0.0008695652173913437,-4.5840018336074095e-05,4.5840018336074095e-05
2016-08-25,Thursday,0.00016087516087504028,0.00016087516087504028,0.0002759635728084575,0.0002759635728084575
2016-08-26,Friday,-9.227220299889982e-05,9.227220299889982e-05,0.0001155268022181577,0.0001155268022181577
2016-08-29,Monday,0.0,0.0,6.867502975915762e-05,6.867502975915762e-05
2016-08-30,Tuesday,-0.0005970423440800898,0.0005970423440800898,-0.00022987448852918035,0.00022987448852918035
2016-08-31,Wednesday,0.00036883356385430943,0.00036883356385430943,-0.0003683580440188017,0.0003683580440188017
2016-09-01,Thursday,-0.0009672961768770749,0.0009672961768770749,-0.00032243205895898797,0.00032243205895898797
2016-09-02,Friday,0.00011475786091352802,0.00011475786091352802,-9.169685021326313e-05,9.169685021326313e-05
2016-09-06,Tuesday,-3.658514277360414e-05,3.658514277360414e-05,0.00020575661278887658,0.00020575661278887658
2016-09-07,Wednesday,0.0,0.0,-0.00027414785707757794,0.00027414785707757794
2016-09-08,Thursday,-0.00019683237205903037,0.00019683237205903037,4.576659038901809e-05,4.576659038901809e-05
2016-09-09,Friday,-0.0013279903080006816,0.0013279903080006816,-0.00020973643121813268,0.00020973643121813268
2016-09-12,Monday,0.0016241299303945134,0.0016241299303945134,9.257544899088366e-05,9.257544899088366e-05
2016-09-13,Tuesday,-0.00023451057642709383,0.00023451057642709383,7.047216349542751e-05,7.047216349542751e-05
2016-09-14,Wednesday,-0.0007497656982192735,0.0007497656982192735,-0.00023451057642709383,0.00023451057642709383
2016-09-15,Thursday,-9.287206872521381e-05,9.287206872521381e-05,-0.00018088214832345795,0.00018088214832345795
2016-09-16,Friday,-7.049534730718676e-05,7.049534730718676e-05,0.0003754458419371609,0.0003754458419371609
2016-09-19,Monday,0.0005348194633072456,0.0005348194633072456,0.00035076232344977143,0.00035076232344977143
2016-09-20,Tuesday,0.0002800635870581214,0.0002800635870581214,0.0005144273488284501,0.0005144273488284501
2016-09-21,Wednesday,0.0018234524032167965,0.0018234524032167965,0.0006542973314016542,0.0006542973314016542
2016-09-22,Thursday,9.205136466139408e-05,9.205136466139408e-05,-0.0004610632117663105,0.0004610632117663105
2016-09-23,Friday,0.0003704732796148136,0.0003704732796148136,0.00013876040703042491,0.00013876040703042491
2016-09-26,Monday,0.00023332866675995767,0.00023332866675995767,-0.000397341357265768,0.000397341357265768
2016-09-27,Tuesday,0.00013923051932973607,0.00013923051932973607,0.0,0.0
2016-09-28,Wednesday,-0.00020876342464803965,0.00020876342464803965,-4.621712806762712e-05,4.621712806762712e-05
2016-09-29,Thursday,0.0006532897806812432,0.0006532897806812432,-0.00011606044427936446,0.00011606044427936446
2016-09-30,Friday,4.615100609184353e-05,4.615100609184353e-05,0.00011529769865781248,0.00011529769865781248
2016-10-03,Monday,0.0007887533058041907,0.0007887533058041907,0.00024816025122165186,0.00024816025122165186
2016-10-04,Tuesday,0.0006527719494568984,0.0006527719494568984,0.0008396697299062339,0.0008396697299062339
2016-10-05,Wednesday,-0.0003236410778775234,0.0003236410778775234,4.6324176587786425e-05,4.6324176587786425e-05
2016-10-06,Thursday,0.00027433977722868264,0.00027433977722868264,0.00011579166763153736,0.00011579166763153736
2016-10-07,Friday,-0.0002318880988894101,0.0002318880988894101,0.0009058602188001252,0.0009058602188001252
2016-10-10,Monday,-0.00011559891799406419,0.00011559891799406419,0.00027700702922683895,0.00027700702922683895
2016-10-11,Tuesday,0.00046481055448599484,0.00046481055448599484,-0.00046981442330273904,0.00046981442330273904
2016-10-12,Wednesday,-0.0007242821429406243,0.0007242821429406243,0.0005142109199700595,0.0005142109199700595
2016-10-13,Thursday,0.0004924606617733307,0.0004924606617733307,0.00013601613432756565,0.00013601613432756565
2016-10-14,Friday,-0.00036530877958773633,0.00036530877958773633,-0.0006083863721452198,0.0006083863721452198
2016-10-17,Monday,0.0006361173283073729,0.0006361173283073729,-0.0005880277549100699,0.0005880277549100699
2016-10-18,Tuesday,0.0002570033410433936,0.0002570033410433936,-0.00025684731594544097,0.00025684731594544097
2016-10-19,Wednesday,0.00028995641330453736,0.00028995641330453736,-0.00023266657341358687,0.00023266657341358687
2016-10-20,Thursday,0.0004911017048243593,0.0004911017048243593,-0.00035001651947130785,0.00035001651947130785
2016-10-21,Friday,-0.00030401534108182027,0.00030401534108182027,-0.00011128578095032093,0.00011128578095032093
2016-10-24,Monday,6.983565342899567e-05,6.983565342899567e-05,-6.980477930051965e-05,6.980477930051965e-05
2016-10-25,Tuesday,4.663744053745589e-05,4.663744053745589e-05,-0.0002099370188942684,0.0002099370188942684
2016-10-26,Wednesday,-0.0006560142448807094,0.0006560142448807094,2.3420849240007868e-05,2.3420849240007868e-05
2016-10-27,Thursday,0.0002807674309779351,0.0002807674309779351,-0.0007016887308790576,0.0007016887308790576
2016-10-28,Friday,0.0007551800632463745,0.0007551800632463745,0.0012233567025832226,0.0012233567025832226
2016-10-31,Monday,0.0002350894515363855,0.0002350894515363855,0.00047072114479385085,0.00047072114479385085
2016-11-01,Tuesday,4.3749108374235846e-05,4.3749108374235846e-05,0.000522739153162588,0.000522739153162588
2016-11-02,Wednesday,-0.00047623583198397323,0.00047623583198397323,0.00019033117624656093,0.00019033117624656093
2016-11-03,Thursday,0.0007648914810212126,0.0007648914810212126,-0.00047169585892137267,0.00047169585892137267
2016-11-04,Friday,-0.000357628209713301,0.000357628209713301,-0.0008347643579468267,0.0008347643579468267
2016-11-07,Monday,-7.045892244816887e-05,7.045892244816887e-05,-0.00014095094906974026,0.00014095094906974026
2016-11-08,Tuesday,-0.00023327423719332607,0.00023327423719332607,-0.0007942069609905289,0.0007942069609905289
2016-11-09,Wednesday,0.0002084925985126329,0.0002084925985126329,0.0012492481376948916,0.0012492481376948916
2016-11-10,Thursday,0.0001608197210927198,0.0001608197210927198,-0.0010323262978801928,0.0010323262978801928
2016-11-11,Friday,-2.313743637205601e-05,2.313743637205601e-05,0.00032396908409304537,0.00032396908409304537
2016-11-14,Monday,-0.0003235946745562268,0.0003235946745562268,3.374744062645263e-05,3.374744062645263e-05
2016-11-15,Tuesday,-0.0002759889604415644,0.0002759889604415644,0.0005514959327175273,0.0005514959327175273
2016-11-16,Wednesday,0.0002985554509336019,0.0002985554509336019,0.00018368846436445097,0.00018368846436445097
2016-11-17,Thursday,-0.0003657811714142811,0.0003657811714142811,-0.0001371742112482588,0.0001371742112482588
2016-11-18,Friday,-9.149967975119466e-05,9.149967975119466e-05,-0.00011304880733509215,0.00011304880733509215
2016-11-21,Monday,-0.00013641944431808106,0.00013641944431808106,0.0001209915851716481,0.0001209915851716481
2016-11-22,Tuesday,-0.0003406922867266182,0.0003406922867266182,0.0002044014444368969,0.0002044014444368969
2016-11-23,Wednesday,0.0005445634416407774,0.0005445634416407774,0.0001813894431343943,0.0001813894431343943
2016-11-25,Friday,-4.5134500812338274e-05,4.5134500812338274e-05,0.00027072147272488856,0.00027072147272488856
2016-11-28,Monday,0.00020354162426206024,0.00020354162426206024,9.050388035380941e-05,9.050388035380941e-05
2016-11-29,Tuesday,4.518344478587899e-05,4.518344478587899e-05,0.0001220184564214577,0.0001220184564214577
2016-11-30,Wednesday,-0.0009041795700626132,0.0009041795700626132,-0.0009511731135066759,0.0009511731135066759
2016-12-01,Thursday,0.0010036479708162016,0.0010036479708162016,0.0005923900660744774,0.0005923900660744774
2016-12-02,Friday,-0.00018230709630373543,0.00018230709630373543,9.112862805848998e-05,9.112862805848998e-05
2016-12-05,Monday,-0.0006340579710145677,0.0006340579710145677,-4.577384998860623e-05,4.577384998860623e-05
2016-12-06,Tuesday,4.471544715434206e-05,4.471544715434206e-05,0.00013547687861281688,0.00013547687861281688
2016-12-07,Wednesday,-0.0009824498727281084,0.0009824498727281084,0.00013404825737262094,0.00013404825737262094
2016-12-08,Thursday,-0.0002659102995921092,0.0002659102995921092,-0.0002663706992230841,0.0002663706992230841
2016-12-09,Friday,0.0003098441926345785,0.0003098441926345785,0.0005423233575350128,0.0005423233575350128
2016-12-12,Monday,0.0001770342339950659,0.0001770342339950659,-0.00011059010882064069,0.00011059010882064069
2016-12-13,Tuesday,-0.0003069502302127658,0.0003069502302127658,0.0003298780329781259,0.0003298780329781259
2016-12-14,Wednesday,0.0010152364473834385,0.0010152364473834385,0.0019438922023415905,0.0019438922023415905
2016-12-15,Thursday,0.0007284929027131515,0.0007284929027131515,0.0001317935381495161,0.0001317935381495161
2016-12-16,Friday,-0.00020004000800166732,0.00020004000800166732,0.00019295749599868017,0.00019295749599868017
2016-12-19,Monday,-8.857788210281381e-05,8.857788210281381e-05,-0.0005758582502768395,0.0005758582502768395
2016-12-20,Tuesday,-0.0003092829054920365,0.0003092829054920365,-0.001061148693460634,0.001061148693460634
2016-12-21,Wednesday,0.00022117043393654612,0.00022117043393654612,-8.843296781047005e-05,8.843296781047005e-05
2016-12-22,Thursday,0.00024395653138165052,0.00024395653138165052,-0.00017743867275876735,0.00017743867275876735
2016-12-23,Friday,2.2179834094915307e-05,2.2179834094915307e-05,8.871540099364417e-05,8.871540099364417e-05
2016-12-27,Tuesday,-0.00022083830219510325,0.00022083830219510325,-8.831581736290506e-05,8.831581736290506e-05
2016-12-28,Wednesday,0.00037843372957557797,0.00037843372957557797,0.0002226973098164997,0.0002226973098164997
2016-12-29,Thursday,0.0008921800419325887,0.0008921800419325887,-0.0006241084165476973,0.0006241084165476973
2016-12-30,Friday,-0.00017902698831862018,0.00017902698831862018,0.0002240444504189032,0.0002240444504189032
2017-01-03,Tuesday,0.0006026516673363069,0.0006026516673363069,-0.0002677376171351664,0.0002677376171351664
2017-01-04,Wednesday,-0.00015462437321900335,0.00015462437321900335,0.00022069209039554671,0.00022069209039554671
2017-01-05,Thursday,0.000575170338908082,0.000575170338908082,-0.0003095017022592961,0.0003095017022592961
2017-01-06,Friday,0.00030766526019676554,0.00030766526019676554,0.00019779785059670374,0.00019779785059670374
2017-01-09,Monday,0.0001322926313005457,0.0001322926313005457,-0.0006617841701226368,0.0006617841701226368
2017-01-10,Tuesday,-0.0003971581130577384,0.0003971581130577384,0.00048571554731324795,0.00048571554731324795
2017-01-11,Wednesday,-0.00017672528055134862,0.00017672528055134862,0.0004857798975446137,0.0004857798975446137
2017-01-12,Thursday,0.0001767877662866013,0.0001767877662866013,0.000839296757664032,0.000839296757664032
2017-01-13,Friday,-4.405286343611703e-05,4.405286343611703e-05,0.0006175834840531635,0.0006175834840531635
2017-01-17,Tuesday,4.413062665498124e-05,4.413062665498124e-05,-5.88001237896707e-05,5.88001237896707e-05
2017-01-18,Wednesday,0.00013255567338288365,0.00013255567338288365,-0.0003311258278144713,0.0003311258278144713
2017-01-19,Thursday,0.000261819468400315,0.000261819468400315,-0.00013285505513482843,0.00013285505513482843
2017-01-20,Friday,8.833141948594303e-05,8.833141948594303e-05,0.0002652050919378368,0.0002652050919378368
2017-01-23,Monday,8.854650905387729e-05,8.854650905387729e-05,0.0004428697962799433,0.0004428697962799433
2017-01-24,Tuesday,0.0002635277582572204,0.0002635277582572204,0.0005714413719160039,0.0005714413719160039
2017-01-25,Wednesday,-0.00013733868154874873,0.00013733868154874873,-8.717635777166777e-05,8.717635777166777e-05
2017-01-26,Thursday,-0.00023984475503135982,0.00023984475503135982,-0.00028324908488752687,0.00028324908488752687
2017-01-27,Friday,0.00017474116464977207,0.00017474116464977207,0.0004150012013193205,0.0004150012013193205
2017-01-30,Monday,0.00037468041964205945,0.00037468041964205945,0.000176009856551973,0.000176009856551973
2017-01-31,Tuesday,-0.00013112003885029644,0.00013112003885029644,-0.000485179957656956,0.000485179957656956
2017-02-01,Wednesday,-0.0003960396039603964,0.0003960396039603964,-0.0016243743963473278,0.0016243743963473278
2017-02-02,Thursday,-0.00026341206427260566,0.00026341206427260566,-0.0001979631788486813,0.0001979631788486813
2017-02-03,Friday,0.0003490249116528954,0.0003490249116528954,0.00028788275320601464,0.00028788275320601464
2017-02-06,Monday,-0.0003277972027972975,0.0003277972027972975,6.99545295557158e-05,6.99545295557158e-05
2017-02-07,Tuesday,8.733624454149158e-05,8.733624454149158e-05,0.00017471063551011135,0.00017471063551011135
2017-02-08,Wednesday,-0.00013088434186991904,0.00013088434186991904,0.00030546343166348855,0.00030546343166348855
2017-02-09,Thursday,-8.667764583514259e-05,8.667764583514259e-05,0.0,0.0
2017-02-10,Friday,-8.679131223288117e-05,8.679131223288117e-05,0.0,0.0
2017-02-13,Monday,-6.483048973637828e-05,6.483048973637828e-05,-0.00026192623126786163,0.00026192623126786163
2017-02-14,Tuesday,8.566778034779787e-05,8.566778034779787e-05,-8.5653104925143e-05,8.5653104925143e-05
2017-02-15,Wednesday,0.0005508166752501431,0.0005508166752501431,4.2605768820980217e-05,4.2605768820980217e-05
2017-02-16,Thursday,6.400819304874794e-05,6.400819304874794e-05,-2.1345628415270212e-05,2.1345628415270212e-05
2017-02-17,Friday,4.2665756463833304e-05,4.2665756463833304e-05,0.0002558089959496801,0.0002558089959496801
2017-02-21,Tuesday,0.0002753362278937743,0.0002753362278937743,-0.00016926201760325554,0.00016926201760325554
2017-02-22,Wednesday,-0.0002537641684994263,0.0002537641684994263,-0.0005076786394212496,0.0005076786394212496
2017-02-23,Thursday,-8.50109604928484e-05,8.50109604928484e-05,-0.00010571718538554542,0.00010571718538554542
2017-02-24,Friday,-0.0002329718739411124,0.0002329718739411124,0.00010591200830356584,0.00010591200830356584
2017-02-27,Monday,-0.00027423846088936443,0.00027423846088936443,4.21780758361745e-05,4.21780758361745e-05
2017-02-28,Tuesday,-0.0003655650409940536,0.0003655650409940536,4.229760595553245e-05,4.229760595553245e-05
2017-03-01,Wednesday,-0.00016673614005835447,0.00016673614005835447,-0.00033300033300043275,0.00033300033300043275
2017-03-02,Thursday,5.526712443471027e-05,5.526712443471027e-05,0.000585945674465238,0.000585945674465238
2017-03-03,Friday,4.1969194611191085e-05,4.1969194611191085e-05,0.0005458515283842669,0.0005458515283842669
2017-03-06,Monday,-0.00016822272689032136,0.00016822272689032136,-4.2059219380830015e-05,4.2059219380830015e-05
2017-03-07,Tuesday,0.00014882916140890323,0.00014882916140890323,-0.0001685772083613868,0.0001685772083613868
2017-03-08,Wednesday,8.427439743807774e-05,8.427439743807774e-05,-4.222438035728082e-05,4.222438035728082e-05
2017-03-09,Thursday,-0.0013744105893050973,0.0013744105893050973,-0.0002541296060991627,0.0002541296060991627
2017-03-10,Friday,-0.00012652355446840513,0.00012652355446840513,-0.0003160423075302399,0.0003160423075302399
2017-03-13,Monday,-4.210969575746404e-05,4.210969575746404e-05,0.00029467480530409595,0.00029467480530409595
2017-03-14,Tuesday,0.00021123785382348714,0.00021123785382348714,0.000506820965493926,0.000506820965493926
2017-03-15,Wednesday,0.003009124931668161,0.003009124931668161,-0.0005036272906445705,0.0005036272906445705
2017-03-16,Thursday,6.28706750214203e-05,6.28706750214203e-05,0.0002095206168286623,0.0002095206168286623
2017-03-17,Friday,0.00024824336264583913,0.00024824336264583913,4.205568172266361e-05,4.205568172266361e-05
2017-03-20,Monday,-0.00019985017574564168,0.00019985017574564168,-0.00016891178581979194,0.00016891178581979194
2017-03-21,Tuesday,-0.00012825171536667845,0.00012825171536667845,0.0011947941113719107,0.0011947941113719107
2017-03-22,Wednesday,0.0010913526352955838,0.0010913526352955838,0.00047052784669343595,0.00047052784669343595
2017-03-23,Thursday,0.00019173412867501405,0.00019173412867501405,0.0001913284329391196,0.0001913284329391196
2017-03-24,Friday,0.0003419095649201953,0.0003419095649201953,0.0,0.0
2017-03-27,Monday,0.0004715161387114364,0.0004715161387114364,0.0002358338871857324,0.0002358338871857324
2017-03-28,Tuesday,-0.0003397316120263838,0.0003397316120263838,-0.00046804718662474265,0.00046804718662474265
2017-03-29,Wednesday,-0.0001485631817988997,0.0001485631817988997,-0.000297012898845872,0.000297012898845872
2017-03-30,Thursday,8.424346615720779e-05,8.424346615720779e-05,0.00020516074450083188,0.00020516074450083188
2017-03-31,Friday,-0.0002752313001502804,0.0002752313001502804,0.0003813882532417434,0.0003813882532417434
2017-04-03,Monday,-4.5152496166211975e-05,4.5152496166211975e-05,-6.387191551870952e-05,6.387191551870952e-05
2017-04-04,Tuesday,0.00010625863351410025,0.00010625863351410025,-4.2462845010526884e-05,4.2462845010526884e-05
2017-04-05,Wednesday,-0.0008430281571405462,0.0008430281571405462,-0.0009283875596066693,0.0009283875596066693
2017-04-06,Thursday,0.00010608953957147449,0.00010608953957147449,0.0002973409226065815,0.0002973409226065815
2017-04-07,Friday,0.000551548578701766,0.000551548578701766,0.0,0.0
2017-04-10,Monday,-0.0015691929259086246,0.0015691929259086246,0.00025478788908239736,0.00025478788908239736
2017-04-11,Tuesday,-4.262211235184221e-05,4.262211235184221e-05,0.000319631784184482,0.000319631784184482
2017-04-12,Wednesday,-0.0008064474879927452,0.0008064474879927452,0.0004266211604095904,0.0004266211604095904
2017-04-13,Thursday,0.0006005748359143581,0.0006005748359143581,0.00021413276231263545,0.00021413276231263545
2017-04-17,Monday,0.00019882840894513976,0.00019882840894513976,0.0004707745631225002,0.0004707745631225002
2017-04-18,Tuesday,0.0005988023952094856,0.0005988023952094856,0.00012820512820521657,0.00012820512820521657
2017-04-19,Wednesday,-0.00029944468175990835,0.00029944468175990835,-0.00017099863201086585,0.00017099863201086585
2017-04-20,Thursday,-0.00016967845931969983,0.00016967845931969983,6.36591265967823e-05,6.36591265967823e-05
2017-04-21,Friday,-0.00027684313641973546,0.00027684313641973546,0.0002128293534242598,0.0002128293534242598
2017-04-24,Monday,-0.00021089927450657076,0.00021089927450657076,0.00025292976983393167,0.00025292976983393167
2017-04-25,Tuesday,0.00014666443178024124,0.00014666443178024124,0.0003142150907033958,0.0003142150907033958
2017-04-26,Wednesday,-0.00010460251046029434,0.00010460251046029434,0.0006694560669455729,0.0006694560669455729
2017-04-27,Thursday,-0.00012569130216188995,0.00012569130216188995,0.0005447764321333537,0.0005447764321333537
2017-04-28,Friday,0.00033599328013433905,0.00033599328013433905,0.00037089931532752196,0.00037089931532752196
2017-05-01,Monday,0.0001673465118710027,0.0001673465118710027,-4.183925358769436e-05,4.183925358769436e-05
2017-05-02,Tuesday,0.0003352048939915253,0.0003352048939915253,-6.285355122570557e-05,6.285355122570557e-05
2017-05-03,Wednesday,0.000713715941055515,0.000713715941055515,0.00012594458438286438,0.00012594458438286438
2017-05-04,Thursday,0.00034000072947137916,0.00034000072947137916,0.0002095820933059045,0.0002095820933059045
2017-05-05,Friday,0.0003763958010956081,0.0003763958010956081,-8.36365157026453e-05,8.36365157026453e-05
2017-05-08,Monday,-5.590204626526596e-05,5.590204626526596e-05,-0.00014606155451224456,0.00014606155451224456
2017-05-09,Tuesday,-0.00020861148197603985,0.00020861148197603985,0.00014571720840894642,0.00014571720840894642
2017-05-10,Wednesday,-0.00020857667278495473,0.00020857667278495473,0.0005008765339342691,0.0005008765339342691
2017-05-11,Thursday,-0.0002089340186369748,0.0002089340186369748,-0.00012529234881386575,0.00012529234881386575
2017-05-12,Friday,-6.276413239059142e-05,6.276413239059142e-05,0.00029302189292157443,0.00029302189292157443
2017-05-15,Monday,-0.0002080819010361612,0.0002080819010361612,8.335417187632643e-05,8.335417187632643e-05
2017-05-16,Tuesday,6.792091172358461e-05,6.792091172358461e-05,0.0002917882451021203,0.0002917882451021203
2017-05-17,Wednesday,0.0009706279540850904,0.0009706279540850904,0.00036066128282108423,0.00036066128282108423
2017-05-18,Thursday,0.0021121108435770974,0.0021121108435770974,0.0010952902519167917,0.0010952902519167917
2017-05-19,Friday,6.784914036828127e-05,6.784914036828127e-05,0.00035591658990030695,0.00035591658990030695
2017-05-22,Monday,-4.1779820346699026e-05,4.1779820346699026e-05,0.00010440811042200515,0.00010440811042200515
2017-05-23,Tuesday,6.249609399411327e-05,6.249609399411327e-05,-8.335417187632643e-05,8.335417187632643e-05
2017-05-24,Wednesday,-0.0005413283364563704,0.0005413283364563704,-0.0002079693869061483,0.0002079693869061483
2017-05-25,Thursday,-0.0001447417393821704,0.0001447417393821704,0.00021299474750824388,0.00021299474750824388
2017-05-26,Friday,-1.9033432638204673e-05,1.9033432638204673e-05,-0.00018611191529838145,0.00018611191529838145
2017-05-30,Tuesday,0.0,0.0,-4.13907284767534e-05,4.13907284767534e-05
2017-05-31,Wednesday,-0.0004149033275248071,0.0004149033275248071,0.0001659028224219039,0.0001659028224219039
2017-06-01,Thursday,-4.1182769129344265e-05,4.1182769129344265e-05,-0.00028527323247917735,0.00028527323247917735
2017-06-02,Friday,-0.0001433222088000896,0.0001433222088000896,0.00010247161536258709,0.00010247161536258709
2017-06-05,Monday,4.0970173713406055e-05,4.0970173713406055e-05,-0.0001024170421958237,0.0001024170421958237
2017-06-06,Tuesday,0.0005745143936595198,0.0005745143936595198,0.0007181844297616813,0.0007181844297616813
2017-06-07,Wednesday,0.00020534724218657097,0.00020534724218657097,0.0004105258836568648,0.0004105258836568648
2017-06-08,Thursday,-0.0004541262782548072,0.0004541262782548072,0.0004517824872680709,0.0004517824872680709
2017-06-09,Friday,0.0012746629398223686,0.0012746629398223686,-0.0009448301359734623,0.0009448301359734623
2017-06-12,Monday,0.0004944123976691195,0.0004944123976691195,0.0007828594973218195,0.0007828594973218195
2017-06-13,Tuesday,6.139614841504937e-05,6.139614841504937e-05,-7.570797184486278e-05,7.570797184486278e-05
2017-06-14,Wednesday,0.0006549592697204787,0.0006549592697204787,0.0001431844215349365,0.0001431844215349365
2017-06-15,Thursday,0.0003205628755311718,0.0003205628755311718,8.210180623979824e-05,8.210180623979824e-05
2017-06-16,Friday,-6.189906326092842e-05,6.189906326092842e-05,0.0003920354895285971,0.0003920354895285971
2017-06-19,Monday,-2.0456172650229476e-05,2.0456172650229476e-05,2.0467896104880978e-05,2.0467896104880978e-05
2017-06-20,Tuesday,0.00018875279538788092,0.00018875279538788092,2.053514590216743e-05,2.053514590216743e-05
2017-06-21,Wednesday,-0.0001855211081794872,0.0001855211081794872,0.00045345865281554154,0.00045345865281554154
2017-06-22,Thursday,-4.108463434682186e-05,4.108463434682186e-05,-0.0001232944270919134,0.0001232944270919134
2017-06-23,Friday,-0.00014379622021365446,0.00014379622021365446,0.0003083374444992071,0.0003083374444992071
2017-06-26,Monday,8.211191854501365e-05,8.211191854501365e-05,0.00012319316688569337,0.00012319316688569337
2017-06-27,Tuesday,-0.0006814380407623721,0.0006814380407623721,0.00028892190853557764,0.00028892190853557764
2017-06-28,Wednesday,-0.0003284207069256251,0.0003284207069256251,0.00016434528945330484,0.00016434528945330484
2017-06-29,Thursday,-0.0005812505189737305,0.0005812505189737305,-0.0005176412125227348,0.0005176412125227348
2017-06-30,Friday,-4.1306951960029537e-05,4.1306951960029537e-05,0.0002022361540461315,0.0002022361540461315
2017-07-03,Monday,-4.135307253327891e-05,4.135307253327891e-05,0.0,0.0
2017-07-05,Wednesday,0.0003296929734184495,0.0003296929734184495,0.0,0.0
2017-07-06,Thursday,-0.000165713812246171,0.000165713812246171,-0.00012481857764878868,0.00012481857764878868
2017-07-07,Friday,-0.00020644095788602268,0.00020644095788602268,8.262414277449004e-05,8.262414277449004e-05
2017-07-10,Monday,-6.180342390971205e-05,6.180342390971205e-05,-2.061175694623163e-05,2.061175694623163e-05
2017-07-11,Tuesday,0.00024769846839789444,0.00024769846839789444,-0.00014449375580549706,0.00014449375580549706
2017-07-12,Wednesday,-0.0003687617798902032,0.0003687617798902032,-0.00024578076355896705,0.00024578076355896705
2017-07-13,Thursday,-0.00040923228024236646,0.00040923228024236646,8.186990871505984e-05,8.186990871505984e-05
2017-07-14,Friday,0.0,0.0,-4.071661237781132e-05,4.071661237781132e-05
2017-07-17,Monday,-4.070004070000355e-05,4.070004070000355e-05,-0.00023040292831544296,0.00023040292831544296
2017-07-18,Tuesday,-4.0744815222315545e-05,4.0744815222315545e-05,0.0002856677126208407,0.0002856677126208407
2017-07-19,Wednesday,4.0531776912544615e-07,4.0531776912544615e-07,-4.051535531968131e-05,4.051535531968131e-05
2017-07-20,Thursday,-0.00010109383529788296,0.00010109383529788296,0.0,0.0
2017-07-21,Friday,-0.00018238929982772323,0.00018238929982772323,0.00013945192151787467,0.00013945192151787467
2017-07-24,Monday,0.0001621862709322297,0.0001621862709322297,0.0002431610942248419,0.0002431610942248419
2017-07-25,Tuesday,-2.0190191605040653e-05,2.0190191605040653e-05,-0.0003634161114476342,0.0003634161114476342
2017-07-26,Wednesday,0.0008691258211217523,0.0008691258211217523,-0.00022206968950611028,0.00022206968950611028
2017-07-27,Thursday,0.00016244314489921585,0.00016244314489921585,-0.0010842172766554192,0.0010842172766554192
2017-07-28,Friday,2.0271639975755207e-05,2.0271639975755207e-05,0.0002432005188277575,0.0002432005188277575
2017-07-31,Monday,-4.047927461137135e-05,4.047927461137135e-05,-0.00015785639116006056,0.00015785639116006056
2017-08-01,Tuesday,4.043017708421637e-05,4.043017708421637e-05,0.0,0.0
2017-08-02,Wednesday,-0.00020228173800473925,0.00020228173800473925,0.0006676107626946148,0.0006676107626946148
2017-08-03,Thursday,0.00012140833670581941,0.00012140833670581941,8.092251669022943e-05,8.092251669022943e-05
2017-08-04,Friday,0.00012126111560228914,0.00012126111560228914,0.00024275772778770133,0.00024275772778770133
2017-08-07,Monday,-6.742797017178503e-05,6.742797017178503e-05,4.0368320557426784e-06,4.0368320557426784e-06
2017-08-08,Tuesday,-0.00020151539577628608,0.00020151539577628608,8.102878335880526e-05,8.102878335880526e-05
2017-08-09,Wednesday,-0.0001215608412010738,0.0001215608412010738,-0.0006082478407202219,0.0006082478407202219
2017-08-10,Thursday,-0.00044930969692014155,0.00044930969692014155,0.0010200750775257728,0.0010200750775257728
2017-08-11,Friday,0.00014155961050654753,0.00014155961050654753,-0.0007158781779877943,0.0007158781779877943
2017-08-14,Monday,-0.00010137052955971892,0.00010137052955971892,0.00016182667025188557,0.00016182667025188557
2017-08-15,Tuesday,0.00038516939538957295,0.00038516939538957295,-0.00018242626938280715,0.00018242626938280715
2017-08-16,Wednesday,0.0006073858114674646,0.0006073858114674646,4.054327995128837e-05,4.054327995128837e-05
2017-08-17,Thursday,-0.000858579663927439,0.000858579663927439,-0.0002454590083456054,0.0002454590083456054
2017-08-18,Friday,0.0005347813566991544,0.0005347813566991544,-0.00012327416173574246,0.00012327416173574246
2017-08-21,Monday,4.121501875276046e-05,4.121501875276046e-05,-0.0002884575761321617,0.0002884575761321617
2017-08-22,Tuesday,0.0,0.0,0.0005301145863068069,0.0005301145863068069
2017-08-23,Wednesday,0.00016233235197904428,0.00016233235197904428,0.00016351892731569784,0.00016351892731569784
2017-08-24,Thursday,5.483712555243159e-05,5.483712555243159e-05,0.00020475858962298865,0.00020475858962298865
2017-08-25,Friday,0.0,0.0,-4.040816326522645e-05,4.040816326522645e-05
2017-08-28,Monday,-0.00015994495602744685,0.00015994495602744685,0.0,0.0
2017-08-29,Tuesday,-8.175612148952904e-05,8.175612148952904e-05,0.00018395503321411155,0.00018395503321411155
2017-08-30,Wednesday,-0.0003655119197498724,0.0003655119197498724,0.00012185215272131344,0.00012185215272131344
2017-08-31,Thursday,-0.00012135431414583842,0.00012135431414583842,0.00030331216888423995,0.00030331216888423995
2017-09-01,Friday,0.0003425140531501114,0.0003425140531501114,8.060615831051443e-05,8.060615831051443e-05
2017-09-05,Tuesday,0.0009042076991943038,0.0009042076991943038,-0.00020320247094207655,0.00020320247094207655
2017-09-06,Wednesday,0.00028355004658320304,0.00028355004658320304,4.047108341076466e-05,4.047108341076466e-05
2017-09-07,Thursday,0.0,0.0,-0.0003038036213391937,0.0003038036213391937
2017-09-08,Friday,-0.00018723404255316378,0.00018723404255316378,0.00034444331881267054,0.00034444331881267054
2017-09-11,Monday,0.0,0.0,0.0002408767915211829,0.0002408767915211829
2017-09-12,Tuesday,0.00019335468374692688,0.00019335468374692688,0.00020020020020017348,0.00020020020020017348
2017-09-13,Wednesday,-5.4010045868468914e-05,5.4010045868468914e-05,0.00012001920307258551,0.00012001920307258551
2017-09-14,Thursday,5.999400059986115e-05,5.999400059986115e-05,0.0001599520143957811,0.0001599520143957811
2017-09-15,Friday,0.0,0.0,-4.016225551239927e-05,4.016225551239927e-05
2017-09-18,Monday,-0.00028017931476143065,0.00028017931476143065,-8.01571079315222e-05,8.01571079315222e-05
2017-09-19,Tuesday,0.00017999999999984695,0.00017999999999984695,0.0005202289007164573,0.0005202289007164573
2017-09-20,Wednesday,-0.0002801232542318788,0.0002801232542318788,0.00012038040207063005,0.00012038040207063005
2017-09-21,Thursday,8.007687379896211e-05,8.007687379896211e-05,-0.0003204229583049223,0.0003204229583049223
2017-09-22,Friday,-0.00011034095354645057,0.00011034095354645057,8.426628144930781e-05,8.426628144930781e-05
2017-09-25,Monday,0.00016081695010661257,0.00016081695010661257,-0.00044251347654689077,0.00044251347654689077
2017-09-26,Tuesday,-0.00020046507898319188,0.00020046507898319188,-0.00012035625451334298,0.00012035625451334298
2017-09-27,Wednesday,0.0006010250660686278,0.0006010250660686278,-0.00019988007195692603,0.00019988007195692603
2017-09-28,Thursday,0.0,0.0,0.00011948529411753839,0.00011948529411753839
2017-09-29,Friday,-0.00026290002629003606,0.00026290002629003606,7.966381868507177e-05,7.966381868507177e-05
2017-10-02,Monday,-0.0001983418620334909,0.0001983418620334909,0.00013884481117099057,0.00013884481117099057
2017-10-03,Tuesday,7.522369150358976e-05,7.522369150358976e-05,3.957261575004978e-05,3.957261575004978e-05
2017-10-04,Wednesday,0.00017780587549642846,0.00017780587549642846,-4.346967002577529e-06,4.346967002577529e-06
2017-10-05,Thursday,-9.822796746683515e-05,9.822796746683515e-05,0.0002161779734297653,0.0002161779734297653
2017-10-06,Friday,3.935923170783617e-05,3.935923170783617e-05,-0.00012196081517035218,0.00012196081517035218
2017-10-09,Monday,3.932517991267481e-05,3.932517991267481e-05,-0.0005115290784606374,0.0005115290784606374
2017-10-10,Tuesday,0.0001179523472516486,0.0001179523472516486,0.00015727598002590604,0.00015727598002590604
2017-10-11,Wednesday,0.00047125353440158335,0.00047125353440158335,-0.00015706600698939255,0.00015706600698939255
2017-10-12,Thursday,0.0,0.0,-0.0001961476599583456,0.0001961476599583456
2017-10-13,Friday,0.00011761246692154614,0.00011761246692154614,0.0,0.0
2017-10-16,Monday,0.00011763783232687786,0.00011763783232687786,-0.0001959631589261157,0.0001959631589261157
2017-10-17,Tuesday,5.880162292482005e-05,5.880162292482005e-05,-0.00015673367031077134,0.00015673367031077134
2017-10-18,Wednesday,0.00013678553981444352,0.00013678553981444352,-1.954270080117837e-05,1.954270080117837e-05
2017-10-19,Thursday,0.00011744900755594756,0.00011744900755594756,0.00035238841033669033,0.00035238841033669033
2017-10-20,Friday,0.0002140744200529454,0.0002140744200529454,3.889688435965155e-05,3.889688435965155e-05
2017-10-23,Monday,3.894080996880156e-05,3.894080996880156e-05,-0.0003311516284867366,0.0003311516284867366
2017-10-24,Tuesday,-0.00011689070718867711,0.00011689070718867711,-0.00015577537191358015,0.00015577537191358015
2017-10-25,Wednesday,0.0004312372588990421,0.0004312372588990421,-0.0005482670843939275,0.0005482670843939275
2017-10-26,Thursday,-7.811889696107688e-05,7.811889696107688e-05,-0.00012888611154515672,0.00012888611154515672
2017-10-27,Friday,3.880782365728308e-05,3.880782365728308e-05,0.0001552132241666726,0.0001552132241666726
2017-10-30,Monday,-7.79089244672404e-05,7.79089244672404e-05,0.00019465856887035393,0.00019465856887035393
2017-10-31,Tuesday,7.773933999311033e-05,7.773933999311033e-05,-0.00017484215638663425,0.00017484215638663425
2017-11-01,Wednesday,0.0005438160348041343,0.0005438160348041343,0.0006603993473699443,0.0006603993473699443
2017-11-02,Thursday,-7.776654483238055e-05,7.776654483238055e-05,-0.0004661461368139497,0.0004661461368139497
2017-11-03,Friday,-0.00011611704598246675,0.00011611704598246675,-0.00015475683831789322,0.00015475683831789322
2017-11-06,Monday,-9.658849437843564e-05,9.658849437843564e-05,-0.0002511155324617098,0.0002511155324617098
2017-11-07,Tuesday,0.00012843982748811378,0.00012843982748811378,2.0121502921410794e-05,2.0121502921410794e-05
2017-11-08,Wednesday,-9.652416482430759e-06,9.652416482430759e-06,-0.00011581222977152805,0.00011581222977152805
2017-11-09,Thursday,0.0002912168983457697,0.0002912168983457697,0.000485069558974649,0.000485069558974649
2017-11-10,Friday,0.0001749214598765203,0.0001749214598765203,7.749234763076984e-05,7.749234763076984e-05
2017-11-13,Monday,-7.741735697130991e-05,7.741735697130991e-05,-9.676982329842598e-05,9.676982329842598e-05
2017-11-14,Tuesday,-7.766387076724168e-05,7.766387076724168e-05,-0.0001746758792019465,0.0001746758792019465
2017-11-15,Wednesday,7.793321123794605e-05,7.793321123794605e-05,7.830151928334139e-05,7.830151928334139e-05
2017-11-16,Thursday,0.0005023378028516934,0.0005023378028516934,0.0001158927605655613,0.0001158927605655613
2017-11-17,Friday,3.8728166996016e-05,3.8728166996016e-05,-0.00011620250222732498,0.00011620250222732498
2017-11-20,Monday,-0.0002514847271390952,0.0002514847271390952,-0.00011607661056289853,0.00011607661056289853
2017-11-21,Tuesday,-5.7696745903723645e-05,5.7696745903723645e-05,-0.00015383432043669654,0.00015383432043669654
2017-11-22,Wednesday,7.698081253249e-05,7.698081253249e-05,0.0001905091790788127,0.0001905091790788127
2017-11-24,Friday,-3.84600592284734e-05,3.84600592284734e-05,0.00015382248884776573,0.00015382248884776573
2017-11-27,Monday,-0.00019199754243148792,0.00019199754243148792,-5.761806902637723e-05,5.761806902637723e-05
2017-11-28,Tuesday,-0.00034427358274058406,0.00034427358274058406,0.0005347593582887278,0.0005347593582887278
2017-11-29,Wednesday,0.0005810187830990188,0.0005810187830990188,-0.0002664737903993464,0.0002664737903993464
2017-11-30,Thursday,-0.00011318405613935933,0.00011318405613935933,-0.0004682375117812665,0.0004682375117812665
2017-12-01,Friday,0.00041668245009285343,0.00041668245009285343,-0.000265031046494002,0.000265031046494002
2017-12-04,Monday,-0.0005260585094382098,0.0005260585094382098,-0.0009584315204073102,0.0009584315204073102
2017-12-05,Tuesday,-0.00011348590883308862,0.00011348590883308862,-0.0006062443164596143,0.0006062443164596143
2017-12-06,Wednesday,0.0004934148100352864,0.0004934148100352864,7.591717436272738e-05,7.591717436272738e-05
2017-12-07,Thursday,-2.611954423303864e-05,2.611954423303864e-05,-0.00026636324747941753,0.00026636324747941753
2017-12-08,Friday,-3.7686074995435526e-05,3.7686074995435526e-05,-0.00011315203862249934,0.00011315203862249934
2017-12-11,Monday,1.8786045725471823e-05,1.8786045725471823e-05,-0.00011272686281127431,0.00011272686281127431
2017-12-12,Tuesday,0.0001872939766256465,0.0001872939766256465,0.0,0.0
2017-12-13,Wednesday,0.0015357530808703945,0.0015357530808703945,0.00048629944823708193,0.00048629944823708193
2017-12-14,Thursday,7.513712525342164e-05,7.513712525342164e-05,0.0006399879531679975,0.0006399879531679975
2017-12-15,Friday,0.00013118686632052068,0.00013118686632052068,0.0002810831069053332,0.0002810831069053332
2017-12-18,Monday,-3.728282752979428e-05,3.728282752979428e-05,0.0002423248271106182,0.0002423248271106182
2017-12-19,Tuesday,-0.0003172171573756488,0.0003172171573756488,-0.00042956931007420707,0.00042956931007420707
2017-12-20,Wednesday,-7.104955145298408e-05,7.104955145298408e-05,0.00014970059880248243,0.00014970059880248243
2017-12-21,Thursday,-0.0001118609940712334,0.0001118609940712334,-0.0001865114891077546,0.0001865114891077546
2017-12-22,Friday,-0.00022853081986839996,0.00022853081986839996,-3.440548812416733e-05,3.440548812416733e-05
2017-12-26,Tuesday,0.00014976785981746232,0.00014976785981746232,0.00013104197087132619,0.00013104197087132619
2017-12-27,Wednesday,-0.00033666255190201166,0.00033666255190201166,-0.00022449208665398235,0.00022449208665398235
2017-12-28,Thursday,0.0,0.0,1.8691239416002148e-05,1.8691239416002148e-05
2017-12-29,Friday,0.00011218308279103972,0.00011218308279103972,-0.00013308411214951743,0.00013308411214951743
2018-01-02,Tuesday,0.0002236552726730956,0.0002236552726730956,-2.571939764417497e-05,2.571939764417497e-05
2018-01-03,Wednesday,-0.000166645064528681,0.000166645064528681,-0.00016653713778158608,0.00016653713778158608
2018-01-04,Thursday,1.8386070712805846e-05,1.8386070712805846e-05,3.6790405062436804e-05,3.6790405062436804e-05
2018-01-05,Friday,2.6771307026551838e-05,2.6771307026551838e-05,-1.8323743907311396e-05,1.8323743907311396e-05
2018-01-08,Monday,0.00014601204599395956,0.00014601204599395956,-0.00018252838316357156,0.00018252838316357156
2018-01-09,Tuesday,-0.00025435122270267563,0.00025435122270267563,-0.0001091305929428188,0.0001091305929428188
2018-01-10,Wednesday,-1.822921413874301e-05,1.822921413874301e-05,0.0002385126744102184,0.0002385126744102184
2018-01-11,Thursday,-2.9395220554895296e-05,2.9395220554895296e-05,-1.8143880976095872e-05,1.8143880976095872e-05
2018-01-12,Friday,1.8004068919719174e-05,1.8004068919719174e-05,-0.000431841082481621,0.000431841082481621
2018-01-16,Tuesday,-0.0007238026647460316,0.0007238026647460316,0.0004152149188525467,0.0004152149188525467
2018-01-17,Wednesday,0.0009492253962568586,0.0009492253962568586,0.0003398987459524161,0.0003398987459524161
2018-01-18,Thursday,0.0004294302891496571,0.0004294302891496571,3.5739814152835336e-05,3.5739814152835336e-05
2018-01-19,Friday,0.00025037556334495115,0.00025037556334495115,0.0005000893016608998,0.0005000893016608998
2018-01-22,Monday,-0.0002838691363280521,0.0002838691363280521,6.569135714795671e-05,6.569135714795671e-05
2018-01-23,Tuesday,-0.0004586023212335144,0.0004586023212335144,-7.063643427274169e-05,7.063643427274169e-05
2018-01-24,Wednesday,-0.00017659108568202075,0.00017659108568202075,-0.0004585214446952701,0.0004585214446952701
2018-01-25,Thursday,-0.0002466699555994101,0.0002466699555994101,-0.00028764029081651543,0.00028764029081651543
2018-01-26,Friday,0.0,0.0,0.000239742087985384,0.000239742087985384
2018-01-29,Monday,-0.0001574885820778693,0.0001574885820778693,-0.0004901274331325922,0.0004901274331325922
2018-01-30,Tuesday,0.00035444653174065976,0.00035444653174065976,-0.0011875011077436826,0.0011875011077436826
2018-01-31,Wednesday,-0.0005491390916175787,0.0005491390916175787,4.438487008551206e-05,4.438487008551206e-05
2018-02-01,Thursday,0.0002127433251781774,0.0002127433251781774,-0.0007453945266746587,0.0007453945266746587
2018-02-02,Friday,-0.00045000450004495374,0.00045000450004495374,0.001735044279775888,0.001735044279775888
2018-02-05,Monday,-0.0019438841004950635,0.0019438841004950635,-0.002067107157358583,0.002067107157358583
2018-02-06,Tuesday,0.0003233845041754613,0.0003233845041754613,0.0021123142210128787,0.0021123142210128787
2018-02-07,Wednesday,-0.0030959178376773755,0.0030959178376773755,-3.70411527208514e-05,3.70411527208514e-05
2018-02-08,Thursday,-0.00408858603066431,0.00408858603066431,-0.001976810492302028,0.001976810492302028
2018-02-09,Friday,0.007430292127801108,0.007430292127801108,-0.0015846635488734329,0.0015846635488734329
2018-02-12,Monday,-0.001088956479291081,0.001088956479291081,7.512865782666189e-05,7.512865782666189e-05
2018-02-13,Tuesday,0.00016923973749038979,0.00016923973749038979,-0.0006014359282786597,0.0006014359282786597
2018-02-14,Wednesday,0.0005244984646062267,0.0005244984646062267,0.0008244044571461551,0.0008244044571461551
2018-02-15,Thursday,0.0007361872860456309,0.0007361872860456309,0.0002571827467117149,0.0002571827467117149
2018-02-16,Friday,0.0002557825117841528,0.0002557825117841528,0.0012079947287502169,0.0012079947287502169
2018-02-20,Tuesday,-0.0005373268155747235,0.0005373268155747235,0.0011021307861867058,0.0011021307861867058
2018-02-21,Wednesday,0.0021587208664153312,0.0021587208664153312,3.64923548519247e-05,3.64923548519247e-05
2018-02-22,Thursday,0.001216814159291868,0.001216814159291868,0.00018395202531173993,0.00018395202531173993
2018-02-23,Friday,-0.0006965830766975101,0.0006965830766975101,0.0003482340866185485,0.0003482340866185485
2018-02-26,Monday,0.00030117765874959623,0.00030117765874959623,0.000324605063839023,0.000324605063839023
2018-02-27,Tuesday,-0.0011217252858590765,0.0011217252858590765,0.0013764624913970014,0.0013764624913970014
2018-02-28,Wednesday,0.0004354610443808582,0.0004354610443808582,-0.0018151455746751033,0.0018151455746751033
2018-03-01,Thursday,-0.0013093901982791367,0.0013093901982791367,-0.0013275246339958802,0.0013275246339958802
2018-03-02,Friday,0.0021704962203428213,0.0021704962203428213,-0.0012702682507660379,0.0012702682507660379
2018-03-05,Monday,-0.00036238748972161616,0.00036238748972161616,0.0008471454880294438,0.0008471454880294438
2018-03-06,Tuesday,0.00018355359765065415,0.00018355359765065415,0.001285063886033111,0.001285063886033111
2018-03-07,Wednesday,-7.369468292850456e-05,7.369468292850456e-05,0.0013259180140694493,0.0013259180140694493
2018-03-08,Thursday,-0.0005411247481222903,0.0005411247481222903,0.00038422093619527864,0.00038422093619527864
2018-03-09,Friday,0.00010793696481270487,0.00010793696481270487,0.0004317323259579453,0.0004317323259579453
2018-03-12,Monday,0.0008252897484661847,0.0008252897484661847,-3.591180061768284e-05,3.591180061768284e-05
2018-03-13,Tuesday,0.0007383795270767823,0.0007383795270767823,0.0016042106022098324,0.0016042106022098324
2018-03-14,Wednesday,-0.0003982188755747851,0.0003982188755747851,0.000761701323895636,0.000761701323895636
2018-03-15,Thursday,0.0008012820512819374,0.0008012820512819374,0.000400393113238362,0.000400393113238362
2018-03-16,Friday,0.00018220910316668615,0.00018220910316668615,7.285709081639169e-05,7.285709081639169e-05
2018-03-19,Monday,0.0007411524921252521,0.0007411524921252521,-0.0015208843386006476,0.0015208843386006476
2018-03-20,Tuesday,0.0009245904064498767,0.0009245904064498767,-0.00022145124381778292,0.00022145124381778292
2018-03-21,Wednesday,-0.00036801470588232466,0.00036801470588232466,0.00010660980810239806,0.00010660980810239806
2018-03-22,Thursday,-0.0005974607916356955,0.0005974607916356955,3.7547403596960294e-05,3.7547403596960294e-05
2018-03-23,Friday,-0.0007770155024068304,0.0007770155024068304,-0.0006477917920969523,0.0006477917920969523
2018-03-26,Monday,0.00152660102282276,0.00152660102282276,-0.00020798542583877477,0.00020798542583877477
2018-03-27,Tuesday,-0.002454404712456948,0.002454404712456948,0.000947472144319006,0.000947472144319006
2018-03-28,Wednesday,-0.001761979545715664,0.001761979545715664,0.0006915097963888783,0.0006915097963888783
2018-03-29,Thursday,-0.00036044239561383584,0.00036044239561383584,0.000947364432149822,0.000947364432149822
2018-04-02,Monday,-0.001331245105716583,0.001331245105716583,0.0017764033508180788,0.0017764033508180788
2018-04-03,Tuesday,-0.00015439842513609303,0.00015439842513609303,-0.002169113374907994,0.002169113374907994
2018-04-04,Wednesday,0.0005376344086023277,0.0005376344086023277,-0.0008806709874189522,0.0008806709874189522
2018-04-05,Thursday,0.0005091073650864697,0.0005091073650864697,0.0020183278651431102,0.0020183278651431102
2018-04-06,Friday,-0.0003456353930642031,0.0003456353930642031,-0.0007704753833114308,0.0007704753833114308
2018-04-09,Monday,-0.0013501265153518238,0.0013501265153518238,0.00045490731263497786,0.00045490731263497786
2018-04-10,Tuesday,-0.0005279233756928514,0.0005279233756928514,0.0010944635241723066,0.0010944635241723066
2018-04-11,Wednesday,0.0005289006422364295,0.0005289006422364295,0.0011347303124291663,0.0011347303124291663
2018-04-12,Thursday,0.0009788788072737642,0.0009788788072737642,3.753894665714519e-05,3.753894665714519e-05
2018-04-13,Friday,-0.000300308201157673,0.000300308201157673,0.0006396267589736659,0.0006396267589736659
2018-04-16,Monday,-0.0012493471610833806,0.0012493471610833806,0.0008970285927865085,0.0008970285927865085
2018-04-17,Tuesday,0.0005552470849530255,0.0005552470849530255,0.00018525379770295558,0.00018525379770295558
2018-04-18,Wednesday,0.00040654913700710615,0.00040654913700710615,0.0,0.0
2018-04-19,Thursday,-0.0004409407730442405,0.0004409407730442405,0.0005595970900951208,0.0005595970900951208
2018-04-20,Friday,0.00014984079415625295,0.00014984079415625295,-0.0013865467491099848,0.0013865467491099848
2018-04-23,Monday,-0.0011614401858304202,0.0011614401858304202,-0.0006205340353514499,0.0006205340353514499
2018-04-24,Tuesday,-0.0028593213877239343,0.0028593213877239343,0.0008789823515931161,0.0008789823515931161
2018-04-25,Wednesday,-0.000759936165362074,0.000759936165362074,0.0014085579412213,0.0014085579412213
2018-04-26,Thursday,3.750375037503417e-05,3.750375037503417e-05,0.0005280543896020173,0.0005280543896020173
2018-04-27,Friday,-0.00048767678283379023,0.00048767678283379023,0.0004125103127576857,0.0004125103127576857
2018-04-30,Monday,-0.001469648562300363,0.001469648562300363,-0.0005650143136960439,0.0005650143136960439
2018-05-01,Tuesday,0.0005878671799441904,0.0005878671799441904,7.57460990759018e-05,7.57460990759018e-05
2018-05-02,Wednesday,0.0021901669058228546,0.0021901669058228546,-0.0005278636603576192,0.0005278636603576192
2018-05-03,Thursday,-0.0008376484922325567,0.0008376484922325567,0.0017327392513044604,0.0017327392513044604
2018-05-04,Friday,0.0,0.0,-0.00030007501875484177,0.00030007501875484177
2018-05-07,Monday,0.0001121160026908985,0.0001121160026908985,0.0005040416674446657,0.0005040416674446657
2018-05-08,Tuesday,0.0006014585369522596,0.0006014585369522596,-0.00018781458943739615,0.00018781458943739615
2018-05-09,Wednesday,-0.00041165999109915585,0.00041165999109915585,0.0008865458865456866,0.0008865458865456866
2018-05-10,Thursday,-0.00036801236521555314,0.00036801236521555314,-0.0004597109337648453,0.0004597109337648453
2018-05-11,Friday,-0.0006613270629730605,0.0006613270629730605,-7.346998751023293e-05,7.346998751023293e-05
2018-05-14,Monday,-0.00043972150971050006,0.00043972150971050006,0.00018330461561033573,0.00018330461561033573
2018-05-15,Tuesday,0.0010366147125244751,0.0010366147125244751,0.0013672813273715168,0.0013672813273715168
2018-05-16,Wednesday,0.00033029947152085626,0.00033029947152085626,-0.00025689958896057963,0.00025689958896057963
2018-05-17,Thursday,-0.0007734236888625734,0.0007734236888625734,0.0003678093276446859,0.0003678093276446859
2018-05-18,Friday,-0.00036840554081940535,0.00036840554081940535,9.20589914015224e-05,9.20589914015224e-05
2018-05-21,Monday,-0.00045687134502925275,0.00045687134502925275,-0.0009149800534348218,0.0009149800534348218
2018-05-22,Tuesday,0.0005856975723896873,0.0005856975723896873,0.0003653768862581508,0.0003653768862581508
2018-05-23,Wednesday,0.0004784865103610869,0.0004784865103610869,-0.0004770992366411875,0.0004770992366411875
2018-05-24,Thursday,-0.000476452263148186,0.000476452263148186,-0.00046601275893098926,0.00046601275893098926
2018-05-25,Friday,0.00047832805946002033,0.00047832805946002033,-0.00027563395810381586,0.00027563395810381586
2018-05-29,Tuesday,-0.001823901712583842,0.001823901712583842,0.00022339712562358116,0.00022339712562358116
2018-05-30,Wednesday,0.00021995344318792576,0.00021995344318792576,0.0008798298995527087,0.0008798298995527087
2018-05-31,Thursday,-0.0004433770552374483,0.0004433770552374483,-7.385524372249819e-05,7.385524372249819e-05
2018-06-01,Friday,-0.00038372985418266836,0.00038372985418266836,-0.0005739688667587561,0.0005739688667587561
2018-06-04,Monday,0.0001456080958102124,0.0001456080958102124,-7.278020378476135e-05,7.278020378476135e-05
2018-06-05,Tuesday,-0.0003502582381610386,0.0003502582381610386,7.267970055946371e-05,7.267970055946371e-05
2018-06-06,Wednesday,0.00036189924724960854,0.00036189924724960854,1.8075338008793906e-05,1.8075338008793906e-05
2018-06-07,Thursday,0.001007233273056185,0.001007233273056185,0.0004331817197313903,0.0004331817197313903
2018-06-08,Friday,3.601008282316798e-05,3.601008282316798e-05,0.0,0.0
2018-06-11,Monday,-0.00039405337632081316,0.00039405337632081316,-0.00010751917425266821,0.00010751917425266821
2018-06-12,Tuesday,-0.00042998423391138463,0.00042998423391138463,0.0,0.0
2018-06-13,Wednesday,-0.0017915367802501247,0.0017915367802501247,0.0002604657846756453,0.0002604657846756453
2018-06-14,Thursday,-7.176175098666526e-05,7.176175098666526e-05,-0.00023330940416366186,0.00023330940416366186
2018-06-15,Friday,-1.3755158184358685e-05,1.3755158184358685e-05,0.00046882325363339916,0.00046882325363339916
2018-06-18,Monday,-0.0005336903329684617,0.0005336903329684617,-5.4247585982381e-05,5.4247585982381e-05
2018-06-19,Tuesday,0.00043630017452001013,0.00043630017452001013,0.0,0.0
2018-06-20,Wednesday,-0.00018077952129591512,0.00018077952129591512,-0.000434043476688295,0.000434043476688295
2018-06-21,Thursday,-0.00021826912583211566,0.00021826912583211566,-7.280139778698125e-05,7.280139778698125e-05
2018-06-22,Friday,0.00021774632553084317,0.00021774632553084317,-0.00023613608704342592,0.00023613608704342592
2018-06-25,Monday,-0.0003878402836775541,0.0003878402836775541,-0.001183169415070573,0.001183169415070573
2018-06-26,Tuesday,-0.00029372888823631094,0.00029372888823631094,0.0004409090074035671,0.0004409090074035671
2018-06-27,Wednesday,0.0006645254180972504,0.0006645254180972504,-5.5087252292307376e-05,5.5087252292307376e-05
2018-06-28,Thursday,0.0005917159763315638,0.0005917159763315638,-0.0005168149433348868,0.0005168149433348868
2018-06-29,Friday,-0.00031141234658349504,0.00031141234658349504,-0.00031150364642495987,0.00031150364642495987
2018-07-02,Monday,0.00048052044060020727,0.00048052044060020727,-0.00014748174913359335,0.00014748174913359335
2018-07-03,Tuesday,-9.09579648489256e-05,9.09579648489256e-05,-0.00044362292051758345,0.00044362292051758345
2018-07-05,Thursday,-0.0007084598025192124,0.0007084598025192124,0.0004772043168637108,0.0004772043168637108
2018-07-06,Friday,-0.00011179640857661433,0.00011179640857661433,-0.0001815079681998233,0.0001815079681998233
2018-07-09,Monday,7.206947497384597e-05,7.206947497384597e-05,9.007710600261731e-05,9.007710600261731e-05
2018-07-10,Tuesday,0.0003951291353856412,0.0003951291353856412,0.00017946233085686103,0.00017946233085686103
2018-07-11,Wednesday,0.0003774395870921321,0.0003774395870921321,0.0002886627697193944,0.0002886627697193944
2018-07-12,Thursday,-1.792572154613037e-05,1.792572154613037e-05,0.0,0.0
2018-07-13,Friday,-0.00030392963135139617,0.00030392963135139617,-0.00021464601295007046,0.00021464601295007046
2018-07-16,Monday,-0.00042946102641183703,0.00042946102641183703,-0.00019691382335040863,0.00019691382335040863
2018-07-17,Tuesday,-0.000534644995722755,0.000534644995722755,0.0001247504990020687,0.0001247504990020687
2018-07-18,Wednesday,0.00032049570001602135,0.00032049570001602135,-0.00021353073063101746,0.00021353073063101746
2018-07-19,Thursday,0.00017822135091782876,0.00017822135091782876,-0.00010691375623672617,0.00010691375623672617
2018-07-20,Friday,7.140561962248881e-05,7.140561962248881e-05,-0.000946800528779157,0.000946800528779157
2018-07-23,Monday,0.00024985722444315073,0.00024985722444315073,-0.00023192335825017452,0.00023192335825017452
2018-07-24,Tuesday,-0.0008476354776174588,0.0008476354776174588,0.0005934496262016697,0.0005934496262016697
2018-07-25,Wednesday,0.0005840191133528183,0.0005840191133528183,0.0005306916681409035,0.0005306916681409035
2018-07-26,Thursday,-0.0002822964818800511,0.0002822964818800511,7.05442488799779e-05,7.05442488799779e-05
2018-07-27,Friday,-0.0002483214323777405,0.0002483214323777405,0.0005303434774870386,0.0005303434774870386
2018-07-30,Monday,0.0002495721620079383,0.0002495721620079383,-7.135976023109336e-05,7.135976023109336e-05
2018-07-31,Tuesday,-0.0008519399382341808,0.0008519399382341808,-0.00012430963754872515,0.00012430963754872515
2018-08-01,Wednesday,-0.0005701051131301593,0.0005701051131301593,-0.0002847887223667023,0.0002847887223667023
2018-08-02,Thursday,0.00038957359399360847,0.00038957359399360847,1.7722012511711682e-05,1.7722012511711682e-05
2018-08-03,Friday,-3.530076249647074e-05,3.530076249647074e-05,3.530387813088787e-05,3.530387813088787e-05
2018-08-06,Monday,-8.788581874419332e-05,8.788581874419332e-05,0.0001352395672333806,0.0001352395672333806
2018-08-07,Tuesday,0.000314861460957383,0.000314861460957383,-0.0002798670631452005,0.0002798670631452005
2018-08-08,Wednesday,-1.750210025197596e-05,1.750210025197596e-05,-0.0002449693788276752,0.0002449693788276752
2018-08-09,Thursday,-0.00010497585555313549,0.00010497585555313549,0.0004201092283993013,0.0004201092283993013
2018-08-10,Friday,7.07288609118617e-05,7.07288609118617e-05,0.0006373486297004405,0.0006373486297004405
2018-08-13,Monday,0.0015223394462933193,0.0015223394462933193,-0.0001413078037235671,0.0001413078037235671
2018-08-14,Tuesday,-0.000140820278120124,0.000140820278120124,0.0003170577045021883,0.0003170577045021883
2018-08-15,Wednesday,0.0002491014554641957,0.0002491014554641957,0.0006772169945823414,0.0006772169945823414
2018-08-16,Thursday,0.00014061236685747325,0.00014061236685747325,-0.00026734675929984686,0.00026734675929984686
2018-08-17,Friday,0.0020390226753383978,0.0020390226753383978,-7.047932956982805e-05,7.047932956982805e-05
2018-08-20,Monday,-0.0001060008738950069,0.0001060008738950069,-0.0002273641499204171,0.0002273641499204171
2018-08-21,Tuesday,-0.0004924941659991688,0.0004924941659991688,-0.00034840777646150123,0.00034840777646150123
2018-08-22,Wednesday,0.0007156946602195902,0.0007156946602195902,0.0,0.0
2018-08-23,Thursday,0.0004668253079507245,0.0004668253079507245,-0.00013986503024587815,0.00013986503024587815
2018-08-24,Friday,-0.00010439139814866216,0.00010439139814866216,-0.00025982183943429327,0.00025982183943429327
2018-08-27,Monday,0.00016153521968287343,0.00016153521968287343,5.177233976461082e-05,5.177233976461082e-05
2018-08-28,Tuesday,0.00010347682119205004,0.00010347682119205004,6.897978892173029e-05,6.897978892173029e-05
2018-08-29,Wednesday,0.00032630349659967806,0.00032630349659967806,0.00024033922164434784,0.00024033922164434784
2018-08-30,Thursday,0.00024035160005486667,0.00024035160005486667,0.0009648518263267736,0.0009648518263267736
2018-08-31,Friday,-0.0006383492633104115,0.0006383492633104115,0.0002072538860102835,0.0002072538860102835
2018-09-04,Tuesday,8.632298608457489e-05,8.632298608457489e-05,0.00024157090105947354,0.00024157090105947354
2018-09-05,Wednesday,-0.0002715055762402274,0.0002715055762402274,3.4588910793331706e-06,3.4588910793331706e-06
2018-09-06,Thursday,6.953135864296023e-05,6.953135864296023e-05,0.0011123470522802492,0.0011123470522802492
2018-09-07,Friday,0.00010447501305943518,0.00010447501305943518,-0.0005905853743269907,0.0005905853743269907
2018-09-10,Monday,0.00022549087629220033,0.00022549087629220033,-0.0001040474456350804,0.0001040474456350804
2018-09-11,Tuesday,-3.458292986602274e-05,3.458292986602274e-05,0.00024191318772470716,0.00024191318772470716
2018-09-12,Wednesday,0.0002077346536024649,0.0002077346536024649,-0.00010388171335584673,0.00010388171335584673
2018-09-13,Thursday,0.00048148386512814056,0.00048148386512814056,0.00014074328974533756,0.00014074328974533756
2018-09-14,Friday,0.0001720341315718521,0.0001720341315718521,-8.600818797965815e-05,8.600818797965815e-05
2018-09-17,Monday,-0.00015519381983708502,0.00015519381983708502,0.00010345541071798969,0.00010345541071798969
2018-09-18,Tuesday,5.940424070738359e-05,5.940424070738359e-05,-6.862475981328497e-05,6.862475981328497e-05
2018-09-19,Wednesday,-0.00012017167381983551,0.00012017167381983551,-0.0002863371843510043,0.0002863371843510043
2018-09-20,Thursday,0.0002044467160746688,0.0002044467160746688,8.99294054166333e-05,8.99294054166333e-05
2018-09-21,Friday,-0.00015380671622666764,0.00015380671622666764,-3.4193879295596474e-05,3.4193879295596474e-05
2018-09-24,Monday,6.87261606129308e-05,6.87261606129308e-05,-3.4364261168318144e-05,3.4364261168318144e-05
2018-09-25,Tuesday,-8.59749125226017e-06,8.59749125226017e-06,-0.00037813681677534294,0.00037813681677534294
2018-09-26,Wednesday,0.001647163789849193,0.001647163789849193,-3.425361375619662e-05,3.425361375619662e-05
2018-09-27,Thursday,-0.0003431355728649166,0.0003431355728649166,-0.0002747064075271366,0.0002747064075271366
2018-09-28,Friday,-0.0008251392422471415,0.0008251392422471415,0.0,0.0
2018-10-01,Monday,-0.0006505958087933417,0.0006505958087933417,-0.0006506180871828082,0.0006506180871828082
2018-10-02,Tuesday,0.0001369112814895157,0.0001369112814895157,-0.0002576473003489399,0.0002576473003489399
2018-10-03,Wednesday,0.00027326137450467414,0.00027326137450467414,-0.0010410153914482967,0.0010410153914482967
2018-10-04,Thursday,0.0007288123828694815,0.0007288123828694815,0.0005172874694920893,0.0005172874694920893
2018-10-05,Friday,0.0004874142673119142,0.0004874142673119142,3.476205374219887e-05,3.476205374219887e-05
2018-10-08,Monday,0.0017714058845035296,0.0017714058845035296,0.001183679153321071,0.001183679153321071
2018-10-09,Tuesday,-0.000451890989988879,0.000451890989988879,-0.000625282245457992,0.000625282245457992
2018-10-10,Wednesday,-0.0014849384811199684,0.0014849384811199684,-0.0009218877424387317,0.0009218877424387317
2018-10-11,Thursday,-0.0002898865818750096,0.0002898865818750096,-0.001857855815817211,0.001857855815817211
2018-10-12,Friday,-0.0013109414312266754,0.0013109414312266754,-0.0022993539910215466,0.0022993539910215466
2018-10-15,Monday,-0.0007954586542284758,0.0007954586542284758,0.0005806990164411996,0.0005806990164411996
2018-10-16,Tuesday,0.0005548396334478234,0.0005548396334478234,0.00021439291074099032,0.00021439291074099032
2018-10-17,Wednesday,-0.0010684521689577897,0.0010684521689577897,0.0005364998748167427,0.0005364998748167427
2018-10-18,Thursday,0.0015614219833690601,0.0015614219833690601,-0.00028924123950191394,0.00028924123950191394
2018-10-19,Friday,-0.002529541430275173,0.002529541430275173,-0.0002531920280682831,0.0002531920280682831
2018-10-22,Monday,0.00025447142649404064,0.00025447142649404064,0.0002592350203607374,0.0002592350203607374
2018-10-23,Tuesday,0.0011779430170064664,0.0011779430170064664,0.0011704462326262988,0.0011704462326262988
2018-10-24,Wednesday,-0.0009647853352628966,0.0009647853352628966,0.0009622501850481413,0.0009622501850481413
2018-10-25,Thursday,-0.00025945144551520194,0.00025945144551520194,0.0019573006316255803,0.0019573006316255803
2018-10-26,Friday,-0.002543958099513688,0.002543958099513688,-0.00011264644037234373,0.00011264644037234373
2018-10-29,Monday,-0.000906400988801126,0.000906400988801126,-0.0015079544597752514,0.0015079544597752514
2018-10-30,Tuesday,-0.001771312278585846,0.001771312278585846,0.0015678422335141384,0.0015678422335141384
2018-10-31,Wednesday,0.0006974524631084833,0.0006974524631084833,-0.0007328423289730823,0.0007328423289730823
2018-11-01,Thursday,-3.6654204237152044e-05,3.6654204237152044e-05,-0.0008059493717259558,0.0008059493717259558
2018-11-02,Friday,-0.0013288055514543151,0.0013288055514543151,-0.002094125427091309,0.002094125427091309
2018-11-05,Monday,-0.0008117373928755445,0.0008117373928755445,-0.0005481855059751295,0.0005481855059751295
2018-11-06,Tuesday,-0.0010556586946233182,0.0010556586946233182,0.00036547036035394775,0.00036547036035394775
2018-11-07,Wednesday,0.000608795301532794,0.000608795301532794,0.00046431887992004484,0.00046431887992004484
2018-11-08,Thursday,-0.0016755793226382876,0.0016755793226382876,-0.0005357716898239939,0.0005357716898239939
2018-11-09,Friday,0.0010118165721098027,0.0010118165721098027,0.001971953315841768,0.001971953315841768
2018-11-12,Monday,0.0015695722003212786,0.0015695722003212786,0.000552640362444512,0.000552640362444512
2018-11-13,Tuesday,-0.001245010802299551,0.001245010802299551,0.0005143277002204183,0.0005143277002204183
2018-11-14,Wednesday,-0.003153988868274671,0.003153988868274671,0.0003706861400452066,0.0003706861400452066
2018-11-15,Thursday,-0.00037254337010439453,0.00037254337010439453,0.0012819573657607553,0.0012819573657607553
2018-11-16,Friday,0.0009755782921734291,0.0009755782921734291,0.000914411119239178,0.000914411119239178
2018-11-19,Monday,-0.0019723131884490375,0.0019723131884490375,-0.0003348089728804071,0.0003348089728804071
2018-11-20,Tuesday,-0.0006241134751774347,0.0006241134751774347,0.003621564321950599,0.003621564321950599
2018-11-21,Wednesday,-0.0009002588244118037,0.0009002588244118037,-0.0001500375093774764,0.0001500375093774764
2018-11-23,Friday,7.605430277202174e-05,7.605430277202174e-05,-7.607455306191113e-05,7.607455306191113e-05
2018-11-26,Monday,-0.0003000300030002734,0.0003000300030002734,0.0012734559346792018,0.0012734559346792018
2018-11-27,Tuesday,0.0004489765426562986,0.0004489765426562986,0.0003732318142797286,0.0003732318142797286
2018-11-28,Wednesday,0.0007317965605562193,0.0007317965605562193,-3.660858105158926e-05,3.660858105158926e-05
2018-11-29,Thursday,0.0,0.0,0.000582178073718298,0.000582178073718298
2018-11-30,Friday,-0.00029070823794463685,0.00029070823794463685,-0.0002543234994912824,0.0002543234994912824
2018-12-03,Monday,0.00014372978799848113,0.00014372978799848113,0.00017937863241734853,0.00017937863241734853
2018-12-04,Tuesday,-0.0020202762268587415,0.0020202762268587415,0.002647859349713011,0.002647859349713011
2018-12-06,Thursday,3.630507189344989e-05,3.630507189344989e-05,-0.00178129453236342,0.00178129453236342
2018-12-07,Friday,-0.0015885022692887496,0.0015885022692887496,-0.0009067553271875362,0.0009067553271875362
2018-12-10,Monday,-0.0005702771546971519,0.0005702771546971519,0.003952118563556928,0.003952118563556928
2018-12-11,Tuesday,0.00038064786266223116,0.00038064786266223116,0.0007938608097382005,0.0007938608097382005
2018-12-12,Wednesday,-0.001491424310216205,0.001491424310216205,0.00011247750449894234,0.00011247750449894234
2018-12-13,Thursday,-0.0009059338668278016,0.0009059338668278016,-0.0009823925035896686,0.0009823925035896686
2018-12-14,Friday,3.8298035310857514e-05,3.8298035310857514e-05,-0.001951555504534408,0.001951555504534408
2018-12-17,Monday,-0.002047821507976777,0.002047821507976777,0.0009374633803367338,0.0009374633803367338
2018-12-18,Tuesday,0.0010160218835484347,0.0010160218835484347,-0.0027328804560006192,0.0027328804560006192
2018-12-19,Wednesday,-0.014524664889712935,0.014524664889712935,0.0008778432367055888,0.0008778432367055888
2018-12-20,Thursday,-0.0036671596733999223,0.0036671596733999223,0.00044527202072552896,0.00044527202072552896
2018-12-21,Friday,-0.0006978080617355831,0.0006978080617355831,-0.001074583932607287,0.001074583932607287
2018-12-24,Monday,-0.0002144082332761199,0.0002144082332761199,-0.0005152425933877547,0.0005152425933877547
2018-12-26,Wednesday,-0.0011604774535809437,0.0011604774535809437,0.0029668030355078923,0.0029668030355078923
2018-12-27,Thursday,0.0002766740446411564,0.0002766740446411564,-0.0009590126339491523,0.0009590126339491523
2018-12-28,Friday,0.002373481374205344,0.002373481374205344,0.0016032385418545125,0.0016032385418545125
2018-12-31,Monday,-0.000929937354759991,0.000929937354759991,-0.00044326241134751143,0.00044326241134751143
2019-01-02,Wednesday,-0.0012342729734033941,0.0012342729734033941,0.0017182817182817,0.0017182817182817
2019-01-03,Thursday,-0.0004486133768352163,0.0004486133768352163,-0.000568412505075222,0.000568412505075222
2019-01-04,Friday,-0.0002894987309645103,0.0002894987309645103,0.0006735607591425996,0.0006735607591425996
2019-01-07,Monday,0.0009417673834564155,0.0009417673834564155,-7.028761771699088e-05,7.028761771699088e-05
2019-01-08,Tuesday,-0.00015611583795183126,0.00015611583795183126,0.0006637513665470607,0.0006637513665470607
2019-01-09,Wednesday,0.0010071273628757815,0.0010071273628757815,0.000698622161847462,0.000698622161847462
2019-01-10,Thursday,0.0013513828464883915,0.0013513828464883915,-0.00030962148773117093,0.00030962148773117093
2019-01-11,Friday,-0.00015484070762183944,0.00015484070762183944,-0.00011602722772285912,0.00011602722772285912
2019-01-14,Monday,0.00019382098693632166,0.00019382098693632166,0.00034935175840367094,0.00034935175840367094
2019-01-15,Tuesday,-0.00047553146503664934,0.00047553146503664934,0.0006946588453227154,0.0006946588453227154
2019-01-16,Wednesday,0.0005313492215293092,0.0005313492215293092,0.0009552923194497964,0.0009552923194497964
2019-01-17,Thursday,-7.675857328348634e-05,7.675857328348634e-05,0.0,0.0
2019-01-18,Friday,-0.0001501163401634864,0.0001501163401634864,-0.000601594224695301,0.000601594224695301
2019-01-22,Tuesday,-0.0009333333333333416,0.0009333333333333416,0.0003750167077198885,0.0003750167077198885
2019-01-23,Wednesday,0.001752648022556036,0.001752648022556036,-0.0005327853255698844,0.0005327853255698844
2019-01-24,Thursday,-0.0003044603440400806,0.0003044603440400806,4.98288322556828e-05,4.98288322556828e-05
2019-01-25,Friday,3.756574004509794e-05,3.756574004509794e-05,-5.646739948794721e-05,5.646739948794721e-05
2019-01-28,Monday,-0.0008736278345423676,0.0008736278345423676,0.0007606008746909865,0.0007606008746909865
2019-01-29,Tuesday,-0.0006059804471825192,0.0006059804471825192,0.0004366149056531654,0.0004366149056531654
2019-01-30,Wednesday,0.005914039251139425,0.005914039251139425,0.00018693685273096783,0.00018693685273096783
2019-01-31,Thursday,0.0002224776595349809,0.0002224776595349809,-0.0006304503434080289,0.0006304503434080289
2019-02-01,Friday,-0.0017583800692245743,0.0017583800692245743,0.0007417847340700501,0.0007417847340700501
2019-02-04,Monday,0.00022108404878595778,0.00022108404878595778,-0.0001473676454335493,0.0001473676454335493
2019-02-05,Tuesday,0.001247981206871085,0.001247981206871085,9.19734310378395e-05,9.19734310378395e-05
2019-02-06,Wednesday,-0.0005499340079189174,0.0005499340079189174,-0.0005137426149498525,0.0005137426149498525
2019-02-07,Thursday,-0.0004082844629204052,0.0004082844629204052,-7.419498441896266e-05,7.419498441896266e-05
2019-02-08,Friday,-0.0004701251438968823,0.0004701251438968823,0.00033371648930247133,0.00033371648930247133
2019-02-11,Monday,-3.69726771917156e-05,3.69726771917156e-05,0.0,0.0
2019-02-12,Tuesday,-0.0006528114241998173,0.0006528114241998173,-0.0003098288651152137,0.0003098288651152137
2019-02-13,Wednesday,0.0005091279365772028,0.0005091279365772028,-3.6345133380688566e-07,3.6345133380688566e-07
2019-02-14,Thursday,-0.0004909269427978424,0.0004909269427978424,-0.00018171906232944401,0.00018171906232944401
2019-02-15,Friday,0.0005877246916705658,0.0005877246916705658,0.00021727341744681716,0.00021727341744681716
2019-02-19,Tuesday,0.00019787731606402126,0.00019787731606402126,0.00010782446177604044,0.00010782446177604044
2019-02-20,Wednesday,-0.0008620070397241664,0.0008620070397241664,0.0016555695519164804,0.0016555695519164804
2019-02-21,Thursday,-0.00010837469994429139,0.00010837469994429139,2.7064087759764988e-05,2.7064087759764988e-05
2019-02-22,Friday,-0.0001075654356399447,0.0001075654356399447,-0.00017937219730945753,0.00017937219730945753
2019-02-25,Monday,0.00021412512044549636,0.00021412512044549636,-0.000249821556031371,0.000249821556031371
2019-02-26,Tuesday,0.0004526611285753379,0.0004526611285753379,0.0006437184670984308,0.0006437184670984308
2019-02-27,Wednesday,0.00016118344466931056,0.00016118344466931056,0.0005729632945390417,0.0005729632945390417
2019-02-28,Thursday,-0.00012537837402148977,0.00012537837402148977,-0.0012715355134497175,0.0012715355134497175
2019-03-01,Friday,-8.937029688826925e-05,8.937029688826925e-05,-0.00028527618300466795,0.00028527618300466795
2019-03-04,Monday,-0.0003231945990592733,0.0003231945990592733,-0.0008067118425298947,0.0008067118425298947
2019-03-05,Tuesday,0.0005015045135405849,0.0005015045135405849,-0.00024014888515100363,0.00024014888515100363
2019-03-06,Wednesday,0.0004139668826494969,0.0004139668826494969,-0.0007560756075606356,0.0007560756075606356
2019-03-07,Thursday,-3.629368852753334e-05,3.629368852753334e-05,-0.0011084258535787317,0.0011084258535787317
2019-03-08,Friday,-0.0008332722877443244,0.0008332722877443244,0.0002927079140901956,0.0002927079140901956
2019-03-11,Monday,-0.00014378145219251515,0.00014378145219251515,0.0001474342838649889,0.0001474342838649889
2019-03-12,Tuesday,0.00014291328736293352,0.00014291328736293352,0.0003396982049630459,0.0003396982049630459
2019-03-13,Wednesday,0.0006382299755345322,0.0006382299755345322,-0.0003899602949516412,0.0003899602949516412
2019-03-14,Thursday,-3.5582123541266775e-05,3.5582123541266775e-05,-0.0004089906821254097,0.0004089906821254097
2019-03-15,Friday,-0.00024846925193022784,0.00024846925193022784,0.0004263634748622458,0.0004263634748622458
2019-03-18,Monday,-0.0001329315845445267,0.0001329315845445267,-3.545344962063712e-05,3.545344962063712e-05
2019-03-19,Tuesday,0.0003531696980398902,0.0003531696980398902,-2.6489832319342987e-05,2.6489832319342987e-05
2019-03-20,Wednesday,0.004373488835158756,0.004373488835158756,0.0002825756772986132,0.0002825756772986132
2019-03-21,Thursday,0.0009149150156948505,0.0009149150156948505,-8.778706369816369e-05,8.778706369816369e-05
2019-03-22,Friday,0.0018227305218012635,0.0018227305218012635,-0.0014776571123376048,0.0014776571123376048
2019-03-25,Monday,0.00017974619836791383,0.00017974619836791383,0.001295196977873836,0.001295196977873836
2019-03-26,Tuesday,-0.00023216358603450615,0.00023216358603450615,-7.148729313355418e-05,7.148729313355418e-05
2019-03-27,Wednesday,0.0005718983450693216,0.0005718983450693216,3.572959839925893e-05,3.572959839925893e-05
2019-03-28,Thursday,0.0,0.0,-0.0007311766594142455,0.0007311766594142455
2019-03-29,Friday,0.0005398162354877112,0.0005398162354877112,-7.086921087129383e-05,7.086921087129383e-05
2019-04-01,Monday,0.0003502136303143999,0.0003502136303143999,0.0003852484852731042,0.0003852484852731042
2019-04-02,Tuesday,6.998512816047686e-05,6.998512816047686e-05,0.00023784132416060366,0.00023784132416060366
2019-04-03,Wednesday,-0.00038359511343799557,0.00038359511343799557,-0.0004883153121729711,0.0004883153121729711
2019-04-04,Thursday,-0.00013953812879374805,0.00013953812879374805,7.006658068120508e-05,7.006658068120508e-05
2019-04-05,Friday,6.899660217740688e-05,6.899660217740688e-05,-5.8646569054299214e-05,5.8646569054299214e-05
2019-04-08,Monday,-0.0003467045730334295,0.0003467045730334295,8.669117137105609e-05,8.669117137105609e-05
2019-04-09,Tuesday,-0.00048721071863599974,0.00048721071863599974,0.00012187478236636018,0.00012187478236636018
2019-04-10,Wednesday,-0.00031249999999993783,0.00031249999999993783,-0.00026071540306593644,0.00026071540306593644
2019-04-11,Thursday,8.684777322298665e-05,8.684777322298665e-05,0.0003824490647381662,0.0003824490647381662
2019-04-12,Friday,0.0005523929725677057,0.0005523929725677057,-6.93198822873109e-05,6.93198822873109e-05
2019-04-15,Monday,0.0001093637822342508,0.0001093637822342508,-0.00018976968860517918,0.00018976968860517918
2019-04-16,Tuesday,-0.00034491075735665344,0.00034491075735665344,0.00017222968550867357,0.00017222968550867357
2019-04-17,Wednesday,-0.00010361620557441942,0.00010361620557441942,0.0007437516215516027,0.0007437516215516027
2019-04-18,Thursday,-0.0003102806315933293,0.0003102806315933293,-6.893936782614851e-05,6.893936782614851e-05
2019-04-22,Monday,-0.0001378692310344265,0.0001378692310344265,-0.0003512581868321263,0.0003512581868321263
2019-04-23,Tuesday,-6.831534362616853e-05,6.831534362616853e-05,0.00022227912932137883,0.00022227912932137883
2019-04-24,Wednesday,0.0004924339574250425,0.0004924339574250425,0.00018805347557004914,0.00018805347557004914
2019-04-25,Thursday,0.0006836438215689356,0.0006836438215689356,3.4172846263835766e-07,3.4172846263835766e-07
2019-04-26,Friday,-0.0004445204308428652,0.0004445204308428652,-3.417167851282876e-05,3.417167851282876e-05
2019-04-29,Monday,8.497476249558211e-05,8.497476249558211e-05,-0.00015290000339784893,0.00015290000339784893
2019-04-30,Tuesday,-0.00025515411308429936,0.00025515411308429936,-0.00025524963414214064,0.00025524963414214064
2019-05-01,Wednesday,0.0012909801257006137,0.0012909801257006137,-0.0007637085688102507,0.0007637085688102507
2019-05-02,Thursday,0.0005842325933052006,0.0005842325933052006,-0.0002060793405461725,0.0002060793405461725
2019-05-03,Friday,-0.00047589910938872215,0.00047589910938872215,-0.00017002176278568815,0.00017002176278568815
2019-05-06,Monday,-0.0002742167683553731,0.0002742167683553731,0.0010102220776331272,0.0010102220776331272
2019-05-07,Tuesday,-0.0008425010444228498,0.0008425010444228498,-0.001185701830863084,0.001185701830863084
2019-05-08,Wednesday,-0.0006753714542998557,0.0006753714542998557,0.000207806601323135,0.000207806601323135
2019-05-09,Thursday,-0.0008773153800537559,0.0008773153800537559,7.493900313693125e-05,7.493900313693125e-05
2019-05-10,Friday,0.0013606866234037174,0.0013606866234037174,0.00022698700935874783,0.00022698700935874783
2019-05-13,Monday,0.0002490039840636893,0.0002490039840636893,-0.000514987924421062,0.000514987924421062
2019-05-14,Tuesday,-0.001176016288703341,0.001176016288703341,-0.00017551249648983802,0.00017551249648983802
2019-05-15,Wednesday,0.00024524401779757454,0.00024524401779757454,0.00014008545212562673,0.00014008545212562673
2019-05-16,Thursday,-5.2060737527059864e-05,5.2060737527059864e-05,-0.00014726647435381324,0.00014726647435381324
2019-05-17,Friday,-6.953135864273818e-05,6.953135864273818e-05,-0.0006438029614935781,0.0006438029614935781
2019-05-20,Monday,-0.000826039579598592,0.000826039579598592,-0.00017597578573191885,0.00017597578573191885
2019-05-21,Tuesday,3.4880881788712514e-05,3.4880881788712514e-05,-0.00015687915076090242,0.00015687915076090242
2019-05-22,Wednesday,-0.0011893102000838374,0.0011893102000838374,0.0010144471263162647,0.0010144471263162647
2019-05-23,Thursday,-0.00042674253200569723,0.00042674253200569723,0.0010299772144688468,0.0010299772144688468
2019-05-24,Friday,-0.00043800777110569733,0.00043800777110569733,0.00012373393668352328,0.00012373393668352328
2019-05-28,Tuesday,-0.0008846113017939583,0.0008846113017939583,0.0004255017374654724,0.0004255017374654724
2019-05-29,Wednesday,0.0005571431138908789,0.0005571431138908789,-0.0014917057565463354,0.0014917057565463354
2019-05-30,Thursday,0.0001614320819358639,0.0001614320819358639,-0.0004311583788445539,0.0004311583788445539
2019-05-31,Friday,-0.0015912625221511378,0.0015912625221511378,-0.0007983894370284794,0.0007983894370284794
2019-06-03,Monday,0.0007944129201220562,0.0007944129201220562,-0.0013821197352149595,0.0013821197352149595
2019-06-04,Tuesday,-3.574236900416583e-05,3.574236900416583e-05,-0.000321980538065203,0.000321980538065203
2019-06-05,Wednesday,-0.00031860662701799214,0.00031860662701799214,0.0001416129717481951,0.0001416129717481951
2019-06-06,Thursday,0.0,0.0,0.002643264960879632,0.002643264960879632
2019-06-07,Friday,-0.0005896839987513669,0.0005896839987513669,0.00017349063150584598,0.00017349063150584598
2019-06-10,Monday,-0.0013636677483948034,0.0013636677483948034,0.0005529253205238671,0.0005529253205238671
2019-06-11,Tuesday,0.0008189713609034754,0.0008189713609034754,-0.0005187439479873435,0.0005187439479873435
2019-06-12,Wednesday,-0.00029161484232853585,0.00029161484232853585,0.00018461965574667616,0.00018461965574667616
2019-06-13,Thursday,3.45363495077855e-05,3.45363495077855e-05,-0.0007257646448938226,0.0007257646448938226
2019-06-14,Friday,0.0004502164502164785,0.0004502164502164785,5.187260089223322e-05,5.187260089223322e-05
2019-06-17,Monday,0.00041382164287195877,0.00041382164287195877,6.901787562996198e-05,6.901787562996198e-05
2019-06-18,Tuesday,0.00027356974318637484,0.00027356974318637484,0.000256213169356867,0.000256213169356867
2019-06-19,Wednesday,0.0032170847736061603,0.0032170847736061603,0.0015377255330781825,0.0015377255330781825
2019-06-20,Thursday,0.00025423728813556146,0.00025423728813556146,0.000231343720880961,0.000231343720880961
2019-06-21,Friday,0.00010186065462458593,0.00010186065462458593,0.0004075671636722955,0.0004075671636722955
2019-06-24,Monday,0.0001361053455375405,0.0001361053455375405,0.00015315759916956218,0.00015315759916956218
2019-06-25,Tuesday,-0.00034264176803155966,0.00034264176803155966,-0.0010293007616823946,0.0010293007616823946
2019-06-26,Wednesday,0.00010310341272279366,0.00010310341272279366,-0.0006185779580054618,0.0006185779580054618
2019-06-27,Thursday,-0.00010278548668940513,0.00010278548668940513,3.425302711113076e-05,3.425302711113076e-05
2019-06-28,Friday,0.00037600410186300337,0.00037600410186300337,0.00010253605851406888,0.00010253605851406888
2019-07-01,Monday,-0.0008342376559955511,0.0008342376559955511,0.0004925522699865681,0.0004925522699865681
2019-07-02,Tuesday,0.00020299759786168714,0.00020299759786168714,0.00032127155901262583,0.00032127155901262583
2019-07-03,Wednesday,-0.00010048231511261552,0.00010048231511261552,6.697699340274532e-05,6.697699340274532e-05
2019-07-05,Friday,0.00040801480664254264,0.00040801480664254264,0.0006710058377508155,0.0006710058377508155
2019-07-08,Monday,-0.0004888409412715511,0.0004888409412715511,0.0003817916415962408,0.0003817916415962408
2019-07-09,Tuesday,-0.000229118231746539,0.000229118231746539,-5.052886882705998e-05,5.052886882705998e-05
2019-07-10,Wednesday,0.00026762118221657083,0.00026762118221657083,0.0005026641198351278,0.0005026641198351278
2019-07-11,Thursday,0.0003015176387817231,0.0003015176387817231,0.0007376252555379992,0.0007376252555379992
2019-07-12,Friday,0.00010000333344439838,0.00010000333344439838,0.00039980009995010946,0.00039980009995010946
2019-07-15,Monday,0.00011649774493660559,0.00011649774493660559,6.652474720603152e-05,6.652474720603152e-05
2019-07-16,Tuesday,0.0006342000734336217,0.0006342000734336217,-0.0004004939425291676,0.0004004939425291676
2019-07-17,Wednesday,-0.0008194528062077655,0.0008194528062077655,0.00025111747275374796,0.00025111747275374796
2019-07-18,Thursday,0.0005039645208977372,0.0005039645208977372,0.00020100502512554463,0.00020100502512554463
2019-07-19,Friday,0.00013377031636685466,0.00013377031636685466,-0.00023473391234363206,0.00023473391234363206
2019-07-22,Monday,6.710283509470116e-05,6.710283509470116e-05,0.0001510599372263055,0.0001510599372263055
2019-07-23,Tuesday,-0.0005337959564957195,0.0005337959564957195,-0.00025868816726937194,0.00025868816726937194
2019-07-24,Wednesday,0.0008488399187775997,0.0008488399187775997,0.0002993115833582749,0.0002993115833582749
2019-07-25,Thursday,0.0009677957617220123,0.0009677957617220123,-0.00019994668088507694,0.00019994668088507694
2019-07-26,Friday,-0.00021539583126217732,0.00021539583126217732,0.00013222428419923382,0.00013222428419923382
2019-07-29,Monday,-0.00018244543222978304,0.00018244543222978304,-0.00039790437031639314,0.00039790437031639314
2019-07-30,Tuesday,0.0014301869221045038,0.0014301869221045038,-0.00013287270794581918,0.00013287270794581918
2019-07-31,Wednesday,-0.001927486623907626,0.001927486623907626,0.000899310528594599,0.000899310528594599
2019-08-01,Thursday,-0.0029689608636976894,0.0029689608636976894,-0.000812677773262882,0.000812677773262882
2019-08-02,Friday,0.0005402716794731255,0.0005402716794731255,-0.0005133118883035026,0.0005133118883035026
2019-08-05,Monday,-8.798634451923082e-05,8.798634451923082e-05,0.00036174342685701966,0.00036174342685701966
2019-08-06,Tuesday,-0.0016051364365969878,0.0016051364365969878,0.0012993426772858196,0.0012993426772858196
2019-08-07,Wednesday,0.0008718091784070126,0.0008718091784070126,6.966699177946012e-05,6.966699177946012e-05
2019-08-08,Thursday,-0.0012301804264626126,0.0012301804264626126,0.00034198556820896897,0.00034198556820896897
2019-08-09,Friday,-0.00023975065931447492,0.00023975065931447492,3.4227820372434437e-05,3.4227820372434437e-05
2019-08-12,Monday,0.00013865298623860767,0.00013865298623860767,6.94444444444553e-05,6.94444444444553e-05
2019-08-13,Tuesday,0.0002904195708623991,0.0002904195708623991,0.0008871903364497946,0.0008871903364497946
2019-08-14,Wednesday,-0.001506024096385561,0.001506024096385561,-0.0010528901835539228,0.0010528901835539228
2019-08-15,Thursday,-0.0001414977537231854,0.0001414977537231854,-0.00031681216558709924,0.00031681216558709924
2019-08-16,Friday,-0.00038078094710614074,0.00038078094710614074,0.00013858573259883933,0.00013858573259883933
2019-08-19,Monday,2.2552537160658304e-05,2.2552537160658304e-05,-0.00041010218379411434,0.00041010218379411434
2019-08-20,Tuesday,-0.0011674220574098282,0.0011674220574098282,0.0006878761822870505,0.0006878761822870505
2019-08-21,Wednesday,0.0005473640997570861,0.0005473640997570861,-0.0006976010521778653,0.0006976010521778653
2019-08-22,Thursday,0.0001367007279311494,0.0001367007279311494,-3.420440552903692e-06,3.420440552903692e-06
2019-08-23,Friday,-0.001151350219803171,0.001151350219803171,0.0006987631891550716,0.0006987631891550716
2019-08-26,Monday,-0.0016020617838609086,0.0016020617838609086,0.0005583278082144094,0.0005583278082144094
2019-08-27,Tuesday,-0.00041779725874901974,0.00041779725874901974,-0.0004181038988189112,0.0004181038988189112
2019-08-28,Wednesday,-0.00010398973967906677,0.00010398973967906677,0.0007104118656107161,0.0007104118656107161
2019-08-29,Thursday,0.00040964019935829654,0.00040964019935829654,0.00015364916773363824,0.00015364916773363824
2019-08-30,Friday,0.000649839250290718,0.000649839250290718,-0.000632100452720552,0.000632100452720552
2019-09-03,Tuesday,0.0006902025744557339,0.0006902025744557339,-0.0003103448275860732,0.0003103448275860732
2019-09-04,Wednesday,0.00039290586630302826,0.00039290586630302826,0.00030675892157217,0.00030675892157217
2019-09-05,Thursday,0.0,0.0,-0.00011756407241936273,0.00011756407241936273
2019-09-06,Friday,-0.00042862404982746405,0.00042862404982746405,6.699494188211474e-05,6.699494188211474e-05
2019-09-09,Monday,0.0003270650345650328,0.0003270650345650328,0.0008739789572758117,0.0008739789572758117
2019-09-10,Tuesday,-0.0006161663750169355,0.0006161663750169355,0.0007076425394259012,0.0007076425394259012
2019-09-11,Wednesday,-0.0003337895123334267,0.0003337895123334267,-0.00012654424040059453,0.00012654424040059453
2019-09-12,Thursday,-0.0004963764519010372,0.0004963764519010372,0.00036420223156641285,0.00036420223156641285
2019-09-13,Friday,0.0003868632529722138,0.0003868632529722138,0.0002655866144345431,0.0002655866144345431
2019-09-16,Monday,-3.330446945981613e-05,3.330446945981613e-05,-0.00036632476355391574,0.00036632476355391574
2019-09-17,Tuesday,0.0005994205601251856,0.0005994205601251856,0.00013324672296355367,0.00013324672296355367
2019-09-18,Wednesday,-0.0007992140451124063,0.0007992140451124063,0.0006359194055829409,0.0006359194055829409
2019-09-19,Thursday,-1.6568910097047862e-05,1.6568910097047862e-05,-0.0003811796682079427,0.0003811796682079427
2019-09-20,Friday,0.0004352629992969703,0.0004352629992969703,0.0005353139951154162,0.0005353139951154162
2019-09-23,Monday,-0.00016738082485279193,0.00016738082485279193,-7.066875078076684e-05,7.066875078076684e-05
2019-09-24,Tuesday,-0.0010705112562753305,0.0010705112562753305,-0.0006068779501011701,0.0006068779501011701
2019-09-25,Wednesday,0.0005389564455822171,0.0005389564455822171,-0.0003996904753894581,0.0003996904753894581
2019-09-26,Thursday,0.0005052546483426124,0.0005052546483426124,6.728795881971728e-05,6.728795881971728e-05
2019-09-27,Friday,-0.0009484131016496145,0.0009484131016496145,-0.0006789557660318302,0.0006789557660318302
2019-09-30,Monday,-0.00013488059199462388,0.00013488059199462388,-5.046172478173627e-05,5.046172478173627e-05
2019-10-01,Tuesday,0.000545628154412725,0.000545628154412725,0.0016184813533910436,0.0016184813533910436
2019-10-02,Wednesday,0.0009397514879398994,0.0009397514879398994,0.0002605206940271554,0.0002605206940271554
2019-10-03,Thursday,-0.0006896908460781725,0.0006896908460781725,-0.00048247579005422647,0.00048247579005422647
2019-10-04,Friday,0.00017062517062504945,0.00017062517062504945,0.00030665962485287857,0.00030665962485287857
2019-10-07,Monday,-0.0007792647806198483,0.0007792647806198483,-0.0013031430042289571,0.0013031430042289571
2019-10-08,Tuesday,-0.001032240305543164,0.001032240305543164,0.0013939800712476913,0.0013939800712476913
2019-10-09,Wednesday,-0.0008236101578584787,0.0008236101578584787,0.0001372071484924131,0.0001372071484924131
2019-10-10,Thursday,0.0002044989775051853,0.0002044989775051853,0.0007853581916272834,0.0007853581916272834
2019-10-11,Friday,-0.0005031530927143146,0.0005031530927143146,0.00023474178403759538,0.00023474178403759538
2019-10-14,Monday,-0.00020076933459312052,0.00020076933459312052,-6.747524501937718e-05,6.747524501937718e-05
2019-10-15,Tuesday,0.00013356707571565707,0.00013356707571565707,-0.0003174602114863756,0.0003174602114863756
2019-10-16,Wednesday,0.00010063737000987061,0.00010063737000987061,0.0009219834378249026,0.0009219834378249026
2019-10-17,Thursday,-0.0011022412238217427,0.0011022412238217427,-0.00020042757883487194,0.00020042757883487194
2019-10-18,Friday,-0.0008038046754639261,0.0008038046754639261,-0.0002675015124381508,0.0002675015124381508
2019-10-21,Monday,0.0006029765082755656,0.0006029765082755656,6.670224119553758e-05,6.670224119553758e-05
2019-10-22,Tuesday,0.00018303133163621865,0.00018303133163621865,-0.0013151195487595135,0.0013151195487595135
2019-10-23,Wednesday,-0.0005011777677543794,0.0005011777677543794,0.00016726883447071295,0.00016726883447071295
2019-10-24,Thursday,0.00035029775309025624,0.00035029775309025624,0.0006163230612823423,0.0006163230612823423
2019-10-25,Friday,-0.0006297229219145439,0.0006297229219145439,-0.0006964019233959284,0.0006964019233959284
2019-10-28,Monday,9.8869591009354e-05,9.8869591009354e-05,4.9429908389964083e-05,4.9429908389964083e-05
2019-10-29,Tuesday,-0.0009545910893860032,0.0009545910893860032,8.238725304421379e-05,8.238725304421379e-05
2019-10-30,Wednesday,0.0008925914906277033,0.0008925914906277033,-0.001386001386001201,0.001386001386001201
2019-10-31,Thursday,-0.0007937820406813678,0.0007937820406813678,-0.0001488365939572578,0.0001488365939572578
2019-11-01,Friday,-0.0002945888507438488,0.0002945888507438488,0.00013080658611142049,0.00013080658611142049
2019-11-04,Monday,-0.0002600780234071065,0.0002600780234071065,9.753560049419185e-05,9.753560049419185e-05
2019-11-05,Tuesday,-1.626995102743667e-05,1.626995102743667e-05,4.879476920072179e-05,4.879476920072179e-05
2019-11-06,Wednesday,-3.256268316520483e-05,3.256268316520483e-05,-0.0001628611445881889,0.0001628611445881889
2019-11-07,Thursday,0.0005612924560414179,0.0005612924560414179,-0.0003904800573479861,0.0003904800573479861
2019-11-08,Friday,3.245699448228834e-05,3.245699448228834e-05,0.00022723215010311826,0.00022723215010311826
2019-11-11,Monday,-0.00029173419773087517,0.00029173419773087517,4.8634978276229646e-05,4.8634978276229646e-05
2019-11-12,Tuesday,-0.001001615508885334,0.001001615508885334,0.0002878689312357796,0.0002878689312357796
2019-11-13,Wednesday,-0.00029141302940027813,0.00029141302940027813,0.0003563791874552358,0.0003563791874552358
2019-11-14,Thursday,0.0004210526315788776,0.0004210526315788776,0.00012970214758944998,0.00012970214758944998
2019-11-15,Friday,0.00022497910908270136,0.00022497910908270136,-0.00022484180772808227,0.00022484180772808227
2019-11-18,Monday,-0.0005126069266010447,0.0005126069266010447,0.00024027679887228537,0.00024027679887228537
2019-11-19,Tuesday,0.0007052638327884608,0.0007052638327884608,-0.00025611473940334584,0.00025611473940334584
2019-11-20,Wednesday,-0.00046774193548382303,0.00046774193548382303,0.0003221753278135342,0.0003221753278135342
2019-11-21,Thursday,-0.00048328634716066077,0.00048328634716066077,0.0004023561978949708,0.0004023561978949708
2019-11-22,Friday,-0.0005789642972015008,0.0005789642972015008,0.0003217503217503026,0.0003217503217503026
2019-11-25,Monday,1.5979546180933113e-05,1.5979546180933113e-05,-0.0001278200293987064,0.0001278200293987064
2019-11-26,Tuesday,-7.97003267714036e-05,7.97003267714036e-05,-4.3027888446234286e-05,4.3027888446234286e-05
2019-11-27,Wednesday,-9.673618456640387e-05,9.673618456640387e-05,-0.00012683514601907753,0.00012683514601907753
2019-11-29,Friday,-6.359300476943552e-05,6.359300476943552e-05,-3.180256964763206e-05,3.180256964763206e-05
2019-12-02,Monday,0.0,0.0,9.602765596472551e-05,9.602765596472551e-05
2019-12-03,Tuesday,0.0003238446840894138,0.0003238446840894138,0.00019450207468874048,0.00019450207468874048
2019-12-04,Wednesday,0.000288757700205311,0.000288757700205311,-3.205230936886849e-05,3.205230936886849e-05
2019-12-05,Thursday,-0.0001604775812819037,0.0001604775812819037,4.810621853046371e-05,4.810621853046371e-05
2019-12-06,Friday,0.0002796248393188705,0.0002796248393188705,-0.00030147723846862817,0.00030147723846862817
2019-12-09,Monday,-0.0005460558516229286,0.0005460558516229286,0.0002546635258167118,0.0002546635258167118
2019-12-10,Tuesday,0.0001115217945450997,0.0001115217945450997,0.00015895258211950924,0.00015895258211950924
2019-12-11,Wednesday,0.0006454901710899463,0.0006454901710899463,-0.00023865968719671837,0.00023865968719671837
2019-12-12,Thursday,-0.0005692419594572895,0.0005692419594572895,0.003132812252776729,0.003132812252776729
2019-12-13,Friday,-0.00011026052988072355,0.00011026052988072355,9.455370650535144e-05,9.455370650535144e-05
2019-12-16,Monday,-0.00015622558975159073,0.00015622558975159073,-0.00020329653144834925,0.00020329653144834925
2019-12-17,Tuesday,-0.0003435555972365334,0.0003435555972365334,0.0002345692526624088,0.0002345692526624088
2019-12-18,Wednesday,-0.0004218618168182475,0.0004218618168182475,0.00034382521176512526,0.00034382521176512526
2019-12-19,Thursday,-3.117304155386691e-05,3.117304155386691e-05,0.00012464359721420237,0.00012464359721420237
2019-12-20,Friday,-0.00026472328630600117,0.00026472328630600117,6.229365227672368e-05,6.229365227672368e-05
2019-12-23,Monday,0.00026448441097759456,0.00026448441097759456,3.1110004977463745e-05,3.1110004977463745e-05
2019-12-24,Tuesday,-3.1133250300019455e-07,3.1133250300019455e-07,,
2019-12-26,Thursday,0.00021716200285437637,0.00021716200285437637,-6.236425690353542e-05,6.236425690353542e-05
2019-12-27,Friday,0.00043354391180483454,0.00043354391180483454,0.00012380068090367402,0.00012380068090367402
2019-12-30,Monday,-0.0010412295833528429,0.0010412295833528429,-0.00031126466834741073,0.00031126466834741073
2019-12-31,Tuesday,-9.348124143093717e-05,9.348124143093717e-05,1.5575110972720907e-05,1.5575110972720907e-05
2020-01-02,Thursday,0.00029396292972738713,0.00029396292972738713,-3.090807937211615e-05,3.090807937211615e-05
2020-01-03,Friday,-0.0005998018207715727,0.0005998018207715727,-8.455879050583981e-05,8.455879050583981e-05
2020-01-06,Monday,-7.74605338579315e-05,7.74605338579315e-05,-0.00027859033291555146,0.00027859033291555146
2020-01-07,Tuesday,-0.00043323533962547067,0.00043323533962547067,0.00034070494951365937,0.00034070494951365937
2020-01-08,Wednesday,0.0004928688044851803,0.0004928688044851803,-0.00023084025854103185,0.00023084025854103185
2020-01-09,Thursday,0.0003068763604034963,0.0003068763604034963,0.00034102534955104957,0.00034102534955104957
2020-01-10,Friday,-0.0002448280083241494,0.0002448280083241494,-0.00036766958759726354,0.00036766958759726354
2020-01-13,Monday,9.167863582182356e-05,9.167863582182356e-05,0.00018351705395569518,0.00018351705395569518
2020-01-14,Tuesday,-0.0008851718454307989,0.0008851718454307989,0.000579833984375,0.000579833984375
2020-01-15,Wednesday,0.0004726618485650924,0.0004726618485650924,3.0428432327145316e-05,3.0428432327145316e-05
2020-01-16,Thursday,-0.0001969219583131121,0.0001969219583131121,-0.0002420625302956836,0.0002420625302956836
2020-01-17,Friday,4.522703973952602e-05,4.522703973952602e-05,0.00020294618759697514,0.00020294618759697514
2020-01-21,Tuesday,0.0005135951661632276,0.0005135951661632276,-0.00024153130849602356,0.00024153130849602356
2020-01-22,Wednesday,0.00043667464727215055,0.00043667464727215055,-9.03369568490131e-05,9.03369568490131e-05
2020-01-23,Thursday,0.0002717391304349892,0.0002717391304349892,0.00022655974012297797,0.00022655974012297797
2020-01-24,Friday,-0.0011568788626056259,0.0011568788626056259,0.0013433063654404442,0.0013433063654404442
2020-01-27,Monday,-0.0008471443533977219,0.0008471443533977219,-0.0004616805170820637,0.0004616805170820637
2020-01-28,Tuesday,0.000571702849036626,0.000571702849036626,0.00047014459619343363,0.00047014459619343363
2020-01-29,Wednesday,0.0014635410315815278,0.0014635410315815278,-6.429376950711774e-05,6.429376950711774e-05
2020-01-30,Thursday,0.00018487136034517349,0.00018487136034517349,-0.0004920957126159919,0.0004920957126159919
2020-01-31,Friday,0.001373728603324187,0.001373728603324187,0.0018610200524211695,0.0018610200524211695
2020-02-03,Monday,-0.0007393259811472319,0.0007393259811472319,-0.0008788294608305103,0.0008788294608305103
2020-02-04,Tuesday,0.0001880782648264745,0.0001880782648264745,9.101941747569064e-05,9.101941747569064e-05
2020-02-05,Wednesday,-0.0004817825956038302,0.0004817825956038302,-0.00013545444967855147,0.00013545444967855147
2020-02-06,Thursday,-1.4975888818935523e-05,1.4975888818935523e-05,-0.00010479198790414035,0.00010479198790414035
2020-02-07,Friday,-0.0011135187191523288,0.0011135187191523288,0.0004819277108434328,0.0004819277108434328
2020-02-10,Monday,-0.00025510586893551235,0.00025510586893551235,0.00033295438524927334,0.00033295438524927334
2020-02-11,Tuesday,-0.000833655878762718,0.000833655878762718,0.0003277809231503337,0.0003277809231503337
2020-02-12,Wednesday,-5.934894210501973e-05,5.934894210501973e-05,8.901813002593073e-05,8.901813002593073e-05
2020-02-13,Thursday,0.0005475559764995808,0.0005475559764995808,0.0007108583614714448,0.0007108583614714448
2020-02-14,Friday,0.0006684889179393583,0.0006684889179393583,0.00029682398337782523,0.00029682398337782523
2020-02-18,Tuesday,-0.00023793236772462478,0.00023793236772462478,-0.0004155905839047236,0.0004155905839047236
2020-02-19,Wednesday,0.00011811953697149491,0.00011811953697149491,-7.379420272735082e-05,7.379420272735082e-05
2020-02-20,Thursday,0.001444075568325598,0.001444075568325598,0.0016944617854275368,0.0016944617854275368
2020-02-21,Friday,0.0007713169764493877,0.0007713169764493877,6.000960153640378e-05,6.000960153640378e-05
2020-02-24,Monday,-0.0005263483807047553,0.0005263483807047553,-9.270418095863597e-05,9.270418095863597e-05
2020-02-25,Tuesday,-0.0007886635564441358,0.0007886635564441358,0.00046384414836619925,0.00046384414836619925
2020-02-26,Wednesday,0.0010929313060530355,0.0010929313060530355,-0.0005124755773356915,0.0005124755773356915
2020-02-27,Thursday,-0.0001970572779821378,0.0001970572779821378,-0.002524010882748118,0.002524010882748118
2020-02-28,Friday,-0.005995245150397954,0.005995245150397954,0.004858885557738057,0.004858885557738057
2020-03-02,Monday,0.0007602300522244754,0.0007602300522244754,-0.0009187183050476389,0.0009187183050476389
2020-03-03,Tuesday,-0.0025317299043938757,0.0025317299043938757,0.0014104184507770512,0.0014104184507770512
2020-03-04,Wednesday,-0.0014564049453040795,0.0014564049453040795,0.00019377967251243966,0.00019377967251243966
2020-03-05,Thursday,-0.0041683142216951685,0.0041683142216951685,0.0014929829799938954,0.0014929829799938954
2020-03-06,Friday,-0.0009875702366761718,0.0009875702366761718,-0.0035441657579062813,0.0035441657579062813
2020-03-09,Monday,-0.004857888631090379,0.004857888631090379,-0.00010947444989994892,0.00010947444989994892
2020-03-10,Tuesday,-0.00222297419661599,0.00222297419661599,0.0035499139414802983,0.0035499139414802983
2020-03-11,Wednesday,-0.003804899260762218,0.003804899260762218,0.0010952902519167917,0.0010952902519167917
2020-03-12,Thursday,-0.0034616880591211707,0.0034616880591211707,-0.0022492305263988044,0.0022492305263988044
2020-03-13,Friday,-0.005707894635350486,0.005707894635350486,0.0001173525269910769,0.0001173525269910769
2020-03-16,Monday,-0.004874595469255616,0.004874595469255616,0.014334664747267967,0.014334664747267967
2020-03-17,Tuesday,0.0004407757653468458,0.0004407757653468458,0.004115877790090261,0.004115877790090261
2020-03-18,Wednesday,-0.004139536889310569,0.004139536889310569,0.002042763000291714,0.002042763000291714
2020-03-19,Thursday,-0.005235602094240788,0.005235602094240788,0.003276003276003303,0.003276003276003303
2020-03-20,Friday,-0.0011142178400992409,0.0011142178400992409,-0.0035384059423767544,0.0035384059423767544
2020-03-23,Monday,-0.003442321492644451,0.003442321492644451,-0.006610684295158098,0.006610684295158098
2020-03-24,Tuesday,-0.004425897824987368,0.004425897824987368,0.0,0.0
2020-03-25,Wednesday,-0.004920097614736663,0.004920097614736663,-0.005956372529683174,0.005956372529683174
2020-03-26,Thursday,0.002259182799049464,0.002259182799049464,0.004630530370831609,0.004630530370831609
2020-03-27,Friday,-0.0022345210623068157,0.0022345210623068157,0.002769650867953999,0.002769650867953999
2020-03-30,Monday,-0.0007912308464239626,0.0007912308464239626,0.0006936148895997363,0.0006936148895997363
2020-03-31,Tuesday,-0.000845861048098584,0.000845861048098584,0.00019242610837433283,0.00019242610837433283
2020-04-01,Wednesday,0.0015328761597417362,0.0015328761597417362,-0.002507989159014623,0.002507989159014623
2020-04-02,Thursday,-0.004269717231934256,0.004269717231934256,-0.001292288537630748,0.001292288537630748
2020-04-03,Friday,-0.00016254876462951096,0.00016254876462951096,-0.0012154606595898843,0.0012154606595898843
2020-04-06,Monday,-0.0016742770167427201,0.0016742770167427201,1.9108767102427038e-05,1.9108767102427038e-05
2020-04-07,Tuesday,-0.0019573085161385118,0.0019573085161385118,-0.0006487293737089672,0.0006487293737089672
2020-04-08,Wednesday,0.003015112558036215,0.003015112558036215,0.0009346993383794189,0.0009346993383794189
2020-04-09,Thursday,-0.003930753564154732,0.003930753564154732,0.0006118629427009914,0.0006118629427009914
2020-04-13,Monday,0.0008756567425569628,0.0008756567425569628,0.0010358944367279133,0.0010358944367279133
2020-04-14,Tuesday,-0.0007224669603523859,0.0007224669603523859,-0.00044362226920369174,0.00044362226920369174
2020-04-15,Wednesday,0.0022855184356733727,0.0022855184356733727,0.00028700581186758,0.00028700581186758
2020-04-16,Thursday,-0.00011532362692823206,0.00011532362692823206,0.0008019361543745163,0.0008019361543745163
2020-04-17,Friday,-0.0013728527175442817,0.0013728527175442817,-0.0011289469042158329,0.0011289469042158329
2020-04-20,Monday,0.0004897830208552278,0.0004897830208552278,0.002016771043413579,0.002016771043413579
2020-04-21,Tuesday,0.0007298737318446324,0.0007298737318446324,-0.0016729706139073652,0.0016729706139073652
2020-04-22,Wednesday,0.0,0.0,0.00182638590459816,0.00182638590459816
2020-04-23,Thursday,-0.00021437759039588666,0.00021437759039588666,0.0,0.0
2020-04-24,Friday,0.00017761358388690418,0.00017761358388690418,1.7753160062472517e-05,1.7753160062472517e-05
2020-04-27,Monday,0.0010819866671321066,0.0010819866671321066,0.0003482535034511347,0.0003482535034511347
2020-04-28,Tuesday,0.0017742216037570646,0.0017742216037570646,-3.4711362884021213e-07,3.4711362884021213e-07
2020-04-29,Wednesday,-0.0017705744151996772,0.0017705744151996772,0.00015336639231100513,0.00015336639231100513
2020-04-30,Thursday,0.0010373085301338403,0.0010373085301338403,0.0009664837251044389,0.0009664837251044389
2020-05-01,Friday,0.000744786494538463,0.000744786494538463,-0.0010080823444102993,0.0010080823444102993
2020-05-04,Monday,-0.00014212620807285692,0.00014212620807285692,-0.0003906943704493626,0.0003906943704493626
2020-05-05,Tuesday,-3.463323405139551e-05,3.463323405139551e-05,-0.0012109050650429554,0.0012109050650429554
2020-05-06,Wednesday,-0.0013414634146341475,0.0013414634146341475,0.00124845778230398,0.00124845778230398
2020-05-07,Thursday,-0.0007617332894758189,0.0007617332894758189,-0.0007037441687043344,0.0007037441687043344
2020-05-08,Friday,-0.000618322970698415,0.000618322970698415,-0.00017149422921924895,0.00017149422921924895
2020-05-11,Monday,-0.0012101791406023965,0.0012101791406023965,0.0015874208252948385,0.0015874208252948385
2020-05-12,Tuesday,-0.0006834224092562291,0.0006834224092562291,-0.00020629899601154467,0.00020629899601154467
2020-05-13,Wednesday,-0.0022436696463549177,0.0022436696463549177,-0.0006769033453275508,0.0006769033453275508
2020-05-14,Thursday,-0.0012053318207599917,0.0012053318207599917,-0.0021942242355605934,0.0021942242355605934
2020-05-15,Friday,0.0025614933857329714,0.0025614933857329714,-0.002134485533358932,0.002134485533358932
2020-05-18,Monday,0.0009404855341146323,0.0009404855341146323,0.00043970911550816894,0.00043970911550816894
2020-05-19,Tuesday,-0.0004061051135402227,0.0004061051135402227,0.0004057892601108115,0.0004057892601108115
2020-05-20,Wednesday,-0.00023608768971328242,0.00023608768971328242,0.0012998721730479446,0.0012998721730479446
2020-05-21,Thursday,0.0014227642276423147,0.0014227642276423147,-0.0005411621457079852,0.0005411621457079852
2020-05-22,Friday,0.0014343872981408268,0.0014343872981408268,0.0005251744934609004,0.0005251744934609004
2020-05-26,Tuesday,-3.320714617782716e-05,3.320714617782716e-05,-0.0004979253112032955,0.0004979253112032955
2020-05-27,Wednesday,0.002397123451857608,0.002397123451857608,0.0004149859734741135,0.0004149859734741135
2020-05-28,Thursday,-0.00021209599791160993,0.00021209599791160993,0.0005228758169935066,0.0005228758169935066
2020-05-29,Friday,-0.00023245002324501218,0.00023245002324501218,-0.0004952783464308164,0.0004952783464308164
2020-06-01,Monday,-0.0001307574123108335,0.0001307574123108335,0.00045819014891179677,0.00045819014891179677
2020-06-02,Tuesday,0.00011398423760833332,0.00011398423760833332,-0.0016139550048908102,0.0016139550048908102
2020-06-03,Wednesday,0.0020554984583760483,0.0020554984583760483,0.00019228920296132657,0.00019228920296132657
2020-06-04,Thursday,0.0001284109149277679,0.0001284109149277679,-0.0018190864443230481,0.0018190864443230481
2020-06-05,Friday,0.0016246446089918098,0.0016246446089918098,-0.0006714553404121304,0.0006714553404121304
2020-06-08,Monday,0.0005127886378468727,0.0005127886378468727,-0.0004191830587942924,0.0004191830587942924
2020-06-09,Tuesday,-0.0009007050346305778,0.0009007050346305778,0.0009968536805706751,0.0009968536805706751
2020-06-10,Wednesday,0.00525147697789996,0.00525147697789996,-0.003073675059765746,0.003073675059765746
2020-06-11,Thursday,-0.003609989826392157,0.003609989826392157,-0.0027965125843064653,0.0027965125843064653
2020-06-12,Friday,0.0037473233404710093,0.0037473233404710093,0.0028724181443846586,0.0028724181443846586
2020-06-15,Monday,0.008254949680984058,0.008254949680984058,-0.003117692907248726,0.003117692907248726
2020-06-16,Tuesday,0.0019027822193797839,0.0019027822193797839,0.00038294613224398866,0.00038294613224398866
2020-06-17,Wednesday,-0.0005738332058148332,0.0005738332058148332,-0.0006375314781167374,0.0006375314781167374
2020-06-18,Thursday,-0.002116402116402183,0.002116402116402183,0.00036951946403607216,0.00036951946403607216
2020-06-19,Friday,0.0015264200578088971,0.0015264200578088971,0.00211273947116819,0.00211273947116819
2020-06-22,Monday,-0.0019651484893383753,0.0019651484893383753,0.0001453338957637662,0.0001453338957637662
2020-06-23,Tuesday,-0.001734591575295652,0.001734591575295652,0.00025489883702389804,0.00025489883702389804
2020-06-24,Wednesday,-0.0024353320608174744,0.0024353320608174744,0.000558237283683205,0.000558237283683205
2020-06-25,Thursday,-0.000459679537693658,0.000459679537693658,-0.0013808067856790895,0.0013808067856790895
2020-06-26,Friday,0.0001656781205472413,0.0001656781205472413,-0.0001994084216823122,0.0001994084216823122
2020-06-29,Monday,1.6467139822395893e-05,1.6467139822395893e-05,9.89707046712418e-05,9.89707046712418e-05
2020-06-30,Tuesday,-0.0006198818961861141,0.0006198818961861141,-0.00011203408962856543,0.00011203408962856543
2020-07-01,Wednesday,0.0011102350802103533,0.0011102350802103533,-0.000530683133925236,0.000530683133925236
2020-07-02,Thursday,-0.00044620091789904226,0.00044620091789904226,0.0005890406597255371,0.0005890406597255371
2020-07-06,Monday,-0.0010106752574062794,0.0010106752574062794,0.0009178086527201756,0.0009178086527201756
2020-07-07,Tuesday,-0.0009826037703268842,0.0009826037703268842,-0.0008553235974277928,0.0008553235974277928
2020-07-08,Wednesday,-0.0005575734403874266,0.0005575734403874266,-0.0007954834605596872,0.0007954834605596872
2020-07-09,Thursday,0.0005743825387707346,0.0005743825387707346,-0.0003814973772054975,0.0003814973772054975
2020-07-10,Friday,0.0003791349404442812,0.0003791349404442812,0.0009323493623678569,0.0009323493623678569
2020-07-13,Monday,-0.0014910999968935634,0.0014910999968935634,-0.0016256096036012524,0.0016256096036012524
2020-07-14,Tuesday,0.0018018587595627356,0.0018018587595627356,-0.00022065313327446212,0.00022065313327446212
2020-07-15,Wednesday,0.002802865151043221,0.002802865151043221,0.0007145520069591349,0.0007145520069591349
2020-07-16,Thursday,0.0005469946550809013,0.0005469946550809013,-6.240249609978932e-05,6.240249609978932e-05
2020-07-17,Friday,0.0011673151750972721,0.0011673151750972721,-0.000528065107321507,0.000528065107321507
2020-07-20,Monday,-0.00023632278046559207,0.00023632278046559207,0.000494223759807122,0.000494223759807122
2020-07-21,Tuesday,0.00032156310293096624,0.00032156310293096624,-0.000673586234346879,0.000673586234346879
2020-07-22,Wednesday,0.001631924130923501,0.001631924130923501,4.6080117965141554e-05,4.6080117965141554e-05
2020-07-23,Thursday,-0.0025343058474471825,0.0025343058474471825,0.0006819168061495962,0.0006819168061495962
2020-07-24,Friday,0.0006551444437510323,0.0006551444437510323,-0.0012290172529130228,0.0012290172529130228
2020-07-27,Monday,9.302325581383997e-05,9.302325581383997e-05,1.5490906837722918e-05,1.5490906837722918e-05
2020-07-28,Tuesday,-0.00015454039685980359,0.00015454039685980359,0.0002320903605137481,0.0002320903605137481
2020-07-29,Wednesday,-0.0004941053021418895,0.0004941053021418895,0.0011715377975090036,0.0011715377975090036
2020-07-30,Thursday,-0.00027802662877263185,0.00027802662877263185,0.0007110836296182477,0.0007110836296182477
2020-07-31,Friday,0.0006823113646228229,0.0006823113646228229,0.0005579838184692765,0.0005579838184692765
2020-08-03,Monday,0.00033426522426172056,0.00033426522426172056,9.107191645663093e-05,9.107191645663093e-05
2020-08-04,Tuesday,0.0002732738203681251,0.0002732738203681251,-0.0015517084005233217,0.0015517084005233217
2020-08-05,Wednesday,0.0004365970140258746,0.0004365970140258746,0.00010026798349938026,0.00010026798349938026
2020-08-06,Thursday,0.0011567988221683478,0.0011567988221683478,0.0004792733029783669,0.0004792733029783669
2020-08-07,Friday,0.0009909314755871534,0.0009909314755871534,0.0015940808469681045,0.0015940808469681045
2020-08-10,Monday,0.000731125037302327,0.000731125037302327,2.9826706833269157e-05,2.9826706833269157e-05
2020-08-11,Tuesday,0.00016309101961531347,0.00016309101961531347,0.00020817224766545017,0.00020817224766545017
2020-08-12,Wednesday,-8.553332544103398e-05,8.553332544103398e-05,0.0001483389589624906,0.0001483389589624906
2020-08-13,Thursday,-0.0003554449726751452,0.0003554449726751452,2.9684601113189046e-05,2.9684601113189046e-05
2020-08-14,Friday,-0.0008594884561810012,0.0008594884561810012,0.00035611478766650606,0.00035611478766650606
2020-08-17,Monday,-0.00014790711433221304,0.00014790711433221304,8.87390185464465e-05,8.87390185464465e-05
2020-08-18,Tuesday,-0.00026569050008862227,0.00026569050008862227,-5.903361964654241e-05,5.903361964654241e-05
2020-08-19,Wednesday,0.0004419954621799338,0.0004419954621799338,0.0007688895460595813,0.0007688895460595813
2020-08-20,Thursday,7.405651993619422e-05,7.405651993619422e-05,0.0002810318305526138,0.0002810318305526138
2020-08-21,Friday,-3.1872651052089473e-05,3.1872651052089473e-05,0.0006783660227103194,0.0006783660227103194
2020-08-24,Monday,-0.0002987301773068607,0.0002987301773068607,-0.000585188869707709,0.000585188869707709
2020-08-25,Tuesday,0.00021912060374718045,0.00021912060374718045,-2.9104455892214887e-05,2.9104455892214887e-05
2020-08-26,Wednesday,0.0009085756225672981,0.0009085756225672981,-0.0012907251235662054,0.0012907251235662054
2020-08-27,Thursday,0.0011042276142947394,0.0011042276142947394,-0.0004865483686318228,0.0004865483686318228
2020-08-28,Friday,-5.72639294508237e-05,5.72639294508237e-05,-0.0003690987124463918,0.0003690987124463918
2020-08-31,Monday,-0.00032798106265863325,0.00032798106265863325,-0.00025229865767972814,0.00025229865767972814
2020-09-01,Tuesday,0.00011157601115763249,0.00011157601115763249,-7.107724675181615e-05,7.107724675181615e-05
2020-09-02,Wednesday,-0.0006452698911457722,0.0006452698911457722,0.0003082489552073131,0.0003082489552073131
2020-09-03,Thursday,0.0005494950664082232,0.0005494950664082232,0.0022285896211398093,0.0022285896211398093
2020-09-04,Friday,-0.0009255042529123791,0.0009255042529123791,-0.0002828779759290745,0.0002828779759290745
2020-09-08,Tuesday,-0.001245551601423589,0.001245551601423589,-0.0002832269989864189,0.0002832269989864189
2020-09-09,Wednesday,-0.0009385895127718147,0.0009385895127718147,0.001964924629010323,0.001964924629010323
2020-09-10,Thursday,0.002161658031088143,0.002161658031088143,0.002363429665529937,0.002363429665529937
2020-09-11,Friday,0.001055870640762624,0.001055870640762624,0.002346499804458224,0.002346499804458224
2020-09-14,Monday,-8.852168781348091e-05,8.852168781348091e-05,-2.9511583296559785e-05,2.9511583296559785e-05
2020-09-15,Tuesday,-0.0009379763160981547,0.0009379763160981547,-0.0007335035061467599,0.0007335035061467599
2020-09-16,Wednesday,0.00046901565339751983,0.00046901565339751983,0.00011684290471469794,0.00011684290471469794
2020-09-17,Thursday,0.0013306819371139422,0.0013306819371139422,-0.0003665722084359446,0.0003665722084359446
2020-09-18,Friday,-0.0014547217844586013,0.0014547217844586013,0.0004241910071505206,0.0004241910071505206
2020-09-21,Monday,0.0004634636181060081,0.0004634636181060081,-0.0018250433061122173,0.0018250433061122173
2020-09-22,Tuesday,0.0019751435777448645,0.0019751435777448645,-0.0008047355240191623,0.0008047355240191623
2020-09-23,Wednesday,-0.001529051987767538,0.001529051987767538,0.0008618301578997567,0.0008618301578997567
2020-09-24,Thursday,-0.000767365480831228,0.000767365480831228,0.0012017008689220177,0.0012017008689220177
2020-09-25,Friday,0.000825890126024742,0.000825890126024742,-0.0008241506669516285,0.0008241506669516285
2020-09-28,Monday,-0.001105698831545321,0.001105698831545321,0.0002989536621824662,0.0002989536621824662
2020-09-29,Tuesday,-0.00043510224902842953,0.00043510224902842953,0.00022481677432883984,0.00022481677432883984
2020-09-30,Wednesday,0.000503377577625086,0.000503377577625086,-0.0013071507085350431,0.0013071507085350431
2020-10-01,Thursday,-0.0012193671187248345,0.0012193671187248345,0.0007434502037053647,0.0007434502037053647
2020-10-02,Friday,0.0019133034379670288,0.0019133034379670288,-0.0002982225933435556,0.0002982225933435556
2020-10-05,Monday,-0.0006659760248631796,0.0006659760248631796,0.0007692762885378457,0.0007692762885378457
2020-10-06,Tuesday,8.811349017534553e-05,8.811349017534553e-05,0.0007035234800962797,0.0007035234800962797
2020-10-07,Wednesday,0.0006786532698748182,0.0006786532698748182,-4.396248534577207e-05,4.396248534577207e-05
2020-10-08,Thursday,0.0,0.0,0.00032034480750198213,0.00032034480750198213
2020-10-09,Friday,-0.00020177562550438566,0.00020177562550438566,0.0005976268152554365,0.0005976268152554365
2020-10-12,Monday,0.0004956057797087521,0.0004956057797087521,-0.0005647530794439248,0.0005647530794439248
2020-10-13,Tuesday,0.00045719510801234264,0.00045719510801234264,0.0008436284603066113,0.0008436284603066113
2020-10-14,Wednesday,0.00026974542237145904,0.00026974542237145904,-0.0018067742687074562,0.0018067742687074562
2020-10-15,Thursday,0.0006637423525337471,0.0006637423525337471,0.00014413791115353014,0.00014413791115353014
2020-10-16,Friday,-0.0008016720588656101,0.0008016720588656101,8.580622095100132e-05,8.580622095100132e-05
2020-10-19,Monday,-0.0014500319007018092,0.0014500319007018092,-0.002985507246376695,0.002985507246376695
2020-10-20,Tuesday,0.00015908137735554106,0.00015908137735554106,0.000694854430746128,0.000694854430746128
2020-10-21,Wednesday,0.00032020493115592075,0.00032020493115592075,0.0005226329084520032,0.0005226329084520032
2020-10-22,Thursday,0.00046467051955989547,0.00046467051955989547,0.0003482399373169187,0.0003482399373169187
2020-10-23,Friday,0.0005225115387965662,0.0005225115387965662,5.79659739734506e-05,5.79659739734506e-05
2020-10-26,Monday,0.00041495005779657035,0.00041495005779657035,-0.0006645106986222782,0.0006645106986222782
2020-10-27,Tuesday,-0.0004121890181068011,0.0004121890181068011,-0.00017693895606019083,0.00017693895606019083
2020-10-28,Wednesday,-0.001247148288973432,0.001247148288973432,-0.0008205395739333543,0.0008205395739333543
2020-10-29,Thursday,0.0015083866296610182,0.0015083866296610182,0.0009909909909908698,0.0009909909909908698
2020-10-30,Friday,0.0008320749483805567,0.0008320749483805567,-0.000957440237197904,0.000957440237197904
2020-11-02,Monday,0.0007330482590104381,0.0007330482590104381,-0.0007594128908742226,0.0007594128908742226
2020-11-03,Tuesday,0.0009849864191266988,0.0009849864191266988,0.0022642633695815206,0.0022642633695815206
2020-11-04,Wednesday,-0.0006071469873943913,0.0006071469873943913,-0.0002312740308173522,0.0002312740308173522
2020-11-05,Thursday,0.001309981489392209,0.001309981489392209,0.0003983950371360123,0.0003983950371360123
2020-11-06,Friday,-0.0002853311267726477,0.0002853311267726477,0.00011410965938263296,0.00011410965938263296
2020-11-09,Monday,-0.0009968433294567092,0.0009968433294567092,-0.0016129929362033169,0.0016129929362033169
2020-11-10,Tuesday,0.0003389160335527386,0.0003389160335527386,0.0017268712490092764,0.0017268712490092764
2020-11-11,Wednesday,0.0010652911328530301,0.0010652911328530301,0.00015156363146462404,0.00015156363146462404
2020-11-12,Thursday,0.0006365642505516966,0.0006365642505516966,0.0005438357718043907,0.0005438357718043907
2020-11-13,Friday,0.00047672462142434036,0.00047672462142434036,-0.0002798611888502611,0.0002798611888502611
2020-11-16,Monday,-0.00036053025680848894,0.00036053025680848894,-0.00019887543971408572,0.00019887543971408572
2020-11-17,Tuesday,0.0009419326241135728,0.0009419326241135728,-5.532733031810011e-05,5.532733031810011e-05
2020-11-18,Wednesday,0.00030569991384821193,0.00030569991384821193,0.0009608689597548903,0.0009608689597548903
2020-11-19,Thursday,0.0005329144812500353,0.0005329144812500353,0.0011212962184283803,0.0011212962184283803
2020-11-20,Friday,-0.00019598510513196832,0.00019598510513196832,0.0004898130644823695,0.0004898130644823695
2020-11-23,Monday,-0.00025226336295081087,0.00025226336295081087,0.0009397046241881313,0.0009397046241881313
2020-11-24,Tuesday,0.0004269031618377994,0.0004269031618377994,4.137018037408957e-05,4.137018037408957e-05
2020-11-25,Wednesday,-0.0005045492142266017,0.0005045492142266017,-0.00016556291390723565,0.00016556291390723565
2020-11-27,Friday,-0.00016485328058024606,0.00016485328058024606,-0.0003299604047514171,0.0003299604047514171
2020-11-30,Monday,-0.0007401206906390012,0.0007401206906390012,-1.383623433048875e-05,1.383623433048875e-05
2020-12-01,Tuesday,0.000190945739812598,0.000190945739812598,-0.0005854322668481515,0.0005854322668481515
2020-12-02,Wednesday,0.00010937927262788527,0.00010937927262788527,0.0007644442018501785,0.0007644442018501785
2020-12-03,Thursday,0.0008266943140893268,0.0008266943140893268,0.0005721914934198047,0.0005721914934198047
2020-12-04,Friday,0.0,0.0,0.0002983940972223209,0.0002983940972223209
2020-12-07,Monday,-0.0010040171543348464,0.0010040171543348464,0.00012674202434426185,0.00012674202434426185
2020-12-08,Tuesday,0.00016213148863730709,0.00016213148863730709,-0.0001888777960659116,0.0001888777960659116
2020-12-09,Wednesday,0.0020790077587147238,0.0020790077587147238,-0.0015238095238094829,0.0015238095238094829
2020-12-10,Thursday,-0.00021822149481731667,0.00021822149481731667,0.0004782400765184214,0.0004782400765184214
2020-12-11,Friday,-0.0005332385353714608,0.0005332385353714608,0.0011485451761104049,0.0011485451761104049
2020-12-14,Monday,-0.0006269250688255568,0.0006269250688255568,-0.0013778050610463444,0.0013778050610463444
2020-12-15,Tuesday,-0.0003792393542096928,0.0003792393542096928,0.00018986489798877848,0.00018986489798877848
2020-12-16,Wednesday,-0.00021630975556996557,0.00021630975556996557,0.0010799989820016176,0.0010799989820016176
2020-12-17,Thursday,-8.061698868666589e-05,8.061698868666589e-05,0.00016126864668719598,0.00016126864668719598
2020-12-18,Friday,-0.0016153115243654481,0.0016153115243654481,0.0003805899143671798,0.0003805899143671798
2020-12-21,Monday,-0.0003531840904150707,0.0003531840904150707,0.0003664992534273548,0.0003664992534273548
2020-12-22,Tuesday,0.00017418004945524146,0.00017418004945524146,-0.00025817672876493614,0.00025817672876493614
2020-12-23,Wednesday,-0.00010828663472206568,0.00010828663472206568,0.0002709733362236122,0.0002709733362236122
2020-12-24,Thursday,2.7098067907793677e-05,2.7098067907793677e-05,0.0,0.0
2020-12-28,Monday,0.000134594202509275,0.000134594202509275,0.00018796992481218133,0.00018796992481218133
2020-12-29,Tuesday,-0.0007233960931231076,0.0007233960931231076,1.3477088948832261e-05,1.3477088948832261e-05
2020-12-30,Wednesday,-0.0002417859925315513,0.0002417859925315513,-0.000537750053774988,0.000537750053774988
2020-12-31,Thursday,-0.00032279757901820805,0.00032279757901820805,0.001100848458812198,0.001100848458812198
2021-01-04,Monday,-0.0005426083181855335,0.0005426083181855335,-0.0017672888429697275,0.0017672888429697275
2021-01-05,Tuesday,0.002103106125970644,0.002103106125970644,2.982596949840932e-05,2.982596949840932e-05
2021-01-06,Wednesday,0.0005660327241818752,0.0005660327241818752,0.0013078524528904456,0.0013078524528904456
2021-01-07,Thursday,0.00037416400204537403,0.00037416400204537403,0.0005808887598024448,0.0005808887598024448
2021-01-08,Friday,0.001110406091370697,0.001110406091370697,-0.0005003820716186214,0.0005003820716186214
2021-01-11,Monday,-0.0005010020040080443,0.0005010020040080443,0.00013204109118758467,0.00013204109118758467
2021-01-12,Tuesday,0.0012008603966799924,0.0012008603966799924,0.0009107227707090271,0.0009107227707090271
2021-01-13,Wednesday,0.0007889753839680491,0.0007889753839680491,7.878771962088749e-05,7.878771962088749e-05
2021-01-14,Thursday,0.0002892909741216698,0.0002892909741216698,2.235841860209753e-05,2.235841860209753e-05
2021-01-15,Friday,0.0006237392504513384,0.0006237392504513384,0.0005311097538305276,0.0005311097538305276
2021-01-19,Tuesday,-0.00046160744902534745,0.00046160744902534745,-0.00018499947218419965,0.00018499947218419965
2021-01-20,Wednesday,2.605184316784026e-05,2.605184316784026e-05,0.0003619885934529332,0.0003619885934529332
2021-01-21,Thursday,0.0002912772991123802,0.0002912772991123802,0.00023397894189525204,0.00023397894189525204
2021-01-22,Friday,0.00011742448952944962,0.00011742448952944962,0.00020871924652343665,0.00020871924652343665
2021-01-25,Monday,0.0002347050539821538,0.0002347050539821538,0.00031297271921126857,0.00031297271921126857
2021-01-26,Tuesday,0.0004730289010517197,0.0004730289010517197,0.00029416974296414544,0.00029416974296414544
2021-01-27,Wednesday,0.0008018230477755406,0.0008018230477755406,-0.0027661045800309036,0.0027661045800309036
2021-01-28,Thursday,-0.00036680902350205713,0.00036680902350205713,-0.00040702178223017693,0.00040702178223017693
2021-01-29,Friday,0.003434381676086451,0.003434381676086451,-0.002102652577097186,0.002102652577097186
2021-02-01,Monday,-0.0005044495960817574,0.0005044495960817574,0.00011937606112066845,0.00011937606112066845
2021-02-02,Tuesday,2.6134908397201784e-05,2.6134908397201784e-05,0.0006534751810125528,0.0006534751810125528
2021-02-03,Wednesday,2.582832616004893e-05,2.582832616004893e-05,5.2411994784895555e-05,5.2411994784895555e-05
2021-02-04,Thursday,0.0004413291796470098,0.0004413291796470098,0.0001687435098649548,0.0001687435098649548
2021-02-05,Friday,3.147592685004419e-05,3.147592685004419e-05,-6.445915545660874e-06,6.445915545660874e-06
2021-02-08,Monday,0.0004243772585230676,0.0004243772585230676,8.997082374717635e-05,8.997082374717635e-05
2021-02-09,Tuesday,0.00023055640946822997,0.00023055640946822997,0.00035840458757863125,0.00035840458757863125
2021-02-10,Wednesday,0.0002053124598999645,0.0002053124598999645,0.0008709239478470465,0.0008709239478470465
2021-02-11,Thursday,-0.001360683936227458,0.001360683936227458,0.00020548121131191976,0.00020548121131191976
2021-02-12,Friday,-0.00037917534224296556,0.00037917534224296556,8.697854443950881e-05,8.697854443950881e-05
2021-02-16,Tuesday,0.0005350182160965833,0.0005350182160965833,8.901322482213203e-05,8.901322482213203e-05
2021-02-17,Wednesday,0.0013290055460424277,0.0013290055460424277,0.0001310746588993883,0.0001310746588993883
2021-02-18,Thursday,0.0013862588691100353,0.0013862588691100353,0.0005502732170508118,0.0005502732170508118
2021-02-19,Friday,-4.9126947614830385e-05,4.9126947614830385e-05,0.0006285758267696728,0.0006285758267696728
2021-02-22,Monday,-0.00027479582926692725,0.00027479582926692725,-7.70752511369821e-05,7.70752511369821e-05
2021-02-23,Tuesday,0.00010385833722814652,0.00010385833722814652,-0.0026434458093610447,0.0026434458093610447
2021-02-24,Wednesday,-0.000688775510204076,0.000688775510204076,-9.960693570754131e-05,9.960693570754131e-05
2021-02-25,Thursday,0.0024602007211382837,0.0024602007211382837,-0.002380582725249547,0.002380582725249547
2021-02-26,Friday,-0.0008647520019465782,0.0008647520019465782,0.0019512067362466023,0.0019512067362466023
2021-03-01,Monday,0.0008117852111835244,0.0008117852111835244,-2.5613441934302372e-05,2.5613441934302372e-05
2021-03-02,Tuesday,0.0001333408353609844,0.0001333408353609844,0.0004892493884383065,0.0004892493884383065
2021-03-03,Wednesday,-0.001509905500741926,0.001509905500741926,-0.0023355035684928804,0.0023355035684928804
2021-03-04,Thursday,0.0015863200064527572,0.0015863200064527572,-0.0024327989152109764,0.0024327989152109764
2021-03-05,Friday,-0.001468428781204123,0.001468428781204123,0.0021012922423278013,0.0021012922423278013
2021-03-08,Monday,0.001066763802882953,0.001066763802882953,-0.0002693175043417817,0.0002693175043417817
2021-03-09,Tuesday,0.00030787387433606206,0.00030787387433606206,0.0009241633365510982,0.0009241633365510982
2021-03-10,Wednesday,0.00041039320799240997,0.00041039320799240997,0.0003714424776493086,0.0003714424776493086
2021-03-11,Thursday,0.0009932583130576322,0.0009932583130576322,-0.00015191411788539888,0.00015191411788539888
2021-03-12,Friday,-0.00015276893698279448,0.00015276893698279448,-2.5443997760943304e-05,2.5443997760943304e-05
2021-03-15,Monday,0.0005346387640976502,0.0005346387640976502,6.34958540495223e-05,6.34958540495223e-05
2021-03-16,Tuesday,0.0006813536225303007,0.0006813536225303007,0.000427425004615678,0.000427425004615678
2021-03-17,Wednesday,0.003312182741116665,0.003312182741116665,0.00036682857721115347,0.00036682857721115347
2021-03-18,Thursday,-0.0010857763300758938,0.0010857763300758938,-0.0011550568643380332,0.0011550568643380332
2021-03-19,Friday,-7.670672462289918e-05,7.670672462289918e-05,0.00035821201033714445,0.00035821201033714445
2021-03-22,Monday,6.356147666042311e-05,6.356147666042311e-05,0.0005336857353426261,0.0005336857353426261
2021-03-23,Tuesday,-0.00014035804060175128,0.00014035804060175128,-0.00011477103179147186,0.00011477103179147186
2021-03-24,Wednesday,-0.0009200219783028762,0.0009200219783028762,-0.00048665539675218916,0.00048665539675218916
2021-03-25,Thursday,-0.000903598905354408,0.000903598905354408,0.0007241504163864043,0.0007241504163864043
2021-03-26,Friday,-0.0007653646962778593,0.0007653646962778593,0.00022986744310782292,0.00022986744310782292
2021-03-29,Monday,-0.00037915171123803493,0.00037915171123803493,-0.001036479004980051,0.001036479004980051
2021-03-30,Tuesday,-0.0004822335025380653,0.0004822335025380653,0.0004819154872419684,0.0004819154872419684
2021-03-31,Wednesday,-0.0002765834401949885,0.0002765834401949885,0.0005032332737839873,0.0005032332737839873
2021-04-01,Thursday,0.00022519704741652546,0.00022519704741652546,5.001813157257118e-05,5.001813157257118e-05
2021-04-05,Monday,-0.0005410989227211394,0.0005410989227211394,0.00031988976106700484,0.00031988976106700484
2021-04-06,Tuesday,0.0003074009861423477,0.0003074009861423477,-0.00034425100816359855,0.00034425100816359855
2021-04-07,Wednesday,0.00034425059671749914,0.00034425059671749914,2.4592986080262946e-05,2.4592986080262946e-05
2021-04-08,Thursday,0.00019604479623591686,0.00019604479623591686,-4.897879218290768e-05,4.897879218290768e-05
2021-04-09,Friday,0.00015861202279121578,0.00015861202279121578,4.881025015257556e-05,4.881025015257556e-05
2021-04-12,Monday,0.0003165019233577482,0.0003165019233577482,-0.0003891807744698106,0.0003891807744698106
2021-04-13,Tuesday,0.0004973494911264531,0.0004973494911264531,0.000302887120028128,0.000302887120028128
2021-04-14,Wednesday,-6.06634151076868e-05,6.06634151076868e-05,-0.0010427275813570391,0.0010427275813570391
2021-04-15,Thursday,0.0004694214080236403,0.0004694214080236403,0.000120305093717743,0.000120305093717743
2021-04-16,Friday,0.0009147681026844268,0.0009147681026844268,0.00032368279086503193,0.00032368279086503193
2021-04-19,Monday,0.0,0.0,-0.00027710509511935655,0.00027710509511935655
2021-04-20,Tuesday,0.00012017625851257208,0.00012017625851257208,-0.0011906642205401496,0.0011906642205401496
2021-04-21,Wednesday,0.00039767181229888315,0.00039767181229888315,0.00043379765749262944,0.00043379765749262944
2021-04-22,Thursday,-0.0007284559162761273,0.0007284559162761273,-0.000508376101481467,0.000508376101481467
2021-04-23,Friday,0.00020646739325913543,0.00020646739325913543,9.591981103795888e-05,9.591981103795888e-05
2021-04-26,Monday,0.00020349289570398277,0.00020349289570398277,0.00014596129872068708,0.00014596129872068708
2021-04-27,Tuesday,-0.0007906085289889342,0.0007906085289889342,0.0005053299133754852,0.0005053299133754852
2021-04-28,Wednesday,0.0007428530349140594,0.0007428530349140594,-0.00024277458308141764,0.00024277458308141764
2021-04-29,Thursday,-9.531772575266384e-05,9.531772575266384e-05,0.0007631949247537406,0.0007631949247537406
2021-04-30,Friday,-0.00030000480007674746,0.00030000480007674746,-7.189589474432267e-05,7.189589474432267e-05
2021-05-03,Monday,0.0002520486418042811,0.0002520486418042811,0.00033418470866242167,0.00033418470866242167
2021-05-04,Tuesday,0.00022974607013304116,0.00022974607013304116,0.0004229607250756384,0.0004229607250756384
2021-05-05,Wednesday,-0.0005591562617466295,0.0005591562617466295,-1.198997637974486e-05,1.198997637974486e-05
2021-05-06,Thursday,0.00024025178386932744,0.00024025178386932744,-0.0001081886810597732,0.0001081886810597732
2021-05-07,Friday,-5.1933651085023236e-05,5.1933651085023236e-05,-0.0002962628957839941,0.0002962628957839941
2021-05-10,Monday,-0.0004944950645405788,0.0004944950645405788,0.0001648499032103068,0.0001648499032103068
2021-05-11,Tuesday,0.0006638823841826902,0.0006638823841826902,-0.0021098572530864335,0.0021098572530864335
2021-05-12,Wednesday,-0.0002700910943599366,0.0002700910943599366,0.0010572643898600909,0.0010572643898600909
2021-05-13,Thursday,0.0022259184971382684,0.0022259184971382684,7.296784550292479e-05,7.296784550292479e-05
2021-05-14,Friday,9.605455898964443e-05,9.605455898964443e-05,0.0005545557075323782,0.0005545557075323782
2021-05-17,Monday,0.0005072096224911782,0.0005072096224911782,0.0001944232840940252,0.0001944232840940252
2021-05-18,Tuesday,-0.000265079403330426,0.000265079403330426,-0.0013996138996138496,0.0013996138996138496
2021-05-19,Wednesday,-0.0021982853374369338,0.0021982853374369338,-0.0012925253017925797,0.0012925253017925797
2021-05-20,Thursday,9.635535856244992e-05,9.635535856244992e-05,-0.0005293933633322423,0.0005293933633322423
2021-05-21,Friday,-4.83486878503081e-05,4.83486878503081e-05,0.00012034563265683751,0.00012034563265683751
2021-05-24,Monday,0.0001905896366884985,0.0001905896366884985,0.0003882853523575758,0.0003882853523575758
2021-05-25,Tuesday,-0.00083603973636448,0.00083603973636448,0.00019123658355857387,0.00019123658355857387
2021-05-26,Wednesday,-4.800573202778935e-05,4.800573202778935e-05,-0.00026247345438912273,0.00026247345438912273
2021-05-27,Thursday,-0.0003693026137093769,0.0003693026137093769,-0.00018900284672129786,0.00018900284672129786
2021-05-28,Friday,0.00014262113882979044,0.00014262113882979044,-3.564638783271068e-05,3.564638783271068e-05
2021-06-01,Tuesday,0.0003574833174451175,0.0003574833174451175,4.023474234271518e-05,4.023474234271518e-05
2021-06-02,Wednesday,0.00040496921042909584,0.00040496921042909584,2.382143452672736e-05,2.382143452672736e-05
2021-06-03,Thursday,8.342669177419104e-05,8.342669177419104e-05,0.0001312523864069881,0.0001312523864069881
2021-06-04,Friday,0.00021319183712154022,0.00021319183712154022,0.0002604074192440464,0.0002604074192440464
2021-06-07,Monday,0.00011395010409809281,0.00011395010409809281,0.00011862396204032066,0.00011862396204032066
2021-06-08,Tuesday,0.0002133857521788851,0.0002133857521788851,-9.465663306351679e-05,9.465663306351679e-05
2021-06-09,Wednesday,0.00015379155329475758,0.00015379155329475758,-5.037699970666942e-05,5.037699970666942e-05
2021-06-10,Thursday,-0.0001650631956234827,0.0001650631956234827,0.0001652190332326331,0.0001652190332326331
2021-06-11,Friday,0.00037781739612974263,0.00037781739612974263,0.00020059233737268478,0.00020059233737268478
2021-06-14,Monday,-3.5433349868885244e-05,3.5433349868885244e-05,0.0002481155036744287,0.0002481155036744287
2021-06-15,Tuesday,0.0005887270543629697,0.0005887270543629697,-0.00012952910283436925,0.00012952910283436925
2021-06-16,Wednesday,-0.005341148110509786,0.005341148110509786,-0.0006998066635828248,0.0006998066635828248
2021-06-17,Thursday,1.1843289592139428e-05,1.1843289592139428e-05,-0.0006631299734748408,0.0006631299734748408
2021-06-18,Friday,0.00046804118762455715,0.00046804118762455715,-0.0005758157389635921,0.0005758157389635921
2021-06-21,Monday,-0.00034462269756385666,0.00034462269756385666,-0.00016643682533645787,0.00016643682533645787
2021-06-22,Tuesday,-9.469472787104749e-05,9.469472787104749e-05,0.0003550463927286529,0.0003550463927286529
2021-06-23,Wednesday,-0.0005430163377090347,0.0005430163377090347,0.0002126402835203045,0.0002126402835203045
2021-06-24,Thursday,0.0001411333004022186,0.0001411333004022186,0.0002233087301959369,0.0002233087301959369
2021-06-25,Friday,-7.037958053768278e-05,7.037958053768278e-05,2.3452707615057022e-05,2.3452707615057022e-05
2021-06-28,Monday,0.0003282609205372822,0.0003282609205372822,0.00011717422635726393,0.00011717422635726393
2021-06-29,Tuesday,-0.00023371584827169833,0.00023371584827169833,-0.0004442781648973382,0.0004442781648973382
2021-06-30,Wednesday,-0.00014021967749477948,0.00014021967749477948,0.00015191175095830012,0.00015191175095830012
2021-07-01,Thursday,0.00012793077781925177,0.00012793077781925177,0.00032544516249011224,0.00032544516249011224
2021-07-02,Friday,8.654262224161435e-05,8.654262224161435e-05,-0.00013838915029062981,0.00013838915029062981
2021-07-06,Tuesday,0.00033561477260879435,0.00033561477260879435,0.00043961129106895314,0.00043961129106895314
2021-07-07,Wednesday,0.0015911881732126876,0.0015911881732126876,-0.00039055879383653735,0.00039055879383653735
2021-07-08,Thursday,-0.000255226339358261,0.000255226339358261,0.0004300525361475849,0.0004300525361475849
2021-07-09,Friday,1.1495309913511775e-05,1.1495309913511775e-05,0.00011490290704352368,0.00011490290704352368
2021-07-12,Monday,8.017225581835596e-05,8.017225581835596e-05,0.00011442564049746196,0.00011442564049746196
2021-07-13,Tuesday,-0.0019245749896896758,0.0019245749896896758,-0.000217672734771579,0.000217672734771579
2021-07-14,Wednesday,0.00013746019381888352,0.00013746019381888352,-0.00010303613133677558,0.00010303613133677558
2021-07-15,Thursday,0.0006123344963837596,0.0006123344963837596,-0.000391768257553049,0.000391768257553049
2021-07-16,Friday,-0.0007618256111919797,0.0007618256111919797,-0.00036988233118329106,0.00036988233118329106
2021-07-19,Monday,0.001989908322080902,0.001989908322080902,-0.0008741465258581549,0.0008741465258581549
2021-07-20,Tuesday,0.0010626997491600676,0.0010626997491600676,-6.947821857850034e-05,6.947821857850034e-05
2021-07-21,Wednesday,-5.323623290276469e-05,5.323623290276469e-05,0.00019591121764572783,0.00019591121764572783
2021-07-22,Thursday,3.4464931931710296e-05,3.4464931931710296e-05,-0.00010334018440472104,0.00010334018440472104
2021-07-23,Friday,-0.0002051095471444775,0.0002051095471444775,-0.00022740710419799637,0.00022740710419799637
2021-07-26,Monday,0.00014602684350384365,0.00014602684350384365,0.00021499761618271052,0.00021499761618271052
2021-07-27,Tuesday,0.0006646345655811903,0.0006646345655811903,-1.1427787808826473e-05,1.1427787808826473e-05
2021-07-28,Wednesday,0.0014376996805112174,0.0014376996805112174,0.0001708194779757033,0.0001708194779757033
2021-07-29,Thursday,-4.5524551549047665e-05,4.5524551549047665e-05,-0.00010196913734117352,0.00010196913734117352
2021-07-30,Friday,-0.0004898833394093582,0.0004898833394093582,-0.0002467145991366104,0.0002467145991366104
2021-08-02,Monday,-0.00031922655964977675,0.00031922655964977675,0.00018236112060909804,0.00018236112060909804
2021-08-03,Tuesday,-0.00020445252158107774,0.00020445252158107774,-0.00018160355942975492,0.00018160355942975492
2021-08-04,Wednesday,0.0004092397235357925,0.0004092397235357925,0.00024995739362609903,0.00024995739362609903
2021-08-05,Thursday,-2.176920111573999e-05,2.176920111573999e-05,-6.80549884305437e-05,6.80549884305437e-05
2021-08-06,Friday,5.647803004649177e-05,5.647803004649177e-05,1.8304257434653692e-05,1.8304257434653692e-05
2021-08-09,Monday,0.00017026688033316972,0.00017026688033316972,0.00024670718207087106,0.00024670718207087106
2021-08-10,Tuesday,-0.0005817681054722801,0.0005817681054722801,0.00013550441518561662,0.00013550441518561662
2021-08-11,Wednesday,-7.89399492528986e-05,7.89399492528986e-05,0.00014662921981978272,0.00014662921981978272
2021-08-12,Thursday,4.500905807280908e-05,4.500905807280908e-05,0.00011246822772559284,0.00011246822772559284
2021-08-13,Friday,-2.2435358124517357e-05,2.2435358124517357e-05,-0.00019949737433178072,0.00019949737433178072
2021-08-16,Monday,-6.731740154819477e-05,6.731740154819477e-05,0.00044869709580797057,0.00044869709580797057
2021-08-17,Tuesday,0.0008821932681868372,0.0008821932681868372,-0.00029390486525593396,0.00029390486525593396
2021-08-18,Wednesday,0.0018271226202291047,0.0018271226202291047,0.000676834220738165,0.000676834220738165
2021-08-19,Thursday,-0.0007176706461313742,0.0007176706461313742,0.00045647509928326,0.00045647509928326
2021-08-20,Friday,0.0005420176607420224,0.0005420176607420224,-0.00012989653458639339,0.00012989653458639339
2021-08-23,Monday,0.00029036004645766056,0.00029036004645766056,0.00031267448352867433,0.00031267448352867433
2021-08-24,Tuesday,8.923790826331768e-05,8.923790826331768e-05,0.00020075842070044203,0.00020075842070044203
2021-08-25,Wednesday,-2.226824325823884e-05,2.226824325823884e-05,-0.00022263285615697903,0.00022263285615697903
2021-08-26,Thursday,-0.0005997899394399875,0.0005997899394399875,1.1184181094359147e-05,1.1184181094359147e-05
2021-08-27,Friday,-0.0006328411235706488,0.0006328411235706488,0.0001777066950996442,0.0001777066950996442
2021-08-30,Monday,-4.4155958846658905e-05,4.4155958846658905e-05,-0.00013249127765757596,0.00013249127765757596
2021-08-31,Tuesday,-0.0003368358060444887,0.0003368358060444887,0.00039857399083276235,0.00039857399083276235
2021-09-01,Wednesday,-8.851508983620526e-05,8.851508983620526e-05,-0.0006847650813986972,0.0006847650813986972
2021-09-02,Thursday,-0.0005526571757007437,0.0005526571757007437,0.0003981243917543509,0.0003981243917543509
2021-09-03,Friday,-0.0002315810368213045,0.0002315810368213045,1.0588429934399457e-05,1.0588429934399457e-05
2021-09-07,Tuesday,-0.00024317453299438352,0.00024317453299438352,0.0002876742642177188,0.0002876742642177188
2021-09-08,Wednesday,0.0010436790797860862,0.0010436790797860862,4.4374431452665064e-05,4.4374431452665064e-05
2021-09-09,Thursday,-0.0012848306963481049,0.0012848306963481049,-0.0003084249410298945,0.0003084249410298945
2021-09-10,Friday,-6.686875891581678e-05,6.686875891581678e-05,-0.0005579111805400494,0.0005579111805400494
2021-09-13,Monday,0.0004719737492695497,0.0004719737492695497,-0.0002587263912168236,0.0002587263912168236
2021-09-14,Tuesday,-0.00038199671932215296,0.00038199671932215296,-0.0008558558558557916,0.0008558558558557916
2021-09-15,Wednesday,-0.0001229352466528555,0.0001229352466528555,0.00031296805490366175,0.00031296805490366175
2021-09-16,Thursday,-0.0003357582540570725,0.0003357582540570725,0.0002911426397529393,0.0002911426397529393
2021-09-17,Friday,0.00011324258827261069,0.00011324258827261069,-0.0002496827986224748,0.0002496827986224748
2021-09-20,Monday,-0.000254623735561732,0.000254623735561732,-0.0005133212442460788,0.0005133212442460788
2021-09-21,Tuesday,0.0009442218230388821,0.0009442218230388821,0.0013604501014572445,0.0013604501014572445
2021-09-22,Wednesday,0.0029681720626510977,0.0029681720626510977,-0.00043234879169884444,0.00043234879169884444
2021-09-23,Thursday,-0.00031695293586075923,0.00031695293586075923,4.5239702903376866e-05,4.5239702903376866e-05
2021-09-24,Friday,0.000677491474899039,0.000677491474899039,0.0002910972312140103,0.0002910972312140103
2021-09-27,Monday,-2.2552999548897112e-05,2.2552999548897112e-05,-0.0004395307164350992,0.0004395307164350992
2021-09-28,Tuesday,4.611482591654337e-05,4.611482591654337e-05,-0.0013098028402039885,0.0013098028402039885
2021-09-29,Wednesday,0.0004368519072035504,0.0004368519072035504,0.0008940442895786216,0.0008940442895786216
2021-09-30,Thursday,0.0011114455738996387,0.0011114455738996387,0.0012595913839328343,0.0012595913839328343
2021-10-01,Friday,0.0008308523160007741,0.0008308523160007741,0.0002211757333359099,0.0002211757333359099
2021-10-04,Monday,0.0011644058721997919,0.0011644058721997919,-0.00030391583869082694,0.00030391583869082694
2021-10-05,Tuesday,0.00036781609195402076,0.00036781609195402076,0.00044813163579537907,0.00044813163579537907
2021-10-06,Wednesday,0.0008322352451626269,0.0008322352451626269,-0.0002995529747914505,0.0002995529747914505
2021-10-07,Thursday,-0.0010668240421282116,0.0010668240421282116,-0.00011364669515401271,0.00011364669515401271
2021-10-08,Friday,0.000662024883004042,0.000662024883004042,-0.0001935469180500693,0.0001935469180500693
2021-10-11,Monday,0.00024285468812634825,0.00024285468812634825,0.0001374444495350069,0.0001374444495350069
2021-10-12,Tuesday,0.0007139567019807114,0.0007139567019807114,-0.00018392918726284346,0.00018392918726284346
2021-10-13,Wednesday,0.0002300119606220008,0.0002300119606220008,-0.00023006487829568822,0.00023006487829568822
2021-10-14,Thursday,-0.00028285882314904587,0.00028285882314904587,-0.0002551412429379063,0.0002551412429379063
2021-10-15,Friday,0.000926397203573126,0.000926397203573126,-0.0003362700921379913,0.0003362700921379913
2021-10-18,Monday,0.0001119344511855136,0.0001119344511855136,6.715465717532787e-05,6.715465717532787e-05
2021-10-19,Tuesday,-0.00011123196393680868,0.00011123196393680868,-0.0005532718586823693,0.0005532718586823693
2021-10-20,Wednesday,0.0005533360631246875,0.0005533360631246875,0.00019905339054271387,0.00019905339054271387
2021-10-21,Thursday,0.0002655278472329936,0.0002655278472329936,2.210530969382063e-07,2.210530969382063e-07
2021-10-22,Friday,0.0007071354385346229,0.0007071354385346229,0.0009461301292825741,0.0009461301292825741
2021-10-25,Monday,-0.00023671497584543122,0.00023671497584543122,0.00013647533789717947,0.00013647533789717947
2021-10-26,Tuesday,0.0005913142506734914,0.0005913142506734914,0.0005034916048247684,0.0005034916048247684
2021-10-27,Wednesday,-0.00010941876750691915,0.00010941876750691915,-0.00036125585672375227,0.00036125585672375227
2021-10-28,Thursday,0.0006341015437092423,0.0006341015437092423,-3.254803018881702e-05,3.254803018881702e-05
2021-10-29,Friday,2.1800741225153075e-05,2.1800741225153075e-05,-2.1841691420609877e-05,2.1841691420609877e-05
2021-11-01,Monday,-0.0002397506593143639,0.0002397506593143639,0.0008940058001352114,0.0008940058001352114
2021-11-02,Tuesday,-0.00010830715910314925,0.00010830715910314925,-0.00023837902264600697,0.00023837902264600697
2021-11-03,Wednesday,0.0029709626352656393,0.0029709626352656393,8.002370431881012e-05,8.002370431881012e-05
2021-11-04,Thursday,-0.0014582886553721197,0.0014582886553721197,-0.000128738788997107,0.000128738788997107
2021-11-05,Friday,0.00028835063437138153,0.00028835063437138153,-0.0001069050870603494,0.0001069050870603494
2021-11-08,Monday,0.0004263937746509239,0.0004263937746509239,0.00046912316615488336,0.00046912316615488336
2021-11-09,Tuesday,0.0005401483842097932,0.0005401483842097932,-2.1427959201125724e-05,2.1427959201125724e-05
2021-11-10,Wednesday,-0.0009693679720822468,0.0009693679720822468,4.321521175443266e-05,4.321521175443266e-05
2021-11-11,Thursday,0.0005383290267011454,0.0005383290267011454,0.00025838124152177677,0.00025838124152177677
2021-11-12,Friday,-0.0002569813260236975,0.0002569813260236975,-0.0002357833365485007,0.0002357833365485007
2021-11-15,Monday,-0.0003211372540623536,0.0003211372540623536,0.0002570749159149788,0.0002570749159149788
2021-11-16,Tuesday,0.0002232403873752009,0.0002232403873752009,-5.828423135012528e-05,5.828423135012528e-05
2021-11-17,Wednesday,-8.534061573250984e-05,8.534061573250984e-05,-0.00042720437457288707,0.00042720437457288707
2021-11-18,Thursday,-0.00018109959412393462,0.00018109959412393462,0.00019190993027273784,0.00019190993027273784
2021-11-19,Friday,-4.2595787276611397e-05,4.2595787276611397e-05,-0.0003834355828220559,0.0003834355828220559
2021-11-22,Monday,0.0010940570396729132,0.0010940570396729132,0.00018045559730817118,0.00018045559730817118
2021-11-23,Tuesday,-0.0003216951188126371,0.0003216951188126371,-0.0005150214592274382,0.0005150214592274382
2021-11-24,Wednesday,-0.00012807650436530427,0.00012807650436530427,0.00040609571034688763,0.00040609571034688763
2021-11-26,Friday,2.1853624423640028e-05,2.1853624423640028e-05,-0.00013121637580371104,0.00013121637580371104
2021-11-29,Monday,-0.0002359249329758617,0.0002359249329758617,-0.00019317035478960687,0.00019317035478960687
2021-11-30,Tuesday,-0.00010895619960771263,0.00010895619960771263,0.0006653287378386441,0.0006653287378386441
2021-12-01,Wednesday,-0.001197969985406555,0.001197969985406555,0.00010901083567715908,0.00010901083567715908
2021-12-02,Thursday,-0.0005455180239155588,0.0005455180239155588,-0.0005015263846489537,0.0005015263846489537
2021-12-03,Friday,0.0011098779134295356,0.0011098779134295356,-0.0011312217194570096,0.0011312217194570096
2021-12-06,Monday,0.00039099834911815456,0.00039099834911815456,4.367571326135966e-05,4.367571326135966e-05
2021-12-07,Tuesday,-0.00040109291950396475,0.00040109291950396475,-0.0002989408951143968,0.0002989408951143968
2021-12-08,Wednesday,0.0004374359849779186,0.0004374359849779186,-0.00013863856925011575,0.00013863856925011575
2021-12-09,Thursday,-7.471607890019438e-05,7.471607890019438e-05,-8.545000106818801e-05,8.545000106818801e-05
2021-12-10,Friday,-0.00017048844940747987,0.00017048844940747987,-0.0008095268528579558,0.0008095268528579558
2021-12-13,Monday,-0.0002777183905589009,0.0002777183905589009,0.00025621300510714207,0.00025621300510714207
2021-12-14,Tuesday,0.0011287906744523735,0.0011287906744523735,0.0007360900627841893,0.0007360900627841893
2021-12-15,Wednesday,0.0028317589330104642,0.0028317589330104642,-0.0001725327812284183,0.0001725327812284183
2021-12-16,Thursday,0.0005766273705791747,0.0005766273705791747,-0.0006425496369595329,0.0006425496369595329
2021-12-17,Friday,-0.0012942191544434989,0.0012942191544434989,0.0002595941677843161,0.0002595941677843161
2021-12-20,Monday,0.0003749614010322144,0.0003749614010322144,-0.0009260280013229094,0.0009260280013229094
2021-12-21,Tuesday,0.0006166828951639225,0.0006166828951639225,0.00019469983775000088,0.00019469983775000088
2021-12-22,Wednesday,-0.00019318279385238668,0.00019318279385238668,0.0005586352112070259,0.0005586352112070259
2021-12-23,Thursday,0.00033947932358757704,0.00033947932358757704,-1.2724103268801912e-05,1.2724103268801912e-05
2021-12-27,Monday,-7.348232750026273e-05,7.348232750026273e-05,-0.00020981955518262208,0.00020981955518262208
2021-12-28,Tuesday,-0.0018651633589706895,0.0018651633589706895,8.391637732985124e-05,8.391637732985124e-05
2021-12-29,Wednesday,-0.00018861202506448294,0.00018861202506448294,0.00019902790580750285,0.00019902790580750285
2021-12-30,Thursday,-0.0007736701237872623,0.0007736701237872623,-8.366100560530665e-05,8.366100560530665e-05
2021-12-31,Friday,0.00018894860597917784,0.00018894860597917784,0.00017854329674960034,0.00017854329674960034
2022-01-03,Monday,-6.29287017809288e-05,6.29287017809288e-05,-0.00023064664933325485,0.00023064664933325485
2022-01-04,Tuesday,0.0011771630370804864,0.0011771630370804864,0.0009023376841399422,0.0009023376841399422
2022-01-05,Wednesday,-0.0011978816408876325,0.0011978816408876325,-0.0017320772252967798,0.0017320772252967798
2022-01-06,Thursday,-0.0012791267827828579,0.0012791267827828579,0.0003413333333333046,0.0003413333333333046
2022-01-07,Friday,0.0001499218264762181,0.0001499218264762181,-0.00012859806674236918,0.00012859806674236918
2022-01-10,Monday,0.0014938621749767123,0.0014938621749767123,0.0008205216790464487,0.0008205216790464487
2022-01-11,Tuesday,-0.00046962387396998206,0.00046962387396998206,-0.00032004611738578603,0.00032004611738578603
2022-01-12,Wednesday,-0.0008517050897777212,0.0008517050897777212,-0.0010294617082696744,0.0010294617082696744
2022-01-13,Thursday,0.0007041351939571783,0.0007041351939571783,2.5243978776234854e-05,2.5243978776234854e-05
2022-01-14,Friday,0.00041128211788654667,0.00041128211788654667,0.0022969078419901034,0.0022969078419901034
2022-01-18,Tuesday,0.0003718773242333828,0.0003718773242333828,0.0015639696393026092,0.0015639696393026092
2022-01-19,Wednesday,-0.0003505543140090994,0.0003505543140090994,0.00046208687233217915,0.00046208687233217915
2022-01-20,Thursday,0.0026795519437732285,0.0026795519437732285,-0.0006162785579081342,0.0006162785579081342
2022-01-21,Friday,0.0009498609132232438,0.0009498609132232438,0.00031729483489328913,0.00031729483489328913
2022-01-24,Monday,0.0007651819046075037,0.0007651819046075037,-2.3338312173271092e-05,2.3338312173271092e-05
2022-01-25,Tuesday,-0.001994086502097203,0.001994086502097203,-0.002469531017766813,0.002469531017766813
2022-01-26,Wednesday,0.004173885579810577,0.004173885579810577,-0.0057354806559754,0.0057354806559754
2022-01-27,Thursday,0.003287189221723219,0.003287189221723219,-0.0013924990716673857,0.0013924990716673857
2022-01-28,Friday,-0.001123337918386036,0.001123337918386036,-0.00020803476492081696,0.00020803476492081696
2022-01-31,Monday,0.0,0.0,-0.00015612802498055078,0.00015612802498055078
2022-02-01,Tuesday,0.00011544267827012789,0.00011544267827012789,0.0005331556147951666,0.0005331556147951666
2022-02-02,Wednesday,0.0010520086790717365,0.0010520086790717365,0.0016219178082192975,0.0016219178082192975
2022-02-03,Thursday,0.0007556059292841422,0.0007556059292841422,-0.00037815593371148815,0.00037815593371148815
2022-02-04,Friday,-0.0008210362809275562,0.0008210362809275562,0.0010488469350116159,0.0010488469350116159
2022-02-07,Monday,-0.0001335024364195192,0.0001335024364195192,-1.1109136153542032e-05,1.1109136153542032e-05
2022-02-08,Tuesday,0.0006217248423483479,0.0006217248423483479,0.0008687516706762377,0.0008687516706762377
2022-02-09,Wednesday,0.0003719595481401772,0.0003719595481401772,4.3728272514531596e-05,4.3728272514531596e-05
2022-02-10,Thursday,-0.002167853824713628,0.002167853824713628,0.00028842100592374464,0.00028842100592374464
2022-02-11,Friday,0.00031694285973005165,0.00031694285973005165,0.003422251433492729,0.003422251433492729
2022-02-14,Monday,-0.0005501306560308228,0.0005501306560308228,0.001188625765749185,0.001188625765749185
2022-02-15,Tuesday,-0.00042649187981902426,0.00042649187981902426,-0.0006511878564691154,0.0006511878564691154
2022-02-16,Wednesday,0.0018053536626194688,0.0018053536626194688,0.0004482495853690427,0.0004482495853690427
2022-02-17,Thursday,-0.0006926780523256459,0.0006926780523256459,-0.0006034109798028764,0.0006034109798028764
2022-02-18,Friday,0.000760473798220973,0.000760473798220973,0.0005043558000916715,0.0005043558000916715
2022-02-22,Tuesday,-0.0011233588429404584,0.0011233588429404584,0.00042041340651644,0.00042041340651644
2022-02-23,Wednesday,-0.0016165290031914248,0.0016165290031914248,-0.0005301414888729816,0.0005301414888729816
2022-02-24,Thursday,0.000322214929291631,0.000322214929291631,0.003898264796767359,0.003898264796767359
2022-02-25,Friday,0.0008932252301772081,0.0008932252301772081,-0.0021280490595396717,0.0021280490595396717
2022-02-28,Monday,-0.00517765095729017,0.00517765095729017,-0.0002087004916057067,0.0002087004916057067
2022-03-01,Tuesday,-0.0003495688650665407,0.0003495688650665407,-0.0006041172916957382,0.0006041172916957382
2022-03-02,Wednesday,0.0008886204617453153,0.0008886204617453153,5.702749865998946e-05,5.702749865998946e-05
2022-03-03,Thursday,0.00015982464952735143,0.00015982464952735143,-0.0007978299026647484,0.0007978299026647484
2022-03-04,Friday,-0.0003949080096636859,0.0003949080096636859,0.00044063079777356684,0.00044063079777356684
2022-03-07,Monday,-0.0005914919793688078,0.0005914919793688078,-0.0008869651600085238,0.0008869651600085238
2022-03-08,Tuesday,-0.002192982456140302,0.002192982456140302,-0.002067343107668207,0.002067343107668207
2022-03-09,Wednesday,0.0022497187851517886,0.0022497187851517886,0.0011937363949161561,0.0011937363949161561
2022-03-10,Thursday,0.0034003967129498935,0.0034003967129498935,0.00037663896800932406,0.00037663896800932406
2022-03-11,Friday,0.0008260561718196335,0.0008260561718196335,-0.0009065756166479755,0.0009065756166479755
2022-03-14,Monday,-0.0002399750425955416,0.0002399750425955416,0.0014546416291985054,0.0014546416291985054
2022-03-15,Tuesday,-0.0020793950850661602,0.0020793950850661602,0.0014689158453373707,0.0014689158453373707
2022-03-16,Wednesday,-0.0045012645304995935,0.0045012645304995935,-0.0020403855625131806,0.0020403855625131806
2022-03-17,Thursday,-0.0003868559985436004,0.0003868559985436004,0.0014259314184024152,0.0014259314184024152
2022-03-18,Friday,-0.00020133924531717806,0.00020133924531717806,-1.1307740148125411e-05,1.1307740148125411e-05
2022-03-21,Monday,-0.0006779048221630113,0.0006779048221630113,-0.0004058716092809611,0.0004058716092809611
2022-03-22,Tuesday,-0.000845364952948735,0.000845364952948735,0.0007579473003700432,0.0007579473003700432
2022-03-23,Wednesday,-6.729626057122573e-05,6.729626057122573e-05,-0.0009195092960145868,0.0009195092960145868
2022-03-24,Thursday,0.0012716401927539422,0.0012716401927539422,-0.0005422739353689865,0.0005422739353689865
2022-03-25,Friday,0.00047634873158286517,0.00047634873158286517,0.0002877952668747241,0.0002877952668747241
2022-03-28,Monday,-9.946619807044144e-05,9.946619807044144e-05,4.1952792068755684e-05,4.1952792068755684e-05
2022-03-29,Tuesday,-5.4402228315320045e-05,5.4402228315320045e-05,0.0007068136839127881,0.0007068136839127881
2022-03-30,Wednesday,0.0011121772838063038,0.0011121772838063038,0.0003816336099269346,0.0003816336099269346
2022-03-31,Thursday,-0.001116144704878197,0.001116144704878197,-0.0006464903245601006,0.0006464903245601006
2022-04-01,Friday,0.001709098173262591,0.001709098173262591,0.0008848246273607252,0.0008848246273607252
2022-04-04,Monday,7.680323012437817e-05,7.680323012437817e-05,0.0002522649000811228,0.0002522649000811228
2022-04-05,Tuesday,-0.0005960001765925593,0.0005960001765925593,-0.00035325546994025014,0.00035325546994025014
2022-04-06,Wednesday,0.003004012823099478,0.003004012823099478,0.004768760122368265,0.004768760122368265
2022-04-07,Thursday,0.00017878693067552298,0.00017878693067552298,0.0002235985958007891,0.0002235985958007891
2022-04-08,Friday,-0.00044582571445195285,0.00044582571445195285,-0.0005468261762342497,0.0005468261762342497
2022-04-11,Monday,-0.0006332262879371608,0.0006332262879371608,0.00043032183543600944,0.00043032183543600944
2022-04-12,Tuesday,0.0008872105191319868,0.0008872105191319868,0.00023946360153237478,0.00023946360153237478
2022-04-13,Wednesday,-3.393434834741971e-05,3.393434834741971e-05,0.0001696161022219922,0.0001696161022219922
2022-04-14,Thursday,0.0008837926033358201,0.0008837926033358201,-0.0008845141975869497,0.0008845141975869497
2022-04-18,Monday,0.0002038074418180269,0.0002038074418180269,0.0007249364940138392,0.0007249364940138392
2022-04-19,Tuesday,-0.0002473115855444741,0.0002473115855444741,-0.0002607308817105247,0.0002607308817105247
2022-04-20,Wednesday,0.00013434841021053856,0.00013434841021053856,-0.0004041311180960072,0.0004041311180960072
2022-04-21,Thursday,-0.0025581237407465984,0.0025581237407465984,0.0012934262179762346,0.0012934262179762346
2022-04-22,Friday,-0.0008455007696972494,0.0008455007696972494,-0.0016787521275850592,0.0016787521275850592
2022-04-25,Monday,-0.0015384979526142928,0.0015384979526142928,0.00032852375804859335,0.00032852375804859335
2022-04-26,Tuesday,-8.750387449052432e-05,8.750387449052432e-05,-0.00038022542445426133,0.00038022542445426133
2022-04-27,Wednesday,-0.0016927211096211536,0.0016927211096211536,0.00109427409187135,0.00109427409187135
2022-04-28,Thursday,0.00042137790575180745,0.00042137790575180745,-7.016723190278462e-05,7.016723190278462e-05
2022-04-29,Friday,-0.0010415045550860036,0.0010415045550860036,-0.000335965059633736,0.000335965059633736
2022-05-02,Monday,0.0021836203935425846,0.0021836203935425846,0.0009107243951067545,0.0009107243951067545
2022-05-03,Tuesday,-0.0020119746138187455,0.0020119746138187455,0.0017710843373495155,0.0017710843373495155
2022-05-04,Wednesday,0.0020805433326955836,0.0020805433326955836,-0.009764832278858826,0.009764832278858826
2022-05-05,Thursday,-0.0010158177332751928,0.0010158177332751928,-0.0003155646179240357,0.0003155646179240357
2022-05-06,Friday,-0.0006095925483406983,0.0006095925483406983,-0.0009908741712133518,0.0009908741712133518
2022-05-09,Monday,0.0008739076154806735,0.0008739076154806735,-0.0007998200404908395,0.0007998200404908395
2022-05-10,Tuesday,-0.0003473083602084648,0.0003473083602084648,-0.00030870975792363087,0.00030870975792363087
2022-05-11,Wednesday,0.004650453609819305,0.004650453609819305,0.0025087750309336077,0.0025087750309336077
2022-05-12,Thursday,0.0014082687338501376,0.0014082687338501376,-0.0017575600930471724,0.0017575600930471724
2022-05-13,Friday,-0.0040817348625231675,0.0040817348625231675,0.0019343414046015805,0.0019343414046015805
2022-05-16,Monday,0.0007213392035421151,0.0007213392035421151,0.00019823570224986042,0.00019823570224986042
2022-05-17,Tuesday,-0.0006153088850603394,0.0006153088850603394,-0.0012848071553875906,0.0012848071553875906
2022-05-18,Wednesday,0.00025445292620873694,0.00025445292620873694,-0.0025911249968249006,0.0025911249968249006
2022-05-19,Thursday,-0.002422648830797569,0.002422648830797569,0.00025841115517466484,0.00025841115517466484
2022-05-20,Friday,-0.0008083863565244709,0.0008083863565244709,-0.002040116627408217,0.002040116627408217
2022-05-23,Monday,-0.0007057518778041949,0.0007057518778041949,2.519780275167527e-05,2.519780275167527e-05
2022-05-24,Tuesday,-0.0020177253339461743,0.0020177253339461743,0.0015820362337330973,0.0015820362337330973
2022-05-25,Wednesday,0.002509378485247904,0.002509378485247904,0.0005290871986092238,0.0005290871986092238
2022-05-26,Thursday,-1.230844975075307e-05,1.230844975075307e-05,-0.0005416984709328831,0.0005416984709328831
2022-05-27,Friday,-8.489376152120975e-05,8.489376152120975e-05,0.00039999515157407295,0.00039999515157407295
2022-05-31,Tuesday,-0.0009370044687906365,0.0009370044687906365,-0.0007341613710765138,0.0007341613710765138
2022-06-01,Wednesday,0.0012932506954272949,0.0012932506954272949,0.00036436066848022364,0.00036436066848022364
2022-06-02,Thursday,0.0005302975545116162,0.0005302975545116162,0.0010498428487133449,0.0010498428487133449
2022-06-03,Friday,0.00036516785549101094,0.00036516785549101094,-0.0012947347856528957,0.0012947347856528957
2022-06-06,Monday,-0.0002329740441779915,0.0002329740441779915,0.00030360439133381156,0.00030360439133381156
2022-06-07,Tuesday,0.0006777691711850053,0.0006777691711850053,0.000868642022970878,0.000868642022970878
2022-06-08,Wednesday,0.00044952556828525836,0.00044952556828525836,-0.00036477353501085386,0.00036477353501085386
2022-06-09,Thursday,-0.0018073907627678132,0.0018073907627678132,-0.0016161022551971493,0.0016161022551971493
2022-06-10,Friday,-0.0018640042897632991,0.0018640042897632991,0.001224989791751785,0.001224989791751785
2022-06-13,Monday,-0.0022935175177286604,0.0022935175177286604,-0.000396907352980147,0.000396907352980147
2022-06-14,Tuesday,0.0009110884827696619,0.0009110884827696619,-0.00024090580582980525,0.00024090580582980525
2022-06-15,Wednesday,-0.006360078277886427,0.006360078277886427,-0.0035219723044904727,0.0035219723044904727
2022-06-16,Thursday,0.0007484350654676231,0.0007484350654676231,0.0003286140701590501,0.0003286140701590501
2022-06-17,Friday,0.0007351739911778399,0.0007351739911778399,-0.0004350781781101709,0.0004350781781101709
2022-06-21,Tuesday,-0.0002934507136188591,0.0002934507136188591,0.00046683897785704254,0.00046683897785704254
2022-06-22,Wednesday,0.0007159714672111406,0.0007159714672111406,0.0005827635554143118,0.0005827635554143118
2022-06-23,Thursday,-0.00046683472716846364,0.00046683472716846364,0.0017578291435875748,0.0017578291435875748
2022-06-24,Friday,8.010433201643963e-06,8.010433201643963e-06,0.0006146895572478606,0.0006146895572478606
2022-06-27,Monday,0.0005406518716852826,0.0005406518716852826,0.0011835400689690356,0.0011835400689690356
2022-06-28,Tuesday,-0.0002610829721684249,0.0002610829721684249,-0.001571256481433081,0.001571256481433081
2022-06-29,Wednesday,0.0021304156818342523,0.0021304156818342523,-0.0010752406178700102,0.0010752406178700102
2022-06-30,Thursday,0.00021062054076836922,0.00021062054076836922,-0.00025081514923497306,0.00025081514923497306
2022-07-01,Friday,-0.0010575575707904017,0.0010575575707904017,0.0018338940563360495,0.0018338940563360495
2022-07-05,Tuesday,0.0017767358075710948,0.0017767358075710948,0.0016574662905766147,0.0016574662905766147
2022-07-06,Wednesday,-0.0002618623651409191,0.0002618623651409191,0.0017228239592848027,0.0017228239592848027
2022-07-07,Thursday,0.00033468925390045534,0.00033468925390045534,-0.0008227067050596837,0.0008227067050596837
2022-07-08,Friday,7.722405271826105e-05,7.722405271826105e-05,0.0007189978694457366,0.0007189978694457366
2022-07-11,Monday,-0.0009836956521738216,0.0009836956521738216,-0.0003633532312483645,0.0003633532312483645
2022-07-12,Tuesday,-0.0013007284079084025,0.0013007284079084025,-0.0015107857440599393,0.0015107857440599393
2022-07-13,Wednesday,-0.0058246476970427175,0.0058246476970427175,0.0013933434986066473,0.0013933434986066473
2022-07-14,Thursday,0.0009669732831032452,0.0009669732831032452,0.0002780020916348658,0.0002780020916348658
2022-07-15,Friday,-0.000989093937895258,0.000989093937895258,-0.00014312480482969736,0.00014312480482969736
2022-07-18,Monday,7.802137785750674e-05,7.802137785750674e-05,0.0006770657014139037,0.0006770657014139037
2022-07-19,Tuesday,0.0009959141981612518,0.0009959141981612518,0.0004854120893158509,0.0004854120893158509
2022-07-20,Wednesday,0.0018596830896213667,0.0018596830896213667,0.0002514343416728515,0.0002514343416728515
2022-07-21,Thursday,5.044263411435601e-05,5.044263411435601e-05,-0.001225378525669174,0.001225378525669174
2022-07-22,Friday,-0.0021571961525771455,0.0021571961525771455,0.00048277615355263315,0.00048277615355263315
2022-07-25,Monday,-0.000595698297823799,0.000595698297823799,0.0,0.0
2022-07-26,Tuesday,0.0020062615807296957,0.0020062615807296957,-0.00046290132623272306,0.00046290132623272306
2022-07-27,Wednesday,0.0015138517434527543,0.0015138517434527543,-0.002193590681021651,0.002193590681021651
2022-07-28,Thursday,-0.0008617293677368743,0.0008617293677368743,0.0,0.0
2022-07-29,Friday,0.00014577756145062182,0.00014577756145062182,0.0001457832203513032,0.0001457832203513032
2022-08-01,Monday,-0.0008292076189546638,0.0008292076189546638,0.0003655683369079288,0.0003655683369079288
2022-08-02,Tuesday,-0.00017094017094010372,0.00017094017094010372,0.0005873622075069918,0.0005873622075069918
2022-08-03,Wednesday,0.00012060980316475067,0.00012060980316475067,-2.4100450678354868e-05,2.4100450678354868e-05
2022-08-04,Thursday,0.0002658200984619885,0.0002658200984619885,-8.449616146011252e-05,8.449616146011252e-05
2022-08-05,Friday,-4.605736808804828e-05,4.605736808804828e-05,0.0011819053090993403,0.0011819053090993403
2022-08-08,Monday,-0.002606790217409727,0.002606790217409727,7.243041592985833e-05,7.243041592985833e-05
2022-08-09,Tuesday,0.00020423744061304205,0.00020423744061304205,0.0002924689251766477,0.0002924689251766477
2022-08-10,Wednesday,0.00040125885129826955,0.00040125885129826955,2.385894591183657e-05,2.385894591183657e-05
2022-08-11,Thursday,-0.0012323735039696526,0.0012323735039696526,-0.0013341499660527445,0.0013341499660527445
2022-08-12,Friday,4.707876276999201e-05,4.707876276999201e-05,0.001457970398896835,0.001457970398896835
2022-08-15,Monday,-0.00023335044569938734,0.00023335044569938734,0.0003849833173896755,0.0003849833173896755
2022-08-16,Tuesday,0.0001508155641662956,0.0001508155641662956,-0.0013449587236805671,0.0013449587236805671
2022-08-17,Wednesday,0.0020155147765357206,0.0020155147765357206,0.0006065696155281852,0.0006065696155281852
2022-08-18,Thursday,-4.683950443795659e-05,4.683950443795659e-05,-0.0006785212915301209,0.0006785212915301209
2022-08-19,Friday,-7.99318923522252e-05,7.99318923522252e-05,7.10210459031746e-05,7.10210459031746e-05
2022-08-22,Monday,-0.00033867963325828754,0.00033867963325828754,-0.0002736577221805758,0.0002736577221805758
2022-08-23,Tuesday,-0.0003636539953453255,0.0003636539953453255,-0.0007501817357011831,0.0007501817357011831
2022-08-24,Wednesday,0.00021787547206364444,0.00021787547206364444,-0.0009799651567943268,0.0009799651567943268
2022-08-25,Thursday,-0.0008877798306020646,0.0008877798306020646,-0.0003118029405415612,0.0003118029405415612
2022-08-26,Friday,-0.0002444509631367442,0.0002444509631367442,0.00012020440134175026,0.00012020440134175026
2022-08-29,Monday,-0.0012835703001579102,0.0012835703001579102,0.0013859327822600687,0.0013859327822600687
2022-08-30,Tuesday,0.0010317060895823627,0.0010317060895823627,0.0018137390734815906,0.0018137390734815906
2022-08-31,Wednesday,-0.0005544983680103588,0.0005544983680103588,-0.0014026730717783265,0.0014026730717783265
2022-09-01,Thursday,0.0012138521956444048,0.0012138521956444048,0.0009260433844984206,0.0009260433844984206
2022-09-02,Friday,0.0011471022987921131,0.0011471022987921131,-0.001371393742381044,0.001371393742381044
2022-09-06,Tuesday,0.00040475251177096716,0.00040475251177096716,-0.0006648596123356443,0.0006648596123356443
2022-09-07,Wednesday,0.002724177071509626,0.002724177071509626,0.0006191303472065091,0.0006191303472065091
2022-09-08,Thursday,0.0011025891671052612,0.0011025891671052612,0.0014523964541495182,0.0014523964541495182
2022-09-09,Friday,-0.0009101195454321864,0.0009101195454321864,-0.0008355861391005082,0.0008355861391005082
2022-09-12,Monday,-0.000973449173785057,0.000973449173785057,-0.0005123700775875317,0.0005123700775875317
2022-09-13,Tuesday,-0.0009658149691281759,0.0009658149691281759,-0.00045286355012308377,0.00045286355012308377
2022-09-14,Wednesday,-0.00150077582479069,0.00150077582479069,0.0013737312065940088,0.0013737312065940088
2022-09-15,Thursday,-0.003253156180004102,0.003253156180004102,-0.000637316134295296,0.000637316134295296
2022-09-16,Friday,0.0010187821634752847,0.0010187821634752847,0.0003122316759034405,0.0003122316759034405
2022-09-19,Monday,-0.0006486093814861427,0.0006486093814861427,0.0007788161993769194,0.0007788161993769194
2022-09-20,Tuesday,0.0012978330121524717,0.0012978330121524717,-0.001803240135876627,0.001803240135876627
2022-09-21,Wednesday,-0.016223198140015604,0.016223198140015604,0.007608695652173925,0.007608695652173925
2022-09-22,Thursday,-0.0013852629335605604,0.0013852629335605604,0.00037407150109536325,0.00037407150109536325
2022-09-23,Friday,0.00040965698055495103,0.00040965698055495103,-0.0006324186518270603,0.0006324186518270603
2022-09-26,Monday,0.004294090120840144,0.004294090120840144,0.0011269928532160467,0.0011269928532160467
2022-09-27,Tuesday,0.001879699248120259,0.001879699248120259,9.415207907670364e-05,9.415207907670364e-05
2022-09-28,Wednesday,0.00046106696319614393,0.00046106696319614393,0.0017635417231469663,0.0017635417231469663
2022-09-29,Thursday,-0.0009431083742474922,0.0009431083742474922,-0.000776160776160717,0.000776160776160717
2022-09-30,Friday,-0.0006648567787689297,0.0006648567787689297,0.0012255686724575998,0.0012255686724575998
2022-10-03,Monday,0.00117592364700414,0.00117592364700414,-6.802535985406255e-05,6.802535985406255e-05
2022-10-04,Tuesday,0.00014616192083338753,0.00014616192083338753,0.0013845252675861452,0.0013845252675861452
2022-10-05,Wednesday,0.0012505654152143997,0.0012505654152143997,-0.0011405230491751128,0.0011405230491751128
2022-10-06,Thursday,-0.0018939293039610394,0.0018939293039610394,-0.0006343144062816997,0.0006343144062816997
2022-10-07,Friday,0.0002476405360041234,0.0002476405360041234,0.00016544421772457518,0.00016544421772457518
2022-10-10,Monday,-0.00023514440632965705,0.00023514440632965705,0.001719261272253414,0.001719261272253414
2022-10-11,Tuesday,-5.2227257654413606e-05,5.2227257654413606e-05,0.001051786653381015,0.001051786653381015
2022-10-12,Wednesday,-0.00030759766225785246,0.00030759766225785246,-0.00026653988614822044,0.00026653988614822044
2022-10-13,Thursday,-0.0003009411249724758,0.0003009411249724758,0.001538123489343013,0.001538123489343013
2022-10-14,Friday,-0.0013189498382549791,0.0013189498382549791,-0.0006250610411172586,0.0006250610411172586
2022-10-17,Monday,-0.000503538377789936,0.000503538377789936,-0.00059960735125697,0.00059960735125697
2022-10-18,Tuesday,-0.0014246162943848395,0.0014246162943848395,-0.0007527893534076124,0.0007527893534076124
2022-10-19,Wednesday,0.001523447187618432,0.001523447187618432,-5.242855590559259e-05,5.242855590559259e-05
2022-10-20,Thursday,-0.0007102078723810745,0.0007102078723810745,0.0021930089102124573,0.0021930089102124573
2022-10-21,Friday,0.0006709248027481074,0.0006709248027481074,0.00024155885984233905,0.00024155885984233905
2022-10-24,Monday,0.0016438210886338123,0.0016438210886338123,0.0006084495119176303,0.0006084495119176303
2022-10-25,Tuesday,0.0011750267644985435,0.0011750267644985435,0.0011327682512400905,0.0011327682512400905
2022-10-26,Wednesday,0.0009698320225921542,0.0009698320225921542,-0.0002873788436918989,0.0002873788436918989
2022-10-27,Thursday,0.0003676663690321824,0.0003676663690321824,0.00018365738307934976,0.00018365738307934976
2022-10-28,Friday,-0.000327725020644154,0.000327725020644154,0.0014440433212996595,0.0014440433212996595
2022-10-31,Monday,0.0005167024052497027,0.0005167024052497027,0.0007881951622907835,0.0007881951622907835
2022-11-01,Tuesday,-0.00025968629895078976,0.00025968629895078976,-0.0007271971743196826,0.0007271971743196826
2022-11-02,Wednesday,0.009865960778769,0.009865960778769,-0.0025440857997318655,0.0025440857997318655
2022-11-03,Thursday,-0.000349208907513332,0.000349208907513332,-0.0003482220585280249,0.0003482220585280249
2022-11-04,Friday,-0.00021576718720495158,0.00021576718720495158,-2.6865110281271143e-05,2.6865110281271143e-05
2022-11-07,Monday,0.001031964436917887,0.001031964436917887,0.0010541017735261615,0.0010541017735261615
2022-11-08,Tuesday,0.0001906813048273559,0.0001906813048273559,0.001269404702086696,0.001269404702086696
2022-11-09,Wednesday,0.00012495347477003982,0.00012495347477003982,-0.0023381557796288144,0.0023381557796288144
2022-11-10,Thursday,0.0008689540604434054,0.0008689540604434054,2.553430533924761e-05,2.553430533924761e-05
2022-11-11,Friday,0.00037673297166951336,0.00037673297166951336,0.000438849462095936,0.000438849462095936
2022-11-14,Monday,-0.0006248437890526981,0.0006248437890526981,-0.0009505703422053591,0.0009505703422053591
2022-11-15,Tuesday,-0.003720285011665325,0.003720285011665325,-0.0015813848412967735,0.0015813848412967735
2022-11-16,Wednesday,0.0008141476496483779,0.0008141476496483779,-0.0015159171298636531,0.0015159171298636531
2022-11-17,Thursday,0.0006354319922885487,0.0006354319922885487,0.00012714234857358342,0.00012714234857358342
2022-11-18,Friday,0.0012648464590139241,0.0012648464590139241,-0.00024085083727365397,0.00024085083727365397
2022-11-21,Monday,0.000937325834726721,0.000937325834726721,0.0001418942887547736,0.0001418942887547736
2022-11-22,Tuesday,0.00020073771108841676,0.00020073771108841676,-0.00045169385194476774,0.00045169385194476774
2022-11-23,Wednesday,0.004292890122063131,0.004292890122063131,-0.0014437642754708824,0.0014437642754708824
2022-11-25,Friday,0.00019887140477803378,0.00019887140477803378,-2.484286885096054e-07,2.484286885096054e-07
2022-11-28,Monday,-0.000327810979146137,0.000327810979146137,0.0003830808080809156,0.0003830808080809156
2022-11-29,Tuesday,0.002202420130626326,0.002202420130626326,-0.00020265477758629746,0.00020265477758629746
2022-11-30,Wednesday,0.0021264885419793877,0.0021264885419793877,-0.0003225086209035499,0.0003225086209035499
2022-12-01,Thursday,-0.001706931063713446,0.001706931063713446,0.000441912992241944,0.000441912992241944
2022-12-02,Friday,-2.467764822022822e-05,2.467764822022822e-05,0.00048374445853460735,0.00048374445853460735
2022-12-05,Monday,-0.0002254678457800363,0.0002254678457800363,-0.0006521739130433968,0.0006521739130433968
2022-12-06,Tuesday,-0.0009918637172642297,0.0009918637172642297,-0.0007267627183474845,0.0007267627183474845
2022-12-07,Wednesday,-0.0011449798992417826,0.0011449798992417826,0.0010429385429384652,0.0010429385429384652
2022-12-08,Thursday,-0.0028473781118371067,0.0028473781118371067,-0.0005119415490800749,0.0005119415490800749
2022-12-09,Friday,-0.0013258580195469882,0.0013258580195469882,-9.346030462986654e-06,9.346030462986654e-06
2022-12-12,Monday,-0.0005330032586455813,0.0005330032586455813,-0.0002526720064682797,0.0002526720064682797
2022-12-13,Tuesday,0.000883876107957482,0.000883876107957482,-0.00014936519790886837,0.00014936519790886837
2022-12-14,Wednesday,-0.009066877485979563,0.009066877485979563,-0.00952023988006001,0.00952023988006001
2022-12-15,Thursday,-0.0004115649758205109,0.0004115649758205109,0.0016993665997220297,0.0016993665997220297
2022-12-16,Friday,0.00020932669635831402,0.00020932669635831402,-0.0011261591659245118,0.0011261591659245118
2022-12-19,Monday,-0.0020268491708343994,0.0020268491708343994,0.0011752122644625995,0.0011752122644625995
2022-12-20,Tuesday,0.000786843968840989,0.000786843968840989,-0.0002622125494926575,0.0002622125494926575
2022-12-21,Wednesday,0.0016304769792179208,0.0016304769792179208,0.0009056330374930255,0.0009056330374930255
2022-12-22,Thursday,0.0003994461014060757,0.0003994461014060757,0.0007687821430464314,0.0007687821430464314
2022-12-23,Friday,-0.0007602768456376197,0.0007602768456376197,0.0008121774214677746,0.0008121774214677746
2022-12-27,Tuesday,0.001190345008526883,0.001190345008526883,0.0006303679773067561,0.0006303679773067561
2022-12-28,Wednesday,0.00044890414576181925,0.00044890414576181925,-0.00014007082826783535,0.00014007082826783535
2022-12-29,Thursday,0.0007033631177220112,0.0007033631177220112,0.00026068142123492066,0.00026068142123492066
2022-12-30,Friday,-0.0009754297163344638,0.0009754297163344638,0.0005802605897557989,0.0005802605897557989
2023-01-03,Tuesday,-0.0007108256107833943,0.0007108256107833943,-0.0017546174142480941,0.0017546174142480941
2023-01-04,Wednesday,-0.0022640920210273974,0.0022640920210273974,0.0011009174311926717,0.0011009174311926717
2023-01-05,Thursday,0.0003520941720531745,0.0003520941720531745,0.0004471448486282892,0.0004471448486282892
2023-01-06,Friday,0.0007333471245345446,0.0007333471245345446,0.0005157962604771527,0.0005157962604771527
2023-01-09,Monday,0.0007685216010653306,0.0007685216010653306,-0.0006272963527197417,0.0006272963527197417
2023-01-10,Tuesday,0.0003080319326436154,0.0003080319326436154,0.00030776332999904454,0.00030776332999904454
2023-01-11,Wednesday,-0.0004318557093864195,0.0004318557093864195,0.0006594215778381596,0.0006594215778381596
2023-01-12,Thursday,-0.0010545609762220298,0.0010545609762220298,4.025623090986308e-05,4.025623090986308e-05
2023-01-13,Friday,-0.0001876670544951331,0.0001876670544951331,-5.0303076033042515e-05,5.0303076033042515e-05
2023-01-17,Tuesday,0.00022575628354992716,0.00022575628354992716,0.0009802812653167958,0.0009802812653167958
2023-01-18,Wednesday,-0.0001905536217891024,0.0001905536217891024,0.0002412882251345838,0.0002412882251345838
2023-01-19,Thursday,-0.00010261672652644993,0.00010261672652644993,0.00028156756341668476,0.00028156756341668476
2023-01-20,Friday,-6.354532052266215e-05,6.354532052266215e-05,0.0006474381760015469,0.0006474381760015469
2023-01-23,Monday,-0.0015297365868217616,0.0015297365868217616,0.0001869414997899277,0.0001869414997899277
2023-01-24,Tuesday,-0.0016717818199963874,0.0016717818199963874,0.0003998401638320992,0.0003998401638320992
2023-01-25,Wednesday,-0.00025062656641605674,0.00025062656641605674,-0.0012169775885815248,0.0012169775885815248
2023-01-26,Thursday,-0.00022338049143699745,0.00022338049143699745,0.000570620487756468,0.000570620487756468
2023-01-27,Friday,0.00043059434322056944,0.00043059434322056944,-0.00023338942868733614,0.00023338942868733614
2023-01-30,Monday,0.0002983219390926273,0.0002983219390926273,0.0001494507684258739,0.0001494507684258739
2023-01-31,Tuesday,-2.4737779536931903e-05,2.4737779536931903e-05,-2.4732273143257544e-05,2.4732273143257544e-05
2023-02-01,Wednesday,-0.0019025499110496558,0.0019025499110496558,-0.0028911732727093797,0.0028911732727093797
2023-02-02,Thursday,-0.001387360665933035,0.001387360665933035,-0.0018166724816228719,0.0018166724816228719
2023-02-03,Friday,-0.0005593762107709566,0.0005593762107709566,-0.0006302877505999227,0.0006302877505999227
2023-02-06,Monday,0.0009466777246560643,0.0009466777246560643,-0.0006332693241561937,0.0006332693241561937
2023-02-07,Tuesday,0.003130441927624572,0.003130441927624572,0.0026693845855174647,0.0026693845855174647
2023-02-08,Wednesday,-0.0003889064436937151,0.0003889064436937151,0.00015808354107127442,0.00015808354107127442
2023-02-09,Thursday,-0.000610739238774638,0.000610739238774638,-1.2245447754799521e-05,1.2245447754799521e-05
2023-02-10,Friday,-0.00043025028273591115,0.00043025028273591115,0.0012794016336974412,0.0012794016336974412
2023-02-13,Monday,-0.00014536292276379204,0.00014536292276379204,-0.0010197887580429832,0.0010197887580429832
2023-02-14,Tuesday,0.00048490726148631147,0.00048490726148631147,0.0016968462899669134,0.0016968462899669134
2023-02-15,Wednesday,-0.00024214247663334465,0.00024214247663334465,3.63011543769165e-05,3.63011543769165e-05
2023-02-16,Thursday,0.001019071189401588,0.001019071189401588,0.0003401132143072694,0.0003401132143072694
2023-02-17,Friday,0.0010366019201815124,0.0010366019201815124,0.0008619203585589208,0.0008619203585589208
2023-02-21,Tuesday,-0.0002627266016939078,0.0002627266016939078,0.0010488354620585838,0.0010488354620585838
2023-02-22,Wednesday,0.00029648590518016604,0.00029648590518016604,-0.0013527392970765773,0.0013527392970765773
2023-02-23,Thursday,-5.0227278434844536e-05,5.0227278434844536e-05,0.0012754145097155778,0.0012754145097155778
2023-02-24,Friday,0.00043504638641023163,0.00043504638641023163,-0.0005179645257465948,0.0005179645257465948
2023-02-27,Monday,0.0005388201092677569,0.0005388201092677569,-3.7372403966173806e-05,3.7372403966173806e-05
2023-02-28,Tuesday,-6.266370893959206e-05,6.266370893959206e-05,-0.0004390666382156905,0.0004390666382156905
2023-03-01,Wednesday,-0.00083639382041234,0.00083639382041234,-1.2688101098778937e-05,1.2688101098778937e-05
2023-03-02,Thursday,0.0013820871409098157,0.0013820871409098157,-0.00027711298652222105,0.00027711298652222105
2023-03-03,Friday,-0.00031025838318154975,0.00031025838318154975,6.192410581595809e-05,6.192410581595809e-05
2023-03-06,Monday,0.00017536060067180337,0.00017536060067180337,-0.0001773058402271266,0.0001773058402271266
2023-03-07,Tuesday,2.5101661730086988e-05,2.5101661730086988e-05,-0.0001883191884698432,0.0001883191884698432
2023-03-08,Wednesday,0.000298495055939485,0.000298495055939485,-0.00043990296997353795,0.00043990296997353795
2023-03-09,Thursday,-0.0018470064274507259,0.0018470064274507259,-0.0017860309578699995,0.0017860309578699995
2023-03-10,Friday,0.00368917409264502,0.00368917409264502,0.0020240813784513367,0.0020240813784513367
2023-03-13,Monday,0.001340620810559967,0.001340620810559967,0.00200823892893931,0.00200823892893931
2023-03-14,Tuesday,-0.001528894827453331,0.001528894827453331,0.0007447354904983605,0.0007447354904983605
2023-03-15,Wednesday,-0.001024811777185608,0.001024811777185608,0.0006178560395428967,0.0006178560395428967
2023-03-16,Thursday,-0.0008354007392030738,0.0008354007392030738,-0.0021535343298707543,0.0021535343298707543
2023-03-17,Friday,-0.0007825486535559811,0.0007825486535559811,0.0009509368012541319,0.0009509368012541319
2023-03-20,Monday,-0.0008651179359303596,0.0008651179359303596,-0.0009414997837094985,0.0009414997837094985
2023-03-21,Tuesday,0.0005107628637039952,0.0005107628637039952,0.00022666599506360186,0.00022666599506360186
2023-03-22,Wednesday,0.004365497516182426,0.004365497516182426,-0.0009251850370074477,0.0009251850370074477
2023-03-23,Thursday,-0.00020262398054804454,0.00020262398054804454,0.0,0.0
2023-03-24,Friday,0.000940136192702612,0.000940136192702612,0.0013825820036024172,0.0013825820036024172
2023-03-27,Monday,-0.000806370325571959,0.000806370325571959,0.0005284348263714378,0.0005284348263714378
2023-03-28,Tuesday,0.000914076782449813,0.000914076782449813,-0.0007103367823088069,0.0007103367823088069
2023-03-29,Wednesday,-0.00012513765141664024,0.00012513765141664024,9.978242928943004e-05,9.978242928943004e-05
2023-03-30,Thursday,0.0004722491487088032,0.0004722491487088032,0.0006405329869525467,0.0006405329869525467
2023-03-31,Friday,0.0006383553568798384,0.0006383553568798384,0.00019620843769940777,0.00019620843769940777
2023-04-03,Monday,-9.77445446326275e-05,9.77445446326275e-05,0.0005981299284685271,0.0005981299284685271
2023-04-04,Tuesday,0.0001223421174973982,0.0001223421174973982,-0.0001838438063020975,0.0001838438063020975
2023-04-05,Wednesday,0.0008104722843038648,0.0008104722843038648,0.0006463023692839798,0.0006463023692839798
2023-04-06,Thursday,-6.114487667086e-05,6.114487667086e-05,0.00019545804370935116,0.00019545804370935116
2023-04-10,Monday,0.0,0.0,-4.892846658177685e-05,4.892846658177685e-05
2023-04-11,Tuesday,-0.0001703867779859758,0.0001703867779859758,-4.866772113387707e-05,4.866772113387707e-05
2023-04-12,Wednesday,0.0003066596248531006,0.0003066596248531006,-0.0011473769011057788,0.0011473769011057788
2023-04-13,Thursday,0.00026655035378508884,0.00026655035378508884,-0.0001331300075037012,0.0001331300075037012
2023-04-14,Friday,-0.0005376736491252698,0.0005376736491252698,0.0004005923911725162,0.0004005923911725162
2023-04-17,Monday,-0.00024336277269210171,0.00024336277269210171,0.0004737148965114901,0.0004737148965114901
2023-04-18,Tuesday,0.0002536507591406334,0.0002536507591406334,8.06218016800031e-05,8.06218016800031e-05
2023-04-19,Wednesday,-0.0006875090461717637,0.0006875090461717637,-0.0006512929370898757,0.0006512929370898757
2023-04-20,Thursday,-0.00041140312666376744,0.00041140312666376744,-0.0011274640545062553,0.0011274640545062553
2023-04-21,Friday,0.0006671114076051143,0.0006671114076051143,-0.0005456794315231717,0.0005456794315231717
2023-04-24,Monday,0.0002426124508709826,0.0002426124508709826,-0.000327653997378774,0.000327653997378774
2023-04-25,Tuesday,-0.00036267797881239794,0.00036267797881239794,-0.00024558559886056486,0.00024558559886056486
2023-04-26,Wednesday,-0.0003331030398736612,0.0003331030398736612,-0.0009129040217122908,0.0009129040217122908
2023-04-27,Thursday,0.0005233945177467447,0.0005233945177467447,0.0007529846123950357,0.0007529846123950357
2023-04-28,Friday,0.001144702437613665,0.001144702437613665,-9.643434026862518e-05,9.643434026862518e-05
2023-05-01,Monday,-0.00033570726326637157,0.00033570726326637157,-0.002158100679357622,0.002158100679357622
2023-05-02,Tuesday,-0.0008278363313293235,0.0008278363313293235,-0.00013407439910295693,0.00013407439910295693
2023-05-03,Wednesday,-0.0002394970125962903,0.0002394970125962903,-0.0019148265748842874,0.0019148265748842874
2023-05-04,Thursday,-0.0008617505847592355,0.0008617505847592355,-9.872764744345286e-05,9.872764744345286e-05
2023-05-05,Friday,0.0005098819987374714,0.0005098819987374714,0.0002788013964314384,0.0002788013964314384
2023-05-08,Monday,-0.00041185163650447887,0.00041185163650447887,0.0002664728682171269,0.0002664728682171269
2023-05-09,Tuesday,0.00012140342357636058,0.00012140342357636058,-0.00016998955778424474,0.00016998955778424474
2023-05-10,Wednesday,0.0010244342567302667,0.0010244342567302667,0.0008758910975401601,0.0008758910975401601
2023-05-11,Thursday,-0.0003160479420416529,0.0003160479420416529,0.00034020217729402447,0.00034020217729402447
2023-05-12,Friday,0.00034569529952110933,0.00034569529952110933,0.00039071084955200064,0.00039071084955200064
2023-05-15,Monday,0.00024253595595546962,0.00024253595595546962,0.0002425830240397886,0.0002425830240397886
2023-05-16,Tuesday,-0.0011192308626090108,0.0011192308626090108,-4.13323608083882e-06,4.13323608083882e-06
2023-05-17,Wednesday,-0.0008658841639407333,0.0008658841639407333,-0.0008814816598828878,0.0008814816598828878
2023-05-18,Thursday,2.406043981828532e-07,2.406043981828532e-07,0.0004969534592282887,0.0004969534592282887
2023-05-19,Friday,-0.0001897083801822852,0.0001897083801822852,5.9829366646280135e-05,5.9829366646280135e-05
2023-05-22,Monday,0.0002863005201125812,0.0002863005201125812,-2.3826542768667913e-05,2.3826542768667913e-05
2023-05-23,Tuesday,0.0006735788688687627,0.0006735788688687627,0.0006274888379389498,0.0006274888379389498
2023-05-24,Wednesday,-0.0010700389105058328,0.0010700389105058328,0.00046308144140194685,0.00046308144140194685
2023-05-25,Thursday,0.0011928285700515406,0.0011928285700515406,-0.0012768930541835477,0.0012768930541835477
2023-05-26,Friday,-0.0005005124293919749,0.0005005124293919749,0.00033754168651745076,0.00033754168651745076
2023-05-30,Tuesday,-0.0005131142454833926,0.0005131142454833926,0.000666571442174968,0.000666571442174968
2023-05-31,Wednesday,-0.00012311443666179755,0.00012311443666179755,-0.0007883797601413445,0.0007883797601413445
2023-06-01,Thursday,-0.00030918309325245197,0.00030918309325245197,-0.00039000580506820537,0.00039000580506820537
2023-06-02,Friday,-0.00010510457905610338,0.00010510457905610338,0.00034795817024013687,0.00034795817024013687
2023-06-05,Monday,-0.00023336678257213084,0.00023336678257213084,-0.0032056074766355636,0.0032056074766355636
2023-06-06,Tuesday,-0.0003513950383020603,0.0003513950383020603,-7.019185774448378e-05,7.019185774448378e-05
2023-06-07,Wednesday,0.0005858779967660155,0.0005858779967660155,-0.0009250477160688275,0.0009250477160688275
2023-06-08,Thursday,0.00032016627161590705,0.00032016627161590705,0.0005411962302883655,0.0005411962302883655
2023-06-09,Friday,-0.0004412550221788436,0.0004412550221788436,-0.00027879097646543727,0.00027879097646543727
2023-06-12,Monday,-0.00017369755781249108,0.00017369755781249108,0.00038223200324316586,0.00038223200324316586
2023-06-13,Tuesday,-0.00017168560931235533,0.00017168560931235533,-0.0004820244568335408,0.0004820244568335408
2023-06-14,Wednesday,-0.004184865878478883,0.004184865878478883,3.452283685656532e-05,3.452283685656532e-05
2023-06-15,Thursday,3.3956626069642226e-05,3.3956626069642226e-05,0.0006364023982321498,0.0006364023982321498
2023-06-16,Friday,-0.0009063512564293497,0.0009063512564293497,-0.0011110355304626562,0.0011110355304626562
2023-06-20,Tuesday,0.00036576444769576,0.00036576444769576,-0.0005593671160629698,0.0005593671160629698
2023-06-21,Wednesday,-0.0001261815178489334,0.0001261815178489334,0.00041221059381224556,0.00041221059381224556
2023-06-22,Thursday,0.0002984046826581821,0.0002984046826581821,-0.00016056887257709374,0.00016056887257709374
2023-06-23,Friday,-0.00031087844445709667,0.00031087844445709667,-2.3042005576123792e-05,2.3042005576123792e-05
2023-06-26,Monday,0.00015040029617297002,0.00015040029617297002,0.0009488324732127573,0.0009488324732127573
2023-06-27,Tuesday,9.169474818326862e-05,9.169474818326862e-05,4.582006460629451e-05,4.582006460629451e-05
2023-06-28,Wednesday,0.0007347433944868698,0.0007347433944868698,0.0001376651982378796,0.0001376651982378796
2023-06-29,Thursday,-0.0008808153833835819,0.0008808153833835819,-0.00020584131921419502,0.00020584131921419502
2023-06-30,Friday,-1.5547543938732034e-05,1.5547543938732034e-05,-0.00022519479349647487,0.00022519479349647487
2023-07-03,Monday,0.0,0.0,-4.505519261088775e-05,4.505519261088775e-05
2023-07-05,Wednesday,-9.000678772985715e-05,9.000678772985715e-05,0.0003839898807371789,0.0003839898807371789
2023-07-06,Thursday,-0.0005116776203579754,0.0005116776203579754,0.0007284481777414253,0.0007284481777414253
2023-07-07,Friday,-0.00015617962014391473,0.00015617962014391473,-0.0007922495359680148,0.0007922495359680148
2023-07-10,Monday,-0.0009797936077636793,0.0009797936077636793,-0.0004781629076674454,0.0004781629076674454
2023-07-11,Tuesday,0.00015873015873024698,0.00015873015873024698,-0.00034035215102568017,0.00034035215102568017
2023-07-12,Wednesday,-0.0002464488954607713,0.0002464488954607713,-4.499865675655634e-05,4.499865675655634e-05
2023-07-13,Thursday,5.5718377035107736e-05,5.5718377035107736e-05,0.00022277172581253168,0.00022277172581253168
2023-07-14,Friday,0.0005446380935443251,0.0005446380935443251,-0.00022241498187325348,0.00022241498187325348
2023-07-17,Monday,-0.00017746228926351915,0.00017746228926351915,-0.00024367530653413016,0.00024367530653413016
2023-07-18,Tuesday,0.00043000319745956084,0.00043000319745956084,-0.0004732399326458081,0.0004732399326458081
2023-07-19,Wednesday,-5.493599956041262e-05,5.493599956041262e-05,0.000901673594158936,0.000901673594158936
2023-07-20,Thursday,-0.0001985045986898637,0.0001985045986898637,0.0007851984561451086,0.0007851984561451086
2023-07-21,Friday,-0.0009359790340696117,0.0009359790340696117,-0.00013235391436705601,0.00013235391436705601
2023-07-24,Monday,0.00026826747586694566,0.00026826747586694566,-0.0005059281582016073,0.0005059281582016073
2023-07-25,Tuesday,0.0001647562112654377,0.0001647562112654377,0.0004730655039058007,0.0004730655039058007
2023-07-26,Wednesday,0.0009436994957834344,0.0009436994957834344,0.0005059975789589721,0.0005059975789589721
2023-07-27,Thursday,-0.0003455837207262391,0.0003455837207262391,-0.0004295769218060075,0.0004295769218060075
2023-07-28,Friday,0.0007232559668617355,0.0007232559668617355,-0.0003471153749349254,0.0003471153749349254
2023-07-31,Monday,0.00016415329729246864,0.00016415329729246864,0.00024086887974084092,0.00024086887974084092
2023-08-01,Tuesday,0.0004162650074488461,0.0004162650074488461,2.1901487111009033e-05,2.1901487111009033e-05
2023-08-02,Wednesday,0.000665808513471644,0.000665808513471644,1.1091885177005878e-05,1.1091885177005878e-05
2023-08-03,Thursday,0.0001890926887868627,0.0001890926887868627,-7.224951648399092e-05,7.224951648399092e-05
2023-08-04,Friday,-0.0030060675976972817,0.0030060675976972817,-0.00015350331147701013,0.00015350331147701013
2023-08-07,Monday,-1.1105681666845335e-05,1.1105681666845335e-05,0.0010564124234102579,0.0010564124234102579
2023-08-08,Tuesday,-0.0002906651760760104,0.0002906651760760104,0.0002345425303789117,0.0002345425303789117
2023-08-09,Wednesday,0.0005251103290320192,0.0005251103290320192,3.366665551873815e-05,3.366665551873815e-05
2023-08-10,Thursday,0.001090193874683898,0.001090193874683898,-0.000493000335983873,0.000493000335983873
2023-08-11,Friday,0.0003595909652771567,0.0003595909652771567,0.00013463178207606674,0.00013463178207606674
2023-08-14,Monday,-0.00022365360529619238,0.00022365360529619238,-8.952150754226729e-05,8.952150754226729e-05
2023-08-15,Tuesday,-0.00027023983785612327,0.00027023983785612327,0.0008562932257991651,0.0008562932257991651
2023-08-16,Wednesday,-0.0018349951389360353,0.0018349951389360353,0.00038408531212574815,0.00038408531212574815
2023-08-17,Thursday,-0.0006722497578761644,0.0006722497578761644,-0.0008004195931770042,0.0008004195931770042
2023-08-18,Friday,0.00029822669817169967,0.00029822669817169967,0.0008258017158324638,0.0008258017158324638
2023-08-21,Monday,0.00015979546180888704,0.00015979546180888704,-0.0001939045533352335,0.0001939045533352335
2023-08-22,Tuesday,-0.00018257337167371102,0.00018257337167371102,0.0003878248974007459,0.0003878248974007459
2023-08-23,Wednesday,-0.00015781582892759882,0.00015781582892759882,-0.0002934802239479284,0.0002934802239479284
2023-08-24,Thursday,0.00022760896779328021,0.00022760896779328021,0.00019355573266555126,0.00019355573266555126
2023-08-25,Friday,1.1400818578755079e-05,1.1400818578755079e-05,0.0006358145238203328,0.0006358145238203328
2023-08-28,Monday,4.5338108947357014e-05,4.5338108947357014e-05,-6.798712777045246e-05,6.798712777045246e-05
2023-08-29,Tuesday,0.00015622210319587992,0.00015622210319587992,0.0004014452027298887,0.0004014452027298887
2023-08-30,Wednesday,-0.0004878535773710224,0.0004878535773710224,0.0008108948724785403,0.0008108948724785403
2023-08-31,Thursday,0.0005094469178461569,0.0005094469178461569,-0.00028762970993656545,0.00028762970993656545
2023-09-01,Friday,0.0002523046375457749,0.0002523046375457749,-0.0002688106351261821,0.0002688106351261821
2023-09-05,Tuesday,-6.666222251838771e-05,6.666222251838771e-05,-0.00011590212709255976,0.00011590212709255976
2023-09-06,Wednesday,-2.2456266421166937e-05,2.2456266421166937e-05,0.000403850037019593,0.000403850037019593
2023-09-07,Thursday,0.00044935741889085,0.00044935741889085,-0.00030353827979978654,0.00030353827979978654
2023-09-08,Friday,0.0007176818875034296,0.0007176818875034296,-0.00043786769659137637,0.00043786769659137637
2023-09-11,Monday,-0.0004014452027298887,0.0004014452027298887,4.460004905992854e-05,4.460004905992854e-05
2023-09-12,Tuesday,-0.0003800639778090975,0.0003800639778090975,-1.1189186769899884e-05,1.1189186769899884e-05
2023-09-13,Wednesday,-0.0005141043408288803,0.0005141043408288803,-0.0005814993737698337,0.0005814993737698337
2023-09-14,Thursday,-5.55370432078206e-05,5.55370432078206e-05,0.000422194075950566,0.000422194075950566
2023-09-15,Friday,-0.000472994279021699,0.000472994279021699,0.000428622992239891,0.000428622992239891
2023-09-18,Monday,0.00014629425401180285,0.00014629425401180285,0.00030398901136008405,0.00030398901136008405
2023-09-19,Tuesday,0.00042971842135020033,0.00042971842135020033,0.0008596507103428852,0.0008596507103428852
2023-09-20,Wednesday,-0.0032687842376969423,0.0032687842376969423,0.0007456447567615321,0.0007456447567615321
2023-09-21,Thursday,-0.000782634716755326,0.000782634716755326,-0.0001846168047445751,0.0001846168047445751
2023-09-22,Friday,-0.00011352841685785542,0.00011352841685785542,0.0003596371145502264,0.0003596371145502264
2023-09-25,Monday,0.0003937610086215404,0.0003937610086215404,0.00041532671594901593,0.00041532671594901593
2023-09-26,Tuesday,-0.0007030206453729759,0.0007030206453729759,0.00013993895280584034,0.00013993895280584034
2023-09-27,Wednesday,-0.00039923554661025484,0.00039923554661025484,0.0017554814614089143,0.0017554814614089143
2023-09-28,Thursday,-0.0005371698157274896,0.0005371698157274896,-0.0017954158602839776,0.0017954158602839776
2023-09-29,Friday,0.0009139545251894976,0.0009139545251894976,0.0001994041335304786,0.0001994041335304786
2023-10-02,Monday,-0.0002350176263220538,0.0002350176263220538,0.000541278358279218,0.000541278358279218
2023-10-03,Tuesday,-0.0005820860061772626,0.0005820860061772626,0.0006656044896793389,0.0006656044896793389
2023-10-04,Wednesday,0.00037899424402487725,0.00037899424402487725,-0.000356010036453136,0.000356010036453136
2023-10-05,Thursday,0.0008842358433840403,0.0008842358433840403,0.001308113841258729,0.001308113841258729
2023-10-06,Friday,-0.00018615907292773848,0.00018615907292773848,0.0001626242914227749,0.0001626242914227749
2023-10-09,Monday,-0.0001851337591409763,0.0001851337591409763,-0.000881047081676023,0.000881047081676023
2023-10-10,Tuesday,0.0003187581110504212,0.0003187581110504212,0.0007129878792060396,0.0007129878792060396
2023-10-11,Wednesday,0.000334232302975801,0.000334232302975801,0.000552181115405892,0.000552181115405892
2023-10-12,Thursday,-0.0008324854315049368,0.0008324854315049368,0.0007050637446976982,0.0007050637446976982
2023-10-13,Friday,-0.00053314789058867,0.00053314789058867,0.0010661722099896132,0.0010661722099896132
2023-10-16,Monday,-0.0004144614750154485,0.0004144614750154485,0.0003910998967771029,0.0003910998967771029
2023-10-17,Tuesday,-0.00011497424576900617,0.00011497424576900617,-2.2980581408704737e-05,2.2980581408704737e-05
2023-10-18,Wednesday,-4.624384378826285e-05,4.624384378826285e-05,0.00020321251678012686,0.00020321251678012686
2023-10-19,Thursday,0.00013970708082045036,0.00013970708082045036,-0.0028200167816521127,0.0028200167816521127
2023-10-20,Friday,-0.0007072135785007871,0.0007072135785007871,0.0007098911500236227,0.0007098911500236227
2023-10-23,Monday,-0.00017731963637646064,0.00017731963637646064,-0.000662847403058664,0.000662847403058664
2023-10-24,Tuesday,-4.737540269106333e-05,4.737540269106333e-05,0.000827501418573906,0.000827501418573906
2023-10-25,Wednesday,-0.0002633342909126313,0.0002633342909126313,-7.157563833382063e-05,7.157563833382063e-05
2023-10-26,Thursday,-0.0004956120204047121,0.0004956120204047121,0.001243557089917191,0.001243557089917191
2023-10-27,Friday,-0.0004142401130631246,0.0004142401130631246,0.0015860234731475131,0.0015860234731475131
2023-10-30,Monday,2.4056966897667564e-05,2.4056966897667564e-05,0.0007706015508355257,0.0007706015508355257
2023-10-31,Tuesday,-2.3931460297665907e-05,2.3931460297665907e-05,0.0005274640964780808,0.0005274640964780808
2023-11-01,Wednesday,0.000142823137348147,0.000142823137348147,0.002307216592930761,0.002307216592930761
2023-11-02,Thursday,-0.000185927604439029,0.000185927604439029,-0.00025548045086365434,0.00025548045086365434
2023-11-03,Friday,-0.0004131804565644659,0.0004131804565644659,-0.00013769679166475424,0.00013769679166475424
2023-11-06,Monday,-9.210223347921875e-05,9.210223347921875e-05,0.000587178778668207,0.000587178778668207
2023-11-07,Tuesday,0.00034307671195277223,0.00034307671195277223,0.0001333089429036427,0.0001333089429036427
2023-11-08,Wednesday,0.0007444651876624686,0.0007444651876624686,-0.0007551141824172491,0.0007551141824172491
2023-11-09,Thursday,-0.0017915212199155484,0.0017915212199155484,-0.00043722256721645536,0.00043722256721645536
2023-11-10,Friday,-0.00010238208995960729,0.00010238208995960729,-0.00045472114225952875,0.00045472114225952875
2023-11-13,Monday,0.00017524679834091117,0.00017524679834091117,-0.0003401900528429147,0.0003401900528429147
2023-11-14,Tuesday,-0.0004907975460123337,0.0004907975460123337,0.0006687919388279617,0.0006687919388279617
2023-11-15,Wednesday,0.0002887413099970093,0.0002887413099970093,0.0001332030903116177,0.0001332030903116177
2023-11-16,Thursday,0.00035640300269523806,0.00035640300269523806,0.0003314547925066247,0.0003314547925066247
2023-11-17,Friday,0.00027713113845462267,0.00027713113845462267,2.2175407473179476e-05,2.2175407473179476e-05
2023-11-20,Monday,-0.00011013215859034808,0.00011013215859034808,0.00033038919847583337,0.00033038919847583337
2023-11-21,Tuesday,0.0002647487093501155,0.0002647487093501155,-0.0001654715940430096,0.0001654715940430096
2023-11-22,Wednesday,0.0002525751685664712,0.0002525751685664712,-0.0010538564559685604,0.0010538564559685604
2023-11-24,Friday,-6.593406593402573e-05,6.593406593402573e-05,8.789470214676243e-05,8.789470214676243e-05
2023-11-27,Monday,0.00013182756953900032,0.00013182756953900032,-0.0003186813186812909,0.0003186813186812909
2023-11-28,Tuesday,-3.3011289861106796e-05,3.3011289861106796e-05,2.2014309301043866e-05,2.2014309301043866e-05
2023-11-29,Wednesday,-0.0004604253453190932,0.0004604253453190932,-0.0005192041939940939,0.0005192041939940939
2023-11-30,Thursday,0.0002861737751145288,0.0002861737751145288,0.00039418082577702407,0.00039418082577702407
2023-12-01,Friday,0.0005236515971374089,0.0005236515971374089,4.359863100300565e-05,4.359863100300565e-05
2023-12-04,Monday,-0.0006247123756661921,0.0006247123756661921,-6.581328770272066e-05,6.581328770272066e-05
2023-12-05,Tuesday,-0.00023016220955707212,0.00023016220955707212,-0.0007229390759525556,0.0007229390759525556
2023-12-06,Wednesday,3.286086708875757e-05,3.286086708875757e-05,0.000811563685815031,0.000811563685815031
2023-12-07,Thursday,0.0002836569932358479,0.0002836569932358479,-0.0008283739890567743,0.0008283739890567743
2023-12-08,Friday,0.00039151251360158845,0.00039151251360158845,0.0001195834148675079,0.0001195834148675079
2023-12-11,Monday,-8.664760419363482e-05,8.664760419363482e-05,-1.0828487585157198e-05,1.0828487585157198e-05
2023-12-12,Tuesday,-0.00015111936270806314,0.00015111936270806314,0.00020506842809653314,0.00020506842809653314
2023-12-13,Wednesday,0.005017550660034065,0.005017550660034065,0.0011552037651085811,0.0011552037651085811
2023-12-14,Thursday,0.0004041005572334999,0.0004041005572334999,8.21322464994445e-05,8.21322464994445e-05
2023-12-15,Friday,0.00012801911752147177,0.00012801911752147177,0.0010032231210910236,0.0010032231210910236
2023-12-18,Monday,0.00011640457999106957,0.00011640457999106957,-0.0004973650235984284,0.0004973650235984284
2023-12-19,Tuesday,7.381163271324986e-05,7.381163271324986e-05,0.0001370353972971472,0.0001370353972971472
2023-12-20,Wednesday,-0.0007788489874963611,0.0007788489874963611,-0.000737494205402589,0.000737494205402589
2023-12-21,Thursday,-0.00012750765045899115,0.00012750765045899115,0.0004462198801580275,0.0004462198801580275
2023-12-22,Friday,-0.0007380540677323078,0.0007380540677323078,1.0591200830356584e-05,1.0591200830356584e-05
2023-12-26,Tuesday,0.00027356902356912016,0.00027356902356912016,0.00013668958845935997,0.00013668958845935997
2023-12-27,Wednesday,-0.001910003781353753,0.001910003781353753,-0.000504413619167754,0.000504413619167754
2023-12-28,Thursday,0.0004567942643916023,0.0004567942643916023,-0.00017806267806275144,0.00017806267806275144
2023-12-29,Friday,3.157495895256268e-05,3.157495895256268e-05,0.00043153352278713086,0.00043153352278713086
2024-01-02,Tuesday,-0.0005295151759049377,0.0005295151759049377,-0.0002966981731868934,0.0002966981731868934
2024-01-03,Wednesday,-0.0012338325391422211,0.0012338325391422211,-0.0004034398556109764,0.0004034398556109764
2024-01-04,Thursday,-0.0002025240897074454,0.0002025240897074454,6.402458544085832e-05,6.402458544085832e-05
2024-01-05,Friday,0.0004910647564959625,0.0004910647564959625,0.00010679196924390233,0.00010679196924390233
2024-01-08,Monday,2.118509416781933e-05,2.118509416781933e-05,0.0005497061186519048,0.0005497061186519048
2024-01-09,Tuesday,0.00022138120789794158,0.00022138120789794158,0.0005698902027027053,0.0005698902027027053
2024-01-10,Wednesday,0.00031528501765598627,0.00031528501765598627,0.00014686752549208926,0.00014686752549208926
2024-01-11,Thursday,8.386581469643772e-05,8.386581469643772e-05,-6.301064879965512e-05,6.301064879965512e-05
2024-01-12,Friday,0.00029249575409395767,0.00029249575409395767,-0.000901428131393267,0.000901428131393267
2024-01-16,Tuesday,-0.0007382875946589929,0.0007382875946589929,0.00034839894846849795,0.00034839894846849795
2024-01-17,Wednesday,0.0003189071576490399,0.0003189071576490399,8.424939518691943e-05,8.424939518691943e-05
2024-01-18,Thursday,0.000717329845141057,0.000717329845141057,-2.1025188175372023e-05,2.1025188175372023e-05
2024-01-19,Friday,0.00025951377499122685,0.00025951377499122685,-0.0005394526630289054,0.0005394526630289054
2024-01-22,Monday,0.00018600998253570644,0.00018600998253570644,-0.000558289566188308,0.000558289566188308
2024-01-23,Tuesday,-0.0001655060922152174,0.0001655060922152174,-0.00021702734544559732,0.00021702734544559732
2024-01-24,Wednesday,-0.00031806615776075464,0.00031806615776075464,-0.00020566821603396068,0.00020566821603396068
2024-01-25,Thursday,-0.0004732997221935653,0.0004732997221935653,0.00029824344892825927,0.00029824344892825927
2024-01-26,Friday,0.0006486731564099291,0.0006486731564099291,-0.00036945054493953133,0.00036945054493953133
2024-01-29,Monday,0.00014337798533436974,0.00014337798533436974,0.00019435550690971581,0.00019435550690971581
2024-01-30,Tuesday,-4.0957717778900005e-05,4.0957717778900005e-05,0.0001832135659467493,0.0001832135659467493
2024-01-31,Wednesday,-0.0021541554684775255,0.0021541554684775255,0.0010490589324283484,0.0010490589324283484
2024-02-01,Thursday,0.0005541303232425854,0.0005541303232425854,-0.0006770064007877163,0.0006770064007877163
2024-02-02,Friday,0.000819340481488906,0.000819340481488906,0.0008282995616073485,0.0008282995616073485
2024-02-05,Monday,-0.00028389503994807885,0.00028389503994807885,0.0006892009645975694,0.0006892009645975694
2024-02-06,Tuesday,-0.0005876154968389447,0.0005876154968389447,0.0003654673921871243,0.0003654673921871243
2024-02-07,Wednesday,0.0,0.0,-0.00012049160575144935,0.00012049160575144935
2024-02-08,Thursday,-0.00026097081141851497,0.00026097081141851497,-6.046240684576265e-05,6.046240684576265e-05
2024-02-09,Friday,0.00030196589383102435,0.00030196589383102435,0.00017961562256774144,0.00017961562256774144
2024-02-12,Monday,-0.00022904716379856804,0.00022904716379856804,-9.978446555447551e-05,9.978446555447551e-05
2024-02-13,Tuesday,-0.001347285675212917,0.001347285675212917,0.0012395854501117132,0.0012395854501117132
2024-02-14,Wednesday,-0.0010874380764428482,0.0010874380764428482,0.00010046305617072981,0.00010046305617072981
2024-02-15,Thursday,0.00021939009553451072,0.00021939009553451072,0.00026918973888601094,0.00026918973888601094
2024-02-16,Friday,0.0004976411808030878,0.0004976411808030878,-0.0004597907882277763,0.0004597907882277763
2024-02-20,Tuesday,-0.0008269812462190496,0.0008269812462190496,-0.0004836596036369434,0.0004836596036369434
2024-02-21,Wednesday,0.0006460339571598972,0.0006460339571598972,-0.0004044875682230886,0.0004044875682230886
2024-02-22,Thursday,0.0006505796072864278,0.0006505796072864278,-0.001317782192238881,0.001317782192238881
2024-02-23,Friday,-0.0006587485743502208,0.0006587485743502208,0.0006697386817904327,0.0006697386817904327
2024-02-26,Monday,0.00037958248688463314,0.00037958248688463314,-5.91529300418836e-05,5.91529300418836e-05
2024-02-27,Tuesday,-3.95421024537157e-05,3.95421024537157e-05,0.0004345164029941895,0.0004345164029941895
2024-02-28,Wednesday,-0.0002960740579910359,0.0002960740579910359,-0.00031636183885319635,0.00031636183885319635
2024-02-29,Thursday,0.00021248104606041984,0.00021248104606041984,0.00011817769986799398,0.00011817769986799398
2024-03-01,Friday,0.0006242440794350657,0.0006242440794350657,-0.0006138496165875029,0.0006138496165875029
2024-03-04,Monday,0.00014626725953670316,0.00014626725953670316,0.00037998498776614653,0.00037998498776614653
2024-03-05,Tuesday,0.00021706527744891346,0.00021706527744891346,-0.00113405518411136,0.00113405518411136
2024-03-06,Wednesday,-0.0014113219382154707,0.0014113219382154707,-0.0008820416323650493,0.0008820416323650493
2024-03-07,Thursday,0.00023268891431227345,0.00023268891431227345,3.88187455722111e-05,3.88187455722111e-05
2024-03-08,Friday,0.0016122413085537524,0.0016122413085537524,0.0006812604681960543,0.0006812604681960543
2024-03-11,Monday,0.00021524312689558123,0.00021524312689558123,-0.00040825612428196933,0.00040825612428196933
2024-03-12,Tuesday,0.00032970656116049213,0.00032970656116049213,0.00048408333978788853,0.00048408333978788853
2024-03-13,Wednesday,-0.0003867798642404052,0.0003867798642404052,0.0001940602848373718,0.0001940602848373718
2024-03-14,Thursday,0.00040813153496332966,0.00040813153496332966,1.94299259719255e-05,1.94299259719255e-05
2024-03-15,Friday,-5.883275807971877e-05,5.883275807971877e-05,0.0001948816579659951,0.0001948816579659951
2024-03-18,Monday,7.784978883251803e-05,7.784978883251803e-05,-0.00017497982871428341,0.00017497982871428341
2024-03-19,Tuesday,-0.00040777490825072427,0.00040777490825072427,0.00023300518436530915,0.00023300518436530915
2024-03-20,Wednesday,0.00391833171677991,0.00391833171677991,-0.0030135610246105893,0.0030135610246105893
2024-03-21,Thursday,0.00018171384850806938,0.00018171384850806938,-0.000745449678800858,0.000745449678800858
2024-03-22,Friday,3.827458185012844e-05,3.827458185012844e-05,-0.00028707584543830045,0.00028707584543830045
2024-03-25,Monday,-7.682409203524365e-05,7.682409203524365e-05,-0.0002687913986751944,0.0002687913986751944
2024-03-26,Tuesday,0.00036492144585720254,0.00036492144585720254,9.597665847649317e-05,9.597665847649317e-05
2024-03-27,Wednesday,-0.00015379291783601534,0.00015379291783601534,-0.00044178626031288193,0.00044178626031288193
2024-03-28,Thursday,-0.0002292745371520466,0.0002292745371520466,-0.00021966477245594085,0.00021966477245594085
2024-04-01,Monday,0.00014566921587788606,0.00014566921587788606,0.00023952325291731746,0.00023952325291731746
2024-04-02,Tuesday,0.0,0.0,0.00019308374041826504,0.00019308374041826504
2024-04-03,Wednesday,-2.8815122176117924e-05,2.8815122176117924e-05,3.8447490340098867e-05,3.8447490340098867e-05
2024-04-04,Thursday,-0.0006059038257020255,0.0006059038257020255,-0.0028764478764479184,0.0028764478764479184
2024-04-05,Friday,-0.0002317497103129229,0.0002317497103129229,0.0005793742757822518,0.0005793742757822518
2024-04-08,Monday,-0.0005006643430706115,0.0005006643430706115,-0.00031781497390059865,0.00031781497390059865
2024-04-09,Tuesday,-7.741885536216575e-05,7.741885536216575e-05,-0.0001492284540531852,0.0001492284540531852
2024-04-10,Wednesday,0.001137840213445429,0.001137840213445429,0.0002533174847523245,0.0002533174847523245
2024-04-11,Thursday,0.0006274070713603308,0.0006274070713603308,0.0005008958329320023,0.0005008958329320023
2024-04-12,Friday,-0.00015671217849511088,0.00015671217849511088,-0.0008420145688102787,0.0008420145688102787
2024-04-15,Monday,-0.0008306169434008082,0.0008306169434008082,0.0016828350821618265,0.0016828350821618265
2024-04-16,Tuesday,0.000535756806095744,0.000535756806095744,0.00224634223918585,0.00224634223918585
2024-04-17,Wednesday,0.00011942437451484267,0.00011942437451484267,-1.9925478709659217e-05,1.9925478709659217e-05
2024-04-18,Thursday,-0.0006004683653250131,0.0006004683653250131,-0.0017816034430987449,0.0017816034430987449
2024-04-19,Friday,-0.001970681091516102,0.001970681091516102,0.0005449481290114022,0.0005449481290114022
2024-04-22,Monday,-0.000139600741878243,0.000139600741878243,0.0004182683689524236,0.0004182683689524236
2024-04-23,Tuesday,-0.00018775631207079702,0.00018775631207079702,-0.00021742138240465891,0.00021742138240465891
2024-04-24,Wednesday,-0.0007702788089408719,0.0007702788089408719,-0.0005940005940006099,0.0005940005940006099
2024-04-25,Thursday,-0.00041708043694133057,0.00041708043694133057,0.0007172029086561782,0.0007172029086561782
2024-04-26,Friday,-0.0005005643617804756,0.0005005643617804756,-0.000687466844804252,0.000687466844804252
2024-04-29,Monday,-0.00042868912276328164,0.00042868912276328164,-0.0013535944121801924,0.0013535944121801924
2024-04-30,Tuesday,0.0007014354728760441,0.0007014354728760441,0.0009105485065024066,0.0009105485065024066
2024-05-01,Wednesday,0.00197592958505477,0.00197592958505477,-1.967916989686902e-05,1.967916989686902e-05
2024-05-02,Thursday,0.0005358631365854905,0.0005358631365854905,0.0006342913776016257,0.0006342913776016257
2024-05-03,Friday,0.00041092139490306323,0.00041092139490306323,0.00021495290577244752,0.00021495290577244752
2024-05-06,Monday,0.00045641259698769865,0.00045641259698769865,-2.909344815549275e-05,2.909344815549275e-05
2024-05-07,Tuesday,0.0007659574468084074,0.0007659574468084074,-0.0004643693284058781,0.0004643693284058781
2024-05-08,Wednesday,5.801922370274326e-05,5.801922370274326e-05,2.8998395422030754e-05,2.8998395422030754e-05
2024-05-09,Thursday,-0.0001444557868989227,0.0001444557868989227,-0.0002598702573677336,0.0002598702573677336
2024-05-10,Friday,-0.0006092666909885969,0.0006092666909885969,-0.0005185725809548902,0.0005185725809548902
2024-05-13,Monday,-0.00044173004532510607,0.00044173004532510607,0.00014401059918012216,0.00014401059918012216
2024-05-14,Tuesday,0.00038367096378144616,0.00038367096378144616,0.0007562413845918492,0.0007562413845918492
2024-05-15,Wednesday,0.00010397761645486447,0.00010397761645486447,-0.0004913137282961388,0.0004913137282961388
2024-05-16,Thursday,-0.00038675231815554767,0.00038675231815554767,0.0003777433611602543,0.0003777433611602543
2024-05-17,Friday,-0.0008227339354107688,0.0008227339354107688,0.00018942981625302835,0.00018942981625302835
2024-05-20,Monday,-0.000320603488920268,0.000320603488920268,-4.715379682362908e-05,4.715379682362908e-05
2024-05-21,Tuesday,-0.0005318687943929312,0.0005318687943929312,0.00032994277849529574,0.00032994277849529574
2024-05-22,Wednesday,-0.001717045926261318,0.001717045926261318,0.00034102534955082753,0.00034102534955082753
2024-05-23,Thursday,-0.0012340522478735405,0.0012340522478735405,-0.0003138612543038821,0.0003138612543038821
2024-05-24,Friday,0.0006798481672427581,0.0006798481672427581,-0.0003022118127041784,0.0003022118127041784
2024-05-28,Tuesday,0.0006240780664927836,0.0006240780664927836,-0.0012115246280240966,0.0012115246280240966
2024-05-29,Wednesday,-3.794850388016968e-05,3.794850388016968e-05,-0.00024687606821371944,0.00024687606821371944
2024-05-30,Thursday,-0.0006288349403558158,0.0006288349403558158,7.630966461924515e-05,7.630966461924515e-05
2024-05-31,Friday,-0.00037438083170149294,0.00037438083170149294,-0.00015361573025063358,0.00015361573025063358
2024-06-03,Monday,0.00031415406877122187,0.00031415406877122187,0.0006093961265256631,0.0006093961265256631
2024-06-04,Tuesday,0.00055029327461531,0.00055029327461531,-0.0007751351760125758,0.0007751351760125758
2024-06-05,Wednesday,0.00013127051101746723,0.00013127051101746723,0.0005810793079532584,0.0005810793079532584
2024-06-06,Thursday,-0.0007301183166091851,0.0007301183166091851,0.00021549704862744434,0.00021549704862744434
2024-06-07,Friday,-0.001996715682615613,0.001996715682615613,-0.00024312698709560987,0.00024312698709560987
2024-06-10,Monday,-0.0002148307973957042,0.0002148307973957042,-2.8439111861344735e-05,2.8439111861344735e-05
2024-06-11,Tuesday,0.0005044748790195008,0.0005044748790195008,0.0003170399656851064,0.0003170399656851064
2024-06-12,Wednesday,-0.001622000221181863,0.001622000221181863,-0.0002765851591148838,0.0002765851591148838
2024-06-13,Thursday,-0.0006092157731500958,0.0006092157731500958,0.00024922750541889194,0.00024922750541889194
2024-06-14,Friday,-0.00010152003174801472,0.00010152003174801472,-9.227135159062261e-05,9.227135159062261e-05
2024-06-17,Monday,0.0008220679576178558,0.0008220679576178558,0.000164230579734026,0.000164230579734026
2024-06-18,Tuesday,-0.0010244294028571854,0.0010244294028571854,0.0001644941030416458,0.0001644941030416458
2024-06-20,Thursday,0.0012796373142240913,0.0012796373142240913,-0.0005176440535706872,0.0005176440535706872
2024-06-21,Friday,-0.00017464840518433,0.00017464840518433,-0.00045897666562633166,0.00045897666562633166
2024-06-24,Monday,-0.0004228096621199384,0.0004228096621199384,-0.00046894826856946903,0.00046894826856946903
2024-06-25,Tuesday,-5.514807257478438e-05,5.514807257478438e-05,-0.0007158064752954552,0.0007158064752954552
2024-06-26,Wednesday,-0.0004859874832529032,0.0004859874832529032,3.671476300626253e-05,3.671476300626253e-05
2024-06-27,Thursday,-0.0010624965646126583,0.0010624965646126583,0.00040383273982169676,0.00040383273982169676
2024-06-28,Friday,0.0006897140305708316,0.0006897140305708316,-8.250825082500857e-05,8.250825082500857e-05
2024-07-01,Monday,-0.00022021581149522795,0.00022021581149522795,0.0001468428781203901,0.0001468428781203901
2024-07-02,Tuesday,0.00040198801344848434,0.00040198801344848434,-0.0002738575575557123,0.0002738575575557123
2024-07-03,Wednesday,0.00041752137527906186,0.00041752137527906186,-0.00012699564586371448,0.00012699564586371448
2024-07-05,Friday,-0.000604387674099649,0.000604387674099649,0.00021659085986569515,0.00021659085986569515
2024-07-08,Monday,-0.00030618493570133687,0.00030618493570133687,-0.00040091493615268536,0.00040091493615268536
2024-07-09,Tuesday,-0.0005034794022980016,0.0005034794022980016,0.0002609086819613804,0.0002609086819613804
2024-07-10,Wednesday,-8.038441614111047e-05,8.038441614111047e-05,0.00025019211180010714,0.00025019211180010714
2024-07-11,Thursday,-3.597510522734826e-05,3.597510522734826e-05,0.0016450029663988008,0.0016450029663988008
2024-07-12,Friday,0.00045290659467522865,0.00045290659467522865,-0.000266429840142024,0.000266429840142024
2024-07-15,Monday,0.00023169188543725738,0.00023169188543725738,0.0009611790462968894,0.0009611790462968894
2024-07-16,Tuesday,-0.00016104383392978594,0.00016104383392978594,0.00021300010650016077,0.00021300010650016077
2024-07-17,Wednesday,-0.0005293093858218523,0.0005293093858218523,-0.0001433588990035206,0.0001433588990035206
2024-07-18,Thursday,-0.0007957521356716235,0.0007957521356716235,0.00014478065730427758,0.00014478065730427758
2024-07-19,Friday,-0.0005460502366216868,0.0005460502366216868,-3.6449790413839445e-05,3.6449790413839445e-05
2024-07-22,Monday,-9.954282433288775e-05,9.954282433288775e-05,0.0009286390479195106,0.0009286390479195106
2024-07-23,Tuesday,0.0003421943663999283,0.0003421943663999283,0.00016219138583539738,0.00016219138583539738
2024-07-24,Wednesday,-0.0002941717227430418,0.0002941717227430418,-0.00019324382770014026,0.00019324382770014026
2024-07-25,Thursday,-0.0015147759508662428,0.0015147759508662428,0.0009208951100470042,0.0009208951100470042
2024-07-26,Friday,-1.835064412647469e-07,1.835064412647469e-07,0.0004321316412922993,0.0004321316412922993
2024-07-29,Monday,-0.0005683172310119167,0.0005683172310119167,-7.743971813423123e-05,7.743971813423123e-05
2024-07-30,Tuesday,-0.00012007906744737618,0.00012007906744737618,-0.00027679873041641656,0.00027679873041641656
2024-07-31,Wednesday,-3.6342491641416785e-05,3.6342491641416785e-05,0.0013794104835196386,0.0013794104835196386
2024-08-01,Thursday,-0.0015867954436539211,0.0015867954436539211,-0.0005553087516658728,0.0005553087516658728
2024-08-02,Friday,-0.000735732337520445,0.000735732337520445,3.7613074304498895e-05,3.7613074304498895e-05
2024-08-05,Monday,-0.0019844327990135024,0.0019844327990135024,-0.0007419398354242546,0.0007419398354242546
2024-08-06,Tuesday,-0.0007766328231549879,0.0007766328231549879,0.0007941009642655761,0.0007941009642655761
2024-08-07,Wednesday,-0.0005555236289100929,0.0005555236289100929,-0.0015365408623834176,0.0015365408623834176
2024-08-08,Thursday,0.0010750457365948929,0.0010750457365948929,0.000697639339316769,0.000697639339316769
2024-08-09,Friday,-0.00028162667567865896,0.00028162667567865896,-0.0004887126181838397,0.0004887126181838397
2024-08-12,Monday,0.000582622741444716,0.000582622741444716,0.00018775111711910597,0.00018775111711910597
2024-08-13,Tuesday,-7.397407208764584e-05,7.397407208764584e-05,0.0002403312874361685,0.0002403312874361685
2024-08-14,Wednesday,-0.00045100601954972674,0.00045100601954972674,0.00018404343425060254,0.00018404343425060254
2024-08-15,Thursday,0.00034379806387407896,0.00034379806387407896,-5.426819341181055e-05,5.426819341181055e-05
2024-08-16,Friday,-0.0006762117714945726,0.0006762117714945726,0.0001129372711037302,0.0001129372711037302
2024-08-19,Monday,0.00016142339563085528,0.00016142339563085528,0.00018827326519610388,0.00018827326519610388
2024-08-20,Tuesday,0.000465691103509025,0.000465691103509025,-9.832138579513039e-05,9.832138579513039e-05
2024-08-21,Wednesday,0.00032118194957453383,0.00032118194957453383,0.0004452561247216824,0.0004452561247216824
2024-08-22,Thursday,-0.00011700538224745927,0.00011700538224745927,-0.0004308487720809939,0.0004308487720809939
2024-08-23,Friday,0.0006102892628347956,0.0006102892628347956,-0.0003922547516315156,0.0003922547516315156
2024-08-26,Monday,-0.00023234616003287023,0.00023234616003287023,4.9086105954554426e-05,4.9086105954554426e-05
2024-08-27,Tuesday,-3.986368044983646e-05,3.986368044983646e-05,-0.00021361055236124304,0.00021361055236124304
2024-08-28,Wednesday,-0.00012604663725590548,0.00012604663725590548,7.197739909670098e-05,7.197739909670098e-05
2024-08-29,Thursday,-0.0007818052594170677,0.0007818052594170677,-0.0011238761238760997,0.0011238761238760997
2024-08-30,Friday,0.0002326122354034954,0.0002326122354034954,0.0003752010005357853,0.0003752010005357853
2024-09-03,Tuesday,-0.0014253242653293752,0.0014253242653293752,0.00098546217271811,0.00098546217271811
2024-09-04,Wednesday,-0.0003720778277915837,0.0003720778277915837,-0.0007436292736010541,0.0007436292736010541
2024-09-05,Thursday,-0.0003631807368937867,0.0003631807368937867,0.0005272823142237204,0.0005272823142237204
2024-09-06,Friday,-0.0012207527975583998,0.0012207527975583998,-0.00035185185185193646,0.00035185185185193646
2024-09-09,Monday,-0.0008610327262067452,0.0008610327262067452,0.00036699941280082804,0.00036699941280082804
2024-09-10,Tuesday,0.0009689213893966375,0.0009689213893966375,0.0005428072112685367,0.0005428072112685367
2024-09-11,Wednesday,0.00040001454598348474,0.00040001454598348474,0.0009255898366606896,0.0009255898366606896
2024-09-12,Thursday,-4.471112144432965e-05,4.471112144432965e-05,3.559418408927151e-05,3.559418408927151e-05
2024-09-13,Friday,-0.0007287981940026222,0.0007287981940026222,-0.00012468605831739143,0.00012468605831739143
2024-09-16,Monday,-0.0005777726420210794,0.0005777726420210794,5.546272265077867e-05,5.546272265077867e-05
2024-09-17,Tuesday,0.0004798890922985688,0.0004798890922985688,-4.9944891766240396e-05,4.9944891766240396e-05
2024-09-18,Wednesday,0.004705757005362798,0.004705757005362798,0.0017829060131111518,0.0017829060131111518
2024-09-19,Thursday,0.0003842861884051363,0.0003842861884051363,-0.0003148601398602624,0.0003148601398602624
2024-09-20,Friday,-0.0015579203084156168,0.0015579203084156168,-0.00044122837980942187,0.00044122837980942187
2024-09-23,Monday,-0.00043036062463774893,0.00043036062463774893,9.661326587973029e-05,9.661326587973029e-05
2024-09-24,Tuesday,4.382120946533341e-05,4.382120946533341e-05,-0.00015782551512499854,0.00015782551512499854
2024-09-25,Wednesday,-0.00036825953529162625,0.00036825953529162625,-0.0001929249171299663,0.0001929249171299663
2024-09-26,Thursday,0.0002624442306011776,0.0002624442306011776,-0.00038433989622810305,0.00038433989622810305
2024-09-27,Friday,-0.0005415509319915968,0.0005415509319915968,-0.0003501339262268477,0.0003501339262268477
2024-09-30,Monday,-0.00026243045592933,0.00026243045592933,0.0007201953310265186,0.0007201953310265186
2024-10-01,Tuesday,0.0007377221948992041,0.0007377221948992041,0.00019281670143223018,0.00019281670143223018
2024-10-02,Wednesday,7.029135767777639e-05,7.029135767777639e-05,0.0004221858673281176,0.0004221858673281176
2024-10-03,Thursday,-5.449150170633299e-05,5.449150170633299e-05,-5.2910986084397926e-05,5.2910986084397926e-05
2024-10-04,Friday,-3.507418189463429e-05,3.507418189463429e-05,0.000225480920845067,0.000225480920845067
2024-10-07,Monday,-0.001472949498098175,0.001472949498098175,-0.0016328967236716174,0.0016328967236716174
2024-10-08,Tuesday,0.00015741145605607798,0.00015741145605607798,6.993618323281048e-05,6.993618323281048e-05
2024-10-09,Wednesday,0.0005297254111886751,0.0005297254111886751,-0.0005551892848468798,0.0005551892848468798
2024-10-10,Thursday,-0.0009544799819517502,0.0009544799819517502,8.690060309013425e-05,8.690060309013425e-05
2024-10-11,Friday,0.00024174192322967691,0.00024174192322967691,5.177144632151354e-05,5.177144632151354e-05
2024-10-14,Monday,0.00013708019191205345,0.00013708019191205345,0.0001542702554619968,0.0001542702554619968
2024-10-15,Tuesday,0.0002409638554217164,0.0002409638554217164,-0.00013780273538421817,0.00013780273538421817
2024-10-16,Wednesday,1.7364991489410286e-05,1.7364991489410286e-05,-0.00024029796948210613,0.00024029796948210613
2024-10-17,Thursday,-0.001386108116433138,0.001386108116433138,6.350481349315373e-05,6.350481349315373e-05
2024-10-18,Friday,0.0001881741123739289,0.0001881741123739289,-0.0003759526983149186,0.0003759526983149186
2024-10-21,Monday,-8.57221231654881e-05,8.57221231654881e-05,1.7162962327343934e-05,1.7162962327343934e-05
2024-10-22,Tuesday,0.0008050208918419788,0.0008050208918419788,-0.0002227209648959505,0.0002227209648959505
2024-10-23,Wednesday,-0.0011285505937913554,0.0011285505937913554,0.0014248232002920247,0.0014248232002920247
2024-10-24,Thursday,0.00016904849894272544,0.00016904849894272544,-0.00020729326815116522,0.00020729326815116522
2024-10-25,Friday,0.0,0.0,-0.00031905353200889497,0.00031905353200889497
2024-10-28,Monday,-0.00027506059928839033,0.00027506059928839033,-0.00012041353448133396,0.00012041353448133396
2024-10-29,Tuesday,0.0,0.0,0.0001373744311838898,0.0001373744311838898
2024-10-30,Wednesday,0.000785361955413455,0.000785361955413455,0.00012045912133662462,0.00012045912133662462
2024-10-31,Thursday,-0.00056102948911263,0.00056102948911263,-0.0005083260297983339,0.0005083260297983339
2024-11-01,Friday,0.0007872087327689403,0.0007872087327689403,0.00015736466638704982,0.00015736466638704982
2024-11-04,Monday,0.00014018609704380403,0.00014018609704380403,0.0007574694908119017,0.0007574694908119017
2024-11-05,Tuesday,0.0003998400639744215,0.0003998400639744215,0.0001390240511607299,0.0001390240511607299
2024-11-06,Wednesday,8.470556346162894e-05,8.470556346162894e-05,-3.3867881394700206e-05,3.3867881394700206e-05
2024-11-07,Thursday,-0.0002353811493325253,0.0002353811493325253,0.0009081586138279807,0.0009081586138279807
2024-11-08,Friday,-0.0002086759096182611,0.0002086759096182611,-0.00010013184025647881,0.00010013184025647881
2024-11-11,Monday,-0.00015044129446384336,0.00015044129446384336,0.0004010632606661346,0.0004010632606661346
2024-11-12,Tuesday,0.0003347784603540127,0.0003347784603540127,0.00023412154252655526,0.00023412154252655526
2024-11-13,Wednesday,-0.00030889964935709724,0.00030889964935709724,-0.00018397109981271864,0.00018397109981271864
2024-11-14,Thursday,0.001953424934330261,0.001953424934330261,-1.68030514341444e-05,1.68030514341444e-05
2024-11-15,Friday,-0.00011976047904205256,0.00011976047904205256,-1.7120063001807573e-05,1.7120063001807573e-05
2024-11-18,Monday,-0.00010198011387785311,0.00010198011387785311,-0.0002469009671706157,0.0002469009671706157
2024-11-19,Tuesday,-0.000304620071077899,0.000304620071077899,-0.0010675432948114016,0.0010675432948114016
2024-11-20,Wednesday,-0.00015321165022064154,0.00015321165022064154,0.000511413034213426,0.000511413034213426
2024-11-21,Thursday,-2.4898638986470267e-05,2.4898638986470267e-05,-0.00018505122554357545,0.00018505122554357545
2024-11-22,Friday,-0.0001679430337230281,0.0001679430337230281,0.0004369821341534408,0.0004369821341534408
2024-11-25,Monday,-0.0003097219199409418,0.0003097219199409418,-0.00040202351837581585,0.00040202351837581585
2024-11-26,Tuesday,0.0004332539034510585,0.0004332539034510585,0.0005669595957911167,0.0005669595957911167
2024-11-27,Wednesday,6.678465288678659e-05,6.678465288678659e-05,-1.6702577207650116e-05,1.6702577207650116e-05
2024-11-29,Friday,1.659365458639428e-05,1.659365458639428e-05,-9.959167413609027e-05,9.959167413609027e-05
2024-12-02,Monday,-0.00034780304410464424,0.00034780304410464424,0.0002979731363461635,0.0002979731363461635
2024-12-03,Tuesday,-0.0002982947483551879,0.0002982947483551879,0.0003727634194832241,0.0003727634194832241
2024-12-04,Wednesday,0.00048681474636125266,0.00048681474636125266,0.0002636870035268579,0.0002636870035268579
2024-12-05,Thursday,-0.0005433261438662074,0.0005433261438662074,9.899523949830069e-05,9.899523949830069e-05
2024-12-06,Friday,-0.0005098432643125816,0.0005098432643125816,0.00018118030734770585,0.00018118030734770585
2024-12-09,Monday,-0.0008760581508555632,0.0008760581508555632,-0.00016353634967047892,0.00016353634967047892
2024-12-10,Tuesday,-0.0001986623402423504,0.0001986623402423504,-0.0004056157080891687,0.0004056157080891687
2024-12-11,Wednesday,-9.048805968936424e-05,9.048805968936424e-05,9.047243058302179e-05,9.047243058302179e-05
2024-12-12,Thursday,0.0004127115146512761,0.0004127115146512761,0.0004628558204118338,0.0004628558204118338
2024-12-13,Friday,-7.448974524504326e-05,7.448974524504326e-05,0.00022336201191253124,0.00022336201191253124
2024-12-16,Monday,-0.00026332680502294536,0.00026332680502294536,9.879145124624955e-05,9.879145124624955e-05
2024-12-17,Tuesday,-0.00028134516086320005,0.00028134516086320005,-0.0001986151932505953,0.0001986151932505953
2024-12-18,Wednesday,-0.003021930838590259,0.003021930838590259,0.0010498250291617328,0.0010498250291617328
2024-12-19,Thursday,-0.0012009065999121216,0.0012009065999121216,-0.000661858294442097,0.000661858294442097
2024-12-20,Friday,-0.00011823924867393476,0.00011823924867393476,0.0009440005394287798,0.0009440005394287798
2024-12-23,Monday,0.00023582124749443878,0.00023582124749443878,-0.00015137483372329452,0.00015137483372329452
2024-12-24,Tuesday,-0.00031589798157827254,0.00031589798157827254,-1.6626209556780402e-05,1.6626209556780402e-05
2024-12-26,Thursday,-0.0002686003675582693,0.0002686003675582693,-0.00013311812569682946,0.00013311812569682946
2024-12-27,Friday,-0.0002525380069700045,0.0002525380069700045,0.000505076013940009,0.000505076013940009
2024-12-30,Monday,-0.00043984300987953695,0.00043984300987953695,0.00018633961241354413,0.00018633961241354413
2024-12-31,Tuesday,-0.0005466721333881042,0.0005466721333881042,-0.00027354168091353603,0.00027354168091353603
2025-01-02,Thursday,0.0011170304175975865,0.0011170304175975865,-0.0008143811132161893,0.0008143811132161893
2025-01-03,Friday,0.0005158038930510589,0.0005158038930510589,0.0003587353060396925,0.0003587353060396925
2025-01-06,Monday,-0.0011918472877456843,0.0011918472877456843,-0.00021835161328254138,0.00021835161328254138
2025-01-07,Tuesday,0.00023688663282572797,0.00023688663282572797,-0.0006767502453218777,0.0006767502453218777
2025-01-08,Wednesday,-7.145287512744236e-05,7.145287512744236e-05,-0.002212509317611855,0.002212509317611855
2025-01-10,Friday,-0.0020019334913206066,0.0020019334913206066,-0.001278728480458624,0.001278728480458624
2025-01-13,Monday,-0.0007068843640626321,0.0007068843640626321,-0.00017232762928864886,0.00017232762928864886
2025-01-14,Tuesday,-0.00046274872744100914,0.00046274872744100914,0.0007032107574096447,0.0007032107574096447
2025-01-15,Wednesday,0.00027002852176272185,0.00027002852176272185,0.00014330995414080228,0.00014330995414080228
2025-01-16,Thursday,0.0005710372349421178,0.0005710372349421178,-6.751396695203749e-05,6.751396695203749e-05
2025-01-17,Friday,3.1242100718920085e-05,3.1242100718920085e-05,8.270953081135346e-05,8.270953081135346e-05
2025-01-21,Tuesday,-7.467454344811664e-05,7.467454344811664e-05,-0.0005972973870314036,0.0005972973870314036
2025-01-22,Wednesday,-1.647337901944379e-05,1.647337901944379e-05,0.00012357680710484154,0.00012357680710484154
2025-01-23,Thursday,-0.000263110262781141,0.000263110262781141,0.00026330080471326234,0.00026330080471326234
2025-01-24,Friday,-0.00021401995324488166,0.00021401995324488166,-0.00011524530786954923,0.00011524530786954923
2025-01-27,Monday,0.0009051138934981218,0.0009051138934981218,-0.0006594489010576243,0.0006594489010576243
2025-01-28,Tuesday,-0.000529819970519485,0.000529819970519485,0.0005463033473496193,0.0005463033473496193
2025-01-29,Wednesday,-0.00204492177758564,0.00204492177758564,0.002051919451442341,0.002051919451442341
2025-01-30,Thursday,-0.0005294737348462419,0.0005294737348462419,-0.0005289693363088599,0.0005289693363088599
2025-01-31,Friday,-0.0006276945440129023,0.0006276945440129023,0.0008767286442135092,0.0008767286442135092
2025-02-03,Monday,2.2544713682126627e-05,2.2544713682126627e-05,0.0003578071177758879,0.0003578071177758879
2025-02-04,Tuesday,0.0008157149991676604,0.0008157149991676604,0.00031567754369654644,0.00031567754369654644
2025-02-05,Wednesday,0.0003317189676905752,0.0003317189676905752,-9.945465696425959e-05,9.945465696425959e-05
2025-02-06,Thursday,0.00023134759976861652,0.00023134759976861652,-0.002530682457243194,0.002530682457243194
2025-02-07,Friday,0.0004058374055679881,0.0004058374055679881,0.0006674890540285805,0.0006674890540285805
2025-02-10,Monday,-0.0001983307164696857,0.0001983307164696857,4.957202815702999e-05,4.957202815702999e-05
2025-02-11,Tuesday,0.0003473600635173213,0.0003473600635173213,0.00013229263130032365,0.00013229263130032365
2025-02-12,Wednesday,-0.000513908690030318,0.000513908690030318,0.0005637913308791376,0.0005637913308791376
2025-02-13,Thursday,0.000823465472092666,0.000823465472092666,0.00046031432892745805,0.00046031432892745805
2025-02-14,Friday,-3.259677187128496e-05,3.259677187128496e-05,-7.375235597795182e-05,7.375235597795182e-05
2025-02-18,Tuesday,8.201359785520168e-06,8.201359785520168e-06,0.0004596040839104365,0.0004596040839104365
2025-02-19,Wednesday,4.905808477229101e-05,4.905808477229101e-05,1.7133905551247608e-05,1.7133905551247608e-05
2025-02-20,Thursday,0.00014788038120272518,0.00014788038120272518,-0.0004432333048788317,0.0004432333048788317
2025-02-21,Friday,-0.0006564078702472331,0.0006564078702472331,0.00040022676738615814,0.00040022676738615814
2025-02-24,Monday,0.0011821118177883783,0.0011821118177883783,0.0008664133586642198,0.0008664133586642198
2025-02-25,Tuesday,-0.00011771630370793762,0.00011771630370793762,0.001526035343315968,0.001526035343315968
2025-02-26,Wednesday,-1.6876212977745553e-05,1.6876212977745553e-05,0.0009269402544871408,0.0009269402544871408
2025-02-27,Thursday,-0.0002863109673941766,0.0002863109673941766,-0.0024239059416163444,0.0024239059416163444
2025-02-28,Friday,0.001336531871144464,0.001336531871144464,0.0009051173707237403,0.0009051173707237403
2025-03-03,Monday,0.0009675448126018615,0.0009675448126018615,0.0016567826131286267,0.0016567826131286267
2025-03-04,Tuesday,0.00219729086961018,0.00219729086961018,-0.0005503766640293506,0.0005503766640293506
2025-03-05,Wednesday,0.0015650259691122326,0.0015650259691122326,0.0005319148936171469,0.0005319148936171469
2025-03-06,Thursday,-0.0018354076352958826,0.0018354076352958826,0.00010515247108289216,0.00010515247108289216
2025-03-07,Friday,0.0007648582404784499,0.0007648582404784499,-0.00013872992751351454,0.00013872992751351454
2025-03-10,Monday,-0.0005353223532770235,0.0005353223532770235,-1.7862884498787146e-05,1.7862884498787146e-05
2025-03-11,Tuesday,0.00379785660159504,0.00379785660159504,-0.0011550652746189494,0.0011550652746189494
2025-03-12,Wednesday,0.0012902300910329068,0.0012902300910329068,0.0005712143660412394,0.0005712143660412394
2025-03-13,Thursday,0.0024360535931788885,0.0024360535931788885,-7.232357567776848e-05,7.232357567776848e-05
2025-03-14,Friday,0.0013020833333332593,0.0013020833333332593,0.0015605771460165396,0.0015605771460165396
2025-03-17,Monday,0.000405572209486893,0.000405572209486893,0.000817719003613826,0.000817719003613826
2025-03-18,Tuesday,-0.001372989551014725,0.001372989551014725,0.0003190065835252387,0.0003190065835252387
2025-03-19,Wednesday,0.002095244859547707,0.002095244859547707,0.0024531944665850958,0.0024531944665850958
2025-03-20,Thursday,0.000265397476954643,0.000265397476954643,-0.00026590087215483393,0.00026590087215483393
2025-03-21,Friday,0.0004530071681723147,0.0004530071681723147,0.0006582224436062489,0.0006582224436062489
2025-03-24,Monday,-0.0013826557319840393,0.0013826557319840393,-0.00022711390635921092,0.00022711390635921092
2025-03-25,Tuesday,6.967184560702222e-05,6.967184560702222e-05,9.574875526618953e-05,9.574875526618953e-05
2025-03-26,Wednesday,0.000512093792909285,0.000512093792909285,-0.0007817715470294084,0.0007817715470294084
2025-03-27,Thursday,0.0012441542398307082,0.0012441542398307082,0.00038614593604746617,0.00038614593604746617
2025-03-28,Friday,-0.00026959506820756207,0.00026959506820756207,0.00045866196613086885,0.00045866196613086885
2025-03-31,Monday,0.002711741842176707,0.002711741842176707,0.0006104896486094358,0.0006104896486094358
2025-04-01,Tuesday,-0.0020035778175313546,0.0020035778175313546,0.000296402748461988,0.000296402748461988
2025-04-02,Wednesday,-0.0010636789107928424,0.0010636789107928424,0.0017287162944876755,0.0017287162944876755
2025-04-03,Thursday,-0.00011073379595460953,0.00011073379595460953,-0.0006472252528801903,0.0006472252528801903
2025-04-04,Friday,5.8298839852977125e-05,5.8298839852977125e-05,-0.000835118193786788,0.000835118193786788
2025-04-07,Monday,-0.0016500677706405842,0.0016500677706405842,0.0017222607146392122,0.0017222607146392122
2025-04-08,Tuesday,-0.0016378561843870543,0.0016378561843870543,0.0022689276331502306,0.0022689276331502306
2025-04-09,Wednesday,0.0018974622610647973,0.0018974622610647973,-0.00353054853575141,0.00353054853575141
2025-04-10,Thursday,0.0054941910376009595,0.0054941910376009595,-0.002706334336380234,0.002706334336380234
2025-04-11,Friday,0.00016831238779158042,0.00016831238779158042,-0.00030009753169779607,0.00030009753169779607
2025-04-14,Monday,0.0008906206512662163,0.0008906206512662163,0.0003978681668455053,0.0003978681668455053
2025-04-15,Tuesday,-0.0003715262297518951,0.0003715262297518951,0.0015443584400118837,0.0015443584400118837
2025-04-16,Wednesday,0.0023850410227055363,0.0023850410227055363,-0.0009695817490493752,0.0009695817490493752
2025-04-17,Thursday,0.001549719815491457,0.001549719815491457,0.00043394588883449714,0.00043394588883449714
2025-04-21,Monday,-0.0005501522742901166,0.0005501522742901166,0.000642282800549232,0.000642282800549232
2025-04-22,Tuesday,0.00306601513844984,0.00306601513844984,0.0006852052760806249,0.0006852052760806249
2025-04-23,Wednesday,-0.0008916298250176702,0.0008916298250176702,0.000708202098514521,0.000708202098514521
2025-04-24,Thursday,0.000614351996185647,0.000614351996185647,0.0011134534655643513,0.0011134534655643513
2025-04-25,Friday,0.0011909107501368865,0.0011909107501368865,0.0003376080036381346,0.0003376080036381346
2025-04-28,Monday,0.00014606003067241247,0.00014606003067241247,-0.0007656409508530748,0.0007656409508530748
2025-04-29,Tuesday,0.0010093016548291533,0.0010093016548291533,-9.010632546391228e-05,9.010632546391228e-05
2025-04-30,Wednesday,-0.00016349367824453065,0.00016349367824453065,-5.395585430112426e-05,5.395585430112426e-05
2025-05-01,Thursday,0.0008919333547396935,0.0008919333547396935,0.00032034169781103294,0.00032034169781103294
2025-05-02,Friday,0.0006698986337594359,0.0006698986337594359,0.0004756200676439004,0.0004756200676439004
2025-05-05,Monday,0.0004065902984020653,0.0004065902984020653,0.0005475774115486498,0.0005475774115486498
2025-05-06,Tuesday,0.0016474169576505826,0.0016474169576505826,-3.8361243368090214e-05,3.8361243368090214e-05
2025-05-07,Wednesday,0.0005275063256053869,0.0005275063256053869,0.0024912626579443042,0.0024912626579443042
2025-05-08,Thursday,-7.046223224349557e-05,7.046223224349557e-05,0.001448162949140075,0.001448162949140075
2025-05-09,Friday,-0.0006899968153992742,0.0006899968153992742,0.0007618286794561779,0.0007618286794561779
2025-05-12,Monday,0.0009114202679230132,0.0009114202679230132,0.000249149455307629,0.000249149455307629
2025-05-13,Tuesday,0.000170261260035387,0.000170261260035387,-0.00013607293509310114,0.00013607293509310114
2025-05-14,Wednesday,-3.40518268804324e-05,3.40518268804324e-05,0.001908429464787753,0.001908429464787753
2025-05-15,Thursday,-0.0004831368294356819,0.0004831368294356819,0.0010008481764207655,0.0010008481764207655
2025-05-16,Friday,0.0001686852670286232,0.0001686852670286232,0.00022755621481307386,0.00022755621481307386
2025-05-19,Monday,5.0474459923233184e-05,5.0474459923233184e-05,0.00047999191592551504,0.00047999191592551504
2025-05-20,Tuesday,0.00010961491437377902,0.00010961491437377902,0.0003385183053774554,0.0003385183053774554
2025-05-21,Wednesday,-0.0018766207178927408,0.0018766207178927408,0.0010934937124111865,0.0010934937124111865
2025-05-22,Thursday,0.0001793706652089,0.0001793706652089,1.707708596598856e-05,1.707708596598856e-05
2025-05-23,Friday,0.0008780689370200268,0.0008780689370200268,0.0004993628818403817,0.0004993628818403817
2025-05-27,Tuesday,-0.00032148900169215455,0.00032148900169215455,0.00027087883251231126,0.00027087883251231126
2025-05-28,Wednesday,0.0008648465321350329,0.0008648465321350329,-6.76156583629961e-05,6.76156583629961e-05
2025-05-29,Thursday,0.0005946515342007963,0.0005946515342007963,0.0013200455774562414,0.0013200455774562414
2025-05-30,Friday,0.0012289625507801993,0.0012289625507801993,-0.0007309568735444083,0.0007309568735444083
2025-06-02,Monday,3.3899454218833114e-05,3.3899454218833114e-05,-0.0002197802197801968,0.0002197802197801968
2025-06-03,Tuesday,-0.0004831242031806404,0.0004831242031806404,0.00013418991227331922,0.00013418991227331922
2025-06-04,Wednesday,0.00025101241674740926,0.00025101241674740926,-0.00040161314613695875,0.00040161314613695875
2025-06-05,Thursday,-0.0011076799140710136,0.0011076799140710136,0.0005543051029661683,0.0005543051029661683
2025-06-06,Friday,0.0012438433926036385,0.0012438433926036385,0.0010673960539702154,0.0010673960539702154
2025-06-09,Monday,-0.00014976536759081505,0.00014976536759081505,-3.327676283648717e-05,3.327676283648717e-05
2025-06-10,Tuesday,-0.0010476776478804961,0.0010476776478804961,0.0002662584037809168,0.0002662584037809168
2025-06-11,Wednesday,-0.002390001825695709,0.002390001825695709,0.0007907046426847142,0.0007907046426847142
2025-06-12,Thursday,0.00016580723251147234,0.00016580723251147234,-1.658814942606668e-05,1.658814942606668e-05
2025-06-13,Friday,-0.001067022340780266,0.001067022340780266,-0.0008876235136492383,0.0008876235136492383
2025-06-16,Monday,0.0005279673257958528,0.0005279673257958528,-0.00029872048060819445,0.00029872048060819445
2025-06-17,Tuesday,-0.0010200327748236537,0.0010200327748236537,0.0007700033478406088,0.0007700033478406088
2025-06-18,Wednesday,-0.001651073197578401,0.001651073197578401,0.0012513556352715671,0.0012513556352715671
2025-06-20,Friday,0.0005218591653621818,0.0005218591653621818,0.0003360341581495341,0.0003360341581495341
2025-06-23,Monday,0.0005018879272897792,0.0005018879272897792,0.0005013620335243552,0.0005013620335243552
2025-06-24,Tuesday,0.00016469580684486118,0.00016469580684486118,-0.00015650225692731556,0.00015650225692731556
2025-06-25,Wednesday,0.00026390881950288936,0.00026390881950288936,-0.0002722715129127584,0.0002722715129127584
2025-06-26,Thursday,6.543646119627766e-05,6.543646119627766e-05,0.00025337975904404786,0.00025337975904404786
2025-06-27,Friday,-0.00022795362771910188,0.00022795362771910188,0.0002286311526276119,0.0002286311526276119
2025-06-30,Monday,0.00041893522254721205,0.00041893522254721205,-0.0005194467891694865,0.0005194467891694865
2025-07-01,Tuesday,-0.0005173222109058351,0.0005173222109058351,0.0006391482338472532,0.0006391482338472532
2025-07-02,Wednesday,3.2288269671720826e-05,3.2288269671720826e-05,0.0003066593498821657,0.0003066593498821657
2025-07-03,Thursday,-3.2002560204968944e-05,3.2002560204968944e-05,4.800998607712437e-05,4.800998607712437e-05
2025-07-07,Monday,0.00027417585962208335,0.00027417585962208335,0.0007437013543909465,0.0007437013543909465
2025-07-08,Tuesday,-0.00019319005071238848,0.00019319005071238848,-0.0001852866303612144,0.0001852866303612144
2025-07-09,Wednesday,0.0005703269338901418,0.0005703269338901418,0.00012843977779919413,0.00012843977779919413
2025-07-10,Thursday,0.0,0.0,-0.0002792894875437435,0.0002792894875437435
2025-07-11,Friday,-0.0001200979999680385,0.0001200979999680385,0.0003684332775344412,0.0003684332775344412
2025-07-14,Monday,0.0001760901581608909,0.0001760901581608909,0.00022641449052729357,0.00022641449052729357
2025-07-15,Tuesday,-8.005251444953565e-05,8.005251444953565e-05,0.0002161383285301799,0.0002161383285301799
2025-07-16,Wednesday,0.00040122614710558224,0.00040122614710558224,0.0003930407719641149,0.0003930407719641149
2025-07-17,Thursday,0.0,0.0,-8.7601936799242e-05,8.7601936799242e-05
2025-07-18,Friday,0.00043056020666876194,0.00043056020666876194,5.5811580105480374e-05,5.5811580105480374e-05
2025-07-21,Monday,2.376576462381763e-05,2.376576462381763e-05,-0.0003010139416984581,0.0003010139416984581
2025-07-22,Tuesday,0.00031829394445770376,0.00031829394445770376,0.0006206040546130609,0.0006206040546130609
2025-07-23,Wednesday,0.00043477229789012917,0.00043477229789012917,-7.895962794235434e-05,7.895962794235434e-05
2025-07-24,Thursday,0.0006926406926408557,0.0006926406926408557,-0.00019660734367754618,0.00019660734367754618
2025-07-25,Friday,-1.883440166239314e-05,1.883440166239314e-05,9.414275179264742e-05,9.414275179264742e-05
2025-07-28,Monday,-0.0002515327778650489,0.0002515327778650489,-0.00018080623860139422,0.00018080623860139422
2025-07-29,Tuesday,0.0002359974826935396,0.0002359974826935396,0.0004249860305518549,0.0004249860305518549
2025-07-30,Wednesday,-0.0004947346102198713,0.0004947346102198713,0.0008480299009061554,0.0008480299009061554
2025-07-31,Thursday,0.00022100494103893809,0.00022100494103893809,0.0003626616209395639,0.0003626616209395639
2025-08-01,Friday,-0.0006445271587630641,0.0006445271587630641,0.0006198220806590271,0.0006198220806590271
2025-08-04,Monday,0.0005001428979707345,0.0005001428979707345,0.0004127049635709312,0.0004127049635709312
2025-08-05,Tuesday,-0.00033325927571659086,0.00033325927571659086,-5.566954557756354e-05,5.566954557756354e-05
2025-08-06,Wednesday,0.000632676140991828,0.000632676140991828,0.00024489666940552546,0.00024489666940552546
2025-08-07,Thursday,-2.3781589878479892e-05,2.3781589878479892e-05,-0.00012700025400036452,0.00012700025400036452
2025-08-08,Friday,0.00039546284846259105,0.00039546284846259105,0.0004223031292174273,0.0004223031292174273
2025-08-11,Monday,-0.00036117523280088104,0.00036117523280088104,7.965435978007918e-05,7.965435978007918e-05
2025-08-12,Tuesday,0.00015559051193791973,0.00015559051193791973,-0.00018373479905964274,0.00018373479905964274
2025-08-13,Wednesday,0.00034961775125874617,0.00034961775125874617,0.0004193132580638803,0.0004193132580638803
2025-08-14,Thursday,-0.0002481697481078182,0.0002481697481078182,0.00021519400065206362,0.00021519400065206362
2025-08-15,Friday,-0.0004575274904228266,0.0004575274904228266,-4.65462669893002e-05,4.65462669893002e-05
2025-08-18,Monday,-0.00016335039437453958,0.00016335039437453958,0.0003267211201867237,0.0003267211201867237
2025-08-19,Tuesday,-0.0009222906442436507,0.0009222906442436507,-0.0002894718312614897,0.0002894718312614897
2025-08-20,Wednesday,-0.0015851093882419676,0.0015851093882419676,0.0006828852167775068,0.0006828852167775068
2025-08-21,Thursday,-4.717648723873147e-05,4.717648723873147e-05,0.00014161854258798456,0.00014161854258798456
2025-08-22,Friday,0.00022453293278723585,0.00022453293278723585,0.00037106470004943937,0.00037106470004943937
2025-08-25,Monday,-0.0002344449063003129,0.0002344449063003129,-3.880993223781548e-05,3.880993223781548e-05
2025-08-26,Tuesday,0.00018666583704063378,0.00018666583704063378,0.00015539532570874037,0.00015539532570874037
2025-08-27,Wednesday,-0.00018554166570028396,0.00018554166570028396,-7.724990343760396e-05,7.724990343760396e-05
2025-08-28,Thursday,7.711646127983585e-05,7.711646127983585e-05,0.00022939952208433922,0.00022939952208433922
2025-08-29,Friday,-0.0006437601799424986,0.0006437601799424986,0.000566537061612804,0.000566537061612804
2025-09-02,Tuesday,0.00017232465965877353,0.00017232465965877353,7.840431537342596e-05,7.840431537342596e-05
2025-09-03,Wednesday,-0.00010920777559364492,0.00010920777559364492,-0.0001949743413767191,0.0001949743413767191
2025-09-04,Thursday,0.00016997867540258227,0.00016997867540258227,0.00033218484928076997,0.00033218484928076997
2025-09-05,Friday,-0.00017825311942964994,0.00017825311942964994,0.0004491319363781887,0.0004491319363781887
2025-09-08,Monday,-0.00021602844595869364,0.00021602844595869364,-6.47758293620404e-05,6.47758293620404e-05
2025-09-09,Tuesday,0.000123114804555291,0.000123114804555291,-0.00018466083959134405,0.00018466083959134405
2025-09-10,Wednesday,-7.664714719324284e-05,7.664714719324284e-05,0.0006598229219414442,0.0006598229219414442
2025-09-11,Thursday,-0.0001064549733481579,0.0001064549733481579,-0.00021298282445647576,0.00021298282445647576
2025-09-12,Friday,-0.00013670020884759548,0.00013670020884759548,0.0003416830547984251,0.0003416830547984251
2025-09-15,Monday,-0.00016651528913114166,0.00016651528913114166,0.00018184573420221284,0.00018184573420221284
2025-09-16,Tuesday,1.529885788742469e-05,1.529885788742469e-05,9.088155104497453e-05,9.088155104497453e-05
2025-09-17,Wednesday,0.002959109114116787,0.002959109114116787,-0.0031346538251862954,0.0031346538251862954
2025-09-18,Thursday,0.0003394740415516573,0.0003394740415516573,0.0003394791635233929,0.0003394791635233929
2025-09-19,Friday,4.52700357633784e-05,4.52700357633784e-05,0.00023395520135238712,0.00023395520135238712
2025-09-22,Monday,-0.00019749380955957907,0.00019749380955957907,-2.250326297326133e-05,2.250326297326133e-05
2025-09-23,Tuesday,-0.000618177432000433,0.000618177432000433,0.0007847279861163958,0.0007847279861163958
2025-09-24,Wednesday,-0.0001665253724111304,0.0001665253724111304,0.00010599797089616558,0.00010599797089616558
2025-09-25,Thursday,-0.0016931313778428825,0.0016931313778428825,-9.89375627873379e-05,9.89375627873379e-05
2025-09-26,Friday,0.00012096652251480933,0.00012096652251480933,4.5335025840920196e-05,4.5335025840920196e-05
2025-09-29,Monday,0.0002866021057712498,0.0002866021057712498,-5.2752950397305653e-05,5.2752950397305653e-05
2025-09-30,Tuesday,9.811172661544632e-05,9.811172661544632e-05,-0.00019582147107111147,0.00019582147107111147
2025-10-01,Wednesday,0.0004117074631333484,0.0004117074631333484,0.00023176703674621102,0.00023176703674621102
2025-10-02,Thursday,0.00016445155406730194,0.00016445155406730194,2.2402102810792357e-05,2.2402102810792357e-05
2025-10-03,Friday,-0.0008069457104858957,0.0008069457104858957,-0.00084559092190295,0.00084559092190295
2025-10-06,Monday,0.00016362473410991285,0.00016362473410991285,0.00021063642546415018,0.00021063642546415018
2025-10-07,Tuesday,-0.0004695215010324105,0.0004695215010324105,0.00031407504898073313,0.00031407504898073313
2025-10-08,Wednesday,0.00025228948620359404,0.00025228948620359404,7.431518556755279e-06,7.431518556755279e-06
2025-10-09,Thursday,-0.0007087595216245246,0.0007087595216245246,-0.00011197205177582159,0.00011197205177582159
2025-10-10,Friday,-0.0009397692645877198,0.0009397692645877198,-0.0007282547677929241,0.0007282547677929241
2025-10-13,Monday,0.00019600452318124795,0.00019600452318124795,-0.00017320972685563873,0.00017320972685563873
2025-10-14,Tuesday,-0.00036082086747346587,0.00036082086747346587,-0.00016538617672268163,0.00016538617672268163
2025-10-15,Wednesday,-0.0009024265414259158,0.0009024265414259158,0.0007988619942194131,0.0007988619942194131
2025-10-16,Thursday,-0.0024176123056465215,0.0024176123056465215,-0.0015796108689377641,0.0015796108689377641
2025-10-17,Friday,0.0005280069998643278,0.0005280069998643278,-7.522756337918768e-05,7.522756337918768e-05
2025-10-20,Monday,0.00043167609407568364,0.00043167609407568364,-0.00010433876609361459,0.00010433876609361459
2025-10-21,Tuesday,0.00016363933889707027,0.00016363933889707027,0.00010412328196585108,0.00010412328196585108
2025-10-22,Wednesday,0.0002557352388115053,0.0002557352388115053,-4.5068729812913766e-05,4.5068729812913766e-05
2025-10-23,Thursday,-0.00017847316209829156,0.00017847316209829156,2.2305330230398823e-05,2.2305330230398823e-05
2025-10-24,Friday,-8.84864394532503e-05,8.84864394532503e-05,8.847469623707305e-05,8.847469623707305e-05
2025-10-27,Monday,-5.848551752363207e-05,5.848551752363207e-05,0.00021203325266316853,0.00021203325266316853
2025-10-28,Tuesday,0.00014543127645039178,0.00014543127645039178,-7.993547027485004e-05,7.993547027485004e-05
2025-10-29,Wednesday,-0.00013079304181018436,0.00013079304181018436,0.0006976744186046879,0.0006976744186046879
2025-10-30,Thursday,-0.0007524894249665293,0.0007524894249665293,1.464278915852546e-05,1.464278915852546e-05
2025-10-31,Friday,0.0012924830361602524,0.0012924830361602524,-0.00010259115957333975,0.00010259115957333975
2025-11-03,Monday,-0.0006436606737957318,0.0006436606737957318,0.00038053421148909194,0.00038053421148909194
2025-11-04,Tuesday,0.0007395246335655248,0.0007395246335655248,-0.0005027429061496003,0.0005027429061496003
2025-11-05,Wednesday,-0.0006170662905500279,0.0006170662905500279,0.0002793255024182706,0.0002793255024182706
2025-11-06,Thursday,0.0011168858244852142,0.0011168858244852142,-2.9700470752458408e-05,2.9700470752458408e-05
2025-11-07,Friday,0.00043569056955261587,0.00043569056955261587,0.0016354579282198412,0.0016354579282198412
2025-11-10,Monday,0.0005442136847679802,0.0005442136847679802,-0.0002644025970209851,0.0002644025970209851
2025-11-11,Tuesday,-0.0003366510538641565,0.0003366510538641565,3.659571976455389e-05,3.659571976455389e-05
2025-11-12,Wednesday,-8.776549060895977e-05,8.776549060895977e-05,-0.0001318217769575858,0.0001318217769575858
2025-11-13,Thursday,-0.0008473568412914467,0.0008473568412914467,-0.0003117993793707585,0.0003117993793707585
2025-11-14,Friday,-0.00041589305607125926,0.00041589305607125926,-0.00025221803507313734,0.00025221803507313734
2025-11-17,Monday,-0.0006225902755900847,0.0006225902755900847,-0.0013497439286305202,0.0013497439286305202
2025-11-18,Tuesday,-3.770454716833793e-05,3.770454716833793e-05,-0.0003016909779312016,0.0003016909779312016
2025-11-19,Wednesday,-0.0009055920307899923,0.0009055920307899923,6.062535049045081e-05,6.062535049045081e-05
2025-11-20,Thursday,-0.0009617733268196815,0.0009617733268196815,-0.0016743279856312743,0.0016743279856312743
2025-11-21,Friday,0.0013511815741598099,0.0013511815741598099,-0.0017916020535674315,0.0017916020535674315
2025-11-24,Monday,0.0004632120016734298,0.0004632120016734298,-0.0006428464643444265,0.0006428464643444265
2025-11-25,Tuesday,-0.0003463576060663831,0.0003463576060663831,-0.00017822135091782876,0.00017822135091782876
2025-11-26,Wednesday,2.939447383898397e-05,2.939447383898397e-05,-0.00019082568807338163,0.00019082568807338163
2025-11-28,Friday,1.4640647494346126e-07,1.4640647494346126e-07,0.00014634860237094927,0.00014634860237094927
2025-12-01,Monday,-0.0008274508655283785,0.0008274508655283785,-0.0002865097964311891,0.0002865097964311891
2025-12-02,Tuesday,0.0008221993833503749,0.0008221993833503749,0.000557699928086075,0.000557699928086075
2025-12-03,Wednesday,0.0005263850506644907,0.0005263850506644907,-8.767699793965633e-05,8.767699793965633e-05
2025-12-04,Thursday,-0.0002486442238821551,0.0002486442238821551,0.00127237279936665,0.00127237279936665
2025-12-05,Friday,-0.0002468704003265598,0.0002468704003265598,2.9157069131313662e-05,2.9157069131313662e-05
2025-12-08,Monday,-0.00011727969741848199,0.00011727969741848199,0.0003664453336851281,0.0003664453336851281
2025-12-09,Tuesday,-0.00019004180919801605,0.00019004180919801605,-0.00013163090693701918,0.00013163090693701918
2025-12-10,Wednesday,0.0014644290191254683,0.0014644290191254683,0.0026006635389719257,0.0026006635389719257
2025-12-11,Thursday,0.00039245897350181913,0.00039245897350181913,0.0,0.0
2025-12-12,Friday,-0.00019045944678852678,0.00019045944678852678,0.00041086442941207224,0.00041086442941207224
2025-12-15,Monday,0.0006020381192917146,0.0006020381192917146,-3.745400868060411e-05,3.745400868060411e-05
2025-12-16,Tuesday,-0.0019473334808586262,0.0019473334808586262,0.0006055772184805353,0.0006055772184805353
2025-12-17,Wednesday,-0.00039401981994036106,0.00039401981994036106,-0.00023793236772462478,0.00023793236772462478
2025-12-18,Thursday,-0.002108429293897429,0.002108429293897429,-0.001122334455667784,0.001122334455667784
2025-12-19,Friday,0.0004630854723470801,0.0004630854723470801,0.00016161259990599142,0.00016161259990599142
2025-12-22,Monday,-0.00017531044558072306,0.00017531044558072306,0.00011683437267229202,0.00011683437267229202
2025-12-23,Tuesday,0.00027635157738581384,0.00027635157738581384,-6.541933795622956e-05,6.541933795622956e-05
2025-12-24,Wednesday,8.725272476350909e-05,8.725272476350909e-05,-5.7531254179954416e-05,5.7531254179954416e-05
2025-12-26,Friday,0.0002825247571371925,0.0002825247571371925,0.00023187061619633909,0.00023187061619633909
2025-12-29,Monday,-0.00023282209481689797,0.00023282209481689797,0.00046548839915616647,0.00046548839915616647
2025-12-30,Tuesday,-0.0003489589391648673,0.0003489589391648673,-8.868728282429572e-06,8.868728282429572e-06
2025-12-31,Wednesday,0.0003207792018429245,0.0003207792018429245,-0.0013137918953637362,0.0013137918953637362
2026-01-02,Friday,0.0007347268652877492,0.0007347268652877492,0.0009224822092717133,0.0009224822092717133
2026-01-05,Monday,8.714090684636133e-05,8.714090684636133e-05,-1.4530870835249843e-05,1.4530870835249843e-05
2026-01-06,Tuesday,0.0,0.0,0.00011128003838445366,0.00011128003838445366
2026-01-07,Wednesday,8.660133077365018e-05,8.660133077365018e-05,0.0005060143418922358,0.0005060143418922358
2026-01-08,Thursday,0.00040645095733715664,0.00040645095733715664,9.434920819240133e-05,9.434920819240133e-05
2026-01-09,Friday,-2.87968669008265e-05,2.87968669008265e-05,-7.915890069865039e-05,7.915890069865039e-05
2026-01-12,Monday,-0.00026610664403570183,0.00026610664403570183,0.000503365356957719,0.000503365356957719
2026-01-13,Tuesday,-0.0004979792147804529,0.0004979792147804529,-0.00019480378929448428,0.00019480378929448428
2026-01-14,Wednesday,-0.00025795294357011667,0.00025795294357011667,-0.00018891779169627476,0.00018891779169627476
2026-01-15,Thursday,-0.0007341192727901014,0.0007341192727901014,-0.0005766929542537769,0.0005766929542537769
2026-01-16,Friday,0.0011261423848230034,0.0011261423848230034,0.0005635430965971189,0.0005635430965971189
2026-01-20,Tuesday,-2.2100098713728755e-05,2.2100098713728755e-05,-0.0007890389947495802,0.0007890389947495802
2026-01-21,Wednesday,-0.0006754871584018218,0.0006754871584018218,0.0014903347408716794,0.0014903347408716794
2026-01-22,Thursday,0.0008260749844206661,0.0008260749844206661,-0.00041988822285921046,0.00041988822285921046
2026-01-23,Friday,0.0007402354238936759,0.0007402354238936759,5.8008846349100196e-05,5.8008846349100196e-05
2026-01-26,Monday,7.208973730410406e-06,7.208973730410406e-06,-0.00015854141894566798,0.00015854141894566798
2026-01-27,Tuesday,-0.0001581851096232878,0.0001581851096232878,5.745723027428262e-05,5.745723027428262e-05
2026-01-28,Wednesday,-0.0001438662619229758,0.0001438662619229758,0.0013253046760206555,0.0013253046760206555
2026-01-29,Thursday,0.0005936952460938727,0.0005936952460938727,-0.0010692560001156481,0.0010692560001156481
2026-01-30,Friday,0.0007376551245334984,0.0007376551245334984,0.0006509192426191746,0.0006509192426191746
2026-02-02,Monday,0.0002727964507744929,0.0002727964507744929,-0.0003372632878148041,0.0003372632878148041
2026-02-03,Tuesday,-0.0004088546229777945,0.0004088546229777945,-0.0004226111540199806,0.0004226111540199806
2026-02-04,Wednesday,-0.0007887587274691965,0.0007887587274691965,0.00125485160650185,0.00125485160650185
2026-02-05,Thursday,0.0009435213987705193,0.0009435213987705193,-0.0011613548159472575,0.0011613548159472575
2026-02-06,Friday,0.000457164419546352,0.000457164419546352,-0.0003843476242965105,0.0003843476242965105
2026-02-09,Monday,0.0005758129759454444,0.0005758129759454444,-0.00015810503923885388,0.00015810503923885388
2026-02-10,Tuesday,-0.0002522886181791639,0.0002522886181791639,-0.000208972862351664,0.000208972862351664
2026-02-11,Wednesday,0.0001804454838103542,0.0001804454838103542,-0.000144000000000033,0.000144000000000033
2026-02-12,Thursday,-0.0003213086023076128,0.0003213086023076128,0.0010231973455339105,0.0010231973455339105
2026-02-13,Friday,-0.00023383527830922457,0.00023383527830922457,0.00046759698984422116,0.00046759698984422116
2026-02-17,Tuesday,0.0003654543328266424,0.0003654543328266424,0.0009503340789800419,0.0009503340789800419
2026-02-18,Wednesday,0.0004949125897029116,0.0004949125897029116,-0.000793962967818973,0.000793962967818973
2026-02-19,Thursday,-0.00021938163629442453,0.00021938163629442453,0.0001463593121113771,0.0001463593121113771
2026-02-20,Friday,0.000246627012911782,0.000246627012911782,0.0002759301751429355,0.0002759301751429355
2026-02-23,Monday,-0.0003079088589778012,0.0003079088589778012,8.073335241576274e-05,8.073335241576274e-05
2026-02-24,Tuesday,-7.273256236828285e-05,7.273256236828285e-05,-2.736973896833028e-05,2.736973896833028e-05
2026-02-25,Wednesday,0.000389897327037092,0.000389897327037092,0.000490719625898528,0.000490719625898528
2026-02-26,Thursday,0.0006837258695684412,0.0006837258695684412,0.00088582963027517,0.00088582963027517
2026-02-27,Friday,0.0010453980554132603,0.0010453980554132603,-0.0002633118782915389,0.0002633118782915389
2026-03-02,Monday,0.0005691187415179932,0.0005691187415179932,0.0002324871768790704,0.0002324871768790704
2026-03-03,Tuesday,-2.93582291115424e-05,2.93582291115424e-05,-0.0012343864805290927,0.0012343864805290927
2026-03-04,Wednesday,0.0003934163571481797,0.0003934163571481797,-0.00013107877834583892,0.00013107877834583892
2026-03-05,Thursday,0.00022169671888860876,0.00022169671888860876,-0.0010049211580237527,0.0010049211580237527
2026-03-06,Friday,-0.0002521993264795741,0.0002521993264795741,0.00020743506541620604,0.00020743506541620604
2026-03-09,Monday,0.0003289276957119114,0.0003289276957119114,0.0014924036653434225,0.0014924036653434225
2026-03-10,Tuesday,0.0,0.0,0.0006256302304525896,0.0006256302304525896
2026-03-11,Wednesday,8.889020578073392e-05,8.889020578073392e-05,0.0003850311727160438,0.0003850311727160438
2026-03-12,Thursday,0.0005387850397353677,0.0005387850397353677,-0.0005013619084676124,0.0005013619084676124
2026-03-13,Friday,0.0007725159966194273,0.0007725159966194273,0.0009648289689898615,0.0009648289689898615
2026-03-16,Monday,0.0006055984209580867,0.0006055984209580867,0.00017915795759937403,0.00017915795759937403
2026-03-17,Tuesday,0.0002977519726066191,0.0002977519726066191,0.0002832016693994355,0.0002832016693994355
2026-03-18,Wednesday,0.000554963927344776,0.000554963927344776,-0.0021467925717975067,0.0021467925717975067
2026-03-19,Thursday,-0.00077598405428847,0.00077598405428847,1.5216531239703457e-05,1.5216531239703457e-05
2026-03-20,Friday,-0.0009210788904070455,0.0009210788904070455,-0.0007391096807968234,0.0007391096807968234
2026-03-23,Monday,9.117293987137565e-05,9.117293987137565e-05,0.002190413896959287,0.002190413896959287
2026-03-24,Tuesday,-6.113403637464376e-05,6.113403637464376e-05,0.0005652393101025499,0.0005652393101025499
2026-03-25,Wednesday,-0.0001064007660853683,0.0001064007660853683,0.00022813341241945118,0.00022813341241945118
2026-03-26,Thursday,0.0008582629068050185,0.0008582629068050185,0.0008119268183293116,0.0008119268183293116
2026-03-27,Friday,-0.0004162607024431608,0.0004162607024431608,8.650995257686311e-05,8.650995257686311e-05
2026-03-30,Monday,-0.0004261632678830285,0.0004261632678830285,0.0005140046497651429,0.0005140046497651429
2026-03-31,Tuesday,0.0009127334044956026,0.0009127334044956026,-0.00023158512297183353,0.00023158512297183353
2026-04-01,Wednesday,-0.0012637220420529394,0.0012637220420529394,-0.00032863311551845076,0.00032863311551845076
2026-04-02,Thursday,0.0010103484171206656,0.0010103484171206656,0.00032134167801567415,0.00032134167801567415
2026-04-06,Monday,-0.0002589489718202165,0.0002589489718202165,-0.00041019096668337696,0.00041019096668337696
2026-04-07,Tuesday,-0.00013719488983299222,0.00013719488983299222,9.90657339248191e-05,9.90657339248191e-05
2026-04-08,Wednesday,0.0006214856466411067,0.0006214856466411067,-8.149355460063124e-05,8.149355460063124e-05
2026-04-09,Thursday,-0.002101272518882036,0.002101272518882036,-0.00033880328786495273,0.00033880328786495273
2026-04-10,Friday,-0.0005960703510193843,0.0005960703510193843,-9.56705400969593e-05,9.56705400969593e-05
2026-04-13,Monday,0.00035182877666195544,0.00035182877666195544,0.0002418042997200942,0.0002418042997200942
2026-04-14,Tuesday,0.0001729804532089041,0.0001729804532089041,7.955529887371249e-05,7.955529887371249e-05
2026-04-15,Wednesday,0.0007455304018695319,0.0007455304018695319,0.0007730962504830519,0.0007730962504830519
2026-04-16,Thursday,8.549692410886323e-05,8.549692410886323e-05,0.0009717062017720046,0.0009717062017720046
2026-04-17,Friday,-0.00039419408427299185,0.00039419408427299185,0.0006903255800847496,0.0006903255800847496
2026-04-20,Monday,-5.6517930313360054e-05,5.6517930313360054e-05,-2.8235825615730015e-05,2.8235825615730015e-05
2026-04-21,Tuesday,0.00024794735015132296,0.00024794735015132296,0.000872222891950658,0.000872222891950658
2026-04-22,Wednesday,0.00015493612406158874,0.00015493612406158874,0.00026076170608613225,0.00026076170608613225
2026-04-23,Thursday,0.0008349017221618293,0.0008349017221618293,0.0008045052292839916,0.0008045052292839916
2026-04-24,Friday,-9.107978589240062e-05,9.107978589240062e-05,0.0005469615584197118,0.0005469615584197118
2026-04-27,Monday,4.196684619151014e-05,4.196684619151014e-05,8.390552238179971e-05,8.390552238179971e-05
2026-04-28,Tuesday,-0.00022502250225020504,0.00022502250225020504,-0.0004076698155645042,0.0004076698155645042
2026-04-29,Wednesday,-0.0016324003321089853,0.0016324003321089853,-0.00029609576583056185,0.00029609576583056185
2026-04-30,Thursday,0.0009761811792268205,0.0009761811792268205,0.0002925198495613568,0.0002925198495613568
2026-05-01,Friday,-0.00042501971526998084,0.00042501971526998084,-0.0007754728999915805,0.0007754728999915805
2026-05-04,Monday,0.0007830662787298159,0.0007830662787298159,-0.00016732612572445404,0.00016732612572445404
2026-05-05,Tuesday,0.0002209914227704335,0.0002209914227704335,-0.00028296352531154145,0.00028296352531154145
2026-05-06,Wednesday,9.561143512781811e-05,9.561143512781811e-05,0.00020462730546766394,0.00020462730546766394
2026-05-07,Thursday,-0.00040996487967526196,0.00040996487967526196,0.0006153509551614089,0.0006153509551614089
2026-05-08,Friday,0.0005426156788801428,0.0005426156788801428,-0.0001829937782115154,0.0001829937782115154
2026-05-11,Monday,0.0005539043501756602,0.0005539043501756602,-0.00035118999378658255,0.00035118999378658255
2026-05-12,Tuesday,0.00014964764781111306,0.00014964764781111306,-9.508414947234645e-05,9.508414947234645e-05
2026-05-13,Wednesday,0.0007815342325470098,0.0007815342325470098,-0.0002689835113106609,0.0002689835113106609
2026-05-14,Thursday,-0.0011367891724175516,0.0011367891724175516,0.0003076717276435659,0.0003076717276435659
2026-05-15,Friday,0.00018843291115389071,0.00018843291115389071,-0.0011864315375074153,0.0011864315375074153
2026-05-18,Monday,-0.001600998588950353,0.001600998588950353,6.124657189321425e-05,6.124657189321425e-05
2026-05-19,Tuesday,0.0001085732122740879,0.0001085732122740879,0.00024460177472174216,0.00024460177472174216
2026-05-20,Wednesday,0.000337901765198767,0.000337901765198767,0.0003377784983717991,0.0003377784983717991
2026-05-21,Thursday,-0.0009547117039585551,0.0009547117039585551,-6.726306585058683e-05,6.726306585058683e-05
2026-05-22,Friday,-0.000347614425757925,0.000347614425757925,-4.014452027290005e-05,4.014452027290005e-05
2026-05-26,Tuesday,0.00020693430169682614,0.00020693430169682614,0.000414865802251807,0.000414865802251807
2026-05-27,Wednesday,-0.0002534313267797961,0.0002534313267797961,-2.6508238867184453e-05,2.6508238867184453e-05
2026-05-28,Thursday,0.0002782636349181189,0.0002782636349181189,-0.00032460649742960257,0.00032460649742960257
2026-05-29,Friday,0.0006090214613867495,0.0006090214613867495,0.0005553425273374657,0.0005553425273374657
2026-06-01,Monday,3.949707063410912e-05,3.949707063410912e-05,-0.00011844910636737982,0.00011844910636737982
2026-06-02,Tuesday,1.317731393624122e-05,1.317731393624122e-05,7.207275580012329e-05,7.207275580012329e-05
2026-06-03,Wednesday,-5.294016437928928e-05,5.294016437928928e-05,-0.00033069657927453644,0.00033069657927453644
2026-06-04,Thursday,0.00011878365536910351,0.00011878365536910351,0.0,0.0
2026-06-05,Friday,-0.0017188591072675452,0.0017188591072675452,-0.00035092455122143207,0.00035092455122143207
2026-06-08,Monday,0.0006611525643274163,0.0006611525643274163,-0.00020216450799892538,0.00020216450799892538
2026-06-09,Tuesday,-6.14208694464935e-05,6.14208694464935e-05,0.0007753836108390644,0.0007753836108390644
2026-06-10,Wednesday,0.001361726587198353,0.001361726587198353,-0.0007058904156530543,0.0007058904156530543
2026-06-11,Thursday,-0.0022043515532513824,0.0022043515532513824,1.3613777142484906e-05,1.3613777142484906e-05
2026-06-12,Friday,-0.000323742462870813,0.000323742462870813,0.0005531197301853474,0.0005531197301853474
2026-06-15,Monday,-0.0005428953536104064,0.0005428953536104064,0.00013249947000204543,0.00013249947000204543
2026-06-16,Tuesday,5.9832071319876334e-05,5.9832071319876334e-05,-0.00038556651687182697,0.00038556651687182697
2026-06-17,Wednesday,-0.0075517434271863415,0.0075517434271863415,-0.0006432505594939908,0.0006432505594939908
2026-06-18,Thursday,-0.0005085539878451062,0.0005085539878451062,-0.00016074801409227124,0.00016074801409227124
2026-06-22,Monday,-0.00027527493923817925,0.00027527493923817925,-0.00013433897440717768,0.00013433897440717768
2026-06-23,Tuesday,0.00028539200630572914,0.00028539200630572914,-0.00034675478317625075,0.00034675478317625075
2026-06-24,Wednesday,0.0010111223458038054,0.0010111223458038054,-0.00013889796718735692,0.00013889796718735692
2026-06-25,Thursday,-0.002058791448516728,0.002058791448516728,-0.0024598072924453263,0.0024598072924453263
2026-06-26,Friday,0.0007768948738566817,0.0007768948738566817,0.0008665038276272075,0.0008665038276272075
2026-06-29,Monday,0.0002836304700162273,0.0002836304700162273,0.0005336287430002251,0.0005336287430002251
2026-06-30,Tuesday,0.00022773245455387503,0.00022773245455387503,-0.00010712803138845928,0.00010712803138845928
2026-07-01,Wednesday,0.0006557815845824599,0.0006557815845824599,0.00012046096395534889,0.00012046096395534889
2026-07-02,Thursday,0.0009185961689137656,0.0009185961689137656,0.00029621251901801315,0.00029621251901801315
2026-07-06,Monday,0.0007731993121193881,0.0007731993121193881,-0.00026619461488297524,0.00026619461488297524
2026-07-07,Tuesday,-0.00012013134360222555,0.00012013134360222555,-0.00038718291054740117,0.00038718291054740117
2026-07-08,Wednesday,0.0012224938875304847,0.0012224938875304847,-0.00030886164341237254,0.00030886164341237254
2026-07-09,Thursday,-0.00013304506901712365,0.00013304506901712365,-0.00023953689533573463,0.00023953689533573463
2026-07-10,Friday,7.957559681681659e-05,7.957559681681659e-05,0.00011929694334722463,0.00011929694334722463
2026-07-13,Monday,0.000547206577156123,0.000547206577156123,-2.669371629915318e-05,2.669371629915318e-05
2026-07-14,Tuesday,0.00021268676556607247,0.00021268676556607247,-3.322325361965195e-05,3.322325361965195e-05
2026-07-15,Wednesday,0.00018562715460079815,0.00018562715460079815,0.00024515162959581893,0.00024515162959581893
2026-07-16,Thursday,-0.0005856281527425455,0.0005856281527425455,-0.000266339956320194,0.000266339956320194
2026-07-17,Friday,9.065513443817785e-05,9.065513443817785e-05,-3.8725813174878e-05,3.8725813174878e-05
2026-07-20,Monday,0.0004029279430528554,0.0004029279430528554,-0.001094723834085598,0.001094723834085598
2026-07-21,Tuesday,-0.0003606780747805738,0.0003606780747805738,-0.00033412632648155416,0.00033412632648155416
2026-07-22,Wednesday,-0.00018035710707198227,0.00018035710707198227,-0.00038744672607515795,0.00038744672607515795
2026-07-23,Thursday,-0.00024418036789830566,0.00024418036789830566,0.00025087637219223247,0.00025087637219223247
2026-07-24,Friday,-0.00013495458778123304,0.00013495458778123304,-0.0011855760773965551,0.0011855760773965551
2026-07-27,Monday,-0.00031172069825435855,0.00031172069825435855,-0.0009964210183829314,0.0009964210183829314
2026-07-28,Tuesday,4.0474905558474106e-05,4.0474905558474106e-05,0.0004658447994165815,0.0004658447994165815
2026-07-29,Wednesday,0.0024036829311351315,0.0024036829311351315,-0.0006102853423023413,0.0006102853423023413
2026-07-30,Thursday,-3.37936021952423e-05,3.37936021952423e-05,-0.00010804970286326654,0.00010804970286326654
2026-07-31,Friday,0.00026829791800797587,0.00026829791800797587,6.702053509211048e-05,6.702053509211048e-05
2026-08-03,Monday,0.0006533402846979897,0.0006533402846979897,-9.239948256301034e-05,9.239948256301034e-05
2026-08-04,Tuesday,-0.0003109244786604348,0.0003109244786604348,-0.00027175746028618164,0.00027175746028618164
2026-08-05,Wednesday,0.0007259318782726343,0.0007259318782726343,-0.0007384089230888513,0.0007384089230888513
2026-08-06,Thursday,0.00031835035451766025,0.00031835035451766025,-0.0004093939669624902,0.0004093939669624902
2026-08-07,Friday,-3.2376499841335615e-05,3.2376499841335615e-05,-0.00011017855406858512,0.00011017855406858512
2026-08-10,Monday,1.2941130796084721e-05,1.2941130796084721e-05,3.2361621705501165e-05,3.2361621705501165e-05
2026-08-11,Tuesday,-0.00020098026503456712,0.00020098026503456712,0.0006237654641854107,0.0006237654641854107
2026-08-12,Wednesday,0.00012939791151778124,0.00012939791151778124,0.00032984516679812614,0.00032984516679812614
2026-08-13,Thursday,0.00020598648213709936,0.00020598648213709936,0.0003177647073964174,0.0003177647073964174
2026-08-14,Friday,0.0002384527637964151,0.0002384527637964151,-3.866328148149911e-05,3.866328148149911e-05
2026-08-17,Monday,3.878875643259505e-05,3.878875643259505e-05,-0.0004136611598025697,0.0004136611598025697
2026-08-18,Tuesday,1.954091868361374e-05,1.954091868361374e-05,-7.808890421756587e-05,7.808890421756587e-05
2026-08-19,Wednesday,0.0007796966979844999,0.0007796966979844999,0.0004417994230618838,0.0004417994230618838
2026-08-20,Thursday,-0.0005885815185402432,0.0005885815185402432,-0.00032086331877445584,0.00032086331877445584
2026-08-21,Friday,0.0003004807692306155,0.0003004807692306155,-0.00012413919270326534,0.00012413919270326534
2026-08-24,Monday,0.0003275209285873437,0.0003275209285873437,-0.00016997907949789504,0.00016997907949789504
2026-08-25,Tuesday,-0.00026142765643166754,0.00026142765643166754,0.0005098239146632544,0.0005098239146632544
2026-08-26,Wednesday,-0.0002089673096764555,0.0002089673096764555,0.00018286072543460818,0.00018286072543460818
