date,weekday,r_impulse,abs_r_impulse,r_continuation
2015-12-31,Thursday,,,
2016-01-04,Monday,-0.0006002701215547246,0.0006002701215547246,-0.00025026277591466695
2016-01-05,Tuesday,-0.000269264322179108,0.000269264322179108,-0.0002042428850426159
2016-01-06,Wednesday,0.0001504553917375251,0.0001504553917375251,0.0009559267458241205
2016-01-07,Thursday,0.00030851501439732587,0.00030851501439732587,-0.0010795250089961073
2016-01-08,Friday,0.000691113517974129,0.000691113517974129,0.0009534853755959194
2016-01-11,Monday,0.0005258176464402187,0.0005258176464402187,0.0007620148724283293
2016-01-12,Tuesday,0.0002605931099179948,0.0002605931099179948,-0.0026052521884117885
2016-01-13,Wednesday,-0.00010507512871704705,0.00010507512871704705,0.0
2016-01-14,Thursday,-0.0003641281731170398,0.0003641281731170398,-0.000910699417152272
2016-01-15,Friday,0.00010686044026497754,0.00010686044026497754,-0.0010150657121487106
2016-01-19,Tuesday,-0.00015971039182283153,0.00015971039182283153,-0.000372717107715248
2016-01-20,Wednesday,-0.00027157677475431186,0.00027157677475431186,-0.0023363216517251484
2016-01-21,Thursday,0.0001334757074211712,0.0001334757074211712,-0.0005338173277106284
2016-01-22,Friday,-0.000554621848739556,0.000554621848739556,3.6784025223113304e-05
2016-01-25,Monday,-0.0003172085646312439,0.0003172085646312439,0.0001322086781776477
2016-01-26,Tuesday,-0.00027096706303275653,0.00027096706303275653,-0.0009473185621807767
2016-01-27,Wednesday,0.0006807708420610847,0.0006807708420610847,-0.0015709874928043766
2016-01-28,Thursday,0.0005034446210916421,0.0005034446210916421,0.00314625309858263
2016-01-29,Friday,-0.00036357970186462474,0.00036357970186462474,-0.0003896913644394484
2016-02-01,Monday,-0.00015526343028671175,0.00015526343028671175,0.000258799171842794
2016-02-02,Tuesday,0.0005523844595838323,0.0005523844595838323,-0.0003154574132492316
2016-02-03,Wednesday,0.001197435965635485,0.001197435965635485,0.0007704160246531089
2016-02-04,Thursday,-0.0011251831693531722,0.0011251831693531722,-0.0008907052289637285
2016-02-05,Friday,0.0008502497608673387,0.0008502497608673387,-0.0007699046911089358
2016-02-08,Monday,0.0009013438216978198,0.0009013438216978198,0.0017464389019266058
2016-02-09,Tuesday,0.00024406117800213067,0.00024406117800213067,0.000298224210383502
2016-02-10,Wednesday,0.00010653675250282824,0.00010653675250282824,0.0002676659528906278
2016-02-11,Thursday,-8.241984669921099e-05,8.241984669921099e-05,-0.00020331904604886653
2016-02-12,Friday,0.00010783996549101893,0.00010783996549101893,0.00013909165601000417
2016-02-16,Tuesday,0.00047505938242276,0.00047505938242276,0.00031655587211143477
2016-02-17,Wednesday,-0.00041539020717595854,0.00041539020717595854,0.0013973300088307994
2016-02-18,Thursday,0.00036450739429305656,0.00036450739429305656,0.00020821404403714716
2016-02-19,Friday,-0.00010426985037281788,0.00010426985037281788,5.2143080613076265e-05
2016-02-22,Monday,1.2830546966213774e-05,1.2830546966213774e-05,-0.0003079449804967993
2016-02-23,Tuesday,0.0,0.0,0.0
2016-02-24,Wednesday,0.00026197448232578857,0.00026197448232578857,-0.000522739153162699
2016-02-25,Thursday,-0.00041103632533512346,0.00041103632533512346,-5.140066820874534e-05
2016-02-26,Friday,0.00030692107013141623,0.00030692107013141623,0.00020455649594741665
2016-02-29,Monday,-0.00030278232405889227,0.00030278232405889227,-0.0001018111122480514
2016-03-01,Tuesday,-0.0002532158411830965,0.0002532158411830965,0.00035457400466021305
2016-03-02,Wednesday,0.0003737279361633039,0.0003737279361633039,0.0004841622402929069
2016-03-03,Thursday,0.0002008435428799693,0.0002008435428799693,-0.0002510040160641491
2016-03-04,Friday,-0.0003975550365252767,0.0003975550365252767,-2.4857071836970057e-05
2016-03-07,Monday,0.0,0.0,-0.0007989819343248161
2016-03-08,Tuesday,-0.000563457878393181,0.000563457878393181,0.0008769731896767219
2016-03-09,Wednesday,-0.00015045135406221988,0.00015045135406221988,0.00010031096398832595
2016-03-10,Thursday,0.00015146160448331614,0.00015146160448331614,0.00045482079757697136
2016-03-11,Friday,0.00019779459031799007,0.00019779459031799007,6.82269207608055e-05
2016-03-14,Monday,-0.0003949057162603298,0.0003949057162603298,-0.0001481481481481195
2016-03-15,Tuesday,0.0001604773905188317,0.0001604773905188317,-0.0004704950102766281
2016-03-16,Wednesday,0.003171928433364668,0.003171928433364668,0.001975991700834845
2016-03-17,Thursday,-0.00014544389672499491,0.00014544389672499491,0.0
2016-03-18,Friday,0.00012247097437900756,0.00012247097437900756,0.0
2016-03-21,Monday,3.6642116448604156e-05,3.6642116448604156e-05,-0.00014705163906392205
2016-03-22,Tuesday,0.00014144961467166262,0.00014144961467166262,0.00021945866861727836
2016-03-23,Wednesday,-4.4156825418584233e-05,4.4156825418584233e-05,0.0006869479882236629
2016-03-24,Thursday,4.937296336526842e-05,4.937296336526842e-05,-0.00059247556038311
2016-03-28,Monday,-4.911832604737043e-05,4.911832604737043e-05,0.0009337393781621017
2016-03-29,Tuesday,-0.00014683569086193504,0.00014683569086193504,0.0016154298022323932
2016-03-30,Wednesday,0.0001941936110303466,0.0001941936110303466,0.0004853662088044608
2016-03-31,Thursday,-0.00026722378777577216,0.00026722378777577216,-0.00019440124416791882
2016-04-01,Friday,-0.00019387359441636054,0.00019387359441636054,0.0006685088229589908
2016-04-04,Monday,-0.0002908808842778665,0.0002908808842778665,-4.849425343100844e-05
2016-04-05,Tuesday,0.00014667057788209092,0.00014667057788209092,-0.00012220755731540134
2016-04-06,Wednesday,-0.000826607021297221,0.000826607021297221,0.00026765292714969746
2016-04-07,Thursday,-0.0004170141784820558,0.0004170141784820558,-0.000539877300613556
2016-04-08,Friday,-0.00019572432643499837,0.00019572432643499837,-0.0006834602616677676
2016-04-11,Monday,0.00034136350336488874,0.00034136350336488874,-0.0010724906157071334
2016-04-12,Tuesday,-0.00019449576971697358,0.00019449576971697358,0.00033654313782705003
2016-04-13,Wednesday,-0.0002408013870158765,0.0002408013870158765,-0.000337186897880537
2016-04-14,Thursday,-4.805843906197094e-05,4.805843906197094e-05,-0.00014418917619918314
2016-04-15,Friday,0.00014453651956070068,0.00014453651956070068,0.00014451563177408921
2016-04-18,Monday,-0.00023929169657799232,0.00023929169657799232,-0.0003350885591191233
2016-04-19,Tuesday,9.538344143456001e-05,9.538344143456001e-05,-0.0001669011230062134
2016-04-20,Wednesday,-0.00014247043738424559,0.00014247043738424559,9.499382540134604e-05
2016-04-21,Thursday,-0.00033625053391128645,0.00033625053391128645,-0.00011961722488040838
2016-04-22,Friday,-4.7917964444810224e-05,4.7917964444810224e-05,0.000790684301322564
2016-04-25,Monday,0.0001440714594438397,0.0001440714594438397,0.00014405762304914305
2016-04-26,Tuesday,9.585430146175078e-05,9.585430146175078e-05,0.00014328844587163658
2016-04-27,Wednesday,-0.001414596720053618,0.001414596720053618,0.0008168071149132761
2016-04-28,Thursday,-0.00019115890083631903,0.00019115890083631903,-5.066909495921035e-05
2016-04-29,Friday,0.00048697345994641594,0.00048697345994641594,0.00041374610591904393
2016-05-02,Monday,0.00014452259369890363,0.00014452259369890363,4.816723664569089e-05
2016-05-03,Tuesday,0.0001937608990505435,0.0001937608990505435,-0.0001675700597827401
2016-05-04,Wednesday,-0.000561866373519071,0.000561866373519071,5.866306866519899e-05
2016-05-05,Thursday,-0.0005374242720345146,0.0005374242720345146,0.0009942777701192895
2016-05-06,Friday,0.0,0.0,0.000876594915749429
2016-05-09,Monday,0.0002914319020788092,0.0002914319020788092,-0.0004612994075944288
2016-05-10,Tuesday,-0.00014422383539258732,0.00014422383539258732,4.808385824883743e-05
2016-05-11,Wednesday,-5.4056662966317504e-05,5.4056662966317504e-05,-0.00019307814838054327
2016-05-12,Thursday,4.84730974248393e-07,4.84730974248393e-07,0.00029082448742179245
2016-05-13,Friday,-0.00018281312842005626,0.00018281312842005626,0.0008289448020284418
2016-05-16,Monday,-2.4194914229003217e-05,2.4194914229003217e-05,0.0011613277847672965
2016-05-17,Tuesday,0.00014615609470913782,0.00014615609470913782,-0.000146127618119829
2016-05-18,Wednesday,-0.002719502719502609,0.002719502719502609,-0.001996396747334095
2016-05-19,Thursday,0.0002946231279155054,0.0002946231279155054,-0.00041727007191771914
2016-05-20,Friday,-4.868312156169896e-05,4.868312156169896e-05,0.0002434393105799071
2016-05-23,Monday,9.730939522212267e-05,9.730939522212267e-05,-4.1352468985622615e-05
2016-05-24,Tuesday,-7.223345853790697e-05,7.223345853790697e-05,-6.3570586467665e-05
2016-05-25,Wednesday,-0.0001431161148744975,0.0001431161148744975,-0.00047714476572202624
2016-05-26,Thursday,7.16537689882113e-05,7.16537689882113e-05,9.171209281277903e-05
2016-05-27,Friday,-0.00028616397195579957,0.00028616397195579957,-4.770764753603274e-05
2016-05-31,Tuesday,-0.0010010487177043448,0.0010010487177043448,-0.000763944856637444
2016-06-01,Wednesday,-0.00023814626943874373,0.00023814626943874373,-0.00019057601600835916
2016-06-02,Thursday,0.000285184657065507,0.000285184657065507,0.0005702066999286881
2016-06-03,Friday,-9.279969542663746e-05,9.279969542663746e-05,0.0
2016-06-06,Monday,9.413875105801495e-05,9.413875105801495e-05,0.00021285653469571564
2016-06-07,Tuesday,9.429069822264324e-05,9.429069822264324e-05,4.761231320404846e-05
2016-06-08,Wednesday,-2.3569341001228317e-05,2.3569341001228317e-05,-4.713979305626115e-05
2016-06-09,Thursday,-0.00014169658038920563,0.00014169658038920563,-0.00011809721762956471
2016-06-10,Friday,-2.383676582762284e-05,2.383676582762284e-05,-0.00033373063170438755
2016-06-13,Monday,-4.7826294896857746e-05,4.7826294896857746e-05,-0.0001965660720264495
2016-06-14,Tuesday,-9.651578033009756e-05,9.651578033009756e-05,0.0001447876447877583
2016-06-15,Wednesday,0.001532493654518463,0.001532493654518463,-0.0006694720734506943
2016-06-16,Thursday,-0.0001448645516441971,0.0001448645516441971,0.001666223950158141
2016-06-17,Friday,9.100757976954199e-05,9.100757976954199e-05,-0.00028556355241060594
2016-06-20,Monday,-0.0002154811214596375,0.0002154811214596375,-9.579002825799154e-05
2016-06-21,Tuesday,-0.00016803091768879952,0.00016803091768879952,-7.202189465604913e-05
2016-06-22,Wednesday,-0.0002396587259740901,0.0002396587259740901,0.0003116384993406829
2016-06-23,Thursday,-4.763265694951446e-05,4.763265694951446e-05,4.763719512212994e-05
2016-06-24,Friday,0.0007086652656271841,0.0007086652656271841,0.00012210012210012167
2016-06-27,Monday,0.0006518251103089234,0.0006518251103089234,-0.00025606192790084137
2016-06-28,Tuesday,-0.00014877262583690154,0.00014877262583690154,-7.440107137546281e-05
2016-06-29,Wednesday,-4.848484848485324e-05,4.848484848485324e-05,0.000654561322698699
2016-06-30,Thursday,0.00019205900665730802,0.00019205900665730802,0.0002858647768626543
2016-07-01,Friday,0.0001429796968830388,0.0001429796968830388,0.0
2016-07-05,Tuesday,-2.4053494972808842e-05,2.4053494972808842e-05,0.0007177880581619167
2016-07-06,Wednesday,-0.0004783087004351927,0.0004783087004351927,0.000693879504235051
2016-07-07,Thursday,-0.00019118631106007644,0.00019118631106007644,0.0006458555530430843
2016-07-08,Friday,-2.354048964214872e-05,2.354048964214872e-05,-0.00014124626285927366
2016-07-11,Monday,0.00018712574850310304,0.00018712574850310304,-0.0003274241077693141
2016-07-12,Tuesday,9.303190994525146e-05,9.303190994525146e-05,6.976744186037998e-05
2016-07-13,Wednesday,-0.00013972985561250262,0.00013972985561250262,-0.00029859784785946086
2016-07-14,Thursday,0.00027847293043881116,0.00027847293043881116,2.0845493204468823e-05
2016-07-15,Friday,0.00015066873739599806,0.00015066873739599806,9.270418095841393e-05
2016-07-18,Monday,-0.00013860654222874746,0.00013860654222874746,3.234600988855085e-05
2016-07-19,Tuesday,0.00012100139082060757,0.00012100139082060757,0.0003991120336681586
2016-07-20,Wednesday,4.78788297308963e-05,4.78788297308963e-05,4.603415734494298e-05
2016-07-21,Thursday,-9.297807382746548e-05,9.297807382746548e-05,0.00011565507031829902
2016-07-22,Friday,-9.168394379177602e-05,9.168394379177602e-05,-0.00016126802746163627
2016-07-25,Monday,0.0001386834319525576,0.0001386834319525576,0.00027271886844770776
2016-07-26,Tuesday,0.00016188339770129012,0.00016188339770129012,0.0
2016-07-27,Wednesday,-0.0013873473917869195,0.0013873473917869195,0.00048626869818924057
2016-07-28,Thursday,9.232331625352863e-05,9.232331625352863e-05,-0.0002769443803369853
2016-07-29,Friday,-4.601932811787446e-05,4.601932811787446e-05,-9.204712812960203e-05
2016-08-01,Monday,0.00032635751820775383,0.00032635751820775383,-0.00027647221454241144
2016-08-02,Tuesday,-6.98177756055518e-05,6.98177756055518e-05,-0.00018619373458095279
2016-08-03,Wednesday,4.123021702384655e-05,4.123021702384655e-05,-0.00012229582619172064
2016-08-04,Thursday,-9.243852837870215e-05,9.243852837870215e-05,0.00032354980355897567
2016-08-05,Friday,0.0,0.0,-2.246573860253953e-05
2016-08-08,Monday,0.00011464997363064278,0.00011464997363064278,-0.00029163609684523806
2016-08-09,Tuesday,0.0001650467632496877,0.0001650467632496877,-0.00029796011918403753
2016-08-10,Wednesday,7.812787234717788e-06,7.812787234717788e-06,0.0003217059607518724
2016-08-11,Thursday,0.0,0.0,0.0003657811714141701
2016-08-12,Friday,0.0,0.0,-0.00018337688534353358
2016-08-15,Monday,3.647139275142486e-05,3.647139275142486e-05,-0.00010941168425615544
2016-08-16,Tuesday,9.16338312104692e-05,9.16338312104692e-05,0.00023134362545240705
2016-08-17,Wednesday,-0.0013776634827331602,0.0013776634827331602,0.0023223195603687685
2016-08-18,Thursday,2.2872827081465985e-05,2.2872827081465985e-05,2.2872303927279347e-05
2016-08-19,Friday,9.160864785640044e-05,9.160864785640044e-05,4.5800128240403026e-05
2016-08-22,Monday,6.866874198863115e-05,6.866874198863115e-05,0.0005223022129408061
2016-08-23,Tuesday,-0.0003193430656933671,0.0003193430656933671,-0.0001551526656597968
2016-08-24,Wednesday,-2.2883295194509046e-05,2.2883295194509046e-05,-0.0008467012975125199
2016-08-25,Thursday,2.298216583929147e-05,2.298216583929147e-05,0.00016087516087504028
2016-08-26,Friday,-9.227220299889982e-05,9.227220299889982e-05,0.0
2016-08-29,Monday,0.00013723068478088685,0.00013723068478088685,-0.00011434582752067879
2016-08-30,Tuesday,-0.00013777900248002073,0.00013777900248002073,-0.00045932662716452466
2016-08-31,Wednesday,-9.220839096357736e-05,9.220839096357736e-05,0.0005072163046986322
2016-09-01,Thursday,-0.0006448641179179759,0.0006448641179179759,-0.00032264011799421066
2016-09-02,Friday,0.0001377094330961004,0.0001377094330961004,-2.2948411969925253e-05
2016-09-06,Tuesday,0.0001006091426272171,0.0001006091426272171,-0.00013718048378985603
2016-09-07,Wednesday,-6.858083394289949e-05,6.858083394289949e-05,6.858553759614416e-05
2016-09-08,Thursday,9.154994049254128e-05,9.154994049254128e-05,-0.00026547659915321375
2016-09-09,Friday,-0.0002203997949770109,0.0002203997949770109,-0.0011245941231219359
2016-09-12,Monday,-4.640371229691631e-05,4.640371229691631e-05,0.001717096714312305
2016-09-13,Tuesday,-0.0006542845082313509,0.0006542845082313509,0.0003754458419371609
2016-09-14,Wednesday,0.0,0.0,-0.0007497656982192735
2016-09-15,Thursday,-0.00023218017181325656,0.00023218017181325656,0.00013934045517882687
2016-09-16,Friday,-0.00042297208384245444,0.00042297208384245444,0.000352625887441782
2016-09-19,Monday,0.0001873273076382631,0.0001873273076382631,0.00039426858962365863
2016-09-20,Tuesday,-2.3377594912998845e-05,2.3377594912998845e-05,0.0002800635870581214
2016-09-21,Wednesday,0.0011688797456517186,0.0011688797456517186,0.0007005417522885082
2016-09-22,Thursday,-0.00013807704699220213,0.00013807704699220213,0.0001841196777905285
2016-09-23,Friday,0.00020839121978344366,0.00020839121978344366,0.00016204829039057067
2016-09-26,Monday,-2.3332866675995767e-05,2.3332866675995767e-05,0.00023379543319590468
2016-09-27,Tuesday,4.641017310991202e-05,4.641017310991202e-05,9.281603861155396e-05
2016-09-28,Wednesday,6.958780821597621e-05,6.958780821597621e-05,-0.00027833186435965995
2016-09-29,Thursday,-9.332711152598705e-05,9.332711152598705e-05,0.0007466865783087862
2016-09-30,Friday,-0.00011630053535172102,0.00011630053535172102,0.00018462958689124953
2016-10-03,Monday,0.00018558901313037168,0.00018558901313037168,0.0005566379070414129
2016-10-04,Tuesday,-0.00013987970345508138,0.00013987970345508138,0.0007927625443016062
2016-10-05,Wednesday,-6.945087508092307e-05,6.945087508092307e-05,-0.00023106130764960486
2016-10-06,Thursday,0.00022799859864286454,0.00022799859864286454,4.633061527048454e-05
2016-10-07,Friday,0.00023235280449829254,0.00023235280449829254,-0.00046413306076942273
2016-10-10,Monday,0.00020807805238942656,0.00020807805238942656,-0.00032360963432109813
2016-10-11,Tuesday,0.00014085168317756747,0.00014085168317756747,0.000323913247582297
2016-10-12,Wednesday,-2.336394009483378e-05,2.336394009483378e-05,-0.0007943182880105759
2016-10-13,Thursday,-0.00021105456933145916,0.00021105456933145916,0.000703663742552818
2016-10-14,Friday,-8.43020260586913e-05,8.43020260586913e-05,-0.00023420300716670006
2016-10-17,Monday,0.00022476145600180963,0.00022476145600180963,0.000376860749953023
2016-10-18,Tuesday,-9.345576037933512e-05,9.345576037933512e-05,0.00033179275570227595
2016-10-19,Wednesday,0.00016315875346717412,0.00016315875346717412,0.00017339423883666605
2016-10-20,Thursday,0.0001169289773392812,0.0001169289773392812,0.0003741289809660042
2016-10-21,Friday,-5.84644886696406e-05,5.84644886696406e-05,-0.0002797009164647868
2016-10-24,Monday,-0.00013920573583503515,0.00013920573583503515,0.0002095362264855627
2016-10-25,Tuesday,-9.327488107446769e-05,9.327488107446769e-05,0.00013992537313423092
2016-10-26,Wednesday,0.00014057448104587422,0.00014057448104587422,-0.0007496603101719845
2016-10-27,Thursday,-0.0001169864295740286,0.0001169864295740286,0.0004212102775307258
2016-10-28,Friday,0.0007551800632463745,0.0007551800632463745,-4.716091303524905e-05
2016-10-31,Monday,0.00030561628699721233,0.00030561628699721233,-7.050528789653843e-05
2016-11-01,Tuesday,0.0,0.0,9.130682899005649e-05
2016-11-02,Wednesday,0.0010472425945329267,0.0010472425945329267,-0.0015698587127158659
2016-11-03,Thursday,-0.0002390285878192122,0.0002390285878192122,0.0010041600918089255
2016-11-04,Friday,-0.0002145769258279362,0.0002145769258279362,-9.539254030344058e-05
2016-11-07,Monday,-4.6972614965445914e-05,4.6972614965445914e-05,-2.3487410747868864e-05
2016-11-08,Tuesday,-9.330969487730822e-05,9.330969487730822e-05,-0.00018662809686009751
2016-11-09,Wednesday,-0.00011582922139596885,0.00011582922139596885,0.0003475359699729452
2016-11-10,Thursday,-6.892273761105461e-05,6.892273761105461e-05,0.0001837981895878027
2016-11-11,Friday,-6.9412309116057e-05,6.9412309116057e-05,-2.313743637205601e-05
2016-11-14,Monday,-9.245562130166807e-05,9.245562130166807e-05,-0.00023116042533521952
2016-11-15,Tuesday,0.0005519779208831288,0.0005519779208831288,-0.0008238353212038918
2016-11-16,Wednesday,6.843809567547154e-05,6.843809567547154e-05,0.00027558331802324254
2016-11-17,Thursday,2.286132321338563e-05,2.286132321338563e-05,-0.0003657811714142811
2016-11-18,Friday,0.00018299935950216728,0.00018299935950216728,-0.0002744488152959246
2016-11-21,Monday,-8.77631758445796e-05,8.77631758445796e-05,-4.547728409654006e-05
2016-11-22,Tuesday,-0.00011356409557539138,0.00011356409557539138,-0.0002498637107032353
2016-11-23,Wednesday,9.076057360668521e-05,9.076057360668521e-05,0.00045376168436339626
2016-11-25,Friday,4.5134500812338274e-05,4.5134500812338274e-05,
2016-11-28,Monday,0.00011307868014576172,0.00011307868014576172,9.045271584273706e-05
2016-11-29,Tuesday,9.036688957175798e-05,9.036688957175798e-05,-4.517936206738238e-05
2016-11-30,Wednesday,-0.00024864938176727414,0.00024864938176727414,-0.0006556932260105564
2016-12-01,Thursday,0.00045599635202919764,0.00045599635202919764,0.0005930078855007626
2016-12-02,Friday,0.0,0.0,-0.00018230709630373543
2016-12-05,Monday,-0.000226449275362417,0.000226449275362417,-0.00040770101925258206
2016-12-06,Tuesday,9.033423667559326e-05,9.033423667559326e-05,-4.516507836616057e-07
2016-12-07,Wednesday,-8.931362479347449e-05,8.931362479347449e-05,-0.0008932160242953735
2016-12-08,Thursday,-8.863676653070307e-05,8.863676653070307e-05,-0.0001772892474071197
2016-12-09,Friday,8.852691218130815e-05,8.852691218130815e-05,0.00022129768965206686
2016-12-12,Monday,0.00011064639624680517,0.00011064639624680517,6.638049298590687e-05
2016-12-13,Tuesday,0.0,0.0,-0.0003069502302127658
2016-12-14,Wednesday,-0.0013988580016477403,0.0013988580016477403,0.0024174761548942936
2016-12-15,Thursday,-0.00033466522439795643,0.00033466522439795643,0.001082083784201604
2016-12-16,Friday,6.668000266718543e-05,6.668000266718543e-05,-0.0002667022269635666
2016-12-19,Monday,8.857788210292483e-05,8.857788210292483e-05,-0.00017714007351310457
2016-12-20,Tuesday,2.2091636106447154e-05,2.2091636106447154e-05,-0.00035345056110280826
2016-12-21,Wednesday,7.431326580276121e-05,7.431326580276121e-05,0.0001769285208774729
2016-12-22,Thursday,4.4355732978562656e-05,4.4355732978562656e-05,0.00024395653138165052
2016-12-23,Friday,-8.871933637943918e-05,8.871933637943918e-05,8.87252401127192e-05
2016-12-27,Tuesday,-8.833532087815232e-05,8.833532087815232e-05,-0.00013251468704433833
2016-12-28,Wednesday,0.000311651306709404,0.000311651306709404,0.00011127431343749272
2016-12-29,Thursday,0.0005353080251595532,0.0005353080251595532,0.0003789820986690451
2016-12-30,Friday,6.71351206193993e-05,6.71351206193993e-05,-0.00024614558392443975
2017-01-03,Tuesday,0.0002008838891121023,0.0002008838891121023,0.0003793626707131459
2017-01-04,Wednesday,-2.2089196174079895e-05,2.2089196174079895e-05,-0.00013253810470514882
2017-01-05,Thursday,0.0001990974250065669,0.0001990974250065669,0.0003981243917543509
2017-01-06,Friday,0.00017580872011246917,0.00017580872011246917,0.0001757855416391063
2017-01-09,Monday,0.00011024385941693637,0.00011024385941693637,2.2046341409787118e-05
2017-01-10,Tuesday,-8.825735845729987e-05,8.825735845729987e-05,-0.0003089280197713373
2017-01-11,Wednesday,8.836264027567431e-05,8.836264027567431e-05,-0.00026506449902807816
2017-01-12,Thursday,0.0,0.0,0.0001767877662866013
2017-01-13,Friday,-0.0001321585903083511,0.0001321585903083511,0.00013174121794978788
2017-01-17,Tuesday,0.0,0.0,8.82651485061281e-05
2017-01-18,Wednesday,6.627783669155285e-05,6.627783669155285e-05,4.418132013772613e-05
2017-01-19,Thursday,-0.0001326787846623878,0.0001326787846623878,0.0003945506015567979
2017-01-20,Friday,0.0,0.0,4.416375921922899e-05
2017-01-23,Monday,0.0003099127816885705,0.0003099127816885705,-0.00017704598769541224
2017-01-24,Tuesday,-4.392129304298109e-05,4.392129304298109e-05,0.0003074625554531085
2017-01-25,Wednesday,0.00010899895361005107,0.00010899895361005107,-0.00026810235842888996
2017-01-26,Thursday,0.00010902034319615339,0.00010902034319615339,-0.0003488270689806505
2017-01-27,Friday,-8.737058232499706e-05,8.737058232499706e-05,0.0002621346498317134
2017-01-30,Monday,0.00011020012342410901,0.00011020012342410901,0.0002644511536682437
2017-01-31,Tuesday,2.5605933512862222e-05,2.5605933512862222e-05,-0.00015319073792019466
2017-02-01,Wednesday,0.0013861386138613874,0.0013861386138613874,-0.0018016434503669299
2017-02-02,Thursday,-0.00039511809640879747,0.00039511809640879747,0.00013175809214294176
2017-02-03,Friday,8.725622791327936e-05,8.725622791327936e-05,0.00021811202233457117
2017-02-06,Monday,-0.00021896853146863293,0.00021896853146863293,-6.557663723005813e-05
2017-02-07,Tuesday,0.0003493449781659663,0.0003493449781659663,-0.0002182738900772252
2017-02-08,Wednesday,8.725622791327936e-05,8.725622791327936e-05,-0.00021812153732048145
2017-02-09,Thursday,8.667764583503157e-05,8.667764583503157e-05,-0.00019500357506552213
2017-02-10,Friday,2.1589878664851625e-05,2.1589878664851625e-05,-0.00010837885101144806
2017-02-13,Monday,-0.00010776458889960594,0.00010776458889960594,2.7480360130116566e-05
2017-02-14,Tuesday,-0.0001285016705216968,0.0001285016705216968,0.0002141969755387052
2017-02-15,Wednesday,0.00029501945764165427,0.00029501945764165427,0.00029835478646322855
2017-02-16,Thursday,2.1336064349508632e-05,2.1336064349508632e-05,4.2671218263290456e-05
2017-02-17,Friday,-2.1332878231916652e-05,2.1332878231916652e-05,6.399999999984196e-05
2017-02-21,Tuesday,-6.353912951384544e-05,6.353912951384544e-05,0.000360085573277269
2017-02-22,Wednesday,0.0,0.0,-0.0002114790847185244
2017-02-23,Thursday,4.1871070093346674e-05,4.1871070093346674e-05,-8.458805616651244e-05
2017-02-24,Friday,0.0,0.0,-0.0002329718739411124
2017-02-27,Monday,4.2190532445474105e-07,4.2190532445474105e-07,-0.0003164156435894183
2017-02-28,Tuesday,5.282731806266483e-05,5.282731806266483e-05,-0.00045005070993908713
2017-03-01,Wednesday,-0.00033347228011681995,0.00033347228011681995,0.0001250886044281696
2017-03-02,Thursday,0.0,0.0,5.526712443471027e-05
2017-03-03,Friday,0.00012590758383357326,0.00012590758383357326,-0.0001049075764252283
2017-03-06,Monday,0.0,0.0,-0.00016822272689032136
2017-03-07,Tuesday,-0.00012521886951388783,0.00012521886951388783,0.00025299375948728553
2017-03-08,Wednesday,-0.0001264115961571166,0.0001264115961571166,0.0002950225481519464
2017-03-09,Thursday,6.343433489086614e-05,6.343433489086614e-05,-0.0014715334393289314
2017-03-10,Friday,8.434903631115986e-07,8.434903631115986e-07,-0.0001686909581646301
2017-03-13,Monday,-2.105484787873202e-05,2.105484787873202e-05,2.1056177882616822e-05
2017-03-14,Tuesday,8.449514152930604e-05,8.449514152930604e-05,0.0001056077727321636
2017-03-15,Wednesday,0.0021866195702451297,0.0021866195702451297,0.0007787194763781979
2017-03-16,Thursday,-2.0956891673806766e-05,2.0956891673806766e-05,8.382932349726424e-05
2017-03-17,Friday,0.00012664619009550293,0.00012664619009550293,7.992932564881983e-05
2017-03-20,Monday,-0.0001153469301872212,0.0001153469301872212,-8.451299387279843e-05
2017-03-21,Tuesday,0.0008763867216725618,0.0008763867216725618,-0.0009610866686601272
2017-03-22,Wednesday,0.00014979349896204752,0.00014979349896204752,0.0009414181180196213
2017-03-23,Thursday,-0.0001704303365999138,0.0001704303365999138,0.0003626525026219074
2017-03-24,Friday,0.00021369347807520533,0.00021369347807520533,8.545547769611694e-05
2017-03-27,Monday,0.00025719062111528856,0.00025719062111528856,0.00021427040925647844
2017-03-28,Tuesday,-0.00023271615423814396,0.00023271615423814396,-8.495454931600754e-05
2017-03-29,Wednesday,-0.0004669128570822245,0.0004669128570822245,0.00031849838627495686
2017-03-30,Thursday,0.00012657686623618325,0.00012657686623618325,0.0
2017-03-31,Friday,-0.00023288802320398094,0.00023288802320398094,-2.117701869930322e-05
2017-04-03,Monday,0.00017635031521567868,0.00017635031521567868,-0.00021550255536628704
2017-04-04,Tuesday,0.00014876208691960713,0.00014876208691960713,0.0
2017-04-05,Wednesday,-0.001180239419996676,0.001180239419996676,0.0003376097231599928
2017-04-06,Thursday,0.00029705071079999534,0.00029705071079999534,-0.00016969645546527357
2017-04-07,Friday,0.0006151887993213201,0.0006151887993213201,-8.479966080132684e-05
2017-04-10,Monday,-0.0003180796471435876,0.0003180796471435876,-0.0012409184918068528
2017-04-11,Tuesday,0.00034097689881495974,0.00034097689881495974,-0.0003408751970683799
2017-04-12,Wednesday,-0.0003375826693923223,0.0003375826693923223,-0.0004690231526883748
2017-04-13,Thursday,0.00047188022821842424,0.00047188022821842424,0.00015007611002726406
2017-04-17,Monday,-4.27587976226107e-05,4.27587976226107e-05,0.00024159753698804742
2017-04-18,Tuesday,0.0002994011976047428,0.0002994011976047428,0.0002993115833582749
2017-04-19,Wednesday,2.2639897479637128e-05,2.2639897479637128e-05,-0.00029944468175990835
2017-04-20,Thursday,-0.00012725884448971936,0.00012725884448971936,-4.242501378826091e-05
2017-04-21,Friday,4.259125175698486e-05,4.259125175698486e-05,-0.0003194207836457741
2017-04-24,Monday,0.00016871941960516779,0.00016871941960516779,-0.0003487792935594758
2017-04-25,Tuesday,-0.0002355011733153889,0.0002355011733153889,0.00035625969235941746
2017-04-26,Wednesday,-0.0004602510460252063,0.0004602510460252063,0.0003558122985474199
2017-04-27,Thursday,-4.231607172777707e-05,4.231607172777707e-05,-6.284960090496838e-05
2017-04-28,Friday,-0.0002099958000839619,0.0002099958000839619,0.0005881364476558737
2017-05-01,Monday,0.00018826482585487803,0.00018826482585487803,-2.0914376542391366e-05
2017-05-02,Tuesday,6.285091762348038e-05,6.285091762348038e-05,0.0002513826043237799
2017-05-03,Wednesday,0.0001633150006297157,0.0001633150006297157,0.0005456911388155294
2017-05-04,Thursday,4.611600523007908e-06,4.611600523007908e-06,0.0003353875822749153
2017-05-05,Friday,-0.00012546526703194338,0.00012546526703194338,0.000501924042161539
2017-05-08,Monday,-2.0858972487158844e-05,2.0858972487158844e-05,-3.7548108514640077e-06
2017-05-09,Tuesday,-4.172229639531899e-05,4.172229639531899e-05,-0.00016689614887133164
2017-05-10,Wednesday,0.0,0.0,-0.00025028156676265567
2017-05-11,Thursday,-0.0002089340186369748,0.0002089340186369748,0.0
2017-05-12,Friday,-4.184275492702394e-05,4.184275492702394e-05,-2.0922252908173178e-05
2017-05-15,Monday,-2.1224353905724413e-05,2.1224353905724413e-05,-0.0001872776078406524
2017-05-16,Tuesday,-2.083463549817921e-05,2.083463549817921e-05,0.00012626525705172753
2017-05-17,Wednesday,0.0003376097231599928,0.0003376097231599928,0.0006539118695552126
2017-05-18,Thursday,0.00027457440966505153,0.00027457440966505153,0.0018581865788251939
2017-05-19,Friday,4.188218541245625e-05,4.188218541245625e-05,2.5965867448407565e-05
2017-05-22,Monday,-0.00022978901190728873,0.00022978901190728873,0.00020895148146604647
2017-05-23,Tuesday,0.00010416015665692946,0.00010416015665692946,-4.165972337943913e-05
2017-05-24,Wednesday,-0.0001665625650634217,0.0001665625650634217,-0.0004160421522747537
2017-05-25,Thursday,0.0,0.0,-0.0001447417393821704
2017-05-26,Friday,-4.1377027474420736e-05,4.1377027474420736e-05,6.372589588687916e-05
2017-05-30,Tuesday,4.1385589537590306e-05,4.1385589537590306e-05,-8.276432857445837e-05
2017-05-31,Wednesday,0.0001452161646335881,0.0001452161646335881,-0.0005538189654994419
2017-06-01,Thursday,0.0,0.0,-8.23621463575952e-05
2017-06-02,Friday,-0.0002252206138285695,0.0002252206138285695,8.191685439262741e-05
2017-06-05,Monday,4.0970173713406055e-05,4.0970173713406055e-05,0.0
2017-06-06,Tuesday,8.213215063035406e-05,8.213215063035406e-05,0.00045126057321187574
2017-06-07,Wednesday,-0.00016427779374927898,0.00016427779374927898,0.0003491404982438606
2017-06-08,Thursday,8.197225239259254e-05,8.197225239259254e-05,-0.0005155737704918284
2017-06-09,Friday,0.0005549161460045582,0.0005549161460045582,0.00067947090003595
2017-06-12,Monday,0.0002470000218548485,0.0002470000218548485,0.00024735128004294005
2017-06-13,Tuesday,-2.046538280497945e-05,2.046538280497945e-05,8.186320658176705e-05
2017-06-14,Wednesday,-4.093495435752992e-05,4.093495435752992e-05,0.0006754405714637368
2017-06-15,Thursday,-0.00021370858368741086,0.00021370858368741086,0.0004986050977746626
2017-06-16,Friday,-8.253208434783055e-05,8.253208434783055e-05,2.0634724113621772e-05
2017-06-19,Monday,2.045617265000743e-05,2.045617265000743e-05,-4.0911508407348585e-05
2017-06-20,Tuesday,0.00020598674627114733,0.00020598674627114733,4.102564102659301e-06
2017-06-21,Wednesday,-0.00024736147757253857,0.00024736147757253857,9.897274538017697e-05
2017-06-22,Thursday,2.0542317173299907e-05,2.0542317173299907e-05,-7.805791897586012e-05
2017-06-23,Friday,0.0,0.0,-0.000102715805908149
2017-06-26,Monday,0.0,0.0,6.158267474098977e-05
2017-06-27,Tuesday,0.00014454746319203515,0.00014454746319203515,-0.0008258661271007828
2017-06-28,Wednesday,0.00016421035346270152,0.00016421035346270152,-0.0004515228634759394
2017-06-29,Thursday,-0.000332143153699338,0.000332143153699338,-0.000249190132070809
2017-06-30,Friday,-0.0002478417117600662,0.0002478417117600662,0.00020658596041811528
2017-07-03,Monday,8.270614506655782e-05,8.270614506655782e-05,-0.00012404895798878712
2017-07-05,Wednesday,0.0003709045950959222,0.0003709045950959222,-4.119634176491527e-05
2017-07-06,Thursday,-0.000497141436738735,0.000497141436738735,0.00033159247285086124
2017-07-07,Friday,-0.0002477291494632494,0.0002477291494632494,1.6105978993818937e-05
2017-07-10,Monday,6.180342390971205e-05,6.180342390971205e-05,-0.00010300146262076648
2017-07-11,Tuesday,0.00016513231226533698,0.00016513231226533698,6.191311526149157e-05
2017-07-12,Wednesday,-0.00016676227157264023,0.00016676227157264023,-0.00016392770788076216
2017-07-13,Thursday,-0.00012317891635293954,0.00012317891635293954,-0.0002864977694103654
2017-07-14,Friday,2.0366598777910028e-05,2.0366598777910028e-05,-3.869504031417392e-05
2017-07-17,Monday,-5.087505087497668e-05,5.087505087497668e-05,4.070335395622848e-05
2017-07-18,Tuesday,-8.148963044452007e-05,8.148963044452007e-05,4.074813577270575e-05
2017-07-19,Wednesday,0.0001215953307394102,0.0001215953307394102,-0.00012117527862209876
2017-07-20,Thursday,-8.087506823828416e-05,8.087506823828416e-05,-2.264679572094863e-05
2017-07-21,Friday,2.0265477758574235e-05,2.0265477758574235e-05,-0.00020265067077362975
2017-07-24,Monday,-1.90568868344565e-05,1.90568868344565e-05,0.00018246325392801133
2017-07-25,Tuesday,0.0,0.0,-2.0190191605040653e-05
2017-07-26,Wednesday,0.0007478524507327222,0.0007478524507327222,0.0002795724642130626
2017-07-27,Thursday,0.0007309941520468044,0.0007309941520468044,-0.0006086921235239906
2017-07-28,Friday,8.108655990257674e-05,8.108655990257674e-05,-6.080998905411139e-05
2017-07-31,Monday,-6.679080310867391e-05,6.679080310867391e-05,0.0
2017-08-01,Tuesday,-4.4473194792393755e-06,4.4473194792393755e-06,4.043017708421637e-05
2017-08-02,Wednesday,-8.091269520194011e-05,8.091269520194011e-05,-0.00016183193753283032
2017-08-03,Thursday,0.0,0.0,0.00012181308045855488
2017-08-04,Friday,8.08407437347114e-05,8.08407437347114e-05,4.041710451874181e-05
2017-08-07,Monday,3.3512104935740084e-05,3.3512104935740084e-05,-0.000100936692506437
2017-08-08,Tuesday,-4.0303079155257215e-05,4.0303079155257215e-05,-0.00017330812976346088
2017-08-09,Wednesday,4.052028040035793e-05,4.052028040035793e-05,-0.0002025849844009553
2017-08-10,Thursday,-0.00020382321705736395,0.00020382321705736395,-0.00024512807942145276
2017-08-11,Friday,6.136977334092464e-05,6.136977334092464e-05,5.972835869738624e-05
2017-08-14,Monday,-2.027410591187717e-05,2.027410591187717e-05,-0.00010137052955971892
2017-08-15,Tuesday,1.9887566252929645e-05,1.9887566252929645e-05,0.00038557542058170746
2017-08-16,Wednesday,-0.0004859086491739717,0.0004859086491739717,0.0010127197601879079
2017-08-17,Thursday,0.0001635389836052159,0.0001635389836052159,-0.0009811135638950752
2017-08-18,Friday,0.00026739067834946617,0.00026739067834946617,0.00028788813489621923
2017-08-21,Monday,1.4013106375942996e-05,1.4013106375942996e-05,2.0607084715740243e-05
2017-08-22,Tuesday,8.164931618703797e-05,8.164931618703797e-05,-8.164265012045036e-05
2017-08-23,Wednesday,2.8213935230558818e-05,2.8213935230558818e-05,0.00016233235197904428
2017-08-24,Thursday,0.0,0.0,1.3913328150039206e-05
2017-08-25,Friday,-4.083632799734005e-05,4.083632799734005e-05,4.08379956711169e-05
2017-08-28,Monday,-3.72250409169661e-05,3.72250409169661e-05,-0.0001227244835344532
2017-08-29,Tuesday,-8.134734088216522e-05,8.134734088216522e-05,0.0
2017-08-30,Wednesday,-0.00020306217763876866,0.00020306217763876866,-0.00016248273620933507
2017-08-31,Thursday,8.090287609707758e-05,8.090287609707758e-05,-0.00016179920718384366
2017-09-01,Friday,9.670985030130197e-05,9.670985030130197e-05,0.00028165030153504134
2017-09-05,Tuesday,0.00016277366322126063,0.00016277366322126063,0.0007413133696800855
2017-09-06,Wednesday,4.0507149511759266e-05,4.0507149511759266e-05,0.00024627429123236233
2017-09-07,Thursday,0.0,0.0,0.0
2017-09-08,Friday,0.0,0.0,-0.00016697400149956465
2017-09-11,Monday,-2.006662118225755e-05,2.006662118225755e-05,2.006702385970449e-05
2017-09-12,Tuesday,0.00012009607686147561,0.00012009607686147561,9.326528569997272e-05
2017-09-13,Wednesday,6.60122782838446e-05,6.60122782838446e-05,-0.00012001440172826339
2017-09-14,Thursday,-1.999800019991671e-05,1.999800019991671e-05,7.999360051180737e-05
2017-09-15,Friday,-4.016870857592725e-05,4.016870857592725e-05,3.9768602969170175e-05
2017-09-18,Monday,-0.00012007684918347028,0.00012007684918347028,-0.00020014410375468472
2017-09-19,Tuesday,0.00011999999999989797,0.00011999999999989797,5.99928008637729e-05
2017-09-20,Wednesday,-8.003521549471149e-05,8.003521549471149e-05,-0.0002401152553225261
2017-09-21,Thursday,-8.007687379874007e-05,8.007687379874007e-05,0.00016016657323603134
2017-09-22,Friday,-3.0092987330809784e-05,3.0092987330809784e-05,-9.790373655238493e-05
2017-09-25,Monday,0.00044224661279312905,0.00044224661279312905,-0.0002411284812924297
2017-09-26,Tuesday,0.00016037206318664232,0.00016037206318664232,-0.0003768078760862936
2017-09-27,Wednesday,0.00016016657323603134,0.00016016657323603134,0.00044078789334611734
2017-09-28,Thursday,0.00011980830670932363,0.00011980830670932363,-0.00011979395439842833
2017-09-29,Friday,-5.855500585549844e-05,5.855500585549844e-05,-0.00019917938095048715
2017-10-02,Monday,-0.00012297195446075992,0.00012297195446075992,-5.9510821051045326e-05
2017-10-03,Tuesday,0.0,0.0,7.522369150358976e-05
2017-10-04,Wednesday,-3.279530592492641e-05,3.279530592492641e-05,0.00023708855257442707
2017-10-05,Thursday,-1.9645593493322622e-05,1.9645593493322622e-05,-7.858391780113383e-05
2017-10-06,Friday,0.0,0.0,3.935923170783617e-05
2017-10-09,Monday,1.9662589956226384e-05,1.9662589956226384e-05,3.932517991267481e-05
2017-10-10,Tuesday,0.0004226625776519999,0.0004226625776519999,-0.00027511397578994234
2017-10-11,Wednesday,0.00023562676720079168,0.00023562676720079168,0.0002355712603061555
2017-10-12,Thursday,-1.961438126429904e-05,1.961438126429904e-05,1.961476599587897e-05
2017-10-13,Friday,0.00011918063314708682,0.00011918063314708682,-1.9599388499158543e-05
2017-10-16,Monday,1.960630538788699e-05,1.960630538788699e-05,7.842214641429202e-05
2017-10-17,Tuesday,0.00015680432779952014,0.00015680432779952014,-7.839140830157021e-05
2017-10-18,Wednesday,3.908158280396812e-05,3.908158280396812e-05,0.00011724245740185602
2017-10-19,Thursday,-3.914966918538987e-05,3.914966918538987e-05,0.0001566048077676907
2017-10-20,Friday,0.00013622917639710685,0.00013622917639710685,9.729519361756367e-05
2017-10-23,Monday,-0.00019470404984422984,0.00019470404984422984,0.00023369036027265366
2017-10-24,Tuesday,-1.1689070718023942e-06,1.1689070718023942e-06,-0.00011689070718867711
2017-10-25,Wednesday,7.840677434534093e-05,7.840677434534093e-05,0.0003528028224226709
2017-10-26,Thursday,-1.9529724240241464e-05,1.9529724240241464e-05,-7.811889696107688e-05
2017-10-27,Friday,0.0,0.0,1.940353532403627e-05
2017-10-30,Monday,0.00011686338670102714,0.00011686338670102714,-0.0001558057102793997
2017-10-31,Tuesday,1.9434834998222072e-05,1.9434834998222072e-05,5.8303371878398735e-05
2017-11-01,Wednesday,0.0003495960223740546,0.0003495960223740546,0.00023299161230205812
2017-11-02,Thursday,-7.776654483238055e-05,7.776654483238055e-05,0.0
2017-11-03,Friday,0.0,0.0,-0.00013546726530311304
2017-11-06,Monday,-3.863539775139646e-05,3.863539775139646e-05,-9.658849437843564e-05
2017-11-07,Tuesday,8.975313246151195e-05,8.975313246151195e-05,3.868322308608896e-05
2017-11-08,Wednesday,4.748988909364371e-05,4.748988909364371e-05,-3.86085479324727e-05
2017-11-09,Thursday,0.0005047759571328303,0.0005047759571328303,-0.00017464876193440393
2017-11-10,Friday,0.00011635573827728507,0.00011635573827728507,5.85589079344917e-05
2017-11-13,Monday,-5.806301772715017e-06,5.806301772715017e-06,-7.741735697130991e-05
2017-11-14,Tuesday,-3.883193538367635e-05,3.883193538367635e-05,-3.883344336141903e-05
2017-11-15,Wednesday,0.00019483302809497616,0.00019483302809497616,-0.00015582998948160398
2017-11-16,Thursday,0.000270489586150946,0.000270489586150946,0.0002317855211311226
2017-11-17,Friday,0.0,0.0,3.8728166996016e-05
2017-11-20,Monday,-0.00017410481109614295,0.00017410481109614295,-5.804616605087354e-05
2017-11-21,Tuesday,-3.80798522964243e-05,3.80798522964243e-05,-5.7696745903723645e-05
2017-11-22,Wednesday,5.7735609399367505e-05,5.7735609399367505e-05,5.773449828705424e-05
2017-11-24,Friday,0.0,0.0,
2017-11-27,Monday,-0.00013516626987186697,0.00013516626987186697,-7.680786512531679e-05
2017-11-28,Tuesday,-0.00015301048121807437,0.00015301048121807437,-0.00021041758325845983
2017-11-29,Wednesday,0.0003809959233433968,0.0003809959233433968,0.000161855434534397
2017-11-30,Thursday,9.432004678266992e-05,9.432004678266992e-05,-0.0001886258606055291
2017-12-01,Friday,-0.0003030417818856712,0.0003030417818856712,0.0007199424046075986
2017-12-04,Monday,-0.00018801233360909997,0.00018801233360909997,-0.0003381097446312209
2017-12-05,Tuesday,7.56572725553184e-05,7.56572725553184e-05,-0.00022694606248585547
2017-12-06,Wednesday,7.590997077455697e-05,7.590997077455697e-05,0.0004174731488861827
2017-12-07,Thursday,-7.570882386354061e-05,7.570882386354061e-05,4.9593034260775326e-05
2017-12-08,Friday,-0.00011305822498597351,0.00011305822498597351,7.538067239543089e-05
2017-12-11,Monday,3.75720914507216e-05,3.75720914507216e-05,0.0
2017-12-12,Tuesday,0.0,0.0,0.0002247611912342684
2017-12-13,Wednesday,0.0010488069820577817,0.0010488069820577817,0.000486435921421835
2017-12-14,Thursday,-3.756856262671082e-05,3.756856262671082e-05,0.0001127099222300032
2017-12-15,Friday,-1.8740980902931526e-05,1.8740980902931526e-05,0.00013755967634865307
2017-12-18,Monday,0.00011184848258882774,0.00011184848258882774,-0.00012115902588150096
2017-12-19,Tuesday,-5.604543416359853e-06,5.604543416359853e-06,-0.00029854092327241677
2017-12-20,Wednesday,5.9831201223659036e-05,5.9831201223659036e-05,-0.00014919239799315864
2017-12-21,Thursday,-8.687870539547671e-05,8.687870539547671e-05,0.0
2017-12-22,Friday,-5.610412926382313e-05,5.610412926382313e-05,-0.00017243636499664206
2017-12-26,Tuesday,0.0,0.0,0.00014976785981746232
2017-12-27,Wednesday,-7.481390042263225e-05,7.481390042263225e-05,-0.00029926679634884046
2017-12-28,Thursday,-5.3823727293234036e-05,5.3823727293234036e-05,3.775278950146621e-05
2017-12-29,Friday,3.739436093042059e-05,3.739436093042059e-05,7.478592528875616e-05
2018-01-02,Tuesday,-3.727587877877525e-05,3.727587877877525e-05,0.00027958472349065566
2018-01-03,Wednesday,0.00012813153850399495,0.00012813153850399495,-0.00025920165889059543
2018-01-04,Thursday,-0.0001838607071282805,0.0001838607071282805,0.00020228396991495146
2018-01-05,Friday,3.667302332410749e-05,3.667302332410749e-05,-9.901353184904593e-06
2018-01-08,Monday,3.650301149837887e-05,3.650301149837887e-05,0.00012775820846488983
2018-01-09,Tuesday,7.267177791514534e-05,7.267177791514534e-05,-0.00029067654966952183
2018-01-10,Wednesday,0.00020052135552428574,0.00020052135552428574,-0.000200484808719259
2018-01-11,Thursday,3.629039574670756e-05,3.629039574670756e-05,-0.00010196861108591193
2018-01-12,Friday,-3.600813783910528e-05,3.600813783910528e-05,7.2020165646558e-05
2018-01-16,Tuesday,0.00016204537270447794,0.00016204537270447794,-0.0008857045131325236
2018-01-17,Wednesday,0.00019700904450625778,0.00019700904450625778,0.0007341486561498467
2018-01-18,Thursday,0.00021471514457482854,0.00021471514457482854,0.00017888447640523886
2018-01-19,Friday,4.6855998283135136e-05,4.6855998283135136e-05,0.00019671310288083
2018-01-22,Monday,-6.564473777592728e-05,6.564473777592728e-05,-0.0002483943082218776
2018-01-23,Tuesday,-7.090697428302484e-05,7.090697428302484e-05,-0.000388075498324314
2018-01-24,Wednesday,-7.063643427274169e-05,7.063643427274169e-05,-0.00010596213619673556
2018-01-25,Thursday,-3.523856508558243e-05,3.523856508558243e-05,-0.0002114388413151369
2018-01-26,Friday,-1.751558887408411e-05,1.751558887408411e-05,3.5031300467114335e-06
2018-01-29,Monday,0.00015748858207764727,0.00015748858207764727,-0.0003149275666596285
2018-01-30,Tuesday,0.00010668840605387864,0.00010668840605387864,0.00017719186334974601
2018-01-31,Wednesday,0.0010274215262524589,0.0010274215262524589,-0.0015396050116798232
2018-02-01,Thursday,0.000248200546041355,0.000248200546041355,-3.544842254532554e-05
2018-02-02,Friday,-0.00027000270002697224,0.00027000270002697224,-0.00019805188959509668
2018-02-05,Monday,-0.00044049147258384824,0.00044049147258384824,-0.0015776921665749954
2018-02-06,Tuesday,0.0005897011546727171,0.0005897011546727171,-0.00022814555686523352
2018-02-07,Wednesday,-0.0010752289496124279,0.0010752289496124279,-0.0020228639299235684
2018-02-08,Thursday,-0.001476433844406544,0.001476433844406544,-0.0025025594357867
2018-02-09,Friday,0.0017206992295959456,0.0017206992295959456,0.005715490384390121
2018-02-12,Monday,-0.0001502008936954402,0.0001502008936954402,-0.0009013745962592745
2018-02-13,Tuesday,0.00013163090693701918,0.00013163090693701918,3.7603880720382676e-05
2018-02-14,Wednesday,0.000598842683543932,0.000598842683543932,-7.429972509098715e-05
2018-02-15,Thursday,0.00011042809290673361,0.00011042809290673361,0.0005888631261272703
2018-02-16,Friday,0.001096210764789829,0.001096210764789829,-0.000875976348638674
2018-02-20,Tuesday,0.00026298613059494436,0.00026298613059494436,-0.0008183965286805428
2018-02-21,Wednesday,0.002780725183857191,0.002780725183857191,-0.0007296607077710293
2018-02-22,Thursday,0.0006268436578171777,0.0006268436578171777,0.0005896009138812719
2018-02-23,Friday,7.332453438912978e-05,7.332453438912978e-05,-0.0007698511621085924
2018-02-26,Monday,-1.803459034421806e-05,1.803459034421806e-05,0.0003192180060598293
2018-02-27,Tuesday,-0.00032566217976559564,0.00032566217976559564,-0.0007963224381943856
2018-02-28,Wednesday,0.0005944043255796672,0.0005944043255796672,-0.00018133023863065034
2018-03-01,Thursday,0.0002618780396557163,0.0002618780396557163,-0.0015708568650185661
2018-03-02,Friday,0.0013472045505573682,0.0013472045505573682,0.0008221840197324415
2018-03-05,Monday,0.0005573777126175461,0.0005573777126175461,-0.0009192528312986781
2018-03-06,Tuesday,0.0006975036710719085,0.0006975036710719085,-0.0004402538797373401
2018-03-07,Wednesday,-0.00014738936585712015,0.00014738936585712015,0.00014742195850070416
2018-03-08,Thursday,-0.0002564572265982834,0.0002564572265982834,-0.0002862059715538212
2018-03-09,Friday,-7.19579765415812e-05,7.19579765415812e-05,0.00014392113122019268
2018-03-12,Monday,0.00043058595572142977,0.00043058595572142977,0.00043041606886662365
2018-03-13,Tuesday,-1.8009256757989256e-05,1.8009256757989256e-05,0.0006843147848010211
2018-03-14,Wednesday,0.000398218875574452,0.000398218875574452,-0.0007780411457107839
2018-03-15,Thursday,-0.00036421911421924413,0.00036421911421924413,0.001165925817969704
2018-03-16,Friday,1.8220910316557593e-05,1.8220910316557593e-05,0.00016398520489024904
2018-03-19,Monday,0.0005558643690939391,0.0005558643690939391,0.00018518518518528815
2018-03-20,Tuesday,-0.00036983616257990626,0.00036983616257990626,0.0013319520497263593
2018-03-21,Wednesday,0.002022058823529349,0.002022058823529349,-0.0023486460703017187
2018-03-22,Thursday,3.360716952949261e-05,3.360716952949261e-05,-0.0005601404085292527
2018-03-23,Friday,0.0009854830762232591,0.0009854830762232591,-0.0017418634151882273
2018-03-26,Monday,-1.9082512785262296e-05,1.9082512785262296e-05,0.0015648257700089374
2018-03-27,Tuesday,-0.0004908809424913896,0.0004908809424913896,-0.001964488099735484
2018-03-28,Wednesday,0.0008809897728578875,0.0008809897728578875,-0.002602472348731344
2018-03-29,Thursday,-0.0007398554436286453,0.0007398554436286453,0.0003417115954136296
2018-04-02,Monday,-0.001057165231010182,0.001057165231010182,-0.0002743699290557178
2018-04-03,Tuesday,0.00027019724398802403,0.00027019724398802403,-0.0004630522863207087
2018-04-04,Wednesday,0.0001920122887866249,0.0001920122887866249,0.00030714889042471327
2018-04-05,Thursday,-0.00024512576837498745,0.00024512576837498745,0.0007770681896197562
2018-04-06,Friday,0.0006144629210032004,0.0006144629210032004,-0.0009978507829290217
2018-04-09,Monday,-0.0006420182031043886,0.0006420182031043886,-0.0006330309901738662
2018-04-10,Tuesday,-0.0005569591613560076,0.0005569591613560076,3.7730153938930755e-05
2018-04-11,Wednesday,0.0006641480921800724,0.0006641480921800724,-0.00011326311020509738
2018-04-12,Thursday,0.0003576672565037686,0.0003576672565037686,0.0006209894431794538
2018-04-13,Friday,3.75855070284814e-05,3.75855070284814e-05,-0.0003378810087570905
2018-04-16,Monday,3.730508095189933e-05,3.730508095189933e-05,-0.0012866042451598059
2018-04-17,Tuesday,9.25411808256893e-05,9.25411808256893e-05,0.0004441483455475126
2018-04-18,Wednesday,-0.00048046716191740835,0.00048046716191740835,0.0008504344610833492
2018-04-19,Thursday,0.00011181930001114004,0.00011181930001114004,-0.0005899452167107411
2018-04-20,Friday,-7.492039707801545e-05,7.492039707801545e-05,0.00022477803169373978
2018-04-23,Monday,-0.00011239743733848506,0.00011239743733848506,-0.0010491606714627677
2018-04-24,Tuesday,-0.0006862371330538242,0.0006862371330538242,-0.00213650757315631
2018-04-25,Wednesday,0.00011399042480420007,0.00011399042480420007,-0.000873826982257353
2018-04-26,Thursday,-0.00033753375337519653,0.00033753375337519653,0.0004126960306143346
2018-04-27,Friday,0.0002971077015418988,0.0002971077015418988,-0.0007875492218263336
2018-04-30,Monday,-0.0006013907160309362,0.0006013907160309362,-0.0008687803226897772
2018-05-01,Tuesday,0.0002605579049170803,0.0002605579049170803,0.00031812103083339593
2018-05-02,Wednesday,0.0009062759610301008,0.0009062759610301008,0.0012827284388439164
2018-05-03,Thursday,-0.0007995735607675414,0.0007995735607675414,-7.239777624512556e-05
2018-05-04,Friday,-0.00022552999548941521,0.00022552999548941521,0.00018797699161621217
2018-05-07,Monday,0.00014948800358771663,0.00014948800358771663,0.0
2018-05-08,Tuesday,0.00026313810991651643,0.00026313810991651643,0.0003006388575723662
2018-05-09,Wednesday,-0.00022251891410773883,0.00022251891410773883,-0.00020772669102497865
2018-05-10,Thursday,-0.00040481360173705294,0.00040481360173705294,3.681614019579449e-05
2018-05-11,Friday,-0.00010654713792346282,0.00010654713792346282,-0.000580545124523324
2018-05-14,Monday,-0.00016489556614129874,0.00016489556614129874,-0.00021990910423697052
2018-05-15,Tuesday,0.0002776646551405637,0.0002776646551405637,0.0007405902293162736
2018-05-16,Wednesday,-0.00011009982384035943,0.00011009982384035943,0.0004588081998202487
2018-05-17,Thursday,-0.00022097819681787811,0.00022097819681787811,-0.0005525675974360489
2018-05-18,Friday,-0.0001842027704097582,0.0001842027704097582,-0.00014739479696379565
2018-05-21,Monday,-0.0006213450292398282,0.0006213450292398282,0.00016457594265451014
2018-05-22,Tuesday,7.312079555443773e-05,7.312079555443773e-05,0.0005249754511826854
2018-05-23,Wednesday,0.0009753763480435662,0.0009753763480435662,-0.0005515314189066256
2018-05-24,Thursday,-0.0006597031335898729,0.0006597031335898729,0.00014669209329620791
2018-05-25,Friday,-0.00011038339833679967,0.00011038339833679967,0.0005519576096557621
2018-05-29,Tuesday,-0.000297840655249626,0.000297840655249626,-0.00154510753188708
2018-05-30,Wednesday,0.0003299301647816666,0.0003299301647816666,-9.1618719536668e-05
2018-05-31,Thursday,-0.00061629410677988,0.00061629410677988,0.00018485655131605938
2018-06-01,Friday,0.0002192742023900962,0.0002192742023900962,-0.0005663548669980756
2018-06-04,Monday,3.640202395271963e-05,3.640202395271963e-05,0.00014524402269877612
2018-06-05,Tuesday,3.637157197933227e-05,3.637157197933227e-05,-0.0004058841564429372
2018-06-06,Wednesday,0.0001809496236249153,0.0001809496236249153,0.00020625047491895643
2018-06-07,Thursday,0.00010849909584087492,0.00010849909584087492,0.0008986366759484721
2018-06-08,Friday,-9.002520705791994e-05,9.002520705791994e-05,0.00010803802938630369
2018-06-11,Monday,-0.0003224073078988976,0.0003224073078988976,-0.0001318633437102923
2018-06-12,Tuesday,-0.00017916009746310468,0.00017916009746310468,-0.00025086908217752946
2018-06-13,Wednesday,-0.0006449532408898673,0.0006449532408898673,-0.0011473235093759637
2018-06-14,Thursday,0.00017940437746677418,0.00017940437746677418,-0.0002511210762331517
2018-06-15,Friday,0.00016289003113012512,0.00016289003113012512,-0.00015852334419119707
2018-06-18,Monday,9.045598863943738e-06,9.045598863943738e-06,-0.0005788921451570506
2018-06-19,Tuesday,0.00023269342641052404,0.00023269342641052404,0.00021810250817888566
2018-06-20,Wednesday,-0.00018077952129591512,0.00018077952129591512,1.8081547780379736e-05
2018-06-21,Thursday,0.0,0.0,-0.00021826912583211566
2018-06-22,Friday,3.629105425506651e-05,3.629105425506651e-05,0.00019959717660733567
2018-06-25,Monday,0.00025856018911829537,0.00025856018911829537,-0.0006462333825701938
2018-06-26,Tuesday,0.0002860185049200492,0.0002860185049200492,-0.0005872852738219025
2018-06-27,Wednesday,0.00025842655148222704,0.00025842655148222704,0.0004059939469993612
2018-06-28,Thursday,-0.00018491124260333613,0.00018491124260333613,0.000739754401538617
2018-06-29,Friday,-0.00010991023997064531,0.00010991023997064531,-0.0002015242561923536
2018-07-02,Monday,3.696311081546888e-05,3.696311081546888e-05,0.0004431711538825933
2018-07-03,Tuesday,0.0,0.0,-0.00011092213266272744
2018-07-05,Thursday,0.0008691565365963605,0.0008691565365963605,-0.0015762463343108601
2018-07-06,Friday,-0.00022068901433325294,0.00022068901433325294,0.00010891664246304167
2018-07-09,Monday,-7.206947497384597e-05,7.206947497384597e-05,0.0001445097641390447
2018-07-10,Tuesday,0.00017960415244799854,0.00017960415244799854,0.00019752554364416142
2018-07-11,Wednesday,0.00046773613902773015,0.00046773613902773015,-9.025433672082972e-05
2018-07-12,Thursday,-3.1549269921216094e-05,3.1549269921216094e-05,3.155083089834143e-05
2018-07-13,Friday,-0.00016090392248013785,0.00016090392248013785,-0.0001072903814174353
2018-07-16,Monday,7.157683773528767e-05,7.157683773528767e-05,-0.00046523279533339235
2018-07-17,Tuesday,-0.00014257199885947536,0.00014257199885947536,-0.00038036951097741856
2018-07-18,Wednesday,3.5610633335014796e-05,3.5610633335014796e-05,0.00023144851160794566
2018-07-19,Thursday,0.0001425770807341742,0.0001425770807341742,7.128091809827097e-05
2018-07-20,Friday,3.570280981124441e-05,3.570280981124441e-05,5.3553258715810514e-05
2018-07-23,Monday,1.7133066818830756e-05,1.7133066818830756e-05,0.00024985722444315073
2018-07-24,Tuesday,-8.89252494352677e-05,8.89252494352677e-05,-0.0007907683223119522
2018-07-25,Wednesday,-5.309264666841784e-05,5.309264666841784e-05,0.0006194361361344658
2018-07-26,Thursday,-8.962913299692676e-05,8.962913299692676e-05,-0.0002113844836729717
2018-07-27,Friday,3.552524068339835e-05,3.552524068339835e-05,-0.00028383658969810543
2018-07-30,Monday,-0.0001782658300057971,0.0001782658300057971,0.00041007720149055515
2018-07-31,Tuesday,-5.324624613955997e-05,5.324624613955997e-05,-0.0007810003905001084
2018-08-01,Wednesday,0.0002494209869947639,0.0002494209869947639,-0.0008193217440867206
2018-08-02,Thursday,-0.0003187420314493261,0.0003187420314493261,0.0007439948983207767
2018-08-03,Friday,3.5300762496692784e-05,3.5300762496692784e-05,-8.82472334493567e-05
2018-08-06,Monday,7.03086549955767e-05,7.03086549955767e-05,-0.0001230358210005944
2018-08-07,Tuesday,0.00010495382031905365,0.00010495382031905365,0.00017664785337867528
2018-08-08,Wednesday,-3.500420050406294e-05,3.500420050406294e-05,1.7502712920558494e-05
2018-08-09,Thursday,0.0,0.0,-6.99863526611999e-05
2018-08-10,Friday,0.00042437316547028203,0.00042437316547028203,-0.00037116244543011767
2018-08-13,Monday,0.00028322594349661223,0.00028322594349661223,0.001203326844806174
2018-08-14,Tuesday,0.00011512057736307035,0.00011512057736307035,-0.000281600901122836
2018-08-15,Wednesday,-7.117184441829405e-05,7.117184441829405e-05,0.0003558972168835606
2018-08-16,Thursday,-0.0004569901922876207,0.0004569901922876207,0.000615119272998621
2018-08-17,Friday,0.00012304447178768108,0.00012304447178768108,0.0019157424820288593
2018-08-20,Monday,-2.343913713198642e-05,2.343913713198642e-05,-8.291348904521101e-05
2018-08-21,Tuesday,-8.707464038182344e-05,8.707464038182344e-05,-0.00042286391027201997
2018-08-22,Wednesday,0.00026183950983638127,0.00026183950983638127,0.0004537363442811415
2018-08-23,Thursday,0.0004549272116460834,0.0004549272116460834,1.1892685998216024e-05
2018-08-24,Friday,-0.00010439139814866216,0.00010439139814866216,0.0
2018-08-27,Monday,0.00010320305701960741,0.00010320305701960741,5.832614322698326e-05
2018-08-28,Tuesday,0.00010347682119205004,0.00010347682119205004,0.0
2018-08-29,Wednesday,0.00010304320945264678,0.00010304320945264678,0.00020606164677605676
2018-08-30,Thursday,0.0001030078285948477,0.0001030078285948477,0.00017166792556477795
2018-08-31,Friday,-0.00013802146233743429,0.00013802146233743429,-0.0005003968664802905
2018-09-04,Tuesday,0.0002071751666032906,0.0002071751666032906,-0.00012082714813421713
2018-09-05,Wednesday,0.00017812149269280653,0.00017812149269280653,-0.0004495469949512554
2018-09-06,Thursday,0.00013906271728547637,0.00013906271728547637,-4.136657073550154e-05
2018-09-07,Friday,0.0001741250217657253,0.0001741250217657253,-6.963788300828888e-05
2018-09-10,Monday,-0.00015610906820240356,0.00015610906820240356,0.0003990146074044354
2018-09-11,Tuesday,-6.916585973182343e-05,6.916585973182343e-05,6.917303635045613e-05
2018-09-12,Wednesday,0.00017311221133553545,0.00017311221133553545,3.46164497369017e-05
2018-09-13,Thursday,0.00024056985112541618,0.00024056985112541618,0.00024085607129342712
2018-09-14,Friday,0.0,0.0,0.00015482805484356987
2018-09-17,Monday,-0.0002069250931162614,0.0002069250931162614,5.1741979993247256e-05
2018-09-18,Tuesday,-0.00015451970126201253,0.00015451970126201253,0.0001796078162024095
2018-09-19,Wednesday,9.442060085818049e-05,9.442060085818049e-05,-0.00019603662692047052
2018-09-20,Thursday,1.7037226339500222e-05,1.7037226339500222e-05,0.00018740629685165544
2018-09-21,Friday,-8.476459027584315e-05,8.476459027584315e-05,-6.836438215707119e-05
2018-09-24,Monday,0.00010308924091972926,0.00010308924091972926,-1.7180064253663474e-05
2018-09-25,Tuesday,-0.0001461573512849812,0.0001461573512849812,0.00010318142734289104
2018-09-26,Wednesday,0.000857897807213126,0.000857897807213126,0.000754277093975908
2018-09-27,Thursday,-6.86271145728945e-05,6.86271145728945e-05,-0.0002745272983083469
2018-09-28,Friday,-3.0942721584326094e-05,3.0942721584326094e-05,-0.0007907856283307924
2018-10-01,Monday,-0.00013696753869341105,0.00013696753869341105,-0.0005136986301369495
2018-10-02,Tuesday,-0.00020502464403071574,0.00020502464403071574,0.000342348510783852
2018-10-03,Wednesday,0.00013663068725233707,0.00013663068725233707,0.00013661202185777377
2018-10-04,Thursday,0.0003817588672174743,0.0003817588672174743,0.0003122181364048071
2018-10-05,Friday,0.0,0.0,0.000522247754334515
2018-10-08,Monday,0.0003746734701501886,0.0003746734701501886,0.001431164479195557
2018-10-09,Tuesday,-0.00020856507230260224,0.00020856507230260224,-0.0002433766775606916
2018-10-10,Wednesday,-0.00031820110309710437,0.00031820110309710437,-0.001191129620932152
2018-10-11,Thursday,0.00010870746820290655,0.00010870746820290655,-0.0003985507246376807
2018-10-12,Friday,-0.000681762577186551,0.000681762577186551,-0.0006212087992399917
2018-10-15,Monday,-0.0005062009617817775,0.0005062009617817775,-0.00027132133490093135
2018-10-16,Tuesday,0.00039375715922118637,0.00039375715922118637,0.00016101907181442776
2018-10-17,Wednesday,-0.0007123014459718968,0.0007123014459718968,-0.00024950989128491585
2018-10-18,Thursday,0.0005083699480736836,0.0005083699480736836,0.0010161863976190233
2018-10-19,Friday,-0.00028909044917446725,0.00028909044917446725,-0.002223065661768775
2018-10-22,Monday,0.0003453540788136422,0.0003453540788136422,-7.268234182522537e-05
2018-10-23,Tuesday,0.0005521607892218228,0.0005521607892218228,0.0006622516556291647
2018-10-24,Wednesday,-0.0015956065160117605,0.0015956065160117605,0.0007062146892655718
2018-10-25,Thursday,0.00025945144551520194,0.00025945144551520194,-0.0004817312680649444
2018-10-26,Friday,0.0008791619902730474,0.0008791619902730474,-0.003401487683624138
2018-10-29,Monday,-0.0001872729315705035,0.0001872729315705035,-0.0006818266961375885
2018-10-30,Tuesday,0.0004522499434687077,0.0004522499434687077,-0.002260142388970543
2018-10-31,Wednesday,-0.00044049629248954503,0.00044049629248954503,0.001156833581226202
2018-11-01,Thursday,-0.0003298878381349235,0.0003298878381349235,0.00025665468944779946
2018-11-02,Friday,-0.0006274915104090839,0.0006274915104090839,-0.0007202083064024034
2018-11-05,Monday,-7.879166567414941e-05,7.879166567414941e-05,-0.0007330034817667475
2018-11-06,Tuesday,-0.0006188344071929031,0.0006188344071929031,-0.00043709477671738384
2018-11-07,Wednesday,0.00021486892995281615,0.00021486892995281615,0.0004296609259193396
2018-11-08,Thursday,0.0006613190730837548,0.0006613190730837548,-0.0023868899180620184
2018-11-09,Friday,0.00020959057565139716,0.00020959057565139716,0.0008309848977527956
2018-11-12,Monday,7.300335815463299e-05,7.300335815463299e-05,0.00149645959559086
2018-11-13,Tuesday,0.0002197077886412213,0.0002197077886412213,-0.0014643968515466455
2018-11-14,Wednesday,-0.0010760667903525478,0.0010760667903525478,-0.0020060180541625616
2018-11-15,Thursday,-0.0003321692117680408,0.0003321692117680408,-3.671611102951111e-05
2018-11-16,Friday,0.0009755782921734291,0.0009755782921734291,0.0
2018-11-19,Monday,-0.0012280440607325138,0.0012280440607325138,-0.0007451842468050307
2018-11-20,Tuesday,-0.00021446808510627857,0.00021446808510627857,-0.0003783436116682193
2018-11-21,Wednesday,-0.00030008627480393457,0.00030008627480393457,-0.0005628517823639267
2018-11-23,Friday,,,
2018-11-26,Monday,3.750375037503417e-05,3.750375037503417e-05,-0.0003000300030002734
2018-11-27,Tuesday,-0.00024279097564638974,0.00024279097564638974,0.0006919355140013739
2018-11-28,Wednesday,-0.00040248810830589843,0.00040248810830589843,0.001098096632503598
2018-11-29,Thursday,0.001057737899843092,0.001057737899843092,-0.0010566202725350582
2018-11-30,Friday,-0.00014535411897242945,0.00014535411897242945,-0.00012211805035622358
2018-12-03,Monday,0.0005389867049945263,0.0005389867049945263,-0.0003950439935357375
2018-12-04,Tuesday,-0.0008448427857773444,0.0008448427857773444,-0.0011764273372302236
2018-12-06,Thursday,0.0014585656202945607,0.0014585656202945607,-0.0014948241713067523
2018-12-07,Friday,-0.0012859304084719136,0.0012859304084719136,-0.0003029614481556697
2018-12-10,Monday,0.0004182032467778818,0.0004182032467778818,-0.0009880671885688086
2018-12-11,Tuesday,0.0002283887175973387,0.0002283887175973387,0.00011416393941710012
2018-12-12,Wednesday,0.0001864280387771089,0.0001864280387771089,-0.001714754342801661
2018-12-13,Thursday,0.0,0.0,-0.0009059338668278016
2018-12-14,Friday,-0.00011489410593246152,0.00011489410593246152,0.00011490290704374573
2018-12-17,Monday,-0.00019503061980730152,0.00019503061980730152,-0.0018142093558581873
2018-12-18,Tuesday,0.0006838608831574167,0.0006838608831574167,0.00033193400371001047
2018-12-19,Wednesday,-0.010352686676710299,0.010352686676710299,-0.0042156212186267306
2018-12-20,Thursday,-0.0005065137670441366,0.0005065137670441366,-0.00320265942352127
2018-12-21,Friday,-0.0018060914539036466,0.0018060914539036466,0.0011102886750553598
2018-12-24,Monday,-0.0002144082332761199,0.0002144082332761199,0.0
2018-12-26,Wednesday,-0.0015749336870026776,0.0015749336870026776,0.00037358349591132267
2018-12-27,Thursday,-0.0014317048454625114,0.0014317048454625114,0.0016560747148810506
2018-12-28,Friday,0.0021723388848660097,0.0021723388848660097,0.00024085745253099589
2018-12-31,Monday,-0.0016931688770251974,0.0016931688770251974,0.0008047965876625263
2019-01-02,Wednesday,-0.001313903487816459,0.001313903487816459,0.00011960768678731526
2019-01-03,Thursday,-0.0004893964110929128,0.0004893964110929128,0.00012241899942866397
2019-01-04,Friday,-0.0006741751269034868,0.0006741751269034868,0.00032539036923862064
2019-01-07,Monday,0.000275074556584487,0.000275074556584487,0.0006669020438587747
2019-01-08,Tuesday,-0.0001170868784639012,0.0001170868784639012,-9.758668137016535e-06
2019-01-09,Wednesday,0.0015881623799192113,0.0015881623799192113,-0.0005801137022856118
2019-01-10,Thursday,0.0012818520820385704,0.0012818520820385704,5.004364271177231e-05
2019-01-11,Friday,-0.0005427166802152161,0.0005427166802152161,0.0004066851288804241
2019-01-14,Monday,-0.0003876419738729764,0.0003876419738729764,0.0005816884476672612
2019-01-15,Tuesday,0.00026909622112025744,0.00026909622112025744,-0.0007444273635663912
2019-01-16,Wednesday,0.00038254083623412427,0.00038254083623412427,0.00011050780055077425
2019-01-17,Thursday,4.5826013900462925e-05,4.5826013900462925e-05,-0.0001458693949589751
2019-01-18,Friday,-7.505817008179871e-05,7.505817008179871e-05,-7.506380423349945e-05
2019-01-22,Tuesday,-0.0001142857142856224,0.0001142857142856224,-0.0007810714013563036
2019-01-23,Wednesday,0.00034290939571746115,0.00034290939571746115,0.0013711151736746086
2019-01-24,Thursday,-0.0003425178870450907,0.0003425178870450907,7.576331540271042e-05
2019-01-25,Friday,-3.756574004509794e-05,3.756574004509794e-05,7.513430256578246e-05
2019-01-28,Monday,0.0003099479621682111,0.0003099479621682111,-0.0012150668286755595
2019-01-29,Tuesday,-0.00043544185979516037,0.00043544185979516037,-0.00017061287937680802
2019-01-30,Wednesday,0.003201868384374862,0.003201868384374862,0.002703514568939802
2019-01-31,Thursday,0.0,0.0,0.0002224776595349809
2019-02-01,Friday,-0.0006478242360301589,0.0006478242360301589,-0.0011112757445546073
2019-02-04,Monday,0.0,0.0,0.0002579408946863371
2019-02-05,Tuesday,0.00014718837175164978,0.00014718837175164978,0.0011009982384027062
2019-02-06,Wednesday,-0.00029329813755674117,0.00029329813755674117,-0.00025671116326830834
2019-02-07,Thursday,-0.0005938683097024278,0.0005938683097024278,0.0001856941246378696
2019-02-08,Friday,0.00018567343755782062,0.00018567343755782062,-0.0006927789121959904
2019-02-11,Monday,-0.0003327540947241081,0.0003327540947241081,0.00029587987277168715
2019-02-12,Tuesday,-0.0004189359028069495,0.0004189359028069495,-0.00019753626357599252
2019-02-13,Wednesday,0.00010909884355214672,0.00010909884355214672,0.0003999854550744697
2019-02-14,Thursday,-1.8546128950247542e-05,1.8546128950247542e-05,-0.0004727530592577578
2019-02-15,Friday,0.0005063474266699952,0.0005063474266699952,8.13360806852792e-05
2019-02-19,Tuesday,8.994423457475698e-05,8.994423457475698e-05,8.993452766370424e-05
2019-02-20,Wednesday,0.00032325263989640973,0.00032325263989640973,-0.0011486539133407359
2019-02-21,Thursday,0.0001436594859727247,0.0001436594859727247,-0.00025199798401609463
2019-02-22,Friday,-3.58551452133149e-05,3.58551452133149e-05,-7.171286170171154e-05
2019-02-25,Monday,-7.137504014842477e-05,7.137504014842477e-05,0.00028552053963371016
2019-02-26,Tuesday,0.000488444617000372,0.000488444617000372,-1.7883329160528483e-05
2019-02-27,Wednesday,-0.0001253649014095748,0.0001253649014095748,0.00026866794433222374
2019-02-28,Thursday,-0.0002686679443320017,0.0002686679443320017,0.00010749220681516292
2019-03-01,Friday,0.00017874059377631646,0.00017874059377631646,-0.0002501965830294939
2019-03-04,Monday,0.000287284088052564,0.000287284088052564,-0.0006282421783849745
2019-03-05,Tuesday,0.0001074652529013953,0.0001074652529013953,0.00039399691966046646
2019-03-06,Wednesday,-0.00014398848092156413,0.00014398848092156413,0.0005400248411429054
2019-03-07,Thursday,0.0005806990164411996,0.0005806990164411996,-0.0005803830528149367
2019-03-08,Friday,-0.00023807779649842598,0.00023807779649842598,-0.0005590867907135921
2019-03-11,Monday,-0.00021567217828899476,0.00021567217828899476,7.190623427066889e-05
2019-03-12,Tuesday,0.00021436993104440027,0.00021436993104440027,-7.14413288086524e-05
2019-03-13,Wednesday,-7.091444172602213e-05,7.091444172602213e-05,0.0007091947094073348
2019-03-14,Thursday,0.0,0.0,0.0
2019-03-15,Friday,-5.324341112800113e-05,5.324341112800113e-05,-0.0001952362358453863
2019-03-18,Monday,0.00023644097837638434,0.00023644097837638434,-0.0003455486248937767
2019-03-19,Tuesday,0.0002472187886282118,0.0002472187886282118,0.00014123795063736289
2019-03-20,Wednesday,0.002205589532072283,0.002205589532072283,0.0021286408628091724
2019-03-21,Thursday,0.0005100853627324486,0.0005100853627324486,0.0003870241362322613
2019-03-22,Friday,0.0007505360972122066,0.0007505360972122066,0.001089266263102573
2019-03-25,Monday,0.0003594923967356056,0.0003594923967356056,-0.0001796816041972349
2019-03-26,Tuesday,0.00019644611125979594,0.00019644611125979594,-0.0003928290836366921
2019-03-27,Wednesday,-0.00035743646566810394,0.00035743646566810394,0.000929667107662624
2019-03-28,Thursday,-7.132922001495956e-05,7.132922001495956e-05,7.133430823547116e-05
2019-03-29,Friday,-8.086603264845227e-05,8.086603264845227e-05,0.000602986556946794
2019-04-01,Monday,1.7510681515675586e-05,1.7510681515675586e-05,0.0003502136303143999
2019-04-02,Tuesday,-8.74814102002075e-05,8.74814102002075e-05,0.0001574803149606563
2019-04-03,Wednesday,-0.00045375218150089935,0.00045375218150089935,0.00010511244587241286
2019-04-04,Thursday,-0.00024419172538914236,0.00024419172538914236,6.97836706209376e-05
2019-04-05,Friday,-8.66791484641638e-05,8.66791484641638e-05,0.00017060189527629
2019-04-08,Monday,-0.00010401137191007326,0.00010401137191007326,-0.00022538532221427765
2019-04-09,Tuesday,-0.00017400382808430148,0.00017400382808430148,-0.00029586313719365265
2019-04-10,Wednesday,-0.00031249999999993783,0.00031249999999993783,0.0
2019-04-11,Thursday,-0.00013895643715700068,0.00013895643715700068,0.00022583559168931622
2019-04-12,Friday,0.00017286001202765355,0.00017286001202765355,0.00037946736580662943
2019-04-15,Monday,0.00012661359015764262,0.00012661359015764262,0.0
2019-04-16,Tuesday,-3.445661911671838e-05,3.445661911671838e-05,-0.0002760165403170589
2019-04-17,Wednesday,0.00024177114634071906,0.00024177114634071906,-0.0003798211387728845
2019-04-18,Thursday,1.7237812866222058e-05,1.7237812866222058e-05,-0.00034474437204801145
2019-04-22,Monday,-0.00010340192327562558,0.00010340192327562558,-3.447087211327915e-05
2019-04-23,Tuesday,-0.00018786719497199122,0.00018786719497199122,0.0001024905196269632
2019-04-24,Wednesday,-1.709840129948681e-05,1.709840129948681e-05,0.00048251209956373664
2019-04-25,Thursday,0.0005469150572550152,0.0005469150572550152,0.00010248701831083729
2019-04-26,Friday,-0.00033988716019828225,0.00033988716019828225,-0.0001197174667785239
2019-04-29,Monday,6.79798099965101e-05,6.79798099965101e-05,3.398817211608396e-05
2019-04-30,Tuesday,0.00017010274205619957,0.00017010274205619957,-0.00044218439089094286
2019-05-01,Wednesday,-0.0002378121284186685,0.0002378121284186685,0.001461094121644635
2019-05-02,Thursday,-0.00024056636194924597,0.00024056636194924597,0.0007905953526741172
2019-05-03,Friday,-0.00016486504860968587,0.00016486504860968587,-0.00037395886452473714
2019-05-06,Monday,-6.855419208873226e-05,6.855419208873226e-05,-0.00018854018476921475
2019-05-07,Tuesday,-3.481409274475045e-05,3.481409274475045e-05,-0.0008425010444228498
2019-05-08,Wednesday,-0.00013853773421546034,0.00013853773421546034,-0.0005369081021163735
2019-05-09,Thursday,0.0006627829908953942,0.0006627829908953942,-0.0015620500957588268
2019-05-10,Friday,0.0007675668132021141,0.0007675668132021141,0.0005926649002929718
2019-05-13,Monday,-0.0001778599886169685,0.0001778599886169685,0.0004981320049812776
2019-05-14,Tuesday,-0.0003159446745770733,0.0003159446745770733,-0.0008252563562298754
2019-05-15,Wednesday,0.00018953859089787528,0.00018953859089787528,4.6937404417635165e-05
2019-05-16,Thursday,-0.0003276355748372817,0.0003276355748372817,0.00020829717063008957
2019-05-17,Friday,0.00038242247253506,0.00038242247253506,-0.00045178105994780893
2019-05-20,Monday,8.787655102104885e-05,8.787655102104885e-05,-0.000931393223674859
2019-05-21,Tuesday,1.7440440894356257e-05,1.7440440894356257e-05,3.4880881788712514e-05
2019-05-22,Wednesday,-0.0002448579823701724,0.0002448579823701724,-0.0009097270818754222
2019-05-23,Thursday,-0.00016002844950213646,0.00016002844950213646,-0.0002845354958032065
2019-05-24,Friday,7.064641469445299e-05,7.064641469445299e-05,-0.00043800777110569733
2019-05-28,Tuesday,-0.00036693676798416064,0.00036693676798416064,-0.0005132652519423964
2019-05-29,Wednesday,0.00012580650958837758,0.00012580650958837758,0.0004312823461760651
2019-05-30,Thursday,0.00037667485785020105,0.00037667485785020105,-0.00017930787161557493
2019-05-31,Friday,-0.0003887743662074339,0.0003887743662074339,-0.0012300567996818002
2019-06-03,Monday,-0.0006674668994618438,0.0006674668994618438,0.0014865504313323896
2019-06-04,Tuesday,-7.148473800833166e-05,7.148473800833166e-05,3.57449242207597e-05
2019-06-05,Wednesday,-0.00046020957235903825,0.00046020957235903825,0.00015937948254785006
2019-06-06,Thursday,-0.00021111620202318715,0.00021111620202318715,0.00021151337822122862
2019-06-07,Friday,-0.00010406188213263334,0.00010406188213263334,-0.00051167752174619
2019-06-10,Monday,-0.0008976040875511293,0.0008976040875511293,-0.00046648237733237785
2019-06-11,Tuesday,0.0004333492885186807,0.0004333492885186807,0.0003954842884876797
2019-06-12,Wednesday,-0.00015256900193172385,0.00015256900193172385,-0.00015605763728743227
2019-06-13,Thursday,0.0,0.0,3.45363495077855e-05
2019-06-14,Friday,0.00010389610389593962,0.00010389610389593962,0.0003462843687236372
2019-06-17,Monday,0.00012069797917080294,0.00012069797917080294,0.0002930882885370245
2019-06-18,Tuesday,0.00020517730738989215,0.00020517730738989215,0.00010257111597367086
2019-06-19,Wednesday,0.00017112153051090928,0.00017112153051090928,0.003079765937788581
2019-06-20,Thursday,0.00016949152542378165,0.00016949152542378165,0.00010167940483651883
2019-06-21,Friday,0.0004532799130789744,0.0004532799130789744,-0.00036686586929046694
2019-06-24,Monday,6.805267276877025e-05,6.805267276877025e-05,3.402286336418037e-05
2019-06-25,Tuesday,5.1396265204672886e-05,5.1396265204672886e-05,-0.0004111419467571764
2019-06-26,Wednesday,6.873560848186244e-05,6.873560848186244e-05,3.436544211132819e-05
2019-06-27,Thursday,-0.0002055709733785882,0.0002055709733785882,8.567071603571286e-05
2019-06-28,Friday,-0.00010254657323549576,0.00010254657323549576,0.000467313202059616
2019-07-01,Monday,-0.0003170781334780326,0.0003170781334780326,-0.0004952846190378057
2019-07-02,Tuesday,-0.00013533173190793946,0.00013533173190793946,0.00033837512266110537
2019-07-03,Wednesday,-3.315916398716201e-05,3.315916398716201e-05,-0.00010048231511261552
2019-07-05,Friday,0.00022346863587507926,0.00022346863587507926,0.00016772895001659904
2019-07-08,Monday,-0.00013485267345436647,0.00013485267345436647,-0.00035403601051975375
2019-07-09,Tuesday,0.00010108157282928687,0.00010108157282928687,-0.00036384462486949154
2019-07-10,Wednesday,0.0007025056033185262,0.0007025056033185262,-0.0004345791268302035
2019-07-11,Thursday,6.700391972924713e-05,6.700391972924713e-05,0.00026800670016746686
2019-07-12,Friday,0.0,0.0,6.666666666665932e-05
2019-07-15,Monday,4.9927604972799244e-05,4.9927604972799244e-05,3.328230047272562e-05
2019-07-16,Tuesday,8.34473780835232e-05,8.34473780835232e-05,0.0005674042922465539
2019-07-17,Wednesday,-0.00033447053314605846,0.00033447053314605846,-0.0005068813747024503
2019-07-18,Thursday,0.0002015858083590505,0.0002015858083590505,0.00028551754253380857
2019-07-19,Friday,0.0003344257909170256,0.0003344257909170256,-0.0002005883926183838
2019-07-22,Monday,0.00010065425264205174,0.00010065425264205174,0.0
2019-07-23,Tuesday,0.0,0.0,-0.0005337959564957195
2019-07-24,Wednesday,0.00013315135980818127,0.00013315135980818127,0.0007159263491185452
2019-07-25,Thursday,0.0007008176205574035,0.0007008176205574035,0.00026679116921224377
2019-07-26,Friday,-9.941346058250922e-05,9.941346058250922e-05,-0.00013256226283786532
2019-07-29,Monday,0.0,0.0,-0.00018244543222978304
2019-07-30,Tuesday,0.0004989024146875298,0.0004989024146875298,0.0009474576552914726
2019-07-31,Wednesday,-0.001129905951945842,0.001129905951945842,-0.0007319913491932173
2019-08-01,Thursday,0.0003373819163292602,0.0003373819163292602,-0.0032716111841883944
2019-08-02,Friday,-6.860592755209005e-05,6.860592755209005e-05,0.0006432467666128705
2019-08-05,Monday,-0.00029915357136567344,0.00029915357136567344,0.00021123041718018598
2019-08-06,Tuesday,-0.0005583083257727495,0.0005583083257727495,-0.0010125344785447687
2019-08-07,Wednesday,0.0005230855070443852,0.0005230855070443852,0.0002788136479279224
2019-08-08,Thursday,-0.0004784034991798247,0.0004784034991798247,-0.0007511118814824691
2019-08-09,Friday,-3.4250094187893154e-05,3.4250094187893154e-05,-0.00019934360466666856
2019-08-12,Monday,-0.0004793926999203668,0.0004793926999203668,0.0006589443018658603
2019-08-13,Tuesday,-0.0001366680333471093,0.0001366680333471093,0.0004271459814106926
2019-08-14,Wednesday,7.004763239026879e-05,7.004763239026879e-05,-0.0015934441156386647
2019-08-15,Thursday,-0.0002122466305847226,0.0002122466305847226,0.00010756508041187551
2019-08-16,Friday,-0.00013846579894771782,0.00013846579894771782,-0.0002423487051654849
2019-08-19,Monday,-0.0002391935759439301,0.0002391935759439301,0.000227622270071004
2019-08-20,Tuesday,-0.0007210548001649331,0.0007210548001649331,-0.00048103353490946965
2019-08-21,Wednesday,-0.0011285963531867393,0.0011285963531867393,0.0017125047093879964
2019-08-22,Thursday,0.0002050510918971682,0.0002050510918971682,-6.833635152236894e-05
2019-08-23,Friday,-0.0006628986114018964,0.0006628986114018964,-0.0004887756170791624
2019-08-26,Monday,-0.0006268937415108145,0.0006268937415108145,-0.0009757797525700163
2019-08-27,Tuesday,0.0006453071731720161,0.0006453071731720161,-0.0010433180364344263
2019-08-28,Wednesday,0.00020797947935813355,0.00020797947935813355,-0.00031190434933303646
2019-08-29,Thursday,0.0005018092442137245,0.0005018092442137245,-0.0001023576375855928
2019-08-30,Friday,0.0004788289212667163,0.0004788289212667163,0.00017092848352251444
2019-09-03,Tuesday,0.00029333609414372575,0.00029333609414372575,0.00038328993865643923
2019-09-04,Wednesday,-3.410641200540798e-05,3.410641200540798e-05,0.00039938867270961076
2019-09-05,Thursday,8.397574780416583e-05,8.397574780416583e-05,-0.00011755222677511945
2019-09-06,Friday,-0.0002511469041958092,0.0002511469041958092,-0.00016077708926476308
2019-09-09,Monday,-3.391536806052198e-05,3.391536806052198e-05,0.00036099264582412083
2019-09-10,Tuesday,0.00026921523758249855,0.00026921523758249855,-0.0008868239691428581
2019-09-11,Wednesday,-3.337895123334267e-05,3.337895123334267e-05,-0.00031710532903839184
2019-09-12,Thursday,-0.00019855058076045928,0.00019855058076045928,-0.0002647954455182733
2019-09-13,Friday,0.00036527860795643186,0.00036527860795643186,4.979170470376104e-06
2019-09-16,Monday,0.0003663491640577554,0.0003663491640577554,-0.0003662271940338968
2019-09-17,Tuesday,0.00047287621965441673,0.00047287621965441673,0.0001224897914080536
2019-09-18,Wednesday,0.0010330815981216546,0.0010330815981216546,-0.0016975103181999796
2019-09-19,Thursday,6.627564038841349e-05,6.627564038841349e-05,-8.283906027384269e-05
2019-09-20,Friday,0.0012388254595372405,0.0012388254595372405,-0.0007858611868176713
2019-09-23,Monday,-3.347616497073602e-05,3.347616497073602e-05,-0.00011717246112374902
2019-09-24,Tuesday,-0.00022439107268756864,0.00022439107268756864,-0.0007955718807658441
2019-09-25,Wednesday,0.00020210866709335917,0.00020210866709335917,0.00030309153364305175
2019-09-26,Thursday,0.00047157100511996397,0.00047157100511996397,-3.366549959615828e-05
2019-09-27,Friday,-0.00013548758595005594,0.00013548758595005594,-0.0008130356719401322
2019-09-30,Monday,-0.00011772620248917676,0.00011772620248917676,-1.7492803561558468e-05
2019-10-01,Tuesday,6.820351930159063e-05,6.820351930159063e-05,0.00047739207529140515
2019-10-02,Wednesday,-0.00038286171730883556,0.00038286171730883556,0.001323119777158821
2019-10-03,Thursday,-0.00015518044036766376,0.00015518044036766376,-0.0005518287951161716
2019-10-04,Friday,-0.00023887523887522466,0.00023887523887522466,0.0004095982523806274
2019-10-07,Monday,-0.0002710486193460149,0.0002710486193460149,-0.000508353949910112
2019-10-08,Tuesday,-0.00037848811203256005,0.00037848811203256005,-0.000671198692023034
2019-10-09,Wednesday,-0.00020590253946461967,0.00020590253946461967,-0.0006521366054573763
2019-10-10,Thursday,-0.0004089979550102596,0.0004089979550102596,0.0006137479541734603
2019-10-11,Friday,-0.0003689789346572603,0.0003689789346572603,-0.00015099911078286787
2019-10-14,Monday,0.00013497098123882445,0.00013497098123882445,-0.00030196700293527723
2019-10-15,Tuesday,0.00030052592036056147,0.00030052592036056147,-0.00016690868425883743
2019-10-16,Wednesday,-0.0001677289500168211,0.0001677289500168211,0.0002684113403790267
2019-10-17,Thursday,-0.00011690437222344752,0.00011690437222344752,-0.0010021378941742487
2019-10-18,Friday,3.34918614777191e-05,3.34918614777191e-05,-0.000837268495261112
2019-10-21,Monday,0.00023358248798710513,0.00023358248798710513,0.0003693077564637104
2019-10-22,Tuesday,0.00014975290770236072,0.00014975290770236072,3.327344113923658e-05
2019-10-23,Wednesday,-0.00011694147914276254,0.00011694147914276254,-0.0003842812270267171
2019-10-24,Thursday,-8.340422692609817e-05,8.340422692609817e-05,0.00041704896154803883
2019-10-25,Friday,9.94299350389749e-05,9.94299350389749e-05,-0.0007290803645402244
2019-10-28,Monday,0.0002636522426917587,0.0002636522426917587,-0.00016473921781823275
2019-10-29,Tuesday,-0.00034562780822600114,0.00034562780822600114,-0.0006091738285751713
2019-10-30,Wednesday,-0.0006611788819465003,0.0006611788819465003,0.0015485032844082536
2019-10-31,Thursday,-0.00029766826525556844,0.00029766826525556844,-0.00046319272125716626
2019-11-01,Friday,6.539153179652146e-05,6.539153179652146e-05,-0.0003756438908990578
2019-11-04,Monday,0.0,0.0,-0.0002600780234071065
2019-11-05,Tuesday,1.6269951027325646e-05,1.6269951027325646e-05,0.0
2019-11-06,Wednesday,9.76880494951704e-05,9.76880494951704e-05,-0.00013023800996325718
2019-11-07,Thursday,0.00028599032815024295,0.00028599032815024295,0.0002752234166560896
2019-11-08,Friday,0.00013339824732216954,0.00013339824732216954,-0.0001298069122179779
2019-11-11,Monday,-0.00012965964343603087,0.00012965964343603087,-0.00017830223850334725
2019-11-12,Tuesday,-0.00042003231017773146,0.00042003231017773146,-0.0005818275850922872
2019-11-13,Wednesday,-0.00029141302940027813,0.00029141302940027813,9.717543405018958e-05
2019-11-14,Thursday,0.0004210526315788776,0.0004210526315788776,-1.6187254156085906e-05
2019-11-15,Friday,-6.427974545220039e-05,6.427974545220039e-05,0.00028927744921558585
2019-11-18,Monday,-0.0001281517316503722,0.0001281517316503722,-0.0004005190727182084
2019-11-19,Tuesday,0.0003526319163942304,0.0003526319163942304,0.0003525076109598402
2019-11-20,Wednesday,-0.0003870967741935738,0.0003870967741935738,-0.00011294330246203188
2019-11-21,Thursday,-1.6109544905384965e-05,1.6109544905384965e-05,-0.0004671843283822197
2019-11-22,Friday,-0.0002894821486008059,0.0002894821486008059,-0.0002895659727807365
2019-11-25,Monday,0.0,0.0,4.794017066700462e-05
2019-11-26,Tuesday,0.0002827767593844843,0.0002827767593844843,-0.0003665163418482553
2019-11-27,Wednesday,-1.5858390912670828e-06,1.5858390912670828e-06,-9.515049636854567e-05
2019-11-29,Friday,,,
2019-12-02,Monday,-0.0001281886937573029,0.0001281886937573029,0.00012820512820521657
2019-12-03,Tuesday,0.00011334563943132814,0.00011334563943132814,0.00019428164362267353
2019-12-04,Wednesday,6.416837782330376e-05,6.416837782330376e-05,0.00022136598855948542
2019-12-05,Thursday,3.209551625626972e-05,3.209551625626972e-05,-0.00022465419300998768
2019-12-06,Friday,2.761334962619877e-05,2.761334962619877e-05,0.00023200457026795185
2019-12-09,Monday,-0.00019622391406592943,0.00019622391406592943,-0.0003657993511038127
2019-12-10,Tuesday,-6.372673973997767e-05,6.372673973997767e-05,0.00017525970301446314
2019-12-11,Wednesday,-6.372064867610217e-05,6.372064867610217e-05,0.0007092560140193882
2019-12-12,Thursday,3.1308307770094856e-05,3.1308307770094856e-05,-0.0006008475112265765
2019-12-13,Friday,6.300601707454057e-05,6.300601707454057e-05,-0.00018900316580305887
2019-12-16,Monday,0.00015622558975159073,0.00015622558975159073,-0.0003124023742581139
2019-12-17,Tuesday,-9.378223764411331e-05,9.378223764411331e-05,-0.0002185399405971733
2019-12-18,Wednesday,-0.0001562451173401369,0.0001562451173401369,-0.0002969028346407887
2019-12-19,Thursday,-0.0001402786869915129,0.0001402786869915129,9.35307872174107e-05
2019-12-20,Friday,-3.1143916035980546e-05,3.1143916035980546e-05,-0.0002491552081224091
2019-12-23,Monday,3.111581305614841e-05,3.111581305614841e-05,0.00020224019912884472
2019-12-24,Tuesday,-3.1133250300019455e-07,3.1133250300019455e-07,
2019-12-26,Thursday,6.20462865299487e-05,6.20462865299487e-05,0.00015510609256730312
2019-12-27,Friday,9.290226681524238e-05,9.290226681524238e-05,0.00034061000154816945
2019-12-30,Monday,-0.00035588294714605784,0.00035588294714605784,-0.0006840370623718561
2019-12-31,Tuesday,-3.1160413810238374e-05,3.1160413810238374e-05,-4.6742805503097173e-05
2020-01-02,Thursday,1.5471733143535005e-05,1.5471733143535005e-05,0.00029396292972738713
2020-01-03,Friday,0.00030965504428071,0.00030965504428071,-0.0009091753343238862
2020-01-06,Monday,-0.0003873026692899906,0.0003873026692899906,0.00030996218461365466
2020-01-07,Tuesday,-0.00030945381401814576,0.00030945381401814576,-9.317728665880765e-05
2020-01-08,Wednesday,0.00021563010196223864,0.00021563010196223864,0.0002463736872904132
2020-01-09,Thursday,0.00018394187436765463,0.00018394187436765463,0.00015356792545362374
2020-01-10,Friday,-0.0001530175052025795,0.0001530175052025795,-9.182455388567767e-05
2020-01-13,Monday,3.055954527386717e-05,3.055954527386717e-05,9.167863582182356e-05
2020-01-14,Tuesday,-6.104633416759153e-05,6.104633416759153e-05,-0.0007970302001488738
2020-01-15,Wednesday,0.00022870734607982612,0.00022870734607982612,0.00022865156550100352
2020-01-16,Thursday,-0.00012754483761512336,0.00012754483761512336,-4.545041359871327e-05
2020-01-17,Friday,3.015135982620265e-05,3.015135982620265e-05,1.5075225374694412e-05
2020-01-21,Tuesday,-0.00030211480362540843,0.00030211480362540843,0.000815956482321134
2020-01-22,Wednesday,0.00010540422520355364,0.00010540422520355364,0.00033123550844660343
2020-01-23,Thursday,6.038647343009629e-05,6.038647343009629e-05,0.00018114301240834685
2020-01-24,Friday,-3.044418059505727e-05,3.044418059505727e-05,-0.0011264689764355351
2020-01-27,Monday,-0.0006161049842893229,0.0006161049842893229,-0.0002003637372460787
2020-01-28,Tuesday,0.00032712409009039156,0.00032712409009039156,0.00018336287512976668
2020-01-29,Wednesday,0.00024387269845127513,0.00024387269845127513,0.0012193709618433246
2020-01-30,Thursday,0.0001685410568479373,0.0001685410568479373,6.161619273559182e-05
2020-01-31,Friday,0.0005516621185808201,0.0005516621185808201,0.0008150994855264937
2020-02-03,Monday,-0.000338857741359222,0.000338857741359222,-0.00040337628104325507
2020-02-04,Tuesday,-0.00015167602002108538,0.00015167602002108538,0.000309456630563254
2020-02-05,Wednesday,-0.0001505570611262108,0.0001505570611262108,-0.0003011685339115999
2020-02-06,Thursday,4.492766645691759e-05,4.492766645691759e-05,-7.637234362756207e-05
2020-02-07,Friday,-0.0005414108583121635,0.0005414108583121635,-0.0006019091872899729
2020-02-10,Monday,-0.00013505604826002937,0.00013505604826002937,-0.00012006603631986579
2020-02-11,Tuesday,0.00011909369696616601,0.00011909369696616601,-0.0009526361227710778
2020-02-12,Wednesday,0.00013353511973646093,0.00013353511973646093,-0.00017802569504177246
2020-02-13,Thursday,8.879286105378803e-05,8.879286105378803e-05,0.0005170546648423091
2020-02-14,Friday,0.0002079743300256176,0.0002079743300256176,0.000430701598051364
2020-02-18,Tuesday,-0.00016357850281056852,0.00016357850281056852,-8.923790826353972e-05
2020-02-19,Wednesday,0.00011811953697149491,0.00011811953697149491,2.9527268432305576e-05
2020-02-20,Thursday,0.000818805734617456,0.000818805734617456,0.0006247582780471994
2020-02-21,Friday,0.00021106883396027065,0.00021106883396027065,0.0006093889120035723
2020-02-24,Monday,-0.0004340826057340763,0.0004340826057340763,-3.0977015054833856e-05
2020-02-25,Tuesday,-0.00033323812244112627,0.00033323812244112627,-0.00047144353789008164
2020-02-26,Wednesday,-0.0003535954225464266,0.0003535954225464266,0.0013826366559486214
2020-02-27,Thursday,-0.0010509721492379942,0.0010509721492379942,0.0007890065093036913
2020-02-28,Friday,-0.0031698997346932822,0.0031698997346932822,-0.0028343299574850045
2020-03-02,Monday,0.0006610696106299496,0.0006610696106299496,9.909493294557592e-05
2020-03-03,Tuesday,-0.0003331223558413754,0.0003331223558413754,-0.002232589136954455
2020-03-04,Wednesday,0.0002912809890607271,0.0002912809890607271,-0.0017794745696907421
2020-03-05,Thursday,-0.0013509951232372197,0.0013509951232372197,-0.0028474518110849223
2020-03-06,Friday,-0.0021113570577218077,0.0021113570577218077,0.0011603303528771036
2020-03-09,Monday,-0.00018126450115996118,0.00018126450115996118,-0.004713560551124041
2020-03-10,Tuesday,-0.0029801995842655415,0.0029801995842655415,0.0007598509244852725
2020-03-11,Wednesday,0.000326134222351282,0.000326134222351282,-0.004201832868475308
2020-03-12,Thursday,-0.0027615713730066993,0.0027615713730066993,-0.0005933014279412285
2020-03-13,Friday,-0.0040880866982915265,0.0040880866982915265,-0.0016264570344267648
2020-03-16,Monday,-0.0027103559870549354,0.0027103559870549354,-0.002251064692760152
2020-03-17,Tuesday,0.0009616925789390773,0.0009616925789390773,-0.0003603459320947744
2020-03-18,Wednesday,-0.0012936052779094487,0.0012936052779094487,-0.002935716444329328
2020-03-19,Thursday,-0.000777159685863893,0.000777159685863893,-0.0044211560504340275
2020-03-20,Friday,-0.00035739062795636656,0.00035739062795636656,-0.0007570977917981114
2020-03-23,Monday,-0.0030050233225691336,0.0030050233225691336,-0.0005285412262157063
2020-03-24,Tuesday,0.0012223908278536921,0.0012223908278536921,-0.005599528460761283
2020-03-25,Wednesday,-0.0003542470282610344,0.0003542470282610344,-0.004685039370078692
2020-03-26,Thursday,-7.790285513975537e-05,7.790285513975537e-05,0.002376314764316323
2020-03-27,Friday,-0.0012125004889114166,0.0012125004889114166,-0.00106238007596815
2020-03-30,Monday,-9.649156663693592e-05,9.649156663693592e-05,-0.0007526632700324276
2020-03-31,Tuesday,-0.0011538313660655053,0.0011538313660655053,0.0002694380292531662
2020-04-01,Wednesday,-2.0169423154525745e-05,2.0169423154525745e-05,0.001553076907561568
2020-04-02,Thursday,-0.0016917747522757765,0.0016917747522757765,-0.002662793512466788
2020-04-03,Friday,0.0006095578673601665,0.0006095578673601665,-0.0007716362750274097
2020-04-06,Monday,-0.0011415525114155667,0.0011415525114155667,-0.0006665777896280867
2020-04-07,Tuesday,-0.0008493980353052599,0.0008493980353052599,-0.001145771732702583
2020-04-08,Wednesday,0.0004983259651134553,0.0004983259651134553,0.0025144209436473997
2020-04-09,Thursday,-0.00032157787544229155,0.00032157787544229155,-0.0036103366931159453
2020-04-13,Monday,0.0004378283712784814,0.0004378283712784814,0.0004741237827783351
2020-04-14,Tuesday,-0.0008458149779736468,0.0008458149779736468,0.00012345243554023888
2020-04-15,Wednesday,0.0007756692402047793,0.0007756692402047793,0.0015220376414111225
2020-04-16,Thursday,-0.0020902407380714028,0.0020902407380714028,0.0020195833128677787
2020-04-17,Friday,-0.0005280202759785357,0.0005280202759785357,-0.0008100873485489268
2020-04-20,Monday,-0.0004213187276174146,0.0004213187276174146,0.0009114857744993987
2020-04-21,Tuesday,-0.0012042916575432105,0.0012042916575432105,0.0020097197354478347
2020-04-22,Wednesday,-0.00014324082363481594,0.00014324082363481594,0.0001432613445078168
2020-04-23,Thursday,-0.0004927111619265068,0.0004927111619265068,0.0003217388195759785
2020-04-24,Friday,-0.00042627260132854783,0.00042627260132854783,0.0005426298464894508
2020-04-27,Monday,0.000907472688562283,0.000907472688562283,0.00012204264518711483
2020-04-28,Tuesday,0.0004522525656636134,0.0004522525656636134,0.0013387811875162914
2020-04-29,Wednesday,-0.00081718819163068,0.00081718819163068,-0.0009541659567217087
2020-04-30,Thursday,0.00041492341205362493,0.00041492341205362493,0.0006221269830297693
2020-05-01,Friday,-0.0012767768477797148,0.0012767768477797148,0.0020241477272726627
2020-05-04,Monday,-0.0001776577600910434,0.0001776577600910434,3.553786559584715e-05
2020-05-05,Tuesday,-0.00034633234051406614,0.00034633234051406614,0.00029447937778259714
2020-05-06,Wednesday,-0.0008013937282230765,0.0008013937282230765,-0.00046033611511198114
2020-05-07,Thursday,-0.0002596818032304382,0.0002596818032304382,-0.0005367965367963912
2020-05-08,Friday,3.435127614981326e-05,3.435127614981326e-05,-0.0007041406907447589
2020-05-11,Monday,0.00022158209616662816,0.00022158209616662816,-0.001460371448971265
2020-05-12,Tuesday,-0.00015164292414215907,0.00015164292414215907,-0.000497563653833133
2020-05-13,Wednesday,-0.00032052423519368656,0.00032052423519368656,-0.0019237620235125208
2020-05-14,Thursday,-0.00035450935904690617,0.00035450935904690617,-0.00074481291009032
2020-05-15,Friday,0.0011579353661530511,0.0011579353661530511,0.001454583691137712
2020-05-18,Monday,0.00019553979810016386,0.00019553979810016386,0.0007495389794094365
2020-05-19,Tuesday,0.00017225625232675235,0.00017225625232675235,-0.0005752182445692977
2020-05-20,Wednesday,0.00043844856661046094,0.00043844856661046094,-0.0006742406364831366
2020-05-21,Thursday,0.00037262872628729404,0.00037262872628729404,0.0009480598632085613
2020-05-22,Friday,6.785181164326026e-05,6.785181164326026e-05,0.0014004138820096212
2020-05-26,Tuesday,0.0002656571694230614,0.0002656571694230614,-0.00029878494123902755
2020-05-27,Wednesday,0.001964309495272154,0.001964309495272154,0.0004316330182312367
2020-05-28,Thursday,0.0004078769190609677,0.0004078769190609677,-0.0006193941809564674
2020-05-29,Friday,0.0002656571694230614,0.0002656571694230614,-0.0005308237993638665
2020-06-01,Monday,-0.000162139191265398,0.000162139191265398,3.269469692002147e-05
2020-06-02,Tuesday,6.545951931213878e-05,6.545951931213878e-05,1.660751460730303e-05
2020-06-03,Wednesday,0.0007065775950667597,0.0007065775950667597,0.0013158317019159593
2020-06-04,Thursday,9.630818619577042e-05,9.630818619577042e-05,4.654514638446905e-05
2020-06-05,Friday,0.0012184834567436909,0.0012184834567436909,0.0004212759981900849
2020-06-08,Monday,-0.00040401529042477513,0.00040401529042477513,0.0009171744807860982
2020-06-09,Tuesday,0.00021741156008325824,0.00021741156008325824,-0.0011439274345098616
2020-06-10,Wednesday,-0.0017192335344315968,0.0017192335344315968,0.007014247690621422
2020-06-11,Thursday,-0.0016737225558727253,0.0016737225558727253,-0.0019395134779749412
2020-06-12,Friday,0.0016729122055674228,0.0016729122055674228,0.0021044192804891004
2020-06-15,Monday,0.0037492600144708454,0.0037492600144708454,0.004423039119323624
2020-06-16,Tuesday,0.0013911096897984976,0.0013911096897984976,0.0004949862681229433
2020-06-17,Wednesday,-0.0006694720734505832,0.0006694720734505832,6.379992344007768e-05
2020-06-18,Thursday,-0.0007696007696007534,0.0007696007696007534,-0.0013478386444594204
2020-06-19,Friday,0.0015572732291901925,0.0015572732291901925,-3.242647297252432e-05
2020-06-22,Monday,-0.0010790439992268697,0.0010790439992268697,-0.0008387346425462461
2020-06-23,Tuesday,-0.0013844905234010607,0.0013844905234010607,-0.00038212715751262394
2020-06-24,Wednesday,-0.0006252879615612494,0.0006252879615612494,-0.0018111766061843504
2020-06-25,Thursday,-0.000459679537693658,0.000459679537693658,3.285043198308912e-05
2020-06-26,Friday,-0.0010934755956130138,0.0010934755956130138,0.0012605320772240969
2020-06-29,Monday,0.00024700709733727066,0.00024700709733727066,-0.0002963158068022276
2020-06-30,Tuesday,-0.0004241297184430781,0.0004241297184430781,-0.00016352770717498188
2020-07-01,Wednesday,0.00014481327133175625,0.00014481327133175625,0.0009974901859837182
2020-07-02,Thursday,0.00015935747067818973,0.00015935747067818973,-0.0006054619036997
2020-07-06,Monday,-0.00041090265933940717,0.00041090265933940717,-0.0006003349236942679
2020-07-07,Tuesday,0.0001242881498997317,0.0001242881498997317,-0.001106754363774387
2020-07-08,Wednesday,0.00022302937615492624,0.00022302937615492624,-0.0007804287580034375
2020-07-09,Thursday,0.0003031463399068013,0.0003031463399068013,0.00030306413794223275
2020-07-10,Friday,0.00011058102429628569,0.00011058102429628569,0.00022144308233595922
2020-07-13,Monday,0.00015532291634290374,0.00015532291634290374,-0.0015841461141827828
2020-07-14,Tuesday,0.0008219004868181834,0.0008219004868181834,0.0009791535060013068
2020-07-15,Wednesday,3.1142946122608706e-05,3.1142946122608706e-05,0.002771635888013435
2020-07-16,Thursday,0.00037539461757263304,0.00037539461757263304,0.00011560043490765892
2020-07-17,Friday,0.0003735408560312514,0.0003735408560312514,0.0007934779226437261
2020-07-20,Monday,-0.0003391926966682668,0.0003391926966682668,0.00013072057010243832
2020-07-21,Tuesday,0.00039812574648601107,0.00039812574648601107,-4.592071024023259e-05
2020-07-22,Wednesday,0.0007851710441235671,0.0007851710441235671,0.000831308390799812
2020-07-23,Thursday,-0.0006799357151687779,0.0006799357151687779,-0.0018247610800110614
2020-07-24,Friday,0.0001871841267859775,0.0001871841267859775,0.00045226992716895786
2020-07-27,Monday,9.302325581383997e-05,9.302325581383997e-05,0.0
2020-07-28,Tuesday,-0.00016999443654575064,0.00016999443654575064,3.091381229136658e-05
2020-07-29,Wednesday,0.000833281896179372,0.000833281896179372,-0.0013262820315150803
2020-07-30,Thursday,0.0003707021716969905,0.0003707021716969905,-0.000648488404409675
2020-07-31,Friday,0.000651001302002685,0.000651001302002685,3.128969298904494e-05
2020-08-03,Monday,3.160325756645932e-05,3.160325756645932e-05,0.0003038682427300987
2020-08-04,Tuesday,0.0001518187890934275,0.0001518187890934275,0.00012447288767991616
2020-08-05,Wednesday,0.0005574219985837736,0.0005574219985837736,-0.00012075767157526673
2020-08-06,Thursday,0.0002403737812297635,0.0002403737812297635,0.0009162048093243058
2020-08-07,Friday,0.0009308750225212048,0.0009308750225212048,2.99994000121373e-05
2020-08-10,Monday,0.00029841838257227415,0.00029841838257227415,0.00037288944573710125
2020-08-11,Tuesday,4.447936898599458e-05,4.447936898599458e-05,5.929967088702526e-05
2020-08-12,Wednesday,0.00018142535811538352,0.00018142535811538352,-0.00026306444931056827
2020-08-13,Thursday,-0.0003406347654804076,0.0003406347654804076,0.0
2020-08-14,Friday,-0.00014818766485880097,0.00014818766485880097,-0.0006817844968134423
2020-08-17,Monday,5.9162845732929625e-05,5.9162845732929625e-05,-0.00014790711433221304
2020-08-18,Tuesday,-0.00011808466670604201,0.00011808466670604201,-0.00013286290024949743
2020-08-19,Wednesday,5.893272829049501e-05,5.893272829049501e-05,0.00038304016028756216
2020-08-20,Thursday,1.4811303987283253e-05,1.4811303987283253e-05,4.443259575226399e-05
2020-08-21,Friday,-0.0001431318125947323,0.0001431318125947323,8.175673681409812e-05
2020-08-24,Monday,-5.851717479077312e-05,5.851717479077312e-05,-0.00021097293343075307
2020-08-25,Tuesday,-5.244908068413601e-06,5.244908068413601e-06,0.00024826621597995313
2020-08-26,Wednesday,-7.665116257637994e-05,7.665116257637994e-05,0.0009567447623988201
2020-08-27,Thursday,1.4340618367469915e-05,1.4340618367469915e-05,0.001075515530444271
2020-08-28,Friday,7.15799118136129e-05,7.15799118136129e-05,-0.000128834619293694
2020-08-31,Monday,-0.00028520092405104336,0.00028520092405104336,-7.131853711428437e-05
2020-09-01,Tuesday,-6.546551675057355e-05,6.546551675057355e-05,0.00019698263592360377
2020-09-02,Wednesday,-0.00016833127595106134,0.00016833127595106134,-0.00046299544019645644
2020-09-03,Thursday,-0.0004195723255880912,0.0004195723255880912,0.0009839624826308846
2020-09-04,Friday,0.0011605529520646307,0.0011605529520646307,-0.0020250638335338467
2020-09-08,Tuesday,0.000711743772241924,0.000711743772241924,-0.0019272128199513405
2020-09-09,Wednesday,0.00011666415555389165,0.00011666415555389165,-0.0010258514567090815
2020-09-10,Thursday,-0.000236861584011816,0.000236861584011816,0.002339719861411238
2020-09-11,Friday,-0.0002111741281525248,0.0002111741281525248,0.0012673123925046603
2020-09-14,Monday,-0.0005066391265859949,0.0005066391265859949,0.00038377516679455326
2020-09-15,Tuesday,-0.00014655879939029504,0.00014655879939029504,-0.0007915335229106146
2020-09-16,Wednesday,0.0002638213050361049,0.0002638213050361049,0.00014652014652027923
2020-09-17,Thursday,0.00028407816635001026,0.00028407816635001026,0.001016381681214984
2020-09-18,Friday,-0.0009395078191295481,0.0009395078191295481,-0.0005763339096672704
2020-09-21,Monday,-0.00018538544724244765,0.00018538544724244765,0.0006798936893503971
2020-09-22,Tuesday,0.0008204442553709779,0.0008204442553709779,0.001184150599665923
2020-09-23,Wednesday,-0.0012724770642200678,0.0012724770642200678,-0.00030618493570122585
2020-09-24,Thursday,0.0,0.0,-0.0007980356046654036
2020-09-25,Friday,1.529426159296854e-05,1.529426159296854e-05,0.0007952772764812099
2020-09-28,Monday,-0.00012013268385968612,0.00012013268385968612,-0.0009713525710954851
2020-09-29,Tuesday,0.0002385560606743553,0.0002385560606743553,-0.000704975325863666
2020-09-30,Wednesday,8.888362171144415e-05,8.888362171144415e-05,0.0003848204763599039
2020-10-01,Thursday,-0.00023792529145838515,0.00023792529145838515,-0.0009222347831260302
2020-10-02,Friday,0.0007623318385650002,0.0007623318385650002,0.0011949572802771868
2020-10-05,Monday,-2.930294509406739e-05,2.930294509406739e-05,-0.0006363959270659914
2020-10-06,Tuesday,0.0,0.0,8.811349017534553e-05
2020-10-07,Wednesday,0.00046712497796574937,0.00046712497796574937,0.0002084923944323247
2020-10-08,Thursday,2.9161320424631043e-05,2.9161320424631043e-05,-5.8319239517046206e-05
2020-10-09,Friday,-0.00017295053614663214,0.00017295053614663214,-2.883007553478034e-05
2020-10-12,Monday,0.0003821061122826208,0.0003821061122826208,8.516056019236551e-05
2020-10-13,Tuesday,-0.0004086181277859202,0.0004086181277859202,0.0009148084619783337
2020-10-14,Wednesday,0.0003849402193585316,0.0003849402193585316,-0.00011515047093957342
2020-10-15,Thursday,0.0006060256262265806,0.0006060256262265806,4.326070341909016e-05
2020-10-16,Friday,0.00022904915967592032,0.00022904915967592032,-0.0010304851867755094
2020-10-19,Monday,-0.00017400382808419046,0.00017400382808419046,-0.0012762501450284125
2020-10-20,Tuesday,0.00044803100640655735,0.00044803100640655735,-0.0002602058517404693
2020-10-21,Wednesday,0.0008150670974880203,0.0008150670974880203,-0.0005235297539409878
2020-10-22,Thursday,0.00034850288966969956,0.00034850288966969956,0.00015968179772674063
2020-10-23,Friday,-0.00023222735057615296,0.00023222735057615296,0.0007549142010974119
2020-10-26,Monday,-0.0005927857968522909,0.0005927857968522909,0.0009786476868327565
2020-10-27,Tuesday,-0.00014721036360942907,0.00014721036360942907,-0.00029445540472905485
2020-10-28,Wednesday,-0.0013079847908745723,0.0013079847908745723,6.061157997927502e-05
2020-10-29,Thursday,0.0012067093037286813,0.0012067093037286813,0.00027177695729130313
2020-10-30,Friday,-0.0006807605781380399,0.0006807605781380399,0.0015419724912106858
2020-11-02,Monday,1.527183872940263e-05,1.527183872940263e-05,0.0007024831251334351
2020-11-03,Tuesday,0.0009515565770230605,0.0009515565770230605,5.964096141242159e-05
2020-11-04,Wednesday,8.673528391356378e-05,8.673528391356378e-05,-0.0007515971439308045
2020-11-05,Thursday,0.0008828136124163777,0.0008828136124163777,0.00048372410653318987
2020-11-06,Friday,0.0004342739749478852,0.0004342739749478852,-0.0007130226455992483
2020-11-09,Monday,-5.53801849697555e-05,5.53801849697555e-05,-0.0009996095707771602
2020-11-10,Tuesday,0.00031067303075671404,0.00031067303075671404,0.0
2020-11-11,Wednesday,0.000588993860558995,0.000588993860558995,0.00044826716723167515
2020-11-12,Thursday,0.00014145872234494483,0.00014145872234494483,0.0004950355011172913
2020-11-13,Friday,0.0003365114974762662,0.0003365114974762662,5.606166783467259e-05
2020-11-16,Monday,-0.00011093238671022743,0.00011093238671022743,-0.00022189554267326717
2020-11-17,Tuesday,0.00019392730496448074,0.00019392730496448074,0.0007478602886188401
2020-11-18,Wednesday,-2.7790901258928358e-05,2.7790901258928358e-05,0.0003335000833750712
2020-11-19,Thursday,0.0002384091100329222,0.0002384091100329222,0.00029443517518901174
2020-11-20,Friday,-8.119382926896623e-05,8.119382926896623e-05,-0.00011200089600704732
2020-11-23,Monday,0.0,0.0,-0.00025226336295081087
2020-11-24,Tuesday,0.0003580478131541831,0.0003580478131541831,6.883070400043323e-05
2020-11-25,Wednesday,-0.00016542597187763075,0.00016542597187763075,-0.00033917935142291356
2020-11-27,Friday,-1.3737773381650165e-05,1.3737773381650165e-05,-0.0001373815084489971
2020-11-30,Monday,-0.0006708728715298928,0.0006708728715298928,-6.929430677971027e-05
2020-12-01,Tuesday,5.4478099803745295e-05,5.4478099803745295e-05,0.00013646020591595587
2020-12-02,Wednesday,0.00013672409078480108,0.00013672409078480108,-3.499631445058604e-05
2020-12-03,Thursday,0.00015006002400963503,0.00015006002400963503,0.0006631569270436621
2020-12-04,Friday,5.4238759017222193e-05,5.4238759017222193e-05,-5.423581733376981e-05
2020-12-07,Monday,-0.0005159871885348499,0.0005159871885348499,-0.00048692472681433063
2020-12-08,Tuesday,-2.7292133920497896e-05,2.7292133920497896e-05,0.00020970003167120055
2020-12-09,Wednesday,0.000983499071139704,0.000983499071139704,0.001067657033190672
2020-12-10,Thursday,0.0002727768685215626,0.0002727768685215626,-0.0004905918981708002
2020-12-11,Friday,-2.7345565916436776e-05,2.7345565916436776e-05,-0.0005059068037628345
2020-12-14,Monday,0.00036797775778874,0.00036797775778874,-0.0009809264305177257
2020-12-15,Tuesday,-0.00021670820240560218,0.00021670820240560218,-0.0001896556395458715
2020-12-16,Wednesday,-0.0007121998702140919,0.0007121998702140919,0.00045996915500956526
2020-12-17,Thursday,-0.0002687232956225527,0.0002687232956225527,0.00020159935488228697
2020-12-18,Friday,-0.000705850414008502,0.000705850414008502,-0.0009269316010326323
2020-12-21,Monday,-0.0002985763964354904,0.0002985763964354904,-5.435225697758561e-05
2020-12-22,Tuesday,0.00012227928588903758,0.00012227928588903758,1.1139185480901759e-05
2020-12-23,Wednesday,2.7071658680544175e-05,2.7071658680544175e-05,-0.00013535462912817042
2020-12-24,Thursday,2.7098067907793677e-05,2.7098067907793677e-05,
2020-12-28,Monday,-5.211831394569266e-05,5.211831394569266e-05,0.0001883345423283611
2020-12-29,Tuesday,-0.00010464896996098538,0.00010464896996098538,-0.0006456993731335237
2020-12-30,Wednesday,3.653654998259093e-05,3.653654998259093e-05,-0.00032235534303981517
2020-12-31,Thursday,-0.00017484868863482106,0.00017484868863482106,-0.00016142484328340867
2021-01-04,Monday,-0.00013565207954624459,0.00013565207954624459,-0.00037988766179142264
2021-01-05,Tuesday,0.0015099223468506562,0.0015099223468506562,0.000619228387583215
2021-01-06,Wednesday,0.0008765405864852305,0.0008765405864852305,-0.00025717243026623926
2021-01-07,Thursday,0.00020265017882303837,0.00020265017882303837,0.00018467220683282548
2021-01-08,Friday,0.0009517766497462166,0.0009517766497462166,7.923302432466528e-05
2021-01-11,Monday,-0.0004218964244279144,0.0004218964244279144,-0.00010551584056550656
2021-01-12,Tuesday,0.0004040697290805806,0.0004040697290805806,0.0008046538009998105
2021-01-13,Wednesday,0.00023669261519043694,0.00023669261519043694,0.0005389985144677034
2021-01-14,Thursday,5.259835893123288e-05,5.259835893123288e-05,0.0002269477733478631
2021-01-15,Friday,0.00013271047881935338,0.00013271047881935338,0.000517515923566858
2021-01-19,Tuesday,-0.0002637756851574524,0.0002637756851574524,-0.0002242625718958946
2021-01-20,Wednesday,-0.00015631105900748565,0.00015631105900748565,0.00013027279122490576
2021-01-21,Thursday,0.0002082411432438036,0.0002082411432438036,0.00010904642931497399
2021-01-22,Friday,-0.00022180181355613282,0.00022180181355613282,0.0003654112181243896
2021-01-25,Monday,-0.0003390184113075678,0.0003390184113075678,0.0006261250684824748
2021-01-26,Tuesday,1.7943372277562375e-05,1.7943372277562375e-05,0.0004290617848969891
2021-01-27,Wednesday,0.001112907072259528,0.001112907072259528,-0.00025781518833212225
2021-01-28,Thursday,2.620064453573434e-05,2.620064453573434e-05,-0.00037361864592855287
2021-01-29,Friday,0.0016495848995374818,0.0016495848995374818,0.0017034303469760648
2021-02-01,Monday,-0.000342143801871142,0.000342143801871142,-0.00018600696197479394
2021-02-02,Tuesday,0.00020907926717717018,0.00020907926717717018,-0.000182906116903081
2021-02-03,Wednesday,0.000104095981190655,0.000104095981190655,-5.7130648401626516e-05
2021-02-04,Thursday,6.490134994807661e-05,6.490134994807661e-05,0.00037640340060995925
2021-02-05,Friday,-0.00029102332366182093,0.00029102332366182093,0.0003225931326373832
2021-02-08,Monday,0.0001285991692494548,0.0001285991692494548,0.00029574005734778197
2021-02-09,Tuesday,0.00023055640946822997,0.00023055640946822997,-2.5610818009558223e-05
2021-02-10,Wednesday,0.0002053124598999645,0.0002053124598999645,0.0
2021-02-11,Thursday,-0.00035942594541860107,0.00035942594541860107,-0.0010272741281009967
2021-02-12,Friday,-0.0003231433584701682,0.0003231433584701682,-6.398362019333081e-05
2021-02-16,Tuesday,0.00024203205013884066,0.00024203205013884066,0.00028272403332585405
2021-02-17,Wednesday,0.0005221458328010797,0.0005221458328010797,0.0008174317316780311
2021-02-18,Thursday,0.00025880248757870206,0.00025880248757870206,0.0011271646685111492
2021-02-19,Friday,0.00012998171556422022,0.00012998171556422022,-0.00019187474416693107
2021-02-22,Monday,3.8522779803651375e-05,3.8522779803651375e-05,-0.00030046996584387475
2021-02-23,Tuesday,-0.00012982292153507213,0.00012982292153507213,0.00018176624860433144
2021-02-24,Wednesday,-7.168367346932492e-05,7.168367346932492e-05,-0.0006377876422266615
2021-02-25,Thursday,-0.0003384403108444012,0.0003384403108444012,0.002786530899242079
2021-02-26,Friday,0.0010193869287697943,0.0010193869287697943,-0.0019210914936159673
2021-03-01,Monday,-4.877899751010162e-06,4.877899751010162e-06,0.000816667094554635
2021-03-02,Tuesday,0.00046733522065856015,0.00046733522065856015,-0.00033383837086886636
2021-03-03,Wednesday,-0.0004425585088382311,0.0004425585088382311,-0.0010808276796061556
2021-03-04,Thursday,0.002554244078186718,0.002554244078186718,-0.0009386649502508559
2021-03-05,Friday,0.00024910845395420544,0.00024910845395420544,-0.001677852348993203
2021-03-08,Monday,0.000585419160118672,0.000585419160118672,0.00047065676120539024
2021-03-09,Tuesday,5.1312312389528714e-05,5.1312312389528714e-05,0.00023088763468437357
2021-03-10,Wednesday,-0.0003590940569933032,0.0003590940569933032,0.0008468052347958555
2021-03-11,Thursday,0.00041033049472827265,0.00041033049472827265,0.0005748305782506957
2021-03-12,Friday,0.0006874602164226307,0.0006874602164226307,-0.0008142286455815606
2021-03-15,Monday,0.00030634041032895354,0.00030634041032895354,0.0002533120551206913
2021-03-16,Tuesday,-0.00039114744997093,0.00039114744997093,0.0010981936607716847
2021-03-17,Wednesday,0.004467005076142172,0.004467005076142172,-0.0011749248300779724
2021-03-18,Thursday,-0.0002525061232734327,0.0002525061232734327,-0.0008334806657742666
2021-03-19,Friday,0.0005753004346713553,0.0005753004346713553,-0.0006388633343554773
2021-03-22,Monday,-2.0593918437894487e-05,2.0593918437894487e-05,7.627474161941983e-05
2021-03-23,Tuesday,-0.0003572750124409829,0.0003572750124409829,0.00019146084625698556
2021-03-24,Wednesday,-0.0003961205739915208,0.0003961205739915208,-0.0004985554674915571
2021-03-25,Thursday,-0.0007486962358650429,0.0007486962358650429,-0.00012918561389008154
2021-03-26,Friday,-0.0002296094088833911,0.0002296094088833911,-0.0004593594487686259
2021-03-29,Monday,-0.0006824730802285073,0.0006824730802285073,0.0003285778498058889
2021-03-30,Tuesday,-0.0007578680203046417,0.0007578680203046417,0.0002745732240561072
2021-03-31,Wednesday,-0.00042744713484688113,0.00042744713484688113,0.0001509282084821706
2021-04-01,Thursday,0.00013762041786558044,0.00013762041786558044,0.00010007505629228142
2021-04-05,Monday,-7.378621673459484e-05,7.378621673459484e-05,-0.00046734718976759737
2021-04-06,Tuesday,-0.00013525643390266406,0.00013525643390266406,0.0004427173004082352
2021-04-07,Wednesday,2.460690471384197e-07,2.460690471384197e-07,0.00031963582677163593
2021-04-08,Thursday,-9.802239811806945e-05,9.802239811806945e-05,0.00031861183275339044
2021-04-09,Friday,-3.6602774490246404e-05,3.6602774490246404e-05,0.0001708150317227819
2021-04-12,Monday,0.0003773676778495716,0.0003773676778495716,-6.084279438778317e-05
2021-04-13,Tuesday,0.00027900093404653603,0.00027900093404653603,0.0002185302494617236
2021-04-14,Wednesday,4.853073208610503e-05,4.853073208610503e-05,-8.492672037274662e-05
2021-04-15,Thursday,-0.00012036446359564579,0.00012036446359564579,0.0005778120184900537
2021-04-16,Friday,9.843961209998753e-05,9.843961209998753e-05,0.0008162481394342613
2021-04-19,Monday,-0.00022909783683422447,0.00022909783683422447,0.00021732843295096949
2021-04-20,Tuesday,-0.00013352917612496906,0.00013352917612496906,0.0002537393162393986
2021-04-21,Wednesday,0.00044587445621391275,0.00044587445621391275,-3.613630614685004e-05
2021-04-22,Thursday,-0.000789160575965786,0.000789160575965786,4.860149206575848e-05
2021-04-23,Friday,0.0002757694567341318,0.0002757694567341318,-5.7296973329346024e-05
2021-04-26,Monday,0.00017476448689879298,0.00017476448689879298,2.3936042893524245e-05
2021-04-27,Tuesday,-0.00033540967896494855,0.00033540967896494855,-0.0004793059649627063
2021-04-28,Wednesday,-0.00014138170664501626,0.00014138170664501626,0.0008867585380467613
2021-04-29,Thursday,-7.166746297193605e-05,7.166746297193605e-05,-2.365195785658525e-05
2021-04-30,Friday,0.00037200595209507803,0.00037200595209507803,-0.0006717608531362496
2021-05-03,Monday,0.0003822538643476481,0.0003822538643476481,-0.0001537947542137319
2021-05-04,Tuesday,-0.0005078597339781554,0.0005078597339781554,0.0007379805947398399
2021-05-05,Wednesday,9.115374494328421e-06,9.115374494328421e-06,-0.0005756983340730049
2021-05-06,Thursday,0.00021622660548259454,0.00021622660548259454,3.6030409665821495e-05
2021-05-07,Friday,-0.00043135758595314044,0.00043135758595314044,0.0003795876728904801
2021-05-10,Monday,-0.0002372817008352568,0.0002372817008352568,-0.00023354615147264113
2021-05-11,Tuesday,0.00016898824324651507,0.00016898824324651507,0.00047066206463752813
2021-05-12,Wednesday,-9.821494340356285e-05,9.821494340356285e-05,-0.00014734050390452502
2021-05-13,Thursday,0.0012474927841104044,0.0012474927841104044,0.0009772066547772962
2021-05-14,Friday,-9.605455898953341e-05,9.605455898953341e-05,0.00021614871031272465
2021-05-17,Monday,-0.0003139869091611791,0.0003139869091611791,0.0008456353137307193
2021-05-18,Tuesday,6.024531893866758e-05,6.024531893866758e-05,-0.00031326056049540973
2021-05-19,Wednesday,0.0005617840306781918,0.0005617840306781918,-0.002780429099057957
2021-05-20,Thursday,9.635535856244992e-05,9.635535856244992e-05,0.0
2021-05-21,Friday,-0.00013229740456544015,0.00013229740456544015,7.193033102392832e-05
2021-05-24,Monday,5.9559261465169655e-05,5.9559261465169655e-05,0.00014293541701415613
2021-05-25,Tuesday,-0.00040333365173372826,0.00040333365173372826,-0.0004541328236981057
2021-05-26,Wednesday,2.388344877424231e-07,2.388344877424231e-07,-6.735002260527256e-05
2021-05-27,Thursday,-0.00022634676324118086,0.00022634676324118086,-0.0001549020542395141
2021-05-28,Friday,4.754037960985613e-05,4.754037960985613e-05,0.00010696204036042545
2021-06-01,Tuesday,-1.1916110581489114e-05,1.1916110581489114e-05,0.0004051670718336897
2021-06-02,Wednesday,0.0002263063234750895,0.0002263063234750895,0.00017862246356092903
2021-06-03,Thursday,-0.00022048482826009241,0.00022048482826009241,0.00032186538874179327
2021-06-04,Friday,0.00018760881666679552,0.00018760881666679552,2.368349378900625e-05
2021-06-07,Monday,6.64708940572023e-05,6.64708940572023e-05,4.74760542652497e-05
2021-06-08,Tuesday,1.184160666922729e-05,1.184160666922729e-05,0.00020154175893138948
2021-06-09,Wednesday,0.00018928191174749642,0.00018928191174749642,-5.9138004447234493e-05
2021-06-10,Thursday,-2.0986606300676947e-05,2.0986606300676947e-05,-0.0001650631956234827
2021-06-11,Friday,0.00021748113864705765,0.00021748113864705765,0.00015581508998319116
2021-06-14,Monday,7.086669973777049e-05,7.086669973777049e-05,-0.00010629251700688958
2021-06-15,Tuesday,0.0002708144450069838,0.0002708144450069838,0.00029427690279448804
2021-06-16,Wednesday,-0.00569541275730856,0.00569541275730856,0.0003327549734983837
2021-06-17,Thursday,0.0002842389502109022,0.0002842389502109022,-0.00027231825716322877
2021-06-18,Friday,-0.0003600316827879757,0.0003600316827879757,0.000816355931186008
2021-06-21,Monday,0.0003089720736779711,0.0003089720736779711,-0.0006296481098676532
2021-06-22,Tuesday,-0.00017755261475826956,0.00017755261475826956,9.471266545113544e-05
2021-06-23,Wednesday,-0.00014165643592412014,0.00014165643592412014,-0.00038961498955125684
2021-06-24,Thursday,0.00023522216733717904,0.00023522216733717904,-7.055171440673025e-05
2021-06-25,Friday,-0.00016421902125463017,0.00016421902125463017,0.00011732131963015924
2021-06-28,Monday,7.034162582941761e-05,7.034162582941761e-05,0.000281353309418364
2021-06-29,Tuesday,-0.0002059036623273114,0.0002059036623273114,-4.675191098446607e-05
2021-06-30,Wednesday,-0.00016358962374385388,0.00016358962374385388,0.0
2021-07-01,Thursday,-0.00015119091924076233,0.00015119091924076233,0.00029079911597063024
2021-07-02,Friday,5.76950814945576e-06,5.76950814945576e-06,6.92328994738034e-05
2021-07-06,Tuesday,4.6323640111589626e-05,4.6323640111589626e-05,0.00027769414271494597
2021-07-07,Wednesday,0.00013920591781868552,0.00013920591781868552,0.0014402414996945723
2021-07-08,Thursday,-0.00041787512471280763,0.00041787512471280763,0.00016248462199119906
2021-07-09,Friday,4.621114585257047e-05,4.621114585257047e-05,-5.747258557675661e-05
2021-07-12,Monday,1.1453179402654001e-05,1.1453179402654001e-05,8.017225581835596e-05
2021-07-13,Tuesday,-0.0012367685469457657,0.0012367685469457657,-0.0006881996696641579
2021-07-14,Wednesday,0.00018098925519494102,0.00018098925519494102,-2.290635880519698e-05
2021-07-15,Thursday,0.0005543360214432802,0.0005543360214432802,5.773538717357418e-05
2021-07-16,Friday,-0.0006092296327078195,0.0006092296327078195,-0.00018479164741758147
2021-07-19,Monday,0.0003790301565869125,0.0003790301565869125,0.0016339869281047914
2021-07-20,Tuesday,0.0005291460658882752,0.0005291460658882752,0.000533271504753019
2021-07-21,Wednesday,-4.609197653926422e-05,4.609197653926422e-05,-1.8667895828383685e-05
2021-07-22,Thursday,-5.744155321962818e-05,5.744155321962818e-05,0.00010340192327573661
2021-07-23,Friday,-5.684854410870077e-05,5.684854410870077e-05,-5.7311803502324565e-05
2021-07-26,Monday,0.00027229577816645367,0.00027229577816645367,-0.00012646157339080144
2021-07-27,Tuesday,0.00011459216647957682,0.00011459216647957682,0.0005729083117538281
2021-07-28,Wednesday,-0.0006275673208580024,0.0006275673208580024,0.0020665639093451205
2021-07-29,Thursday,3.3973545932264315e-05,3.3973545932264315e-05,-0.00010214134459674007
2021-07-30,Friday,-0.0003303864382062649,0.0003303864382062649,-0.00015271281784778878
2021-08-02,Monday,9.941627143361664e-05,9.941627143361664e-05,-0.0004103967168263001
2021-08-03,Tuesday,-1.1358473421152482e-05,1.1358473421152482e-05,-0.000193096241438373
2021-08-04,Wednesday,6.820662058926175e-05,6.820662058926175e-05,0.0003637521029418167
2021-08-05,Thursday,5.669062790536472e-05,5.669062790536472e-05,-7.845538133621766e-05
2021-08-06,Friday,0.0001152151812946478,0.0001152151812946478,-6.776521611451258e-05
2021-08-09,Monday,1.831556083264907e-05,1.831556083264907e-05,0.00015194853647781947
2021-08-10,Tuesday,4.515080368472368e-06,4.515080368472368e-06,-0.0005817681054722801
2021-08-11,Wednesday,-0.00018043416972080006,0.00018043416972080006,0.00011279297976485303
2021-08-12,Thursday,-3.3756793554773346e-05,3.3756793554773346e-05,7.876851060006906e-05
2021-08-13,Friday,-5.608839531112686e-05,5.608839531112686e-05,3.3654924837200895e-05
2021-08-16,Monday,-0.0001795130707954451,0.0001795130707954451,0.00012343877997600394
2021-08-17,Tuesday,0.0007464712269273921,0.0007464712269273921,0.00013562080423135114
2021-08-18,Wednesday,0.00010150681223497493,0.00010150681223497493,0.0017367376398411682
2021-08-19,Thursday,0.0008429782192653779,0.0008429782192653779,-0.0015593343804776172
2021-08-20,Friday,0.00015808848438303436,0.00015808848438303436,0.0004290488664078218
2021-08-23,Monday,2.233538818896541e-05,2.233538818896541e-05,0.00026801867196746265
2021-08-24,Tuesday,8.923790826331768e-05,8.923790826331768e-05,-2.2306988779696724e-05
2021-08-25,Wednesday,4.453648651647768e-05,4.453648651647768e-05,-4.453549478933283e-05
2021-08-26,Thursday,-0.0003463764553398585,0.0003463764553398585,-0.0002758497356626366
2021-08-27,Friday,-0.0001887420894860492,0.0001887420894860492,-0.00044418287008762825
2021-08-30,Monday,-0.00014792246213624072,0.00014792246213624072,0.00011040696005482076
2021-08-31,Tuesday,8.365567324886136e-05,8.365567324886136e-05,-0.0004204563057381705
2021-09-01,Wednesday,-2.2294324372729157e-05,2.2294324372729157e-05,-7.725842944639183e-05
2021-09-02,Thursday,2.210628702803419e-05,2.210628702803419e-05,-0.0005747507571235433
2021-09-03,Friday,-0.00011027668420060532,0.00011027668420060532,-0.00011029006286533694
2021-09-07,Tuesday,-0.0003647617994916308,0.0003647617994916308,0.00011057298923011771
2021-09-08,Wednesday,0.00019319165944975403,0.00019319165944975403,0.000888099467140302
2021-09-09,Thursday,-0.00037812703154260774,0.00037812703154260774,-0.0008848020661709199
2021-09-10,Friday,4.457917261069255e-05,4.457917261069255e-05,-0.00011144296349130389
2021-09-13,Monday,0.00019103699375189187,0.00019103699375189187,0.00029212170239545365
2021-09-14,Tuesday,-0.00033705592881372315,0.00033705592881372315,-4.473117351444511e-05
2021-09-15,Wednesday,0.0,0.0,-0.00016763147895670905
2021-09-16,Thursday,-0.0001343033016227846,0.0001343033016227846,-0.00020148201213365802
2021-09-17,Friday,0.00027178221185431006,0.00027178221185431006,-0.00012453723097127778
2021-09-20,Monday,-0.00023263350385405168,0.00023263350385405168,0.0
2021-09-21,Tuesday,0.0009096771221961397,0.0009096771221961397,2.3008605218421962e-05
2021-09-22,Wednesday,0.0014155897529568584,0.0014155897529568584,0.001596060011856526
2021-09-23,Thursday,-0.00022703720937555794,0.00022703720937555794,-8.99361453366998e-05
2021-09-24,Friday,0.0001580813441430795,0.0001580813441430795,0.0005419197507170459
2021-09-27,Monday,0.00035137573297250313,0.00035137573297250313,-0.0003832626927586791
2021-09-28,Tuesday,0.0002766889554992602,0.0002766889554992602,-0.00025332509354469845
2021-09-29,Wednesday,6.897661692684132e-05,6.897661692684132e-05,0.00039084952293366726
2021-09-30,Thursday,0.0013661518512515514,0.0013661518512515514,-0.0003005919348871844
2021-10-01,Friday,0.0005220522052205023,0.0005220522052205023,0.00032294526077825125
2021-10-04,Monday,0.0006261957624611458,0.0006261957624611458,0.0005144754688741759
2021-10-05,Tuesday,0.00017241379310339866,0.00017241379310339866,0.00020686326338292815
2021-10-06,Wednesday,0.0007166470166677374,0.0007166470166677374,0.00011550545185734507
2021-10-07,Thursday,-0.00034047575812601316,0.00034047575812601316,-0.0007422512623834754
2021-10-08,Friday,2.2828444241396184e-05,2.2828444241396184e-05,0.0006163398543610477
2021-10-11,Monday,-0.0002863852454321192,0.0002863852454321192,0.00046060772721023824
2021-10-12,Tuesday,-0.0002763703362506087,0.0002763703362506087,0.0009444828380555936
2021-10-13,Wednesday,0.00018400956849751182,0.00018400956849751182,4.5993928801557615e-05
2021-10-14,Thursday,6.760574590058965e-05,6.760574590058965e-05,-0.0003730415319572744
2021-10-15,Friday,9.605087285113889e-05,9.605087285113889e-05,0.0008527253551151581
2021-10-18,Monday,-0.0001790951218966219,0.0001790951218966219,0.00026868478796293616
2021-10-19,Tuesday,6.638394654112645e-05,6.638394654112645e-05,-0.00015540705548033884
2021-10-20,Wednesday,0.0002988014740872291,0.0002988014740872291,0.00025445855644545823
2021-10-21,Thursday,0.00013276392361638578,0.00013276392361638578,0.00013274629969695084
2021-10-22,Friday,0.000596645526263595,0.000596645526263595,0.0001325117604187298
2021-10-25,Monday,-6.587615283260018e-05,6.587615283260018e-05,-0.00019280600816906635
2021-10-26,Tuesday,0.0003723089726461737,0.0003723089726461737,0.00021892377074306246
2021-10-27,Wednesday,-0.00019695378151252108,0.00019695378151252108,0.00010944271768154046
2021-10-28,Thursday,0.00010932785236361653,0.00010932785236361653,0.0005465914556823659
2021-10-29,Friday,-0.00017440592980155767,0.00017440592980155767,0.00019624089660275068
2021-11-01,Monday,0.00016346635862340975,0.00016346635862340975,-0.00039225941422593724
2021-11-02,Tuesday,-8.664572728245279e-05,8.664572728245279e-05,-2.1663308853780983e-05
2021-11-03,Wednesday,0.0018649838440354394,0.0018649838440354394,0.0010822510822510178
2021-11-04,Thursday,-0.00027879047823287095,0.00027879047823287095,-0.0012012527349950508
2021-11-05,Friday,-0.00037378785937036696,0.00037378785937036696,0.0006730769230769429
2021-11-08,Monday,0.00017055750986028073,0.00017055750986028073,0.0002771145975444256
2021-11-09,Tuesday,0.00036853650678003724,0.00036853650678003724,0.0001929963759570441
2021-11-10,Wednesday,-4.308302098154915e-05,4.308302098154915e-05,-0.0009478468796449979
2021-11-11,Thursday,5.383290267024776e-05,5.383290267024776e-05,0.0005167847376239543
2021-11-12,Friday,-0.00010707555250977219,0.00010707555250977219,-0.00015591776451628903
2021-11-15,Monday,-0.0003211372540623536,0.0003211372540623536,-2.1415569118721223e-05
2021-11-16,Tuesday,7.44134624584003e-05,7.44134624584003e-05,0.00014881585101411687
2021-11-17,Wednesday,-0.00019201638539811938,0.00019201638539811938,9.602560682853145e-05
2021-11-18,Thursday,-0.0006072162861799901,0.0006072162861799901,0.00042637559426106364
2021-11-19,Friday,-0.0001703831491065566,0.0001703831491065566,0.00017041944485862714
2021-11-22,Monday,-9.55972170588737e-05,9.55972170588737e-05,0.0011744530125314956
2021-11-23,Tuesday,6.433902376268286e-05,6.433902376268286e-05,-0.00040744553096583314
2021-11-24,Wednesday,0.0005976903537046052,0.0005976903537046052,-0.0007679672333980037
2021-11-26,Friday,-8.741449769433807e-05,8.741449769433807e-05,
2021-11-29,Monday,-0.00040750670241285203,0.00040750670241285203,0.00017186632018750814
2021-11-30,Tuesday,2.1791239921631345e-05,2.1791239921631345e-05,-0.00015253203172660434
2021-12-01,Wednesday,0.0002178127246192929,0.0002178127246192929,-0.001458963917862599
2021-12-02,Thursday,0.0001527450466964897,0.0001527450466964897,-0.0007199581115281406
2021-12-03,Friday,-0.00015538290788008613,0.00015538290788008613,0.0012765721263250374
2021-12-06,Monday,0.0003258319575982771,0.0003258319575982771,8.68621064060715e-05
2021-12-07,Tuesday,-0.00025615300873060853,0.00025615300873060853,-0.00016632504910751855
2021-12-08,Wednesday,-6.40150221917768e-05,6.40150221917768e-05,0.0004995615765659434
2021-12-09,Thursday,-0.00017077960891465072,0.00017077960891465072,7.472724555368515e-05
2021-12-10,Friday,0.00023442161793552074,0.00023442161793552074,-0.00042611215271859404
2021-12-13,Monday,-0.00036344977979219095,0.00036344977979219095,8.576255961667556e-05
2021-12-14,Tuesday,0.00017366010376185237,0.00017366010376185237,0.000954964731416208
2021-12-15,Wednesday,-0.003199239099889839,0.003199239099889839,0.006006722324623404
2021-12-16,Thursday,0.00033102682385099946,0.00033102682385099946,0.00023484201537149474
2021-12-17,Friday,8.628127696286292e-05,8.628127696286292e-05,-0.0014019195513856886
2021-12-20,Monday,3.3084829502705304e-05,3.3084829502705304e-05,0.0003970267110748882
2021-12-21,Tuesday,-0.00023801795953681815,0.00023801795953681815,0.0008332431555027053
2021-12-22,Wednesday,-0.00032197132308742216,0.00032197132308742216,0.00010735603555644957
2021-12-23,Thursday,0.00019095711951777616,0.00019095711951777616,0.00014849384811221888
2021-12-27,Monday,-0.00032542173607252867,0.00032542173607252867,0.0002310147849462485
2021-12-28,Tuesday,-0.0008382756669531588,0.0008382756669531588,-0.0009858416360776223
2021-12-29,Wednesday,0.0,0.0,-0.00018861202506448294
2021-12-30,Thursday,-0.0003241050518568711,0.0003241050518568711,-0.00048107090566829047
2021-12-31,Friday,-0.0001259657373194889,0.0001259657373194889,0.00029395091019801534
2022-01-03,Monday,0.0001678098714157361,0.0001678098714157361,-0.0002516672958349231
2022-01-04,Tuesday,0.0006079206255780178,0.0006079206255780178,0.0005882352941175562
2022-01-05,Wednesday,-0.00029421654337591363,0.00029421654337591363,-0.000882927957283175
2022-01-06,Thursday,-0.00014923145799128346,0.00014923145799128346,-0.0011087656453229178
2022-01-07,Friday,0.0003640958642991965,0.0003640958642991965,-0.00021409608632350086
2022-01-10,Monday,7.577561757132756e-05,7.577561757132756e-05,0.0014071396098975786
2022-01-11,Tuesday,-0.0004589506041070557,0.0004589506041070557,-2.1356113187431802e-05
2022-01-12,Wednesday,-0.00021388300557068085,0.00021388300557068085,-0.0006273325606864777
2022-01-13,Thursday,8.534972047957723e-05,8.534972047957723e-05,0.0006187326648177116
2022-01-14,Friday,4.9786782691407794e-05,4.9786782691407794e-05,0.0003679733327561774
2022-01-18,Tuesday,0.00022509515684476789,0.00022509515684476789,0.0001314379729770998
2022-01-19,Wednesday,0.0001752771570044942,0.0001752771570044942,-0.0005038445530023417
2022-01-20,Thursday,0.000658906215682098,0.000658906215682098,0.002041309071753039
2022-01-21,Friday,0.0007067417509103446,0.0007067417509103446,0.00022599380776955336
2022-01-24,Monday,0.0009043058872633125,0.0009043058872633125,-0.00018532246108227124
2022-01-25,Tuesday,-0.00016044374154799979,0.00016044374154799979,-0.0018110543087044295
2022-01-26,Wednesday,0.0016553962377854337,0.0016553962377854337,0.0025143271343464058
2022-01-27,Thursday,0.0017107273484882057,0.0017107273484882057,0.0015714549824366042
2022-01-28,Friday,0.000894085281980761,0.000894085281980761,-0.0021070471566314586
2022-01-31,Monday,0.0,0.0,4.470672389134123e-05
2022-02-01,Tuesday,0.00013786519847247547,0.00013786519847247547,-3.9954717986234733e-05
2022-02-02,Wednesday,4.383369496130385e-05,4.383369496130385e-05,0.001030069255720134
2022-02-03,Thursday,0.00033335555703706277,0.00033335555703706277,0.0004443358290195931
2022-02-04,Friday,-0.00017752135803839053,0.00017752135803839053,-0.0006436291808155081
2022-02-07,Monday,-0.00015575284248936505,0.00015575284248936505,4.4508734839077135e-05
2022-02-08,Tuesday,6.661337596591821e-05,6.661337596591821e-05,0.0005550744909967875
2022-02-09,Wednesday,0.00026249529030031304,0.00026249529030031304,0.00010943553152831242
2022-02-10,Thursday,-0.00026545148874046465,0.00026545148874046465,-0.0019249917026219476
2022-02-11,Friday,0.0006791632708502693,0.0006791632708502693,-0.00045242727231598057
2022-02-14,Monday,0.0007564296520423675,0.0007564296520423675,-0.0012598208763772156
2022-02-15,Tuesday,0.00019079899886631502,0.00019079899886631502,-0.0006171731226715105
2022-02-16,Wednesday,0.0031147260826760448,0.0031147260826760448,-0.0013727299322636721
2022-02-17,Thursday,-0.0006865461482558066,0.0006865461482558066,-1.1363119858165405e-05
2022-02-18,Friday,2.3044660552029583e-05,2.3044660552029583e-05,0.0006463290010472189
2022-02-22,Tuesday,-0.0007255025860656295,0.0007255025860656295,-0.00038643948708949605
2022-02-23,Wednesday,0.0006570302233901426,0.0006570302233901426,-0.0022486691836879347
2022-02-24,Thursday,-0.0010621158780358408,0.0010621158780358408,0.0013616377498835153
2022-02-25,Friday,-0.00045806422060368224,0.00045806422060368224,0.0013519087117912498
2022-02-28,Monday,-0.0012196244477172824,0.0012196244477172824,-0.0039399106031979825
2022-03-01,Tuesday,-0.0005826147751106792,0.0005826147751106792,0.00018653671275670192
2022-03-02,Wednesday,-0.00025070082275446826,0.00025070082275446826,0.0011167848268629488
2022-03-03,Thursday,0.00036531348463397784,0.00036531348463397784,-0.00017118402282445544
2022-03-04,Friday,-6.968964876419292e-05,6.968964876419292e-05,-0.0003252410268324013
2022-03-07,Monday,0.0009700468461646405,0.0009700468461646405,-0.001582680895037214
2022-03-08,Tuesday,-0.0009892257818457928,0.0009892257818457928,-0.0011935093326129742
2022-03-09,Wednesday,0.0005624296962878361,0.0005624296962878361,0.0016159629031125
2022-03-10,Thursday,0.00011806933031066613,0.00011806933031066613,0.00328193988619474
2022-03-11,Friday,0.00011423176776026445,0.00011423176776026445,0.0007315806862699947
2022-03-14,Monday,-0.0002399750425955416,0.0002399750425955416,2.4003840614517102e-05
2022-03-15,Tuesday,0.0004248582230623743,0.0004248582230623743,-0.00250366101374655
2022-03-16,Wednesday,0.0004872502842292459,0.0004872502842292459,-0.005032234126432056
2022-03-17,Thursday,-0.00030720917531401604,0.00030720917531401604,-6.829046209888556e-05
2022-03-18,Friday,0.00011017102524668587,0.00011017102524668587,-0.0003144156167295131
2022-03-21,Monday,-0.0005197270303249901,0.0005197270303249901,-0.00011304800018085981
2022-03-22,Tuesday,-0.00020021801517200455,0.00020021801517200455,-0.0007119813104905504
2022-03-23,Wednesday,-0.000471073823997914,0.000471073823997914,0.00040396786211238656
2022-03-24,Thursday,0.00022309477065851624,0.00022309477065851624,0.0010594756153323726
2022-03-25,Friday,-0.00015509028470150898,0.00015509028470150898,0.0006093642668794086
2022-03-28,Monday,-9.946619807044144e-05,9.946619807044144e-05,4.045524754303642e-05
2022-03-29,Tuesday,-0.00019584802193506334,0.00019584802193506334,0.00016324220790520094
2022-03-30,Wednesday,0.0005561976575161331,0.0005561976575161331,0.0005665722379604166
2022-03-31,Thursday,-0.0007005449412382792,0.0007005449412382792,-0.00041589111405593293
2022-04-01,Friday,0.0003773333629282227,0.0003773333629282227,0.0013312624805859041
2022-04-04,Monday,-0.00019749402031987717,0.00019749402031987717,0.00023044508822755994
2022-04-05,Tuesday,0.00024281488675992335,0.00024281488675992335,-0.0008386114360117158
2022-04-06,Wednesday,0.0010536462886991949,0.0010536462886991949,0.001970752245090024
2022-04-07,Thursday,0.0003329906583828812,0.0003329906583828812,-0.00017872302399357665
2022-04-08,Friday,0.0004453801115387179,0.0004453801115387179,-0.0008908090773444011
2022-04-11,Monday,-0.00040300330182274635,0.00040300330182274635,-0.00018100366532436407
2022-04-12,Tuesday,-0.0002732153419172656,0.0002732153419172656,0.0011832973034475724
2022-04-13,Wednesday,-0.0002940976856774524,0.0002940976856774524,0.0002602398732745037
2022-04-14,Thursday,0.0003852429296591353,0.0003852429296591353,0.0005210221094600342
2022-04-18,Monday,0.0001594024684610229,0.0001594024684610229,4.4397896222792e-05
2022-04-19,Tuesday,6.785851162161016e-05,6.785851162161016e-05,-0.00033745857848110905
2022-04-20,Wednesday,-6.717420510526928e-05,6.717420510526928e-05,0.00022393407380882913
2022-04-21,Thursday,-0.0009960835804676549,0.0009960835804676549,-0.0015409717186365413
2022-04-22,Friday,-0.0002099174324766695,0.0002099174324766695,-0.000728964986353775
2022-04-25,Monday,-7.100759781308863e-05,7.100759781308863e-05,-0.0014794124957097088
2022-04-26,Tuesday,0.0005007033690183071,0.0005007033690183071,-0.0005876747027488971
2022-04-27,Wednesday,-0.0008160233520617677,0.0008160233520617677,-0.0008776507424450575
2022-04-28,Thursday,-0.00017346723786793028,0.00017346723786793028,0.0006322000561955754
2022-04-29,Friday,-0.0008257814276991793,0.0008257814276991793,-0.00021566184223131835
2022-05-02,Monday,-0.0008341920604543196,0.0008341920604543196,0.0029218228245926348
2022-05-03,Tuesday,-0.0005268830080230602,0.0005268830080230602,-0.0014619476660595598
2022-05-04,Wednesday,0.0016022575090872682,0.0016022575090872682,0.0005252978677681153
2022-05-05,Thursday,-0.0005323368645092641,0.0005323368645092641,-0.00048398025360563146
2022-05-06,Friday,0.0005608251444733092,0.0005608251444733092,-0.001181932276499098
2022-05-09,Monday,0.0007240948813982406,0.0007240948813982406,0.0001746594141425195
2022-05-10,Tuesday,-0.00071917638303165,0.00071917638303165,0.00037238400238326363
2022-05-11,Wednesday,0.001778862036542872,0.001778862036542872,0.0028664924786281354
2022-05-12,Thursday,0.000842377260982019,0.000842377260982019,0.0005938318939364695
2022-05-13,Friday,-0.0011018179996995503,0.0011018179996995503,-0.0030081973377454885
2022-05-16,Monday,-0.0005347859612465644,0.0005347859612465644,0.0011947544283184008
2022-05-17,Tuesday,-4.9224710804929295e-05,4.9224710804929295e-05,-0.0004923076923076808
2022-05-18,Wednesday,0.0004834605597965336,0.0004834605597965336,-0.0002543234994912824
2022-05-19,Thursday,-0.0010849586439293235,0.0010849586439293235,-0.0013391431017518718
2022-05-20,Friday,0.00023469281318444501,0.00023469281318444501,-0.0010688774180092064
2022-05-23,Monday,-0.0009578061198769472,0.0009578061198769472,0.00025229589262276697
2022-05-24,Tuesday,-0.00012770413505980294,0.00012770413505980294,-0.001912698396480339
2022-05-25,Wednesday,0.001597130690459414,0.001597130690459414,0.0009110464380615024
2022-05-26,Thursday,0.00011077604775677763,0.00011077604775677763,-9.845911485251158e-05
2022-05-27,Friday,-0.00048486465508867926,0.00048486465508867926,0.0004004076878276752
2022-05-31,Tuesday,-0.0003844120897602554,0.0003844120897602554,-0.0006728989930547824
2022-06-01,Wednesday,0.0008784344346297601,0.0008784344346297601,0.0004388424311871919
2022-06-02,Thursday,-0.0004095892061197759,0.0004095892061197759,0.0009402718858464443
2022-06-03,Friday,-0.00038099179589545784,0.00038099179589545784,0.0007549743065196068
2022-06-06,Monday,-0.0006041857992169497,0.0006041857992169497,0.0003230564623382115
2022-06-07,Tuesday,-0.0003388845855925027,0.0003388845855925027,0.0010169984018595368
2022-06-08,Wednesday,0.00024298679366774323,0.00024298679366774323,0.00021863764454388424
2022-06-09,Thursday,-0.0008792711818870202,0.0008792711818870202,-0.0009045127854104829
2022-06-10,Friday,-0.0011235094349257846,0.0011235094349257846,-0.0007668711656442229
2022-06-13,Monday,-0.0010544908127487762,0.0010544908127487762,-0.0012403346264482362
2022-06-14,Tuesday,0.0006967147221179637,0.0006967147221179637,0.0002142245072835891
2022-06-15,Wednesday,0.0011900354366107813,0.0011900354366107813,-0.007645986847317876
2022-06-16,Thursday,-5.467020200633499e-05,5.467020200633499e-05,0.0008302348741839882
2022-06-17,Friday,0.00021782933071934352,0.00021782933071934352,0.0004899959167006251
2022-06-21,Tuesday,-1.3338668800821907e-05,1.3338668800821907e-05,-0.00026678049301021023
2022-06-22,Wednesday,-0.0002845323645620512,0.0002845323645620512,0.0009814063287445496
2022-06-23,Thursday,-0.0003601296466727577,0.0003601296466727577,-0.00013342584191711193
2022-06-24,Friday,-5.24554174171632e-05,5.24554174171632e-05,0.00012508075978812094
2022-06-27,Monday,-0.0008238504711394201,0.0008238504711394201,0.0013656274156144121
2022-06-28,Tuesday,0.0005482742415541253,0.0005482742415541253,-0.000861056751467637
2022-06-29,Wednesday,0.00021611390436948597,0.00021611390436948597,0.0018349828052397488
2022-06-30,Thursday,0.000263275675960406,0.000263275675960406,-2.632133080648913e-05
2022-07-01,Friday,-0.00010575575707905127,0.00010575575707905127,-0.0009386940254109133
2022-07-05,Tuesday,-0.00045987973191352616,0.00045987973191352616,0.0022280822643909737
2022-07-06,Wednesday,-0.0011417199120141719,0.0011417199120141719,0.0008651199370821594
2022-07-07,Thursday,0.00036043458112344773,0.00036043458112344773,0.0
2022-07-08,Friday,-0.00033463756177920523,0.00033463756177920523,0.0004635232920453536
2022-07-11,Monday,-0.00025879917184257195,0.00025879917184257195,-0.0006992156152113571
2022-07-12,Tuesday,-0.00036394380853266295,0.00036394380853266295,-0.0009498653273132263
2022-07-13,Wednesday,-0.0033608180450116487,0.0033608180450116487,-0.0025772544060697067
2022-07-14,Thursday,-3.993557061288122e-05,3.993557061288122e-05,0.0010602550789466925
2022-07-15,Friday,-0.0005728936203440727,0.0005728936203440727,-0.0004166992212933929
2022-07-18,Monday,0.00036878104600668316,0.00036878104600668316,-0.00025972344522762203
2022-07-19,Tuesday,0.0,0.0,0.0009959141981612518
2022-07-20,Wednesday,0.0011209048759361906,0.0011209048759361906,0.0007888843648209409
2022-07-21,Thursday,-0.0003530984388004921,0.0003530984388004921,0.00040368361296816424
2022-07-22,Friday,-0.000545643732710599,0.000545643732710599,-0.0015744032503809402
2022-07-25,Monday,-0.00017744204616021442,0.00017744204616021442,-0.0004310016986538434
2022-07-26,Tuesday,0.000495303814452841,0.000495303814452841,0.0015071397552812726
2022-07-27,Wednesday,-0.00055507897259921,0.00055507897259921,0.0020068409294577982
2022-07-28,Thursday,-0.00044317510340752264,0.00044317510340752264,-0.00044311447156686334
2022-07-29,Friday,-0.00048673643222196805,0.00048673643222196805,0.0006328220112004068
2022-08-01,Monday,-0.0006584884032875271,0.0006584884032875271,-0.00017083170636467138
2022-08-02,Tuesday,-0.0007570207570207765,0.0007570207570207765,0.0005865245973752931
2022-08-03,Wednesday,-0.0006754148977229368,0.0006754148977229368,0.0008448800270361989
2022-08-04,Thursday,-2.3902079698268075e-05,2.3902079698268075e-05,0.0003621876131836288
2022-08-05,Friday,-0.00028846456855147196,0.00028846456855147196,0.0003152432222706114
2022-08-08,Monday,-0.0005049297084694926,0.0005049297084694926,-0.0021511613854446887
2022-08-09,Tuesday,0.0003014933647147444,0.0003014933647147444,-9.746965375911909e-05
2022-08-10,Wednesday,-7.15256419426824e-05,7.15256419426824e-05,0.00046089102418900296
2022-08-11,Thursday,-0.0006161867519848263,0.0006161867519848263,-0.0006165666721998919
2022-08-12,Friday,-2.259780612956508e-05,2.259780612956508e-05,6.685316502652583e-05
2022-08-15,Monday,-0.00030335557940919244,0.00030335557940919244,7.00263766018061e-05
2022-08-16,Tuesday,-0.000255226339358261,0.000255226339358261,0.0004293638452432802
2022-08-17,Wednesday,-0.0004687243666361418,0.0004687243666361418,0.002414892619337916
2022-08-18,Thursday,-0.00021077776997124875,0.00021077776997124875,0.00016397282736013707
2022-08-19,Friday,-0.00028378186633870595,0.00028378186633870595,0.00022756842428961477
2022-08-22,Monday,0.00014514841425361524,0.00014514841425361524,-0.0004716695894055878
2022-08-23,Tuesday,-0.00046062839410399015,0.00046062839410399015,9.701908850567875e-05
2022-08-24,Wednesday,-0.00024208385784829645,0.00024208385784829645,0.0004823585590070234
2022-08-25,Thursday,-0.0004076589005925779,0.0004076589005925779,-0.0005040685533233003
2022-08-26,Friday,0.0002175613571917534,0.0002175613571917534,-0.00043992570143713827
2022-08-29,Monday,-0.000622037914691953,0.000622037914691953,-0.0006668807271469346
2022-08-30,Tuesday,-0.0001761449421238126,0.0001761449421238126,0.0012332628611697594
2022-08-31,Wednesday,-1.2602235636594017e-05,1.2602235636594017e-05,-0.0005005877999746389
2022-09-01,Thursday,0.000357015351660106,0.000357015351660106,0.0008823006812401779
2022-09-02,Friday,0.0004918701258982416,0.0004918701258982416,0.0006625569962046551
2022-09-06,Tuesday,0.0008276932693243033,0.0008276932693243033,-0.0003839557682955297
2022-09-07,Wednesday,7.567158531984752e-05,7.567158531984752e-05,0.0026988851334308617
2022-09-08,Thursday,0.0006516780710328351,0.0006516780710328351,0.0004255585612664703
2022-09-09,Friday,-0.0003074728194027987,0.0003074728194027987,-0.0005905366501808285
2022-09-12,Monday,-0.00017035360541250988,0.00017035360541250988,-0.0007616420603623331
2022-09-13,Tuesday,-0.0004141358365544745,0.0004141358365544745,-0.0005644553809069919
2022-09-14,Wednesday,0.00027980566224905523,0.00027980566224905523,-0.0018054672600126276
2022-09-15,Thursday,-0.0008384239462432275,0.0008384239462432275,-0.0023900742879516823
2022-09-16,Friday,0.00023510357618650168,0.00023510357618650168,0.0008096320091932618
2022-09-19,Monday,-0.0005188875051888031,0.0005188875051888031,-7.78775764499473e-05
2022-09-20,Tuesday,0.0005899240964328811,0.0005899240964328811,0.0007074915494065248
2022-09-21,Wednesday,-0.010255747868767817,0.010255747868767817,-0.006107109301597302
2022-09-22,Thursday,0.0004954978954658795,0.0004954978954658795,-0.001863883267653632
2022-09-23,Friday,-0.00024579418833303723,0.00024579418833303723,0.0006829481505763457
2022-09-26,Monday,0.0005229981557433039,0.0005229981557433039,0.003789004294131537
2022-09-27,Tuesday,0.0006634232640425619,0.0006634232640425619,0.001187812491367568
2022-09-28,Wednesday,8.136475821118871e-05,8.136475821118871e-05,0.0003256861714084902
2022-09-29,Thursday,-0.0008598929294610924,0.0008598929294610924,-5.5526250034687585e-05
2022-09-30,Friday,-0.0004432378525126568,0.0004432378525126568,-0.00019373082612206272
2022-10-03,Monday,0.0005198676402220492,0.0005198676402220492,0.0006557151217092549
2022-10-04,Tuesday,0.000279036394318144,0.000279036394318144,-0.00015940065354269617
2022-10-05,Wednesday,-0.00010669717691502711,0.00010669717691502711,0.0013571409563852832
2022-10-06,Thursday,-0.00010655017181215864,0.00010655017181215864,-0.0018141616495284119
2022-10-07,Friday,0.0,0.0,0.0002476405360041234
2022-10-10,Monday,-0.00011065619121397585,0.00011065619121397585,-6.917160090758045e-05
2022-10-11,Tuesday,-0.0008013706200951098,0.0008013706200951098,0.0007497441854034115
2022-10-12,Wednesday,-0.001034646682139817,0.001034646682139817,0.0006157635467980427
2022-10-13,Thursday,-0.0011764062158021726,0.0011764062158021726,0.0008216701815890737
2022-10-14,Friday,-0.001332833520763077,0.001332833520763077,2.78048102322348e-05
2022-10-17,Monday,0.00024523679912902274,0.00024523679912902274,-0.0007619151280970904
2022-10-18,Tuesday,5.375910544858087e-05,5.375910544858087e-05,-0.0013440860215053752
2022-10-19,Wednesday,0.0004878301370012661,0.0004878301370012661,0.0010896510392548464
2022-10-20,Thursday,-0.0003548307793164174,0.0003548307793164174,-0.0003415720512084386
2022-10-21,Friday,-8.051097632988391e-05,8.051097632988391e-05,0.0008320807386730245
2022-10-24,Monday,0.0006363178407615688,0.0006363178407615688,0.0010071277939449619
2022-10-25,Tuesday,0.000771600908687331,0.000771600908687331,0.0003913690087928856
2022-10-26,Wednesday,0.00038355527599565065,0.00038355527599565065,0.0005730211236423255
2022-10-27,Thursday,0.000685697778244565,0.000685697778244565,-0.0003151899235801503
2022-10-28,Friday,0.0005184248554912507,0.0005184248554912507,-0.0008820457271074833
2022-10-31,Monday,-0.0001550107215748664,0.0001550107215748664,0.0006459614490206267
2022-11-01,Tuesday,5.193725979024677e-05,5.193725979024677e-05,-0.00023372373854102513
2022-11-02,Wednesday,0.006552872069644611,0.006552872069644611,0.0032915198009537683
2022-11-03,Thursday,0.0,0.0,-0.0002955003357958397
2022-11-04,Friday,8.091269520194011e-05,8.091269520194011e-05,-0.0002966558791801521
2022-11-07,Monday,0.0008417125317525809,0.0008417125317525809,0.00018506768189507916
2022-11-08,Tuesday,0.0008929978462992594,0.0008929978462992594,-0.0007541327735504089
2022-11-09,Wednesday,-0.0001861009198702579,0.0001861009198702579,0.0003111122929242427
2022-11-10,Thursday,0.00033224714075785755,0.00033224714075785755,0.000523747477070069
2022-11-11,Friday,0.0004144062688364869,0.0004144062688364869,-2.5105442859940652e-05
2022-11-14,Monday,-0.00014996250937271416,0.00014996250937271416,-0.00046245953479073787
2022-11-15,Tuesday,0.0009458351724573877,0.0009458351724573877,-0.004686791311797611
2022-11-16,Wednesday,-0.0001644487173000364,0.0001644487173000364,0.0009914218477187209
2022-11-17,Thursday,0.000253665465983266,0.000253665465983266,0.0004070401460780637
2022-11-18,Friday,9.698340974373387e-05,9.698340974373387e-05,0.0011677497969129202
2022-11-21,Monday,0.0005826620053706044,0.0005826620053706044,0.0003544573005545004
2022-11-22,Tuesday,0.00020073771108841676,0.00020073771108841676,0.0
2022-11-23,Wednesday,-0.0018419476264412982,0.0018419476264412982,0.006121021336131571
2022-11-25,Friday,,,0.00019887140477803378
2022-11-28,Monday,0.00027737852081610725,0.00027737852081610725,-0.0006050216799435848
2022-11-29,Tuesday,0.0008100855652877215,0.0008100855652877215,0.0014418698775675587
2022-11-30,Wednesday,0.0016011207845492148,0.0016011207845492148,0.0005495191707254321
2022-12-01,Thursday,-0.00018398206457359567,0.00018398206457359567,-0.0015232292460013452
2022-12-02,Friday,1.2092047627865199e-05,1.2092047627865199e-05,1.2339280866635605e-05
2022-12-05,Monday,-0.00019791066462915285,0.00019791066462915285,-3.758503614437192e-05
2022-12-06,Tuesday,-0.0004830917874396601,0.0004830917874396601,-0.0005115603480950748
2022-12-07,Wednesday,-0.00010228487099883665,0.00010228487099883665,-0.0010941475826972136
2022-12-08,Thursday,-0.0006305647337755405,0.0006305647337755405,-0.002218212104386552
2022-12-09,Friday,-0.00037881657701344107,0.00037881657701344107,-0.0009852590094356906
2022-12-12,Monday,0.00012680930608532925,0.00012680930608532925,-0.0006718444149775848
2022-12-13,Tuesday,-0.0003859177372771416,0.0003859177372771416,0.001282753810899706
2022-12-14,Wednesday,-0.005212836919732067,0.005212836919732067,-0.003849497081832798
2022-12-15,Thursday,5.1188393867640514e-05,5.1188393867640514e-05,-0.0004115649758205109
2022-12-16,Friday,-0.00020958868221110372,0.00020958868221110372,0.0004452189408032936
2022-12-19,Monday,-0.0007633587786258778,0.0007633587786258778,-0.0012644556255104744
2022-12-20,Tuesday,-0.0001746793610827302,0.0001746793610827302,0.0009443613756197067
2022-12-21,Wednesday,0.0004011490980615484,0.0004011490980615484,0.0012417861023437116
2022-12-22,Thursday,0.0013581167447804798,0.0013581167447804798,-0.000983937878949015
2022-12-23,Friday,0.00023594798657722293,0.00023594798657722293,-0.001048355392478162
2022-12-27,Tuesday,0.0005774629410992826,0.0005774629410992826,0.0005865540930305446
2022-12-28,Wednesday,0.00029046738843407915,0.00029046738843407915,0.00023760494218283412
2022-12-29,Thursday,0.0006252116601974667,0.0006252116601974667,7.810262685170599e-05
2022-12-30,Friday,0.00021090372245069489,0.00021090372245069489,-0.0011597564511452996
2023-01-03,Tuesday,0.00026353201347939503,0.00026353201347939503,-0.0010001315962626656
2023-01-04,Wednesday,0.001977827512621655,0.001977827512621655,-0.0042076829173268715
2023-01-05,Thursday,0.000525513689631607,0.000525513689631607,-0.00012081100955985136
2023-01-06,Friday,0.0007240380637152377,0.0007240380637152377,-3.617524321319898e-06
2023-01-09,Monday,0.0011011805680043452,0.0011011805680043452,-0.00030672021692979
2023-01-10,Tuesday,0.0003080319326436154,0.0003080319326436154,1.2830876220615295e-05
2023-01-11,Wednesday,0.0001270163851136985,0.0001270163851136985,-0.0005334146155604458
2023-01-12,Thursday,-2.5108594671974238e-05,2.5108594671974238e-05,-0.0010294782303017502
2023-01-13,Friday,0.0002231376371812921,0.0002231376371812921,-0.0004328361962727678
2023-01-17,Tuesday,0.00020067225204423167,0.00020067225204423167,6.269985579021586e-05
2023-01-18,Wednesday,-0.0002794786452906539,0.0002794786452906539,0.00016520523573526624
2023-01-19,Thursday,-0.0008850692662905058,0.0008850692662905058,0.0007702973347711861
2023-01-20,Friday,-0.0002795994102994248,0.0002795994102994248,0.00022883004284190989
2023-01-23,Monday,-0.0010168395393378438,0.0010168395393378438,-0.0005353185767994484
2023-01-24,Tuesday,-0.00011477905032808433,0.00011477905032808433,-0.0015472150129766105
2023-01-25,Wednesday,7.318295739344727e-05,7.318295739344727e-05,-0.000288209716426735
2023-01-26,Thursday,-0.0006703896748572191,0.0006703896748572191,0.0004224618573569483
2023-01-27,Friday,0.0005536212984265099,0.0005536212984265099,-9.836952512121133e-05
2023-01-30,Monday,-0.00042262274704785163,0.00042262274704785163,0.0006963615111046373
2023-01-31,Tuesday,0.00022264001583205406,0.00022264001583205406,-0.00027204827620308514
2023-02-01,Wednesday,-0.0024708440403241605,0.0024708440403241605,0.0005201367216525199
2023-02-02,Thursday,0.0002633593264125267,0.0002633593264125267,-0.0016739203213926857
2023-02-03,Friday,-0.00029058504455636847,0.00029058504455636847,-0.00024465276263840874
2023-02-06,Monday,0.0007561713337886911,0.0007561713337886911,0.00020255200906738047
2023-02-07,Tuesday,0.0007583392248702303,0.0007583392248702303,0.0023947998631541623
2023-02-08,Wednesday,-0.00048613305461719936,0.00048613305461719936,0.0001215953307394102
2023-02-09,Thursday,-0.0001954365564078575,0.0001954365564078575,-0.000403171616718212
2023-02-10,Friday,0.00031936863844217456,0.00031936863844217456,-0.0007312052597622243
2023-02-13,Monday,7.292373291978294e-05,7.292373291978294e-05,-0.00024224806201555982
2023-02-14,Tuesday,-0.0005331555340041261,0.0005331555340041261,0.0010431323079906907
2023-02-15,Wednesday,7.26427429900145e-05,7.26427429900145e-05,-0.0002663502748251334
2023-02-16,Thursday,0.0006068326296890802,0.0006068326296890802,0.00036371571979332273
2023-02-17,Friday,0.0003085124762445268,0.0003085124762445268,0.0007155193683689998
2023-02-21,Tuesday,-0.0001125971150115479,0.0001125971150115479,-0.0001626565569360361
2023-02-22,Wednesday,-0.0007400907641517129,0.0007400907641517129,0.0009998125351498022
2023-02-23,Thursday,-0.000552500062784067,0.000552500062784067,0.0004522726701676749
2023-02-24,Friday,-0.00012639348820742136,0.00012639348820742136,0.0005615108459320339
2023-02-27,Monday,0.00010024560172428032,0.00010024560172428032,0.0004385305467848877
2023-02-28,Tuesday,0.0003759822536377744,0.0003759822536377744,-0.0004259584064144617
2023-03-01,Wednesday,-0.00046632375026622874,0.00046632375026622874,-0.0003803755606801573
2023-03-02,Thursday,0.0011334376735496754,0.0011334376735496754,0.0002559344001049624
2023-03-03,Friday,-0.000431879669388624,0.000431879669388624,0.00012415728244552504
2023-03-06,Monday,-0.0002235230191661719,0.0002235230191661719,0.00037228233279473777
2023-03-07,Tuesday,0.0004518299111402335,0.0004518299111402335,-0.00037637376423960145
2023-03-08,Wednesday,0.0005252001617164215,0.0005252001617164215,-0.00020141493995318172
2023-03-09,Thursday,-0.00015182954602965815,0.00015182954602965815,-0.001670167801371747
2023-03-10,Friday,0.0018965472448104759,0.0018965472448104759,0.001786895528975263
2023-03-13,Monday,-7.734350830146397e-05,7.734350830146397e-05,0.001366437208342841
2023-03-14,Tuesday,0.00033404424801508625,0.00033404424801508625,-0.0017853931718344596
2023-03-15,Wednesday,-0.00041396082895650554,0.00041396082895650554,-0.000611103921314915
2023-03-16,Thursday,-0.0007594552174572389,0.0007594552174572389,-5.067011223425233e-05
2023-03-17,Friday,0.0006649106206686461,0.0006649106206686461,-0.0014464974826855492
2023-03-20,Monday,-0.0005343375486628332,0.0005343375486628332,-0.00034368197960821245
2023-03-21,Tuesday,0.00017664723547072825,0.00017664723547072825,0.0003592965458079078
2023-03-22,Wednesday,0.004492699081740215,0.004492699081740215,-0.00014960790988760575
2023-03-23,Thursday,0.0006458639379971487,0.0006458639379971487,-0.0008605851979345269
2023-03-24,Friday,0.0006606362435206403,0.0006606362435206403,0.0002285191956126198
2023-03-27,Monday,-0.00037798609011185924,0.00037798609011185924,-0.00045374338290904426
2023-03-28,Tuesday,0.0002000812512694683,0.0002000812512694683,0.0007108042242078838
2023-03-29,Wednesday,-5.005506056654507e-05,5.005506056654507e-05,-7.483608020120158e-05
2023-03-30,Thursday,7.456565505936652e-05,7.456565505936652e-05,0.0003976538423302589
2023-03-31,Friday,0.000147369455224311,0.000147369455224311,0.0004909135559920674
2023-04-03,Monday,-9.77445446326275e-05,9.77445446326275e-05,0.0
2023-04-04,Tuesday,-2.4468423499457437e-05,2.4468423499457437e-05,0.00014681413330719373
2023-04-05,Wednesday,-7.367929857315936e-05,7.367929857315936e-05,0.0008596340415081283
2023-04-06,Thursday,3.668692600244938e-05,3.668692600244938e-05,-7.337295472897853e-05
2023-04-10,Monday,-0.00046497968772940546,0.00046497968772940546,0.0004651959944177442
2023-04-11,Tuesday,0.00012170484141860172,0.00012170484141860172,-0.00029205607476634476
2023-04-12,Wednesday,7.569138359464489e-05,7.569138359464489e-05,0.00020685291540933903
2023-04-13,Thursday,-0.00020839391295923715,0.00020839391295923715,0.00048474272280008
2023-04-14,Friday,0.00024329124394828483,0.00024329124394828483,-0.0007938990415322644
2023-04-17,Monday,-0.00024336277269210171,0.00024336277269210171,2.140019532537174e-05
2023-04-18,Tuesday,0.00039859405007791615,0.00039859405007791615,-0.00013281334894899022
2023-04-19,Wednesday,0.0009166787282288702,0.0009166787282288702,-0.0016147496535519057
2023-04-20,Thursday,-0.00037510285078168337,0.00037510285078168337,-3.800848145940616e-05
2023-04-21,Friday,0.0005698344350779649,0.0005698344350779649,9.697910100370244e-05
2023-04-24,Monday,0.00020379445873164315,0.00020379445873164315,2.425594877131232e-05
2023-04-25,Tuesday,0.0003130431876741113,0.0003130431876741113,-0.0007000564957874156
2023-04-26,Wednesday,-7.40228977496038e-05,7.40228977496038e-05,-0.0002837684449489286
2023-04-27,Thursday,0.00012171965529006457,0.00012171965529006457,0.0004016259766814745
2023-04-28,Friday,0.00033859093154697817,0.00033859093154697817,0.0008432109472873428
2023-05-01,Monday,0.0,0.0,-0.00033570726326637157
2023-05-02,Tuesday,-0.0002920916194045775,0.0002920916194045775,-0.0005359012441868982
2023-05-03,Wednesday,0.0014047094284903583,0.0014047094284903583,-0.0017081798798217473
2023-05-04,Thursday,-0.0003200787886248335,0.0003200787886248335,-0.0005664606063590094
2023-05-05,Friday,-4.8560190356039534e-05,4.8560190356039534e-05,0.0005827647330209906
2023-05-08,Monday,0.0002786055188119807,0.0002786055188119807,-0.0007023662476687287
2023-05-09,Tuesday,0.0004370523248753422,0.0004370523248753422,-0.0003155110064800848
2023-05-10,Wednesday,0.0003187182988684256,0.0003187182988684256,0.0007071987518587619
2023-05-11,Thursday,-0.0002188024214133666,0.0002188024214133666,-9.7266802840279e-05
2023-05-12,Friday,-0.0003786768298641441,0.0003786768298641441,0.0007246465362384935
2023-05-15,Monday,0.0002667895515511276,0.0002667895515511276,-2.4247126715448708e-05
2023-05-16,Tuesday,-0.00021850494063946346,0.00021850494063946346,-0.0008766604337163697
2023-05-17,Wednesday,-0.0002525495478160611,0.0002525495478160611,-0.0006014675808974079
2023-05-18,Thursday,-0.00010827197921181586,0.00010827197921181586,9.649165022374007e-05
2023-05-19,Friday,-0.0003109973445610814,0.0003109973445610814,0.00014526048771146272
2023-05-22,Monday,5.964594169016735e-05,5.964594169016735e-05,0.00021471002218653723
2023-05-23,Tuesday,4.8112776347641883e-05,4.8112776347641883e-05,0.0006304907845149366
2023-05-24,Wednesday,0.0001215953307394102,0.0001215953307394102,-0.0011914893617021027
2023-05-25,Thursday,0.0021205841245361956,0.0021205841245361956,-0.0009738386072905003
2023-05-26,Friday,0.00016683747646406566,0.00016683747646406566,-0.0006910520671987719
2023-05-30,Tuesday,-7.183599436766386e-05,7.183599436766386e-05,-0.0004415485226024751
2023-05-31,Wednesday,-9.562286342668092e-05,9.562286342668092e-05,-2.7494202309408244e-05
2023-06-01,Thursday,-0.0004975360121303174,0.0004975360121303174,0.0002003010441729014
2023-06-02,Friday,-0.00016349601186516072,0.00016349601186516072,8.1763283613423e-05
2023-06-05,Monday,-9.334671302874131e-05,9.334671302874131e-05,-0.00016336818521278662
2023-06-06,Tuesday,-0.0004568135497926562,0.0004568135497926562,0.00010546669010369492
2023-06-07,Wednesday,0.0003749619179302943,0.0003749619179302943,0.00023426884692856476
2023-06-08,Thursday,-5.838188760309837e-05,5.838188760309837e-05,0.0003552078468005426
2023-06-09,Friday,-0.00030957523398122966,0.00030957523398122966,-0.00016261295792985297
2023-06-12,Monday,-1.1579837187580821e-05,1.1579837187580821e-05,-0.00016211959794343311
2023-06-13,Tuesday,-2.2891414575121338e-05,2.2891414575121338e-05,-0.00014193099406634158
2023-06-14,Wednesday,-0.002561229390107278,0.002561229390107278,-0.0015591323886825492
2023-06-15,Thursday,0.0003395662606962002,0.0003395662606962002,-0.0003055058951322298
2023-06-16,Friday,0.00018127025128600316,0.00018127025128600316,-0.001078824900964226
2023-06-20,Tuesday,-4.572055596197e-05,4.572055596197e-05,0.00042293931392389794
2023-06-21,Wednesday,-0.00014912361200325464,0.00014912361200325464,1.1472626313624446e-05
2023-06-22,Thursday,9.181682543335512e-05,9.181682543335512e-05,0.00022952625780381375
2023-06-23,Friday,-3.451648161989507e-05,3.451648161989507e-05,-0.00025313548570593536
2023-06-26,Monday,-0.000300800592345718,0.000300800592345718,0.000451336650850509
2023-06-27,Tuesday,-9.146551131289371e-05,9.146551131289371e-05,0.00016047684548370356
2023-06-28,Wednesday,-9.210131328207805e-05,9.210131328207805e-05,0.0008499104148482761
2023-06-29,Thursday,-0.0004234777336735718,0.0004234777336735718,-0.000446321282658646
2023-06-30,Friday,-6.759801712485913e-05,6.759801712485913e-05,5.205399193286553e-05
2023-07-03,Monday,0.0,0.0,2.253775073235431e-05
2023-07-05,Wednesday,0.0003345365067757289,0.0003345365067757289,-0.0004059173732635646
2023-07-06,Thursday,-0.00010233552407157287,0.00010233552407157287,-0.00039801673944694915
2023-07-07,Friday,-8.827543747269573e-05,8.827543747269573e-05,-6.81365293062619e-05
2023-07-10,Monday,-3.417090006163637e-05,3.417090006163637e-05,-0.0009456550215853898
2023-07-11,Tuesday,0.0002494331065761024,0.0002494331065761024,-9.068032916959012e-05
2023-07-12,Wednesday,-0.00015683111529329885,0.00015683111529329885,-0.0001008346871322896
2023-07-13,Thursday,-3.343102622099803e-05,3.343102622099803e-05,8.625468132250624e-05
2023-07-14,Friday,0.00036679708340758843,0.00036679708340758843,0.00017777580249100922
2023-07-17,Monday,7.298136645950137e-05,7.298136645950137e-05,-0.0002550822362947791
2023-07-18,Tuesday,8.820578409429736e-05,8.820578409429736e-05,0.000352795907567538
2023-07-19,Wednesday,0.00020875679832998983,0.00020875679832998983,-0.0002636377617154517
2023-07-20,Thursday,-0.00044112133042195634,0.00044112133042195634,0.0002647954455183843
2023-07-21,Friday,0.0,0.0,-0.0009139761265031243
2023-07-24,Monday,8.795654946469611e-05,8.795654946469611e-05,0.00016929960533396127
2023-07-25,Tuesday,-0.00012066034113966673,0.00012066034113966673,0.0002854509950194206
2023-07-26,Wednesday,0.0010348547900564942,0.0010348547900564942,-4.707228014610987e-05
2023-07-27,Thursday,-0.0006139812297167868,0.0006139812297167868,0.00024661561752648
2023-07-28,Friday,7.670896618239276e-05,7.670896618239276e-05,0.0006464974085316211
2023-07-31,Monday,-4.3774212611258356e-05,4.3774212611258356e-05,0.00018604447557346582
2023-08-01,Tuesday,7.668039610897459e-05,7.668039610897459e-05,0.00033123115465616415
2023-08-02,Wednesday,0.00018087797949317697,0.00018087797949317697,0.0004659728848159794
2023-08-03,Thursday,-1.1123099340371034e-05,1.1123099340371034e-05,0.00021134358905916528
2023-08-04,Friday,-0.0006544575212699133,0.0006544575212699133,-0.0023531501132175725
2023-08-07,Monday,0.00013326818000081175,0.00013326818000081175,-0.00014435462378958874
2023-08-08,Tuesday,-0.00015651201788702274,0.00015651201788702274,-0.00015653301728568714
2023-08-09,Wednesday,-0.0002346237640354909,0.0002346237640354909,0.0007983857052302756
2023-08-10,Thursday,0.00027940432705819696,0.00027940432705819696,0.0008314793590866731
2023-08-11,Friday,0.00019103270030340624,0.00019103270030340624,0.00016852607098316597
2023-08-14,Monday,-0.00040481302558592613,0.00040481302558592613,0.00022375369193583516
2023-08-15,Tuesday,2.251998648805653e-05,2.251998648805653e-05,-0.0003152656112774821
2023-08-16,Wednesday,-0.0008817744014109063,0.0008817744014109063,-0.0009766694575819024
2023-08-17,Thursday,-0.0001709109553922339,0.0001709109553922339,-0.0005242045765339043
2023-08-18,Friday,0.0,0.0,0.000321174581326078
2023-08-21,Monday,0.00022827923115564808,0.00022827923115564808,-6.846813949246133e-05
2023-08-22,Tuesday,-0.0005477201150212441,0.0005477201150212441,0.0003425048521521479
2023-08-23,Wednesday,-0.0003269042170643832,0.0003269042170643832,0.0001465878850750446
2023-08-24,Thursday,0.00038693524524857636,0.00038693524524857636,-0.00014789028815853644
2023-08-25,Friday,0.000273619645890566,0.000273619645890566,-0.0002621470987155261
2023-08-28,Monday,-4.5338108947468037e-05,4.5338108947468037e-05,9.068032916959012e-05
2023-08-29,Tuesday,0.0002008569898233059,0.0002008569898233059,-6.693739122676234e-05
2023-08-30,Wednesday,6.655574043246126e-05,6.655574043246126e-05,-0.0005543724211366508
2023-08-31,Thursday,0.0004208474538729412,0.0004208474538729412,8.856219279973487e-05
2023-09-01,Friday,-3.4838898939848484e-05,3.4838898939848484e-05,0.00026495650630220524
2023-09-05,Tuesday,2.1998533431100142e-05,2.1998533431100142e-05,-8.86588055858395e-05
2023-09-06,Wednesday,-3.3684399631694895e-05,3.3684399631694895e-05,0.0
2023-09-07,Thursday,0.0002808483868068645,0.0002808483868068645,0.00016172216132681605
2023-09-08,Friday,0.0002467031488293525,0.0002467031488293525,0.0004820789936881287
2023-09-11,Monday,-0.00014496632320804004,0.00014496632320804004,-0.000256516065712753
2023-09-12,Tuesday,-0.0003579178131221106,0.0003579178131221106,2.2378373532028206e-07
2023-09-13,Wednesday,0.0002458759890919815,0.0002458759890919815,-0.0007709583347300653
2023-09-14,Thursday,-4.442963456618987e-05,4.442963456618987e-05,-3.332296618829833e-05
2023-09-15,Friday,-0.0004617325104735448,0.0004617325104735448,-1.1266970874834747e-05
2023-09-18,Monday,-3.3760212464262196e-05,3.3760212464262196e-05,0.00019131648247761035
2023-09-19,Tuesday,-9.046703607362705e-05,9.046703607362705e-05,0.0005428636055189173
2023-09-20,Wednesday,-0.0027502874275794342,0.0027502874275794342,-0.00047473719905055667
2023-09-21,Thursday,-0.0003222613539580754,0.0003222613539580754,-0.00047202938095081137
2023-09-22,Friday,0.0004172748546140692,0.0004172748546140692,-0.00054192382959517
2023-09-25,Monday,0.0004635209047927358,0.0004635209047927358,-6.555809396913137e-05
2023-09-26,Tuesday,-0.00018747217209957867,0.00018747217209957867,-0.0005133025039317785
2023-09-27,Wednesday,-0.000564599382484321,0.000564599382484321,0.00014181715042083098
2023-09-28,Thursday,-0.0002802625125534197,0.0002802625125534197,-0.00031536529813702696
2023-09-29,Friday,0.00010559166529788833,0.00010559166529788833,0.000820018300837777
2023-10-02,Monday,-0.0002350176263220538,0.0002350176263220538,2.3507839864489455e-05
2023-10-03,Tuesday,0.00026134473746730613,0.00026134473746730613,-0.0008432103750505293
2023-10-04,Wednesday,-7.106142075474775e-05,7.106142075474775e-05,0.00045008764864729045
2023-10-05,Thursday,0.0007663377309328201,0.0007663377309328201,0.00010602579961127567
2023-10-06,Friday,-0.00033741331968162314,0.00033741331968162314,0.00016294606485267593
2023-10-09,Monday,-0.0003008423586040587,0.0003008423586040587,0.00011574341998654702
2023-10-10,Tuesday,-0.0003672148555978749,0.0003672148555978749,0.0006632360035838669
2023-10-11,Wednesday,0.0008759191388332255,0.0008759191388332255,-0.0005181943804697386
2023-10-12,Thursday,0.0001734344648969266,0.0001734344648969266,-0.000971098265896031
2023-10-13,Friday,-6.954102920719851e-05,6.954102920719851e-05,-0.0003941206472850567
2023-10-16,Monday,-0.00013746649254242627,0.00013746649254242627,-0.0002999404243618775
2023-10-17,Tuesday,0.00011497424576889514,0.00011497424576889514,-0.0002299220564229154
2023-10-18,Wednesday,9.248768757741388e-06,9.248768757741388e-06,-2.3122456529800495e-05
2023-10-19,Thursday,-0.0007567466877780316,0.0007567466877780316,0.0008854712804380327
2023-10-20,Friday,-7.07213578500232e-05,7.07213578500232e-05,-0.0006129762353830337
2023-10-23,Monday,-0.00044920974548723347,0.00044920974548723347,0.00021286660359498555
2023-10-24,Tuesday,-0.00011843850672732525,0.00011843850672732525,0.00011845814873612248
2023-10-25,Wednesday,0.00014363688595220303,0.00014363688595220303,-0.00035905783224809973
2023-10-26,Thursday,-0.00013296907864512875,0.00013296907864512875,-0.00035060570157408044
2023-10-27,Friday,0.0,0.0,-0.0004020614788551313
2023-10-30,Monday,-0.00044505388760585074,0.00044505388760585074,0.0004572803850781959
2023-10-31,Tuesday,-0.0002034174125306043,0.0002034174125306043,0.0001914929267301524
2023-11-01,Wednesday,0.001535348726493746,0.001535348726493746,-0.0013310515307092263
2023-11-02,Thursday,-0.000565219917494586,0.000565219917494586,0.0003720627390793041
2023-11-03,Friday,-0.00029152176657598616,0.00029152176657598616,-0.00012398999814022815
2023-11-06,Monday,0.00023025558369793586,0.00023025558369793586,-0.0003107770577469582
2023-11-07,Tuesday,4.5743561593702964e-05,4.5743561593702964e-05,0.0002515665736633199
2023-11-08,Wednesday,-0.0001717996586912962,0.0001717996586912962,0.000916422287390084
2023-11-09,Thursday,-0.0009645416130810158,0.0009645416130810158,-0.0008507459255683303
2023-11-10,Friday,6.825472663996024e-05,6.825472663996024e-05,-0.00017062517062516047
2023-11-13,Monday,-0.00023063568279046986,0.00023063568279046986,0.0003946188340806511
2023-11-14,Tuesday,-0.0003814835471277478,0.0003814835471277478,-0.00011158721656845394
2023-11-15,Wednesday,6.66326099991732e-05,6.66326099991732e-05,0.0002220939013015677
2023-11-16,Thursday,0.0001536987949124491,0.0001536987949124491,0.00020044543429831307
2023-11-17,Friday,4.434098215266857e-05,4.434098215266857e-05,0.00023277983461555962
2023-11-20,Monday,2.2026431718114026e-05,2.2026431718114026e-05,-0.00013215567939028894
2023-11-21,Tuesday,-0.00019856153201247562,0.00019856153201247562,0.0005066750465188008
2023-11-22,Wednesday,0.00028551975577073563,0.00028551975577073563,-3.293518355873548e-05
2023-11-24,Friday,-0.00017582417582417964,0.00017582417582417964,6.594276168292446e-05
2023-11-27,Monday,0.0,0.0,0.00010985389432049963
2023-11-28,Tuesday,0.0001210413961574286,0.0001210413961574286,-0.00016503465727801814
2023-11-29,Wednesday,1.0962508221856737e-05,1.0962508221856737e-05,-0.0004604253453190932
2023-11-30,Thursday,0.00011015156855842534,0.00011015156855842534,0.00019803506916904468
2023-12-01,Friday,-4.363763309478408e-05,4.363763309478408e-05,0.0005782301792514044
2023-12-04,Monday,0.00024172508356179456,0.00024172508356179456,-0.0008443167613324531
2023-12-05,Tuesday,-8.768084173604862e-05,8.768084173604862e-05,-0.000142274671666609
2023-12-06,Wednesday,9.858260126605067e-05,9.858260126605067e-05,-6.571525579657234e-05
2023-12-07,Thursday,0.00024001745581503364,0.00024001745581503364,6.544502617811254e-05
2023-12-08,Friday,4.265505984779594e-05,4.265505984779594e-05,0.0003697416813561727
2023-12-11,Monday,6.47690841348858e-05,6.47690841348858e-05,-0.00015162345398223032
2023-12-12,Tuesday,-0.0001295308823211494,0.0001295308823211494,-3.2386566052422516e-05
2023-12-13,Wednesday,0.0029286990977022143,0.0029286990977022143,0.0021257864336174936
2023-12-14,Thursday,8.507380152278365e-05,8.507380152278365e-05,0.0002977266444079696
2023-12-15,Friday,-0.0002773747546299665,0.0002773747546299665,0.00042685789900542837
2023-12-18,Monday,-1.0582234544642688e-05,1.0582234544642688e-05,0.0001269881583543242
2023-12-19,Tuesday,7.381163271324986e-05,7.381163271324986e-05,-1.0543629539117028e-05
2023-12-20,Wednesday,4.2099945269935546e-05,4.2099945269935546e-05,-0.0008314301651283218
2023-12-21,Thursday,-0.00021251275076505927,0.00021251275076505927,8.502316881364713e-05
2023-12-22,Friday,-0.00021087259078067522,0.00021087259078067522,-0.0005272926685226942
2023-12-26,Tuesday,0.0,0.0,0.0002525199385534638
2023-12-27,Wednesday,-0.0011974286794672606,0.0011974286794672606,-0.0006772776299825978
2023-12-28,Thursday,0.00010481740807510853,0.00010481740807510853,0.0003624244075755012
2023-12-29,Friday,0.00012629983581025073,0.00012629983581025073,-0.00010523546435148301
2024-01-02,Tuesday,9.53127316629665e-05,9.53127316629665e-05,-0.0005930193154863872
2024-01-03,Wednesday,-0.00021187882913553668,0.00021187882913553668,-0.0009788067069537165
2024-01-04,Thursday,0.0001279099513942228,0.0001279099513942228,-0.0003303917807050416
2024-01-05,Friday,0.0003209001430493075,0.0003209001430493075,0.00014940345335423544
2024-01-08,Monday,-5.296273541932628e-05,5.296273541932628e-05,6.355797546664377e-05
2024-01-09,Tuesday,0.00028463298158309946,0.00028463298158309946,-1.0539517922403263e-05
2024-01-10,Wednesday,-0.00010509500588529175,0.00010509500588529175,0.00042042420802590463
2024-01-11,Thursday,0.00031528501765598627,0.00031528501765598627,-0.0002523533366952657
2024-01-12,Friday,0.00012580462541667004,0.00012580462541667004,0.0001457023060795759
2024-01-16,Tuesday,0.00018984538148392183,0.00018984538148392183,-0.0008647417374980648
2024-01-17,Wednesday,0.00010644402796966546,0.00010644402796966546,0.00021244051665525454
2024-01-18,Thursday,0.0,0.0,0.0006962172197726435
2024-01-19,Friday,-0.00013494716299544685,0.00013494716299544685,0.0003945141765555604
2024-01-22,Monday,0.00011367276710516627,0.00011367276710516627,9.299634214388064e-05
2024-01-23,Tuesday,0.00012376797657531746,0.00012376797657531746,-0.00029254288356383995
2024-01-24,Wednesday,6.156119182465503e-05,6.156119182465503e-05,-0.0003590922148807296
2024-01-25,Thursday,-0.0002883012655622297,0.0002883012655622297,-0.00018525761100018912
2024-01-26,Friday,1.190979521115132e-05,1.190979521115132e-05,0.0006570976816773211
2024-01-29,Monday,-0.0001638605546681049,0.0001638605546681049,0.00032778153360779605
2024-01-30,Tuesday,0.00010168110035646549,0.00010168110035646549,-0.000132641938080158
2024-01-31,Wednesday,-0.002297765833042753,0.002297765833042753,8.224698770420424e-05
2024-02-01,Thursday,0.0001436634171370077,0.0001436634171370077,0.0004309371857749156
2024-02-02,Friday,0.0004450738417964839,0.0004450738417964839,0.0003741001375070496
2024-02-05,Monday,-0.00028389503994807885,0.00028389503994807885,-2.028393451536381e-06
2024-02-06,Tuesday,-8.105041335704222e-05,8.105041335704222e-05,-0.00048635175390598917
2024-02-07,Wednesday,0.00020077096048831677,0.00020077096048831677,-0.00022079929344231974
2024-02-08,Thursday,0.00024089613361710782,0.00024089613361710782,-0.0005017460763456771
2024-02-09,Friday,2.396554713124388e-06,2.396554713124388e-06,0.00029956862118551975
2024-02-12,Monday,0.0,0.0,-0.0002489593499173104
2024-02-13,Tuesday,-0.0002532491870701481,0.0002532491870701481,-0.0011145561027012807
2024-02-14,Wednesday,-0.00014096419509446179,0.00014096419509446179,-0.0009466073190871338
2024-02-15,Thursday,-0.00013961187897648664,0.00013961187897648664,0.00034308875626343216
2024-02-16,Friday,0.00021896211955341194,0.00021896211955341194,0.0002786180544498418
2024-02-20,Tuesday,-0.00011090945755187764,0.00011090945755187764,-0.0007060745401742397
2024-02-21,Wednesday,-0.0005854682736761152,0.0005854682736761152,0.0012322236586941315
2024-02-22,Thursday,2.9571800331140707e-05,2.9571800331140707e-05,0.0006111264440327169
2024-02-23,Friday,8.848861446475453e-05,8.848861446475453e-05,-0.0007176986452209766
2024-02-26,Monday,0.00015250377461639708,0.00015250377461639708,0.00022704408718809965
2024-02-27,Tuesday,0.00017793946104105451,0.00017793946104105451,-0.00021744287182734467
2024-02-28,Wednesday,1.9935653238212225e-05,1.9935653238212225e-05,-0.00032567182149234597
2024-02-29,Thursday,-7.87696185581277e-05,7.87696185581277e-05,0.00029127360812974956
2024-03-01,Friday,0.0005462135695055714,0.0005462135695055714,6.823875766492904e-05
2024-03-04,Monday,-0.0001755207114439994,0.0001755207114439994,0.00033160055786929377
2024-03-05,Tuesday,3.946641408147933e-05,3.946641408147933e-05,0.00019732817649043
2024-03-06,Wednesday,-0.0008232711306257467,0.0008232711306257467,-0.0007453611078419575
2024-03-07,Thursday,-0.0002714704000309487,0.0002714704000309487,0.0005237023818762676
2024-03-08,Friday,0.0003713040589397032,0.0003713040589397032,0.0012404766555966784
2024-03-11,Monday,-0.00017610801291467748,0.00017610801291467748,0.00038163083577158474
2024-03-12,Tuesday,-5.818351079300843e-05,5.818351079300843e-05,0.00038791264207294063
2024-03-13,Wednesday,-6.768647624222357e-05,6.768647624222357e-05,-0.0003287819595404473
2024-03-14,Thursday,7.773933999311033e-05,7.773933999311033e-05,0.0003303665124956279
2024-03-15,Friday,0.0001863037339189244,0.0001863037339189244,-0.00023528950412743388
2024-03-18,Monday,-0.000184893248476925,0.000184893248476925,0.0002725273013957086
2024-03-19,Tuesday,-0.00019398434921080732,0.00019398434921080732,-0.00022334650754041174
2024-03-20,Wednesday,0.0018040737148399266,0.0018040737148399266,0.0022463010302888886
2024-03-21,Thursday,0.00022953328232588888,0.00022953328232588888,-8.586072701655123e-05
2024-03-22,Friday,-0.0002105102001760395,0.0002105102001760395,0.0002488371647875187
2024-03-25,Monday,-8.642710353956584e-05,8.642710353956584e-05,1.9207867542503365e-05
2024-03-26,Tuesday,0.00011043675335153935,0.00011043675335153935,0.00024965432478096794
2024-03-27,Wednesday,-0.00016532738667363045,0.00016532738667363045,-1.518915594234116e-05
2024-03-28,Thursday,-9.55310571465473e-05,9.55310571465473e-05,-0.00011465041178615465
2024-04-01,Monday,-2.8750503133778693e-05,2.8750503133778693e-05,0.00016483937744382615
2024-04-02,Tuesday,0.00017382571075397202,0.00017382571075397202,-0.00015448787270211373
2024-04-03,Wednesday,-0.00013447057015514297,0.00013447057015514297,9.606240213644313e-05
2024-04-04,Thursday,-0.0002970116792656574,0.0002970116792656574,-0.0002898217366302802
2024-04-05,Friday,-0.0004604094244881063,0.0004604094244881063,0.00021253163823242716
2024-04-08,Monday,0.00013479424621132274,0.00013479424621132274,-0.0006353729446648693
2024-04-09,Tuesday,-0.00019354713840535887,0.00019354713840535887,9.679042936228122e-05
2024-04-10,Wednesday,0.00029117498448738566,0.00029117498448738566,0.0009048453006421653
2024-04-11,Thursday,8.68717483422099e-05,8.68717483422099e-05,0.0005404883698485463
2024-04-12,Friday,-0.00017630120080713851,0.00017630120080713851,3.918572072336701e-05
2024-04-15,Monday,-0.000198668722078299,0.000198668722078299,-0.0005728508217446304
2024-04-16,Tuesday,-0.0005476625128977286,0.0005476625128977286,0.0011118391009987683
2024-04-17,Wednesday,-0.0006968412252941203,0.0006968412252941203,0.0008365700627428474
2024-04-18,Thursday,-4.003122435503048e-05,4.003122435503048e-05,-0.0005404539813442799
2024-04-19,Friday,-0.00116632146232587,0.00116632146232587,-0.0008254147205669637
2024-04-22,Monday,-0.000139600741878243,0.000139600741878243,-1.9945349741701257e-05
2024-04-23,Tuesday,-2.9645733484962022e-05,2.9645733484962022e-05,-0.0001778761586656019
2024-04-24,Wednesday,-0.0004541505410315949,0.0004541505410315949,-0.00033601991229115225
2024-04-25,Thursday,-0.0001126117179741648,0.0001126117179741648,-0.0003178071307974317
2024-04-26,Friday,-0.00013740982480248132,0.00013740982480248132,-0.0003533915775006946
2024-04-29,Monday,-0.00027501181492306515,0.00027501181492306515,-0.00015450374495118435
2024-04-30,Tuesday,0.000256863694292786,0.000256863694292786,0.0004444576135589351
2024-05-01,Wednesday,0.0018062790651258709,0.0018062790651258709,0.00023909145248057762
2024-05-02,Thursday,9.923391418253935e-05,9.923391418253935e-05,0.00043658589827533234
2024-05-03,Friday,0.0004107258111833989,0.0004107258111833989,1.9550342122975906e-07
2024-05-06,Monday,0.0001456635947834073,0.0001456635947834073,0.000310703743980012
2024-05-07,Tuesday,0.00013539651837524147,0.00013539651837524147,0.0006498278729740736
2024-05-08,Wednesday,0.00017405767110822978,0.00017405767110822978,-9.66837474619675e-05
2024-05-09,Thursday,-0.00026965080221130755,0.00026965080221130755,0.00013486306582288776
2024-05-10,Friday,-0.00015361278058323435,0.00015361278058323435,-0.00047491934244892064
2024-05-13,Monday,-0.00019205654144560658,0.00019205654144560658,-0.00023051654916728115
2024-05-14,Tuesday,9.591774094541705e-05,9.591774094541705e-05,0.0003069132202868641
2024-05-15,Wednesday,-7.562008469463866e-05,7.562008469463866e-05,0.00017961128336985155
2024-05-16,Thursday,-0.0001414947505445907,0.0001414947505445907,-0.0002641559274703109
2024-05-17,Friday,-0.00032152820464337317,0.00032152820464337317,-0.0005013669343776339
2024-05-20,Monday,-3.8472418670387754e-05,3.8472418670387754e-05,-0.0003017501508749687
2024-05-21,Tuesday,-0.00016937656612081575,0.00016937656612081575,-0.00036236526720423434
2024-05-22,Wednesday,-0.000490584550360329,0.000490584550360329,-0.0011893524636586994
2024-05-23,Thursday,-7.594167679236818e-05,7.594167679236818e-05,-0.0011392332959916374
2024-05-24,Friday,0.00017940437746677418,0.00017940437746677418,0.0004909087476161478
2024-05-28,Tuesday,5.692348424690685e-05,5.692348424690685e-05,0.0005483907567791491
2024-05-29,Wednesday,-7.589700776045039e-05,7.589700776045039e-05,0.0
2024-05-30,Thursday,-0.00012386142764575503,0.00012386142764575503,-0.0005050360671983167
2024-05-31,Friday,-0.000268786238144636,0.000268786238144636,-9.602181615675498e-05
2024-06-03,Monday,2.8559460797383807e-05,2.8559460797383807e-05,0.000266542280269233
2024-06-04,Tuesday,3.796435147407351e-05,3.796435147407351e-05,0.0003983753724687844
2024-06-05,Wednesday,-0.0001500234411627721,0.0001500234411627721,0.0003000975316980181
2024-06-06,Thursday,0.00014976785981746232,0.00014976785981746232,-0.0008797544174903305
2024-06-07,Friday,-0.0011569754422632306,0.0011569754422632306,-0.0007847093772771485
2024-06-10,Monday,-0.0001587879806838055,0.0001587879806838055,-5.605171705092005e-05
2024-06-11,Tuesday,-1.8684254778467135e-05,1.8684254778467135e-05,0.0005418636372129804
2024-06-12,Wednesday,-0.0016588638625723018,0.0016588638625723018,-1.846142485273372e-05
2024-06-13,Thursday,-5.5198641264242454e-05,5.5198641264242454e-05,-0.0005723147361812453
2024-06-14,Friday,-0.000489141971149798,0.000489141971149798,0.0003693375930269305
2024-06-17,Monday,0.00023766898063559694,0.00023766898063559694,0.0005661686817401979
2024-06-18,Tuesday,5.473353888807431e-05,5.473353888807431e-05,-0.0010608797183150331
2024-06-20,Thursday,0.0004387327934483043,0.0004387327934483043,0.000840535750178173
2024-06-21,Friday,0.0001286882985567228,0.0001286882985567228,-0.00030329767287962106
2024-06-24,Monday,-0.0002665539174233622,0.0002665539174233622,-0.00017468212450244547
2024-06-25,Tuesday,-1.8382690858298467e-05,1.8382690858298467e-05,-5.533188931183819e-05
2024-06-26,Wednesday,-0.0006241855855525502,0.0006241855855525502,0.00015646808198033213
2024-06-27,Thursday,-0.0007512046757910396,0.0007512046757910396,-0.0002382000220046976
2024-06-28,Friday,-0.00018936917355572014,0.00018936917355572014,0.0008700828868435373
2024-07-01,Monday,-0.00045878294061518776,0.00045878294061518776,0.00025704108985413754
2024-07-02,Tuesday,7.290600789366941e-05,7.290600789366941e-05,0.00032887524665636825
2024-07-03,Wednesday,0.00021783723927604193,0.00021783723927604193,
2024-07-05,Friday,0.0,0.0,-0.0006224178679029579
2024-07-08,Monday,-0.00028817405713066346,0.00028817405713066346,-1.8016070334692103e-05
2024-07-09,Tuesday,-7.192562889968279e-05,7.192562889968279e-05,-0.00044955943175684077
2024-07-10,Wednesday,-0.00010717922152148063,0.00010717922152148063,1.786495877653671e-05
2024-07-11,Thursday,0.0001798755261357421,0.0001798755261357421,-0.00021581181209984202
2024-07-12,Friday,3.5522085856776187e-05,3.5522085856776187e-05,0.00041736968297656496
2024-07-15,Monday,-0.00023169188543725738,0.00023169188543725738,0.000463491158014806
2024-07-16,Tuesday,-0.00030308911192766796,0.00030308911192766796,0.00010656247224938298
2024-07-17,Wednesday,-0.0003588538208961767,0.0003588538208961767,-0.00018846250493598227
2024-07-18,Thursday,-0.0005237587819900691,0.0005237587819900691,-0.000254070366287662
2024-07-19,Friday,-7.28066982161879e-05,7.28066982161879e-05,-0.0004550832802402427
2024-07-22,Monday,-0.0001175759446830904,0.0001175759446830904,4.508932194680071e-05
2024-07-23,Tuesday,0.00014408183848435563,0.00014408183848435563,0.00019808398761056445
2024-07-24,Wednesday,-0.00012870012870003222,0.00012870012870003222,-0.00014710749880486595
2024-07-25,Thursday,-0.0006701736025044314,0.0006701736025044314,-0.0009002388388756888
2024-07-26,Friday,-7.340257643062564e-05,7.340257643062564e-05,-1.853381044147895e-05
2024-07-29,Monday,-0.0005408180101564852,0.0005408180101564852,-2.7514100976677724e-05
2024-07-30,Tuesday,0.0003694740536845931,0.0003694740536845931,-0.0004893723107606274
2024-07-31,Wednesday,-0.0012572684983283011,0.0012572684983283011,0.0010798491703933877
2024-08-01,Thursday,-0.0007372728278098872,0.0007372728278098872,-0.0008956687884698056
2024-08-02,Friday,-0.0006978235449436321,0.0006978235449436321,-1.887397845790062e-07
2024-08-05,Monday,-0.0009825832305795368,0.0009825832305795368,-0.0010798927820738768
2024-08-06,Tuesday,-0.00037884527958764735,0.00037884527958764735,-0.00037899603949143046
2024-08-07,Wednesday,1.915598720381162e-05,1.915598720381162e-05,-0.0006129563651686709
2024-08-08,Thursday,-0.000339488127345855,0.000339488127345855,0.0014150142444766534
2024-08-09,Friday,-0.0001689760054073286,0.0001689760054073286,-0.00013144552521859865
2024-08-12,Monday,7.512865782666189e-05,7.512865782666189e-05,0.0005638299870405206
2024-08-13,Tuesday,-0.0001109611081316908,0.0001109611081316908,1.8495228231385497e-05
2024-08-14,Wednesday,-0.0008467868122158384,0.0008467868122158384,0.0003592549604820583
2024-08-15,Thursday,-0.0001445761331764217,0.0001445761331764217,0.000488625875454618
2024-08-16,Friday,-0.0005950663589150418,0.0005950663589150418,-9.02144397233462e-05
2024-08-19,Monday,5.380779854369244e-05,5.380779854369244e-05,8.967323074715594e-05
2024-08-20,Tuesday,-3.5822392577600226e-05,3.5822392577600226e-05,0.0005194526044280945
2024-08-21,Wednesday,0.0013382581232268542,0.0013382581232268542,-0.0010157168822836349
2024-08-22,Thursday,-0.0004770219430093592,0.0004770219430093592,0.00027912337253077624
2024-08-23,Friday,-0.0001606024375881976,0.0001606024375881976,0.0007531545037569032
2024-08-26,Monday,-1.7872781540972937e-05,1.7872781540972937e-05,-0.0002144772117962379
2024-08-27,Tuesday,6.228700070320947e-05,6.228700070320947e-05,-0.00011993736208981698
2024-08-28,Wednesday,-0.00036031331592689675,0.00036031331592689675,0.000306245608978406
2024-08-29,Thursday,-0.0011549395877753499,0.0011549395877753499,0.0003913615825239525
2024-08-30,Friday,-0.00028629198203511397,0.00028629198203511397,0.00044724824210318204
2024-09-03,Tuesday,-0.00023451734526369616,0.00023451734526369616,-0.0011730633898122678
2024-09-04,Wednesday,-7.260055176427915e-05,7.260055176427915e-05,-0.0002994990198212921
2024-09-05,Thursday,-0.00016161542791781613,0.00016161542791781613,-0.0002360974901020052
2024-09-06,Friday,0.0002404513086100568,0.0002404513086100568,-0.0014606681942135324
2024-09-09,Monday,7.329497562924558e-05,7.329497562924558e-05,-0.0008610327262067452
2024-09-10,Tuesday,0.0004570383912247955,0.0004570383912247955,0.0004933669553777165
2024-09-11,Wednesday,8.182115713295524e-05,8.182115713295524e-05,0.00029088793542308977
2024-09-12,Thursday,-6.259557002208371e-05,6.259557002208371e-05,3.5771776068616035e-05
2024-09-13,Friday,-0.0019019855306896538,0.0019019855306896538,0.0011932536643572966
2024-09-16,Monday,-4.444404938619417e-05,4.444404938619417e-05,-0.0005155830533185579
2024-09-17,Tuesday,0.00030215239144726347,0.00030215239144726347,9.771784416656715e-05
2024-09-18,Wednesday,0.007298362751713583,0.007298362751713583,-0.0027320478020236294
2024-09-19,Thursday,0.00013974043214726173,0.00013974043214726173,0.0002445115881026805
2024-09-20,Friday,2.640542895626652e-05,2.640542895626652e-05,-0.0015932472089129623
2024-09-23,Monday,-0.00012296017846780138,0.00012296017846780138,-0.00027231201686594986
2024-09-24,Tuesday,-0.00019281332164766685,0.00019281332164766685,0.00025421648725409973
2024-09-25,Wednesday,-0.00012257781674696044,0.00012257781674696044,-0.0002630702046687583
2024-09-26,Thursday,0.0002624442306011776,0.0002624442306011776,8.74592221378201e-06
2024-09-27,Friday,0.00013975507922370234,0.00013975507922370234,-0.0006986655488017135
2024-09-30,Monday,-0.00010497218237182082,0.00010497218237182082,-0.00013998005284254766
2024-10-01,Tuesday,0.00042155553994227546,0.00042155553994227546,0.00036872508910867907
2024-10-02,Wednesday,0.0004041753066461595,0.0004041753066461595,-0.00036869199007416587
2024-10-03,Thursday,-1.58713111764186e-06,1.58713111764186e-06,-7.05380288149593e-05
2024-10-04,Friday,0.00024551927326288414,0.00024551927326288414,-0.00031557908762569475
2024-10-07,Monday,-0.0003157322121012385,0.0003157322121012385,-0.0011225491915402008
2024-10-08,Tuesday,0.00012243113248811,0.00012243113248811,1.7487714880193295e-05
2024-10-09,Wednesday,5.210413880529785e-05,5.210413880529785e-05,0.0005123484664282252
2024-10-10,Thursday,-0.00030369817607567295,0.00030369817607567295,-0.0006423053554378555
2024-10-11,Friday,6.906912092263795e-05,6.906912092263795e-05,0.000172660876772035
2024-10-14,Monday,-0.0003084304318027309,0.0003084304318027309,0.0004441047621022154
2024-10-15,Tuesday,-0.00012048192771096922,0.00012048192771096922,0.0003442696319755356
2024-10-16,Wednesday,-5.157918264186989e-05,5.157918264186989e-05,8.614315927024663e-05
2024-10-17,Thursday,-0.00010267467529145868,0.00010267467529145868,-0.0012921112755963637
2024-10-18,Friday,-0.00010537750292949344,0.00010537750292949344,0.0002651748443167623
2024-10-21,Monday,-5.143327389922625e-05,5.143327389922625e-05,0.0
2024-10-22,Tuesday,3.424892115888589e-05,3.424892115888589e-05,0.000787882939192075
2024-10-23,Wednesday,-0.0001909854851031012,0.0001909854851031012,-0.0009550932518321842
2024-10-24,Thursday,-0.0005958181757211856,0.0005958181757211856,0.0006922854360473796
2024-10-25,Friday,8.631851532148183e-05,8.631851532148183e-05,-0.00015534919045812057
2024-10-28,Monday,-0.0003266344616549288,0.0003266344616549288,5.159071367155654e-05
2024-10-29,Tuesday,9.966149457873996e-05,9.966149457873996e-05,-0.00013744523666336939
2024-10-30,Wednesday,0.0003547907079279877,0.0003547907079279877,0.00043041853898739824
2024-10-31,Thursday,-8.205056278265399e-05,8.205056278265399e-05,-0.00045588441576671634
2024-11-01,Friday,0.00010496116436931047,0.00010496116436931047,0.0007119330118265932
2024-11-04,Monday,0.00018399425237003442,0.00018399425237003442,-5.255965520856165e-05
2024-11-05,Tuesday,0.00017384350607585475,0.00017384350607585475,0.00026072899827944696
2024-11-06,Wednesday,-1.694111269223697e-05,1.694111269223697e-05,8.470556346162894e-05
2024-11-07,Thursday,-0.00020158714146389922,0.00020158714146389922,2.7412294531847792e-05
2024-11-08,Friday,-0.0001699456607932026,0.0001699456607932026,-8.348081610853875e-05
2024-11-11,Monday,-0.00017551484354105806,0.00017551484354105806,2.5077950629892598e-05
2024-11-12,Tuesday,0.00011717246112397106,0.00011717246112397106,0.00021758050478681845
2024-11-13,Wednesday,-3.339455668727176e-05,3.339455668727176e-05,-0.0003422827756627278
2024-11-14,Thursday,0.0006735367414292259,0.0006735367414292259,0.0012620099173787924
2024-11-15,Friday,0.00025680068434552616,0.00025680068434552616,-0.00037629350893697566
2024-11-18,Monday,-6.798674258534643e-05,6.798674258534643e-05,-5.0822690172425133e-05
2024-11-19,Tuesday,-6.769334912837266e-05,6.769334912837266e-05,-0.00024540292621832993
2024-11-20,Wednesday,-0.00025563679124696037,0.00025563679124696037,0.00011950017899464704
2024-11-21,Thursday,1.682340472064503e-05,1.682340472064503e-05,-5.854347862643827e-05
2024-11-22,Friday,-0.0003022974607014284,0.0003022974607014284,0.00011759369697794675
2024-11-25,Monday,-1.674172540222507e-05,1.674172540222507e-05,-0.0002595097776586508
2024-11-26,Tuesday,4.9990835013558055e-05,4.9990835013558055e-05,0.00034990669154888465
2024-11-27,Wednesday,-3.3392326443504317e-05,3.3392326443504317e-05,9.784255496647631e-05
2024-11-29,Friday,1.659365458639428e-05,1.659365458639428e-05,-1.6593103906004103e-05
2024-12-02,Monday,-0.00018218254691204638,0.00018218254691204638,-0.00016565067585461168
2024-12-03,Tuesday,-0.00024327593921413815,0.00024327593921413815,-5.8015697390056964e-05
2024-12-04,Wednesday,0.0003960526750057536,0.0003960526750057536,0.00017321873401843213
2024-12-05,Thursday,-7.408992870894249e-05,7.408992870894249e-05,-0.000493957256232247
2024-12-06,Friday,-3.28931138265931e-05,3.28931138265931e-05,-0.00046874614517966595
2024-12-09,Monday,-0.00029702480157089983,0.00029702480157089983,-0.0005709569595180319
2024-12-10,Tuesday,-0.00011423084563932928,0.00011423084563932928,-8.493781078688922e-05
2024-12-11,Wednesday,-8.226187244608774e-06,8.226187244608774e-06,-6.581112207959539e-05
2024-12-12,Thursday,-0.00029715229054882997,0.00029715229054882997,0.0007100748055550721
2024-12-13,Friday,-0.00013242621376907682,0.00013242621376907682,7.433527460443123e-05
2024-12-16,Monday,-0.00023863991705197485,0.00023863991705197485,-3.292343654826002e-05
2024-12-17,Tuesday,-9.929829206944962e-05,9.929829206944962e-05,-0.00018206494753203462
2024-12-18,Wednesday,-0.0027083264524225825,0.0027083264524225825,-0.0004634182685143706
2024-12-19,Thursday,-0.00028754101688044376,0.00028754101688044376,-0.0009136282886388347
2024-12-20,Friday,0.00018580453363070681,0.00018580453363070681,-0.0003883954203112161
2024-12-23,Monday,0.00038742062088359397,0.00038742062088359397,-0.0001178689297501867
2024-12-24,Tuesday,-1.6626209556780402e-05,1.6626209556780402e-05,-0.00021616228799470338
2024-12-26,Thursday,-0.0002577898264491951,0.0002577898264491951,5.556756192004464e-05
2024-12-27,Friday,-0.00011785106991946126,0.00011785106991946126,-0.00016837284482740245
2024-12-30,Monday,6.766815536596305e-05,6.766815536596305e-05,-0.0004905692294678854
2024-12-31,Tuesday,0.00013666803334699829,0.00013666803334699829,-0.0006832467887402105
2025-01-02,Thursday,-0.00029214641690999965,0.00029214641690999965,0.001495667721083782
2025-01-03,Friday,0.0002874972518647212,0.0002874972518647212,0.00024515190964891076
2025-01-06,Monday,-0.0004533015462618861,0.0004533015462618861,-0.0006885256916332461
2025-01-07,Tuesday,-3.384094754654843e-05,3.384094754654843e-05,0.00025381140120805945
2025-01-08,Wednesday,-0.00023817625042532597,0.00023817625042532597,0.0001650611492001186
2025-01-10,Friday,-0.0006074242644603656,0.0006074242644603656,-0.001326963906581713
2025-01-13,Monday,5.1723246150992e-05,5.1723246150992e-05,-0.0007757951900696503
2025-01-14,Tuesday,-0.00022280494284199204,0.00022280494284199204,-0.00023999725717416265
2025-01-15,Wednesday,-0.00011796871044500445,0.00011796871044500445,0.0003544423440453581
2025-01-16,Thursday,-0.00043964963306164506,0.00043964963306164506,0.0009264678518869918
2025-01-17,Friday,-2.1719107451412256e-06,2.1719107451412256e-06,1.6706511698494353e-06
2025-01-21,Tuesday,-0.0001491831434664581,0.0001491831434664581,8.281881384553103e-05
2025-01-22,Wednesday,-0.0002635740643119888,0.0002635740643119888,0.00026364789823185575
2025-01-23,Thursday,-3.290935119215632e-05,3.290935119215632e-05,-0.000263110262781141
2025-01-24,Friday,0.00024694609989817096,0.00024694609989817096,-0.00042794831701098435
2025-01-27,Monday,0.00021789778917558067,0.00021789778917558067,0.0007038359056859012
2025-01-28,Tuesday,0.00011593434803502944,0.00011593434803502944,-0.0006125794912560378
2025-01-29,Wednesday,-0.002261051721558105,0.002261051721558105,0.00025828813291006725
2025-01-30,Thursday,-8.31487007891818e-05,8.31487007891818e-05,-0.0004298373231054198
2025-01-31,Friday,-0.0002973289945323865,0.0002973289945323865,-0.000346981263011803
2025-02-03,Monday,0.0004176616956965695,0.0004176616956965695,-0.0004281565066436288
2025-02-04,Tuesday,-3.346096221090722e-05,3.346096221090722e-05,0.0008490377572085706
2025-02-05,Wednesday,0.00013683407417253157,0.00013683407417253157,0.00016583197903896618
2025-02-06,Thursday,-8.278939105998973e-05,8.278939105998973e-05,0.00032226344623564884
2025-02-07,Friday,-4.324496944574374e-05,4.324496944574374e-05,0.0004075013514075465
2025-02-10,Monday,-0.000462771671762674,0.000462771671762674,0.0003141846082612698
2025-02-11,Tuesday,0.00018195050946134828,0.00018195050946134828,0.00016537946317840557
2025-02-12,Wednesday,-0.00014919929710555113,0.00014919929710555113,-0.0003481894150418885
2025-02-13,Thursday,9.881585665105774e-05,9.881585665105774e-05,0.0006751416150705403
2025-02-14,Friday,-9.795411848745328e-05,9.795411848745328e-05,6.552757891986616e-05
2025-02-18,Tuesday,7.381223806923742e-05,7.381223806923742e-05,-4.920533385832648e-05
2025-02-19,Wednesday,0.00014717425431709508,0.00014717425431709508,-6.540329305593229e-05
2025-02-20,Thursday,0.00013144922773555834,0.00013144922773555834,0.0
2025-02-21,Friday,1.661792076568247e-05,1.661792076568247e-05,-0.0006979236770606745
2025-02-24,Monday,0.000249741933335601,0.000249741933335601,0.0009321370907335869
2025-02-25,Tuesday,-3.363322963079174e-05,3.363322963079174e-05,-0.00021859393654044545
2025-02-26,Wednesday,-0.00015188591680015406,0.00015188591680015406,0.0001181494421658158
2025-02-27,Thursday,-0.00055578011317714,0.00055578011317714,0.00021905435918179172
2025-02-28,Friday,0.001490747087045996,0.001490747087045996,-0.00013687848612398135
2025-03-03,Monday,0.000984519282998475,0.000984519282998475,1.6958350291806923e-05
2025-03-04,Tuesday,0.0002929721159479204,0.0002929721159479204,0.0018519794645623922
2025-03-05,Wednesday,-0.0005847349774705801,0.0005847349774705801,0.0021337738543871776
2025-03-06,Thursday,8.740036358534375e-05,8.740036358534375e-05,-0.0018703023946863295
2025-03-07,Friday,0.00038242912023922493,0.00038242912023922493,0.0003996663654688426
2025-03-10,Monday,0.00026766117663856726,0.00026766117663856726,-0.0007047216349541641
2025-03-11,Tuesday,0.001154692743477792,0.001154692743477792,0.0026130128037629152
2025-03-12,Wednesday,0.0010214321554011807,0.0010214321554011807,0.00035806359209411553
2025-03-13,Thursday,0.0008907957169086433,0.0008907957169086433,0.0015075011805731897
2025-03-14,Friday,0.00031892123287668994,0.00031892123287668994,0.0009360875108095357
2025-03-17,Monday,0.0010754716981131729,0.0010754716981131729,-0.000634148919304578
2025-03-18,Tuesday,0.00015156378160541273,0.00015156378160541273,-0.0015332227986665226
2025-03-19,Wednesday,0.0029475478532619004,0.0029475478532619004,-0.0008851750876323061
2025-03-20,Thursday,0.00035386330260611665,0.00035386330260611665,-8.843453191598183e-05
2025-03-21,Friday,0.00034641724624950854,0.00034641724624950854,7.991262885909123e-05
2025-03-24,Monday,-0.00012214273250754637,0.00012214273250754637,-0.0012432375833304476
2025-03-25,Tuesday,0.00025256044032606617,0.00025256044032606617,-0.00017413715041969535
2025-03-26,Wednesday,0.0008097736154633051,0.0008097736154633051,-0.00031502295393370794
2025-03-27,Thursday,0.0006176652254479276,0.0006176652254479276,0.0005908080843710639
2025-03-28,Friday,0.00025162206366036166,0.00025162206366036166,-0.00048516648398044815
2025-03-31,Monday,0.0007954442737052592,0.0007954442737052592,0.001896676300577882
2025-04-01,Tuesday,-0.00042039355992851135,0.00042039355992851135,-0.001557046979865806
2025-04-02,Wednesday,-0.00042547156431715916,0.00042547156431715916,-0.0007093707881109523
2025-04-03,Thursday,0.0008858703676362101,0.0008858703676362101,-0.001032562599107667
2025-04-04,Friday,0.000213956742260768,0.000213956742260768,-0.00019428038545232784
2025-04-07,Monday,0.000315673679454731,0.000315673679454731,-0.0021205159922247363
2025-04-08,Tuesday,-0.0007103954534690704,0.0007103954534690704,-0.0008491981989098285
2025-04-09,Wednesday,0.0017292143758471656,0.0017292143758471656,0.0
2025-04-10,Thursday,0.000610465670844329,0.000610465670844329,0.004976547305800327
2025-04-11,Friday,-0.0009724715739077849,0.0009724715739077849,0.001104413911871438
2025-04-14,Monday,0.0007291956582242687,0.0007291956582242687,0.00018541523742410249
2025-04-15,Tuesday,0.0005201367216525199,0.0005201367216525199,-0.0008911994058671269
2025-04-16,Wednesday,0.002136996756344267,0.002136996756344267,0.00024751532691058564
2025-04-17,Thursday,-0.00010876551891347841,0.00010876551891347841,0.0016813657910144109
2025-04-21,Monday,-0.0005108556832694733,0.0005108556832694733,-1.9658724541904427e-05
2025-04-22,Tuesday,0.00028648078949888856,0.00028648078949888856,0.0028430970599617744
2025-04-23,Wednesday,0.00035293680573600383,0.00035293680573600383,-0.001281218085600111
2025-04-24,Thursday,0.00030259128170340155,0.00030259128170340155,0.0003024969750302642
2025-04-25,Friday,-0.0003102755977367755,0.0003102755977367755,0.0015016522739306204
2025-04-28,Monday,0.00013693127875535893,0.00013693127875535893,9.12750207660018e-06
2025-04-29,Tuesday,0.0001261852399321306,0.0001261852399321306,0.0009010454217737163
2025-04-30,Wednesday,-0.0007084726057259294,0.0007084726057259294,0.0005731948769867046
2025-05-01,Thursday,0.0002852402868458448,0.0002852402868458448,0.0006598776551158814
2025-05-02,Friday,0.0004583516967826551,0.0004583516967826551,0.00022907488986789737
2025-05-05,Monday,-0.00010589025597507185,0.00010589025597507185,0.0005480905233379296
2025-05-06,Tuesday,0.0005551078879040272,0.0005551078879040272,0.0011812926205008178
2025-05-07,Wednesday,0.0007581785832431187,0.0007581785832431187,-0.0001250893495354788
2025-05-08,Thursday,0.0003537204058625676,0.0003537204058625676,-0.0004402261001250629
2025-05-09,Friday,-3.538445207174057e-05,3.538445207174057e-05,-0.0006899968153992742
2025-05-12,Monday,0.00015476947945880504,0.00015476947945880504,0.0007565337001373962
2025-05-13,Tuesday,-0.00030616410395967186,0.00030616410395967186,0.0005106173007554116
2025-05-14,Wednesday,-6.810365376119787e-05,6.810365376119787e-05,3.405414609236601e-05
2025-05-15,Thursday,-0.00046618465998182756,0.00046618465998182756,-2.5439898240331438e-05
2025-05-16,Friday,-5.903984346022906e-05,5.903984346022906e-05,0.0002193019450396072
2025-05-19,Monday,-0.00010094891984668841,0.00010094891984668841,0.00013460988373070748
2025-05-20,Tuesday,-0.00013491066384485606,0.00013491066384485606,0.0002698645617229545
2025-05-21,Wednesday,-0.0010065511123241722,0.0010065511123241722,-0.0008368200836820217
2025-05-22,Thursday,1.7082920496180876e-05,1.7082920496180876e-05,0.0001451998633412721
2025-05-23,Friday,0.00017217037980765681,0.00017217037980765681,0.0007057770433107624
2025-05-27,Tuesday,0.0002042301184435047,0.0002042301184435047,-0.000541336085125188
2025-05-28,Wednesday,0.00035611327793771963,0.00035611327793771963,0.0005255127987795483
2025-05-29,Thursday,0.0005776614903665322,0.0005776614903665322,1.6980235006514022e-05
2025-05-30,Friday,0.0011350834670398324,0.0011350834670398324,0.00010229830184838029
2025-06-02,Monday,-2.5424590664013813e-05,2.5424590664013813e-05,1.6949439821001278e-05
2025-06-03,Tuesday,0.0,0.0,-0.0004831242031806404
2025-06-04,Wednesday,0.0002426453361892289,0.0002426453361892289,-1.6729681801441743e-05
2025-06-05,Thursday,0.00030209452201934717,0.00030209452201934717,-0.0013925940839919493
2025-06-06,Friday,0.0008431421654562232,0.0008431421654562232,0.0003920194842024216
2025-06-09,Monday,3.3281192797884884e-05,3.3281192797884884e-05,-0.00018304046858363954
2025-06-10,Tuesday,-0.0008481200006651424,0.0008481200006651424,-0.00019972703971238293
2025-06-11,Wednesday,0.0002489585235099234,0.0002489585235099234,-0.0026383035210565398
2025-06-12,Thursday,0.0001823879557627528,0.0001823879557627528,-1.5914602244371245e-05
2025-06-13,Friday,0.0006168722907635704,0.0006168722907635704,-0.0016662223407091226
2025-06-16,Monday,6.641098437687454e-05,6.641098437687454e-05,0.00047813527243745213
2025-06-17,Tuesday,-0.0006521521019363652,0.0006521521019363652,-0.00038484706512287303
2025-06-18,Wednesday,0.0012841680425610402,0.0012841680425610402,-0.002981296114321852
2025-06-20,Friday,1.683416662445758e-05,1.683416662445758e-05,0.00048817439609472046
2025-06-23,Monday,6.682928459267323e-05,6.682928459267323e-05,0.00041831637681877254
2025-06-24,Tuesday,0.00013175664547593335,0.00013175664547593335,3.277014248093124e-05
2025-06-25,Wednesday,-0.00028040312072175055,0.00028040312072175055,0.0004949433289886951
2025-06-26,Thursday,-0.00014723203769129167,0.00014723203769129167,0.00021269981511484737
2025-06-27,Friday,-0.0003744952455386752,0.0003744952455386752,0.00014659651751824931
2025-06-30,Monday,0.00042705412220889194,0.00042705412220889194,2.434709214571562e-05
2025-07-01,Tuesday,-1.6166319090960002e-05,1.6166319090960002e-05,-0.0005496370778707016
2025-07-02,Wednesday,-6.457653934321961e-05,6.457653934321961e-05,9.687106461320205e-05
2025-07-03,Thursday,0.0,0.0,-1.6001536147669526e-05
2025-07-07,Monday,0.0003709438100767404,0.0003709438100767404,-8.061135652781548e-05
2025-07-08,Tuesday,-0.0002414875633904856,0.0002414875633904856,4.830917874398821e-05
2025-07-09,Wednesday,0.0004177042332718095,0.0004177042332718095,0.00016862052352650814
2025-07-10,Thursday,-4.7878961984215707e-05,4.7878961984215707e-05,4.7881254489068326e-05
2025-07-11,Friday,0.0002722221332607244,0.0002722221332607244,-0.0004082155378039021
2025-07-14,Monday,6.0991227508688795e-05,6.0991227508688795e-05,0.00012805941957050315
2025-07-15,Tuesday,-0.0003202100577980316,0.0003202100577980316,0.0002882952142992945
2025-07-16,Wednesday,-0.0001604904588422551,0.0001604904588422551,0.0005618067705741581
2025-07-17,Thursday,6.375111564449476e-05,6.375111564449476e-05,-5.577911470566743e-05
2025-07-18,Friday,7.973337160538385e-05,7.973337160538385e-05,0.0003353266373242736
2025-07-21,Monday,-2.376576462381763e-05,2.376576462381763e-05,5.545520803629245e-05
2025-07-22,Tuesday,0.0004137821277949705,0.0004137821277949705,-0.00010340192327584763
2025-07-23,Wednesday,0.00016600396828536645,0.00016600396828536645,0.00026872372040087633
2025-07-24,Thursday,5.509641873269189e-05,5.509641873269189e-05,0.0006375091494370544
2025-07-25,Friday,-3.4529736381072595e-05,3.4529736381072595e-05,1.5695876693255784e-05
2025-07-28,Monday,1.5720798616447595e-05,1.5720798616447595e-05,-0.00025341879562545966
2025-07-29,Tuesday,0.0,0.0,0.00022026085178006305
2025-07-30,Wednesday,0.00034552893412165275,0.00034552893412165275,-0.0008635036267153895
2025-07-31,Thursday,0.0007419451592025617,0.0007419451592025617,-0.0005205539956463223
2025-08-01,Friday,0.00011279225278348903,0.00011279225278348903,-0.0007733329037039605
2025-08-04,Monday,0.00027785716553929696,0.00027785716553929696,0.0002142857142857224
2025-08-05,Tuesday,3.173897863972819e-05,3.173897863972819e-05,-0.00036498667005202545
2025-08-06,Wednesday,0.000340063425783077,0.000340063425783077,0.0003083296439185812
2025-08-07,Thursday,0.0003329422582998287,0.0003329422582998287,-0.00035660511926460803
2025-08-08,Friday,0.00034838393793124034,0.00034838393793124034,3.1374517616811204e-05
2025-08-11,Monday,-0.00027480724234851817,0.00027480724234851817,-0.0001020977153671776
2025-08-12,Tuesday,0.00018689550983541636,0.00018689550983541636,-1.572767759816518e-05
2025-08-13,Wednesday,-4.66157001677292e-05,4.66157001677292e-05,0.000365161992075258
2025-08-14,Thursday,-0.00013184017868228537,0.00013184017868228537,-0.00010858942339020405
2025-08-15,Friday,-6.20376258200217e-05,6.20376258200217e-05,-0.000395514401377306
2025-08-18,Monday,-0.0002955864279157172,0.0002955864279157172,0.00011671153576808813
2025-08-19,Tuesday,-0.00014066456190808818,0.00014066456190808818,-0.0007661164259362696
2025-08-20,Wednesday,-0.00028233780093533944,0.00028233780093533944,-0.0013343380113655101
2025-08-21,Thursday,4.717648723895351e-05,4.717648723895351e-05,-0.00011007154650533035
2025-08-22,Friday,0.0003716407163374402,0.0003716407163374402,-0.00013931457230431654
2025-08-25,Monday,-0.00032754017021841,0.00032754017021841,7.760360080721895e-05
2025-08-26,Tuesday,0.00010873285007617639,0.00010873285007617639,8.554652564463083e-05
2025-08-27,Wednesday,-6.957812463759261e-05,6.957812463759261e-05,-0.00010824100633222145
2025-08-28,Thursday,-4.626987676781269e-05,4.626987676781269e-05,0.00013881819443795074
2025-08-29,Friday,-0.0003722950438221906,0.0003722950438221906,-0.00027156623888513476
2025-09-02,Tuesday,0.0006513872135103238,0.0006513872135103238,-0.0004696746720104228
2025-09-03,Wednesday,-0.000647446098162141,0.000647446098162141,0.0005463969027101889
2025-09-04,Thursday,0.00022406279939413132,0.00022406279939413132,-6.179610375556255e-05
2025-09-05,Friday,0.0002945051538403298,0.0002945051538403298,-0.0004726190845136813
2025-09-08,Monday,-9.249538179378902e-05,9.249538179378902e-05,-0.00012354449145990376
2025-09-09,Tuesday,4.616805170831739e-05,4.616805170831739e-05,6.155361319692965e-05
2025-09-10,Wednesday,-0.00012263543550916634,0.00012263543550916634,6.132617861243084e-05
2025-09-11,Thursday,-7.603926667765215e-06,7.603926667765215e-06,-9.885179834223656e-05
2025-09-12,Friday,-7.594456047077536e-05,7.594456047077536e-05,-6.076026278822866e-05
2025-09-15,Monday,-0.00018922191946713074,0.00018922191946713074,2.831311519502222e-05
2025-09-16,Tuesday,-0.0001741949165378065,0.0001741949165378065,0.0001895267890283936
2025-09-17,Wednesday,0.0009580722131770081,0.0009580722131770081,0.0019991215980856847
2025-09-18,Thursday,7.543867590054099e-05,7.543867590054099e-05,0.0002791062565061786
2025-09-19,Friday,-0.00014335511325058725,0.00014335511325058725,0.00021129523982010845
2025-09-22,Monday,0.00011255346289473778,0.00011255346289473778,-0.0003025119294138845
2025-09-23,Tuesday,-0.0003015499668295174,0.0003015499668295174,-0.00031672297297280494
2025-09-24,Wednesday,-3.133704735358567e-05,3.133704735358567e-05,-0.0001362521573257114
2025-09-25,Thursday,-0.0005643771259475905,0.0005643771259475905,-0.0011293916547113758
2025-09-26,Friday,0.00021169141440102734,0.00021169141440102734,-0.00010582170554362946
2025-09-29,Monday,0.00010709868163027991,0.00010709868163027991,0.0001659075141020594
2025-09-30,Tuesday,5.2829391254505254e-05,5.2829391254505254e-05,3.7733001283069e-05
2025-10-01,Wednesday,0.0005091698480426121,0.0005091698480426121,-0.0001122250486307319
2025-10-02,Thursday,0.0001196011302306843,0.0001196011302306843,2.9896259977846285e-05
2025-10-03,Friday,-0.0005230203679075229,0.0005230203679075229,-0.0003139670484108015
2025-10-06,Monday,-0.00019337468576607897,0.00019337468576607897,0.00035706846787864066
2025-10-07,Tuesday,-0.00036657988448995926,0.00036657988448995926,-9.5496115792848e-05
2025-10-08,Wednesday,-0.0001486679352997733,0.0001486679352997733,0.00040101703987871495
2025-10-09,Thursday,-9.698814506431397e-05,9.698814506431397e-05,-0.0006267440645844058
2025-10-10,Friday,-0.0010460409623576084,0.0010460409623576084,0.00012156071206348429
2025-10-13,Monday,4.523181304172397e-05,4.523181304172397e-05,0.0001507658907249354
2025-10-14,Tuesday,-4.510260843415548e-05,4.510260843415548e-05,-0.00031573249939864656
2025-10-15,Wednesday,9.03179190749892e-05,9.03179190749892e-05,-0.0010076912656722392
2025-10-16,Thursday,-0.0006118070140976872,0.0006118070140976872,-0.001784121320249743
2025-10-17,Friday,0.00048274925701874416,0.00048274925701874416,1.5078180365168947e-05
2025-10-20,Monday,0.00013396844298907418,0.00013396844298907418,0.0002911171755561881
2025-10-21,Tuesday,2.975260707227534e-05,2.975260707227534e-05,0.00013388274846404258
2025-10-22,Wednesday,0.0006769462203837229,0.0006769462203837229,-0.00043595255633566143
2025-10-23,Thursday,0.0,0.0,-0.00017103805224838453
2025-10-24,Friday,-7.565590573255232e-05,7.565590573255232e-05,-2.2123078057600942e-05
2025-10-27,Monday,-4.386413814272405e-05,4.386413814272405e-05,-2.9243613925755696e-05
2025-10-28,Tuesday,4.362938293511753e-05,4.362938293511753e-05,0.00010179745215532776
2025-10-29,Wednesday,0.0005449710075424719,0.0005449710075424719,-0.0007552211926684649
2025-10-30,Thursday,-0.00019725450945728973,0.00019725450945728973,-0.0005699504581524462
2025-10-31,Friday,0.000521399406632872,0.000521399406632872,0.0007339557277905584
2025-11-03,Monday,-1.4628651677117688e-05,1.4628651677117688e-05,-0.0006436606737957318
2025-11-04,Tuesday,0.00028101936075475287,0.00028101936075475287,0.0004731697940234536
2025-11-05,Wednesday,-0.00035260930888580955,0.00035260930888580955,-0.0002645502645501896
2025-11-06,Thursday,1.4891810984352105e-07,1.4891810984352105e-07,0.0011317944899478238
2025-11-07,Friday,-6.0095250972724834e-05,6.0095250972724834e-05,0.0004958156166894323
2025-11-10,Monday,0.00036771194916740413,0.00036771194916740413,0.00019114273951648109
2025-11-11,Tuesday,-0.0004391100702577644,0.0004391100702577644,0.00011714917483063303
2025-11-12,Wednesday,-0.00023404130829085545,0.00023404130829085545,0.00011704462326278531
2025-11-13,Thursday,-0.00019028364155304622,0.00019028364155304622,-0.0006690852860710139
2025-11-14,Friday,0.00023765317489776727,0.00023765317489776727,-0.000608868692268838
2025-11-17,Monday,0.00023253371738896078,0.00023253371738896078,-0.0008624180702834217
2025-11-18,Tuesday,0.00036196365281648823,0.00036196365281648823,-0.00036938200129665866
2025-11-19,Wednesday,-0.0006490076220662111,0.0006490076220662111,-0.0002567510421070951
2025-11-20,Thursday,0.0001221299462628167,0.0001221299462628167,-0.0011142656531428763
2025-11-21,Friday,0.0008528691920937082,0.0008528691920937082,0.0005129829961225685
2025-11-24,Monday,0.00019425019425023393,0.00019425019425023393,0.00028385323293877995
2025-11-25,Tuesday,7.43466840786855e-05,7.43466840786855e-05,-0.00042052469135789305
2025-11-26,Wednesday,0.00036008230452666545,0.00036008230452666545,-0.00033791228972313014
2025-11-28,Friday,-4.260428423408236e-05,4.260428423408236e-05,
2025-12-01,Monday,-0.0005418704783105577,0.0005418704783105577,-0.0002857352186974582
2025-12-02,Tuesday,-0.00017618558214649305,0.00017618558214649305,0.000998560897530032
2025-12-03,Wednesday,0.0002778143322952342,0.0002778143322952342,0.0002429455880819109
2025-12-04,Thursday,-0.00011694025814568132,0.00011694025814568132,-0.0001290882451921993
2025-12-05,Friday,-0.0002623180168759287,0.0002623180168759287,6.647472575527225e-05
2025-12-08,Monday,-5.863984870912997e-05,5.863984870912997e-05,-7.330303474573086e-05
2025-12-09,Tuesday,-0.00012455047802817365,0.00012455047802817365,-5.848209716807773e-05
2025-12-10,Wednesday,0.0025773950736607265,0.0025773950736607265,-0.0010955142343815893
2025-12-11,Thursday,0.0003052458682790693,0.0003052458682790693,8.718649190631034e-05
2025-12-12,Friday,-8.790436005612356e-05,8.790436005612356e-05,-0.00010256410256415105
2025-12-15,Monday,0.00013215470911287497,0.00013215470911287497,0.0004551327225745805
2025-12-16,Tuesday,-0.00011802021096118942,0.00011802021096118942,-0.001829529191318624
2025-12-17,Wednesday,-0.00016355539695622756,0.00016355539695622756,-0.0002082001100486286
2025-12-18,Thursday,-0.0003980950415051199,0.0003980950415051199,-0.001725740076994664
2025-12-19,Friday,0.00023521801770010065,0.00023521801770010065,0.00021311306750537717
2025-12-22,Monday,5.799853907961783e-05,5.799853907961783e-05,-0.00021912845309912665
2025-12-23,Tuesday,4.363445958710521e-05,4.363445958710521e-05,0.00023270696375599087
2025-12-24,Wednesday,2.898761621850099e-07,2.898761621850099e-07,1.4492753623196464e-05
2025-12-26,Friday,-0.000144884490839714,0.000144884490839714,0.0004257315758067204
2025-12-29,Monday,-5.8205523704280004e-05,5.8205523704280004e-05,-0.0001864118426964101
2025-12-30,Tuesday,2.1809933697714e-05,2.1809933697714e-05,-0.00036349360978238376
2025-12-31,Wednesday,0.00029161745622086066,0.00029161745622086066,2.915324402730235e-05
2026-01-02,Friday,0.0004922669997429185,0.0004922669997429185,0.00025703165161194974
2026-01-05,Monday,0.00018880529816711622,0.00018880529816711622,-0.00010164520016830991
2026-01-06,Tuesday,8.688486670904716e-05,8.688486670904716e-05,-8.673277631610077e-05
2026-01-07,Wednesday,-2.886711025806843e-05,2.886711025806843e-05,0.00012990762124709399
2026-01-08,Thursday,-0.00014516105619188924,0.00014516105619188924,0.000537166085946561
2026-01-09,Friday,-0.00017278120140529207,0.00017278120140529207,0.00013680777068136862
2026-01-12,Monday,-0.00012945728628765973,0.00012945728628765973,-0.00015105088256872623
2026-01-13,Tuesday,0.00025981524249441,0.00025981524249441,-0.0007720169122209519
2026-01-14,Wednesday,-0.00015985816221242288,0.00015985816221242288,-8.357679617432279e-05
2026-01-15,Thursday,-0.0002878899108981203,0.0002878899108981203,-0.00043196544276447035
2026-01-16,Friday,8.662633729406011e-05,8.662633729406011e-05,0.0010394260058610438
2026-01-20,Tuesday,0.0006188027639855154,0.0006188027639855154,-0.0006699353622803272
2026-01-21,Wednesday,-0.00010484735458671235,0.00010484735458671235,-0.0005874318946146317
2026-01-22,Thursday,0.00040579122041695115,0.00040579122041695115,0.0004056207446039295
2026-01-23,Friday,0.00026125956137423856,0.00026125956137423856,0.000471592022114109
2026-01-26,Monday,-0.00010092563222707795,0.00010092563222707795,0.00010814552061266802
2026-01-27,Tuesday,-0.00020832734691533794,0.00020832734691533794,5.015268546793017e-05
2026-01-28,Wednesday,0.0005035319167301378,0.0005035319167301378,-0.0006614422316486568
2026-01-29,Thursday,0.0,0.0,0.0005936952460938727
2026-01-30,Friday,0.0007521189505048653,0.0007521189505048653,-2.8905493488995404e-05
2026-02-02,Monday,5.025197777430712e-05,5.025197777430712e-05,0.00022253329026233892
2026-02-03,Tuesday,0.00033584486887461296,0.00033584486887461296,-0.0007152762572074645
2026-02-04,Wednesday,-0.00043819929303845484,0.00043819929303845484,-0.0003361049816602568
2026-02-05,Thursday,0.00019165278412547337,0.00019165278412547337,0.0007664755391125766
2026-02-06,Friday,-0.00011610524940852684,0.00011610524940852684,0.0005660747073465977
2026-02-09,Monday,-0.00015834856838503608,0.00015834856838503608,0.0007414819560727093
2026-02-10,Tuesday,-0.00033157932674987567,0.00033157932674987567,9.373963455971968e-05
2026-02-11,Wednesday,1.4435638704846099e-05,1.4435638704846099e-05,0.000166007448682004
2026-02-12,Thursday,0.00044179932817289824,0.00044179932817289824,-0.0007518303053306585
2026-02-13,Friday,7.3027882045551e-05,7.3027882045551e-05,-0.0003068407524243755
2026-02-17,Tuesday,-0.00011694538650453001,0.00011694538650453001,0.0004970832906914247
2026-02-18,Wednesday,0.00010189376846825304,0.00010189376846825304,0.0004075394803872978
2026-02-19,Thursday,-0.00013162898177676574,0.00013162898177676574,-8.776420683087593e-05
2026-02-20,Friday,0.00013056724212967552,0.00013056724212967552,0.00014505998230274209
2026-02-23,Monday,0.0002785842057417831,0.0002785842057417831,-0.0006009791562839872
2026-02-24,Tuesday,0.0001454651247361216,0.0001454651247361216,-0.00021816595156709528
2026-02-25,Wednesday,0.00017328770090552226,0.00017328770090552226,0.00023101357204735606
2026-02-26,Thursday,-0.0001149241355231645,0.0001149241355231645,0.0008001978671088317
2026-02-27,Friday,0.0001462095182394041,0.0001462095182394041,0.0008990570864702008
2026-03-02,Monday,1.4592788244005561e-05,1.4592788244005561e-05,0.0005399174072291402
2026-03-03,Tuesday,-2.93582291115424e-05,2.93582291115424e-05,0.0
2026-03-04,Wednesday,-8.739348918496148e-05,8.739348918496148e-05,0.00048085186965574067
2026-03-05,Thursday,0.00032515518770326324,0.00032515518770326324,-0.00011819807041657526
2026-03-06,Friday,0.0003560461079707977,0.0003560461079707977,-0.0006080289481098511
2026-03-09,Monday,0.00037378147240008097,0.00037378147240008097,-5.978179644305914e-05
2026-03-10,Tuesday,-0.0001759401803387295,0.0001759401803387295,0.00017597114073297782
2026-03-11,Wednesday,-7.407517148394493e-05,7.407517148394493e-05,0.0001777962159039692
2026-03-12,Thursday,0.0006734812996693762,0.0006734812996693762,-0.00013460560557576606
2026-03-13,Friday,0.00019618495714102124,0.00019618495714102124,0.0006064126744624865
2026-03-16,Monday,4.485914229324095e-05,4.485914229324095e-05,0.0005532338010900695
2026-03-17,Tuesday,-0.00019353878219441345,0.00019353878219441345,0.0004913858570214646
2026-03-18,Wednesday,0.0007499512531685681,0.0007499512531685681,-0.00017985611510795696
2026-03-19,Thursday,-0.0002434459778158926,0.0002434459778158926,-0.0005630887701837395
2026-03-20,Friday,-3.070262968019044e-05,3.070262968019044e-05,-0.0009057414798895325
2026-03-23,Monday,-0.00022793234967855014,0.00022793234967855014,0.0002735687037402901
2026-03-24,Tuesday,0.0003973712364357951,0.0003973712364357951,-0.00047359335136054614
2026-03-25,Wednesday,-3.040021888156552e-05,3.040021888156552e-05,-4.5603101010871505e-05
2026-03-26,Thursday,0.0005953715659818837,0.0005953715659818837,0.00027834880582799926
2026-03-27,Friday,3.175402639477021e-05,3.175402639477021e-05,-0.0004635554118482821
2026-03-30,Monday,-0.00017362207210036562,0.00017362207210036562,-0.0002525850501224891
2026-03-31,Tuesday,0.0005878621927259964,0.0005878621927259964,0.00033241339857914554
2026-04-01,Wednesday,-0.0003197369022061025,0.0003197369022061025,-0.0009595028861237864
2026-04-02,Thursday,0.0004592492805093329,0.0004592492805093329,0.0005891219023281824
2026-04-06,Monday,-3.046458491995363e-05,3.046458491995363e-05,-0.0002741770879346461
2026-04-07,Tuesday,0.0002740852405096472,0.0002740852405096472,-0.0003957985075047077
2026-04-08,Wednesday,-5.9189109203883206e-05,5.9189109203883206e-05,0.0006955234924159726
2026-04-09,Thursday,-0.00022041320128129982,0.00022041320128129982,-0.001881273975220088
2026-04-10,Friday,-5.887114577973751e-05,5.887114577973751e-05,-0.000537230832634239
2026-04-13,Monday,0.00032250971194014433,0.00032250971194014433,2.930961208735816e-05
2026-04-14,Tuesday,0.00018739549097612773,0.00018739549097612773,-2.8824258495929733e-05
2026-04-15,Wednesday,-0.0003584280778219373,0.0003584280778219373,0.0011043543112845278
2026-04-16,Thursday,0.0002569189706111974,0.0002569189706111974,-0.00014284287283983232
2026-04-17,Friday,-0.0001126268812208231,0.0001126268812208231,-0.00029567470150937414
2026-04-20,Monday,-0.00014129482578351116,0.00014129482578351116,0.00011305502953562474
2026-04-21,Tuesday,0.0002762841901686741,0.0002762841901686741,-2.8329013158745475e-05
2026-04-22,Wednesday,0.0001957829204051187,0.0001957829204051187,-2.816504717639834e-05
2026-04-23,Thursday,-0.00025471577964242265,0.00025471577964242265,0.0011005226597970985
2026-04-24,Friday,-0.00021018412129025776,0.00021018412129025776,0.00011912937450064831
2026-04-27,Monday,-2.098342309575507e-05,2.098342309575507e-05,5.595657769563722e-05
2026-04-28,Tuesday,1.4063906390582304e-05,1.4063906390582304e-05,-0.00023908304619923992
2026-04-29,Wednesday,-0.0007880553327423989,0.0007880553327423989,-0.0008309391020222545
2026-04-30,Thursday,0.0008227812796339773,0.0008227812796339773,0.00015327378878882136
2026-05-01,Friday,6.779285822999803e-05,6.779285822999803e-05,-0.00045267774380530756
2026-05-04,Monday,8.352706973102642e-05,8.352706973102642e-05,0.0006994807834186378
2026-05-05,Tuesday,0.00011049571138532777,0.00011049571138532777,0.0001242956579381449
2026-05-06,Wednesday,5.463510578707087e-05,5.463510578707087e-05,2.7315687399331878e-05
2026-05-07,Thursday,-0.0001229894639026563,0.0001229894639026563,-0.00025968345953031324
2026-05-08,Friday,0.00039339636718804805,0.00039339636718804805,0.00010847604713282166
2026-05-11,Monday,0.00017562820859229333,0.00017562820859229333,0.0003849660622023965
2026-05-12,Tuesday,2.7344706554632836e-05,2.7344706554632836e-05,0.00010883021126661951
2026-05-13,Wednesday,0.00020885828628403047,0.00020885828628403047,0.0005792962224497877
2026-05-14,Thursday,-0.0005617075910769875,0.0005617075910769875,-0.0005352817589358017
2026-05-15,Friday,0.00010767594923066781,0.00010767594923066781,5.383072927167554e-05
2026-05-18,Monday,-0.00039346575491150393,0.00039346575491150393,-0.001221564688636656
2026-05-19,Tuesday,4.071495460289398e-05,4.071495460289398e-05,5.428365926141154e-05
2026-05-20,Wednesday,0.00021625712972728195,0.00021625712972728195,0.0001081037255246109
2026-05-21,Thursday,0.0004973913511188144,0.0004973913511188144,-0.0014380947260899113
2026-05-22,Friday,-6.007655010220603e-05,6.007655010220603e-05,-0.0002810003612861989
2026-05-26,Tuesday,-9.345420076622979e-05,9.345420076622979e-05,0.0003070945517420487
2026-05-27,Wednesday,-0.00013338490883141318,0.00013338490883141318,-0.00012006243246487358
2026-05-28,Thursday,-7.950389569078009e-05,7.950389569078009e-05,0.00035779597678309294
2026-05-29,Friday,-1.3239596986625024e-05,1.3239596986625024e-05,0.0005957739765927172
2026-06-01,Monday,-5.266276084514576e-05,5.266276084514576e-05,9.216468512596165e-05
2026-06-02,Tuesday,3.95319418089457e-05,3.95319418089457e-05,-2.635358606417615e-05
2026-06-03,Wednesday,-0.00019852561642219602,0.00019852561642219602,0.00017196185173928846
2026-06-04,Thursday,-1.3198183929863383e-05,1.3198183929863383e-05,0.00013198358124255627
2026-06-05,Friday,6.71429338776619e-05,6.71429338776619e-05,-0.0017992856567392579
2026-06-08,Monday,0.0004452660127103325,0.0004452660127103325,0.00021579046745601183
2026-06-09,Tuesday,0.00049136695557217,0.00049136695557217,-0.0005388813096861567
2026-06-10,Wednesday,0.00020528541515552057,0.00020528541515552057,0.0011973016242252665
2026-06-11,Thursday,0.000380999033895435,0.000380999033895435,-0.0025979325353646665
2026-06-12,Friday,-8.093561571775876e-05,8.093561571775876e-05,-0.00021585160202353126
2026-06-15,Monday,-6.620675044033408e-05,6.620675044033408e-05,-0.0004502476361999408
2026-06-16,Tuesday,-6.6480079243813606e-06,6.6480079243813606e-06,6.648052120716841e-05
2026-06-17,Wednesday,-0.004301963186915669,0.004301963186915669,-0.003237155049025553
2026-06-18,Thursday,-0.0002811169714331818,0.0002811169714331818,-0.0002275009707957132
2026-06-22,Monday,9.399632071538377e-05,9.399632071538377e-05,-0.00036923655307607994
2026-06-23,Tuesday,0.0007474552546102853,0.0007474552546102853,-0.000461718134658784
2026-06-24,Wednesday,0.0003006039406443506,0.0003006039406443506,0.0007649855199169941
2026-06-25,Thursday,-0.000354493891797647,0.000354493891797647,-0.0017185177102798654
2026-06-26,Friday,0.00012266761166146445,0.00012266761166146445,0.0006541470195426946
2026-06-29,Monday,-0.0001890869800107442,0.0001890869800107442,0.00047077958262065067
2026-06-30,Tuesday,-4.0188080215330935e-05,4.0188080215330935e-05,0.00026793130241387075
2026-07-01,Wednesday,0.0003881156316916101,0.0003881156316916101,0.0002541806020066595
2026-07-02,Thursday,0.00029719287817786544,0.00029719287817786544,0.0006347319945441132
2026-07-06,Monday,0.00017330329409559475,0.00017330329409559475,0.000586455542671338
2026-07-07,Tuesday,-0.00014615980138277251,0.00014615980138277251,1.334970897626242e-05
2026-07-08,Wednesday,0.0003761519653939782,0.0003761519653939782,0.0008057043870601799
2026-07-09,Thursday,-1.9956760352601854e-05,1.9956760352601854e-05,-0.00011309056558594932
2026-07-10,Friday,0.00017241379310339866,0.00017241379310339866,-9.945168968428231e-05
2026-07-13,Monday,0.0005205135733923338,0.0005205135733923338,5.3359657431029106e-05
2026-07-14,Tuesday,-0.0003722018397405158,0.0003722018397405158,0.0005718009069028973
2026-07-15,Wednesday,0.0,0.0,0.00017236578671719904
2026-07-16,Thursday,0.00011978757669717233,0.00011978757669717233,-0.0007319280315128962
2026-07-17,Friday,-0.00017459507373285277,0.00017459507373285277,0.00026529652763773726
2026-07-20,Monday,0.0004969444630984476,0.0004969444630984476,-0.00012081509920269795
2026-07-21,Tuesday,0.00012022602492667289,0.00012022602492667289,-0.0004808462894693166
2026-07-22,Wednesday,0.00020707667849007017,0.00020707667849007017,-0.0003606491685033131
2026-07-23,Thursday,2.7131151988601943e-05,2.7131151988601943e-05,-0.0002577424474679013
2026-07-24,Friday,0.00024291825800615285,0.00024291825800615285,-0.00041824069077178727
2026-07-27,Monday,-0.0002575084029058372,0.0002575084029058372,-6.100412794596277e-05
2026-07-28,Tuesday,0.00024325418240689345,0.00024325418240689345,-0.0001888395807760901
2026-07-29,Wednesday,0.0034765131659355575,0.0034765131659355575,-0.0009339090183128063
2026-07-30,Thursday,0.00034469474239129383,0.00034469474239129383,-0.00039186541449898193
2026-07-31,Friday,0.0004225692208628118,0.0004225692208628118,-0.00017431647827081953
2026-08-03,Monday,0.00011218974585736063,0.00011218974585736063,0.0005542944623342372
2026-08-04,Tuesday,-0.0003823373122335827,0.0003823373122335827,7.792342500034799e-05
2026-08-05,Wednesday,6.480377417195093e-05,6.480377417195093e-05,0.0006610852632806807
2026-08-06,Thursday,6.179665647576549e-05,6.179665647576549e-05,0.00025979094439265715
2026-08-07,Friday,5.8277699714448516e-05,5.8277699714448516e-05,-7.770007770013798e-05
2026-08-10,Monday,0.00012941130796018108,0.00012941130796018108,-0.00012939288856683717
2026-08-11,Tuesday,-7.779881227154561e-05,7.779881227154561e-05,-5.874645948833468e-05
2026-08-12,Wednesday,0.0,0.0,0.0001423395445134812
2026-08-13,Thursday,7.724493080130124e-05,7.724493080130124e-05,0.00011585695527904782
2026-08-14,Friday,-4.511268504270305e-05,4.511268504270305e-05,0.00029647198339755043
2026-08-17,Monday,-5.171834190986768e-05,5.171834190986768e-05,9.05117794616217e-05
2026-08-18,Tuesday,-1.3027279122446167e-05,1.3027279122446167e-05,2.605472795602637e-05
2026-08-19,Wednesday,0.000389848348992361,0.000389848348992361,0.00036370721569123354
2026-08-20,Thursday,-0.00024851219671695457,0.00024851219671695457,-0.0003401538542048277
2026-08-21,Friday,0.000202497909699062,0.000202497909699062,0.00010449457281302976
2026-08-24,Monday,0.0003144200914437789,0.0003144200914437789,-1.2441565568011015e-05
2026-08-25,Tuesday,-6.535691410791689e-05,6.535691410791689e-05,-0.00018236021174700134
2026-08-26,Wednesday,-9.142319798338683e-05,9.142319798338683e-05,-0.00011755485893416573
2026-08-27,Thursday,-6.4831923238806155e-06,6.4831923238806155e-06,-0.0009076469253460617
