date,weekday,ret,abs_ret,range_pct,fh_abs_ret,sh_abs_ret
2016-01-04,Monday,-0.0020423412204233493,0.0020423412204233493,0.0028891656288917186,0.0005977584059776442,0.0015947373666899134
2016-01-05,Tuesday,0.0015422885572138334,0.0015422885572138334,0.002786069651741305,0.00029850746268667017,0.0009447096260939425
2016-01-06,Wednesday,0.00020167389331438024,0.00020167389331438024,0.0019159019864878261,0.0008066955732580761,0.001009183570491512
2016-01-07,Thursday,0.0034429599177800974,0.0034429599177800974,0.0047276464542650954,0.000924974306269366,0.0026700898587934674
2016-01-08,Friday,0.0012266176019626318,0.0012266176019626318,0.0069508330777879246,0.002146580803434661,0.000968942832372921
2016-01-11,Monday,-0.00041452925022023024,0.00041452925022023024,0.0020726462511011226,0.00010363231255494654,0.0005181078700585706
2016-01-12,Tuesday,0.0005675661730559778,0.0005675661730559778,0.0016511015943450884,0.00015479077446989287,0.0006708292481552025
2016-01-13,Wednesday,0.00015422578655144292,0.00015422578655144292,0.0019021180341351846,0.0006940160394817152,0.0005650878454740438
2016-01-14,Thursday,0.0009493170191443578,0.0009493170191443578,0.006187437371446698,0.0004746585095720679,0.0005271759186040725
2016-01-15,Friday,-0.005514608409777799,0.005514608409777799,0.009173338989342056,0.003605705498700873,0.0019158107604703156
2016-01-19,Tuesday,0.0002099076406381073,0.0002099076406381073,0.0017842149454240313,0.0009445843828714828,0.0005767919878350014
2016-01-20,Wednesday,0.0009196148436654283,0.0009196148436654283,0.0037866493562695477,0.0001622849724115527,0.0010820754206568584
2016-01-21,Thursday,0.00155537677661588,0.00155537677661588,0.00868865647626712,0.005095199785465354,0.0035750493570246844
2016-01-22,Friday,-0.0017947635135134865,0.0017947635135134865,0.003220016891891964,0.00026393581081096684,0.0020054887059319793
2016-01-25,Monday,-0.0015818613234906964,0.0015818613234906964,0.003585552333245488,0.0003691009754811514,0.0012132081443191334
2016-01-26,Tuesday,0.0007440476190476719,0.0007440476190476719,0.0021258503401360845,0.0014349489795919546,0.0007429420505199458
2016-01-27,Wednesday,0.0004745583970471312,0.0004745583970471312,0.0021618771421038573,0.0006854732401793129,5.27064776261188e-05
2016-01-28,Thursday,0.00466398134407453,0.00466398134407453,0.008002967988128,0.002119991520033948,0.0067449147591480685
2016-01-29,Friday,0.0030068048741889175,0.0030068048741889175,0.004589333755341059,0.0012132721422166703,0.001685807607206824
2016-02-01,Monday,0.0012491542184980275,0.0012491542184980275,0.0022901160672461236,0.0015093946806850056,0.0003118016941225932
2016-02-02,Tuesday,-0.0008855089071777567,0.0008855089071777567,0.010053130534430707,0.0011459527034065609,0.0019772100525521363
2016-02-03,Wednesday,0.002935010482180367,0.002935010482180367,0.004245283018867937,0.002672955974842628,0.00026135591448439577
2016-02-04,Thursday,-0.002204724409448744,0.002204724409448744,0.005459317585301796,0.00020997375328080103,0.002099958000839841
2016-02-05,Friday,-0.004026143790849757,0.004026143790849757,0.0063267973856209565,0.0028758169934640643,0.001415465268676308
2016-02-08,Monday,0.002316186372205875,0.002316186372205875,0.00269323996768112,0.0010234311877188595,0.0014530972498789652
2016-02-09,Tuesday,-0.0029327105849128454,0.0029327105849128454,0.0041275186009883825,0.0018465214793895735,0.0009794852260979203
2016-02-10,Wednesday,-0.0022943122398888516,0.0022943122398888516,0.005549034254615261,0.002134243944082681,5.347593582882837e-05
2016-02-11,Thursday,-0.0008230452674897748,0.0008230452674897748,0.0031275720164608677,0.0010973936899862924,0.0017541936191206586
2016-02-12,Friday,0.0023294869711252275,0.0023294869711252275,0.004767322173465494,0.0033046210520613073,0.0009179761326204572
2016-02-16,Tuesday,5.306447333519593e-05,5.306447333519593e-05,0.002865481560095474,0.0013796763067126516,0.0013283034907816127
2016-02-17,Wednesday,0.0006812346067179842,0.0006812346067179842,0.0017816905098779195,0.0006812346067179842,5.236424569299292e-05
2016-02-18,Thursday,0.00041377883521254155,0.00041377883521254155,0.0014482259232440318,5.172235440153994e-05,0.0005172770535899485
2016-02-19,Friday,-0.002608922515001333,0.002608922515001333,0.004226454474302125,0.0009392121054004887,0.0018276762402088531
2016-02-22,Monday,0.000721389189467736,0.000721389189467736,0.0013397227804400006,0.00010305559849532742,0.0008245297603710622
2016-02-23,Tuesday,0.0029422391988851437,0.0029422391988851437,0.003510039746038336,0.0014453104836629205,0.001546391752577314
2016-02-24,Wednesday,0.0009447331128955572,0.0009447331128955572,0.0022568624363617637,0.0001574555188159632,0.0009972706277556753
2016-02-25,Thursday,0.0008777817937730692,0.0008777817937730692,0.002478442711829348,0.00015490266948936515,0.0007227671657201729
2016-02-26,Friday,-0.0009144482828693512,0.0009144482828693512,0.002794147530989694,0.0015240804714486966,0.002384213463196838
2016-02-29,Monday,0.002927280197206228,0.002927280197206228,0.0035949055053409442,0.0027218570254725627,0.0002560950624870273
2016-03-01,Tuesday,0.000770099599548324,0.000770099599548324,0.0008727795461545718,0.0004107197864258172,0.00030789757274085616
2016-03-02,Wednesday,-0.0003032140691328067,0.0003032140691328067,0.0011117849201536228,0.0003537497473216078,5.0553561498301036e-05
2016-03-03,Thursday,-0.000150882663581986,0.000150882663581986,0.0012573555298496203,0.00020117688477605533,0.00010059350165969594
2016-03-04,Friday,-0.0018491678744565476,0.0018491678744565476,0.005947323704333039,0.0008995951821679782,0.0027960854803275037
2016-03-07,Monday,-0.0009527152384295468,0.0009527152384295468,0.0017550017550017265,0.0007020007020007712,0.00020072260136483333
2016-03-08,Tuesday,0.0008518741230707505,0.0008518741230707505,0.002455401884145165,0.001703748246141501,0.0008504252126063649
2016-03-09,Wednesday,-0.0004008819402686603,0.0004008819402686603,0.0013028663058730172,0.0005011024253357421,5.013285205790474e-05
2016-03-10,Thursday,-0.001988664611713098,0.001988664611713098,0.005120811375161585,0.0007457492293925228,0.0027819175360158654
2016-03-11,Friday,0.0,0.0,0.0011927836588637775,0.0006460911485512977,0.00064650885219808
2016-03-14,Monday,-0.0004452139500371599,0.0004452139500371599,0.0006925550333911194,0.0001978728666831575,9.897070467146385e-05
2016-03-15,Tuesday,-0.00039710116152091857,0.00039710116152091857,0.0017869552268441062,0.0007445646778516668,0.00039741679085936177
2016-03-16,Wednesday,-0.002574384870538182,0.002574384870538182,0.0034160106935986817,0.0016832516461211533,0.0009917191451380702
2016-03-17,Thursday,0.000740155926181707,0.000740155926181707,0.0016283430375998425,0.0008881871114181372,0.0001971900419028838
2016-03-18,Friday,-0.0003429355281207025,0.0003429355281207025,0.0034783460709387026,0.0001469723691946978,0.0005387931034481763
2016-03-21,Monday,0.0003921760870631008,0.0003921760870631008,0.0012745722829550022,9.804402176571969e-05,0.00019604960054886433
2016-03-22,Tuesday,0.0002451461070798189,0.0002451461070798189,0.0006864090998235672,0.0004412629927437184,0.00024502597275322113
2016-03-23,Wednesday,-0.0006351377760406285,0.0006351377760406285,0.0008794215360563163,0.0006839945280437965,0.0
2016-03-24,Thursday,-0.001038216245612289,0.001038216245612289,0.002620260048450097,0.0014831660651605238,0.0004456107342674098
2016-03-28,Monday,-0.00024543491066175704,0.00024543491066175704,0.0010799136069114415,0.00014726094639705423,0.00024543491066175704
2016-03-29,Tuesday,0.0,0.0,0.000937253354380415,9.86582478296194e-05,0.00014800927524794005
2016-03-30,Wednesday,0.0012614011255578372,0.0012614011255578372,0.0015039782650883092,0.0006792159906849893,0.0005332816211760516
2016-03-31,Thursday,-0.0002912621359223433,0.0002912621359223433,0.0007281553398058528,0.0001941747572815622,0.0004853426519122461
2016-04-01,Friday,-0.0017094017094017033,0.0017094017094017033,0.006202686202686253,0.000781440781440712,0.0008798514028741655
2016-04-04,Monday,-0.0007236937328123361,0.0007236937328123361,0.0008201862305206538,0.000627201235104069,9.65530559041694e-05
2016-04-05,Tuesday,-0.0004885197850512668,0.0004885197850512668,0.0014655593551538004,0.001367855398143658,0.0008805400645730543
2016-04-06,Wednesday,-0.0007331019989248455,0.0007331019989248455,0.0014173305312545428,0.0009285958653048043,0.00014674949860582487
2016-04-07,Thursday,-0.00034059945504094635,0.00034059945504094635,0.0011677695601400382,9.73141300116831e-05,4.867601246094644e-05
2016-04-08,Friday,0.001461276181198068,0.001461276181198068,0.002045786653677484,0.001120311738918689,0.00034058288327742936
2016-04-11,Monday,0.0015109421455379302,0.0015109421455379302,0.0015596822147487118,0.0011697616610615302,0.0003894839337876821
2016-04-12,Tuesday,-0.0005382394676323177,0.0005382394676323177,0.0021040270098351362,0.0006361011890199109,0.0012224341108014736
2016-04-13,Wednesday,-0.0009657170449057784,0.0009657170449057784,0.001834862385321079,0.0013520038628681563,0.0003384421989072184
2016-04-14,Thursday,0.0015389794642426402,0.0015389794642426402,0.0021641898715913464,0.0017313518972730257,0.00019203994430838645
2016-04-15,Friday,0.00033697588215475527,0.00033697588215475527,0.0011072064699368881,0.00019255764694547928,0.0004332964228972447
2016-04-18,Monday,-9.653441451884515e-05,9.653441451884515e-05,0.0013997490105222127,0.0005309392798531487,0.0005789270551910253
2016-04-19,Tuesday,-0.0008094467193601185,0.0008094467193601185,0.000904675745167116,0.0003333015903248526,0.000476303881876583
2016-04-20,Wednesday,-4.759638267481936e-05,4.759638267481936e-05,0.0005711565920990221,0.000380771061399221,0.0003333015903246306
2016-04-21,Thursday,-0.0009978143115081384,0.0009978143115081384,0.0021381735246603487,0.0009978143115081384,4.756016360696336e-05
2016-04-22,Friday,-0.00023947507064503437,0.00023947507064503437,0.000957900282580529,0.0,0.00023947507064503437
2016-04-25,Monday,0.0002879078694817405,0.0002879078694817405,0.001295585412667859,0.0011036468330134497,0.0008627300613496258
2016-04-26,Tuesday,-0.00019124115509649986,0.00019124115509649986,0.0010040160642570662,0.0007649646203863325,0.0005741626794257826
2016-04-27,Wednesday,-0.0004311377245509451,0.0004311377245509451,0.0007185628742515242,0.0003353293413173031,9.584052137245891e-05
2016-04-28,Thursday,0.0007207380357485693,0.0007207380357485693,0.0012492792619643442,0.0,0.0007207380357485693
2016-04-29,Friday,-0.002362014943359747,0.002362014943359747,0.0033261026753434453,0.0019281754639670634,0.0004829518014102252
2016-05-02,Monday,-9.665571235251136e-05,9.665571235251136e-05,0.000869901411173296,0.0003382949932340118,0.0004835589941971641
2016-05-03,Tuesday,0.0007748184019369386,0.0007748184019369386,0.001549636803874059,0.00043583535108959737,0.00019359210144220818
2016-05-04,Wednesday,-0.0006347656250000888,0.0006347656250000888,0.0016601562500000167,0.0001464843749999778,0.0007811355758434724
2016-05-05,Thursday,-0.00038857586943841227,0.00038857586943841227,0.0012628715756751064,9.714396735949204e-05,0.00019432568985611187
2016-05-06,Friday,-0.0029351335485764407,0.0029351335485764407,0.004060268075530831,0.0030329713335288666,4.906530592219127e-05
2016-05-09,Monday,-0.0009221957967285865,0.0009221957967285865,0.001650245109935463,0.00033975634616312256,0.0005826374053214955
2016-05-10,Tuesday,-9.67726326993601e-05,9.67726326993601e-05,0.0010644989596941931,9.677263269947112e-05,0.000193526537326405
2016-05-11,Wednesday,0.0,0.0,0.002451333813987115,9.613073780345704e-05,0.00014421690222099492
2016-05-12,Thursday,-0.0010114145354718218,0.0010114145354718218,0.0014448779078167075,0.0009150893416173256,9.641342074817594e-05
2016-05-13,Friday,0.0007769253180538449,0.0007769253180538449,0.00291346994270173,0.0010197144799457547,0.0002910360884750274
2016-05-16,Monday,-0.0010239407089570607,0.0010239407089570607,0.001755326929640712,0.0012677361158515144,0.00019527436047650504
2016-05-17,Tuesday,-0.001065168974532793,0.001065168974532793,0.0017914205480778762,0.0012104192892418153,0.00019391118867551072
2016-05-18,Wednesday,-0.0005380551751124063,0.0005380551751124063,0.0015652514185090646,0.0011250244570533141,0.0005876303804905891
2016-05-19,Thursday,-0.0008319060435526549,0.0008319060435526549,0.0011255199412771703,0.000685099094690389,0.0002448220143954627
2016-05-20,Friday,0.00019510291678859204,0.00019510291678859204,0.0011706175007315416,0.0005365330211687391,0.000683193441342933
2016-05-23,Monday,-0.0003894460130463573,0.0003894460130463573,0.0010709765358777085,0.0003894460130464683,0.0007785888077859182
2016-05-24,Tuesday,-0.0003878223773512435,0.0003878223773512435,0.0009210781462090252,0.0003878223773512435,0.0
2016-05-25,Wednesday,-0.0002872325147205146,0.0002872325147205146,0.000670209201014959,0.0001436162573602573,0.0002872325147205146
2016-05-26,Thursday,-0.0006679708001336992,0.0006679708001336992,0.001192805000238561,0.0005248342001050732,0.00014321176245946088
2016-05-27,Friday,-0.0008106819265616405,0.0008106819265616405,0.0010491177873152068,9.53743443012911e-05,0.0005723825423324946
2016-05-31,Tuesday,-0.00042728955989179696,0.00042728955989179696,0.0007596258842519898,0.00047476617765751516,4.749916876445326e-05
2016-06-01,Wednesday,-0.0006207917482450309,0.0006207917482450309,0.0028174394728045626,0.0001432596342103576,0.0003821169277800074
2016-06-02,Thursday,-0.0015703816503283008,0.0015703816503283008,0.0018559055867516246,0.0009517464547443844,0.0005240091463414309
2016-06-03,Friday,-0.0017110266159696685,0.0017110266159696685,0.006511406844106485,0.0009030418250950412,0.0007611798287344707
2016-06-06,Monday,-0.00023709042628849986,0.00023709042628849986,0.0007112712788656517,0.000331926596804033,0.0005688282138793799
2016-06-07,Tuesday,-0.00037783970150651047,0.00037783970150651047,0.0006612194776365483,0.0005195295895715768,0.0
2016-06-08,Wednesday,0.00033032891321793656,0.00033032891321793656,0.0006606578264358208,0.00018875937898155115,4.717648723873147e-05
2016-06-09,Thursday,-9.455817691828017e-05,9.455817691828017e-05,0.0009455817691834365,0.00018911635383678238,0.00028362089340583374
2016-06-10,Friday,-0.0010915994304697696,0.0010915994304697696,0.0015662078785002968,0.0009966777408636496,9.501639032738485e-05
2016-06-13,Monday,-0.00019092167438305996,0.00019092167438305996,0.0010977996277028218,0.00023865209297890821,0.0004771675335210057
2016-06-14,Tuesday,0.0013963790446840374,0.0013963790446840374,0.0017334360554700195,0.0005778120184900537,0.0008180943214628478
2016-06-15,Wednesday,-0.0005276032423617849,0.0005276032423617849,0.002494124418437384,0.0005276032423617849,0.0
2016-06-16,Thursday,0.0005322237275013908,0.0005322237275013908,0.0017902070834138577,0.0001451519256823186,0.0003870156257557156
2016-06-17,Friday,-0.0001929663756090605,0.0001929663756090605,0.0013507646292633564,0.0001929663756090605,4.825323296664408e-05
2016-06-20,Monday,0.00019154336062832122,0.00019154336062832122,0.0008140592826700545,0.0005746300818847416,0.000287177523572546
2016-06-21,Tuesday,-0.0014378834355827097,0.0014378834355827097,0.002636119631901759,0.0013420245398771957,4.799616030715104e-05
2016-06-22,Wednesday,0.00014383660162065048,0.00014383660162065048,0.0004315098048616935,0.0004315098048617294,0.00028754912297523916
2016-06-23,Thursday,0.00019047619047607434,0.00019047619047607434,0.0011904761904761906,0.0004761904761904079,0.0005239841852044957
2016-06-24,Friday,-0.0016655236602330925,0.0016655236602330925,0.0041148231605760924,9.797198001382235e-05,0.0017144256674014313
2016-06-27,Monday,0.0019401054621430713,0.0019401054621430713,0.003283255397472871,0.000795940702417619,0.0010437375745526722
2016-06-28,Tuesday,0.0008941877794335085,0.0008941877794335085,0.002285146547441669,0.0012419274714356998,0.00039690414764836923
2016-06-29,Wednesday,0.0012706480304955914,0.0012706480304955914,0.0023946828267032015,0.0010262926400157468,0.00024410486745107818
2016-06-30,Thursday,0.00115953232196353,0.00115953232196353,0.0013527877089573928,0.000869649241472592,0.00028963120293501454
2016-07-01,Friday,-0.0007638689964670764,0.0007638689964670764,0.0012412871192591392,0.0003819344982336492,0.0003820804279299761
2016-07-05,Tuesday,0.0011497556769186623,0.0011497556769186623,0.0017246335153780475,0.0012455686499952545,0.0
2016-07-06,Wednesday,0.00043375584365512587,0.00043375584365512587,0.0011084871560076062,0.00019278037495773503,0.00014454348349790536
2016-07-07,Thursday,0.0007155805743725985,0.0007155805743725985,0.0011926342906211239,0.00033393760137379047,0.00042922548645552006
2016-07-08,Friday,0.0038015586390420797,0.0038015586390420797,0.0058924158905151545,0.0043717924348984916,0.0006623143154508293
2016-07-11,Monday,0.0006567220189510614,0.0006567220189510614,0.0008912655971479394,0.0006567220189510614,9.376465072663542e-05
2016-07-12,Tuesday,0.0006064281382656134,0.0006064281382656134,0.0008863180482343505,0.0005131315016093652,9.324878776584278e-05
2016-07-13,Wednesday,0.0011611704598235573,0.0011611704598235573,0.0015327450069670808,0.00013934045517882687,0.0010216876422235455
2016-07-14,Thursday,0.0002769955219055209,0.0002769955219055209,0.0012003139282581177,9.233184063517363e-05,0.00013847858197935103
2016-07-15,Friday,0.0011099805753400638,0.0011099805753400638,0.0017112200536490822,0.0011099805753400638,4.6200046200040035e-05
2016-07-18,Monday,-0.0011563367252543921,0.0011563367252543921,0.0013876040703053255,0.0003237742830711765,0.0007866000370165827
2016-07-19,Tuesday,-0.00023153507756412672,0.00023153507756412672,0.0008798332947442749,0.0005093771706414785,0.0006017682729250184
2016-07-20,Wednesday,-0.000691786191947652,0.000691786191947652,0.0009223815892635569,0.0007840243508739908,9.231053263181188e-05
2016-07-21,Thursday,-4.610206998290067e-05,4.610206998290067e-05,0.001613572449403083,0.0003688165598636495,0.0003226252477300795
2016-07-22,Friday,-0.0001385489308640686,0.0001385489308640686,0.00046182976954691873,0.00032328083868282675,0.0001385873331176679
2016-07-25,Monday,-0.000828652978547173,0.000828652978547173,0.0008746892551330344,0.0005524353190313747,0.0004144982268686759
2016-07-26,Tuesday,-0.0005538887606739706,0.0005538887606739706,0.0006923609508423987,0.00046157396722823485,9.235742322788454e-05
2016-07-27,Wednesday,4.6051116739498354e-05,4.6051116739498354e-05,0.0011973290352290623,0.0001381533502187171,9.208951100470042e-05
2016-07-28,Thursday,-0.00032360963432109813,0.00032360963432109813,0.0006934492164024118,0.00013868984328047063,0.00036982248520700534
2016-07-29,Friday,0.0004158772699967006,0.0004158772699967006,0.0015248833233215309,0.0004620858555519636,0.000924641701340656
2016-08-01,Monday,-0.000965739250402331,0.000965739250402331,0.0014716026672799338,0.0003679006668199092,0.0005980586097437124
2016-08-02,Tuesday,-0.00027716186252768615,0.00027716186252768615,0.0006467110125647394,0.0001385809312639541,0.00023097888852963155
2016-08-03,Wednesday,-0.0003249617009423167,0.0003249617009423167,0.0006499234018847146,0.00027853860080773174,4.644034737366631e-05
2016-08-04,Thursday,0.0002775208140610719,0.0002775208140610719,0.0012025901942645278,0.0009713228492136405,0.0007393032067276595
2016-08-05,Friday,0.002724418175101606,0.002724418175101606,0.0031400073882525783,0.0021241226449943973,0.0005990231315085026
2016-08-08,Monday,-0.0005037091308727204,0.0005037091308727204,0.0005495008700430651,0.00032054217419175135,0.00013742556115436955
2016-08-09,Tuesday,-0.000366585712321843,0.000366585712321843,0.0008248178527240911,0.0006415249965632253,0.00032098312545847385
2016-08-10,Wednesday,-4.577077993406231e-05,4.577077993406231e-05,0.0005034785792749232,4.577077993406231e-05,4.577497024627064e-05
2016-08-11,Thursday,0.00013753896937473975,0.00013753896937473975,0.0006876948468733068,0.00036677058499900994,0.0002291475710356483
2016-08-12,Friday,-0.0006863417982155839,0.0006863417982155839,0.0012354152367879672,0.0010066346373827084,0.0003206155819173162
2016-08-15,Monday,4.5682960255755134e-05,4.5682960255755134e-05,0.0004568296025582198,0.00022841480127899771,0.00018269011189764317
2016-08-16,Tuesday,-0.00041163556531276235,0.00041163556531276235,0.0011434321258690086,0.0006403219904865809,0.00013728720483241474
2016-08-17,Wednesday,0.00022926314824145422,0.00022926314824145422,0.000320968407538141,9.170525929658169e-05,9.169264624975249e-05
2016-08-18,Thursday,0.00013748854262152221,0.00013748854262152221,0.00027497708524290684,4.582951420717407e-05,4.582531390329159e-05
2016-08-19,Friday,0.00036661931167225603,0.00036661931167225603,0.0005041015535493957,0.00027496448375430305,9.162963302333793e-05
2016-08-22,Monday,-0.00032065964269367697,0.00032065964269367697,0.0006413192853870195,9.161704076965371e-05,0.0001374507468157038
2016-08-23,Tuesday,0.0005934989043097083,0.0005934989043097083,0.0005934989043096944,0.0001826150474799615,0.00036514674334742203
2016-08-24,Wednesday,-9.128251939749532e-05,9.128251939749532e-05,0.0003194888178913427,0.000273847558192597,0.00022827923115564808
2016-08-25,Thursday,-0.0007353279102899624,0.0007353279102899624,0.0011949078542212,0.0001378739831793263,0.0006434710667830856
2016-08-26,Friday,0.0008729210695579415,0.0008729210695579415,0.0013323532114306352,0.0006432049986218047,0.00013772839959602656
2016-08-29,Monday,0.00027588743792539283,0.00027588743792539283,0.0010115872723928585,0.00018392495861707658,4.5970670712103257e-05
2016-08-30,Tuesday,-0.00022904260192402326,0.00022904260192402326,0.0005497022446175197,4.5808520384826856e-05,0.00018324247560586038
2016-08-31,Wednesday,-0.0005967956663454066,0.0005967956663454066,0.0010558692558417949,0.00036725887159716475,0.00027553269654667645
2016-09-01,Thursday,-0.001056160168985687,0.001056160168985687,0.0015612802498048556,0.0007806401249025319,0.0004135459265726116
2016-09-02,Friday,0.003961125696651413,0.003961125696651413,0.004283542904518478,0.0031320528764220423,0.0007805325987144673
2016-09-06,Tuesday,-4.5764495903988234e-05,4.5764495903988234e-05,0.0005491739508489522,0.00022882247952027424,0.00013731862498289615
2016-09-07,Wednesday,0.0007772849892551115,0.0007772849892551115,0.0010058982213890487,0.0002743358785606276,0.00045708017186218974
2016-09-08,Thursday,-0.0013698004657320961,0.0013698004657320961,0.0026026208848910696,0.00022830007762197901,0.001643310357419936
2016-09-09,Friday,-0.0007825446510771883,0.0007825446510771883,0.0011968329957650105,9.206407659712035e-05,0.00092051364661494
2016-09-12,Monday,0.0005179639308752204,0.0005179639308752204,0.0018835052031831506,0.0005179639308752204,9.411764705891112e-05
2016-09-13,Tuesday,-0.0008838031444785566,0.0008838031444785566,0.001348962694204075,0.0008838031444785566,4.6559269950563476e-05
2016-09-14,Wednesday,-0.00028049179561495663,0.00028049179561495663,0.000747978121639926,0.00018699453040993408,0.0001402655694782151
2016-09-15,Thursday,-0.0029033013345820535,0.0029033013345820535,0.003980332474830223,0.00065558417232503,0.0023894302848574966
2016-09-16,Friday,0.0011242270938729426,0.0011242270938729426,0.004440228592842441,4.6842795577983765e-05,0.001171124748208241
2016-09-19,Monday,-0.0006526806526805373,0.0006526806526805373,0.000979020979021016,0.0005128205128205332,0.00013993189980865406
2016-09-20,Tuesday,-9.332275675433266e-05,9.332275675433266e-05,0.0011665344594279316,0.0004199524053940529,0.00018669778296387385
2016-09-21,Wednesday,-0.0009340120487554282,0.0009340120487554282,0.0010274132536309665,0.00028020361462666177,0.0006073063627020092
2016-09-22,Thursday,0.00023066986528874622,0.00023066986528874622,0.0009688134342129912,0.0004613397305777145,0.00027666343892651657
2016-09-23,Friday,0.0008304881424747723,0.0008304881424747723,0.000922764602749786,0.00027682938082507214,0.0005535055350551765
2016-09-26,Monday,-0.0004182544846175196,0.0004182544846175196,0.0008365089692350906,0.0003253090435914041,0.00018593408636635722
2016-09-27,Tuesday,-0.000652863271777604,0.000652863271777604,0.001865323633650465,0.0011191941801903527,0.00046685340802987696
2016-09-28,Wednesday,-0.0005565088345778069,0.0005565088345778069,0.00111301766915554,0.00032463015350370217,0.00027833186435965995
2016-09-29,Thursday,0.0007402266944251945,0.0007402266944251945,0.0012028683784408554,0.0004626416840156633,0.0003237143914169849
2016-09-30,Friday,0.0005109862033725321,0.0005109862033725321,0.0016258651925488655,0.000418079620941203,0.0
2016-10-03,Monday,-0.0020360944007403736,0.0020360944007403736,0.0031466913465988287,0.0009254974548820183,0.0015278485115052254
2016-10-04,Tuesday,9.269988412530239e-05,9.269988412530239e-05,0.001019698725376588,0.0002317497103129229,0.0002781512215475068
2016-10-05,Wednesday,-0.0006962818548948979,0.0006962818548948979,0.003481409274474307,0.0002785127419580036,0.00041788549937316066
2016-10-06,Thursday,0.0009291521486642917,0.0009291521486642917,0.001022067363530773,0.0006039488966318451,0.0004179049034174209
2016-10-07,Friday,0.0016220224302530006,0.0016220224302530006,0.005283158772824241,0.0004634349800722859,0.0011580507689457065
2016-10-10,Monday,0.0009723122511344773,0.0009723122511344773,0.0014353180850078817,0.000740809334197623,0.0002313315443693842
2016-10-11,Tuesday,4.6373585605774537e-05,4.6373585605774537e-05,0.0007419773696902087,0.0004173622704508606,0.00023180343069073572
2016-10-12,Wednesday,0.0011253868517302479,0.0011253868517302479,0.00173497139641754,0.0005626934258651239,0.0006092702816702378
2016-10-13,Thursday,-0.00037710945601954204,0.00037710945601954204,0.0016498538700858998,0.0005185255020269119,0.00018866144703322263
2016-10-14,Friday,0.0008419083255377657,0.0008419083255377657,0.0016838166510757026,0.00098222637979406,9.345794392523477e-05
2016-10-17,Monday,0.0006105866328496301,0.0006105866328496301,0.0017378234934949254,0.0007045230379033596,0.0013631022326674458
2016-10-18,Tuesday,0.00042056074766350093,0.00042056074766350093,0.0016822429906542694,0.0010747663551400333,0.0007001493651979107
2016-10-19,Wednesday,0.0003272557269751175,0.0003272557269751175,0.0011687704534829358,9.350163627863672e-05,0.00023373223635014817
2016-10-20,Thursday,-0.0006072212620860107,0.0006072212620860107,0.0023821757204913396,0.001494698491288693,0.0008419870895313153
2016-10-21,Friday,-0.0011245958483669938,0.0011245958483669938,0.003748652827889897,0.0,0.0010777881911903098
2016-10-24,Monday,0.0005120566055303311,0.0005120566055303311,0.000558607206032979,0.00041895540452463464,4.652461151943843e-05
2016-10-25,Tuesday,-0.0001859686642800007,0.0001859686642800007,0.0006043981589102025,4.649216606988915e-05,0.00023245002324490116
2016-10-26,Wednesday,-0.0003278688524589457,0.0003278688524589457,0.0006088992974238663,4.683840749408752e-05,9.369875849141174e-05
2016-10-27,Thursday,0.0005591538138949304,0.0005591538138949304,0.0013046922324216072,0.0,0.0005125337806355379
2016-10-28,Friday,0.00046932932838972263,0.00046932932838972263,0.0028159759703383597,0.00042239639555075037,0.0008451100990656268
2016-10-31,Monday,0.00042243604787595146,0.00042243604787595146,0.0014550574982398604,0.0010326214503637576,0.0006564141035259041
2016-11-01,Tuesday,0.0003759398496239186,0.0003759398496239186,0.0009868421052631952,0.0006109022556390897,0.00023481895458610236
2016-11-02,Wednesday,-0.0001424095699230632,0.0001424095699230632,0.0019462641222823345,0.0008544574195386012,0.0007126567844926157
2016-11-03,Thursday,-9.512032721381569e-05,9.512032721381569e-05,0.0017121658898505909,0.0008560829449252294,0.0007616146230007281
2016-11-04,Friday,0.0009572125969177225,0.0009572125969177225,0.0039245716473628465,0.0,0.0009093084469968815
2016-11-07,Monday,0.0001419177822981066,0.0001419177822981066,0.0003784474194617177,0.000236529637163585,9.458948164964287e-05
2016-11-08,Tuesday,-0.00042263442122547623,0.00042263442122547623,0.0010331063629960033,4.695938013621337e-05,0.00042263442122547623
2016-11-09,Wednesday,0.0037015945330296507,0.0037015945330296507,0.00479309035687177,0.0003321943811692707,0.0037492287978737604
2016-11-10,Thursday,-0.0005971246153139154,0.0005971246153139154,0.0023425657985392994,0.0017454411832253935,0.00115032439147833
2016-11-11,Friday,0.00013865779256772015,0.00013865779256772015,0.0018025513033833184,0.0006008504344610088,0.00023101090371469013
2016-11-14,Monday,0.002168396770472869,0.002168396770472869,0.0029988465974625407,0.0009688581314879485,0.0012445263885687563
2016-11-15,Tuesday,-0.0002303086135421184,0.0002303086135421184,0.0011976047904191198,0.0005988023952095967,0.00041482300884965184
2016-11-16,Wednesday,0.0002758747528621708,0.0002758747528621708,0.0012414363878798188,0.0009655616350177088,0.0005972069092244903
2016-11-17,Thursday,0.0003672082989074621,0.0003672082989074621,0.0012852290461764487,0.0003672082989075731,0.0007806401249024209
2016-11-18,Friday,0.0004112217856162559,0.0004112217856162559,0.0007310609522068746,0.0002741478570773559,0.00013703636031436872
2016-11-21,Monday,4.563084645226034e-05,4.563084645226034e-05,0.0005019393109742808,0.00027378507871311797,0.0001368675578266032
2016-11-22,Tuesday,-4.539264639136231e-05,4.539264639136231e-05,0.0009078529278256405,0.00013617793917375387,0.00013616557734208445
2016-11-23,Wednesday,-0.0011340440009072195,0.0011340440009072195,0.0015422998412338554,0.0006350646405079985,0.0004992964459171745
2016-11-25,Friday,-4.5236587351782376e-05,4.5236587351782376e-05,0.0001809463494073647,0.00013570976205556917,9.048545446321832e-05
2016-11-28,Monday,0.00013570362328674257,0.00013570362328674257,0.0005428144931469876,0.000316641787668992,0.00018088088993395424
2016-11-29,Tuesday,-0.000996106130580543,0.000996106130580543,0.0017205469528207707,0.0010866612333605419,9.06536125464541e-05
2016-11-30,Wednesday,0.000542054386123425,0.000542054386123425,0.0009034239768724232,0.0002710271930617125,0.00022578460149014212
2016-12-01,Thursday,0.0016794516817211225,0.0016794516817211225,0.001997185783668457,0.0009078117198493274,0.0007709400934199362
2016-12-02,Friday,0.00031896473161396877,0.00031896473161396877,0.0022783195115282967,0.0001822655609223789,0.0007749817651347968
2016-12-05,Monday,0.0004990019960080527,0.0004990019960080527,0.001134095445472691,0.0001814552712755546,0.00022675736961463855
2016-12-06,Tuesday,-0.00022586619686504328,0.00022586619686504328,0.0009034647874598574,0.00022586619686482123,0.0004516303856922921
2016-12-07,Wednesday,0.0006325968099045731,0.0006325968099045731,0.0008133387555917347,0.00022592743210880784,0.00040657752078043785
2016-12-08,Thursday,0.0005793742757820297,0.0005793742757820297,0.002005526339245998,8.913450396663691e-05,0.0004456129405998599
2016-12-09,Friday,0.001287229792711786,0.001287229792711786,0.0014203914954060172,0.0007101957477029242,0.0006210078069552871
2016-12-12,Monday,0.0,0.0,0.0003089825645552557,0.00022070183182520964,0.00022075055187653625
2016-12-13,Tuesday,-0.00022031284423873476,0.00022031284423873476,0.0006609385327163573,0.0006609385327163153,0.00035270258354658246
2016-12-14,Wednesday,0.0,0.0,0.001010500417380562,0.0005711524098239718,0.0004835164835166328
2016-12-15,Thursday,0.0010620408885742005,0.0010620408885742005,0.002035578369767271,0.0008407823701213069,0.00013263185817224965
2016-12-16,Friday,4.4243872223681535e-05,4.4243872223681535e-05,0.0007963897000265764,0.0001327316166710446,4.423995752955712e-05
2016-12-19,Monday,-0.00017750166407803913,0.00017750166407803913,0.000665631240292903,8.875083203896406e-05,8.875870944835551e-05
2016-12-20,Tuesday,-4.419889502760288e-05,4.419889502760288e-05,0.0005303867403315118,8.839779005520576e-05,0.00013258496486501237
2016-12-21,Wednesday,0.00013263185817224965,0.00013263185817224965,0.0005747380520802152,0.00017684247756311056,0.00026529890343129914
2016-12-22,Thursday,-0.0005315143730345584,0.0005315143730345584,0.000708685830712657,0.00035434291535640927,0.0001329315845445267
2016-12-23,Friday,-4.435770049671106e-05,4.435770049671106e-05,0.00035486160397437934,4.435770049671106e-05,4.435770049671106e-05
2016-12-27,Tuesday,0.00039837110481588667,0.00039837110481588667,0.0005754249291784502,0.0,0.00039837110481588667
2016-12-28,Wednesday,0.00013243863676493106,0.00013243863676493106,0.0005297545470598823,4.4146212254903006e-05,0.00013243863676493106
2016-12-29,Thursday,-0.0004896941637358987,0.0004896941637358987,0.0007568000712281863,0.00017807060499486216,0.0003116790596197072
2016-12-30,Friday,-0.00017781729273169677,0.00017781729273169677,0.0007557234941097466,4.445432318300746e-05,0.0002667022269635666
2017-01-03,Tuesday,-0.00013331555792561733,0.00013331555792561733,0.0066657778962804955,0.006665777896280534,0.0004891280181422708
2017-01-04,Wednesday,-0.00026580427944888907,0.00026580427944888907,0.0005316085588978185,0.00017720285296585203,0.00013291980505092393
2017-01-05,Thursday,0.0003979483551468377,0.0003979483551468377,0.0009285461620092322,0.0006190307746729573,0.0002651230612876754
2017-01-06,Friday,0.0012366398728027583,0.0012366398728027583,0.002075788357918907,0.0006183199364013792,0.0006179378531072643
2017-01-09,Monday,-0.00035242290748904725,0.00035242290748904725,0.0010572687224670004,0.00022026431718069617,0.00035242290748904725
2017-01-10,Tuesday,0.0001324737260444131,0.0001324737260444131,0.00048573699549582804,0.00030910536077000117,8.829632245810348e-05
2017-01-11,Wednesday,0.0004421648390520172,0.0004421648390520172,0.0006190307746728634,0.00026529890343129914,0.00017681902572719288
2017-01-12,Thursday,8.828462964594053e-05,8.828462964594053e-05,0.000706277037167814,0.00022071157411507336,0.0003970880211779937
2017-01-13,Friday,0.0007505187408944902,0.0007505187408944902,0.0014127411593306838,0.00048562977352006875,0.000264760391845309
2017-01-17,Tuesday,0.00026494745208860415,0.00026494745208860415,0.001103947717036121,0.00026494745208860415,8.830022075057009e-05
2017-01-18,Wednesday,-0.00048496605237624557,0.00048496605237624557,0.0005290538753196567,0.00022043911471647526,0.00022049744222962797
2017-01-19,Thursday,0.0006180742572072795,0.0006180742572072795,0.0010154077082689054,0.0006622224184362757,0.00022055580061752789
2017-01-20,Friday,0.0,0.0,0.0006617257808364464,0.0002205752602786326,0.0002646202699126965
2017-01-23,Monday,0.0005747126436783656,0.0005747126436783656,0.0007957559681697915,4.420866489840414e-05,0.0006189486714709425
2017-01-24,Tuesday,0.0010609610538878655,0.0010609610538878655,0.001105167764466646,0.00030944697405055344,0.0007955097891898522
2017-01-25,Wednesday,0.00056937631394538,0.00056937631394538,0.004117028731604755,0.0007883672039243894,0.00017506236596798175
2017-01-26,Thursday,0.0005667204324513175,0.0005667204324513175,0.0008718775883865411,0.0003923449147740232,0.00013072465031149783
2017-01-27,Friday,-0.00026139234991728877,0.00026139234991728877,0.0006970462664460444,0.00039208852487582213,0.00021793139519665772
2017-01-30,Monday,0.00048228691687124403,0.00048228691687124403,0.0009207295685724656,8.768853034024637e-05,0.0004384234293479672
2017-01-31,Tuesday,-0.00044006336912527644,0.00044006336912527644,0.0014522091181129381,0.0006600950536878036,0.00022017702232579595
2017-02-01,Wednesday,-0.0002629157355067413,0.0002629157355067413,0.0032864466938346258,4.381928925123457e-05,0.00021910604732677808
2017-02-02,Thursday,-0.00017619592987405674,0.00017619592987405674,0.0012333715091181444,0.00013214694740548705,0.0
2017-02-03,Friday,0.003202456679096466,0.003202456679096466,0.003509541566132974,0.002588286905023107,0.0006125842303317253
2017-02-06,Monday,-0.00017478697837003399,0.00017478697837003399,0.0020187896001747393,0.0002621804675552175,8.741640805975948e-05
2017-02-07,Tuesday,-0.0002179693970966179,0.0002179693970966179,0.0003923449147739806,0.00026156327651583045,4.360528496039073e-05
2017-02-08,Wednesday,0.00017489397053038758,0.00017489397053038758,0.0008307463600192283,0.00026234095579558137,0.0003935974809761156
2017-02-09,Thursday,-0.00021786492374731292,0.00021786492374731292,0.0006100217864923153,0.0005228758169935066,0.00017436031559214804
2017-02-10,Friday,4.3316295590400955e-05,4.3316295590400955e-05,0.00034653036472313993,0.00012994888677098082,0.00017322766445793114
2017-02-13,Monday,-0.00012928805378387143,0.00012928805378387143,0.0006033442509911496,0.0005602482330632208,0.00043120175930311255
2017-02-14,Tuesday,-0.0008158007728639172,0.0008158007728639172,0.0010304851867753572,0.0004293688278230734,0.0005153975003221456
2017-02-15,Wednesday,-0.0009417001969009853,0.0009417001969009853,0.0013269411865422579,0.0005136546528551333,0.0005138746145940676
2017-02-16,Thursday,0.0008949499254209403,0.0008949499254209403,0.0010654165778819517,0.00034093330492224183,0.0005112038851495804
2017-02-17,Friday,0.0008122782266684059,0.0008122782266684059,0.001111538625967335,0.0005557693129836228,0.00025636643308835083
2017-02-21,Tuesday,8.493650995888835e-05,8.493650995888835e-05,0.000254809529876427,0.00021234127489710986,0.00012737771739135262
2017-02-22,Wednesday,8.475294516485654e-05,8.475294516485654e-05,0.0005085176709890861,8.475294516485654e-05,8.475294516485654e-05
2017-02-23,Thursday,0.0003803406161517753,0.0003803406161517753,0.0006761610953809601,4.2260068461308364e-05,0.00033806626098731307
2017-02-24,Friday,-0.00021235931195573432,0.00021235931195573432,0.0008069653854321416,0.0003822467615204328,0.0005519466734598133
2017-02-27,Monday,0.00033819488480224535,0.00033819488480224535,0.0007609384908052352,0.0004650179666032539,0.0
2017-02-28,Tuesday,0.00021113081665413702,0.00021113081665413702,0.0005489401233003778,0.00021113081665391498,0.0002956081081080253
2017-03-01,Wednesday,-8.394191219673885e-05,8.394191219673885e-05,0.0007554772097707479,0.000587593385377283,0.0005039475894508261
2017-03-02,Thursday,0.00012520345561517487,0.00012520345561517487,0.000584282792871693,0.0003756103668459687,0.00029201952359114713
2017-03-03,Friday,0.0003779765654527978,0.0003779765654527978,0.0011339296963588687,0.00020998698080720857,0.0005460578821354645
2017-03-06,Monday,-0.00016827934371055342,0.00016827934371055342,0.0005469078670592994,0.00021034917963813626,8.416091567076123e-05
2017-03-07,Tuesday,0.000674109964187819,0.000674109964187819,0.0008426374552348373,0.00037918685485571757,0.00021056177882594618
2017-03-08,Wednesday,0.0015624340188336028,0.0015624340188336028,0.0017735737511085509,0.000886786875554213,0.0006750485191122646
2017-03-09,Thursday,0.001480290982913246,0.001480290982913246,0.001860937235662315,0.0009304686178310817,0.00046476254858873745
2017-03-10,Friday,0.0010509058808692018,0.0010509058808692018,0.002311992937912409,0.0007566522342259407,0.0002940311673036433
2017-03-13,Monday,0.0001683430832035704,0.0001683430832035704,0.001010058499221332,8.41715416017852e-05,4.2080457835380614e-05
2017-03-14,Tuesday,0.0003797147920006072,0.0003797147920006072,0.0010547633111129863,0.0003375242595560213,0.0002109170674091665
2017-03-15,Wednesday,0.0007581501137225999,0.0007581501137225999,0.0007581501137225458,0.000252716704574274,0.0004631773969430153
2017-03-16,Thursday,0.00037641154328738047,0.00037641154328738047,0.0007946465913843485,0.00037641154328738047,4.1806020066870175e-05
2017-03-17,Friday,0.0007152473914506796,0.0007152473914506796,0.001178054527095259,4.207337596773275e-05,0.0007573526318003232
2017-03-20,Monday,-0.0006329648071565774,0.0006329648071565774,0.0008017554223985051,0.0005485694995358559,4.222259753416946e-05
2017-03-21,Tuesday,0.00037952264485108245,0.00037952264485108245,0.0005060301931347564,0.00021084591380615691,8.431347750925688e-05
2017-03-22,Wednesday,-0.00029927319367251126,0.00029927319367251126,0.0008123129542539449,0.00021376656690896834,0.0
2017-03-23,Thursday,-0.0013219616204690476,0.0013219616204690476,0.0016204690831556309,0.0005543710021321813,0.000554796858996176
2017-03-24,Friday,-0.00012809017548354173,0.00012809017548354173,0.0011101148541906448,8.539345032221313e-05,0.00017077960891465072
2017-03-27,Monday,0.0,0.0,0.0006029544769369325,0.00012920453077214233,8.612893501580565e-05
2017-03-28,Tuesday,8.572653236171845e-05,8.572653236171845e-05,0.0004714959279896494,0.0001714530647234369,4.285775511092549e-05
2017-03-29,Wednesday,-0.00017018379850231025,0.00017018379850231025,0.0005105513955071671,0.00021272974812802659,0.0002977836389160826
2017-03-30,Thursday,-4.247547041591471e-05,4.247547041591471e-05,0.0005946565858217507,0.0003822792337424552,0.00033970276008499223
2017-03-31,Friday,-8.473858147617364e-05,8.473858147617364e-05,0.0007626472332853437,0.00042369290738064613,0.00042354934349853046
2017-04-03,Monday,4.239983040066342e-05,4.239983040066342e-05,0.0007207971168114798,0.00025439898240409153,0.00033929934684873153
2017-04-04,Tuesday,0.00012783909319469267,0.00012783909319469267,0.0006818084970383799,0.0004687433417138731,0.0005968622100953613
2017-04-05,Wednesday,0.0005932957579353193,0.0005932957579353193,0.0011442132474467526,8.475653684791862e-05,0.0007205221666526374
2017-04-06,Thursday,0.0007241129616220032,0.0007241129616220032,0.001107466882480687,0.0001277846402862881,0.0005536391124738582
2017-04-07,Friday,-0.0008506294658047198,0.0008506294658047198,0.0025944198707042584,0.0019139162980605917,0.0010653257766224389
2017-04-10,Monday,-0.0008495815810712903,0.0008495815810712903,0.0008920606601248016,0.000382311711482064,0.0004674485806560602
2017-04-11,Tuesday,0.00042558624505262266,0.00042558624505262266,0.0008937311146104096,0.0004681448695578183,8.507380152289468e-05
2017-04-12,Wednesday,-0.0002981768614754854,0.0002981768614754854,0.0019168512523427697,8.519338899293238e-05,0.00021300161881232516
2017-04-13,Thursday,-0.00012845215157353262,0.00012845215157353262,0.000856347677156877,0.00025690430314706525,0.0005136106831020726
2017-04-17,Monday,0.0002574223442592949,0.0002574223442592949,0.0009438819289514281,4.2903724043363844e-05,0.0003003389539621981
2017-04-18,Tuesday,8.552125203098448e-05,8.552125203098448e-05,0.0009407337723424221,0.00012828187804669877,0.00021383056066359707
2017-04-19,Wednesday,-0.00042623929073792866,0.00042623929073792866,0.00046886321981166033,0.0002557435744426906,0.0001705393306332681
2017-04-20,Thursday,-0.00021358393848780466,0.00021358393848780466,0.0008543357539513757,0.0002563007261853212,0.00034169051381705007
2017-04-21,Friday,-0.0001698658060131919,0.0001698658060131919,0.0005095974180397679,0.00012739935450989393,0.0002547770700637164
2017-04-24,Monday,-0.0006737976922428501,0.0006737976922428501,0.01233892023919821,0.00016844942306071253,0.0008841732979663064
2017-04-25,Tuesday,0.0,0.0,0.000714766229397862,0.0004624957954928455,0.00046270979682838664
2017-04-26,Wednesday,0.0010487457001426836,0.0010487457001426836,0.0013843443241883233,0.0009228962161254017,0.00016765161993381739
2017-04-27,Thursday,-0.00025144581342717576,0.00025144581342717576,0.0013829519738496878,0.0002933534489983902,0.0005865102639295294
2017-04-28,Friday,-0.00025119316754584897,0.00025119316754584897,0.0007535795026375568,0.0004605208071674083,4.1877800577960755e-05
2017-05-01,Monday,-0.0002513299543417391,0.0002513299543417391,0.0004607715829597672,0.0,0.0002932059981570756
2017-05-02,Tuesday,4.18795544014916e-05,4.18795544014916e-05,0.0004187955440153879,0.0,8.376261674403196e-05
2017-05-03,Wednesday,0.00025174121003601613,0.00025174121003601613,0.0005034824200720656,0.00033565494671461416,0.00016781339150861996
2017-05-04,Thursday,-0.0007947463086125373,0.0007947463086125373,0.00138034885180078,8.365750616967649e-05,0.0007111482953358061
2017-05-05,Friday,0.0007116543871401593,0.0007116543871401593,0.002009377093101096,0.001213998660415161,0.0006270903010032747
2017-05-08,Monday,-0.0003338062254860663,0.0003338062254860663,0.0006258866727864712,0.00045898356004336893,0.00025050100200396663
2017-05-09,Tuesday,-0.00024997916840263645,0.00024997916840263645,0.0005832847262728721,4.166319473375424e-05,0.000333277787035402
2017-05-10,Wednesday,-0.0001253342245989275,0.0001253342245989275,0.00041778074866307785,0.0002924465240641272,0.0003341547972097736
2017-05-11,Thursday,0.0006690641465252334,0.0006690641465252334,0.0012963117838922903,0.000627247637367212,4.1790296293253704e-05
2017-05-12,Friday,0.0009206947060054205,0.0009206947060054205,0.0018413894120108715,0.000418497593638989,0.000460135530828909
2017-05-15,Monday,-0.00041743195859067495,0.00041743195859067495,0.0007931207213224149,0.0005426615461679996,0.0002506265664159457
2017-05-16,Tuesday,0.0008323276041450889,0.0008323276041450889,0.0014565733072538297,0.0011236422655958034,0.0002909876953773871
2017-05-17,Wednesday,-0.0015503875968992942,0.0015503875968992942,0.0015922899643829687,0.00041902367483759306,0.0011318381890589313
2017-05-18,Thursday,-0.0001275564437263066,0.0001275564437263066,0.0012755644372635375,0.0002976317020280117,0.0004250616339368518
2017-05-19,Friday,-8.428505204594039e-05,8.428505204594039e-05,0.002402123983311531,0.000210712630114962,4.214430209037445e-05
2017-05-22,Monday,0.0001257123700972862,0.0001257123700972862,0.0007123700972175138,0.00012571237009706415,0.00025145635136825106
2017-05-23,Tuesday,-0.0002917274432172601,0.0002917274432172601,0.00041675349031045767,4.1675349031100595e-05,0.0003333888981497113
2017-05-24,Wednesday,0.0,0.0,0.0004163197335553469,8.326394671098747e-05,0.00012491152100602143
2017-05-25,Thursday,0.0004562800730048,0.0004562800730048,0.0007466401194624473,0.00016592002654713944,0.00029031187790318214
2017-05-26,Friday,0.0005386814735008905,0.0005386814735008905,0.0010359259105788754,0.0006629925827703609,0.0
2017-05-30,Tuesday,0.0005387261199287785,0.0005387261199287785,0.00074592847374749,0.000248642824582479,0.0002900111861456889
2017-05-31,Wednesday,-0.00028924424610554667,0.00028924424610554667,0.0005371678856245422,0.00020660303293240645,4.133427024344272e-05
2017-06-01,Thursday,0.00016541913072254388,0.00016541913072254388,0.0017782556552665598,0.00016541913072243286,0.0002895193977996424
2017-06-02,Friday,-0.0009435510338037245,0.0009435510338037245,0.002420413521496568,0.0011486708237611332,8.213215063035406e-05
2017-06-05,Monday,-0.00012298106091657157,0.00012298106091657157,0.0003279494957777015,4.0993686972190524e-05,0.00020495163141498463
2017-06-06,Tuesday,0.0002466699555994101,0.0002466699555994101,0.0004111165926656566,0.00016444663706627338,0.00020554984583776026
2017-06-07,Wednesday,4.104921801229011e-05,4.104921801229011e-05,0.0003283937440992262,0.0001231476540372034,0.0001642170949995858
2017-06-08,Thursday,-0.000410071352415442,0.000410071352415442,0.0005740998933813924,0.000164028540966199,0.0002870852643236388
2017-06-09,Friday,0.0,0.0,0.000409886461450155,0.00020494323072517417,0.00012295081967217403
2017-06-12,Monday,4.113025953200733e-05,4.113025953200733e-05,0.000575823633447071,0.00041130259531940716,0.0004522096608428061
2017-06-13,Tuesday,0.0003281782007629186,0.0003281782007629186,0.0005332895762398795,0.00016408910038157032,0.00016406217956599356
2017-06-14,Wednesday,0.0006130706666120922,0.0006130706666120922,0.0019209547553847995,0.0013078840887728038,0.0007346938775510958
2017-06-15,Thursday,0.0010718555468525182,0.0010718555468525182,0.0011543059735334177,0.0006183782001072391,0.0004531970995387269
2017-06-16,Friday,-0.0009467747910921753,0.0009467747910921753,0.001234923640554822,0.0006174618202774429,0.00032951643463219327
2017-06-19,Monday,0.00028756881110836297,0.00028756881110836297,0.0006983813984061126,8.216251745962744e-05,0.00012322352747884402
2017-06-20,Tuesday,-0.0001638068716982577,0.0001638068716982577,0.0006142757688685273,4.095171792450891e-05,0.0
2017-06-21,Wednesday,0.0,0.0,0.00041115039881586346,0.00020557519940789248,0.00020553294693148594
2017-06-22,Thursday,0.0,0.0,0.0006590328692643405,0.00037070598896127294,0.00041172595520422295
2017-06-23,Friday,0.00024694406716885275,0.00024694406716885275,0.0007408322015063869,8.231468905628425e-05,0.00024694406716885275
2017-06-26,Monday,-0.000164028540966199,0.000164028540966199,0.0003690642171738022,0.0002050356762076655,0.0
2017-06-27,Tuesday,-0.00016451427161301435,0.00016451427161301435,0.00032902854322605944,0.000123385703709733,4.113364320690316e-05
2017-06-28,Wednesday,-0.00016502330954248912,0.00016502330954248912,0.0007838607203267368,4.125582738556677e-05,0.00020627062706279897
2017-06-29,Thursday,-0.0008613264427218548,0.0008613264427218548,0.001394528526311486,0.00036913990402365204,0.000492368291482026
2017-06-30,Friday,-0.00045433893684698745,0.00045433893684698745,0.0009499814134070867,0.00028912477799358793,0.00016526194017518758
2017-07-03,Monday,0.0009892419933226204,0.0009892419933226204,0.004327933720786377,0.0004121841638844437,0.000535596572181829
2017-07-05,Wednesday,-0.00016484648670922475,0.00016484648670922475,0.00045332783845049925,8.242324335450135e-05,0.00032963863364776635
2017-07-06,Thursday,0.0003308929974767949,0.0003308929974767949,0.0009099557430615827,0.0003722546221616163,0.0006620050477885719
2017-07-07,Friday,0.0011209366048074987,0.0011209366048074987,0.0031137127911321457,0.0013700336280981773,0.00041452495440230663
2017-07-10,Monday,-0.0005368129826155421,0.0005368129826155421,0.0005368129826154993,0.00012387991906515072,0.0003717011522735847
2017-07-11,Tuesday,8.261049153257538e-05,8.261049153257538e-05,0.00024783147459728325,0.0,8.261049153257538e-05
2017-07-12,Wednesday,0.0029673590504453173,0.0029673590504453173,0.003379492251895902,0.00206066600725352,0.000987166831194486
2017-07-13,Thursday,-0.0001638404194314047,0.0001638404194314047,0.0006963217825838286,0.00020480052428928364,4.096849522716717e-05
2017-07-14,Friday,0.0015139735668399101,0.0015139735668399101,0.0015139735668399058,0.00040918204509199363,0.0011862396204032066
2017-07-17,Monday,-0.0007327796775769002,0.0007327796775769002,0.0008141996417521113,0.00044780980296366124,0.00028509754408823085
2017-07-18,Tuesday,-0.0014665743268016396,0.0014665743268016396,0.0017110033812686516,0.0011814070965902035,0.0002447281478157315
2017-07-19,Wednesday,-0.0002439421044072576,0.0002439421044072576,0.0006911692958204077,0.00016262806960487541,4.0665284047003425e-05
2017-07-20,Thursday,-0.0010103459424506411,0.0010103459424506411,0.0016165535079211352,0.0008082767539605573,0.00020223264843877153
2017-07-21,Friday,-0.0009312872008745421,0.0009312872008745421,0.0010932501923309787,8.098149572821622e-05,0.0008908325234855408
2017-07-24,Monday,-0.00040508790407522977,0.00040508790407522977,0.0004050879040752764,0.0002025439520376704,4.052356445283234e-05
2017-07-25,Tuesday,-4.042037186746672e-05,4.042037186746672e-05,0.0003637833468066895,0.00012126111560228914,0.00012125131355589236
2017-07-26,Wednesday,-4.035186829143278e-05,4.035186829143278e-05,0.00036316681462353085,4.0351868291654824e-05,8.070048016795006e-05
2017-07-27,Thursday,-0.00012105072025181407,0.00012105072025181407,0.0005649033611750586,0.0003228019206714672,0.0
2017-07-28,Friday,0.00032446463335489284,0.00032446463335489284,0.0008517196625566983,8.111615833872321e-05,0.0003650375177448595
2017-07-31,Monday,0.00012129543524852515,0.00012129543524852515,0.0006064771762421755,0.0004447499292443702,0.0003637098403717065
2017-08-01,Tuesday,0.0006874797800064947,0.0006874797800064947,0.0028307990941442438,0.0005257198317696332,0.00016167495250796193
2017-08-02,Wednesday,8.082114281093844e-05,8.082114281093844e-05,0.00036369514264933086,8.082114281104946e-05,8.082114281093844e-05
2017-08-03,Thursday,0.0004851621250101523,0.0004851621250101523,0.0008490337187676055,8.086035416843274e-05,0.0006469874646177765
2017-08-04,Friday,4.040404040406287e-05,4.040404040406287e-05,0.0011717171717171395,4.0404040403951846e-05,4.040404040406287e-05
2017-08-07,Monday,-0.00028279400476705074,0.00028279400476705074,0.00032319314830530645,0.00028279400476705074,0.0
2017-08-08,Tuesday,-4.039751151330151e-05,4.039751151330151e-05,0.0003231800921063768,0.00016159004605309502,0.0001616226918259578
2017-08-09,Wednesday,0.001340101522842696,0.001340101522842696,0.0016243654822335257,0.001299492385786749,0.0
2017-08-10,Thursday,-0.0007704785077047305,0.0007704785077047305,0.0010543390105434685,0.00044606650446055163,0.00032455677715126363
2017-08-11,Friday,0.001764030193633026,0.001764030193633026,0.0027896291434197852,0.0009845749917951618,0.0006556570913411885
2017-08-14,Monday,8.14531237274263e-05,8.14531237274263e-05,0.0005701718660911248,4.072656186382417e-05,0.00012218466175206721
2017-08-15,Tuesday,0.00012144765606025842,0.00012144765606025842,0.0012954416646425114,8.096510404009827e-05,4.047927461137135e-05
2017-08-16,Wednesday,0.00024292481476972938,0.00024292481476972938,0.00048584962953967587,0.0003643872221548161,0.00012141816415733864
2017-08-17,Thursday,0.0006904114039718579,0.0006904114039718579,0.001055923323721802,0.0006497989684441929,8.116224332432864e-05
2017-08-18,Friday,-0.0004928131416838122,0.0004928131416838122,0.0008624229979466445,0.0001642710472279374,0.0003285960732769544
2017-08-21,Monday,-8.235875473572296e-05,8.235875473572296e-05,0.0006588700378850131,0.00024707626420694684,0.00024715768660410475
2017-08-22,Tuesday,-0.00036921562192326896,0.00036921562192326896,0.0009025270758123863,8.204791598287464e-05,0.0004102227509538148
2017-08-23,Wednesday,-0.00032701111837796226,0.00032701111837796226,0.0006540222367560358,0.00032701111837796226,0.0
2017-08-24,Thursday,0.0004899359000531955,0.0004899359000531955,0.0007349038500796424,0.0004491079083819294,0.000163258642504438
2017-08-25,Friday,4.08196587478038e-05,4.08196587478038e-05,0.000653114539962432,0.0002857376112335164,0.0003674969375255799
2017-08-28,Monday,0.0004491812650577742,0.0004491812650577742,0.0004491812650578368,0.0003675119441381991,4.0817992571051676e-05
2017-08-29,Tuesday,-0.0003698376823505489,0.0003698376823505489,0.0012327922745016765,0.0006163961372509519,0.0002467105263157521
2017-08-30,Wednesday,-0.0014282799428688708,0.0014282799428688708,0.0015915119363395828,0.0007753519689859267,0.0006126199714110436
2017-08-31,Thursday,0.00048691418137547515,0.00048691418137547515,0.0007303712720633266,0.000202880908906522,0.00024339783375926238
2017-09-01,Friday,-0.0001209921355111998,0.0001209921355111998,0.0027828191167574017,8.06614236741332e-05,0.00020163729483413384
2017-09-05,Tuesday,-4.04481656756106e-05,4.04481656756106e-05,0.0026291307689196527,0.00044492982243271584,0.0004851621250101523
2017-09-06,Wednesday,0.00040523564452721317,0.00040523564452721317,0.0009320419824127316,0.00012157069335816395,0.0002836304700162273
2017-09-07,Thursday,0.0006072874493927571,0.0006072874493927571,0.0012550607287449484,0.00020242914979762272,0.0008504090062364522
2017-09-08,Friday,0.00020283975659229903,0.00020283975659229903,0.0005273833671400563,0.00016227180527383922,0.00036517081879416935
2017-09-11,Monday,0.0002824174937463564,0.0002824174937463564,0.0004841442749939665,0.00016138142499788621,0.00012101653892693243
2017-09-12,Tuesday,-0.0004006089255668144,0.0004006089255668144,0.000761156958577028,0.00012018267767011093,0.00032051282051270835
2017-09-13,Wednesday,0.00012012492992719004,0.00012012492992719004,0.0006807079362537676,0.0002002082165452057,0.0003203972926428822
2017-09-14,Thursday,-0.00020028039254960106,0.00020028039254960106,0.0011616262767875844,0.0005207290206288295,0.0003206155819173162
2017-09-15,Friday,-0.00024128362890563082,0.00024128362890563082,0.0006032090722643555,0.00020106969075484038,0.0004422643936956572
2017-09-18,Monday,-0.0002003124874805362,0.0002003124874805362,0.0005208124674492026,8.012499499221448e-05,0.0003605047065892153
2017-09-19,Tuesday,-0.00020003200512086483,0.00020003200512086483,0.00032005120819336095,0.00020003200512086483,4.001600640246572e-05
2017-09-20,Wednesday,7.999360051180737e-05,7.999360051180737e-05,0.00019998400127994306,0.0,7.999360051180737e-05
2017-09-21,Thursday,0.0002800896286812016,0.0002800896286812016,0.0006402048655569647,0.0002800896286812016,0.0005202913631634498
2017-09-22,Friday,-0.00032114327004140186,0.00032114327004140186,0.00048171490506203904,0.00024085745253099589,8.030515960655293e-05
2017-09-25,Monday,-0.0008020210931548588,0.0008020210931548588,0.0009624253117857364,0.0008421221478125407,8.027292795498298e-05
2017-09-26,Tuesday,0.0008428319152351538,0.0008428319152351538,0.0009231016214480244,0.0006020227965966019,0.00024066423328394926
2017-09-27,Wednesday,0.00020033656542994827,0.00020033656542994827,0.0005609423832038415,4.006731308603406e-05,0.00024041351123926802
2017-09-28,Thursday,0.0005209168135920095,0.0005209168135920095,0.0006010578618368556,0.0004407757653468458,8.010573957628608e-05
2017-09-29,Friday,-0.0003994886545222176,0.0003994886545222176,0.0006791307126878233,0.0005992329817833264,0.00015988488288432023
2017-10-02,Monday,-0.000596042279265685,0.000596042279265685,0.0008344591909719779,0.00011920845585311479,0.00043716715682384777
2017-10-03,Tuesday,-7.920164739427804e-05,7.920164739427804e-05,0.00027720576587990327,0.00011880247109141706,0.0
2017-10-04,Wednesday,0.0,0.0,0.00023747328425553025,0.00011873664212780355,7.916402786567467e-05
2017-10-05,Thursday,-0.00047322344033440267,0.00047322344033440267,0.0007492704471961421,0.0001971764334727233,0.0002366677185231536
2017-10-06,Friday,-0.00153277786511552,0.00153277786511552,0.001768589844364049,0.0003144159723312834,0.0012187450857052973
2017-10-09,Monday,-0.00035335689045923324,0.00035335689045923324,0.00043188064389472014,0.00031409501374157767,0.00011781338360028482
2017-10-10,Tuesday,0.00023573785950015136,0.00023573785950015136,0.0004714757190004893,0.0,0.0001964404981731338
2017-10-11,Wednesday,0.0,0.0,0.0005503577325260884,0.00023586759965410486,0.00031458906802983577
2017-10-12,Thursday,-0.00043193151922094053,0.00043193151922094053,0.0005889975262104122,0.0003926650174735924,3.928192638558148e-05
2017-10-13,Friday,0.0005490411388682226,0.0005490411388682226,0.0011372995019412213,0.0005490411388682226,0.0
2017-10-16,Monday,-0.00011755025273307851,0.00011755025273307851,0.0010971356921750759,3.918341757780386e-05,3.9186488498765826e-05
2017-10-17,Tuesday,7.834534628647916e-05,7.834534628647916e-05,0.000352554058288951,0.00011751801942971873,0.00011749500646218713
2017-10-18,Wednesday,-0.00019540409566976003,0.00019540409566976003,0.0002735657339377567,0.00019540409566976003,3.908998514590145e-05
2017-10-19,Thursday,0.0014932997995833475,0.0014932997995833475,0.00149329979958343,0.0006680551734978835,0.0008246936852027709
2017-10-20,Friday,0.0003120611639881865,0.0003120611639881865,0.0005070993914807124,0.0003900764549851221,0.00011697274535049651
2017-10-23,Monday,0.00038854567354396075,0.00038854567354396075,0.00038854567354401344,0.00011656370206303279,0.0003108123858737155
2017-10-24,Tuesday,0.00015587857059329302,0.00015587857059329302,0.0004676357117805407,0.0,0.00015587857059329302
2017-10-25,Wednesday,-0.00019509911034787386,0.00019509911034787386,0.0007803964413921829,0.00031215857655686463,0.00015613411920845088
2017-10-26,Thursday,-0.0002343933119774988,0.0002343933119774988,0.0007813110399249498,3.9065551996175785e-05,0.00015627441787791074
2017-10-27,Friday,0.00015596974187026547,0.00015596974187026547,0.0007018638384153741,0.00023395461280517615,0.00011694538650441899
2017-10-30,Monday,-0.00011666796297726822,0.00011666796297726822,0.0005055611729019035,7.777864198488249e-05,0.0
2017-10-31,Tuesday,-0.00011664528169830213,0.00011664528169830213,0.00023329056339671945,0.00015552704226451386,0.0
2017-11-01,Wednesday,-0.00015494867325183126,0.00015494867325183126,0.00027116017819094784,0.0001162115049389012,0.00011621600681788191
2017-11-02,Thursday,0.000893967661691697,0.000893967661691697,0.0010105721393036684,0.0005830223880598506,0.00027190801740206716
2017-11-03,Friday,0.00019398642095058705,0.00019398642095058705,0.0014742967992240367,0.00031037827352076164,3.8788254916322096e-05
2017-11-06,Monday,0.00042607584149956246,0.00042607584149956246,0.0005035441763179124,0.0002324050044544279,0.0001936258374315436
2017-11-07,Tuesday,0.00042502221707052534,0.00042502221707052534,0.0005409373671805044,7.727676674007533e-05,0.0003863689050305208
2017-11-08,Wednesday,3.8686216101258e-05,3.8686216101258e-05,0.0006576656737205149,0.00019343108050606794,0.00019346101760508994
2017-11-09,Thursday,0.0005820495906252443,0.0005820495906252443,0.0012417057933335656,0.0006208528966669125,7.75554521482702e-05
2017-11-10,Friday,0.0002716442236796457,0.0002716442236796457,0.0006597074003648412,0.0003492568590166556,7.758553805559121e-05
2017-11-13,Monday,-0.0005440484980374638,0.0005440484980374638,0.0005829091050401324,0.00023316364201608764,0.00031095735997199725
2017-11-14,Tuesday,-0.0013959981386691966,0.0013959981386691966,0.0014347758647433092,0.000581665891112082,0.0009310986964619072
2017-11-15,Wednesday,-0.0007005526582081201,0.0007005526582081201,0.0014789445006616153,0.0009340702109442711,0.0002337358784574306
2017-11-16,Thursday,7.769705916627068e-05,7.769705916627068e-05,0.0005050308845810009,3.884852958335738e-05,7.769705916627068e-05
2017-11-17,Friday,-0.0004641268613421179,0.0004641268613421179,0.0008508992457939558,0.0003867723844518389,7.738440704185834e-05
2017-11-20,Monday,0.000581756127831401,0.000581756127831401,0.000853242320818998,0.0003878374185541933,0.00011629710032567964
2017-11-21,Tuesday,0.00042441546415616926,0.00042441546415616926,0.000848830928312475,0.00042441546415616926,0.0
2017-11-22,Wednesday,-0.00030760948975272484,0.00030760948975272484,0.0005383166070672756,0.00015380474487647344,0.00015382840441469092
2017-11-24,Friday,-0.0003840245775728057,0.0003840245775728057,0.0005760368663595781,7.680491551453894e-05,0.0003456353930642031
2017-11-27,Monday,-0.00019206391887227614,0.00019206391887227614,0.000576191756616733,0.0001152383513234323,0.00038405407481378884
2017-11-28,Tuesday,0.00026853876548882383,0.00026853876548882383,0.000613802892546009,7.672536156844156e-05,0.0003069132202868641
2017-11-29,Wednesday,7.60398448789168e-05,7.60398448789168e-05,0.000684358603908474,0.00026613945707543163,0.0003803149007379769
2017-11-30,Thursday,-0.00018970292521913734,0.00018970292521913734,0.00045528702052587377,0.0002276435102629426,3.794922393840494e-05
2017-12-01,Friday,-0.0003399433427760945,0.0003399433427760945,0.0012086874409820327,0.0001888574126535092,0.00015111446921023397
2017-12-04,Monday,0.00018794166290758696,0.00018794166290758696,0.0006014133213051608,0.0,0.00018794166290758696
2017-12-05,Tuesday,-0.001133658315383812,0.001133658315383812,0.0013603899784605435,0.0003400974946150548,0.0008316008316009427
2017-12-06,Wednesday,0.0011799634591957986,0.0011799634591957986,0.001674786845310588,0.0005328867235079304,0.0006848012174240914
2017-12-07,Thursday,-0.0008355488036461134,0.0008355488036461134,0.0008735282947209198,0.0003418154196734857,0.0006078103631668164
2017-12-08,Friday,0.0008681866223763102,0.0008681866223763102,0.0013589008002416337,0.0010569228446322132,0.00018853695324283493
2017-12-11,Monday,0.0006027273412190226,0.0006027273412190226,0.0008664205530024042,0.00030136367060973335,0.00030127287790904234
2017-12-12,Tuesday,0.00029999625004673014,0.00029999625004673014,0.001687478906513626,0.00041249484381444823,0.0007127851140455999
2017-12-13,Wednesday,0.0006745868155755286,0.0006745868155755286,0.001386650676460685,0.0005996327249560007,0.00011236796763802737
2017-12-14,Thursday,0.0002245929253228418,0.0002245929253228418,0.0006363466217481412,0.00011229646266130988,0.00026203488807374775
2017-12-15,Friday,-0.00030165912518842486,0.00030165912518842486,0.00222473604826558,0.00030165912518842486,3.772019161862872e-05
2017-12-18,Monday,-0.0005220958418794552,0.0005220958418794552,0.0006339735222823641,0.0001118776804026611,0.00033569563595681196
2017-12-19,Tuesday,-0.00022343872193031356,0.00022343872193031356,0.00048411723084942264,7.447957397677119e-05,0.00014897024319382446
2017-12-20,Wednesday,-3.7298123904294656e-05,3.7298123904294656e-05,0.0003356831151392152,3.7298123904294656e-05,7.460459564323507e-05
2017-12-21,Thursday,0.000859941673521325,0.000859941673521325,0.001121663052419096,0.0003738876841397065,0.00044848077138692766
2017-12-22,Friday,-7.47440017937473e-05,7.47440017937473e-05,0.00067269601614473,0.00048583601165996804,0.000672294016583308
2017-12-26,Tuesday,0.00029968158831228386,0.00029968158831228386,0.0008990447649372883,7.49203970782375e-05,0.0002247443532978899
2017-12-27,Wednesday,0.0003738737054621577,0.0003738737054621577,0.0005981979287395527,0.00011216211163866951,0.0003738737054621577
2017-12-28,Thursday,0.00029873039581773675,0.00029873039581773675,0.0004854368932038665,3.734129947718934e-05,0.0003734408843081294
2017-12-29,Friday,-0.00033502084574144053,0.00033502084574144053,0.0005211435378200803,0.00014889815366281312,7.446848121528404e-05
2018-01-02,Tuesday,0.00018686000448475681,0.00018686000448475681,0.000747440017938518,0.0001121160026908985,7.472445357736834e-05
2018-01-03,Wednesday,-0.00011155319228062233,0.00011155319228062233,0.00040902837169528737,0.0002974751794146968,0.00040890673209181827
2018-01-04,Thursday,-0.0001106398672320319,0.0001106398672320319,0.0005163193804166933,3.6879955743973625e-05,0.0001106398672320319
2018-01-05,Friday,0.00011007558523501437,0.00011007558523501437,0.0018345930872532472,0.0007338372349012801,0.0005866608000587581
2018-01-08,Monday,0.0006226650062266526,0.0006226650062266526,0.001062193245916125,0.0006592923595341027,0.00014639680854966475
2018-01-09,Tuesday,0.0005833029529711542,0.0005833029529711542,0.0008020415603352914,0.00032810791104620485,0.00025511133787681217
2018-01-10,Wednesday,7.310208706479138e-05,7.310208706479138e-05,0.0008406740012425943,0.00043861252238730497,0.00040219378427797103
2018-01-11,Thursday,-0.0008004948513625765,0.0008004948513625765,0.0009824254993995628,0.0002183167776443895,0.0005095541401273218
2018-01-12,Friday,-0.0021315798981178524,0.0021315798981178524,0.002998663246504718,0.0025651215723112575,0.000325957046104719
2018-01-16,Tuesday,0.00025055479991409335,0.00025055479991409335,0.0008232514854320932,7.158708568966166e-05,0.00021475357027811448
2018-01-17,Wednesday,0.0006828391734052808,0.0006828391734052808,0.0007906558849956057,0.0003953279424977474,0.00028739761459983804
2018-01-18,Thursday,-0.0005724098454492621,0.0005724098454492621,0.0013236977676016192,0.00039353176874623585,0.0002862868594331047
2018-01-19,Friday,7.165633621153411e-05,7.165633621153411e-05,0.0015406112285479088,0.0003941098491634376,0.0004659498207886248
2018-01-22,Monday,-0.0012838801711838599,0.0012838801711838599,0.0014265335235379248,0.0006776034236803952,0.0005710206995002132
2018-01-23,Tuesday,-0.0004601769911504183,0.0004601769911504183,0.000778761061946798,3.53982300884681e-05,0.0004601769911504183
2018-01-24,Wednesday,0.00045795610666843345,0.00045795610666843345,0.0010920491774403856,0.0005636382851303967,0.00017602534765015498
2018-01-25,Thursday,0.0011611949751926254,0.0011611949751926254,0.001829761779091389,0.00017593863260501053,0.0010907427606348108
2018-01-26,Friday,0.0006334236548544148,0.0006334236548544148,0.0014076081218987832,0.0008797550761867612,0.0002461149004991947
2018-01-29,Monday,-0.000838896850641202,0.000838896850641202,0.001328253346848878,3.4954035443623965e-05,0.000873820342537579
2018-01-30,Tuesday,-0.001341571050308854,0.001341571050308854,0.0018358340688437134,0.0003177405119151322,0.0010241559542308876
2018-01-31,Wednesday,-0.0007773851590107128,0.0007773851590107128,0.0009540636042402184,0.0003533568904594553,0.0004595100915487649
2018-02-01,Thursday,-0.001456379653310469,0.001456379653310469,0.0040849673202613575,0.0014208581983516932,7.115158845927283e-05
2018-02-02,Friday,-0.00032119914346884215,0.00032119914346884215,0.00371163454675219,0.0003211991434690642,0.0006778451658936424
2018-02-05,Monday,-3.646973012394472e-05,3.646973012394472e-05,0.0015681983953318994,0.0006199854121080595,0.0006196238518735298
2018-02-06,Tuesday,0.009926328034121745,0.009926328034121745,0.01337727801473435,0.0032958511050795725,0.006608695652173813
2018-02-07,Wednesday,0.0,0.0,0.002836138373698514,0.00044781132216265007,0.0004103252760367937
2018-02-08,Thursday,0.0002611745392133713,0.0002611745392133713,0.002275949556003122,0.0007462129691813146,0.001082897684839379
2018-02-09,Friday,0.005745353589882152,0.005745353589882152,0.007596205753065361,0.0009639855016581045,0.00469935672739874
2018-02-12,Monday,-0.0029834963556025773,0.0029834963556025773,0.003852109218626012,0.00033989198987893765,0.0025314542638003035
2018-02-13,Tuesday,-0.001815362505200313,0.001815362505200313,0.0026474036534172136,0.0002647403653417424,0.0020795523290986218
2018-02-14,Wednesday,-0.012341062079281762,0.012341062079281762,0.017875841436050758,0.013911742707554131,0.001478897273520241
2018-02-15,Thursday,0.0020331213958302286,0.0020331213958302286,0.004251072009463172,0.0019591897087092303,7.378712414674027e-05
2018-02-16,Friday,-0.0010244027366186348,0.0010244027366186348,0.0022683203453700822,0.000548787180331356,0.0004758767113258733
2018-02-20,Tuesday,0.0,0.0,0.0014719411223552312,0.0009199632014720294,0.0010660197029849217
2018-02-21,Wednesday,0.00011048096044774525,0.00011048096044774525,0.0011784635781102231,7.36539736320152e-05,0.00011048096044774525
2018-02-22,Thursday,0.0018491124260355818,0.0018491124260355818,0.002477810650887633,0.001109467455621349,0.0007388252678242058
2018-02-23,Friday,-0.0012127448458345569,0.0012127448458345569,0.0015434934401529377,0.0008084965638897046,0.00044133872747331715
2018-02-26,Monday,0.00039899887554861735,0.00039899887554861735,0.0013058145017955443,0.0011244513765460429,0.0007246376811593791
2018-02-27,Tuesday,0.0002518347963735845,0.0002518347963735845,0.0023384659663260084,0.0010433155849761677,0.0011883327331652094
2018-02-28,Wednesday,0.0010185151504127354,0.0010185151504127354,0.0020734058419118735,0.0008730129860679003,0.00014537524986368844
2018-03-01,Thursday,0.0029531192321889943,0.0029531192321889943,0.0037652270210411175,0.0025839793281654533,0.0004050222762252975
2018-03-02,Friday,0.0018809720863741664,0.0018809720863741664,0.007523888345496953,0.001354299902189604,0.0006011421701230812
2018-03-05,Monday,-0.0006711909911253366,0.0006711909911253366,0.0022745916921471164,0.00033559549556283486,0.0004102793629481294
2018-03-06,Tuesday,-0.0006227106227106871,0.0006227106227106871,0.0015384615384613886,0.0002930402930403364,0.0009886488465764565
2018-03-07,Wednesday,-0.0012175773899567588,0.0012175773899567588,0.0020292956499278845,0.0011068885363242353,3.69398987846159e-05
2018-03-08,Thursday,-0.000585394409483242,0.000585394409483242,0.0012805502707449977,0.0006585687106688276,0.0001098136827847318
2018-03-09,Friday,0.007489131626054801,0.007489131626054801,0.009096554999452047,0.005954772951448417,0.0013798111837326488
2018-03-12,Monday,-0.0003582175096719098,0.0003582175096719098,0.0009671872761139913,0.0002865740077373502,0.0006446067898582264
2018-03-13,Tuesday,0.002616956443807217,0.002616956443807217,0.00437354364581476,0.0019358307940491315,0.0006082072197775013
2018-03-14,Wednesday,0.00025215229998920563,0.00025215229998920563,0.0018010878570656676,0.000180108785706512,7.203054094939709e-05
2018-03-15,Thursday,0.00108952242600302,0.00108952242600302,0.0017432358816052956,0.0012711094970037085,0.00025388074858567755
2018-03-16,Friday,0.00029136467931678567,0.00029136467931678567,0.0013111410569254238,0.0008376734530357588,0.00040034939583644125
2018-03-19,Monday,-0.0005854586702770392,0.0005854586702770392,0.004025028358154216,0.00029272933513868615,0.0001464289636491367
2018-03-20,Tuesday,-0.00044202151171357507,0.00044202151171357507,0.0007367025195225748,0.0003683512597614236,0.00011054202439286787
2018-03-21,Wednesday,0.00029522473983312203,0.00029522473983312203,0.0011070927743745344,0.00014761236991667204,0.0
2018-03-22,Thursday,-0.003198096017254848,0.003198096017254848,0.005094641329812965,0.003569967647168326,0.00044787817713576317
2018-03-23,Friday,-0.002008108210510451,0.002008108210510451,0.003788883416057288,0.00011366650248179067,0.0018946570670708152
2018-03-26,Monday,-0.001257526103193518,0.001257526103193518,0.0018672357289841058,0.00019053425805959368,0.001257526103193518
2018-03-27,Tuesday,-0.0012396228541377008,0.0012396228541377008,0.001540137485443703,0.0001502573156528797,0.0010519987977157808
2018-03-28,Wednesday,-0.004127809203485655,0.004127809203485655,0.005159761504357219,0.002063904601742661,0.00225923798583183
2018-03-29,Thursday,0.00042153669285305284,0.00042153669285305284,0.0014562176662195649,0.0005748227629815972,0.0003063490847819983
2018-04-02,Monday,0.0012191405059431837,0.0012191405059431837,0.0027811642791830283,0.00019049070405363633,0.0013335873499715767
2018-04-03,Tuesday,0.0007340441971874778,0.0007340441971874778,0.001699891825065669,0.0001159017153455899,0.0006567256432046253
2018-04-04,Wednesday,0.0014406416695869062,0.0014406416695869062,0.004205116224740039,0.0010512790561851837,0.000388953714507867
2018-04-05,Thursday,0.0003390469014881159,0.0003390469014881159,0.0018835938971557733,0.0005650781691468598,0.00033881715167705106
2018-04-06,Friday,0.0014046543411410095,0.0014046543411410095,0.005390835579514885,0.0016703997570326479,0.00015161852778422524
2018-04-09,Monday,-0.00026789131266735655,0.00026789131266735655,0.001148105625717392,7.654037504800648e-05,0.00026789131266735655
2018-04-10,Tuesday,0.0003407413016318639,0.0003407413016318639,0.0018930072312876235,0.0006057623140121038,0.0002648605698285511
2018-04-11,Wednesday,-0.00019023703534604142,0.00019023703534604142,0.0015218962827682429,0.0005707111060382353,0.0007605141075368582
2018-04-12,Thursday,-0.0002641310089804838,0.0002641310089804838,0.0012829220436194697,7.546600256580493e-05,0.00018867924528309654
2018-04-13,Friday,0.0005613772455090871,0.0005613772455090871,0.0010853293413174419,0.0006362275449103283,7.480270785797938e-05
2018-04-16,Monday,0.0016871625674863555,0.0016871625674863555,0.0025119976004799633,0.00044991001799621344,0.0013117457461959692
2018-04-17,Tuesday,-0.00011142475115144546,0.00011142475115144546,0.0075768830782945345,3.714158371703746e-05,0.00014856081708458646
2018-04-18,Wednesday,-0.00025818825612267116,0.00025818825612267116,0.000590144585423521,0.00029507229271164004,7.379256908834897e-05
2018-04-19,Thursday,-0.000741289844329085,0.000741289844329085,0.0012601927353594329,0.00014825796886563936,0.0009264406151565652
2018-04-20,Friday,0.00040915008368958006,0.00040915008368958006,0.0017109912590663177,0.0001487818486143322,0.000260329502770551
2018-04-23,Monday,0.00037413947919784363,0.00037413947919784363,0.000710865010475897,7.482789583979077e-05,0.0002992891881781201
2018-04-24,Tuesday,-0.0008946210906922714,0.0008946210906922714,0.0012301039997017337,0.0006709658180191758,0.00022380543847211332
2018-04-25,Wednesday,-0.0009900613076424536,0.0009900613076424536,0.0023609154259167757,0.00026655496744221185,0.0007236992458291569
2018-04-26,Thursday,0.0007927220565473458,0.0007927220565473458,0.0012457060888603074,3.774866935946086e-05,0.0006793991092322038
2018-04-27,Friday,0.0013868065967017618,0.0013868065967017618,0.0017612443778110777,0.0007121439280359798,0.0006741825536538126
2018-04-30,Monday,-0.00044848077138692766,0.00044848077138692766,0.001270695518929745,0.00044848077138692766,0.0
2018-05-01,Tuesday,0.0001891574925283468,0.0001891574925283468,0.0006053039760905875,0.00041614648356236295,7.564296520412572e-05
2018-05-02,Wednesday,-0.0007546030787807245,0.0007546030787807245,0.0016978569272562201,0.001169634772109851,0.00045330915684482775
2018-05-03,Thursday,-0.00026723677177975524,0.00026723677177975524,0.0016034206306788422,0.0007253569519736214,0.0009918742608628905
2018-05-04,Friday,0.0007628928898382181,0.0007628928898382181,0.00469179127250541,0.00015257857796768803,0.0008392462043183002
2018-05-07,Monday,0.0005620503597121296,0.0005620503597121296,0.0011615707434052844,7.494004796160247e-05,0.0005995428485778831
2018-05-08,Tuesday,0.0011641006383777963,0.0011641006383777963,0.0013143071723620832,0.0003755163349603574,0.0008258568264576382
2018-05-09,Wednesday,-0.00044796177392869563,0.00044796177392869563,0.0007092728087203141,0.00011199044348209064,0.00044796177392869563
2018-05-10,Thursday,0.0015558436747546978,0.0015558436747546978,0.003222819040563084,0.0012965363956289888,0.0001479672992268366
2018-05-11,Friday,0.00011022522688008962,0.00011022522688008962,0.0006980931035749632,7.348348458680043e-05,0.0
2018-05-14,Monday,-7.317965605579957e-05,7.317965605579957e-05,0.00043907793633371587,3.658982802778876e-05,0.0
2018-05-15,Tuesday,-0.003451061017695878,0.003451061017695878,0.004699317130479377,0.0019458109993391037,0.0015081846606584959
2018-05-16,Wednesday,-0.001218341578675508,0.001218341578675508,0.0017352137635677856,0.0003322749760025223,0.000960153624580129
2018-05-17,Thursday,7.357810315644642e-05,7.357810315644642e-05,0.0011404605989257682,0.0003311014642041199,0.0004048136017369419
2018-05-18,Friday,-0.001986024273629927,0.001986024273629927,0.002280250091945585,0.0012872379551304158,0.0006996869821395135
2018-05-21,Monday,0.00018320386926573562,0.00018320386926573562,0.000806097024769263,7.328154770647188e-05,0.0002565042139979212
2018-05-22,Tuesday,-0.0004745564722201667,0.0004745564722201667,0.0006570781923049092,0.0004015477841863291,0.00014606536425054717
2018-05-23,Wednesday,0.00018448822965089207,0.00018448822965089207,0.0008117482104640633,0.0005165670430227198,0.00033190736096777584
2018-05-24,Thursday,0.00025665468944779946,0.00025665468944779946,0.0007699640683434023,0.0007332991127080302,0.0003664211644865967
2018-05-25,Friday,-0.0005876519631247135,0.0005876519631247135,0.0012854886693354607,0.00025709773386706214,0.00018371546149331675
2018-05-29,Tuesday,0.00040647402261484444,0.00040647402261484444,0.0012194220678441508,0.0006281871258592142,0.0010353115178407535
2018-05-30,Wednesday,-0.0008127978719475459,0.0008127978719475459,0.006280710828684544,0.0008497432297632779,0.0
2018-05-31,Thursday,-0.0004765221216230797,0.0004765221216230797,0.001246288625783629,0.00021993328690295133,0.00025664527956004157
2018-06-01,Friday,0.0012494946896475234,0.0012494946896475234,0.00558597625960083,0.0006982470324501389,0.001985951233864025
2018-06-04,Monday,-0.0005097582289542713,0.0005097582289542713,0.0007282260413631978,0.00018205651034086667,0.0004369674459252515
2018-06-05,Tuesday,-0.00025471217524197787,0.00025471217524197787,0.0007277490721198917,7.27749072120254e-05,0.0003274632513461384
2018-06-06,Wednesday,-0.0005797941730684153,0.0005797941730684153,0.0007972169879691638,0.0001087114074502793,0.0004711339832565997
2018-06-07,Thursday,7.199942400482051e-05,7.199942400482051e-05,0.0005399956800344779,0.00010799913600678668,0.00014400921658985766
2018-06-08,Friday,-0.0005778050630169673,0.0005778050630169673,0.0023473330685059306,0.00032501534794715514,0.00021675517502983688
2018-06-11,Monday,0.00028762493708223147,0.00028762493708223147,0.0005033436398935297,3.595311713522342e-05,0.00035955702574441695
2018-06-12,Tuesday,0.0011485589174831112,0.0011485589174831112,0.0012562363159973537,0.0004666020602275278,0.0005380586842673729
2018-06-13,Wednesday,-3.582560097437071e-05,3.582560097437071e-05,0.0005732096155913912,3.582560097448173e-05,7.165890361870986e-05
2018-06-14,Thursday,0.0005026749488348248,0.0005026749488348248,0.0014721194930162945,0.0005385803023232327,3.5886025981701763e-05
2018-06-15,Friday,-0.0009046499004885522,0.0009046499004885522,0.0015921838248597708,0.0004342319522344651,0.0005068056762235207
2018-06-18,Monday,0.0005807622504538923,0.0005807622504538923,0.0009437386569874692,3.6297640653271124e-05,0.0005807622504538923
2018-06-19,Tuesday,0.001278445410381135,0.001278445410381135,0.0015706615041823678,0.0011323373634803957,0.00021893016127849663
2018-06-20,Wednesday,0.0002895717957072108,0.0002895717957072108,0.0006515365403409956,3.619647446340135e-05,0.0002895717957072108
2018-06-21,Thursday,-0.0008696597456245847,0.0008696597456245847,0.0013769612639056863,0.0013407254411711422,0.0002902231090151641
2018-06-22,Friday,0.0,0.0,0.0003991291727139216,0.0,0.0
2018-06-25,Monday,-0.000365363536718899,0.000365363536718899,0.000694190719766159,0.000584581658750305,0.00021934634788323137
2018-06-26,Tuesday,0.0008478950084789272,0.0008478950084789272,0.0011428150114281585,0.0009216250092163314,3.683241252294689e-05
2018-06-27,Wednesday,0.0006256440453407119,0.0006256440453407119,0.002576181363167925,0.0015089062269981746,0.0007350509022749918
2018-06-28,Thursday,-0.00022329735764792247,0.00022329735764792247,0.0019352437662822429,0.0007443245254930009,0.0008182697314588205
2018-06-29,Friday,-0.0011759085731084529,0.0011759085731084529,0.001433138573475862,0.00036747142909643316,0.0008087343307722206
2018-07-02,Monday,-0.000778152443769109,0.000778152443769109,0.0010745914699670969,0.0003705487827473375,0.0002595187780373154
2018-07-03,Tuesday,-0.00025634452704437205,0.00025634452704437205,0.0009158823744828496,0.0,0.00025634452704437205
2018-07-05,Thursday,-0.0009170273640964899,0.0009170273640964899,0.0011004328369158952,0.0008436651749689217,0.00011013215859023706
2018-07-06,Friday,0.0014671899644205233,0.0014671899644205233,0.00399809265304637,0.0024575431904045875,0.0010244776993159066
2018-07-09,Monday,-0.00043388653867015847,0.00043388653867015847,0.00054235817333759,0.0005423581733375871,0.0
2018-07-10,Tuesday,0.00111470693994975,0.00111470693994975,0.0013304566702625118,0.0007910823444803317,0.0003593115590529994
2018-07-11,Wednesday,-0.0014057093425604572,0.0014057093425604572,0.0031358131487889437,0.00046856978085352274,0.00093757888283863
2018-07-12,Thursday,0.0007909401402121929,0.0007909401402121929,0.0012583138594282435,0.00046737371921623527,0.000251527128997564
2018-07-13,Friday,-0.00025077920682115007,0.00025077920682115007,0.0005373840146167638,7.165120194874142e-05,0.0003224073078988976
2018-07-16,Monday,-0.00042913850445236434,0.00042913850445236434,0.0012874155133567814,0.00017880771018852215,0.0001788524824725135
2018-07-17,Tuesday,-0.0004664681186982156,0.0004664681186982156,0.000717643259535848,3.588216297667479e-05,0.0005023322569069899
2018-07-18,Wednesday,0.0005710206995004352,0.0005710206995004352,0.000856531049250365,0.000249821556031371,0.00032111892104058626
2018-07-19,Thursday,0.00021423980575585588,0.00021423980575585588,0.0008212525887310512,0.0004641862458043544,0.00024983047217952414
2018-07-20,Friday,-0.0011091631185373707,0.0011091631185373707,0.0016816344055244454,0.0003935740098036655,0.0007158708568973937
2018-07-23,Monday,-0.00025031289111387967,0.00025031289111387967,0.0005363847666725452,0.00039370641873770484,0.0001073153282058481
2018-07-24,Tuesday,-0.0008160368990598466,0.0008160368990598466,0.005925137484477615,0.0007450771687068647,0.00014201519562595522
2018-07-25,Wednesday,0.0008182432672809714,0.0008182432672809714,0.0010672738268882257,0.0002490305596074549,0.0006046594344657485
2018-07-26,Thursday,-0.00021193924408335896,0.00021193924408335896,0.0007771105616390931,0.00017661603673602144,0.00038848666784374597
2018-07-27,Friday,0.0008814611099359215,0.0008814611099359215,0.0017981806642690602,0.0002820675551793439,0.0006344953999084524
2018-07-30,Monday,-7.110352673489473e-05,7.110352673489473e-05,0.00035551763367471114,7.110352673511677e-05,0.00017773985994107289
2018-07-31,Tuesday,-0.0002852049910873067,0.0002852049910873067,0.0011764705882352374,0.00010695187165765674,0.0003564808213316617
2018-08-01,Wednesday,0.0009243129865974531,0.0009243129865974531,0.0013864694798961439,0.0002488534963915878,0.0007819997867273276
2018-08-02,Thursday,0.00021477663230240474,0.00021477663230240474,0.0010022909507446647,0.0,0.000286389346316529
2018-08-03,Friday,-0.0011671087533156044,0.0011671087533156044,0.0018390804597702517,0.000565870910698596,0.00035395724196507494
2018-08-06,Monday,-0.0005994358251057985,0.0005994358251057985,0.0008815232722143864,0.00035260930888580955,0.0002821769955203557
2018-08-07,Tuesday,0.00017530327466497297,0.00017530327466497297,0.00035060654933042115,0.0002103639295980564,7.01041045955142e-05
2018-08-08,Wednesday,-0.0003504099796762805,0.0003504099796762805,0.0008059429532551733,0.0002803279837408912,0.0
2018-08-09,Thursday,0.0,0.0,0.0004552139505567458,0.0,0.0
2018-08-10,Friday,-0.0002819184550868492,0.0002819184550868492,0.0021143884131515763,0.0006343165239455217,0.0009860196499631435
2018-08-13,Monday,-0.0008463518707902962,0.0008463518707902962,0.001128469161053684,0.0005289699192438935,0.000458618499964758
2018-08-14,Tuesday,0.0001413028119259252,0.0001413028119259252,0.0007065140596299473,0.0004945598417409602,0.00024718386948685556
2018-08-15,Wednesday,-0.0014157287463723023,0.0014157287463723023,0.0014157287463723157,0.0013095490903942686,7.088176920910794e-05
2018-08-16,Thursday,-0.0010232525316680174,0.0010232525316680174,0.005892523199604868,0.0003175611305177295,0.0007059155724974397
2018-08-17,Friday,0.0006697451443475888,0.0006697451443475888,0.0014452395220135535,0.0,0.0005286716244314871
2018-08-20,Monday,-0.0006303624584136358,0.0006303624584136358,0.0008404832778848156,0.00014008054631409195,0.0007703350957665167
2018-08-21,Tuesday,-0.00020964360587005793,0.00020964360587005793,0.0004542278127183629,0.00020964360587005793,0.0
2018-08-22,Wednesday,0.0009111936636996276,0.0009111936636996276,0.0013317445854068672,0.00017522955071136437,0.0007007708479329633
2018-08-24,Friday,0.00020960698689953539,0.00020960698689953539,0.000698689956331838,0.0006986899563319326,0.0004887414906614707
2018-08-27,Monday,0.00013853773421512727,0.00013853773421512727,0.000346344335538471,3.463443355378182e-05,0.00017317816569661915
2018-08-28,Tuesday,-3.445068384599903e-05,3.445068384599903e-05,0.00037895752230686483,0.0001722534192302172,0.00013782647646598534
2018-08-29,Wednesday,-3.44934634888272e-05,3.44934634888272e-05,0.0006898692697733387,0.00020696078093207504,0.00010349467002446211
2018-08-30,Thursday,-0.00030917210580572174,0.00030917210580572174,0.0008931638612160456,0.0003778770182065738,0.000686789602005411
2018-08-31,Friday,-0.0006210965805183433,0.0006210965805183433,0.0007936234084398791,0.00037955902142783327,0.00031064476045850054
2018-09-04,Tuesday,-6.900120752129091e-05,6.900120752129091e-05,0.0007245126789720075,0.0,6.900120752129091e-05
2018-09-05,Wednesday,0.0,0.0,0.0007610350076102479,0.00027674000276733945,0.000242206152036184
2018-09-06,Thursday,0.00027660604384194265,0.00027660604384194265,0.0010372726644077566,0.0004840605767237882,0.0007956550316532418
2018-09-07,Friday,-0.0021900855176251177,0.0021900855176251177,0.0030939303344225343,0.0013905304873810254,0.0006267191253787052
2018-09-10,Monday,0.00010389610389593962,0.00010389610389593962,0.0009696969696968752,0.0007619047619048525,0.0007970888927393283
2018-09-11,Tuesday,-0.0006259998608889594,0.0006259998608889594,0.001112888641580278,0.00038255547054322214,6.959426543251546e-05
2018-09-12,Wednesday,-0.0007262666436105292,0.0007262666436105292,0.001037523776586586,0.00044959363652086193,0.000242206152036184
2018-09-13,Thursday,0.0002413543426544873,0.0002413543426544873,0.0011033341378477854,0.0006206254525393806,0.0004134794293984001
2018-09-14,Friday,-0.0003433712186244886,0.0003433712186244886,0.000721079559111285,0.0002746969748996797,0.0
2018-09-17,Monday,0.00017201637595909425,0.00017201637595909425,0.0005848556782606251,0.0002752262015345286,0.0005162267267784237
2018-09-18,Tuesday,0.0007935138864929581,0.0007935138864929581,0.0012765223391409506,0.00110401932033799,0.0002757099531294216
2018-09-19,Wednesday,0.0003441274648130488,0.0003441274648130488,0.0007914931690698861,0.00020647647888782927,0.0006196000137688173
2018-09-20,Thursday,0.000786808976464215,0.000786808976464215,0.0010946907498631403,0.0006499726327311439,0.00010255709011364189
2018-09-21,Friday,0.001196622106738543,0.001196622106738543,0.0015727033402850679,0.00047864884269532837,0.0007176297713835655
2018-09-24,Monday,-0.00027450845829180004,0.00027450845829180004,0.0025048896819131914,0.00013725422914601104,0.0004459997255386039
2018-09-25,Tuesday,-0.0003427592116539424,0.0003427592116539424,0.0008911739502998832,0.00037703513281928114,0.00010287360263339096
2018-09-26,Wednesday,-3.4345377112443565e-05,3.4345377112443565e-05,0.0003091083940100803,0.0,3.434773648414158e-05
2018-09-27,Thursday,0.000827357970215159,0.000827357970215159,0.0013789299503584435,0.00010341974627681161,0.000999896562424718
2018-09-28,Friday,0.0004139929621196359,0.0004139929621196359,0.0008969847512591972,0.00010349824052990897,0.0002759572266299859
2018-10-01,Monday,-0.0001027115858668326,0.0001027115858668326,0.005580662832100779,0.0002738975623116646,0.0001712328767122795
2018-10-02,Tuesday,-0.000137249519626792,0.000137249519626792,0.0005489980785068111,0.0004460609387867409,0.0003089492293433249
2018-10-03,Wednesday,0.0007178750897345321,0.0007178750897345321,0.0007178750897345106,0.00061532150548671,6.832467887396554e-05
2018-10-04,Thursday,0.0007909487946626825,0.0007909487946626825,0.0017194539014409023,0.0006190034045187032,0.0013763677654667905
2018-10-05,Friday,0.0002763767014442031,0.0002763767014442031,0.0055620811165619215,0.0014509776825811782,0.0017645227139053699
2018-10-08,Monday,-0.0004519695442061211,0.0004519695442061211,0.0007301046483328566,0.00027813510412677545,0.00010433693875411265
2018-10-09,Tuesday,0.0014637716516223698,0.0014637716516223698,0.0019516955354964703,3.485170599093479e-05,0.0014288701470690501
2018-10-10,Wednesday,-0.00048807697671171546,0.00048807697671171546,0.0016036814949099833,0.0007321154650675732,0.00031401556121557483
2018-10-11,Thursday,0.0024604696602381626,0.0024604696602381626,0.004884755943119607,0.001700618735752668,0.0008670207001193475
2018-10-12,Friday,-0.0013730803974706385,0.0013730803974706385,0.0028184281842817444,0.001120144534778711,0.00028938325194427517
2018-10-15,Monday,-0.0007247952453431905,0.0007247952453431905,0.0017032688265563906,0.0011596723925491048,0.00047168099851235823
2018-10-16,Tuesday,0.001159924604900553,0.001159924604900553,0.0018123821951573148,0.0,0.001051067377043191
2018-10-17,Wednesday,0.0008934953538242141,0.0008934953538242141,0.0015725518227305136,0.00028591851322357087,0.0006789108840135061
2018-10-18,Thursday,-0.00010718879519788782,0.00010718879519788782,0.0006788623695869577,7.145919679851787e-05,7.146175009820066e-05
2018-10-19,Friday,-0.0002521795518408698,0.0002521795518408698,0.0013689747099934991,0.0006484617047337604,0.0004326039150654992
2018-10-22,Monday,-0.0008657071745482581,0.0008657071745482581,0.001046062835912493,0.0006492803809111658,0.00039696860339233364
2018-10-23,Tuesday,0.001217837049046766,0.001217837049046766,0.0024733277443509966,0.0013285830674505394,0.00011059907834087834
2018-10-24,Wednesday,0.0003289714160392698,0.0003289714160392698,0.0016083047006360033,0.0006213904525183,0.0009143442323165107
2018-10-25,Thursday,-0.0020165054707047547,0.0020165054707047547,0.003958325553605445,0.001643078531685216,0.00029925560169075105
2018-10-26,Friday,0.0044516542800014935,0.0044516542800014935,0.004678009582374501,0.004149847210171087,0.0001878287002254897
2018-10-29,Monday,0.000631594590577933,0.000631594590577933,0.0017090206568582981,0.0003343736067767944,0.0011151172731667103
2018-10-30,Tuesday,-0.0034317607572501574,0.0034317607572501574,0.00418599389071167,0.0006410981634423774,0.002867708097502031
2018-10-31,Wednesday,0.000850088704908325,0.000850088704908325,0.001626256652868117,0.0002956830277940359,0.0005912130953702466
2018-11-01,Thursday,-0.0015828026649979954,0.0015828026649979954,0.0020613244009276043,0.0013987558434865877,0.000147449130050048
2018-11-02,Friday,-0.0005448601525609442,0.0005448601525609442,0.0030148928441699383,0.001126044315292396,0.0006546168672945107
2018-11-05,Monday,0.0011401669792932,0.0011401669792932,0.0021699952186547203,0.00022067747986320718,0.0008824827180466954
2018-11-06,Tuesday,0.0002931369315890553,0.0002931369315890553,0.0012091898428054702,0.0006229159796269368,0.00029296517376486975
2018-11-07,Wednesday,-0.0009009333669681707,0.0009009333669681707,0.0019460160726513403,0.00021622400807230768,0.001152903876639244
2018-11-08,Thursday,-0.0002139876600449897,0.0002139876600449897,0.0012125967402545563,0.0005349691501123077,0.00046395431834400647
2018-11-09,Friday,-0.0005369800243429923,0.0005369800243429923,0.0015751414047397356,0.001038161380396474,0.0006451381670908862
2018-11-12,Monday,0.001083697576129694,0.001083697576129694,0.0013365603438933807,0.0002889860203014738,0.0007583417593528541
2018-11-13,Tuesday,-0.0005114902634174578,0.0005114902634174578,0.0015344707902523076,0.0006576303386796045,0.00029251526564033625
2018-11-14,Wednesday,0.0031135531135531025,0.0031135531135531025,0.004542124542124575,0.0028937728937730167,0.00014608670245808142
2018-11-15,Thursday,-0.0012227656736326642,0.0012227656736326642,0.0033348154735439238,0.0006669630947088168,0.00025962465692452863
2018-11-16,Friday,0.003430088887249605,0.003430088887249605,0.0048316305831151195,7.376535241387927e-05,0.0033190736096768703
2018-11-19,Monday,-0.0017908702167318546,0.0017908702167318546,0.002375644165052364,0.0010964511531011967,0.0006586169045005308
2018-11-20,Tuesday,-0.0033778711905118053,0.0033778711905118053,0.004053445428614476,0.0029274883651102535,0.0006021829130596901
2018-11-21,Wednesday,-0.0013519095722709373,0.0013519095722709373,0.0017649930526870226,0.0015021217469677328,3.760246672179779e-05
2018-11-23,Friday,-0.001707715077226668,0.001707715077226668,0.003908770065652054,0.0025046487799322836,0.0009131725135074209
2018-11-26,Monday,0.00022568269013767406,0.00022568269013767406,0.0013917099225156267,0.0009027307605506962,0.00120481927710836
2018-11-27,Tuesday,0.0009029005680749602,0.0009029005680749602,0.0021820097061810467,0.0006771754260561647,0.00018796992481218133
2018-11-28,Wednesday,-0.0005189990732158423,0.0005189990732158423,0.0008155699721963687,0.00040778498609828073,0.00025956689409667444
2018-11-29,Thursday,-0.00014616143530532533,0.00014616143530532533,0.0012423722000949136,0.0003288632294369265,0.0005843894955989137
2018-11-30,Friday,0.0004381161007667167,0.0004381161007667167,0.0017524644030668792,0.00018254837531928025,0.000584240122690316
2018-12-03,Monday,-3.5710459593607524e-05,3.5710459593607524e-05,0.0015712602221190507,0.0006070778130913279,0.0005359631257368935
2018-12-04,Tuesday,0.00039487381986580417,0.00039487381986580417,0.0017230857594142163,0.000251283339914532,0.000826001077392835
2018-12-06,Thursday,-0.0025093632958802514,0.0025093632958802514,0.0029588014981274174,0.0008988764044943753,0.0016119358224622182
2018-12-07,Friday,0.001673858056836952,0.001673858056836952,0.008741258741258827,0.0037940782621634916,0.00196427247794817
2018-12-10,Monday,-0.001702288632494997,0.001702288632494997,0.002004917722716208,0.0008322299981087244,0.0007572889057176901
2018-12-11,Tuesday,0.0026965282199169494,0.0026965282199169494,0.004943635069847759,0.00378262986404998,0.0011565437994329741
2018-12-12,Wednesday,0.003636909002287192,0.003636909002287192,0.005324134828090496,0.0009373476810017323,0.002621919244887305
2018-12-13,Thursday,0.0,0.0,0.001989564172829208,0.000600623146514434,0.000600984111482461
2018-12-14,Friday,0.0015608938972855313,0.0015608938972855313,0.002398446720219269,0.0007994822400729795,0.0008750237778198944
2018-12-17,Monday,-0.002116687192118105,0.002116687192118105,0.004810652709359606,0.0013469827586205518,0.0005011178783439485
2018-12-18,Tuesday,-0.0014368932038835158,0.0014368932038835158,0.0016699029126213858,0.000970873786407811,0.0004664723032070661
2018-12-19,Wednesday,-0.0006256843422492997,0.0006256843422492997,0.0013295792272798508,7.821054278123185e-05,0.0007038398373347965
2018-12-20,Thursday,-0.004574383452665143,0.004574383452665143,0.004773269689737538,0.000755767700875043,0.003504161191414834
2018-12-21,Friday,0.0016181229773462036,0.0016181229773462036,0.004207119741100406,0.00250809061488666,0.0010086746015735004
2018-12-24,Monday,-0.0033368091762252527,0.0033368091762252527,0.00437956204379555,0.0016688216892596364,0.001587765846321032
2018-12-26,Wednesday,-0.0004674287171206881,0.0004674287171206881,0.0033994815790592417,0.001147325032932467,0.0006806772738874312
2018-12-27,Thursday,-0.0034516765285995676,0.0034516765285995676,0.003657133464825833,0.002301117685733045,0.001276613268541782
2018-12-28,Friday,0.0018443846085081095,0.0018443846085081095,0.002765975613715863,0.00020083388151759252,0.001723515972583911
2018-12-31,Monday,-0.001081297557068428,0.001081297557068428,0.0014817781337605309,0.0005606728073688227,0.0007611569585770361
2019-01-02,Wednesday,0.0006107989249937162,0.0006107989249937162,0.018242527893150864,0.0005700789966609499,0.0001220703125
2019-01-03,Thursday,0.0019384540828688568,0.0019384540828688568,0.0031499878846619864,0.0002019223002989179,0.002302751181674889
2019-01-04,Friday,-0.0012930860306299419,0.0012930860306299419,0.00533397987634862,0.0018588111690306386,0.00044527202072552896
2019-01-07,Monday,-0.0009115770282588365,0.0009115770282588365,0.004048591018984595,0.0003963378383734506,0.00047581284694675485
2019-01-08,Tuesday,0.0022262146539602234,0.0022262146539602234,0.0028120606155287078,0.0011716919231368195,0.0011313982521847787
2019-01-09,Wednesday,0.0004270186335402215,0.0004270186335402215,0.003998447204969059,0.00023291925465840357,0.000232874053949228
2019-01-10,Thursday,-0.001247271593389443,0.001247271593389443,0.0023776114748987123,0.001403180542563165,0.00011709144842142472
2019-01-11,Friday,-0.00031013762357035013,0.00031013762357035013,0.0022484977708859895,0.0007365768559798314,0.00023272952949837666
2019-01-14,Monday,0.0009350163627863672,0.0009350163627863672,0.0017921146953406434,0.0012077294685990392,0.0001945752422461977
2019-01-15,Tuesday,0.0003493653196691149,0.0003493653196691149,0.0013198245409726912,0.00019409184426066872,0.00015524334394156902
2019-01-16,Wednesday,0.0004990786240786083,0.0004990786240786083,0.0010365479115478416,0.00038390663390641677,0.00011512779184896793
2019-01-17,Thursday,0.0008081585530113067,0.0008081585530113067,0.0018087358091205326,0.001346930921685363,0.0005380476556494651
2019-01-18,Friday,0.0007953340402968578,0.0007953340402968578,0.001628541130131824,0.00034085744584144706,0.0005300821627352015
2019-01-22,Tuesday,-0.0004529669334139008,0.0004529669334139008,0.0011324173335346948,0.00033972520006053664,0.0
2019-01-23,Wednesday,0.00022751403003162807,0.00022751403003162807,0.001289246170180615,0.000644623085090279,0.0007967522859202436
2019-01-24,Thursday,-0.0028808612258822697,0.0028808612258822697,0.004548728251393005,0.0021606459194116745,0.0006838126353378993
2019-01-25,Friday,0.001622763982187303,0.001622763982187303,0.0025662314136916248,3.773869726009238e-05,0.0015093770046414878
2019-01-28,Monday,-3.782720532607975e-05,3.782720532607975e-05,0.0009456801331517627,0.0002647904372824472,0.00015133744466733212
2019-01-29,Tuesday,0.000378644452858623,0.000378644452858623,0.0006815600151455887,0.0003407800075727607,0.00011356323579492233
2019-01-30,Wednesday,0.0011340440009071084,0.0011340440009071084,0.005562863839116831,0.0006426249338473689,0.00037772909269451205
2019-01-31,Thursday,-3.734827264234575e-05,3.734827264234575e-05,0.001493930905695739,0.00011241830065356062,0.0001867134695097139
2019-02-01,Friday,0.0029302670623143623,0.0029302670623143623,0.0035237388724035186,0.0028560830860533404,7.397270407216716e-05
2019-02-04,Monday,0.0001110987668038188,0.0001110987668038188,0.0007776913676257436,0.00025923045587528115,0.00048160634238514355
2019-02-05,Tuesday,0.00033051781123760726,0.00033051781123760726,0.0007344840249724151,0.00014689680499446744,0.00029378282104941533
2019-02-06,Wednesday,0.0004399149497764654,0.0004399149497764654,0.0008065107412567905,0.0004765745289245782,0.00014655235582916593
2019-02-07,Thursday,0.0007380618495829161,0.0007380618495829161,0.006605653553767881,0.000258321647353954,0.0005165289256197081
2019-02-08,Friday,-0.0008551775422939167,0.0008551775422939167,0.0011898122327569927,0.0001487265290947004,0.0010037547864232277
2019-02-11,Monday,-0.00018423670732159447,0.00018423670732159447,0.0008474888536792742,7.369468292872661e-05,0.0002947461498785664
2019-02-12,Tuesday,-0.0003302994715209673,0.0003302994715209673,0.000807398708162167,0.0003302994715209673,0.0
2019-02-13,Wednesday,0.0010915441711540907,0.0010915441711540907,0.0024741667879493775,0.0001819240285256818,0.0008002327949947485
2019-02-14,Thursday,-0.006274026256618659,0.006274026256618659,0.006491622542975341,0.004170595488503737,0.0021122400670089414
2019-02-15,Friday,0.001236498527112051,0.001236498527112051,0.002291159035531132,0.001527439357020599,0.00032679738562080285
2019-02-19,Tuesday,-0.0002528719023191517,0.0002528719023191517,0.0009031139368542735,0.00028899645979330035,0.0001445556720032215
2019-02-20,Wednesday,0.0006486486486487753,0.0006486486486487753,0.0010810810810809172,0.0005045045045044549,7.203054094939709e-05
2019-02-21,Thursday,-0.0003235198964735009,0.0003235198964735009,0.0018332794133505551,0.0005032531722922728,3.5959581430544674e-05
2019-02-22,Friday,-0.0011494665756671685,0.0011494665756671685,0.0015086748805632959,0.0006106541183230618,0.0004313598619648529
2019-02-25,Monday,0.0010698619878033444,0.0010698619878033444,0.0011055240540637004,7.132413252008973e-05,0.0009270814761990209
2019-02-26,Tuesday,-0.0011822871883060415,0.0011822871883060415,0.001576382917741465,0.0005732301519061345,0.0005735794945329609
2019-02-27,Wednesday,-0.00028721189057245855,0.00028721189057245855,0.0009334386443600478,0.0002513104042507486,0.0006818589628566629
2019-02-28,Thursday,0.00032260377087944825,0.00032260377087944825,0.001362104810380656,0.000681052405190341,0.00035820467815317336
2019-03-01,Friday,0.0004285255151232903,0.0004285255151232903,0.0006070778130915114,0.00017855229796803762,0.0003213597086337838
2019-03-04,Monday,0.00017761989342801598,0.00017761989342801598,0.00039076376554158723,0.00021314387211357477,3.55164085806825e-05
2019-03-05,Tuesday,-0.0008226625652762998,0.0008226625652762998,0.00128764575434565,0.00028614350096578534,0.0010727695333451193
2019-03-06,Wednesday,0.0014003158877162747,0.0014003158877162747,0.0019384018953263712,0.0013640605930074212,3.620590765707199e-05
2019-03-07,Thursday,-0.0018011527377521652,0.0018011527377521652,0.002881844380403499,0.0004322766570605818,0.0021606049693913
2019-03-08,Friday,-0.0032129687100660442,0.0032129687100660442,0.004089232903720488,0.0031764577019971485,0.0001831099392075597
2019-03-11,Monday,0.0013809644946760624,0.0013809644946760624,0.0019260820583638211,0.0016353526910637406,0.00018142235123375094
2019-03-12,Tuesday,0.001722343822885719,0.001722343822885719,0.0021170476156301805,0.0018299903118159655,0.00010744985673338814
2019-03-13,Wednesday,-0.0008562560205501724,0.0008562560205501724,0.0029612187377358592,7.13546683792643e-05,0.0008206079634649477
2019-03-14,Thursday,0.0,0.0,0.0007452093683462723,0.0004258339247693588,0.00024834143399432573
2019-03-15,Friday,-0.0010317347374411145,0.0010317347374411145,0.0018500071154119177,0.00042692471894123507,0.0006050683371296994
2019-03-18,Monday,-0.00046138557637709354,0.00046138557637709354,0.0006033503691085176,3.549119818280211e-05,0.00046138557637709354
2019-03-19,Tuesday,0.00035272124440055563,0.00035272124440055563,0.0007759867376811063,3.527212443998895e-05,0.0004938794228666055
2019-03-20,Wednesday,-0.0014524070990825644,0.0014524070990825644,0.0016295299160437122,0.00021254738035358933,0.0012755102040816757
2019-03-21,Thursday,0.000999393225541434,0.000999393225541434,0.0017132455295000113,0.0008209301495518684,0.00017831669044232612
2019-03-22,Friday,0.0009886656544615402,0.0009886656544615402,0.00187140284594481,0.0009886656544615402,7.05542032666262e-05
2019-03-25,Monday,-3.57794554366464e-05,3.57794554366464e-05,0.0010376042076638292,0.0006440301978604124,0.0005011813560538148
2019-03-26,Tuesday,-0.0010326899793462463,0.0010326899793462463,0.006338579873228305,0.00053414998931689,0.0004988064274772386
2019-03-27,Wednesday,0.0013178984861976772,0.0013178984861976772,0.002030276046304517,0.001424755120213561,3.557073240134656e-05
2019-03-28,Thursday,3.572704537346816e-05,3.572704537346816e-05,0.0018578063594142148,0.0006073597713467382,0.0005719392314567084
2019-03-29,Friday,0.0007447072591226789,0.0007447072591226789,0.0012411787652045205,0.0006737827582539158,0.00014176353841777178
2019-04-01,Monday,7.030371203597952e-05,7.030371203597952e-05,0.002109111361079745,0.0002460629921259283,0.00024598517060825387
2019-04-02,Tuesday,-3.4956479183390066e-05,3.4956479183390066e-05,0.000559303666934555,0.0001398259167337823,0.00027958342070311115
2019-04-03,Wednesday,0.00017408864593848605,0.00017408864593848605,0.0008704432296925595,0.0008356255005048663,0.0006957489737702272
2019-04-04,Thursday,0.00010462074978190294,0.00010462074978190294,0.0006277244986922644,0.00024411508282473626,0.0003137309582739167
2019-04-05,Friday,0.001182320826233818,0.001182320826233818,0.0024689640783112964,0.0020864485168829994,0.0008328995314939025
2019-04-08,Monday,-0.0005205080158235953,0.0005205080158235953,0.0007634117565411453,0.00010410160316465245,0.0005898681471201428
2019-04-09,Tuesday,-0.0004511069470469753,0.0004511069470469753,0.0006246096189881561,0.0,0.0004164208626852295
2019-04-10,Wednesday,0.00024324981756262964,0.00024324981756262964,0.0025019981235015025,0.0007644994266253757,0.0011129660545352582
2019-04-11,Thursday,-0.00038097876909226613,0.00038097876909226613,0.001523915076368918,0.00027707546843080966,0.00010393209769610223
2019-04-12,Friday,-0.0002068537543956639,0.0002068537543956639,0.000655036888919526,0.00037923188305877265,3.4483947722208086e-05
2019-04-15,Monday,-0.0001722771594941941,0.0001722771594941941,0.0005512869103815078,0.0005168314784826933,0.00017233653879289434
2019-04-16,Tuesday,-0.0004123286259146708,0.0004123286259146708,0.0005841322200459028,0.00030924646943608636,0.000171844927137621
2019-04-17,Wednesday,0.0005499793757732796,0.0005499793757732796,0.000756221641688335,0.0004124845318300707,0.00013743815283118188
2019-04-18,Thursday,0.0007943634730951388,0.0007943634730951388,0.0015541894038821767,3.453754230864359e-05,0.0006561226604047121
2019-04-22,Monday,-0.00038032016042599537,0.00038032016042599537,0.0007260657608131228,3.457456003874704e-05,0.00034575755480270587
2019-04-23,Tuesday,-0.0008253378726916782,0.0008253378726916782,0.0009285051067782201,0.0005158361704323822,0.00020646226902032438
2019-04-24,Wednesday,-0.0002730095894617479,0.0002730095894617479,0.0005118929802408535,0.000443640582875493,0.00017070672584496016
2019-04-25,Thursday,-0.0006491953394608396,0.0006491953394608396,0.0010250452728329223,0.00017084087880547827,0.0007516228220019183
2019-04-26,Friday,0.0010622258771930682,0.0010622258771930682,0.00239857456140347,0.0005139802631579649,0.0005822316597026145
2019-04-29,Monday,3.40785169028468e-05,3.40785169028468e-05,0.0009882769901852632,0.0005452562704472141,0.0006137688819176645
2019-04-30,Tuesday,-0.0007492677610517751,0.0007492677610517751,0.0016347660241126671,0.0008854982630610575,0.0001704448610873044
2019-05-01,Wednesday,-0.0006437622823066702,0.0006437622823066702,0.0013214067899979208,0.0002371755776918727,0.0004066831599282006
2019-05-02,Thursday,-0.0005824311360833612,0.0005824311360833612,0.0017472934082499345,0.0007879950664657631,0.0002057260414880524
2019-05-03,Friday,0.0018138261464750727,0.0018138261464750727,0.0036960985626282826,0.0009240246406572172,0.0008547592997811826
2019-05-06,Monday,-0.0006897978892184131,0.0006897978892184131,0.0014830654618197103,0.0008622473615230719,0.00024165429626821222
2019-05-07,Tuesday,-0.00044685824281587294,0.00044685824281587294,0.0007905953526741418,0.00024061597690083758,0.0005842727522682445
2019-05-08,Wednesday,0.0011136632560730941,0.0011136632560730941,0.005568316280364607,0.0013572770933388822,0.002509235380218966
2019-05-09,Thursday,-0.002236511042773448,0.002236511042773448,0.003005311713726634,0.001432764886776683,0.0008398656215006239
2019-05-10,Friday,0.0009475346552028086,0.0009475346552028086,0.0026320407088962976,0.00038603263730485615,0.0005261865506718255
2019-05-13,Monday,-0.0010599957600168075,0.0010599957600168075,0.0019079923680306002,0.00010599957600154752,0.0008481764206953457
2019-05-14,Tuesday,-0.0003187420314493261,0.0003187420314493261,0.0017353732823346404,0.0007437314067149092,0.0004962251444369237
2019-05-15,Wednesday,-0.001876903463417956,0.001876903463417956,0.0033642609249946477,0.0028330618315745015,0.0010655301012254537
2019-05-16,Thursday,-0.00013976240391322392,0.00013976240391322392,0.0016072676450036212,0.0002795248078266699,0.0004889975550121939
2019-05-17,Friday,0.0014024753690264902,0.0014024753690264902,0.0028400126222783294,0.0024192700115703847,0.0010143406785587672
2019-05-20,Monday,-0.00042257984998417264,0.00042257984998417264,0.0017255343874353244,0.00042257984998417264,0.00010567845568543177
2019-05-21,Tuesday,0.0011897679952410645,0.0011897679952410645,0.0018546383455227266,0.0005948839976204212,0.0008395424493652381
2019-05-22,Wednesday,0.0013682770234713093,0.0013682770234713093,0.0015436971546856633,0.0003508402624285978,0.0009819737672722706
2019-05-23,Thursday,0.0005652112477039228,0.0005652112477039228,0.002225519287833812,0.0011304224954076236,0.0007056167090035981
2019-05-24,Friday,0.00017646020822281727,0.00017646020822281727,0.0010587612493381136,0.00035292041644618966,0.0005648919644116734
2019-05-28,Tuesday,-0.0007765619484646491,0.0007765619484646491,0.00247087892693254,7.059654076946309e-05,0.0007765619484646491
2019-05-29,Wednesday,0.0006460875807607902,0.0006460875807607902,0.0010409188801149335,0.0004666188083273237,0.00017938506798675924
2019-05-30,Thursday,-0.00021500752526337763,0.00021500752526337763,0.001039203038773097,0.0006091879882463846,0.0008594757198109315
2019-05-31,Friday,0.0010141300673440767,0.0010141300673440767,0.0017391298046631803,0.0010503619382749019,3.619647446329033e-05
2019-06-03,Monday,0.001893180907998726,0.001893180907998726,0.0021480321840753446,0.0008373684785376589,0.0009456952678863484
2019-06-04,Tuesday,0.00025273495324396045,0.00025273495324396045,0.0009748348196554926,0.0006498898797702157,0.00018044678624262733
2019-06-05,Wednesday,0.00024870319050651624,0.00024870319050651624,0.001279044979748503,0.0003552902721524198,0.00017756942964708422
2019-06-06,Thursday,-0.0022555860999505795,0.0022555860999505795,0.003171917953055534,0.0014097413124692926,0.0008823010411151966
2019-06-07,Friday,-0.0002451237875126244,0.0002451237875126244,0.005182617221697021,0.001715866512588926,0.0013327721661053893
2019-06-10,Monday,0.00020756218217043987,0.00020756218217043987,0.001452935275192915,6.918739405670227e-05,0.00031137558815386157
2019-06-11,Tuesday,0.0005159958720331037,0.0005159958720331037,0.0011351909184725976,0.0006535947712418277,0.00010313531353123295
2019-06-12,Wednesday,-3.468368479464523e-05,3.468368479464523e-05,0.0011792452830187811,6.936736958929046e-05,0.00010404383713658039
2019-06-13,Thursday,0.0007607192254495132,0.0007607192254495132,0.001556016597510334,3.457814661134151e-05,0.0006915151096051897
2019-06-14,Friday,3.458412588641657e-05,3.458412588641657e-05,0.0011066920283589598,6.91682517726111e-05,0.0
2019-06-17,Monday,-0.001449225354542727,0.001449225354542727,0.0017942790103862485,0.0004485697525965504,0.0011390307883475392
2019-06-18,Tuesday,-0.00037742322868417055,0.00037742322868417055,0.0010979584834448213,0.00034311202607639757,0.0
2019-06-19,Wednesday,6.834335702587957e-05,6.834335702587957e-05,0.0007517769272827614,0.00034171678512850967,0.0002732800437247329
2019-06-20,Thursday,6.752422431532956e-05,6.752422431532956e-05,0.0009791012525744301,0.00010128633647332741,3.3758692863594675e-05
2019-06-21,Friday,0.00017018379850242127,0.00017018379850242127,0.0015316541865214044,0.000544588155207526,0.0004762066736963
2019-06-24,Monday,0.000237965732934331,0.000237965732934331,0.0007138971988034959,0.0005779167799835339,0.0003737174695928047
2019-06-25,Tuesday,0.0010566500783966148,0.0010566500783966148,0.0012611629967959799,0.0005453677823983316,0.0006132670096419268
2019-06-26,Wednesday,-0.0011645430880942165,0.0011645430880942165,0.0022605836415946303,0.002055076037813297,0.000995434730374667
2019-06-27,Thursday,0.0005838914648808036,0.0005838914648808036,0.001099089816245898,0.00037781212433440903,0.0009964608459609448
2019-06-28,Friday,0.0003418569670450289,0.0003418569670450289,0.000683713934089938,0.00013674278681796714,0.00027346687632445743
2019-07-01,Monday,-0.0006067347557893177,0.0006067347557893177,0.0009101021336838298,0.0003707823507601571,0.0002023267577137
2019-07-03,Wednesday,-0.00023529411764700026,0.00023529411764700026,0.0007394957983192284,0.0005042016806722227,0.00016813504606894014
2019-07-05,Friday,-0.0014090649847351422,0.0014090649847351422,0.004495588284631043,0.0026839333042574243,0.0012782991892892337
2019-07-08,Monday,-0.0006391065962527698,0.0006391065962527698,0.0008745669211880348,3.363718927662518e-05,0.000538249344008479
2019-07-09,Tuesday,-0.00013490211989042322,0.00013490211989042322,0.000912871487980464,0.0004733407715453719,0.00033859892433119043
2019-07-10,Wednesday,0.005764563106796183,0.005764563106796183,0.006438781014023817,0.004079018338727147,0.001712328767123461
2019-07-11,Thursday,-0.0007680748038068064,0.0007680748038068064,0.0018367006177991468,0.0008348639171814609,3.3421342869655035e-05
2019-07-12,Friday,-0.00023331000233306476,0.00023331000233306476,0.0006666000066659622,0.00029997000299974985,0.0004665111629458263
2019-07-15,Monday,0.00016570916215585818,0.00016570916215585818,0.0006641649785806417,0.00013283299571620333,6.607783238132825e-05
2019-07-16,Tuesday,-0.0006977207787893791,0.0006977207787893791,0.0010964183666688288,0.0004319223868695099,0.0003655942568466797
2019-07-17,Wednesday,-0.0009002700810244457,0.0009002700810244457,0.0011003300990298454,0.00036677669967666304,0.000500350245171699
2019-07-18,Thursday,-0.000201653559185333,0.000201653559185333,0.0010418767224574922,0.0003024803387778885,0.0006382907246279546
2019-07-19,Friday,0.00043391188251007407,0.00043391188251007407,0.0013017356475299945,0.0006341789052068947,0.0009684744857068051
2019-07-22,Monday,-0.00026866373375422636,0.00026866373375422636,0.000638076367666312,0.0001007489001577655,0.0002015113350125608
2019-07-23,Tuesday,0.00016715699384861615,0.00016715699384861615,0.0004011767852367095,0.00026745119015769703,6.68471539823079e-05
2019-07-24,Wednesday,-0.0006013229104027129,0.0006013229104027129,0.0012694594775171893,0.00020044097013438567,0.0008683454679045965
2019-07-25,Thursday,-0.0009606784377381716,0.0009606784377381716,0.0016894689767117995,9.938052804192576e-05,0.000894484015239505
2019-07-26,Friday,0.0007653910149751919,0.0007653910149751919,0.0015973377703825669,0.000665557404326167,0.0001330273703814555
2019-07-29,Monday,9.939369843969814e-05,9.939369843969814e-05,0.00023191862969218827,3.313123281312169e-05,0.0001656671415792843
2019-07-30,Tuesday,-0.0008661758336941938,0.0008661758336941938,0.0020988106739514125,9.994336542640259e-05,0.0007996001998998858
2019-07-31,Wednesday,0.00013283299571620333,0.00013283299571620333,0.0004981237339354341,0.0002324577425032448,6.640326704066002e-05
2019-08-01,Thursday,0.0006048387096773133,0.0006048387096773133,0.0008064516129032563,0.0003360215053762605,3.358296671929217e-05
2019-08-02,Friday,0.00030630998570568835,0.00030630998570568835,0.003539582057041796,0.0005785855285549424,0.0009876711395682136
2019-08-05,Monday,-0.0014896417931130612,0.0014896417931130612,0.00207856994387869,0.0009699993071434765,0.0005201470282265586
2019-08-06,Tuesday,0.00014034595277356843,0.00014034595277356843,0.002070102803410319,0.00021051892916035264,3.508033396470989e-05
2019-08-07,Wednesday,-0.006739768124039647,0.006739768124039647,0.007473110769660519,0.003736555384830309,0.002944578820065158
2019-08-08,Thursday,0.0017676417579370884,0.0017676417579370884,0.0022875363926243178,0.0014210453348122432,0.0003461045928079276
2019-08-09,Friday,0.00034225477445404273,0.00034225477445404273,0.005886782120610676,0.00023957834211785212,0.000684743905779106
2019-08-12,Monday,0.000551762190495797,0.000551762190495797,0.0028277812262914445,0.000793158148837958,0.0011732229123533333
2019-08-13,Tuesday,-0.0006958942240778976,0.0006958942240778976,0.002957550452331127,0.0010438413361167909,0.00048770291925026577
2019-08-14,Wednesday,0.00020754064337591416,0.00020754064337591416,0.0029055690072638356,0.0010377032168800149,0.0013852334118300558
2019-08-15,Thursday,0.0025618529566591164,0.0025618529566591164,0.0045271100193017035,0.0007369713984910486,0.0014021312394840724
2019-08-16,Friday,-0.0004524571905888397,0.0004524571905888397,0.0015661979674230428,0.0010441319782821257,0.0006620209059233773
2019-08-19,Monday,0.0010966039546280726,0.0010966039546280726,0.0018505191734348393,0.0010623350810459176,3.423016362014142e-05
2019-08-20,Tuesday,-0.0018112227462239172,0.0018112227462239172,0.0023580069714988646,0.0009226983801516875,0.0010601915184678123
2019-08-21,Wednesday,0.0012673837089813844,0.0012673837089813844,0.0016441734602999293,3.425361375619662e-05,0.0012330878575099735
2019-08-22,Thursday,0.00047722934278704443,0.00047722934278704443,0.0018748295609490432,0.0005794927733843158,0.0010914796370828928
2019-08-23,Friday,0.0016512435928308644,0.0016512435928308644,0.0035088926347654954,6.880181636792493e-05,0.0016167870657035621
2019-08-26,Monday,0.0028230865746550204,0.0028230865746550204,0.004391468005018788,0.0014638226683394429,0.0014269803703188533
2019-08-27,Tuesday,0.00048389326697084734,0.00048389326697084734,0.001347988386561742,0.00027651043826903976,0.0005530591081921443
2019-08-28,Wednesday,0.0023456919791338127,0.0023456919791338127,0.002450722963274126,0.0015754647621046836,0.0003494060097835039
2019-08-29,Thursday,-0.0011645430880942165,0.0011645430880942165,0.0012672968899849451,0.0004452664748595403,0.0006168608636052397
2019-08-30,Friday,-0.000271674533908528,0.000271674533908528,0.0008347200054335962,0.0001018779502157674,0.00023772329009030813
2019-09-03,Tuesday,0.0003094804167669274,0.0003094804167669274,0.005983288057494616,0.0012035349540937545,0.000824345675619953
2019-09-04,Wednesday,0.0,0.0,0.0007837054712799946,0.0,0.0
2019-09-05,Thursday,0.0006067143049750534,0.0006067143049750534,0.0012134286099501606,0.0003707698530404091,0.00020215633423181778
2019-09-06,Friday,-0.000870963419536297,0.000870963419536297,0.00328286211979103,0.000602974675063761,0.00174041100475264
2019-09-09,Monday,-0.0001002405773856685,0.0001002405773856685,0.00030072173215728364,3.341352579522283e-05,0.00013364963747541925
2019-09-10,Tuesday,6.724949562886273e-05,6.724949562886273e-05,0.0011096166778750537,0.0,0.0006048387096774244
2019-09-11,Wednesday,0.0,0.0,0.000602934280163485,0.00026797079118390243,0.00026804261877644286
2019-09-12,Thursday,0.0006644076805528698,0.0006644076805528698,0.0014284765131885153,0.0009301707527740177,0.0002323342958611141
2019-09-13,Friday,-0.0010254713860403664,0.0010254713860403664,0.001554746940125605,0.0005623552762157313,0.0004633766921523508
2019-09-16,Monday,-0.00038329500383282866,0.00038329500383282866,0.0006166050061660577,6.666000066657407e-05,0.00021668111207417962
2019-09-17,Tuesday,0.00010006671114060062,0.00010006671114060062,0.0012341561040693947,0.0005670446964644027,0.0006340942464291288
2019-09-18,Wednesday,0.0006324058048194914,0.0006324058048194914,0.000732259352949099,0.00019970709625893868,0.0002994609702533513
2019-09-19,Thursday,0.0019598073409732297,0.0019598073409732297,0.002557714665337923,0.0002657365886065133,0.0015605804030944803
2019-09-20,Friday,0.0007999733342223259,0.0007999733342223259,0.0014666177794073457,0.00029999000033353873,0.0004331600693054938
2019-09-23,Monday,0.0007389989922741425,0.0007389989922741425,0.0012428619415519133,0.0001679543164260222,0.0009071056610114869
2019-09-24,Tuesday,-0.0005342950644492417,0.0005342950644492417,0.0012021638950110655,0.0007680491551458335,0.000200507953482143
2019-09-25,Wednesday,0.0007097951733927577,0.0007097951733927577,0.0013519908064624391,0.0001689988508078999,0.000980458448847088
2019-09-26,Thursday,-0.0006706908115358123,0.0006706908115358123,0.0020120724346077224,0.0009054325955734077,0.00033568311513931803
2019-09-27,Friday,-6.715240237709086e-05,6.715240237709086e-05,0.0011080146392238558,0.0002686096095086965,3.3577328587663935e-05
2019-09-30,Monday,-0.0011488038924177824,0.0011488038924177824,0.0015204757399648217,0.0008109203946478072,0.0003043522369888807
2019-10-01,Tuesday,0.000403185162785924,0.000403185162785924,0.0038974565735981756,0.000907166616268551,0.00033573946617437844
2019-10-02,Wednesday,-0.0022612032342057553,0.0022612032342057553,0.002501027819651974,0.0010281622584623618,0.0012346525824814547
2019-10-03,Thursday,-0.0003128802363983052,0.0003128802363983052,0.0012862854163045528,0.00010429341213291643,0.00041713014460509346
2019-10-04,Friday,0.00583664306682774,0.00583664306682774,0.006907269901571403,0.004075289241927127,0.0016508460586051044
2019-10-07,Monday,-0.00037453183520608224,0.00037453183520608224,0.0006469186244467066,0.0,0.0003404950798461259
2019-10-08,Tuesday,-0.0004118757508151383,0.0004118757508151383,0.0016475030032607454,6.86459584691157e-05,0.0005833905284829966
2019-10-09,Wednesday,-0.0005497337227281518,0.0005497337227281518,0.0015117677375021395,0.0009620340147742379,0.00037829286746005053
2019-10-10,Thursday,0.0009974547705853265,0.0009974547705853265,0.0014445896677444312,0.0009630597784962003,0.0001718331156779218
2019-10-11,Friday,0.0,0.0,0.0008440243079000676,0.0006076975016879871,0.000539883924956186
2019-10-14,Monday,-0.00030425963488855956,0.00030425963488855956,0.0011156186612575527,0.00040567951318459805,6.763840508638985e-05
2019-10-15,Tuesday,-0.00010105773765423098,0.00010105773765423098,0.0005726605133733609,0.0001347436502056043,6.738317442134267e-05
2019-10-16,Wednesday,-0.000301315745421582,0.000301315745421582,0.0015735377816466145,0.0004352338544979517,0.0002009780933878158
2019-10-17,Thursday,0.0007349502238258587,0.0007349502238258587,0.004342887686243107,0.0006347297387585549,0.0038873994638071174
2019-10-18,Friday,-0.0006344542024244726,0.0006344542024244726,0.0009015928139712886,3.339232644328227e-05,0.0005677074636835089
2019-10-21,Monday,0.0006682705159049007,0.0006682705159049007,0.0016706762897620959,0.001002405773857351,0.00033380065424915006
2019-10-22,Tuesday,-6.654245408566073e-05,6.654245408566073e-05,0.0006654245408570289,9.98136811285466e-05,9.981036031525559e-05
2019-10-23,Wednesday,-0.0002343331547939309,0.0002343331547939309,0.0007364756293519927,3.347616497051398e-05,0.0003347280334728975
2019-10-24,Thursday,0.0001330406439166154,0.0001330406439166154,0.0009978048293754118,0.00019956096587503414,0.0002993912378164154
2019-10-25,Friday,-0.0005333155561479952,0.0005333155561479952,0.0010666311122962341,0.0006666444451851605,0.00030024019215391107
2019-10-28,Monday,0.001686340640809414,0.001686340640809414,0.0017524716463312921,0.0003306550276096498,0.001355237497107753
2019-10-29,Tuesday,3.299567756620547e-05,3.299567756620547e-05,0.0002969610980962544,6.599135513241094e-05,0.00013199577613498548
2019-10-30,Wednesday,0.0003296848213107939,0.0003296848213107939,0.0008242120532770672,0.00016484241065550798,0.0002307565518377963
2019-10-31,Thursday,0.0006254526301929797,0.0006254526301929797,0.0013167423793535918,0.0004937783922576156,0.00013160925213040464
2019-11-01,Friday,0.002963645943097948,0.002963645943097948,0.0032929399367755533,0.003062434141201331,3.2831018746515284e-05
2019-11-04,Monday,0.0008451711471573198,0.0008451711471573198,0.00136527646848492,0.000975197477489198,6.495404501327684e-05
2019-11-05,Tuesday,0.0004871711594673922,0.0004871711594673922,0.00233842156544323,0.00032478077297826147,9.739627296934117e-05
2019-11-06,Wednesday,0.00032552083333348136,0.00032552083333348136,0.0009114583333334296,0.000488281250000222,0.00019521082769391462
2019-11-07,Thursday,-0.0005185377236194277,0.0005185377236194277,0.001328752916774592,0.0001944516463572299,0.00025966018553547077
2019-11-08,Friday,9.738678785908839e-05,9.738678785908839e-05,0.0005518584645350297,0.00025969810095760604,0.00012985326580960965
2019-11-11,Monday,6.501950585180438e-05,6.501950585180438e-05,0.0004876462938880925,0.00013003901170338672,9.751340809349696e-05
2019-11-12,Tuesday,-0.00029155463409880067,0.00029155463409880067,0.0007450840649195575,0.0006155042275421962,0.000389004149377703
2019-11-13,Wednesday,0.00019472932623654238,0.00019472932623654238,0.0007789173049461544,0.0001298195508244726,0.0002921224317571358
2019-11-14,Thursday,-0.0002913564260277335,0.0002913564260277335,0.0011006798316606507,0.00048559404337966683,0.0002267279911900566
2019-11-15,Friday,0.0008376018813827102,0.0008376018813827102,0.0011591121420057569,0.00048323185464371754,0.0003219886016034845
2019-11-18,Monday,0.0006743304861600574,0.0006743304861600574,0.0012202170701945778,0.0003532207308456492,0.0002567806130635564
2019-11-19,Tuesday,-0.0003516848903380998,0.0003516848903380998,0.0006713984270093342,0.0003197135366710402,3.198362438427971e-05
2019-11-20,Wednesday,-0.0008678602423581872,0.0008678602423581872,0.0012535759056281905,0.0002250008035742379,0.0008036259603330098
2019-11-21,Thursday,-0.0008353413654618169,0.0008353413654618169,0.001285140562248923,0.00035341365461849517,0.000514221436606066
2019-11-22,Friday,0.0009008719153178468,0.0009008719153178468,0.0018017438306360872,6.434799395127477e-05,0.0009008719153178468
2019-11-25,Monday,0.0004487898701714954,0.0004487898701714954,0.0006411283859592519,9.616925789401876e-05,0.0003525867042757369
2019-11-26,Tuesday,0.00015956088843505079,0.00015956088843505079,0.00047868266530500783,0.0004148583099310432,0.00019140587616039983
2019-11-27,Wednesday,-0.0005081946385464553,0.0005081946385464553,0.0011116757718204991,0.00031762164909165946,0.00076209831068208
2019-11-29,Friday,-3.1754096278424626e-05,3.1754096278424626e-05,0.000539819636733189,0.0003810491553410955,0.0004443739089032839
2019-12-02,Monday,0.0,0.0,0.0009213076214377598,0.0006989230231596588,0.0007312265530614592
2019-12-03,Tuesday,-0.0015834033477669651,0.0015834033477669651,0.0019388612421638429,0.0005170296645768957,0.0009377223048566696
2019-12-04,Wednesday,9.65934702814586e-05,9.65934702814586e-05,0.0011913194668040587,0.0009015390559596881,0.0008700135335439896
2019-12-05,Thursday,-0.0005762950630721075,0.0005762950630721075,0.0009284753793941334,0.00028814753153605377,0.00028823058446747485
2019-12-06,Friday,0.0046078525487185384,0.0046078525487185384,0.005663818757799692,0.003967873028063229,0.0005417808655745482
2019-12-09,Monday,-9.53713123093003e-05,9.53713123093003e-05,0.0004768565615462146,0.00028611393692767884,9.538950715404226e-05
2019-12-10,Tuesday,0.0022340663198543442,0.0022340663198543442,0.003957488909456513,0.0027127948169662908,0.0004774333184799362
2019-12-11,Wednesday,0.00022278803309982997,0.00022278803309982997,0.0011139401654997542,0.00019064290260994987,3.182078533692234e-05
2019-12-12,Thursday,0.00019084576481431803,0.00019084576481431803,0.0016221890009223924,0.0006361525493813192,0.0006679605817334622
2019-12-13,Friday,0.0006294058408862213,0.0006294058408862213,0.0023111782477341193,0.0006294058408862213,0.00025154068670618646
2019-12-16,Monday,0.0010660980810233145,0.0010660980810233145,0.001160165558760832,0.0004076257368619274,0.000564121850319621
2019-12-17,Tuesday,0.0006565577614505713,0.0006565577614505713,0.0015632327653587617,0.00015632327653580802,0.0005001562988433683
2019-12-18,Wednesday,-0.0005940470235117346,0.0005940470235117346,0.0007191095547774457,0.0002813906953476053,0.00034400800600453696
2019-12-19,Thursday,-0.00015610824339118423,0.00015610824339118423,0.0006882527764741763,0.00025027373689967547,3.160299133275757e-05
2019-12-20,Friday,0.0005315988617529133,0.0005315988617529133,0.0007817630319897432,0.0005315988617529133,3.1252929962310994e-05
2019-12-23,Monday,-0.0004661280298322579,0.0004661280298322579,0.0011497824735860925,0.00031044126786827775,0.000776638707673194
2019-12-24,Tuesday,-0.0002798507462687949,0.0002798507462687949,0.0005286069651741788,0.00024906716417916197,3.1102264244853295e-05
2019-12-26,Thursday,-0.0002174791064715187,0.0002174791064715187,0.000466026656724694,0.00027961599403492077,6.215426689060166e-05
2019-12-27,Friday,-0.0007099422786061016,0.0007099422786061016,0.003457110226255531,9.260116677478614e-05,0.0005248371461208379
2019-12-30,Monday,0.0005882351119055329,0.0005882351119055329,0.0007434251019344513,0.00037140279050795755,0.0001857815209314051
2019-12-31,Tuesday,-0.0016193827660304638,0.0016193827660304638,0.0017439506711095956,0.0006539815016661787,0.0008726275438651898
2020-01-02,Thursday,0.0005249181745197173,0.0005249181745197173,0.0007101834125855658,0.0005557957141975045,3.086229245097272e-05
2020-01-03,Friday,-0.0011794648954001064,0.0011794648954001064,0.0013346576447948563,0.0009932335961263528,0.00015535187199011702
2020-01-06,Monday,-6.233442418590585e-05,6.233442418590585e-05,0.000809724170172929,0.0002181704846503374,9.351620947617434e-05
2020-01-07,Tuesday,-0.0015456428328541882,0.0015456428328541882,0.0038950199387925155,0.0007109957031129488,0.0006806720089105323
2020-01-08,Wednesday,-0.001391121553110053,0.001391121553110053,0.002194880672684492,0.0005564486212440434,0.0008042314949427976
2020-01-09,Thursday,0.0003066920198737666,0.0003066920198737666,0.0006440532417345873,0.00046003802981031683,6.131583788082651e-05
2020-01-10,Friday,0.00033623720006126234,0.00033623720006126234,0.001956289163992011,0.0005807733455601705,0.000948157210582723
2020-01-13,Monday,-0.0006732770228913276,0.0006732770228913276,0.003274574611335516,6.12070020810096e-05,0.0005203391386855438
2020-01-14,Tuesday,0.000640751815463414,0.000640751815463414,0.0016171355342650563,0.0003966558857630975,0.00021349274124671247
2020-01-15,Wednesday,-0.001769911504424737,0.001769911504424737,0.002197131522734118,0.0010985657613671318,0.0006720840716074594
2020-01-16,Thursday,9.103322712777917e-05,9.103322712777917e-05,0.0005158549537248245,0.00021241086329837344,6.067961165057145e-05
2020-01-17,Friday,6.030453791661117e-05,6.030453791661117e-05,0.001266395296245919,0.0009045680687471691,0.0009337911922404629
2020-01-21,Tuesday,-0.0005441354292624601,0.0005441354292624601,0.0007859733978234308,0.00036275695284160303,0.0002419110976715766
2020-01-22,Wednesday,-0.00012033694344149026,0.00012033694344149026,0.0007220216606498469,0.00027075812274357514,0.00012036591237363226
2020-01-23,Thursday,-0.0002721088435373442,0.0002721088435373442,0.0013907785336356147,0.00012093726379447389,0.00048364669608835786
2020-01-24,Friday,-0.00012028628134963526,0.00012028628134963526,0.0006315029770854018,0.00012028628134963526,0.00012031522589195376
2020-01-27,Monday,-0.0005866913694612119,0.0005866913694612119,0.0016365601358652854,0.0006175698625908721,6.178942165091517e-05
2020-01-28,Tuesday,-0.0005531313379633085,0.0005531313379633085,0.0012599102698052516,0.0003687542253087983,0.00018444512757453957
2020-01-29,Wednesday,-0.000731261425959806,0.000731261425959806,0.0012492382693478617,0.0008226691042046985,0.00012198097096849381
2020-01-30,Thursday,0.0001540547202367737,0.0001540547202367737,0.002588119299975274,0.0002772984964258818,0.00018480303076973126
2020-01-31,Friday,0.00042818693418178455,0.00042818693418178455,0.0015598238316613376,0.0002446782481037024,0.0006730298580519545
2020-02-03,Monday,-0.0012343393198789299,0.0012343393198789299,0.0015737826328459166,0.0008948960069123935,0.0003706220273023142
2020-02-04,Tuesday,0.0005180399804971536,0.0005180399804971536,0.0007922964407605769,0.0005180399804971536,0.0
2020-02-05,Wednesday,0.00024082603329422803,0.00024082603329422803,0.0008428911165296148,0.0001806195249706155,0.00045164398410202367
2020-02-06,Thursday,-0.0006881694692119078,0.0006881694692119078,0.004488061755729758,0.00023936329363904996,0.0004489136290176665
2020-02-07,Friday,-0.0023377791098455614,0.0023377791098455614,0.004315899895099649,0.0027274089614864883,0.00033056857795421557
2020-02-10,Monday,-0.0014452172342155345,0.0014452172342155345,0.001716195465630907,0.0004516303856922921,0.0010542168674699814
2020-02-11,Tuesday,0.00026792093355543223,0.00026792093355543223,0.0012205286973089576,0.00038699690402477227,0.0006551713868785392
2020-02-12,Wednesday,-2.9700029700041597e-05,2.9700029700041597e-05,0.0007716067716067249,5.9400059400083194e-05,5.939829526890872e-05
2020-02-13,Thursday,0.0008634807205596395,0.0008634807205596395,0.0017269614411194998,0.000357302367128165,0.0005655603512426666
2020-02-14,Friday,-0.0016270745200128722,0.0016270745200128722,0.002248321154927051,0.0013312427891015721,0.0002369949046094888
2020-02-18,Tuesday,-0.00023771319902554655,0.00023771319902554655,0.001039995245736087,5.942829975635888e-05,0.0001188707280832535
2020-02-19,Wednesday,0.0005628962493333667,0.0005628962493333667,0.0007702790780351688,0.00017775671031583506,0.0004147042270210566
2020-02-20,Thursday,-0.0003555884529977682,0.0003555884529977682,0.0021613619541079538,0.000651369356032605,0.00038488888888887907
2020-02-21,Friday,-0.0008046011264415398,0.0008046011264415398,0.00098340137676188,0.00011920016688027335,0.0006259127894846506
2020-02-24,Monday,-0.0021830704424562475,0.0021830704424562475,0.0031362420440918175,0.0010146665436768787,0.0010158534708327727
2020-02-25,Tuesday,0.0011740352828497613,0.0011740352828497613,0.0029041925417863804,0.00012358266135259477,0.0007720815318097429
2020-02-26,Wednesday,-0.0009863188036907111,0.0009863188036907111,0.006936048361437957,0.00015908367801475976,0.0011452202958486257
2020-02-27,Thursday,-0.002508143322475509,0.002508143322475509,0.0037459283387623263,0.0005537459283389001,0.0030601946804701408
2020-02-28,Friday,-0.010403165290947536,0.010403165290947536,0.025376901562180223,0.0023193942288014524,0.007966901456609388
2020-03-02,Monday,0.010544275720866692,0.010544275720866692,0.012830574987203712,0.00013649547858718414,0.010509793216406216
2020-03-03,Tuesday,-0.0016223758071319816,0.0016223758071319816,0.008664460235568959,0.0048022323891107055,0.0032279100097816205
2020-03-04,Wednesday,9.812900693439985e-05,9.812900693439985e-05,0.0037289022635090484,0.0008504513934317615,0.0008496454364236294
2020-03-05,Thursday,0.0034822601839685774,0.0034822601839685774,0.00528909329829158,0.0018068331143232808,0.0017709563164107767
2020-03-06,Friday,0.0011260108506498945,0.0011260108506498945,0.008359777527553106,0.0003753369502167425,0.0015019115237575598
2020-03-09,Monday,0.004344992396263292,0.004344992396263292,0.00945035846187274,0.002932869867477761,0.0018058364634498947
2020-03-10,Tuesday,0.002961291687231027,0.002961291687231027,0.010681802157512618,0.004336177113445694,0.006901433374624011
2020-03-11,Wednesday,-0.006418070993187364,0.006418070993187364,0.04094657583363219,0.002545715310146912,0.003882238757683565
2020-03-12,Thursday,-0.011816327316115594,0.011816327316115594,0.02078441938339558,0.00023093799314888308,0.011778290993071594
2020-03-13,Friday,0.0026733883287506366,0.0026733883287506366,0.004201038802322116,0.0014130766880537937,0.0011821683255157645
2020-03-16,Monday,-0.01345568265986341,0.01345568265986341,0.015307382108468433,0.008270924203769292,0.005269272259563529
2020-03-17,Tuesday,0.0026950875903468674,0.0026950875903468674,0.010045326473110409,0.0024092449671280214,0.005363576809695347
2020-03-18,Wednesday,-0.003992435385585136,0.003992435385585136,0.008194998949359062,0.005001050640890958,0.0010136847440447294
2020-03-19,Thursday,0.015596369369753393,0.015596369369753393,0.01840882942003674,0.01039757957983567,0.00544211947350659
2020-03-20,Friday,-0.001782752902155793,0.001782752902155793,0.00883084577114426,0.0025704809286899444,0.004218536746763646
2020-03-23,Monday,-0.0013622238304030754,0.0013622238304030754,0.020518496445447162,0.004299518964709814,0.0035077212644907263
2020-03-24,Tuesday,0.00833117499784164,0.00833117499784164,0.013597513597513622,0.002460502460502445,0.010905786125416483
2020-03-25,Wednesday,0.006832864005300587,0.006832864005300587,0.03209375517641213,0.0021533874440948786,0.0038398018166805326
2020-03-26,Thursday,0.021161825726141004,0.021161825726141004,0.026431535269709445,0.010954356846472946,0.010167763375282135
2020-03-27,Friday,-0.008733453434636163,0.008733453434636163,0.011592386621759142,0.0034463852118743477,0.005070754716981152
2020-03-30,Monday,0.006599363632792565,0.006599363632792565,0.0070314648230348905,0.0034568095219389416,0.003092460659202878
2020-03-31,Tuesday,0.002317558431524036,0.002317558431524036,0.005176743287618215,0.00023179447556498367,0.0020852805994360235
2020-04-01,Wednesday,0.0007651725665498432,0.0007651725665498432,0.0048326688413676,0.0024163344206837856,0.0017273932430804662
2020-04-02,Thursday,-0.0110495017679203,0.0110495017679203,0.016433622629379634,0.009080681452908967,0.0017035084161428626
2020-04-03,Friday,0.004878048780487809,0.004878048780487809,0.013754498200719703,0.0035985605757697936,0.0009558706388401728
2020-04-06,Monday,0.0033067496595990953,0.0033067496595990953,0.0044738377747519055,0.0021396615444466693,0.0014756135445790353
2020-04-07,Tuesday,0.006107207240351853,0.006107207240351853,0.006879805746661288,0.004893123873293881,0.0011715174812376716
2020-04-08,Wednesday,-3.740974898058802e-05,3.740974898058802e-05,0.004751038120534143,0.0009726534734950665,0.001083747524197376
2020-04-09,Thursday,0.018798513776993042,0.018798513776993042,0.02266122208733388,0.009454438435787083,0.009109459262498287
2020-04-13,Monday,0.0008661445739652773,0.0008661445739652773,0.004475080298819911,0.000685697787722428,0.0014805720063555405
2020-04-14,Tuesday,0.0004994470407762019,0.0004994470407762019,0.0036031536513145834,0.0012846491384538306,0.0019649874955340874
2020-04-15,Wednesday,-0.005937814884122594,0.005937814884122594,0.007881099755290045,0.0028789405498776954,0.0030317248348792347
2020-04-16,Thursday,0.0031984474951483044,0.0031984474951483044,0.007079709624092673,0.00190469345216715,0.0008963786303335386
2020-04-17,Friday,-0.0006980802792321272,0.0006980802792321272,0.003176265270505997,0.002024432809773047,0.0012940230126254892
2020-04-20,Monday,0.0,0.0,0.002519148936170187,0.0011347517730495582,0.0010273123383754967
2020-04-21,Tuesday,-0.003689503002242578,0.003689503002242578,0.004810822542139855,0.0020256094914273826,0.0017034540248632712
2020-04-22,Wednesday,0.005273232925199434,0.005273232925199434,0.006465128038429662,0.0024560262939286037,0.002810304449648582
2020-04-23,Thursday,0.004111695090993628,0.004111695090993628,0.00550609603489585,0.0013586470735456047,0.0027851174748267926
2020-04-24,Friday,0.0017847972108482324,0.0017847972108482324,0.004390080082112781,0.002605639759329037,0.0012097922003986294
2020-04-27,Monday,-0.0009440559440558882,0.0009440559440558882,0.0028671328671328435,0.00034965034965039887,0.0003848306745031227
2020-04-28,Tuesday,0.001512391296875526,0.001512391296875526,0.0021310968274155452,0.000309352765269999,0.0010306799051775783
2020-04-29,Wednesday,0.008695352127255696,0.008695352127255696,0.009592491632448751,0.003139988268175742,0.005468803742175066
2020-04-30,Thursday,-0.005193562715686717,0.005193562715686717,0.007448662315918976,0.0017767451395771516,0.0034570098576124364
2020-05-01,Friday,0.0003865752943243983,0.0003865752943243983,0.0021085925144966535,0.00031628887717460863,0.0007030865499544348
2020-05-04,Monday,-0.0018507972665147143,0.0018507972665147143,0.0024202733485193867,0.0006762528473803764,0.0011753392456458345
2020-05-05,Tuesday,-0.0007674061671550936,0.0007674061671550936,0.0017092228268452947,0.0004185851820845965,0.00034896705750986357
2020-05-06,Wednesday,0.0006612145467199682,0.0006612145467199682,0.002749260483730713,0.0012180267965895553,0.0021608810818347646
2020-05-07,Thursday,0.00041689827682045433,0.00041689827682045433,0.0025013896609226323,0.0009032795997778731,0.0004852485145773189
2020-05-08,Friday,0.0019259870683725477,0.0019259870683725477,0.004436648782501103,0.0022699133305819075,0.0004460456338994945
2020-05-11,Monday,-0.00037945427575980517,0.00037945427575980517,0.0028634999482562897,0.0016213046327916425,0.001174682144831296
2020-05-12,Tuesday,0.0009199318568995363,0.0009199318568995363,0.0025212947189097415,0.0005792163543441031,0.0003064560065375588
2020-05-13,Wednesday,-0.002121960552405544,0.002121960552405544,0.0033394789021462395,0.0019480293595853793,0.0003136434918974418
2020-05-14,Thursday,-0.002467546400600762,0.002467546400600762,0.006294031398633877,0.004756285091013113,0.0024077334962446795
2020-05-15,Friday,-0.0003540324293703767,0.0003540324293703767,0.0035757275366423247,0.0018409686327266472,0.0016673170385612668
2020-05-18,Monday,0.001978846809962409,0.001978846809962409,0.0032753326509722945,0.0006823609689525778,0.0011590645667145516
2020-05-19,Tuesday,0.0015640406650572203,0.0015640406650572203,0.002550066301723845,0.0013260344768963872,0.00023769100169768187
2020-05-20,Wednesday,-0.0007436452136289073,0.0007436452136289073,0.0016224986479176629,0.0001352082206597105,0.00020292207792205197
2020-05-21,Thursday,0.0021636240703177823,0.0021636240703177823,0.003921568627450873,0.002535496957403627,0.0005225981557342996
2020-05-22,Friday,0.0001698600353308155,0.0001698600353308155,0.001562712325044094,0.00040766408479409044,0.0004413661981395034
2020-05-26,Tuesday,0.001627667695575541,0.001627667695575541,0.0024561054133891234,0.0008961465697501225,0.0007640523959542289
2020-05-27,Wednesday,-0.0027714540235572738,0.0027714540235572738,0.003530304530007566,0.0004982018542347699,0.003264740799366894
2020-05-28,Thursday,0.001940151266030865,0.001940151266030865,0.003551463334429411,0.0001315356790527744,0.0018742601604628817
2020-05-29,Friday,-0.0012210415154115806,0.0012210415154115806,0.002376080786746652,0.0003960134644578339,0.0005950529372565905
2020-06-01,Monday,-0.001216265080043355,0.001216265080043355,0.0040103875612240575,0.0009861608757106843,0.00019743336623889718
2020-06-02,Tuesday,-0.001076114938455608,0.001076114938455608,0.0023450446600728377,0.00022668765047373363,0.0012049369850523073
2020-06-03,Wednesday,0.000677643260694083,0.000677643260694083,0.0015819209039548317,9.685230024203406e-05,0.0005807347149591191
2020-06-04,Thursday,-0.0018006430868167111,0.0018006430868167111,0.004565916398713695,0.0035048231511253247,0.0017424975798645548
2020-06-05,Friday,0.007902619335925065,0.007902619335925065,0.0094640239627813,0.007297176725511445,0.0005377534558568264
2020-06-08,Monday,-0.0008407286314805473,0.0008407286314805473,0.001432352483263209,0.0005916238517826855,0.00024925224327010387
2020-06-09,Tuesday,-0.0018093901107471,0.0018093901107471,0.0031508345031976007,0.0016846045858680547,6.25019531860227e-05
2020-06-10,Wednesday,0.0005905022376926361,0.0005905022376926361,0.0018336648433616106,0.0004972650422674363,0.0009326908129956291
2020-06-11,Thursday,-0.0011889842218580915,0.0011889842218580915,0.003566952665573948,0.0020566213567273506,0.0009983575408198941
2020-06-12,Friday,0.003102040816326479,0.003102040816326479,0.004734693877551169,0.00404897959183681,0.0007156333355019528
2020-06-15,Monday,0.0009065878718688136,0.0009065878718688136,0.002854072929957578,0.0003021959572895305,0.0006713887676659258
2020-06-16,Tuesday,0.008257085471992776,0.008257085471992776,0.010616252749705053,0.006663053527592666,0.0016152019002375617
2020-06-17,Wednesday,-0.0018115366279993772,0.0018115366279993772,0.003082790402034093,0.0006038455426664591,0.001271940981938502
2020-06-18,Thursday,0.0001289698532969119,0.0001289698532969119,0.004352732548766799,0.00041915202321463063,0.0006765463917525194
2020-06-19,Friday,0.00143682748491325,0.00143682748491325,0.010153580893387242,0.0008940259906127235,0.0003189385724309268
2020-06-22,Monday,-0.0012312078797304116,0.0012312078797304116,0.002494815966822313,0.0020736132711248745,0.0008441558441558694
2020-06-23,Tuesday,-0.0006043064788016084,0.0006043064788016084,0.0011768073534556933,0.00012722241658991162,0.0004453492810789772
2020-06-24,Wednesday,0.0010640355968274395,0.0010640355968274395,0.002998645772876604,0.0011607661056297625,0.0022273871779974197
2020-06-25,Thursday,0.000528488852188369,0.000528488852188369,0.005846407927332911,0.0005615194054500172,0.0001981178801386818
2020-06-26,Friday,-0.002119334854907007,0.002119334854907007,0.0036517769807629754,0.00045647212259536385,0.0015984863313107667
2020-06-29,Monday,-0.0014574362371646554,0.0014574362371646554,0.0030142431268632827,0.0013911891354752015,3.317299718030853e-05
2020-06-30,Tuesday,-0.00013154000460380288,0.00013154000460380288,0.0016771350586996972,0.00046039001611364316,0.00019737491364857362
2020-07-01,Wednesday,0.005946964773170471,0.005946964773170471,0.006239438450539318,0.0012998830105290793,0.004641048941970594
2020-07-02,Thursday,0.006428091720234175,0.006428091720234175,0.006843838945920836,0.0036777639195368916,0.002644406920062403
2020-07-06,Monday,0.00022081322355749222,0.00022081322355749222,0.0010409766253429988,0.0002839027160025376,0.0005680025244556575
2020-07-07,Tuesday,0.0009205472494684397,0.0009205472494684397,0.0019998095419483716,0.00031743008602347356,0.001238370431524416
2020-07-08,Wednesday,0.00012730744748568057,0.00012730744748568057,0.0018777848504138506,0.0010821133036281738,0.0012107308991269328
2020-07-09,Thursday,0.0005365653505033929,0.0005365653505033929,0.0013256320424202756,0.0009153173626235134,0.00037840565085778266
2020-07-10,Friday,0.004610951008645614,0.004610951008645614,0.006884406019852633,0.0037143772014087695,0.0009251874302123042
2020-07-13,Monday,-0.0001249843769529635,0.0001249843769529635,0.0010623672040994093,0.0003437070366204553,0.00021870215890273936
2020-07-14,Tuesday,-0.006144879794748315,0.006144879794748315,0.006493300814038236,0.002660669601849741,0.003430204859456998
2020-07-15,Wednesday,0.0015491386788946127,0.0015491386788946127,0.0020138802825628247,0.0007435865658693697,0.001021893289567366
2020-07-16,Thursday,-0.0010937500000001155,0.0010937500000001155,0.00234375,0.0014374999999999805,0.00034424485197459553
2020-07-17,Friday,-0.000963900376232063,0.000963900376232063,0.0018345200708932401,0.00024874848418909856,0.0006842498133863284
2020-07-20,Monday,0.0021195025402862555,0.0021195025402862555,0.0028675622603869934,0.0004363681700589872,0.0017760329033464917
2020-07-21,Tuesday,-0.0006118078923217363,0.0006118078923217363,0.0009177118384827513,6.118078923234016e-05,0.0007340796476418276
2020-07-22,Wednesday,0.00036958329483516295,0.00036958329483516295,0.0014783331793401747,0.0003387846869321587,0.0005236569738789054
2020-07-23,Thursday,-0.003329362533980751,0.003329362533980751,0.004001343962857761,0.001038516753718688,0.0023847376788552754
2020-07-24,Friday,-0.0008698893997762802,0.0008698893997762802,0.001242699142537521,0.0003106747856345127,0.0005593884020136386
2020-07-27,Monday,-0.001489619216087923,0.001489619216087923,0.0025757998944854325,0.0018620240201099314,0.0004042037186742231
2020-07-28,Tuesday,0.0010554417334078803,0.0010554417334078803,0.001458992984416798,0.00046563605885641124,0.0005274425242778324
2020-07-29,Wednesday,-0.00031014483763924794,0.00031014483763924794,0.001457680736904219,0.0007133331265701814,0.00037242791967972977
2020-07-30,Thursday,-0.00430673896204492,0.00430673896204492,0.0051432997676219,0.0003718048024786702,0.0036272606043655786
2020-07-31,Friday,-0.0007979866183782658,0.0007979866183782658,0.0042661592290221175,0.0003072248480756601,0.0007366482504603811
2020-08-03,Monday,9.134366531671212e-05,9.134366531671212e-05,0.0010047803184848646,9.134366531671212e-05,0.0
2020-08-04,Tuesday,-0.0001221001221002327,0.0001221001221002327,0.0013125763125763333,0.0003052503052504152,0.00018320610687028172
2020-08-05,Wednesday,-0.00033157498116054285,0.00033157498116054285,0.001446872645064109,0.00048229088168816325,0.0008134735319816899
2020-08-06,Thursday,0.002750823735679253,0.002750823735679253,0.0032344850518424267,0.002901967896980162,0.00021097682268900186
2020-08-07,Friday,-0.0008691742844296746,0.0008691742844296746,0.0040161846246067195,0.0005095159598380583,0.0003898167861104973
2020-08-10,Monday,0.0005077658303465071,0.0005077658303465071,0.001045400238948524,0.0002688172043010528,0.00020901761719938072
2020-08-11,Tuesday,-0.00020759809009751606,0.00020759809009751606,0.0016904415907944873,0.00038553931018125986,0.0004151100041510647
2020-08-12,Wednesday,0.0008053210844991554,0.0008053210844991554,0.002445789960330629,0.0007754943776656642,8.940012516012175e-05
2020-08-13,Thursday,0.0013363028953228273,0.0013363028953228273,0.002167780252412823,0.0020489977728284092,0.0006223881924070085
2020-08-14,Friday,-0.0006535171102660664,0.0006535171102660664,0.002317015209125563,0.0002376425855512565,0.0005644514423219782
2020-08-17,Monday,0.0011557610241821337,0.0011557610241821337,0.0015113798008534582,0.0009186818397344254,0.000236861584011816
2020-08-18,Tuesday,2.9535117254342325e-05,2.9535117254342325e-05,0.0006497725795972216,0.0001476755862721557,5.906500103369794e-05
2020-08-19,Wednesday,0.000472338666823946,0.000472338666823946,0.0007675503335891566,5.904233335285447e-05,0.0006194451448549021
2020-08-20,Thursday,-0.00038689324722473994,0.00038689324722473994,0.0013690068747955013,0.0001785661141037176,0.00017860332202179752
2020-08-21,Friday,0.0010698365527488374,0.0010698365527488374,0.0020505200594353574,0.0010995542347695952,5.936832106379075e-05
2020-08-24,Monday,0.0,0.0,0.0007891275756248391,0.0,0.0
2020-08-25,Tuesday,-0.0005228150686921174,0.0005228150686921174,0.0009004037294141632,0.00031949809753406555,0.00020338195130453762
2020-08-26,Wednesday,-0.00020317534031866202,0.00020317534031866202,0.0006095260209561908,0.0004353757292542282,0.00017421602787459634
2020-08-27,Thursday,-0.0003739393067740959,0.0003739393067740959,0.0016108154753343947,0.0005171868258305734,8.633341966657326e-05
2020-08-28,Friday,-0.001429143085805773,0.001429143085805773,0.0016006402561024474,0.0006288229577545712,0.0007436645500829009
2020-08-31,Monday,-8.552369006209481e-05,8.552369006209481e-05,0.0010262842807458056,0.0005125719824390362,0.0006268342023535434
2020-09-01,Tuesday,-0.0011689903914693378,0.0011689903914693378,0.0020528611752631005,0.00031363156844288476,0.0013113632476194903
2020-09-02,Wednesday,-0.00039453290122604123,0.00039453290122604123,0.0007890658024518234,8.454276454838983e-05,0.00022548549846401755
2020-09-03,Thursday,-0.00014031542908443662,0.00014031542908443662,0.0021047314362687324,0.00039288320143704425,0.0004769118554674989
2020-09-04,Friday,0.001705448764272477,0.001705448764272477,0.007197571903454283,0.0024280965457437187,0.0006632638348184061
2020-09-08,Tuesday,0.0002965071458223001,0.0002965071458223001,0.004180750756093128,0.001245330012453305,0.0015437596484979554
2020-09-09,Wednesday,-0.0007722925206441467,0.0007722925206441467,0.0024950989128498537,0.00029703558486315895,0.000505095522476795
2020-09-10,Thursday,0.0033564951124720466,0.0033564951124720466,0.005800259097868412,0.002031562831233069,0.001263405318054689
2020-09-11,Friday,-0.001784386617100453,0.001784386617100453,0.0029962825278811896,0.0007434944237918462,0.0010416666666667185
2020-09-14,Monday,0.00041528239202648365,0.00041528239202648365,0.0015128144280967932,0.0007415757000475143,0.0002667852378835933
2020-09-15,Tuesday,0.0013790675156244436,0.0013790675156244436,0.0025820838590416813,0.0018191954461430626,0.0005271481286241997
2020-09-16,Wednesday,-0.0010513097567386165,0.0010513097567386165,0.0020442134158805848,0.0015477615863096483,0.0004679594045216007
2020-09-17,Thursday,-0.0030798444976076755,0.0030798444976076755,0.003947368421052612,0.001315789473684159,0.0017663792070906625
2020-09-18,Friday,0.002148612354520907,0.002148612354520907,0.0022978215458071675,0.0012533572068038623,0.0008046490835940112
2020-09-21,Monday,0.0011984880612150306,0.0011984880612150306,0.003134507237024006,0.0018438277864848418,0.002800948013173876
2020-09-22,Tuesday,0.0010385484757775565,0.0010385484757775565,0.0022603702119859256,0.0019549147779338583,0.0009450355150442125
2020-09-23,Wednesday,-0.0008155805806605576,0.0008155805806605576,0.0023569946384416444,0.00039253026094032695,0.0004232164449817777
2020-09-24,Thursday,-0.0031084861672365793,0.0031084861672365793,0.005253341622629772,0.004258626049114089,0.0010300589942877636
2020-09-25,Friday,0.0011155526633819246,0.0011155526633819246,0.002602956214557885,0.00015493786991405134,0.0012086277426552883
2020-09-28,Monday,-0.00020995800839829215,0.00020995800839829215,0.0010797840431914028,5.998800239970237e-05,0.00026992981824736084
2020-09-29,Tuesday,0.0004489270643162069,0.0004489270643162069,0.001047496483404731,0.00011971388381770698,0.0005687090305006581
2020-09-30,Wednesday,0.0018958772193800044,0.0018958772193800044,0.003520914835991622,0.0022870899789346755,0.00036030626032124147
2020-10-01,Thursday,-0.001655727041570576,0.001655727041570576,0.004139317603926371,0.0001182662172550808,0.001449061067573476
2020-10-02,Friday,-0.0032773083977268858,0.0032773083977268858,0.005261733666075349,0.003126973150124668,0.00012064909211562114
2020-10-05,Monday,0.0003274394237067213,0.0003274394237067213,0.0009525510507830268,0.00011906888134793903,0.00017857674335552964
2020-10-06,Tuesday,0.0005887547836325169,0.0005887547836325169,0.0014718869590815426,0.0003532528701795101,0.0002059853456140015
2020-10-07,Wednesday,0.00035516618817887924,0.00035516618817887924,0.0018350253055909212,0.0009767070174919734,0.0006209343583677418
2020-10-08,Thursday,-0.000262482501166561,0.000262482501166561,0.0015748950069995932,0.0003791413905739338,0.0003209991829111747
2020-10-09,Friday,0.0011292891269725214,0.0011292891269725214,0.0017952801505718965,8.686839438243332e-05,0.0010423301870403634
2020-10-12,Monday,0.0,0.0,0.0009154627378057307,0.0006865970533542765,0.0005718370264474748
2020-10-13,Tuesday,-0.001021218654260636,0.001021218654260636,0.002269374787246146,0.0007091796210143553,0.00025550035486154865
2020-10-14,Wednesday,0.001997944970887122,0.001997944970887122,0.002740038817216681,2.8542071012660486e-05,0.0018549698924117397
2020-10-15,Thursday,-0.0006394047722846352,0.0006394047722846352,0.0023832359694249718,0.0009300433051413481,0.00026181056551100035
2020-10-16,Friday,0.0017797680560340812,0.0017797680560340812,0.0018371799288092385,0.0016649443104832518,0.00011463288817559203
2020-10-19,Monday,-0.0006595549437945492,0.0006595549437945492,0.0012904335856847573,0.0009749942647396814,0.00020090695138041959
2020-10-20,Tuesday,0.000524383848977461,0.000524383848977461,0.0017188137272039616,0.0009031055176833558,0.0003201862902052488
2020-10-21,Wednesday,-0.00022677657907388404,0.00022677657907388404,0.0012808946699934928,0.00023318105242364773,0.0003434725658564286
2020-10-22,Thursday,-0.0006129597197899184,0.0006129597197899184,0.002276707530648072,0.0003210741389374494,0.0007879530730170448
2020-10-23,Friday,0.000115616961008147,0.000115616961008147,0.0008093187270573446,0.00031794664277229323,5.779845678111073e-05
2020-10-26,Monday,-0.0004973377801182899,0.0004973377801182899,0.0012872271956000168,0.0005558481071908927,2.927057721580084e-05
2020-10-27,Tuesday,-0.0019379844961241455,0.0019379844961241455,0.002437162320883371,0.000675358233497847,0.0012928248222365823
2020-10-28,Wednesday,-0.004202185136270908,0.004202185136270908,0.010145275543282492,0.0033017168927843565,0.0010237880156580559
2020-10-29,Thursday,0.002512562814070307,0.002512562814070307,0.004534869469297763,0.0013482044368182677,0.0010096374483707926
2020-10-30,Friday,0.002965453989605571,0.002965453989605571,0.004708040354631673,0.0022623051054722065,0.0006710385847186195
2020-11-02,Monday,-0.000756887677868634,0.000756887677868634,0.0017559794126552858,0.00039358159249158753,0.0010593220338982468
2020-11-03,Tuesday,-0.0008982842770308697,0.0008982842770308697,0.002335539120280353,0.00032937090157802995,0.0006289684916735983
2020-11-04,Wednesday,-0.0041703120443276065,0.0041703120443276065,0.005191017789443073,0.00317876932050154,0.0007608345770052649
2020-11-05,Thursday,-0.000600686498855918,0.000600686498855918,0.00151601830663624,0.00017162471395870682,0.000800754997569264
2020-11-06,Friday,0.006817005119944541,0.006817005119944541,0.007593625956394138,0.004141977794396734,0.002577836336035144
2020-11-09,Monday,0.0004382721121978239,0.0004382721121978239,0.005204481332347159,0.002218752568000637,0.0017765387558761336
2020-11-10,Tuesday,-0.0013565069944891928,0.0013565069944891928,0.003221704111911788,0.002515190052282179,0.001218337394458091
2020-11-11,Wednesday,-0.0012048192771082489,0.0012048192771082489,0.002073409918744772,0.0008405715886802279,0.000364554122265881
2020-11-12,Thursday,0.0013791550564326016,0.0013791550564326016,0.0021109516169889385,0.001238706408849044,0.00013774453168258205
2020-11-13,Friday,-5.6222415877327236e-05,5.6222415877327236e-05,0.0008995586540353447,0.0003373344952632973,0.00030933633295826546
2020-11-16,Monday,-0.0011889948845567044,0.0011889948845567044,0.0019079220240564019,0.0014102032351720473,0.0002769162605229525
2020-11-17,Tuesday,-0.00036117130632884464,0.00036117130632884464,0.0019169861643607204,0.001250208368061334,0.0008066310636405394
2020-11-18,Wednesday,0.00011014252110119749,0.00011014252110119749,0.0011069600110695371,0.0003044140030441511,0.0006639900318428094
2020-11-19,Thursday,0.0005059590735327912,0.0005059590735327912,0.0020238362941307915,0.000899201709017361,0.0013785342523562338
2020-11-20,Friday,-0.0014263340418391168,0.0014263340418391168,0.0014822687101466315,0.0008669873587650034,0.0006717232500209613
2020-11-23,Monday,-0.001231148045552466,0.001231148045552466,0.005316321105794727,0.0008953803967653995,0.0002520725969079596
2020-11-24,Tuesday,-0.00024974331936633565,0.00024974331936633565,0.0008879762466353835,0.00011099703082950718,0.0003052248952524206
2020-11-25,Wednesday,0.00022047678103898072,0.00022047678103898072,0.00217720821276015,0.00038583436681816075,0.00016529380974683594
2020-11-27,Friday,0.0005774942250578174,0.0005774942250578174,0.0013474865251347737,0.001099989000109991,0.00046700730729065665
2020-11-30,Monday,0.0006619046305744725,0.0006619046305744725,0.0011031743842907342,0.0005736506798312835,0.00011025662228836275
2020-12-01,Tuesday,0.0009302325581395099,0.0009302325581395099,0.0013679890560875513,0.0002735978112176074,0.0006564551422318932
2020-12-02,Wednesday,0.0002192802127019,0.0002192802127019,0.0007674807444562474,0.00013705013293874302,2.740476842988393e-05
2020-12-03,Thursday,-0.0004633920296571725,0.0004633920296571725,0.0013901760889712448,0.0007632339312000358,0.0003273590310173269
2020-12-04,Friday,-0.0004897292885321924,0.0004897292885321924,0.0034281050197251827,0.0001360359134812139,0.0006256800870512169
2020-12-07,Monday,0.0006780764327753985,0.0006780764327753985,0.0010577992351297467,0.0001356152865550353,0.0006509357200976673
2020-12-08,Tuesday,-0.0003806623524933439,0.0003806623524933439,0.000734134536951389,0.00027190168035229334,5.4404004134589456e-05
2020-12-09,Wednesday,0.00021578464692240118,0.00021578464692240118,0.00040459621297938517,8.091924259590044e-05,8.090833086105143e-05
2020-12-10,Thursday,-0.00370956303529546,0.00370956303529546,0.003900496426817977,0.0014729147346026483,0.0022399475524474965
2020-12-11,Friday,0.0010159253157606685,0.0010159253157606685,0.0015925315760570678,0.0001372872048326368,0.0008235649380954335
2020-12-14,Monday,-0.0001355711613025834,0.0001355711613025834,0.0007863127355549483,0.0005965131097314114,0.0004069341580532626
2020-12-15,Tuesday,0.0003813155386083178,0.0003813155386083178,0.0009527441100366588,0.0002451314176767916,8.168599901980933e-05
2020-12-16,Wednesday,-8.106574431854252e-05,8.106574431854252e-05,0.0012430080795524617,0.00010808765909153806,0.00021614611477349666
2020-12-17,Thursday,-0.0006722237160526889,0.0006722237160526889,0.0010755579456842627,0.0003769830599623658,0.0003227802135729041
2020-12-18,Friday,0.00040460712648004993,0.00040460712648004993,0.0012138213794405325,0.0008901356782564651,0.0005120327700972593
2020-12-21,Monday,0.002339342232007713,0.002339342232007713,0.0034402091647172148,0.0016788220723817915,0.0005494505494505475
2020-12-22,Tuesday,-0.0008407691681809881,0.0008407691681809881,0.0011933497870955433,0.00021697268856279983,0.0006781500067815083
2020-12-23,Wednesday,0.0007882362534314957,0.0007882362534314957,0.0018210975510315453,0.0006795140115789522,0.00013581420616604056
2020-12-24,Thursday,-5.43212559074302e-05,5.43212559074302e-05,0.0005975338149818765,2.71606279537151e-05,5.43212559074302e-05
2020-12-28,Monday,0.00034983853606029847,0.00034983853606029847,0.0006727664155005382,0.00032292787944032675,8.071025020184308e-05
2020-12-29,Tuesday,0.0004016171785052869,0.0004016171785052869,0.0006425874856087421,5.3548957134053055e-05,0.0004819793284420726
2020-12-30,Wednesday,-0.0013147303461229498,0.0013147303461229498,0.0013683928092299194,0.0003756372417493825,0.0010735084941360107
2020-12-31,Thursday,0.0003767694709080338,0.0003767694709080338,0.0005651542063619666,0.00026912105064869074,0.00013452794145352165
2021-01-04,Monday,-0.0003992228461928704,0.0003992228461928704,0.0009581348308626237,0.00026614856412843224,0.0007449582291279011
2021-01-05,Tuesday,-0.0020394289598911763,0.0020394289598911763,0.004949014276002701,0.0006254248810333429,0.0026631882167509335
2021-01-06,Wednesday,-0.0030760928224502493,0.0030760928224502493,0.003912574203993493,0.0004587155963303724,0.0025377969762419017
2021-01-07,Thursday,-0.0010112299749853726,0.0010112299749853726,0.0016499015381338756,0.00021289052104955797,0.0008516980730332024
2021-01-08,Friday,-0.0002630540576087359,0.0002630540576087359,0.0028144153623570127,0.0016046297514138441,0.001838476690741886
2021-01-11,Monday,-0.0013213181469834412,0.0013213181469834412,0.001956079384794312,0.000634232710552074,0.0006875214850463607
2021-01-12,Tuesday,-0.0018189007512851019,0.0018189007512851019,0.0034796362198497247,0.00023724792408075235,0.0014767153631137786
2021-01-13,Wednesday,0.0007141912445443044,0.0007141912445443044,0.0008199973548472484,0.0005816690913900135,0.00021150592216567787
2021-01-14,Thursday,0.00013144058885394827,0.00013144058885394827,0.0013669821240798682,0.00013144058885394827,5.257208947773151e-05
2021-01-15,Friday,-0.0011136152724379178,0.0011136152724379178,0.0020681426488133973,0.00015908789606255969,0.0009546792542892701
2021-01-19,Tuesday,-0.0004493550433496418,0.0004493550433496418,0.007136815394375102,0.0001316345950517217,0.0005286110744021633
2021-01-20,Wednesday,0.0005257070760171789,0.0005257070760171789,0.0008937020292292477,0.00018399747660602372,0.00023649980291673423
2021-01-21,Thursday,-0.002259916357118752,0.002259916357118752,0.0030391978595735144,0.00122087435384588,0.0010922708831788697
2021-01-22,Friday,0.0004717722912408462,0.0004717722912408462,0.001310478586779892,0.0008649158672746626,0.0003928038337653872
2021-01-25,Monday,0.0003915324580407997,0.0003915324580407997,0.002218683928897765,0.000522043277387696,0.000992478061011326
2021-01-26,Tuesday,0.0008057389405833337,0.0008057389405833337,0.0011176378853251724,0.0003898736809273551,0.000441176241334329
2021-01-27,Wednesday,0.0005266622778143937,0.0005266622778143937,0.0027649769585253755,0.0003423304805793004,0.000895656068069739
2021-01-28,Thursday,0.007528869597835053,0.007528869597835053,0.008520215416767158,0.0036438657128310403,0.0038708988494087215
2021-01-29,Friday,0.004352738144923318,0.004352738144923318,0.006915889697166741,0.0052606155569066,0.0008765871540136194
2021-02-01,Monday,0.0003750535790827403,0.0003750535790827403,0.001527003857693938,0.0008304757822545916,0.0005888020554544182
2021-02-02,Tuesday,0.0009756097560975618,0.0009756097560975618,0.0016084377059987175,0.0006591957811470373,0.0003162055335967917
2021-02-03,Wednesday,0.0006008987355001771,0.0006008987355001771,0.0009666631831957482,7.837809593480571e-05,0.0005486180051206269
2021-02-04,Thursday,2.611579744593584e-05,2.611579744593584e-05,0.0009924003029432385,0.00015669478467528197,0.00015671524839366846
2021-02-05,Friday,0.0,0.0,0.0015997935750225894,0.00036124371048895654,0.00043846074486741937
2021-02-08,Monday,0.0001027854866892941,0.0001027854866892941,0.0005910165484632576,0.00025696371672312424,0.00015413862200075457
2021-02-09,Tuesday,0.00017955623957921496,0.00017955623957921496,0.0008208285237911842,5.130178273704544e-05,0.00015390140050275392
2021-02-10,Wednesday,0.0014557527774230472,0.0014557527774230472,0.0024517941514493155,0.0020431617928744483,0.00048431087660272265
2021-02-11,Thursday,-0.00043444927165858793,0.00043444927165858793,0.0008433427038077794,0.00017889087656519642,0.000613230446891766
2021-02-12,Friday,-0.0011278291851434252,0.0011278291851434252,0.0014866839258709686,5.126496296092853e-05,0.0011022249564236475
2021-02-16,Tuesday,-0.0016217311980538662,0.0016217311980538662,0.001875126697749871,0.0014950334482058958,0.00012688745083111463
2021-02-17,Wednesday,-0.00252338592511403,0.00252338592511403,0.003925266994621927,0.0008666173884229744,0.0015563209593060234
2021-02-18,Thursday,-0.0021500422329723268,0.0021500422329723268,0.003122680385983842,0.0016125316747293006,0.0005127547750287675
2021-02-19,Friday,0.0005606952621248773,0.0005606952621248773,0.0012488212656421467,5.09722965567061e-05,0.0005096969851423605
2021-02-22,Monday,0.001551109042965848,0.001551109042965848,0.0022491081123003063,0.0013959981386693077,0.00015489467162321802
2021-02-23,Tuesday,-0.00023362666459003645,0.00023362666459003645,0.0018170962801442997,0.0009604651766477179,0.000779544745868499
2021-02-24,Wednesday,-0.0049694878595154535,0.0049694878595154535,0.006385663156268553,0.0007724592527744711,0.0038665773057688924
2021-02-25,Thursday,0.0007428088419865198,0.0007428088419865198,0.0024589534079556864,0.0011218974923796754,0.00038377894332874973
2021-02-26,Friday,0.004628419015741736,0.004628419015741736,0.004837613095549455,0.004000836776319128,0.00026035564581228243
2021-03-01,Monday,0.0013006269021669237,0.0013006269021669237,0.0021070155815102938,0.0005514658065186584,0.0006498908183425467
2021-03-02,Tuesday,2.569835273558141e-05,2.569835273558141e-05,0.0016446945750777024,0.0011050291676303337,0.0011319783895034075
2021-03-03,Wednesday,-0.004258943781942137,0.004258943781942137,0.00593670951422232,0.004517061586908233,0.00033710196037750606
2021-03-04,Thursday,0.0007346767422333755,0.0007346767422333755,0.0026763224181359725,0.0012856842989084072,0.000497916612070548
2021-03-05,Friday,0.003122767089210665,0.003122767089210665,0.010797364172863791,0.0019318813348505603,0.0013208294809139431
2021-03-08,Monday,0.002140209844965213,0.002140209844965213,0.0030563240590908,0.00010440048024218385,0.0019571514313301286
2021-03-09,Tuesday,0.0009605649160155938,0.0009605649160155938,0.002102858329655501,0.00023365092551719258,0.0008306510227391595
2021-03-10,Wednesday,0.004726850058117016,0.004726850058117016,0.005062637220715432,0.0029704248999096183,0.0016996291718172074
2021-03-11,Thursday,-0.0006375761903547605,0.0006375761903547605,0.001581188952079785,5.100609522845634e-05,0.0005356186395285567
2021-03-12,Friday,-0.0011466721027417748,0.0011466721027417748,0.0019111201712363674,0.00028029762511472267,0.0008411500815660444
2021-03-15,Monday,-0.00020309723280020897,0.00020309723280020897,0.001015486164001102,0.0004061944656003069,0.00012697767732428034
2021-03-16,Tuesday,-0.00035264483627195364,0.00035264483627195364,0.0015113350125943725,0.00037783375314859313,0.00022672880715446375
2021-03-17,Wednesday,0.00035469977197877256,0.00035469977197877256,0.0007600709399544246,0.00017734988598938628,0.00020265477758640849
2021-03-18,Thursday,0.00032949764282452776,0.00032949764282452776,0.0013433365438231173,0.00027880569777449793,2.5338265849050856e-05
2021-03-19,Friday,0.000153405604418122,0.000153405604418122,0.0012016772346083741,0.00046021681325436603,0.0003577634672390362
2021-03-22,Monday,-0.0001793584093471301,0.0001793584093471301,0.0009736599364558663,0.00043558470841431607,0.00033326497128793875
2021-03-23,Tuesday,0.0009966522705782133,0.0009966522705782133,0.001431090439804764,0.00048554854207671916,0.0005108556832693623
2021-03-24,Wednesday,-0.0005879495897135323,0.0005879495897135323,0.0014059664101843386,0.00030675630767662554,0.00012787396741775758
2021-03-25,Thursday,-0.00033676139160165874,0.00033676139160165874,0.002642281687951814,0.0011398077869595458,0.0006742039207550121
2021-03-26,Friday,0.0014355661514009466,0.0014355661514009466,0.0023071598861802,0.0023069035350815614,0.0008440329428616167
2021-03-29,Monday,-0.0004312422312979791,0.0004312422312979791,0.001014687603054152,0.0006595469419852229,0.0001776785034393047
2021-03-30,Tuesday,-0.0002535947049424614,0.0002535947049424614,0.0011158167017472618,0.0006593462328506883,0.000380633373934236
2021-03-31,Wednesday,0.00010125300594854281,0.00010125300594854281,0.0007087710416402296,0.0005822047842043432,0.0005818071435799155
2021-04-01,Thursday,0.0004272000804141918,0.0004272000804141918,0.004699200884555472,0.000201035331959587,0.0005026262220100275
2021-04-05,Monday,0.0010424164205404818,0.0010424164205404818,0.0013402496835522087,0.0009679581047876695,7.438631291845077e-05
2021-04-06,Tuesday,-0.0005912495072920576,0.0005912495072920576,0.0020447378793850613,0.0006651556957036897,4.9302371444071014e-05
2021-04-07,Wednesday,-0.0009120489055413072,0.0009120489055413072,0.0011092486689015693,0.000221849733780366,0.0006164316007495341
2021-04-08,Thursday,-0.00036769211913223465,0.00036769211913223465,0.0012746660129917436,0.0004412305429587482,0.00012262415695896145
2021-04-09,Friday,-0.0017370030581039808,0.0017370030581039808,0.0023975535168196164,0.0007094801223241909,0.0010771641206424043
2021-04-12,Monday,2.4333860566994048e-05,2.4333860566994048e-05,0.00046258668937820325,7.300158170098214e-05,9.732360097325365e-05
2021-04-13,Tuesday,0.002873703180556353,0.002873703180556353,0.003653012517656227,0.0021674540938092512,0.0006074596039362667
2021-04-14,Wednesday,-0.0011374361704701297,0.0011374361704701297,0.0014036446358995207,0.00012100384792224084,0.000968194800793909
2021-04-15,Thursday,-0.00021745433458963959,0.00021745433458963959,0.0011114332656808243,9.664637092876571e-05,0.0001208196404406392
2021-04-16,Friday,0.0005520618309251546,0.0005520618309251546,0.0009361048437424664,0.00026402957131199667,0.0007922788821665971
2021-04-19,Monday,0.0005045893603727869,0.0005045893603727869,0.0009130664616271696,0.00019222451823730502,0.00036036901787417364
2021-04-20,Tuesday,0.0003869969040248833,0.0003869969040248833,0.004643962848297115,0.00019349845201244165,0.00012090436464751164
2021-04-21,Wednesday,-0.00024297203391876465,0.00024297203391876465,0.0012877517797702204,0.0005831328814053238,0.00036467956821950587
2021-04-22,Thursday,0.00038490221078202325,0.00038490221078202325,0.0010825374678245536,0.0008419735860858424,0.0005767982888316148
2021-04-23,Friday,2.4230088924603876e-05,2.4230088924603876e-05,0.0007511327566572225,0.0,7.269378952723393e-05
2021-04-26,Monday,0.00016795834633009932,0.00016795834633009932,0.0008637857811263134,0.0,0.0001919570016315486
2021-04-27,Tuesday,-0.0006458557588806535,0.0006458557588806535,0.0006697763425428287,0.0004066499222581399,0.00019145168238177135
2021-04-28,Wednesday,0.00033529721703295934,0.00033529721703295934,0.0005029458255495989,0.00011974900608313632,0.0002155224023565605
2021-04-29,Thursday,0.0004759638267490818,0.0004759638267490818,0.0007615421227986511,0.0005235602094242342,0.0
2021-04-30,Friday,-0.0003587915899250227,0.0003587915899250227,0.002368024493505894,0.0015308441170138742,0.0011738495077018296
2021-05-03,Monday,-0.0008110106624049651,0.0008110106624049651,0.0017174343439162925,0.00014311952865964095,0.0006918269001383592
2021-05-04,Tuesday,0.0008662592040040717,0.0008662592040040717,0.001227200539005705,0.000625631647336311,0.00019237243303038554
2021-05-05,Wednesday,0.00016784558206439648,0.00016784558206439648,0.0008871837909123716,0.0001198897014746958,9.590486237653906e-05
2021-05-06,Thursday,0.00019252984212569935,0.00019252984212569935,0.0014439738159415258,0.00012033115132847882,9.625565501969469e-05
2021-05-07,Friday,2.378856721452216e-05,2.378856721452216e-05,0.005281061921640524,0.00030925137378967626,0.00019026780193120985
2021-05-10,Monday,-0.00018926847733502505,0.00018926847733502505,0.0006624396706729193,0.00021292703700204196,2.3662478408015275e-05
2021-05-11,Tuesday,-0.0001211827435773083,0.0001211827435773083,0.0018177411536597187,0.0010421715947648291,0.0012105072025178076
2021-05-12,Wednesday,-0.0027861226863067357,0.0027861226863067357,0.008406822366508311,0.0015505378428142258,0.0012132683021522928
2021-05-13,Thursday,0.0007383706620724961,0.0007383706620724961,0.0032488309131183685,0.001993600787595362,0.0012527326766721414
2021-05-14,Friday,2.4213661347749493e-05,2.4213661347749493e-05,0.0028572120390324383,0.0009201191312138146,0.0009694619486184664
2021-05-17,Monday,0.00036162005785911333,0.00036162005785911333,0.0010848601735776004,0.0005303760848600625,0.0001445748295222371
2021-05-18,Tuesday,-0.0010808733456633135,0.0010808733456633135,0.0015852809069728942,0.0012490091994330488,0.00024051180912998404
2021-05-19,Wednesday,-0.0029422581831556327,0.0029422581831556327,0.003824935638102249,0.0011278656368763906,0.0018899415836238775
2021-05-20,Thursday,0.0021444585242225145,0.0021444585242225145,0.0025587289209474885,0.0009747538746465167,0.001144192613871553
2021-05-21,Friday,-0.0005518763796910076,0.0005518763796910076,0.0006718495057106554,0.0002639408772435736,0.0002880115204608735
2021-05-24,Monday,0.0006235759683415054,0.0006235759683415054,0.0007674781148818639,0.0005995922772514817,0.0
2021-05-25,Tuesday,-0.0003805899143671798,0.0003805899143671798,0.000880114176974321,2.378686964787935e-05,0.0004400309210917941
2021-05-26,Wednesday,-0.0012913001629611953,0.0012913001629611953,0.001743969961785205,7.623912401255595e-05,0.001143755808134972
2021-05-27,Thursday,0.001982894548234526,0.001982894548234526,0.0024845907592335125,0.0010750633092837525,0.0009546311543877639
2021-05-28,Friday,-0.0004277668195536988,0.0004277668195536988,0.0011644763421184178,0.00016635376315976558,0.0007127414411631783
2021-06-01,Tuesday,-0.0003789224393132562,0.0003789224393132562,0.0008762581409117929,0.0004973357015984892,0.00011847218273142168
2021-06-02,Wednesday,0.0005592308790631773,0.0005592308790631773,0.0006901147018229033,0.000285564704202379,0.00027358804777088963
2021-06-03,Thursday,0.0003832794346629864,0.0003832794346629864,0.0018205773146484391,0.0011737932686548547,0.0007656784629004321
2021-06-04,Friday,0.0027905645526749012,0.0027905645526749012,0.004817897774703608,0.0025282037827651926,0.0002141072915426978
2021-06-07,Monday,0.0008046575472144823,0.0008046575472144823,0.0010649879301367648,0.0008283239456619018,2.3647929623837882e-05
2021-06-08,Tuesday,-0.0004488860538190975,0.0004488860538190975,0.0008977721076381399,0.00011812790889964564,0.0003071761064247225
2021-06-09,Wednesday,0.00037843846827012584,0.00037843846827012584,0.0008278341493413343,0.0004967004896048177,4.7284677400338815e-05
2021-06-10,Thursday,0.0028224467530002517,0.0028224467530002517,0.0056448935060006535,0.0007589772781178006,0.002014408948715518
2021-06-11,Friday,0.00044799698191511084,0.00044799698191511084,0.0006837848671334409,0.0001886303081746199,0.0002357378595003734
2021-06-14,Monday,-0.000471186919851041,0.000471186919851041,0.0012957640295905655,9.4237383970186e-05,0.0004005371910562605
2021-06-15,Tuesday,-0.0004699689820472086,0.0004699689820472086,0.0007754488203779512,0.00028198138922830296,0.00021154072158879877
2021-06-16,Wednesday,0.00018855917222526664,0.00018855917222526664,0.00042425813750679247,0.00016498927569696953,2.3564897728367562e-05
2021-06-17,Thursday,0.0008563273073263211,0.0008563273073263211,0.0011655566127497837,0.00038058991436740186,0.000499346094400055
2021-06-18,Friday,0.0017473311312175,0.0017473311312175,0.0032313657906075516,0.0009095696299488143,0.002419161676646686
2021-06-21,Monday,0.001273212097917309,0.001273212097917309,0.0015855094049535758,0.00016816008840403462,0.0011529592621060125
2021-06-22,Tuesday,-0.0012105675425480023,0.0012105675425480023,0.0018989294785065189,0.0004035225141826304,0.0007836432286102424
2021-06-23,Wednesday,0.00011805817907073468,0.00011805817907073468,0.0005194559879109069,0.00014166981488472619,0.00021252479455924345
2021-06-24,Thursday,-0.000588553805588865,0.000588553805588865,0.0012241919156250176,0.00035313228335331903,0.00025904905447093896
2021-06-25,Friday,0.0011991253438667915,0.0011991253438667915,0.0016693705767558637,0.0011521008205779282,4.697040864254376e-05
2021-06-28,Monday,0.00046835116970722623,0.00046835116970722623,0.0008898672224433774,4.683511697090026e-05,0.000351222253442085
2021-06-29,Tuesday,0.0002573340195575202,0.0002573340195575202,0.00044448603378093325,0.0001169700088896608,0.00014034759420833431
2021-06-30,Wednesday,-4.6807713911189985e-05,4.6807713911189985e-05,0.00046807713911249915,7.021157086684049e-05,9.361104610350335e-05
2021-07-01,Thursday,-0.000256254809149592,0.000256254809149592,0.0006995126728379494,0.00025648798004063167,4.6410746769809386e-05
2021-07-02,Friday,0.0018334996634716827,0.0018334996634716827,0.002622600784459339,0.0021584236544665014,0.00020845396641566705
2021-07-06,Tuesday,0.000346020761245569,0.000346020761245569,0.00046136101499420675,0.00032295271049598284,2.306060326540127e-05
2021-07-07,Wednesday,-0.0007841870978158028,0.0007841870978158028,0.0011301519939110388,0.0005766081601586981,0.0002076986984214102
2021-07-08,Thursday,-0.0003032352872570643,0.0003032352872570643,0.00209932121947245,0.0004431900352219742,0.0005130597014926241
2021-07-09,Friday,-0.0004851341049275648,0.0004851341049275648,0.0008316584655901625,0.0004620324808833898,6.934331877128663e-05
2021-07-12,Monday,0.0009195825095407173,0.0009195825095407173,0.0011034990114487133,0.0005057703802473501,0.000367630164054944
2021-07-13,Tuesday,-0.004118993135011517,0.004118993135011517,0.004256292906178391,0.0016704805491991603,0.0024068767908309585
2021-07-14,Wednesday,0.002958579881656931,0.002958579881656931,0.0034172744369524543,0.0025686895096554974,0.00038889143066289655
2021-07-15,Thursday,-0.00029898804047834293,0.00029898804047834293,0.0012189512419502591,0.0004599816007360147,0.000758620689655154
2021-07-16,Friday,0.0003442814845417974,0.0003442814845417974,0.0008951318598085482,0.0005967545732057378,0.00025232251404982975
2021-07-19,Monday,0.0005161532505923994,0.0005161532505923994,0.0019473054454167563,0.00021115360251511284,0.00030493525989871983
2021-07-20,Tuesday,-0.00114850928183019,0.00114850928183019,0.00187511719482457,0.0006094130883179671,0.0005159837699650893
2021-07-21,Wednesday,6.945087508114511e-05,6.945087508114511e-05,0.0015288452634504082,4.630058338750409e-05,0.00011575681807651783
2021-07-22,Thursday,-0.0015631105900740794,0.0015631105900740794,0.002045835919361852,0.0013102544652092707,0.0002531878653960762
2021-07-23,Friday,-0.0006398391261626113,0.0006398391261626113,0.0009140558945178978,0.0003884737551701489,0.00029717002697393635
2021-07-26,Monday,-0.0009109334790827761,0.0009109334790827761,0.001184213522807585,0.0008881601421055763,2.2793581327618107e-05
2021-07-27,Tuesday,0.00040899795501014857,0.00040899795501014857,0.00165871392865262,0.00020449897750496326,0.0002044571662236372
2021-07-28,Wednesday,-0.00020479213598201262,0.00020479213598201262,0.0006826404532732868,0.00018203745420630746,6.82733665597901e-05
2021-07-29,Thursday,4.548452389085966e-05,4.548452389085966e-05,0.0006822678583610892,0.00011371130972681609,0.00015921393804307904
2021-07-30,Friday,0.0011198976093613755,0.0011198976093613755,0.0015998537276591593,0.0008684920235864091,0.0002511874314943263
2021-08-02,Monday,-6.814774430974335e-05,6.814774430974335e-05,0.0005451819544773274,4.543182953986591e-05,2.2716946842304964e-05
2021-08-03,Tuesday,0.0011409794167314136,0.0011409794167314136,0.0014148144767468498,0.00036511341335399017,0.0008212428141254335
2021-08-04,Wednesday,-0.00013642254609946836,0.00013642254609946836,0.0014779109160774745,0.00018189672813262447,0.0004091560020912377
2021-08-05,Thursday,-0.0006588962352033212,0.0006588962352033212,0.001226910231068011,0.00029536727784973404,0.0003636363636364548
2021-08-06,Friday,0.00018108970731378626,0.00018108970731378626,0.0028068904633633093,6.790864024264209e-05,0.0002037305324158467
2021-08-09,Monday,0.0006111085962607898,0.0006111085962607898,0.0009277533837309159,9.053460685359838e-05,0.0004752421471891921
2021-08-10,Tuesday,2.2612156295176433e-05,2.2612156295176433e-05,0.00020350940665696225,4.5224312590352866e-05,6.783033372514957e-05
2021-08-11,Wednesday,0.002465003731427551,0.002465003731427551,0.002962527420339678,0.00275899500214849,0.00024808859018021767
2021-08-12,Thursday,-0.0003380815001803317,0.0003380815001803317,0.0007212405337179796,0.00013523260007208826,0.0004732501014108603
2021-08-13,Friday,0.00026941469657160155,0.00026941469657160155,0.00035921959542885914,2.245122471444816e-05,0.000291872474180499
2021-08-16,Monday,0.00011255177381608306,0.00011255177381608306,0.0006528002881325871,0.00024761390239502745,0.00013502869359738323
2021-08-17,Tuesday,0.000742056621168885,0.000742056621168885,0.0018438982707831917,0.0011693013424480814,0.00040429450608692186
2021-08-18,Wednesday,-0.00040595399188081416,0.00040595399188081416,0.001105096977898081,9.02119981958105e-05,0.0004961212339887888
2021-08-19,Thursday,-0.00142231194512632,0.00142231194512632,0.001812300704273865,0.00016035420155535718,0.001582641405569074
2021-08-20,Friday,0.0028970299739952132,0.0028970299739952132,0.0032391988685614285,0.0016652219535562285,0.001275364959347769
2021-08-23,Monday,-6.832375751897324e-05,6.832375751897324e-05,0.0003595987237841855,0.0001132735979920696,0.00011239491075842878
2021-08-24,Tuesday,-0.0001117043855142219,0.0001117043855142219,0.0006702263130850771,0.0004244766649538212,0.00033526295791319605
2021-08-25,Wednesday,0.0009156691084510893,0.0009156691084510893,0.0010273360728961488,0.0006253350008933456,0.0002678272514229363
2021-08-26,Thursday,-0.001024681457720833,0.001024681457720833,0.001715227657489171,0.0012474382963556518,0.0002230350611114318
2021-08-27,Friday,0.00046942060085841675,0.00046942060085841675,0.0007823676680972056,0.0005364806866952065,6.702412868642149e-05
2021-08-30,Monday,0.0005104531936614976,0.0005104531936614976,0.0006214212792401562,0.00015535531980992445,0.00035504271607678106
2021-08-31,Tuesday,0.0009968322885054448,0.0009968322885054448,0.0013291097180072719,0.0005759475444697681,0.0005535504727320895
2021-09-01,Wednesday,-0.0006397246977852822,0.0006397246977852822,0.0009044383658343444,0.00028677314038649815,0.0003971668762825509
2021-09-02,Thursday,0.0009279717189569769,0.0009279717189569769,0.0010605391073794993,0.0005744586831639698,0.0002870454194174865
2021-09-03,Friday,-0.0008152832558446788,0.0008152832558446788,0.004428971200669834,0.0016305665116894685,0.0009491645144912297
2021-09-07,Tuesday,-0.0005515719801434393,0.0005515719801434393,0.0009266409266409617,0.00013237727523440768,0.00041925020410860103
2021-09-08,Wednesday,0.0006874071445992502,0.0006874071445992502,0.0012417677450828263,0.0003991396323479446,0.0003103249545595155
2021-09-09,Thursday,0.0007327634062395116,0.0007327634062395116,0.0017763961363384286,8.881980681696433e-05,0.0009772565742713901
2021-09-10,Friday,0.0003106554830691888,0.0003106554830691888,0.0005103625793280108,0.0004881729019658998,0.00015525539512495357
2021-09-13,Monday,0.0006248465778491141,0.0006248465778491141,0.0011604293588627385,0.0002901073397156839,0.00037927803310866537
2021-09-14,Tuesday,0.003473000224064604,0.003473000224064604,0.005131077750392031,0.004212413174994323,0.000758606840848719
2021-09-15,Wednesday,0.0018246119883764678,0.0018246119883764678,0.0019147162840987676,0.0016669294708624438,0.00017991274231987653
2021-09-16,Thursday,0.0017459820029546158,0.0017459820029546158,0.0024622823118591705,0.0014549850024623279,0.0002458595024696919
2021-09-17,Friday,-4.489640155347363e-05,4.489640155347363e-05,0.0008979280310682587,0.00011224100388351754,8.979691530353051e-07
2021-09-20,Monday,0.0012222683455560546,0.0012222683455560546,0.0023061666897283336,4.6123333794501065e-05,0.0012453587325014226
2021-09-21,Tuesday,-0.0011902037079423167,0.0011902037079423167,0.003204394598306327,0.0007324330510416477,0.0019668831762876815
2021-09-22,Wednesday,0.00018340631376223548,0.00018340631376223548,0.0005960705197276207,0.00048144157362606244,0.0002978918423464094
2021-09-23,Thursday,-0.0013166258058657787,0.0013166258058657787,0.001884136929083774,0.00020430400435844653,0.0010898687616366365
2021-09-24,Friday,-0.0007027884833371578,0.0007027884833371578,0.0013148945817275921,0.0006574472908638107,2.2686025408336086e-05
2021-09-27,Monday,0.0011979296159843056,0.0011979296159843056,0.0024410641231380876,0.0013335442894921723,0.00015800284405120824
2021-09-28,Tuesday,-0.0003187686422732039,0.0003187686422732039,0.001935381042373512,0.001183997814157789,0.0008206250427409412
2021-09-29,Wednesday,-0.0004819608923162244,0.0004819608923162244,0.002042596162673245,0.0011016248967227193,0.0005973578403215551
2021-09-30,Thursday,-2.2943673282149746e-05,2.2943673282149746e-05,0.0014683950900538862,0.00036709877251350775,0.0005732761585911517
2021-10-01,Friday,-0.00247977936916266,0.00247977936916266,0.0034299752022063507,0.002989640547869099,0.0005113900511390934
2021-10-04,Monday,0.0014789822753218385,0.0014789822753218385,0.0029348554525917745,0.0008319275298684925,0.0006234126067883317
2021-10-05,Tuesday,0.000720276958107835,0.000720276958107835,0.0008829201421966019,0.0006738074769394586,2.3218556270077073e-05
2021-10-06,Wednesday,-0.0012110202845897478,0.0012110202845897478,0.002072707794778608,0.0002794662195206854,0.0015365632202639645
2021-10-07,Thursday,0.00020505342780974267,0.00020505342780974267,0.001480941423070737,0.000774646282837077,0.0006374066654525334
2021-10-08,Friday,0.0002958243258619486,0.0002958243258619486,0.005688929343497554,0.0009557401297076717,0.001093145069460233
2021-10-11,Monday,0.001260744985673412,0.001260744985673412,0.0020630372492836157,0.0013753581661890557,0.0001144557628476317
2021-10-12,Tuesday,-0.0016743119266054984,0.0016743119266054984,0.002339449541284362,0.0015366972477064422,2.2973718066476856e-05
2021-10-13,Wednesday,-0.00168105929763962,0.00168105929763962,0.004812895797351698,0.002533103051237773,0.0008311016714377395
2021-10-14,Thursday,9.111617312074216e-05,9.111617312074216e-05,0.0012984054669703717,6.83371298404456e-05,4.555186079346907e-05
2021-10-15,Friday,0.0007439430784472734,0.0007439430784472734,0.0025668738178870267,0.0016887327749257608,0.0009431968889788145
2021-10-18,Monday,-0.0012384598063499563,0.0012384598063499563,0.0022967800045034493,0.00020265705922084543,0.001373378962536087
2021-10-19,Tuesday,-0.0005121125757036049,0.0005121125757036049,0.0009128963306019954,0.00020039187744935738,0.00031178317707059033
2021-10-20,Wednesday,-0.00011093361732339435,0.00011093361732339435,0.0004215477458288909,0.0001553070642528187,4.438033950959763e-05
2021-10-21,Thursday,0.0006429014808904121,0.0006429014808904121,0.0014853241110224704,0.0013744790281102759,0.0007748162578589124
2021-10-22,Friday,-0.0011453239945375948,0.0011453239945375948,0.001365578608871866,0.000704814765869366,0.00041878815931584157
2021-10-25,Monday,-0.00024236014717871068,0.00024236014717871068,0.0004406548130521705,0.00013219644391559981,0.0003084379819343619
2021-10-26,Tuesday,2.187513671958463e-05,2.187513671958463e-05,0.0003062519140745575,0.0001312508203176188,0.00015314605758298683
2021-10-27,Wednesday,0.0005919235322489058,0.0005919235322489058,0.0010303854079887105,0.0005700004384618929,0.0
2021-10-28,Thursday,0.0,0.0,0.0012517293629356197,4.3920328524071905e-05,2.1960646521490546e-05
2021-10-29,Friday,-0.001095746312813617,0.001095746312813617,0.00254213144572774,0.0002191492625628344,0.0008110833442939169
2021-11-01,Monday,-0.0010197882312098505,0.0010197882312098505,0.0010631834750911497,0.0006943239021003356,0.00039080310037120647
2021-11-02,Tuesday,2.172449001758281e-05,2.172449001758281e-05,0.00041276531033433494,0.00017379592014066247,0.0001303271210738588
2021-11-03,Wednesday,-0.0004334539780239677,0.0004334539780239677,0.0005418174725298541,0.0003684358813202948,6.504206053259409e-05
2021-11-04,Thursday,-0.0002577984016499668,0.0002577984016499668,0.0006874624043997447,0.0005800464037123421,0.0003224350293415945
2021-11-05,Friday,0.0018588154858558692,0.0018588154858558692,0.0029271002478420743,0.0014315015810613119,0.0004907399504994192
2021-11-08,Monday,0.0006607272262244557,0.0006607272262244557,0.0008525512596444377,0.0003410205038576475,0.00040485829959524544
2021-11-09,Tuesday,0.0005759385665529138,0.0005759385665529138,0.000981228668941936,0.0007679180887372183,0.0002344515964022298
2021-11-10,Wednesday,-0.0009866374965146196,0.0009866374965146196,0.002080518199172141,0.0013298157561718593,0.00042958094378930944
2021-11-11,Thursday,0.0002363862981906717,0.0002363862981906717,0.0005802209137404518,0.0001719173077749936,0.0
2021-11-12,Friday,6.451335426449489e-05,6.451335426449489e-05,0.000451593479850285,8.601780568573414e-05,0.0001290350330114265
2021-11-15,Monday,-0.0005754966322790711,0.0005754966322790711,0.0007244863159689659,2.1314690084484056e-05,0.0005967986017861859
2021-11-16,Tuesday,-0.0006200290772256922,0.0006200290772256922,0.0018814675446848443,0.0004276062601556996,0.0002138900177528491
2021-11-17,Wednesday,-0.0003625506504584264,0.0003625506504584264,0.0013435700575815642,0.0004265301770099983,2.1334698754094106e-05
2021-11-18,Thursday,-2.131196453702966e-05,2.131196453702966e-05,0.0006393589361067545,4.2623929073837274e-05,2.131196453702966e-05
2021-11-19,Friday,0.0008323906686873439,0.0008323906686873439,0.0031374725204363165,0.0007897039677289275,4.2649379451531466e-05
2021-11-22,Monday,0.0009998723567203882,0.0009998723567203882,0.0012551589158830256,0.0004892992383951356,0.0004252333467991143
2021-11-23,Tuesday,-0.00014973262032080825,0.00014973262032080825,0.0048983957219251775,0.000171122994652384,0.00036355859709158445
2021-11-24,Wednesday,-0.002034566209067723,0.002034566209067723,0.003619386203499449,0.0007067440515708956,0.0013073576373260343
2021-11-26,Friday,-0.00012997140629067427,0.00012997140629067427,0.0014513473702452472,0.0007148427345983199,0.0005852897184106531
2021-11-29,Monday,0.0027230878952260174,0.0027230878952260174,0.0032417713038404186,0.001666270450173979,0.0011652245215028056
2021-11-30,Tuesday,0.0037138389366693225,0.0037138389366693225,0.004712883328989697,0.00043436712709588043,0.003256268316509381
2021-12-01,Wednesday,0.0007585609016038664,0.0007585609016038664,0.001842219332466456,0.001755526657997386,0.0009736045002163296
2021-12-02,Thursday,-0.0013274336283186638,0.0013274336283186638,0.0034070796460177444,0.0017699115044248481,0.0005763177727533542
2021-12-03,Friday,0.001746305472484888,0.001746305472484888,0.005871952151230049,0.0010259544650847996,0.000741435331574225
2021-12-06,Monday,0.0014727864239865163,0.0014727864239865163,0.002242152466367673,0.0005495471731293833,0.0009227321660039145
2021-12-07,Tuesday,-0.0010327244562060578,0.0010327244562060578,0.001506056498633767,8.606037135050482e-05,0.000989736859091539
2021-12-08,Wednesday,-0.0002558635394456221,0.0002558635394456221,0.0008102345415778154,0.00010660980810239806,0.0001279481383545944
2021-12-09,Thursday,0.0001709986320110879,0.0001709986320110879,0.0013893638850889923,0.00032040868673055556,0.00012821060729095723
2021-12-10,Friday,0.00421165152324976,0.00421165152324976,0.0053874933190806665,0.004767504008551526,0.0004894137674219534
2021-12-13,Monday,-0.0005088195386703243,0.0005088195386703243,0.0012296472184531548,0.0001272048846675533,0.0004028581727201219
2021-12-14,Tuesday,-0.003759398496240629,0.003759398496240629,0.00822771213748654,0.003587540279269663,0.00012936331687540825
2021-12-15,Wednesday,-0.0005393743257821049,0.0005393743257821049,0.0019417475728156076,0.0005825242718445756,6.476404300337357e-05
2021-12-16,Thursday,-0.0015408970976253933,0.0015408970976253933,0.0027651715039577886,0.0012242744063324373,0.00031701079950130495
2021-12-17,Friday,0.0005626731301939802,0.0005626731301939802,0.0013634002770083005,0.00019477146814406154,0.00034510326593184537
2021-12-20,Monday,0.00041844690129066997,0.00041844690129066997,0.0015636699995594844,2.2023521120573264e-05,0.00039641464972373086
2021-12-21,Tuesday,0.0005883634778820479,0.0005883634778820479,0.0011767269557638276,0.0,0.0005883634778820479
2021-12-22,Wednesday,-0.0006272440195526086,0.0006272440195526086,0.002098023099883139,0.0013842626638403965,0.0006063624748251506
2021-12-23,Thursday,-0.0003198839887401661,0.0003198839887401661,0.001642071142199057,0.0008956751684722208,0.0007044658867729758
2021-12-27,Monday,0.00025410808063708323,0.00025410808063708323,0.0007411485685245272,0.0003176351007960765,6.350684815503715e-05
2021-12-28,Tuesday,-0.0011077669091212883,0.0011077669091212883,0.001525792157846372,0.0002926176741075981,0.0014834315323219993
2021-12-29,Wednesday,0.0003775642908083743,0.0003775642908083743,0.0009439107270209939,0.0001678063514704009,0.0004824938639367282
2021-12-30,Thursday,-2.091393914038786e-05,2.091393914038786e-05,0.0005019345393705095,0.0001254836348425492,0.0001881939652469411
2021-12-31,Friday,6.307158625040721e-05,6.307158625040721e-05,0.0007989067591716503,0.0003994533795859123,0.0003572554376379822
2022-01-03,Monday,-0.0018640695360770954,0.0018640695360770954,0.0020316263483087806,0.0005445596397528618,0.0013202288396655382
2022-01-04,Tuesday,-0.00014600976179546254,0.00014600976179546254,0.0007926244211755776,0.00025030244879231667,0.00012518516973014648
2022-01-05,Wednesday,0.00020951622703169193,0.00020951622703169193,0.0011313876259715552,0.00012570973621905956,0.00027238821606667685
2022-01-06,Thursday,-0.0001707212974819683,0.0001707212974819683,0.0016005121638924455,0.0,0.0001707212974819683
2022-01-07,Friday,-0.0032443970117395082,0.0032443970117395082,0.006467449306296755,0.003521878335111972,0.00021418779986293046
2022-01-10,Monday,-0.0006691851052347264,0.0006691851052347264,0.0017053426875337733,8.634646519167788e-05,0.000755466338578481
2022-01-11,Tuesday,-0.001972682633960221,0.001972682633960221,0.0028518129382249804,0.001500954178013103,0.0005368262830147685
2022-01-12,Wednesday,0.0033153398223317865,0.0033153398223317865,0.004037913886173285,0.003081565860500568,0.00031783027863130364
2022-01-13,Thursday,0.0012303514986953257,0.0012303514986953257,0.001803101334294915,0.0006151757493475518,0.0005511627413987696
2022-01-14,Friday,-0.0020365231063378397,0.0020365231063378397,0.003964298781617144,0.00197153460172117,2.1707512970259302e-05
2022-01-18,Tuesday,0.0006519046480801816,0.0006519046480801816,0.0021730154936004695,0.000412872943784115,0.0010216947089256578
2022-01-19,Wednesday,-0.00030516380757239503,0.00030516380757239503,0.0017001983564749867,0.0013732371340758887,0.0011569526304300304
2022-01-20,Thursday,0.0005731543328262312,0.0005731543328262312,0.0019399069726428928,0.0007274651147410882,0.00024229074889869917
2022-01-21,Friday,-0.0002023972833787857,0.0002023972833787857,0.002091438594913097,0.0005172375019677489,0.00026984483921743685
2022-01-24,Monday,-0.0049522054589427045,0.0049522054589427045,0.004998272486467717,0.0016353794771392094,0.0032072728950829354
2022-01-25,Tuesday,0.002847683652443811,0.002847683652443811,0.0041210381311787316,0.002778227953603496,9.233610341630172e-05
2022-01-26,Wednesday,-0.00038528658522773984,0.00038528658522773984,0.0025156947623688635,0.0012465154227954134,0.0007714648756580456
2022-01-27,Thursday,0.0025461051472612795,0.0025461051472612795,0.004977520873474537,0.0006881365262867423,0.0030292598967298634
2022-01-28,Friday,0.007061024082300804,0.007061024082300804,0.0099368716389993,0.00804302080897834,0.0009509892607797443
2022-01-31,Monday,0.00154447169982741,0.00154447169982741,0.002521122921776953,0.0014309076042520186,0.0001133761139203715
2022-02-01,Tuesday,0.0004441976679621096,0.0004441976679621096,0.002021099389228262,0.0002220988339811658,0.0006442153900834136
2022-02-02,Wednesday,-0.001227020749797303,0.001227020749797303,0.002278752821052215,4.382216963561003e-05,0.0011613638355685296
2022-02-03,Thursday,-0.0041752269865465985,0.0041752269865465985,0.004837961428855452,0.002518390880774213,0.0016610192013819525
2022-02-04,Friday,-0.005839056802165676,0.005839056802165676,0.006733931407861453,0.0050784133873240656,0.0007869943561262804
2022-02-07,Monday,-0.00017782124519327702,0.00017782124519327702,0.00135588699459871,0.0007112849807731081,0.0005783561339116616
2022-02-08,Tuesday,-0.00017452085076674617,0.00017452085076674617,0.0025059404212664947,0.0008457548921774194,0.000582176444245297
2022-02-09,Wednesday,-0.0002637246714429775,0.0002637246714429775,0.0007032657905146877,2.1977055953525948e-05,0.0002856954486517571
2022-02-10,Thursday,-0.009032653150493175,0.009032653150493175,0.011460315377381207,0.00809220742296013,0.0008820286659315668
2022-02-11,Friday,0.0015807636647000578,0.0015807636647000578,0.002515863297339409,0.001358120895023962,0.0002223408039843111
2022-02-14,Monday,-0.003989030167040664,0.003989030167040664,0.006618163686226421,0.004510323882051526,0.00018207888567722819
2022-02-15,Tuesday,-0.0024937095614665505,0.0024937095614665505,0.0027632997843278625,0.0006739755571532058,0.0018434008497628662
2022-02-16,Wednesday,-0.001954968316030703,0.001954968316030703,0.0045391218372208865,0.001056132308660418,0.002985543683218239
2022-02-17,Thursday,-0.0036213140196584837,0.0036213140196584837,0.004498526732495108,0.0027665939404843964,0.0009472259810553441
2022-02-18,Friday,0.000938795136583126,0.000938795136583126,0.003938360085178417,0.0005266411741806643,0.0003432572827752889
2022-02-22,Tuesday,0.0021271184481284067,0.0021271184481284067,0.00319067767219254,0.0030519525560102068,0.0008759595214494764
2022-02-23,Wednesday,0.0010632642211589882,0.0010632642211589882,0.002195871761089126,0.00039294547303703187,0.001410469848316609
2022-02-24,Thursday,0.0026290782388342926,0.0026290782388342926,0.028459345532516278,0.004361492166370162,0.0016280085403728162
2022-02-25,Friday,6.974311286778168e-05,6.974311286778168e-05,0.00434732070208068,0.0009299081715681279,0.000789742636811197
2022-02-28,Monday,-0.0021972938591420244,0.0021972938591420244,0.005088469989591739,0.0034694113565398865,0.0011835967416278237
2022-03-01,Tuesday,0.0012875635159681487,0.0012875635159681487,0.003540799668912155,0.0010346492539028418,0.0003215803376592774
2022-03-02,Wednesday,-0.001018754341282735,0.001018754341282735,0.004538087520259272,0.002384811298911771,0.0014855392043080506
2022-03-03,Thursday,0.003965269706706742,0.003965269706706742,0.004284314395752138,0.0013445454752625263,0.002434695549285548
2022-03-04,Friday,-0.0010415943337267475,0.0010415943337267475,0.0070828414693424125,0.0005092238964887752,0.0013420955201778328
2022-03-07,Monday,0.0025594490204290388,0.0025594490204290388,0.015100749220531456,0.0017453115547489961,0.000975700413511138
2022-03-08,Tuesday,0.0018611309949891908,0.0018611309949891908,0.0045335242185636695,0.0013361966117870772,0.0006196082169582784
2022-03-09,Wednesday,-0.0020500494839530425,0.0020500494839530425,0.004100098967906143,0.0007304774023281224,0.0012734347364697918
2022-03-10,Thursday,-0.0017740981667652145,0.0017740981667652145,0.006292134831460733,0.0005204021289177962,0.0021281626862141856
2022-03-11,Friday,-0.002790632775981905,0.002790632775981905,0.003418525150577825,0.001674379665589143,0.0011646595700076645
2022-03-14,Monday,0.003064041047080579,0.003064041047080579,0.0038006556130933122,0.0013563589719225444,0.001612704286154898
2022-03-15,Tuesday,0.003374416656694912,0.003374416656694912,0.005265047265765199,0.0030633002273543486,0.00026243588214236446
2022-03-16,Wednesday,-0.002781963602642934,0.002781963602642934,0.0031992581430392844,0.002086472701982256,0.0006969450574979552
2022-03-17,Thursday,-0.00039178631513447915,0.00039178631513447915,0.0026272729367840942,0.001060127676246303,0.0005074737036354637
2022-03-18,Friday,-0.0004806921967632771,0.0004806921967632771,0.002609471925286667,0.0007095932428411444,0.0012351326623969427
2022-03-21,Monday,0.0005854273619743111,0.0005854273619743111,0.0012384040349455359,0.00020264793299107353,0.0006079574880097915
2022-03-22,Tuesday,0.0015273348007724952,0.0015273348007724952,0.0017070212479224826,0.0005615201473427867,0.0009428032683844734
2022-03-23,Wednesday,-0.001183934235803985,0.001183934235803985,0.0020551311263012463,0.0005137827815753226,0.0006258241881049731
2022-03-24,Thursday,0.0008527636273871764,0.0008527636273871764,0.001997262179933222,0.0010322928121002661,0.00017934404914021762
2022-03-25,Friday,-0.00019914147895727652,0.00019914147895727652,0.0009293269018011593,0.00019914147895727652,8.852487459742875e-07
2022-03-28,Monday,-0.0016995166309841103,0.0016995166309841103,0.0018319464983336813,0.0012580837398193934,0.0005745094573095244
2022-03-29,Tuesday,-0.0005001195938157954,0.0005001195938157954,0.0014351257909499405,0.0013481484702864144,0.0007620125840934744
2022-03-30,Wednesday,0.0013060513713540889,0.0013060513713540889,0.001915542011319102,0.0011101436656508756,0.0001304517980607045
2022-03-31,Thursday,-8.718585845379767e-05,8.718585845379767e-05,0.001874495956755844,0.0005013186861091423,0.00045797531294966554
2022-04-01,Friday,-0.0022234452394055415,0.0022234452394055415,0.0025756741882223795,0.0017391304347826875,0.0003969829297340022
2022-04-04,Monday,-0.0016530382843666924,0.0016530382843666924,0.0022040510458222213,0.00048489123008077506,0.001014511931542561
2022-04-05,Tuesday,-0.0006803168959993444,0.0006803168959993444,0.0012509052603859152,0.00019751135690304622,0.000987472633888431
2022-04-06,Wednesday,-0.00015655052108953793,0.00015655052108953793,0.0013642259694949161,0.000716554099387201,0.000581902822228697
2022-04-07,Thursday,-0.0008512592990946866,0.0008512592990946866,0.0020838935197633928,0.00026888948642112,0.0010527141160919795
2022-04-08,Friday,-0.0023562886231272007,0.0023562886231272007,0.0027564131062997577,0.0016227270706442587,0.0006902540580259187
2022-04-11,Monday,0.0005630884274065995,0.0005630884274065995,0.001554124059642321,0.00015766475967393667,4.502375002823911e-05
2022-04-12,Tuesday,0.008845743836331188,0.008845743836331188,0.010070539136746123,0.006804418335639273,0.002050103631612288
2022-04-13,Wednesday,-0.001140458920669718,0.001140458920669718,0.002463391268646467,0.000638656995574971,0.0018917378917379102
2022-04-14,Thursday,-0.002121082203217717,0.002121082203217717,0.0026175056975878894,0.0012410587359252823,0.0009036893116146638
2022-04-18,Monday,-0.0004121350887235087,0.0004121350887235087,0.001259301659988578,2.2896393817917193e-05,0.0004121350887235087
2022-04-19,Tuesday,-0.0009355886368092037,0.0009355886368092037,0.001940108175866978,0.0004790925954286651,0.00043388901575702743
2022-04-20,Wednesday,0.0005370088606462264,0.0005370088606462264,0.001320146782421981,0.00022375369193594619,0.0008281295463192784
2022-04-21,Thursday,0.0007581332084642955,0.0007581332084642955,0.0017838428434455177,0.0002229803554305576,0.0004681230494871791
2022-04-22,Friday,-0.002464628023733373,0.002464628023733373,0.0032405294386124123,0.0017800091282518249,0.0007543719282203654
2022-04-25,Monday,0.003166201975332017,0.003166201975332017,0.004772931335948164,0.0008033646803080607,0.0023846063038601706
2022-04-26,Tuesday,-0.0011472991641104935,0.0011472991641104935,0.0028097122386381997,0.002271184059565834,0.0011499378094859125
2022-04-27,Wednesday,-0.0005501734242315814,0.0005501734242315814,0.002439899533548575,7.176175098677628e-05,0.00043062200956944796
2022-04-28,Thursday,-0.001373106060606033,0.001373106060606033,0.0046164772727273805,0.0012547348484848175,0.0024122599564846414
2022-04-29,Friday,-0.0023788774524813316,0.0023788774524813316,0.0037685187366040132,0.0014603010104341507,0.0009199198018633448
2022-05-02,Monday,-0.0010693107805969104,0.0010693107805969104,0.003232234859531409,0.000607562943520934,0.0001459498905376222
2022-05-03,Tuesday,0.0019295706705257931,0.0019295706705257931,0.003087313072841227,0.0022672455378678347,0.00036096739261226585
2022-05-04,Wednesday,-0.0016035613422048511,0.0016035613422048511,0.001723230099085796,0.0008855488009190671,0.00074258611603506
2022-05-05,Thursday,-0.0012197410395946573,0.0012197410395946573,0.0015481328579470073,0.00046913116907487673,0.0007040600797935115
2022-05-06,Friday,-0.004603828446813618,0.004603828446813618,0.009740731766416239,0.0010419190695420966,0.005591731015952228
2022-05-09,Monday,0.002549063281114705,0.002549063281114705,0.0047021555671046536,0.0030440270250204904,0.0006167509559640294
2022-05-10,Tuesday,0.004202307539287853,0.004202307539287853,0.00514720509250048,0.001566540680326245,0.0026067527308837324
2022-05-11,Wednesday,-0.019193047796399743,0.019193047796399743,0.02090626939788955,0.01474860335195527,0.0044858870967742215
2022-05-12,Thursday,0.0013881034394118696,0.0013881034394118696,0.006117937381111646,0.0012595753431701162,0.00028244960842216393
2022-05-13,Friday,0.0002766390865880375,0.0002766390865880375,0.001684983527399884,0.0005029801574327752,0.00027648611285668867
2022-05-16,Monday,-0.0017932752179328215,0.0017932752179328215,0.0040099626400996605,4.981320049801674e-05,0.00189271305473937
2022-05-17,Tuesday,0.0005418986156953132,0.0005418986156953132,0.002980442386324399,0.0007391989753190442,0.0011337309607137858
2022-05-18,Wednesday,-0.005055969762815193,0.005055969762815193,0.005104300336045418,0.002540807278387014,0.0025215693060739452
2022-05-19,Thursday,-0.0008761080189650938,0.0008761080189650938,0.0074469181612038405,0.0012368583797154331,0.0004386304409527142
2022-05-20,Friday,-0.0013203666556635962,0.0013203666556635962,0.0033263083056141035,0.001142624990478125,0.00012711002643894798
2022-05-23,Monday,-0.0012450768644390875,0.0012450768644390875,0.001981959090331672,0.0012704865963664158,0.00012722322587221946
2022-05-24,Tuesday,0.0016563463547638602,0.0016563463547638602,0.0029304589353516147,0.001528935096705153,0.00012721675190197068
2022-05-25,Wednesday,0.001633861785504731,0.001633861785504731,0.0037783053789792486,0.0008679890735494578,0.0007652085193214919
2022-05-26,Thursday,0.0018794637263501723,0.0018794637263501723,0.004335296328780758,0.0017291066282421053,0.00010004001600627532
2022-05-27,Friday,0.005640949847275589,0.005640949847275589,0.007020396098137664,0.004187604690117475,0.0014227193563420837
2022-05-31,Tuesday,-0.0013570165022899205,0.0013570165022899205,0.001696270627862429,0.0013570165022899205,0.0
2022-06-01,Wednesday,-0.0005786897499577837,0.0005786897499577837,0.001302051937404971,0.0006751380416174513,0.0011567101236233945
2022-06-02,Thursday,-0.0006567585317799329,0.0006567585317799329,0.002018924375471246,0.00019459512052732997,0.0007053729963758526
2022-06-03,Friday,-0.00291798297441348,0.00291798297441348,0.007282899655147559,0.002966214097957498,0.00024191987613697563
2022-06-06,Monday,0.0005062680810028475,0.0005062680810028475,0.002073288331726029,0.0009402121504338279,0.0005300675456813009
2022-06-07,Tuesday,-0.001518156663973147,0.001518156663973147,0.0022282622003477683,0.00022037758025406085,0.0014203501897882553
2022-06-08,Wednesday,-0.0004831618108904756,0.0004831618108904756,0.001980963424650899,9.663236217805071e-05,0.0006280193236715137
2022-06-09,Thursday,-0.0032336494043276875,0.0032336494043276875,0.005057135910527557,0.0032579625577437987,0.00012197501951605183
2022-06-10,Friday,-0.017397580765592946,0.017397580765592946,0.01809447956593156,0.011473940962715812,0.0057420605938498515
2022-06-13,Monday,-0.002934241550956229,0.002934241550956229,0.0037463976945245137,0.0014147236049252276,0.0011941160260869887
2022-06-14,Tuesday,0.0016470525728555785,0.0016470525728555785,0.005605291820524437,0.004064500703982121,0.002275674102299563
2022-06-15,Wednesday,0.0026560424966799445,0.0026560424966799445,0.004648074369189907,0.0014608233731741027,0.0009014741754163058
2022-06-16,Thursday,-0.0014520032266737148,0.0014520032266737148,0.005028233396074226,0.000564667921484352,0.0019618909403638085
2022-06-17,Friday,-0.003770718606732948,0.003770718606732948,0.004991454846322957,0.0014377560155168778,0.002065217391304275
2022-06-21,Tuesday,-0.0012654819601507494,0.0012654819601507494,0.0023963381798599525,0.00010770059235332141,0.001453684012167944
2022-06-22,Wednesday,0.0018961454072650152,0.0018961454072650152,0.0034943251076740268,0.0005146680391148184,0.002384888479362468
2022-06-23,Thursday,-0.0003985122210413694,0.0003985122210413694,0.0021253985122210717,0.0018065887353877486,0.0015972314654599806
2022-06-24,Friday,-2.625705658410027e-05,2.625705658410027e-05,0.0013388473152158569,0.0008662202967046895,0.0007871123471689945
2022-06-27,Monday,-0.0008702106421641931,0.0008702106421641931,0.0018427990069361606,0.0002303498758668976,0.0006655914804289953
2022-06-28,Tuesday,0.001643005673504172,0.001643005673504172,0.002438836546607421,0.0009241906913459719,0.0007694872649857132
2022-06-29,Wednesday,-0.001677852348993203,0.001677852348993203,0.0032508389261745206,0.001808934563758413,0.00015758785522934637
2022-06-30,Thursday,-5.3286441265010254e-05,5.3286441265010254e-05,0.004156342418671575,0.0026110356219859465,0.00294883374953514
2022-07-01,Friday,0.0017303340875816087,0.0017303340875816087,0.003167842406495402,0.002315985624916861,0.0005577541101164929
2022-07-05,Tuesday,-0.002413345002254097,0.002413345002254097,0.003368074893255846,0.0001856419232503237,0.0019633855133986966
2022-07-06,Wednesday,0.0023114099600756166,0.0023114099600756166,0.003939903341038033,0.0029155284723680897,0.0004976557793551217
2022-07-07,Thursday,0.0010662089769593042,0.0010662089769593042,0.002678524990898145,0.0010402038799603996,7.793827288771205e-05
2022-07-08,Friday,-0.0046059233718447334,0.0046059233718447334,0.008903069757867327,0.005789568484162344,0.0011905378125161015
2022-07-11,Monday,-0.0003107278800590363,0.0003107278800590363,0.0021750951604132033,0.0012170175302311792,0.0006220356115387293
2022-07-12,Tuesday,0.0011242711846679576,0.0011242711846679576,0.0022746882108400776,0.002013229795800875,0.0007568047182859861
2022-07-13,Wednesday,-0.02156306153806098,0.02156306153806098,0.029610146097554635,0.024167296023334006,0.0025082050324198857
2022-07-14,Thursday,0.00013370056421635468,0.00013370056421635468,0.00558868358424481,0.0004545819183356947,0.00034745422958704086
2022-07-15,Friday,0.008089887640449378,0.008089887640449378,0.011896893588896233,0.003648380700594922,0.004240189623387014
2022-07-18,Monday,0.001522148551378999,0.001522148551378999,0.0016769433193157485,0.001006165991589425,0.0005154639175257714
2022-07-19,Tuesday,0.00348731294729987,0.00348731294729987,0.004346128822381304,0.0017957059206246129,0.0016885748428325797
2022-07-20,Wednesday,0.0018148356423495215,0.0018148356423495215,0.003322938500076712,0.0003322938500076589,0.0015332328214039403
2022-07-21,Thursday,0.0025333130668288018,0.0025333130668288018,0.0054972893550185335,0.0041293002989308825,0.0016397991876686557
2022-07-22,Friday,0.0001757778168394175,0.0001757778168394175,0.000904000200888825,0.0,0.00010043690051730891
2022-07-25,Monday,-0.0011087312586619547,0.0011087312586619547,0.0018394859518708864,0.0009323421947838861,0.00017655367231639296
2022-07-26,Tuesday,-0.0005073566717401778,0.0005073566717401778,0.0024353120243530684,0.0002536783358699779,0.00017763341538301614
2022-07-27,Wednesday,0.0007862233381521477,0.0007862233381521477,0.0018767911942986356,0.0002028963453295507,0.0005578376185406686
2022-07-28,Thursday,0.0017244826552034187,0.0017244826552034187,0.006473058082575165,0.0019494151754473332,0.00014967445805369461
2022-07-29,Friday,-9.803681282316568e-05,9.803681282316568e-05,0.0025734663366094247,0.0014705521923481513,0.0011042402826855202
2022-08-01,Monday,-0.002849696763036813,0.002849696763036813,0.0043110797184401735,0.00041405850403097855,0.002436647173489237
2022-08-02,Tuesday,0.00022049095987064504,0.00022049095987064504,0.0015189377235533454,0.000710470870694313,0.0010052468984453888
2022-08-03,Wednesday,0.0003166561114629207,0.0003166561114629207,0.0012666244458517605,0.00026793978662231765,4.8698531739277406e-05
2022-08-04,Thursday,0.0013020205429907783,0.0013020205429907783,0.001977142306023034,0.0009644596614746259,0.0003372356313533498
2022-08-05,Friday,-0.011411063665532795,0.011411063665532795,0.013172179199536753,0.009384574557911751,0.001997077447637774
2022-08-08,Monday,0.00100929997837218,0.00100929997837218,0.00165813567875423,0.00019224761492797615,0.0012739772126340032
2022-08-09,Tuesday,9.708030968624826e-05,9.708030968624826e-05,0.0013591243356066362,0.0001941606193724965,0.00012132388624674917
2022-08-10,Wednesday,0.012299944311275679,0.012299944311275679,0.018522553933318753,0.013171593908137824,0.0008364401108881259
2022-08-11,Thursday,0.001964404051879365,0.001964404051879365,0.00343179021111424,0.0006390230048283208,0.0013719043451523305
2022-08-12,Friday,0.0005926979611190486,0.0005926979611190486,0.0011142721669036757,2.37079184446376e-05,0.0005215371121067847
2022-08-15,Monday,-0.002658510763439592,0.002658510763439592,0.0033407834372427146,0.0019997647335607827,0.0006836236769524051
2022-08-16,Tuesday,-0.0016104938847912864,0.0016104938847912864,0.002427411072729018,0.0008869386611893848,0.0006541597551572575
2022-08-17,Wednesday,-0.0004223468406110431,0.0004223468406110431,0.002393298763462263,0.0004692742673455541,0.0008912028893736101
2022-08-18,Thursday,-0.000444434048326392,0.000444434048326392,0.0014970410048887426,0.00046782531402767,4.680552305158514e-05
2022-08-19,Friday,0.0009676886402794072,0.0009676886402794072,0.002053388090349087,0.000778871344615073,2.3579900492842754e-05
2022-08-22,Monday,-0.00043137536846649116,0.00043137536846649116,0.0010305078246698944,0.0001437917894888674,0.0006948104844506364
2022-08-23,Tuesday,-0.001643305944900919,0.001643305944900919,0.0023441275978734345,0.0013049782503625762,0.0003145795523290529
2022-08-24,Wednesday,-0.0009684761028521116,0.0009684761028521116,0.0022759188417025757,0.0012832308362790146,0.0003151591553733901
2022-08-25,Thursday,-0.0009138789350905396,0.0009138789350905396,0.002092301772444156,0.001611312859238656,0.0006744550162591789
2022-08-26,Friday,0.002917055208856212,0.002917055208856212,0.003706094732563449,0.00016737202018024533,0.0026773121698180358
2022-08-29,Monday,-0.00039786149446718877,0.00039786149446718877,0.0020639065025487608,0.00012433171702086465,0.0004972774062009799
2022-08-30,Tuesday,-0.0016555064119986307,0.0016555064119986307,0.001680215462924086,0.0007906896296112631,0.0009890218573830323
2022-08-31,Wednesday,0.0003502013657854519,0.0003502013657854519,0.002601495860119478,0.0009755609475448068,0.0013270569382544117
2022-09-01,Thursday,-0.002236511042773448,0.002236511042773448,0.0032276920730932007,0.0015248938927999722,0.0006618302150949162
2022-09-02,Friday,0.005313255439161946,0.005313255439161946,0.009266720386784867,0.002215954875100623,0.002838482793267927
2022-09-06,Tuesday,0.00015212981744427978,0.00015212981744427978,0.0014198782961460505,0.0005831643002027764,0.0006080567519635149
2022-09-07,Wednesday,0.001488935667710578,0.001488935667710578,0.0024131026338758475,0.0019510191507932095,0.00025626569627390516
2022-09-08,Thursday,-0.0038470242136229293,0.0038470242136229293,0.004500766890447722,0.002338387267104225,0.0015121729925903216
2022-09-09,Friday,-0.00012392495104962542,0.00012392495104962542,0.0023297890797333077,0.0019084442461645423,0.002053184910327688
2022-09-12,Monday,0.0018888752606402992,0.0018888752606402992,0.002158714583588852,0.0012265423770392303,0.0007350779182593303
2022-09-13,Tuesday,-0.029548801390531843,0.029548801390531843,0.031455954421456614,0.02462400115877661,0.004950617589544293
2022-09-14,Wednesday,0.0005076013299154525,0.0005076013299154525,0.00423847110479419,0.0008883023273522639,0.0002536075676499161
2022-09-15,Thursday,0.0017791785278569172,0.0017791785278569172,0.003939609597397345,0.002211264741764918,0.0006592292089249163
2022-09-16,Friday,-0.003354657512872561,0.003354657512872561,0.0036407135798617414,0.0005201019399803108,0.0028100850831316304
2022-09-19,Monday,0.0015685864421846052,0.0015685864421846052,0.0031110297769992882,0.0014640140127055723,0.0001827485380117011
2022-09-20,Tuesday,0.001037613488975353,0.001037613488975353,0.0019455252918287938,0.0009338521400779065,2.5912777590786362e-05
2022-09-21,Wednesday,0.0005183361409875076,0.0005183361409875076,0.0018141764934559766,0.0005183361409875076,0.0
2022-09-22,Thursday,0.0018268467037330094,0.0018268467037330094,0.005348159915276627,0.001588562351072298,0.0002907898910859963
2022-09-23,Friday,-0.002000702949685018,0.002000702949685018,0.0032984562143456545,0.0018655203179495095,8.127878623676033e-05
2022-09-26,Monday,0.0027028502784756103,0.0027028502784756103,0.005269192967128836,0.000846347056896235,0.0035522037325461664
2022-09-27,Tuesday,-0.0013556380988530847,0.0013556380988530847,0.004310929154352886,0.0015725401946697914,0.0030045474231269464
2022-09-28,Wednesday,0.004050367839528279,0.004050367839528279,0.00774253988372414,0.005703579202601006,0.0016711870907646365
2022-09-29,Thursday,-0.004327826015950276,0.004327826015950276,0.009390565883665984,0.0035929121641852246,0.0003006203711295452
2022-09-30,Friday,-0.0035905166506783326,0.0035905166506783326,0.008907770316568453,0.0020556393038234644,0.0017573727277719886
2022-10-03,Monday,0.003083333333333327,0.003083333333333327,0.004861111111111111,0.002055555555555477,0.0008592017738360269
2022-10-04,Tuesday,0.0004297955784779983,0.0004297955784779983,0.0022564267870093615,0.0008595911569559966,0.0015867039586920928
2022-10-05,Wednesday,-0.00034744494333993625,0.00034744494333993625,0.0025657472738936185,0.00013363267051524907,0.00045430251202571714
2022-10-06,Thursday,0.0017301498575952312,0.0017301498575952312,0.004445154249514269,0.002821475152386288,0.0011147680220831013
2022-10-07,Friday,-0.011539409196818284,0.011539409196818284,0.018131176517850074,0.011141166073006636,0.00042980175495610506
2022-10-10,Monday,0.004083939995587871,0.004083939995587871,0.004991175821751606,0.0013512022942863133,0.002756664463538172
2022-10-11,Tuesday,-0.0024714670517341775,0.0024714670517341775,0.0038043931021077017,0.0014717725139541393,0.0008344459279037153
2022-10-12,Wednesday,-0.005353229966992945,0.005353229966992945,0.007738607050730768,0.003827698111114164,0.0015800427377198334
2022-10-13,Thursday,-0.02854128491309904,0.02854128491309904,0.0328724526625577,0.029929479704592254,0.0014310246136233218
2022-10-14,Friday,0.009298901038968133,0.009298901038968133,0.01600719914919147,0.0008180851353931651,0.008254106622354263
2022-10-17,Monday,0.0020170203359857197,0.0020170203359857197,0.00348143236074268,0.002127541998231619,0.00011028702197479756
2022-10-18,Tuesday,0.0023780895123579615,0.0023780895123579615,0.00280561122244492,0.0014696058784235966,0.0008537431300357223
2022-10-19,Wednesday,-0.00027101005447305315,0.00027101005447305315,0.003279221659123498,0.0025745955174936164,0.00217338150995694
2022-10-20,Thursday,-0.007346387575962288,0.007346387575962288,0.009182984469952674,0.005860904794058097,0.0013314493777512038
2022-10-21,Friday,0.002674976559483566,0.002674976559483566,0.004246870001654681,0.0005791186365891043,0.0020117951827149927
2022-10-24,Monday,0.003005159300037308,0.003005159300037308,0.004760385085899741,0.0017552257858626241,0.0011414313017623634
2022-10-25,Tuesday,0.0010864092848248408,0.0010864092848248408,0.0022788097193884673,0.00026497787434742737,0.0015110145004373354
2022-10-26,Wednesday,-7.858957902184827e-05,7.858957902184827e-05,0.0020695255809080253,0.001178843685327391,0.0011540680900172795
2022-10-27,Thursday,0.0030339488413455573,0.0030339488413455573,0.0057801956373907505,0.0007584872103363338,0.0018286311389759113
2022-10-28,Friday,0.002302805717310674,0.002302805717310674,0.010402329274748412,0.0017204870301745778,0.00029057480980565487
2022-10-31,Monday,-7.751937984490365e-05,7.751937984490365e-05,0.0012661498708010572,0.00036175710594310573,0.00025848476232326334
2022-11-01,Tuesday,-0.00030220146081116894,0.00030220146081116894,0.0009988014382741816,0.00014853970107664427,0.00017929409354022763
2022-11-02,Wednesday,-0.0004163089012045873,0.0004163089012045873,0.0030702781463846354,0.0016392162984935066,0.001303203273646636
2022-11-03,Thursday,-0.002579951625907073,0.002579951625907073,0.003735554958344647,0.0009406073636120116,0.0018288419127534539
2022-11-04,Friday,0.005864238853929615,0.005864238853929615,0.018155040835453135,0.00042843754183952143,0.0061064371902621595
2022-11-07,Monday,0.0005900291699814098,0.0005900291699814098,0.0018032352161230622,0.00013259082471472894,0.0004573777011800395
2022-11-08,Tuesday,0.0011031729354904485,0.0011031729354904485,0.004754150031519232,0.0013920991805000948,0.00041961709939686287
2022-11-09,Wednesday,-0.0002894127552093284,0.0002894127552093284,0.0036045043148810896,0.0016049252788887802,0.0019175203572365795
2022-11-10,Thursday,0.029770788912580004,0.029770788912580004,0.03568763326226009,0.028384861407249495,0.0013476739665672088
2022-11-11,Friday,0.000655621958292274,0.000655621958292274,0.001891217187381799,0.0001512973749905333,0.0008070414365337619
2022-11-14,Monday,-0.000931028408947987,0.000931028408947987,0.0020130343977252997,0.0001509775798294033,0.0007801686170881839
2022-11-15,Tuesday,0.007813478249981243,0.007813478249981243,0.010593273396609195,0.007012095865367884,0.0007211418908839029
2022-11-16,Wednesday,-0.0028884312051036254,0.0028884312051036254,0.0055508112724166865,0.0003014015170542672,0.0027130906624462936
2022-11-17,Thursday,-0.0026316461841129346,0.0026316461841129346,0.00442014359079184,0.0012774981476276759,0.0013047816409548219
2022-11-18,Friday,-0.00015080681646806315,0.00015080681646806315,0.0011059166540994263,0.00027396571658377944,0.00012570710245141115
2022-11-21,Monday,-2.5324149108607585e-05,2.5324149108607585e-05,0.0007597244732575834,0.0001519448946515345,0.00015197183455328833
2022-11-22,Tuesday,0.001565656565656548,0.001565656565656548,0.001893939393939394,0.0002777777777778212,0.0015403651422944975
2022-11-23,Wednesday,-0.0006500487536565958,0.0006500487536565958,0.002875215641173173,0.0012750956321725404,0.0006759463248546815
2022-11-25,Friday,-0.0009442166728785839,0.0009442166728785839,0.0010684557087837169,0.0007702820226115348,9.947526796150186e-05
2022-11-28,Monday,-4.9837215126524725e-05,4.9837215126524725e-05,0.0008514901076883922,0.00032556974705744146,0.00017503443095034932
2022-11-29,Tuesday,-0.00025223225546078254,0.00025223225546078254,0.0022953135246934577,0.0007314735408363582,0.0005806174740616843
2022-11-30,Wednesday,-0.003480892924706769,0.003480892924706769,0.00401059402194484,0.002421490730230791,0.0008345978755690542
2022-12-01,Thursday,0.0012982241273729045,0.0012982241273729045,0.006001224739742777,0.0028169014084507005,0.0015631869473891058
2022-12-02,Friday,-0.011482100708103848,0.011482100708103848,0.016497836349331323,0.013252360346184267,0.0017940348341765056
2022-12-05,Monday,-0.0026907600780072816,0.0026907600780072816,0.0032585351403391673,0.0007405761682588441,0.0019762845849802257
2022-12-06,Tuesday,-0.0005001250312577366,0.0005001250312577366,0.0028507126781696507,0.0007001750437608534,0.00015013512160955145
2022-12-07,Wednesday,0.0016576994670678413,0.0016576994670678413,0.0026519111609760145,0.0009689675395874175,0.0006625738740575482
2022-12-08,Thursday,0.0010631565624605877,0.0010631565624605877,0.00430325275281607,0.0014934818377418946,0.00032861476238621457
2022-12-09,Friday,-0.007280030124262704,0.007280030124262704,0.014936613530814581,0.010769423873478123,0.003629257398101604
2022-12-12,Monday,-0.0004817077808483283,0.0004817077808483283,0.001977537205587741,5.0706082194595936e-05,0.0007603791757490042
2022-12-13,Tuesday,0.010408027150947019,0.010408027150947019,0.021042476268762902,0.008586806982656459,0.0017812698257773096
2022-12-14,Wednesday,0.0007972892166632217,0.0007972892166632217,0.0012955949770778897,0.0005979669124975828,0.00012449269227898796
2022-12-15,Thursday,-0.0004053403592330085,0.0004053403592330085,0.011982874369822311,0.000912015808274047,0.0003042210673089851
2022-12-16,Friday,-0.00010410160316476347,0.00010410160316476347,0.0018217780553820232,0.0007807620237352264,0.0008101300115397336
2022-12-19,Monday,-0.001042128025427913,0.001042128025427913,0.0013026600317849048,0.0006773832165281046,0.00039131331369901545
2022-12-20,Tuesday,0.0003693054419795505,0.0003693054419795505,0.0028225487351288435,0.0015299796882008998,0.0012115146566935575
2022-12-21,Wednesday,0.0005998643784881352,0.0005998643784881352,0.001721349955662115,0.0004172969589484321,0.0001303441084461454
2022-12-22,Thursday,-0.004934167813644197,0.004934167813644197,0.005791154854961483,0.0035837639909627184,0.0012120896164322659
2022-12-23,Friday,-0.00021004542232250234,0.00021004542232250234,0.01055478247170946,0.00477853335783851,0.005094842451794923
2022-12-27,Tuesday,-0.004290060060840983,0.004290060060840983,0.004342060788851085,0.003718052052728793,0.0005741427005585553
2022-12-28,Wednesday,-0.0010729613733906351,0.0010729613733906351,0.0016748665340730303,0.0010467915837956143,2.6197212616652088e-05
2022-12-29,Thursday,0.0026406126221283355,0.0026406126221283355,0.00398732505941391,0.003617639292315733,0.0010260727722380958
2022-12-30,Friday,0.0008668925841279762,0.0008668925841279762,0.0011842278088633597,0.00023642525021672078,0.0004463934038809736
2023-01-03,Tuesday,0.0014578397938198595,0.0014578397938198595,0.0022908911045739604,0.0009632155780594509,0.0003900764549851221
2023-01-04,Wednesday,-0.00020887728459528798,0.00020887728459528798,0.001540469973890274,0.00033942558746735685,0.0006524519142938612
2023-01-05,Thursday,-0.00279533935942311,0.00279533935942311,0.0036052040336485595,0.0019071006844662008,0.0008114758389613508
2023-01-06,Friday,0.012480211081794312,0.012480211081794312,0.014643799472295544,0.007862796833773222,0.004528795811518327
2023-01-09,Monday,-0.0007436850878316248,0.0007436850878316248,0.0017694576227721445,5.2570842415722296e-05,0.0011279159189950816
2023-01-10,Tuesday,0.0020995878586795858,0.0020995878586795858,0.0023328753985328216,0.0008294668083672629,0.0012950012950012635
2023-01-11,Wednesday,0.0006379015590314285,0.0006379015590314285,0.0019392207394554638,2.5516062361341518e-05,0.0006634345496301375
2023-01-12,Thursday,0.010177923297545632,0.010177923297545632,0.016370973882585824,0.0017005507754004334,0.00838632851098331
2023-01-13,Friday,0.00022886204704386515,0.00022886204704386515,0.001627463445645229,0.0006865861411315954,0.00038120409667341537
2023-01-17,Tuesday,-0.0007039951726045546,0.0007039951726045546,0.0020365574636059696,0.00015085610841525376,0.0006286145335679949
2023-01-18,Wednesday,0.0005764555502645319,0.0005764555502645319,0.005388606230732685,0.0012281009549112154,0.0017816365963214675
2023-01-19,Thursday,0.001932093358750997,0.001932093358750997,0.003063012004740124,0.000386418671750155,0.0017772511848341832
2023-01-20,Friday,-0.0010269312726245428,0.0010269312726245428,0.0016430900361992923,0.00010269312726252089,0.0012320644780409173
2023-01-23,Monday,-0.00024957207212883414,0.00024957207212883414,0.0012604650107517666,7.310697062357097e-05,2.521622916495936e-05
2023-01-24,Tuesday,-0.002401320726399425,0.002401320726399425,0.0033768572714992394,0.0028265546050327828,0.0004264392324093702
2023-01-25,Wednesday,-0.002191601380456931,0.002191601380456931,0.010706098697634581,0.001587021689296586,0.0005551069842550937
2023-01-26,Thursday,0.0010439710670875346,0.0010439710670875346,0.004697869801894028,0.0008948323432178551,0.0005217132067971697
2023-01-27,Friday,-0.0010650154798761413,0.0010650154798761413,0.002551083591331202,9.907120743046782e-05,0.0014112753472479422
2023-01-30,Monday,-0.00012417732522029823,0.00012417732522029823,0.001713647088041718,0.0003973674407052874,0.0002732987154960842
2023-01-31,Tuesday,0.004223838444427752,0.004223838444427752,0.005298542900702318,0.0035990102721752404,0.0006225874735399373
2023-02-01,Wednesday,-0.0007400646323112436,0.0007400646323112436,0.0017761551175469997,9.867528430818062e-05,0.0008140108534779866
2023-02-02,Thursday,0.00287808063462891,0.00287808063462891,0.0037487604904830126,0.0005078965825815462,0.002126734013243814
2023-02-03,Friday,-0.0056248943823480335,0.0056248943823480335,0.0074837650580595865,0.004804094343722087,0.0007762845082723846
2023-02-06,Monday,-0.0011224439998047675,0.0011224439998047675,0.002171685130057065,0.0006832267824897764,0.00019538882375924604
2023-02-07,Tuesday,-0.0008052708638359718,0.0008052708638359718,0.001439726695949321,0.0006100536847242211,0.0002197480222677628
2023-02-08,Wednesday,2.4191402375528526e-05,2.4191402375528526e-05,0.0009676560950237735,0.00014514841425361524,0.00019356399709646865
2023-02-09,Thursday,0.0013531472755829999,0.0013531472755829999,0.0018847408481333157,0.0006282469493776865,0.0006761161953976469
2023-02-10,Friday,-7.401924500372026e-05,7.401924500372026e-05,0.0013323464100666678,0.0007155193683689998,0.0008136094674556782
2023-02-13,Monday,-0.0011741682974559797,0.0011741682974559797,0.0015166340508806374,0.00046477495107632993,0.000783085356303781
2023-02-14,Tuesday,-0.0026589315929416157,0.0026589315929416157,0.012980420594633803,0.002755620014503246,0.00021817652905387064
2023-02-15,Wednesday,0.00014599250571811773,0.00014599250571811773,0.0046230960144045385,0.0004623096014404471,0.0005349413996011965
2023-02-16,Thursday,-0.006136308513218558,0.006136308513218558,0.007591559544021333,0.004292990540868402,0.001778319123020733
2023-02-17,Friday,0.0012324681406985505,0.0012324681406985505,0.0066876186250585355,0.0004190391678375871,0.0007391165093990626
2023-02-21,Tuesday,-0.0005945892379347617,0.0005945892379347617,0.0016846695074817907,0.0004211673768703683,9.939517663215547e-05
2023-02-22,Wednesday,0.0005003377279664267,0.0005003377279664267,0.0013509118655091277,0.00012508443199155117,0.000450281425891097
2023-02-23,Thursday,-0.0006485407832377277,0.0006485407832377277,0.0034671988026939047,0.001322025442753727,0.0007243661795928169
2023-02-24,Friday,-0.004778672032193287,0.004778672032193287,0.006670271629778575,0.005860160965794892,0.0011131913171076313
2023-02-27,Monday,0.003236245954692407,0.003236245954692407,0.004189558716539874,0.0027345023958254,0.0004252870687713184
2023-02-28,Tuesday,-0.0003261087698173126,0.0003261087698173126,0.002082079068833996,0.0014549468191852322,0.0011053332328485599
2023-03-01,Wednesday,-0.0024219183611685624,0.0024219183611685624,0.0027751147888390505,0.0022200918310711915,0.0002528317152102888
2023-03-02,Thursday,-0.0016027679548171747,0.0016027679548171747,0.002213346223319013,0.0010939527310657171,0.0005602811592727575
2023-03-03,Friday,0.0022306882550502394,0.0022306882550502394,0.0028322221665246262,0.0011028121710361383,0.0012269016976313996
2023-03-06,Monday,0.0004692053143675601,0.0004692053143675601,0.0018768212574702201,0.001432310959648353,0.0008138903960932531
2023-03-07,Tuesday,-0.00017286084701817472,0.00017286084701817472,0.0009383874552413767,0.0005679713544881615,0.0007404116688879414
2023-03-08,Wednesday,-2.509410288575875e-05,2.509410288575875e-05,0.0014805520702634253,0.0006273525721456341,0.0007272180149454632
2023-03-09,Thursday,0.004397537379067673,0.004397537379067673,0.004523181304183972,0.0026636512124638134,0.0015284772858252804
2023-03-10,Friday,0.004143646408839796,0.004143646408839796,0.013684264374872168,0.005166768978923875,0.0011195359014808393
2023-03-13,Monday,-0.004056162246489858,0.004056162246489858,0.011648465938637591,0.006682267290691768,0.002748763056624526
2023-03-14,Tuesday,0.003968560752480199,0.003968560752480199,0.013967272258729586,0.0008246360005152997,0.003012203285103654
2023-03-15,Wednesday,-0.0018689648011629423,0.0018689648011629423,0.00887758280552387,0.002673657979441413,0.0006245446028938506
2023-03-16,Thursday,-0.002160493827160548,0.002160493827160548,0.004706790123456749,0.002649176954732546,0.0004641807210274962
2023-03-17,Friday,-0.0011227640409298134,0.0011227640409298134,0.004082778330654068,5.1034729133148105e-05,0.001020798775041576
2023-03-20,Monday,0.002973215429962872,0.002973215429962872,0.004613610149942214,0.0016147635524799142,0.0012281554640125592
2023-03-21,Tuesday,0.0003024193548386567,0.0003024193548386567,0.001008064516128975,0.00010080645161281154,5.039052658117882e-05
2023-03-22,Wednesday,0.0007277837729313674,0.0007277837729313674,0.0010291866388937683,0.0003764398825507609,0.00035121168029705885
2023-03-23,Thursday,5.072279989848383e-05,5.072279989848383e-05,0.0025868627948262284,0.0005325893989347463,0.0005069451485348875
2023-03-24,Friday,0.0030254858725193845,0.0030254858725193845,0.004794625916619673,0.0005640736372494182,0.00248571355354521
2023-03-27,Monday,-0.00025119316754584897,0.00025119316754584897,0.001482039688520552,0.0006782215523737367,0.0010040160642569296
2023-03-28,Tuesday,-0.0009346030463007748,0.0009346030463007748,0.0014397938821389608,0.001212458006011663,0.00027819225613900933
2023-03-29,Wednesday,0.0007522756337920988,0.0007522756337920988,0.0012537927229870358,0.0001755309812181416,0.0008777649596227732
2023-03-30,Thursday,0.0012145548284752117,0.0012145548284752117,0.0022803886575451515,0.0015615704937537167,0.00029699294641749585
2023-03-31,Friday,0.0010139479671578133,0.0010139479671578133,0.003833217924621652,0.0008902957760412722,4.940833518629617e-05
2023-04-03,Monday,0.000562908374613702,0.000562908374613702,0.0014435994431096974,0.00031827196669809155,0.0001956372884670543
2023-04-04,Tuesday,-0.0002183829952441263,0.0002183829952441263,0.0010191206444725223,0.0004367659904882526,0.00031561058509343987
2023-04-05,Wednesday,-0.0006614242669213954,0.0006614242669213954,0.0016413120697680507,0.0006614242669213954,0.0
2023-04-06,Thursday,-0.0011532327321801539,0.0011532327321801539,0.001962949331370412,0.000687032265979659,0.0003928887142717885
2023-04-10,Monday,-0.000687808592694461,0.000687808592694461,0.000933454518656797,7.36937777886526e-05,0.0005159451623998335
2023-04-11,Tuesday,0.0,0.0,0.0011470968686695395,0.0007810021233494169,0.0008291267344598952
2023-04-12,Wednesday,0.004803237918759473,0.004803237918759473,0.0088018725313308,0.006534354122982311,0.0017682395116751515
2023-04-13,Thursday,0.0024231447033482567,0.0024231447033482567,0.00462600352457408,0.001590953593107347,0.0007330482590104381
2023-04-14,Friday,-0.001788952012570899,0.001788952012570899,0.0038414118215882964,0.0021757524477215018,0.00043612046616425815
2023-04-17,Monday,-0.0006055468087683424,0.0006055468087683424,0.0015007872108513775,0.00012110936175369069,0.00029075402209732815
2023-04-18,Tuesday,-2.4049445660256907e-05,2.4049445660256907e-05,0.0007214833698083533,0.0003847911305645546,0.00048076923076922906
2023-04-19,Wednesday,-0.0007766236287738426,0.0007766236287738426,0.0014076303271528029,0.0010435880011649967,0.00029154518950447184
2023-04-20,Thursday,0.0003403014098202206,0.0003403014098202206,0.0015556635877491162,0.0005104521147301089,0.0007051671732523079
2023-04-21,Friday,0.00048567265662935455,0.00048567265662935455,0.0009713453132589463,0.00029140359397772375,0.0007286859363615505
2023-04-24,Monday,0.0007526098567613992,0.0007526098567613992,0.0015780529254674294,0.00041272153435301107,0.0002911985245941384
2023-04-25,Tuesday,-0.0005838989854753951,0.0005838989854753951,0.0009245067270028842,0.0004622533635014747,0.00012170187907689645
2023-04-26,Wednesday,0.0008107510502912696,0.0008107510502912696,0.0017443431688081458,0.0007861828366459989,2.454770847137855e-05
2023-04-27,Thursday,-0.00017196904557181814,0.00017196904557181814,0.0038324530156000547,0.001670556442697424,0.001575035684402426
2023-04-28,Friday,0.0003648037355901135,0.0003648037355901135,0.0025049856510531384,0.0003404834865508022,2.431078912823459e-05
2023-05-01,Monday,0.0006017136805622769,0.0006017136805622769,0.001323770097236958,0.0006979878694521879,9.62070375447599e-05
2023-05-02,Tuesday,0.0003135325470902117,0.0003135325470902117,0.0010370691942213704,0.0007958903118443494,0.00033743070619418614
2023-05-03,Wednesday,-0.0016022528646340017,0.0016022528646340017,0.001893571567294554,0.0012623810448632033,0.0004131930097465153
2023-05-04,Thursday,0.001131611316113057,0.001131611316113057,0.002558425584255753,0.0017220172201721784,0.00041755704566115437
2023-05-05,Friday,0.0001225790634959978,0.0001225790634959978,0.004608972787447893,0.0008335376317725185,0.0007837950375976233
2023-05-08,Monday,-0.0007497702317031951,0.0007497702317031951,0.0012334929618342547,0.0009432593237556075,0.00026631803215182437
2023-05-09,Tuesday,-0.0008747205753717457,0.0008747205753717457,0.0009962095441734499,0.0005102536689668424,0.000388953714508089
2023-05-10,Wednesday,0.009135200974421442,0.009135200974421442,0.009695493300852663,0.008136419001217865,0.0010149095039027056
2023-05-11,Thursday,-0.001814882032667886,0.001814882032667886,0.0030248033877797943,0.001209921355111887,0.00038772839625844657
2023-05-12,Friday,0.00048398025360563146,0.00048398025360563146,0.001088955570612829,0.0008953634691704071,0.0004110152075627038
2023-05-15,Monday,-0.0013801452784503176,0.0013801452784503176,0.0015980629539950803,0.0013317191283293006,7.273432575272132e-05
2023-05-16,Tuesday,-0.0013820527119753345,0.0013820527119753345,0.002594379652304617,0.0008486288582305601,0.0005581305054720431
2023-05-17,Wednesday,0.001409203557024341,0.001409203557024341,0.002526847757422665,0.00024296613052143812,0.0011902737629654325
2023-05-18,Thursday,-0.0029817010123356358,0.0029817010123356358,0.003390482602736492,0.0009377930603313711,0.0020218066286374903
2023-05-19,Friday,0.0004992867332382911,0.0004992867332382911,0.0010699001426533253,0.0001426533523538609,0.0002614689802709069
2023-05-22,Monday,-0.00047723584995706947,0.00047723584995706947,0.001193089624892622,0.0003340650949699153,0.00014321859932209247
2023-05-23,Tuesday,-0.0007417865090569853,0.0007417865090569853,0.0012167691608240278,0.0001435715823980832,0.0008852309974399786
2023-05-24,Wednesday,-0.0012838525265248535,0.0012838525265248535,0.0015260888522842775,0.0005571435492467414,0.0007271140841996759
2023-05-25,Thursday,0.00205239647470723,0.00205239647470723,0.006591814559941957,0.001883375588555003,0.0002410219329960217
2023-05-26,Friday,-0.00026477951088010876,0.00026477951088010876,0.003899480069324101,0.0016608896591565614,0.0013984327908378447
2023-05-30,Tuesday,-2.3670880083259682e-05,2.3670880083259682e-05,0.0011362022439993405,9.468352033314975e-05,0.00016572754391774858
2023-05-31,Wednesday,-0.000406338886631441,0.000406338886631441,0.0009799937854051873,9.560914979567237e-05,0.0002868617326449163
2023-06-01,Thursday,-0.0009559087107180453,0.0009559087107180453,0.002389771776795316,0.0008603178396463518,0.00016741605280778948
2023-06-02,Friday,0.0009682142351108425,0.0009682142351108425,0.004888301138242085,0.001511358806026708,0.0005187578108419855
2023-06-05,Monday,4.673880021499599e-05,4.673880021499599e-05,0.0008179290037623936,0.0005141268023649559,0.00042138663298074697
2023-06-06,Tuesday,0.0003515185601798976,0.0003515185601798976,0.0006796025496812045,0.00032808398950123774,7.027406886850329e-05
2023-06-07,Wednesday,-0.00011668339128612093,0.00011668339128612093,0.0005600802781730934,2.3336678257157573e-05,9.334889148193692e-05
2023-06-08,Thursday,0.0007734677135826651,0.0007734677135826651,0.0017578811672330952,0.0005625219735145848,0.00028112261631441093
2023-06-09,Friday,0.0010249301025162527,0.0010249301025162527,0.0012812208760485473,0.0005125815470643502,0.0004887874624501798
2023-06-12,Monday,0.001021308202961757,0.001021308202961757,0.00136948145397157,0.0004642310013462936,0.0006032482598608002
2023-06-13,Tuesday,0.003774540265598647,0.003774540265598647,0.007226863679256108,0.0022555179635894707,0.0014466130884041029
2023-06-14,Wednesday,-0.0005030066076777695,0.0005030066076777695,0.002652216658664346,0.00032009511397668167,0.00032015367376347914
2023-06-15,Thursday,0.0008494226221906764,0.0008494226221906764,0.00431598521545489,0.0006428063086847402,0.0014701828539924744
2023-06-16,Friday,0.0006562570717356664,0.0006562570717356664,0.0008599230595157173,0.00047522063815352844,0.00018095044219768042
2023-06-20,Tuesday,0.0005021569925360847,0.0005021569925360847,0.0037205268083357955,0.00038803040332335836,0.0006620399963472856
2023-06-21,Wednesday,-0.0002292263610316203,0.0002292263610316203,0.0015128939828080803,9.169054441260371e-05,0.00020630845406210963
2023-06-22,Thursday,-0.00020732550103674807,0.00020732550103674807,0.0016355678415111254,0.00018428933425473915,0.0003685192436143625
2023-06-23,Friday,-0.0020964843570013825,0.0020964843570013825,0.0025342118601114267,0.0017969865917154548,0.00032310923400047376
2023-06-26,Monday,-0.00041551246537396835,0.00041551246537396835,0.000969529085872613,0.00027700831024934924,9.23659539094901e-05
2023-06-27,Tuesday,0.0006715139165469619,0.0006715139165469619,0.0016208956606307335,0.001366183485388639,0.0006937218175512294
2023-06-28,Wednesday,-0.0008723199118497726,0.0008723199118497726,0.001331435654928571,0.0010100546347734385,0.00022981109527964172
2023-06-29,Thursday,-0.0022844089091947906,0.0022844089091947906,0.003677898343803572,0.0010051399200456945,0.0013718989367783596
2023-06-30,Friday,0.002317971093536819,0.002317971093536819,0.003226979365512262,0.0021816198527406794,9.069883451995331e-05
2023-07-03,Monday,-0.00020306401028846732,0.00020306401028846732,0.0005866293630558672,0.0005189413596262682,0.00027088036117373093
2023-07-05,Wednesday,-0.00013946382498553067,0.00013946382498553067,0.0051846129743015725,0.00013221895096027225,0.000249015257844043
2023-07-06,Thursday,-0.001759424270974086,0.001759424270974086,0.0027696743362430666,0.002099958000840063,0.0002502274795268544
2023-07-07,Friday,-0.0014555047645038455,0.0014555047645038455,0.004289418025516816,0.001523731550339913,9.110994692851371e-05
2023-07-10,Monday,-0.0006839633395649969,0.0006839633395649969,0.0010943413433040403,0.0007523596735214966,0.0001825483753195023
2023-07-11,Tuesday,0.0005220865301673872,0.0005220865301673872,0.0008171789167839779,0.0005447859445224523,4.537719795805195e-05
2023-07-12,Wednesday,0.005006314270250778,0.005006314270250778,0.00626916832040418,0.004600396896987213,0.00040405854359337745
2023-07-13,Thursday,0.0005363128491620017,0.0005363128491620017,0.0019888268156424277,0.0005810055865922426,2.2333891680603735e-05
2023-07-14,Friday,0.00022201993739034975,0.00022201993739034975,0.002975067161031131,0.00024422193112949575,0.0003774925611761404
2023-07-17,Monday,0.0006690156549662429,0.0006690156549662429,0.0008251193077918125,0.00028990678381868307,0.0003789989967672991
2023-07-18,Tuesday,-0.0009096960284001865,0.0009096960284001865,0.001641890392722452,0.0013978256046149884,0.0004910358189522679
2023-07-19,Wednesday,0.00044030557206697907,0.00044030557206697907,0.0008365805869273175,0.0005283666864803749,6.601241033310501e-05
2023-07-20,Thursday,-0.0007481241886153622,0.0007481241886153622,0.0009021497568596937,0.0008141351464343582,2.2020611292195014e-05
2023-07-21,Friday,0.0008809990529261569,0.0008809990529261569,0.0011012488161575226,0.00022024976323153922,0.0006606037918657215
2023-07-24,Monday,0.0005740274650063437,0.0005740274650063437,0.0006181834238529887,2.2077979423329452e-05,0.0005740274650063437
2023-07-25,Tuesday,-0.00039602217724199473,0.00039602217724199473,0.0006380357300008001,0.0002420135527588796,4.401795932751362e-05
2023-07-26,Wednesday,-0.0007695859627521173,0.0007695859627521173,0.001275313881131916,0.00024186987400776072,0.0005278437582475481
2023-07-27,Thursday,0.0005667204324513175,0.0005667204324513175,0.002005318453289193,0.0013732072017089703,0.0008053808145229713
2023-07-28,Friday,0.00041704163831512986,0.00041704163831512986,0.0014486709541474243,2.1949559911305094e-05,0.0005927422010494343
2023-07-31,Monday,0.0006773587379276247,0.0006773587379276247,0.0011143643753005457,0.0006773587379276247,0.0
2023-08-01,Tuesday,-6.58053477812226e-05,6.58053477812226e-05,0.000943209984864785,4.38702318541484e-05,0.0001535323404908695
2023-08-02,Wednesday,-0.0008369122343354629,0.0008369122343354629,0.0014095363946701603,0.0011892963330030204,0.0002866340344842566
2023-08-03,Thursday,0.0003788891860569965,0.0003788891860569965,0.0022733351163413537,0.0010698047606312322,0.0004676435220237751
2023-08-04,Friday,0.0029162307161461065,0.0029162307161461065,0.005765677522762127,0.0018699494668419359,0.0010888163011355534
2023-08-07,Monday,0.0025470306984227697,0.0025470306984227697,0.0027034273202556783,0.0013628848474016575,0.0011378594855091517
2023-08-08,Tuesday,0.00042455254396367437,0.00042455254396367437,0.0015641409514446977,0.0008267602171920796,0.0004241923600722952
2023-08-09,Wednesday,-0.00044474093840340956,0.00044474093840340956,0.0016233044251722512,0.0004892150322436395,6.67363690965983e-05
2023-08-10,Thursday,0.0014049955396966407,0.0014049955396966407,0.006601248884924256,0.002207850133808975,0.003598408654061025
2023-08-11,Friday,-0.0036556921144702548,0.0036556921144702548,0.004014533058221989,0.0021979007804791006,0.0014161122100341261
2023-08-14,Monday,-0.00047163455059962,0.00047163455059962,0.0018865382023985425,0.0010331042536944057,0.0004495897493537182
2023-08-15,Tuesday,-0.0006736123585414644,0.0006736123585414644,0.002514819471887921,2.2453745284645166e-05,0.0006511732345346744
2023-08-16,Wednesday,-0.001039289668105181,0.001039289668105181,0.0018752400533200426,0.00020333928289018033,0.001174689949623997
2023-08-17,Thursday,0.0012248786462822903,0.0012248786462822903,0.0016331715283764172,0.001134146894705701,0.0002719361856418079
2023-08-18,Friday,0.00043809084620693994,0.00043809084620693994,0.0012220428867880395,0.00046114825916532265,0.0008996539792387459
2023-08-21,Monday,-0.0018021717309973928,0.0018021717309973928,0.002144356236882922,0.00100374121726432,0.0008904922824002348
2023-08-22,Tuesday,-0.0012902641646105328,0.0012902641646105328,0.0019467143536229569,0.000746995042669174,0.0004757481706351152
2023-08-23,Wednesday,0.00043344359530061993,0.00043344359530061993,0.0016425230979811275,0.0012318923234857504,0.0008202323991797211
2023-08-24,Thursday,-0.000359558641767288,0.000359558641767288,0.0014157621519584607,0.000359558641767288,4.495897493550505e-05
2023-08-25,Friday,0.0002507408251652965,0.0002507408251652965,0.0010029633006610388,0.0006154547526784349,0.00029616804119014795
2023-08-28,Monday,0.0009735996015032278,0.0009735996015032278,0.001177376262283163,0.00047547887515286824,0.0004526013261219042
2023-08-29,Tuesday,0.0011765238246073118,0.0011765238246073118,0.0016742839042490816,0.0010860219919452963,6.780120686133984e-05
2023-08-30,Wednesday,0.0004895742928989755,0.0004895742928989755,0.0024033647105947973,8.879097403036162e-05,0.00044504773136910813
2023-08-31,Thursday,-0.0008616689865447169,0.0008616689865447169,0.0021210313514946192,0.0010826097523254363,0.0002875533632684668
2023-09-01,Friday,0.001480859340465157,0.001480859340465157,0.003956325700645435,0.0009061975068518358,0.0005962370815300044
2023-09-05,Tuesday,0.0020222222222223696,0.0020222222222223696,0.0028222222222221817,0.000888888888888939,0.0009100998890123613
2023-09-06,Wednesday,0.0003569357069559409,0.0003569357069559409,0.0013162004193995266,0.00031231874358628176,0.0008034638218095136
2023-09-07,Thursday,-0.0025885742583171556,0.0025885742583171556,0.00347949399000582,0.001845765992886994,0.0005864176647043529
2023-09-08,Friday,4.4962007103910295e-05,4.4962007103910295e-05,0.0011690121847038842,0.0006969111101120529,0.0006065916290356466
2023-09-11,Monday,0.00040196516301915786,0.00040196516301915786,0.0007146047342563492,0.0001339883876729786,0.00033494852957605126
2023-09-12,Tuesday,-0.0006480736569232093,0.0006480736569232093,0.0013631894162867918,0.00033521051220164466,0.0008490292021359203
2023-09-13,Wednesday,0.0004260280730077337,0.0004260280730077337,0.005336562177676118,0.0013005067491816957,0.0016838040501099272
2023-09-14,Thursday,0.0012716685630145275,0.0012716685630145275,0.0028333667982954774,2.2309974789802567e-05,0.0012940074070768581
2023-09-15,Friday,-0.0018261179404952532,0.0018261179404952532,0.001959736326385167,0.0008685195082844821,0.0009806980787232522
2023-09-18,Monday,0.00029348684953145465,0.00029348684953145465,0.0009481882831018379,0.0,0.00038382515635215775
2023-09-19,Tuesday,-0.0017340780109901255,0.0017340780109901255,0.0018692009728852898,0.0015539140617962799,0.0001353393634538902
2023-09-20,Wednesday,0.0008335586194467837,0.0008335586194467837,0.0014643597368657684,0.00018022889069113646,0.0006532120010811493
2023-09-21,Thursday,6.894491301467909e-05,6.894491301467909e-05,0.0016546779123480966,0.000436651115758524,0.00045981239654224737
2023-09-22,Friday,-0.0006695294823844122,0.0006695294823844122,0.0010389250588725251,0.00036523987625236565,0.00034642032332554695
2023-09-25,Monday,-0.0002989352035229764,0.0002989352035229764,0.0014911810620004808,0.0005591928982502381,0.0009274437665905966
2023-09-26,Tuesday,-0.0017888672056499688,0.0017888672056499688,0.003159557661927362,0.00085958554037735,0.0008836181839321222
2023-09-27,Wednesday,0.0012640745335799064,0.0012640745335799064,0.002106790889299923,0.0008661251433788042,0.00037420773206742197
2023-09-28,Thursday,-0.002438452520515888,0.002438452520515888,0.005650644783118464,0.0008675263774912123,0.0015019948368928393
2023-09-29,Friday,0.0014156088278294288,0.0014156088278294288,0.002715184145181165,0.0017172959550717515,0.00018535681186293562
2023-10-02,Monday,-0.00037505860290676374,0.00037505860290676374,0.0013595874355368984,0.0005157055789966059,0.000726420620972501
2023-10-03,Tuesday,-0.002116203061440558,0.002116203061440558,0.0025159303063791603,0.0018105292858990873,0.00042395835786801506
2023-10-04,Wednesday,0.0002129975860272193,0.0002129975860272193,0.002224641454063515,0.001325318313059043,0.0009691754916792972
2023-10-05,Thursday,-0.0020718557235014368,0.0020718557235014368,0.0037905542214060686,0.0032019588454113013,0.0011337332892438212
2023-10-06,Friday,-0.009399293286219135,0.009399293286219135,0.01163722025912838,0.007797408716136656,0.0015433564441068581
2023-10-09,Monday,-0.0016152441593707545,0.0016152441593707545,0.0021536588791610466,0.0021068402078749937,0.0003049066516558341
2023-10-10,Tuesday,0.0009713228492136405,0.0009713228492136405,0.0012950971322849268,0.0001850138760408626,0.0006242052941856091
2023-10-11,Wednesday,0.0005964944480132406,0.0005964944480132406,0.0029824722400660993,0.0008717995778654286,0.001423585598824495
2023-10-12,Thursday,-0.002601551802829727,0.002601551802829727,0.004518484710177913,0.00244180739388411,0.00020587898890533918
2023-10-13,Friday,0.0029042965148442512,0.0029042965148442512,0.0031347962382445456,0.001728747925502594,0.001196557595839698
2023-10-16,Monday,0.00281976609809087,0.00281976609809087,0.0031202329773955665,0.0016872370914804424,0.0010151347360649599
2023-10-17,Tuesday,-0.0025994341054955683,0.0025994341054955683,0.002645441788778674,0.0010811805571530053,0.0014049148990074034
2023-10-18,Wednesday,-0.0015880687702823915,0.0015880687702823915,0.002278303298119582,0.0009206195769754233,0.000645042388499717
2023-10-19,Thursday,0.0014866089057163911,0.0014866089057163911,0.00325195698125487,0.0009059023019208912,0.000626624582250157
2023-10-20,Friday,0.0010124317197210964,0.0010124317197210964,0.001624599736296849,0.0010595215671500569,4.7040007526533145e-05
2023-10-23,Monday,-0.0005955642375586878,0.0005955642375586878,0.0015008218786478201,0.0005002739595494354,0.001071505107507753
2023-10-24,Tuesday,0.00030729954614217014,0.00030729954614217014,0.0010400907715582396,2.363842662633786e-05,0.00030729954614217014
2023-10-25,Wednesday,-0.0017271157167531026,0.0017271157167531026,0.0022002981049045515,0.001419547164454582,0.0002606326264661396
2023-10-26,Thursday,0.003903426340899241,0.003903426340899241,0.005662377716736461,0.0028673316948579775,0.0011052909798643373
2023-10-27,Friday,0.0006763285024153909,0.0006763285024153909,0.003164251207729474,4.830917874398821e-05,0.0006763285024153909
2023-10-30,Monday,-2.420428415828013e-05,2.420428415828013e-05,0.0008955585138569638,0.00016942998910818297,2.420428415828013e-05
2023-10-31,Tuesday,-0.0012961762799741372,0.0012961762799741372,0.0021602937999567395,0.001656225246633558,0.0003125450786169992
2023-11-01,Wednesday,0.0033329337009950777,0.0033329337009950777,0.004148183671022566,0.0030451984174559854,0.00033468802295000266
2023-11-02,Thursday,0.002254314899612586,0.002254314899612586,0.002653516496418916,0.0016437712809673766,0.0005860840210052398
2023-11-03,Friday,0.005202647776100466,0.005202647776100466,0.006363953083265612,0.00510974335152703,4.62139242554116e-05
2023-11-06,Monday,0.0002757036186100681,0.0002757036186100681,0.0008271108558298836,0.0004824813325674526,0.0001377948235078419
2023-11-07,Tuesday,0.0011958971528447382,0.0011958971528447382,0.0013338852858655098,0.0003679683547215262,0.0007816091954022664
2023-11-08,Wednesday,0.0,0.0,0.0006632816431087792,0.0002515895887653663,0.0002974215836557548
2023-11-09,Thursday,0.0006387881276663787,0.0006387881276663787,0.0015741564574635496,0.00013688317021420815,0.0004105558469995607
2023-11-10,Friday,0.0015398051112336386,0.0015398051112336386,0.0022982165839308694,0.0008503401360544505,0.0007808014697439081
2023-11-13,Monday,-0.0019312914659638247,0.0019312914659638247,0.0024993183677179467,0.0017268017813323322,0.00025035276981200116
2023-11-14,Tuesday,0.013184768302092253,0.013184768302092253,0.015386011891253965,0.011187763808832019,0.0018400089756536175
2023-11-15,Wednesday,-0.0016849946789643244,0.0016849946789643244,0.004611564384533487,0.0027492018446257926,0.0009336237940691383
2023-11-16,Thursday,0.001847359166685214,0.001847359166685214,0.002626366044203091,0.000979322931736748,0.0008226792662591187
2023-11-17,Friday,-0.0013700782870258443,0.0013700782870258443,0.0019699025451583255,0.0007946011390019825,0.0005095146319310517
2023-11-20,Monday,0.0013318830606672272,0.0013318830606672272,0.0015760616217895614,0.0009767142444894183,0.00028827390455909985
2023-11-21,Tuesday,-0.0009702529272971328,0.0009702529272971328,0.001301020970693896,0.0007717921012592166,0.00030892120302739023
2023-11-22,Wednesday,0.00024184328555110213,0.00024184328555110213,0.0013851024536100508,0.00030780054524659484,0.000571818161824611
2023-11-24,Friday,0.0003294892915979286,0.0003294892915979286,0.0007907742998352853,0.00024162548050532529,4.391936404757324e-05
2023-11-27,Monday,-0.0007693153093746297,0.0007693153093746297,0.001714474118035014,0.00048356962303541806,0.00024191242770110755
2023-11-28,Tuesday,0.00015422918456819978,0.00015422918456819978,0.0007270804415362128,0.00015422918456819978,2.202982838772627e-05
2023-11-29,Wednesday,-0.0005903445863215673,0.0005903445863215673,0.004679027461955541,0.00045915690047237945,0.00013124794925079009
2023-11-30,Thursday,-0.0004606445954834504,0.0004606445954834504,0.0018417013812759811,0.0005700504275378826,0.0008987508218277762
2023-12-01,Friday,-0.0008994604553230756,0.0008994604553230756,0.0010308373908847006,0.00013159626266612268,0.0006364354350401058
2023-12-04,Monday,-0.0021424511389970258,0.0021424511389970258,0.0022517598705785262,0.0013554282716103927,0.0007662164233017688
2023-12-05,Tuesday,-0.0009221446449741988,0.0009221446449741988,0.001427128617222224,2.195582488029313e-05,0.0009221446449741988
2023-12-06,Wednesday,0.0017256820813036367,0.0017256820813036367,0.0019659669280674046,0.0011140479259048597,0.0006546216286986706
2023-12-07,Thursday,0.0019981992269852977,0.0019981992269852977,0.0025474349964863512,0.0012517568517216304,0.0007455091790407042
2023-12-08,Friday,-2.1856490284744012e-05,2.1856490284744012e-05,0.0058575393963237535,0.0012458199462330732,0.0012006898508961639
2023-12-11,Monday,6.523015372561503e-05,6.523015372561503e-05,0.000587071383531521,0.00034789415320390926,0.000326235890297788
2023-12-12,Tuesday,-0.0026783014385071136,0.0026783014385071136,0.004967817184327641,0.001511944360447659,0.0011032990805840415
2023-12-13,Wednesday,0.0009250494793908715,0.0009250494793908715,0.0027106101024008066,0.0004302555718096457,0.000516095735759059
2023-12-14,Thursday,0.0027329350451252843,0.0027329350451252843,0.0034532435066310656,0.0016948434388373013,0.0010786802030455789
2023-12-15,Friday,-0.002207927308239266,0.002207927308239266,0.004012483281319753,0.002674988854213134,0.0005100581074544142
2023-12-18,Monday,0.0005523101433881905,0.0005523101433881905,0.001274561869357336,0.00011683483802449324,0.0006373350895456653
2023-12-19,Tuesday,-0.00031708451359235834,0.00031708451359235834,0.0006975859299031498,0.0002325286433011442,8.457553652596594e-05
2023-12-20,Wednesday,-0.00014829337111754715,0.00014829337111754715,0.00046407598358273684,0.00010483898356405952,0.00040069172044365775
2023-12-21,Thursday,0.0028056452984186464,0.0028056452984186464,0.00930964121748001,0.0035708212888965196,0.0007624534056251964
2023-12-22,Friday,0.0017542747236487521,0.0017542747236487521,0.0037621795278252757,0.0012258787225498669,0.0005911163654788165
2023-12-26,Tuesday,-6.325377414184707e-05,6.325377414184707e-05,0.0007168761069409948,0.0002951842793286197,0.0002530951426824579
2023-12-27,Wednesday,-0.0005672149744753163,0.0005672149744753163,0.0007142707085985063,0.0002941114682464274,0.00035721039692382384
2023-12-28,Thursday,-0.0010269522571991763,0.0010269522571991763,0.0012574925598357353,4.1916418661358534e-05,0.0010060151321442667
2023-12-29,Friday,-0.0005034084950183981,0.0005034084950183981,0.0006712113266911236,4.195070791812583e-05,0.0004824432604774165
2024-01-02,Tuesday,0.0005935347111816203,0.0005935347111816203,0.0014626391096979284,0.0007631160572336704,0.00014827367083258824
2024-01-03,Wednesday,-0.0008704144021739468,0.0008704144021739468,0.0013799252717392027,2.122961956529945e-05,0.0008704144021739468
2024-01-04,Thursday,-0.0011508951406649093,0.0011508951406649093,0.00159846547314578,0.001129582267689666,4.2676681461406574e-05
2024-01-05,Friday,-8.576145451433259e-05,8.576145451433259e-05,0.004395274543856288,0.001415063999485433,0.0014386944384796596
2024-01-08,Monday,-0.00036310045067178276,0.00036310045067178276,0.0011106602020546825,0.00010679425019755051,0.0005125357707256306
2024-01-09,Tuesday,-0.0011216456446286882,0.0011216456446286882,0.0013332768983323362,0.0009523406416659386,0.00012710517953606892
2024-01-10,Wednesday,-0.000864942407493241,0.000864942407493241,0.0008860385637735941,0.0005274039070081171,0.00029551451187337374
2024-01-11,Thursday,-0.005166499330655938,0.005166499330655938,0.0069026104417670925,0.00372322623828647,0.001553479584339268
2024-01-12,Friday,0.0017662272125149592,0.0017662272125149592,0.002544208246599038,0.0013246704093863304,0.00033594389736912866
2024-01-16,Tuesday,-0.00040016849199664417,0.00040016849199664417,0.0021482729570346222,0.0008635214827295012,0.0013256459893947747
2024-01-17,Wednesday,-0.0018610553029502208,0.0018610553029502208,0.006281061647456848,0.0013746431214973764,0.0004870817450232101
2024-01-18,Thursday,-0.0018541930046355182,0.0018541930046355182,0.00309734513274342,0.001517067003792727,0.00023215077137361817
2024-01-19,Friday,-0.0010229645093945416,0.0010229645093945416,0.001628392484342323,0.0005010438413360907,0.0004804277896144349
2024-01-22,Monday,-0.000681311421257047,0.000681311421257047,0.0012387480386488684,0.0010322900322073947,0.0004133683318521264
2024-01-23,Tuesday,-0.00010323752890650795,0.00010323752890650795,0.0009910802775025152,0.0005368351503138857,0.000639729250072274
2024-01-24,Wednesday,-0.0007994260530901354,0.0007994260530901354,0.0012708824433739971,0.0006969355334631722,6.15397238917792e-05
2024-01-25,Thursday,0.0028191040599212513,0.0028191040599212513,0.004053748173755638,0.002284091610593064,0.0004927119687947457
2024-01-26,Friday,0.0019283633528905941,0.0019283633528905941,0.0034464366306979177,0.0011077832027244217,0.0007991639515583238
2024-01-29,Monday,4.102900750835303e-05,4.102900750835303e-05,0.00043080457883719597,0.0003077175563123147,0.0002667487432030935
2024-01-30,Tuesday,-0.0001835535976504321,0.0001835535976504321,0.0004486865720346453,8.157937673358706e-05,8.160101185250568e-05
2024-01-31,Wednesday,-0.001165382020404393,0.001165382020404393,0.0025761076240518304,0.0010427102287828838,0.0001637264131635341
2024-02-01,Thursday,0.0005773314913708472,0.0005773314913708472,0.001752613455947475,0.0002886657456855346,0.0002473461815932776
2024-02-02,Friday,-0.0056695793537898664,0.0056695793537898664,0.006076000812842936,0.0022353180247917104,0.003502840966946974
2024-02-05,Monday,-0.0005880206009976074,0.0005880206009976074,0.0009529989050651431,0.00024331886937833946,0.0003245106987121993
2024-02-06,Tuesday,0.0004258252899667081,0.0004258252899667081,0.0007502636061318934,0.00014194176332216202,0.00024328433857068177
2024-02-07,Wednesday,0.00018165670918768306,0.00018165670918768306,0.0008477313095430646,0.0006257064427579451,0.0003429493645350501
2024-02-08,Thursday,0.000904704463208672,0.000904704463208672,0.0015882589465218409,0.0007036590269400289,8.035194150379787e-05
2024-02-09,Friday,0.0012016823552973843,0.0012016823552973843,0.003885439615461642,0.0018225515722010144,0.0005997600959616323
2024-02-12,Monday,-0.0003391859537110742,0.0003391859537110742,0.00039904229848361657,0.00031923383878684763,7.982916558568753e-05
2024-02-13,Tuesday,-0.009449449449449476,0.009449449449449476,0.010070070070070129,0.008088088088088141,0.0012111914086156972
2024-02-14,Wednesday,6.043878558337212e-05,6.043878558337212e-05,0.0013900920684167006,0.0009267280456111138,0.0009459214683922301
2024-02-15,Thursday,0.0003202946710973986,0.0003202946710973986,0.0023421547823998397,0.001141049765784441,0.0010195717798524573
2024-02-16,Friday,-0.0018905472636815412,0.0018905472636815412,0.004059701492537354,0.0031442786069650897,0.001337645743491489
2024-02-20,Tuesday,-8.035516985083202e-05,8.035516985083202e-05,0.0040177584925370135,0.00064284135880599,0.0007628530704836267
2024-02-21,Wednesday,0.0007878151260503063,0.0007878151260503063,0.0010706205559147333,0.000505009696186276,0.0002826626824687928
2024-02-22,Thursday,0.0008933002481388286,0.0008933002481388286,0.0016873449131512971,0.0006947890818858049,0.00019837333862327
2024-02-23,Friday,0.0007280311676045592,0.0007280311676045592,0.0010428554562985114,0.0002754712526071845,0.00045243528208338546
2024-02-26,Monday,0.0006888814533430043,0.0006888814533430043,0.0011218926525872286,0.0009250693802036469,0.000236952612427066
2024-02-27,Tuesday,0.0011062602477232009,0.0011062602477232009,0.0015803717824618467,0.00017779182552701833,0.0009283033774440952
2024-02-28,Wednesday,0.0009104043382746063,0.0009104043382746063,0.0016223009480080188,0.00047499356779545643,0.00039562439420026685
2024-02-29,Thursday,0.005882818999326522,0.005882818999326522,0.0067543477399675655,0.006021471298973902,0.00017719325878096104
2024-03-01,Friday,-0.0005894141223623528,0.0005894141223623528,0.0012574167943731447,0.0010617313057488253,0.000432679070133446
2024-03-04,Monday,-0.0004686584651435455,0.0004686584651435455,0.0008982620581917194,0.00023432923257171723,0.0006033164834262639
2024-03-05,Tuesday,-0.0006072953806370851,0.0006072953806370851,0.0010382791991537625,0.0002938526035339839,0.0002939447383892846
2024-03-06,Wednesday,0.0010789391086001299,0.0010789391086001299,0.0020794099183929736,0.00043157564344009636,0.000686328339477571
2024-03-07,Thursday,0.0003125305205586848,0.0003125305205586848,0.0014063873425139708,0.0009375915616758324,0.0005659640905542052
2024-03-08,Friday,0.003440233236151613,0.003440233236151613,0.0070942662779397035,0.0038872691933915515,0.00038724417681579304
2024-03-11,Monday,0.0004905327185322772,0.0004905327185322772,0.0011968998332189025,0.00021583439615413536,0.0005082008708090502
2024-03-12,Tuesday,0.002557345046364068,0.002557345046364068,0.009272816007808687,0.004216691068813949,0.0018270165208942313
2024-03-13,Wednesday,0.0005420683780541502,0.0005420683780541502,0.0007937429821506212,0.00027103418902685306,0.00042586140147116147
2024-03-14,Thursday,-0.0017758218001430182,0.0017758218001430182,0.0024321037697608255,0.00050186268264929,0.001120275046839203
2024-03-15,Friday,-0.0006421982641187096,0.0006421982641187096,0.0015568442766513606,0.0009730276729069676,0.0003311516284867366
2024-03-18,Monday,-0.0006422482581449618,0.0006422482581449618,0.007765365303024533,0.0006811723950022053,5.8427141354622236e-05
2024-03-19,Tuesday,0.0019394651777844274,0.0019394651777844274,0.002233323538054631,0.0008228034087569558,0.0009394081728510972
2024-03-20,Wednesday,-0.0008142533103273619,0.0008142533103273619,0.0012795409162287823,0.0007754793431689055,7.955773660173193e-05
2024-03-21,Thursday,-0.00015289058767331554,0.00015289058767331554,0.0005542283803152673,0.0004777830864787225,0.00030592149289687676
2024-03-22,Friday,0.0007095734888000749,0.0007095734888000749,0.001112304387849112,0.000517796870205478,7.666213082391238e-05
2024-03-25,Monday,-5.7701184797642746e-05,5.7701184797642746e-05,0.0006539467610402213,3.846745653190986e-05,0.00011539571112617608
2024-03-26,Tuesday,-0.001111494385037104,0.001111494385037104,0.0015714230960868689,0.0012648039553870838,0.0001535037224653646
2024-03-27,Wednesday,0.0012099097368927225,0.0012099097368927225,0.0012483195698098275,0.0007681966583445998,0.00042217574024694393
2024-03-28,Thursday,0.00022944989387951864,0.00022944989387951864,0.001682632555115768,0.0005545039102085036,0.0007269527289421873
2024-04-01,Monday,0.0002480868685712512,0.0002480868685712512,0.0010495982901088806,0.00028625407912064027,3.815628815628802e-05
2024-04-02,Tuesday,-0.002690807049914423,0.002690807049914423,0.00288300755347979,0.001922005035653207,0.000828005853808933
2024-04-03,Wednesday,0.00034762456546943987,0.00034762456546943987,0.0012939358825800678,0.0005986867516416527,0.0001158211721101754
2024-04-04,Thursday,0.002837967401725816,0.002837967401725816,0.00343240651965499,0.0012847555129433808,0.001493680582152379
2024-04-05,Friday,-1.9436345966905577e-05,1.9436345966905577e-05,0.006295432458697828,0.0020408163265304147,0.0021721844029402027
2024-04-08,Monday,0.0012134753548933563,0.0012134753548933563,0.0017335362212762243,0.00021187664926713978,0.0009628345850183351
2024-04-09,Tuesday,0.00034630035784388724,0.00034630035784388724,0.0008849898033782037,0.0006156450806111824,0.00036527924637108633
2024-04-10,Wednesday,-0.014946304727873505,0.014946304727873505,0.01778956064011679,0.01646398862697629,0.001543089303851941
2024-04-11,Thursday,0.0065270069569294265,0.0065270069569294265,0.007758148987727717,0.005022277808176323,0.0014193222250304949
2024-04-12,Friday,-0.004143913868556615,0.004143913868556615,0.00435691878703381,0.003524263196622801,0.0005247303469050335
2024-04-15,Monday,0.0023758057291971557,0.0023758057291971557,0.0042647660220834155,0.001850012657981459,0.0003109392308140446
2024-04-16,Tuesday,0.0010693916349810983,0.0010693916349810983,0.0031289607097591573,0.002336818757921355,0.0012250059274480085
2024-04-17,Wednesday,0.0011093502377179654,0.0011093502377179654,0.0015847860538827482,0.0004358161648176928,0.000772323108303441
2024-04-18,Thursday,0.00037894652865033684,0.00037894652865033684,0.0019146771973912115,0.0003590019745107753,0.0001196363056308325
2024-04-19,Friday,-0.0007202737040075124,0.0007202737040075124,0.0022608591264680488,0.0003801444548928723,0.00034025859653341595
2024-04-22,Monday,0.001285432833420419,0.001285432833420419,0.0019299585863052943,0.0016284025571950966,0.00024208117547874775
2024-04-23,Tuesday,0.0014180147793090292,0.0014180147793090292,0.001697623327341767,0.0010185739964050367,0.0002593360995850613
2024-04-24,Wednesday,-0.0018145773744945304,0.0018145773744945304,0.0028010651938061267,0.0008482098826314566,0.0009474640184793381
2024-04-25,Thursday,-0.005690976022286409,0.005690976022286409,0.0073624514973635365,0.004417470898418152,0.001339035894156293
2024-04-26,Friday,0.0001577566997297275,0.0001577566997297275,0.0055037368618248445,0.0018536412218257414,0.0017123961736802418
2024-04-29,Monday,0.00041202323026201526,0.00041202323026201526,0.0010006278449222862,0.00039240307644017314,1.9611688566345542e-05
2024-04-30,Tuesday,-0.0030606238964097088,0.0030606238964097088,0.004237786933490226,0.0032371983519716707,0.00013777629066868968
2024-05-01,Wednesday,0.0012191709637445758,0.0012191709637445758,0.0022984370627972526,0.001319103009953304,0.00019958088015170627
2024-05-02,Thursday,9.925952395128945e-05,9.925952395128945e-05,0.0031167490520715327,0.0018660790502849078,0.0017437482661595283
2024-05-03,Friday,0.006525510606419038,0.006525510606419038,0.009068685434902543,0.0062889362037694685,0.00017631156212050136
2024-05-06,Monday,-0.00031153254541571584,0.00031153254541571584,0.0005257111703887961,0.00027259097723864034,3.895218619165419e-05
2024-05-07,Tuesday,0.0010644680562812425,0.0010644680562812425,0.001064468056281241,0.000716096692407131,0.00032877560098243386
2024-05-08,Wednesday,-0.00021337678460586762,0.00021337678460586762,0.001204608938547449,0.0003879577901922948,0.00017464876193407086
2024-05-09,Thursday,0.00123846198502231,0.00123846198502231,0.001857692977533596,0.001296514890570366,1.932740626209295e-05
2024-05-10,Friday,-0.001340893418128708,0.001340893418128708,0.0013983602789058658,0.0007853804306182655,0.0005559496194620372
2024-05-13,Monday,0.0006896948100465483,0.0006896948100465483,0.0009006264727857964,0.0006322202425426138,5.743825387716228e-05
2024-05-14,Tuesday,-0.00021114054282311834,0.00021114054282311834,0.0057007946562248595,0.00040231870705209616,0.00021122974114762272
2024-05-15,Wednesday,0.004371981137478942,0.004371981137478942,0.006128410240745407,0.0037992325168483276,0.0006276747503566327
2024-05-16,Thursday,-0.0012437576557051688,0.0012437576557051688,0.0018467916705927037,0.0005653443889568344,0.0006599539917788722
2024-05-17,Friday,0.00035907999924411627,0.00035907999924411627,0.0004906166726515059,0.00015119157862919508,0.00020785699438796712
2024-05-20,Monday,-0.0009430403621274452,0.0009430403621274452,0.0010562052055829105,0.0009241795548849963,3.775579551457131e-05
2024-05-21,Tuesday,-0.00035862589656465715,0.00035862589656465715,0.0007172517931294743,0.00043412608531501196,7.553297958717842e-05
2024-05-22,Wednesday,0.0002450656964578801,0.0002450656964578801,0.0006032386374348219,0.00026391690387761457,1.8846943967920637e-05
2024-05-23,Thursday,-0.0002809778027534904,0.0002809778027534904,0.000618151166057958,7.49274140674494e-05,0.00037460198539041034
2024-05-24,Friday,0.0008728984022163822,0.0008728984022163822,0.0018027249610989633,0.0014991081255455452,0.0006820765441453158
2024-05-28,Tuesday,-0.00020740237947092233,0.00020740237947092233,0.0011878499915153487,0.0005279333295623578,0.00026409114917380627
2024-05-29,Wednesday,-0.0011204162631269776,0.0011204162631269776,0.00125334700620992,0.0009115250954253584,0.0002280848475633146
2024-05-30,Thursday,0.000572475383558535,0.000572475383558535,0.0014502709716815339,0.0012021983054728569,0.000643252283545559
2024-05-31,Friday,0.0030208592241363075,0.0030208592241363075,0.004753073437470107,0.0033841271055197186,0.00034299434059326117
2024-06-03,Monday,-0.0005107155692586351,0.0005107155692586351,0.0008133618325230295,5.674617436202123e-05,0.00045399515738497875
2024-06-04,Tuesday,0.0004944469800700624,0.0004944469800700624,0.0009888939601399318,7.606876616450542e-05,0.0004183463908116192
2024-06-05,Wednesday,0.0013401789422025079,0.0013401789422025079,0.0017365698969382746,0.0009060364679678301,0.000433749481386414
2024-06-06,Thursday,-0.00029913251570434785,0.00029913251570434785,0.0020752318276996964,0.000673048160335088,0.00043031675054727714
2024-06-07,Friday,-0.005026252358975469,0.005026252358975469,0.009286421644649615,0.006483678693548156,0.001598796200507957
2024-06-10,Monday,-0.0013114017010752432,0.0013114017010752432,0.0014800104912135405,0.00029974896024576037,0.0006748650269946532
2024-06-11,Tuesday,-9.360140776504267e-05,9.360140776504267e-05,0.0008236923883336227,0.00028080422329579413,0.00031817331087391487
2024-06-12,Wednesday,0.007812935989731429,0.007812935989731429,0.009394125416224778,0.006157337649050243,0.001645466646945648
2024-06-13,Thursday,0.0006266472528888567,0.0006266472528888567,0.003077943859778386,0.00044233923733316693,0.00029479502533380497
2024-06-14,Friday,-0.00011099805753389536,0.00011099805753389536,0.0008879844602719789,0.00011099805753400638,0.0002959400721352923
2024-06-17,Monday,-0.00029493087557597164,0.00029493087557597164,0.0009769585253455717,0.0004423963133640685,5.457533018071725e-05
2024-06-18,Tuesday,-0.0008038291497678429,0.0008038291497678429,0.0018268844312908765,0.0010595929701487927,0.00023774254311392795
2024-06-20,Thursday,-0.0014353458456729529,0.0014353458456729529,0.001853231345046207,0.001508021584694541,9.09835319808927e-05
2024-06-21,Friday,0.001451192181931571,0.001451192181931571,0.0015981483522539486,0.0011389103199970219,0.00027521925800888525
2024-06-24,Monday,-0.0011925730221634678,0.0011925730221634678,0.0014127403493321257,0.0010457948040509812,0.00020202020202020332
2024-06-25,Tuesday,-0.00011028803558621458,0.00011028803558621458,0.0009558296417476644,0.0008087789276325363,0.000846350573126653
2024-06-26,Wednesday,-0.0010470819479398985,0.0010470819479398985,0.0013226298289766654,0.0003857670334516117,0.0005881055649490374
2024-06-27,Thursday,0.0014313502403933143,0.0014313502403933143,0.001853415054868409,0.0010092854259182715,0.0004950041250344484
2024-06-28,Friday,-0.0008029197080292594,0.0008029197080292594,0.0028649635036495187,1.824817518247812e-05,0.0007657219356341782
2024-07-01,Monday,-0.00011000495022261969,0.00011000495022261969,0.0010083787103752169,0.0005683589094841457,0.0005136766405546833
2024-07-02,Tuesday,-0.00011043622308104517,0.00011043622308104517,0.0008282716731086542,0.0005153690410454326,0.0004788389995948883
2024-07-03,Wednesday,-0.0005284930658063791,0.0005284930658063791,0.0008382993457620986,0.0005831647622693836,7.293946024811149e-05
2024-07-05,Friday,-0.0006159420289855166,0.0006159420289855166,0.0034782608695651434,9.057971014492239e-05,0.0007607593102449961
2024-07-08,Monday,0.0002522249846865776,0.0002522249846865776,0.0003783374770295759,0.0001261124923432888,0.0001250156269534397
2024-07-09,Tuesday,0.00023377931232926308,0.00023377931232926308,0.0005394907207595211,0.0001427852107611649,0.0002877439079220778
2024-07-10,Wednesday,-0.0003050421675936388,0.0003050421675936388,0.00046474071415757146,1.7943656917318584e-05,0.00023328428381719224
2024-07-11,Thursday,-0.001299001726070781,0.001299001726070781,0.0044842251365730945,0.0011566453725286863,0.0025946330193709066
2024-07-12,Friday,0.00150916277398494,0.00150916277398494,0.0045095220984548885,0.0008084800574919004,0.0007360465325028098
2024-07-15,Monday,-0.0005338743259836187,0.0005338743259836187,0.0008541989215738939,0.0003915078390545057,0.00017802146938927788
2024-07-16,Tuesday,0.0006226206994699446,0.0006226206994699446,0.0022058561924076015,0.0011740847475716354,0.000479778235837669
2024-07-17,Wednesday,-0.001107637338097378,0.001107637338097378,0.001536400178651208,0.0006252791424743442,0.0005183940509813079
2024-07-18,Thursday,0.0007163323782235498,0.0007163323782235498,0.0011461318051575688,0.0004297994269342187,0.0002505996491604101
2024-07-19,Friday,0.001609403254972941,0.001609403254972941,0.0017721518987342101,0.0011754068716094412,0.0004873377091372255
2024-07-22,Monday,-0.0008864606700919042,0.0008864606700919042,0.001230190317678468,0.0002351834430855959,0.0005971769815418249
2024-07-23,Tuesday,0.0004147955779185697,0.0004147955779185697,0.0012624213240995,9.017295172131234e-05,0.0002524432904178475
2024-07-24,Wednesday,-0.0006011804998905523,0.0006011804998905523,0.0012570137724986171,0.0003825694090212606,0.00010935933655320529
2024-07-25,Thursday,0.0024983806791893937,0.0024983806791893937,0.0042565004163969055,0.0016840936430091435,0.0007759385161101306
2024-07-26,Friday,-0.0011045858723467417,0.0011045858723467417,0.0028535135035624147,0.0011782249305033465,0.00014746271958121504
2024-07-29,Monday,-0.0006396666422984199,0.0006396666422984199,0.002010380875795056,0.0006762190218583264,0.0013332359279687456
2024-07-30,Tuesday,0.00010994246344409042,0.00010994246344409042,0.0005497123172205712,0.00031150364642495987,0.00018318373328451987
2024-07-31,Wednesday,0.0016061031921301705,0.0016061031921301705,0.0023726524429195824,0.0014418426383897565,0.0002551717852912194
2024-08-01,Thursday,0.0001626280696047644,0.0001626280696047644,0.0026923980412352673,0.00034332592472119394,0.0005242132282496925
2024-08-02,Friday,-0.0054870449937690635,0.0054870449937690635,0.0105090861745068,0.006454252924874004,0.0010671958959762584
2024-08-05,Monday,0.0023738988836790043,0.0023738988836790043,0.010378450491455967,0.0032567538404191243,0.0006259291135278788
2024-08-06,Tuesday,-0.002668765839797249,0.002668765839797249,0.0035519545349819957,0.0025727670685815607,1.925076040498741e-05
2024-08-07,Wednesday,0.0007387622890264733,0.0007387622890264733,0.0014017540868708855,0.0009850163853686311,9.463423866762355e-05
2024-08-08,Thursday,0.006394699333564624,0.006394699333564624,0.00922570206864674,0.007107361608690743,0.0005929496375355336
2024-08-09,Friday,-0.000717725942015246,0.000717725942015246,0.002644253470582637,0.0005477382189065239,0.0
2024-08-12,Monday,-0.0011593385825711122,0.0011593385825711122,0.0015702102698481716,0.0011593385825711122,3.7427951193880205e-05
2024-08-13,Tuesday,0.001848739495798446,0.001848739495798446,0.003958916900093379,0.001083099906629359,0.0007461433714488486
2024-08-14,Wednesday,0.0006235025249732296,0.0006235025249732296,0.004681337314313029,0.0005344833941538507,0.0001320466306929946
2024-08-15,Thursday,0.006498625114573775,0.006498625114573775,0.008505957836846904,0.00507772685609531,0.0013770085173905322
2024-08-16,Friday,-0.0014323011095800364,0.0014323011095800364,0.0026089636666907765,0.001649865835085862,7.263087175202187e-05
2024-08-19,Monday,-9.010632546391228e-05,9.010632546391228e-05,0.00048657415750582417,0.00030636150657770145,0.00012617614189425197
2024-08-20,Tuesday,-0.0005001160983799657,0.0005001160983799657,0.0007323128583420583,0.0004465322306964614,0.00010720986330736704
2024-08-21,Wednesday,-0.0006250558085544311,0.0006250558085544311,0.0007500669702653321,0.00019644611125990696,0.000500107165821162
2024-08-22,Thursday,0.000979257544734491,0.000979257544734491,0.001655835484732598,0.00028309445384144816,0.0005873244700731473
2024-08-23,Friday,0.0011087664079545423,0.0011087664079545423,0.001216066382917958,0.0005574233699348063,0.00044678759717631245
2024-08-26,Monday,0.00023087715559344524,0.00023087715559344524,0.0010833466531692572,0.0008347097163763362,0.0010486838129433185
2024-08-27,Tuesday,-0.0015888601267517455,0.0015888601267517455,0.0022672498437918093,0.0010711416584843203,0.0004289544235924758
2024-08-28,Wednesday,0.0002316093285110732,0.0002316093285110732,0.0005522991679879304,8.908051096589986e-05,0.00016033349366662009
2024-08-29,Thursday,-0.0005712755511915191,0.0005712755511915191,0.0024457734535392388,0.0010532892975096964,0.0004825219815571824
2024-08-30,Friday,-0.001621236415464078,0.001621236415464078,0.0024585783003741235,0.0008907892392659988,0.0005528803281613648
2024-09-03,Tuesday,-0.0004456725198324074,0.0004456725198324074,0.0014439789642569664,0.0003743649166592089,0.001068947087119021
2024-09-04,Wednesday,0.001145517028201537,0.001145517028201537,0.002036474716802743,0.0008145898867211177,0.00045425638230223164
2024-09-05,Thursday,0.0008546231475587973,0.0008546231475587973,0.0030911901081915297,0.0004909537230657346,0.00045440500209026347
2024-09-06,Friday,0.007385010078797771,0.007385010078797771,0.008960967564595907,0.004599596848084975,0.0027360779234992805
2024-09-09,Monday,0.001454157233051534,0.001454157233051534,0.001564599554549345,0.0008100944281850264,0.0006069188751769428
2024-09-10,Tuesday,0.0004563126289083286,0.0004563126289083286,0.00111340281453632,0.0006205851753153802,0.00012769295317327511
2024-09-11,Wednesday,-0.0009479018557003727,0.0009479018557003727,0.005559808961318437,0.0035910897225565064,0.0025059905979620822
2024-09-12,Thursday,-0.0017800952980311369,0.0017800952980311369,0.0033444214690281646,0.0006473073811021912,0.0011335216538620463
2024-09-13,Friday,0.00016065404044907083,0.00016065404044907083,0.0016779422002462306,0.0005533639171025895,0.0006920724220300656
2024-09-16,Monday,-5.342260844787283e-05,5.342260844787283e-05,0.0008266258280504404,0.0001246527530449626,7.12390247377126e-05
2024-09-17,Tuesday,0.00014153280022655146,0.00014153280022655146,0.0014684028023495168,0.0006368976010190375,0.0006549252146208495
2024-09-18,Wednesday,0.00042590193607927596,0.00042590193607927596,0.0010470089261948002,0.0008695497861617163,0.0005318677422213591
2024-09-19,Thursday,-0.0007012622720897754,0.0007012622720897754,0.0012096774193549344,0.0005084151472649623,0.00010525207872846831
2024-09-20,Friday,0.0005979283541144298,0.0005979283541144298,0.0008089618908605533,0.0006331006102386905,5.272407732859197e-05
2024-09-23,Monday,0.00042178520588387336,0.00042178520588387336,0.001072037398288279,0.00012302068504954633,0.0004393673110720808
2024-09-24,Tuesday,0.00015786150284147205,0.00015786150284147205,0.0009471690170489785,0.00026310250473582375,0.00042107479341013665
2024-09-25,Wednesday,0.00013642204040786865,0.00013642204040786865,0.0006647728695614095,4.8859755165331364e-05,8.755800717996642e-05
2024-09-26,Thursday,-6.960274234812935e-05,6.960274234812935e-05,0.0011658459343299391,1.740068558708785e-05,0.00015659254619482255
2024-09-27,Friday,0.00101221640488669,0.00101221640488669,0.0018324607329842139,0.0009947643979058007,0.00019174118426334985
2024-09-30,Monday,-3.507295173954539e-05,3.507295173954539e-05,0.000683922558922535,0.00036826599326600373,0.00038596491228082286
2024-10-01,Tuesday,0.0002616066134151218,0.0002616066134151218,0.0005929749904076148,3.4880881788712514e-05,0.0002616066134151218
2024-10-02,Wednesday,0.0016578483245150988,0.0016578483245150988,0.0025396825396824356,0.002028218694885231,0.0004575853572685862
2024-10-03,Thursday,-0.0017769801893099402,0.0017769801893099402,0.002427953129948266,0.0007565361202012122,0.0010563938236174408
2024-10-04,Friday,0.004928959831608459,0.004928959831608459,0.005349938607261804,0.003209963164356955,0.0015383808541509225
2024-10-07,Monday,0.00017519885069550156,0.00017519885069550156,0.0007533550579909311,0.0005606363222259159,0.00045522989109503254
2024-10-08,Tuesday,0.0001228803145736368,0.0001228803145736368,0.0005090755889477296,5.2662991960161776e-05,5.2659294365486886e-05
2024-10-09,Wednesday,0.0,0.0,0.0009599609034103998,0.00033162285754184673,0.00038413186199193206
2024-10-10,Thursday,-0.0029981629752868777,0.0029981629752868777,0.004991161484870534,0.0029115108661743605,0.000103262934899373
2024-10-11,Friday,-0.0004163558454624017,0.0004163558454624017,0.002047082906857641,0.00012143712159340403,0.00039901460740410233
2024-10-14,Monday,0.0006028558141135676,0.0006028558141135676,0.0007234269769365843,0.00024114232564542704,0.00034440005510383287
2024-10-15,Tuesday,0.000188217579522032,0.000188217579522032,0.0007870916961826676,0.00032510309190136866,0.0006847673502927698
2024-10-16,Wednesday,-0.0007065311046010603,0.0007065311046010603,0.0007409960365327417,0.0005169739789763206,5.190370190666371e-05
2024-10-17,Thursday,0.0006152794394120864,0.0006152794394120864,0.0012074858998461894,0.00022201333105453802,0.000820540873192277
2024-10-18,Friday,0.0001370214952469695,0.0001370214952469695,0.0004453198595529518,0.0004281921726470017,0.0003081611340330914
2024-10-21,Monday,0.00041161438592252075,0.00041161438592252075,0.0006002709794707715,0.00022295779237491153,0.00010287183883406215
2024-10-22,Tuesday,-0.0008427642667950819,0.0008427642667950819,0.002063224519280438,0.0013243438478208747,0.0004822182037371725
2024-10-23,Wednesday,-0.0009621993127146844,0.0009621993127146844,0.001346563573883277,0.0009106529209621517,8.598600147891045e-05
2024-10-24,Thursday,-0.00037883353709988743,0.00037883353709988743,0.0013086976736176724,0.0002755152997089283,0.0005165200323684616
2024-10-25,Friday,0.0009637393085168977,0.0009637393085168977,0.0011186259831002993,0.0006539659593507441,0.0002751646688563536
2024-10-28,Monday,0.0019267159814209123,0.0019267159814209123,0.002201961121624095,0.0017202821262687351,0.00036069459473364596
2024-10-29,Tuesday,-0.0005345104057107308,0.0005345104057107308,0.0006724485749262657,0.0003103608807353275,0.00022421911381709236
2024-10-30,Wednesday,-0.00022349057901249747,0.00022349057901249747,0.0012206023930684165,0.00015472424700879728,0.0004984188092947983
2024-10-31,Thursday,-0.001005582717847231,0.001005582717847231,0.0012656472138422006,0.00036409029439288254,0.0006590585868396781
2024-11-01,Friday,0.0005249343832021136,0.0005249343832021136,0.004146981627296596,0.0011198600174977535,0.0005243838489775721
2024-11-04,Monday,-0.0002623386617229828,0.0002623386617229828,0.0010318654027773476,3.4978488229642224e-05,0.0002798230119448464
2024-11-05,Tuesday,-0.0007005867413960587,0.0007005867413960587,0.0009633067694195082,0.00024520535948857614,0.0008755800717975548
2024-11-06,Wednesday,-0.0017974022450572003,0.0017974022450572003,0.002322548919862933,0.001136093871875632,0.0006450955760024524
2024-11-07,Thursday,-1.687450431142601e-05,1.687450431142601e-05,0.0012993368319807216,0.0003543645905401682,0.0004049901402880529
2024-11-08,Friday,-0.0007382426469353387,0.0007382426469353387,0.0008724685827418698,0.0007382426469353387,1.6790919470821564e-05
2024-11-11,Monday,-0.0009659582972487701,0.0009659582972487701,0.0011491572846580084,0.0008843514755846327,8.33458352085259e-05
2024-11-12,Tuesday,0.0006351753418245565,0.0006351753418245565,0.0009360478721627037,0.00016715140574330434,0.0005348308597405982
2024-11-13,Wednesday,0.0019295302013422333,0.0019295302013422333,0.004582214765100662,0.004211409395973087,0.0023556535685644864
2024-11-14,Thursday,-0.001237665161398227,0.001237665161398227,0.002408429503261316,0.000568656966047909,0.0005355827810136216
2024-11-15,Friday,-0.0009206762908930965,0.0009206762908930965,0.00196320679675727,0.000626195271379526,0.00029466553767987236
2024-11-18,Monday,0.0016576096243892113,0.0016576096243892113,0.002084828599747133,0.0019481185276326585,0.00022173705396733023
2024-11-19,Tuesday,-0.005819112627986289,0.005819112627986289,0.006228668941979484,0.002303754266211655,0.0035575623856191063
2024-11-20,Wednesday,-0.0009635377047518823,0.0009635377047518823,0.0012340044288926386,0.0009635377047518823,1.6920187475677473e-05
2024-11-21,Thursday,0.00023617929382391267,0.00023617929382391267,0.0018556944514736284,0.0011640265195607125,0.00104459757720754
2024-11-22,Friday,-0.0005053227327852516,0.0005053227327852516,0.0008253604635492108,0.000656919552620927,5.0560377517383515e-05
2024-11-25,Monday,0.001804300248926527,0.001804300248926527,0.0026145647125648476,0.001052508478540437,0.0007175995460764195
2024-11-26,Tuesday,0.00023365734709557273,0.00023365734709557273,0.0008350870160670742,0.0007682800547816893,0.00015042489607164367
2024-11-27,Wednesday,3.329282706032721e-05,3.329282706032721e-05,0.0006325637141477793,0.0002496962029530092,0.00019971041989119698
2024-11-29,Friday,-0.0005832847262726704,0.0005832847262726704,0.0011832347304390014,0.0009665861178234092,0.0005005005005005447
2024-12-02,Monday,-1.6593929940467156e-05,1.6593929940467156e-05,0.0004978178982127583,0.00023231501916598507,0.00021577121611970895
2024-12-03,Tuesday,-0.00041397582381186293,0.00041397582381186293,0.0010115913230667579,0.00033118065904957916,0.0007118262481791149
2024-12-04,Wednesday,0.0006108634637609356,0.0006108634637609356,0.0008254911672445104,0.0004127455836222538,0.0001980361415958587
2024-12-05,Thursday,-3.292723081982363e-05,3.292723081982363e-05,0.0009384260783668918,0.00013170892327940553,0.00023055134707861136
2024-12-06,Friday,0.0016488046166529546,0.0016488046166529546,0.003825226710634685,0.0016982687551525544,0.0001152130618694569
2024-12-09,Monday,-9.872958065537674e-07,9.872958065537674e-07,0.000477192973218225,0.00016356200530309728,0.00013162224415919077
2024-12-10,Tuesday,-0.00016531931425556312,0.00016531931425556312,0.00033063862851085617,9.919158855320465e-05,1.6534391534372972e-05
2024-12-11,Wednesday,0.0026667550063770307,0.0026667550063770307,0.0033307935666605807,0.002385172179616646,0.0002643841501703825
2024-12-12,Thursday,-0.0005936675461741814,0.0005936675461741814,0.0024571240105541047,0.0004947229551450771,0.0001649783878312494
2024-12-13,Friday,-0.0002800520567352027,0.0002800520567352027,0.0007083669670361432,9.884190237707813e-05,0.00014828239558450917
2024-12-16,Monday,0.0004289579621197248,0.0004289579621197248,0.0006434369431795459,0.0001154886821093104,0.00037944403200529386
2024-12-17,Tuesday,0.0005461134923130384,0.0005461134923130384,0.0009763847286809404,0.0003475267678356708,0.0008111105593351375
2024-12-18,Wednesday,-0.002128642619055432,0.002128642619055432,0.0022276492524997676,0.0008587175340747377,0.0012716763005780063
2024-12-19,Thursday,-0.0017585687955493645,0.0017585687955493645,0.0019107526336258568,0.0013189265966621067,0.0005925173522939309
2024-12-20,Friday,0.0024313698441165155,0.0024313698441165155,0.004104014346806449,0.002983170092426546,0.00042986347536022596
2024-12-23,Monday,-0.002755659244983222,0.002755659244983222,0.0036685770316646532,0.002941623979307195,0.0002034725990234243
2024-12-24,Tuesday,0.0003022264011551812,0.0003022264011551812,0.0006884045804091504,3.358071123948925e-05,0.00023504919243810818
2024-12-26,Thursday,-0.0003170259627578442,0.0003170259627578442,0.0012847894280183904,0.0004671961556431681,0.00018363326767056876
2024-12-27,Friday,-0.0007008994876759322,0.0007008994876759322,0.0009512207332744522,0.00018356891343895843,0.00046737551953812684
2024-12-30,Monday,-0.0030044812601845994,0.0030044812601845994,0.004175719717544875,0.0017653449212383654,0.0012073597932182878
2024-12-31,Tuesday,-0.00020334847149727775,0.00020334847149727775,0.001287873652816361,0.0003897512370365508,0.0003049916974481315
2025-01-02,Thursday,-0.0003048160942896727,0.0003048160942896727,0.008924337871706262,0.0011853959222380972,0.0013871033222815354
2025-01-03,Friday,-0.0010236569402781726,0.0010236569402781726,0.0013645350422687441,4.942732478863121e-05,0.0009555464648529632
2025-01-06,Monday,0.0007040128733781792,0.0007040128733781792,0.001424787958027461,0.00028495759160562795,0.0008885610340838568
2025-01-07,Tuesday,0.0012915562414037574,0.0012915562414037574,0.0016605723103760763,0.0004025629843336098,0.0008550734357186673
2025-01-08,Wednesday,0.0011384489906887119,0.0011384489906887119,0.0028376265887309847,0.0007816216950996546,0.001868417687596935
2025-01-10,Friday,-0.006462585034013535,0.006462585034013535,0.009455782312925078,0.006020408163265212,0.0004282656711783739
2025-01-13,Monday,1.5603869760738576e-06,1.5603869760738576e-06,0.0015777246090363192,0.0005548042581227097,0.0004143703857751868
2025-01-14,Tuesday,0.002886300381404139,0.002886300381404139,0.006889324124660673,0.0033501700855582683,0.000462320850670328
2025-01-15,Wednesday,0.010845935404406815,0.010845935404406815,0.012436704529902804,0.011016833173669083,0.00016903553299496554
2025-01-16,Thursday,0.00047192867135237293,0.00047192867135237293,0.0017360233267599953,0.0005056378621630664,0.001045584093630314
2025-01-17,Friday,0.0011923554898731759,0.0011923554898731759,0.0015114365364591697,0.000990830618345262,0.00020132539216510814
2025-01-21,Tuesday,0.0011837081742551714,0.0011837081742551714,0.001450459312115511,0.0006502058985347059,0.0006498591971739742
2025-01-22,Wednesday,0.00013216297328089155,0.00013216297328089155,0.0004619929153385983,9.916347932814595e-05,4.9495149475387024e-05
2025-01-23,Thursday,0.00019643770943722494,0.00019643770943722494,0.0010232918998333246,1.650737054093021e-05,0.00034505530790807093
2025-01-24,Friday,-8.209506608647388e-05,8.209506608647388e-05,0.0006075034890401295,0.00039405631721534107,0.0004928536224739766
2025-01-27,Monday,-0.0009559908761573865,0.0009559908761573865,0.0019119817523144814,0.0012411109620287242,0.0003694684692248096
2025-01-28,Tuesday,-0.0015635655949035598,0.0015635655949035598,0.00216237795039849,0.0017299023603187802,0.00016662501041420086
2025-01-29,Wednesday,0.00034806822137123383,0.00034806822137123383,0.0010773540185304515,0.0001988961264979272,0.0006631959412408683
2025-01-30,Thursday,0.0010441700505510187,0.0010441700505510187,0.001955747078810083,0.00043092732244964793,0.0014591278394959772
2025-01-31,Friday,-8.224360555975085e-05,8.224360555975085e-05,0.0013323464100665275,0.00029607698001488103,0.0002468120115177719
2025-02-03,Monday,-0.0007420149077541627,0.0007420149077541627,0.002057404971499928,0.0009106546595162301,0.00018567594483731575
2025-02-04,Tuesday,-0.0012369824315062727,0.0012369824315062727,0.0014375741771559662,0.0008190829614028727,0.00048529551251363934
2025-02-05,Wednesday,0.00048457562114379016,0.00048457562114379016,0.0018175754543939165,0.00010005002501234372,0.00031777259086362974
2025-02-06,Thursday,-3.3019646689891324e-05,3.3019646689891324e-05,0.0009894337130594102,0.0009894337130593733,0.000908895609207816
2025-02-07,Friday,0.0012706270627063088,0.0012706270627063088,0.004653465346534736,0.001056105610561131,0.00013186306021184535
2025-02-10,Monday,0.00033100526298346367,0.00033100526298346367,0.0005130581576248041,0.00014895236834244763,0.00014892525606846618
2025-02-11,Tuesday,-0.0012111760021237261,0.0012111760021237261,0.0018748340854791534,0.0003318290416776115,0.0014762473460722125
2025-02-12,Wednesday,-0.010222956234516967,0.010222956234516967,0.01151114781172589,0.010388109000825652,0.00026704498038876423
2025-02-13,Thursday,0.0020716973001639882,0.0020716973001639882,0.0038450701891046125,0.0017899464673418741,0.0003308957347540886
2025-02-14,Friday,0.00044302239724336445,0.00044302239724336445,0.0013290671917301588,0.00027483796866012433,0.00018044323419896813
2025-02-18,Tuesday,0.00013068692313988883,0.00013068692313988883,0.0003265539491955739,8.167932696245828e-05,3.2503067783240525e-05
2025-02-19,Wednesday,-0.00014748537436704012,0.00014748537436704012,0.000688265080379462,0.00029497074873419127,0.0001311346424941462
2025-02-20,Thursday,-0.00013089005235611406,0.00013089005235611406,0.0007198952879580185,0.00037630890052331445,0.0005233547036505026
2025-02-21,Friday,0.00014716474594034246,0.00014716474594034246,0.0006056836039811494,0.000214772132006269,0.00014744869570892938
2025-02-24,Monday,0.00023065315800807618,0.00023065315800807618,0.0006798547432304179,0.00011607276103919872,0.0001808986901010723
2025-02-25,Tuesday,-0.0011369716425897458,0.0011369716425897458,0.0016552969502407855,0.0010700909577313622,0.00016736401673644874
2025-02-26,Wednesday,-0.0017071701144807383,0.0017071701144807383,0.0024268594764679076,0.0008033741715204323,0.0010551173189971008
2025-02-27,Thursday,-0.0024274689032863783,0.0024274689032863783,0.005256725762978755,0.0010379522207155656,0.003545150501672256
2025-02-28,Friday,0.000597552543575075,0.000597552543575075,0.0027822633569890357,0.0016216357373630697,0.0011756086756511408
2025-03-03,Monday,-0.0007207509218908337,0.0007207509218908337,0.0014247401944351705,0.0010224606101240097,0.0002852348993287457
2025-03-04,Tuesday,0.001087688403169862,0.001087688403169862,0.002486144921530949,0.0018991384817248491,0.0006204756980351389
2025-03-05,Wednesday,-1.733763306632774e-05,1.733763306632774e-05,0.002149866500225405,0.0003120773951938993,0.00032952929341978354
2025-03-06,Thursday,0.0006079449722948826,0.0006079449722948826,0.002987615292421579,0.0011637803755362164,0.0005898681471201428
2025-03-07,Friday,-0.0006479409914005307,0.0006479409914005307,0.012182758861777297,0.0036356009228832864,0.004181311503962393
2025-03-10,Monday,0.001197478251681705,0.001197478251681705,0.002483006374810637,0.0005106892543935704,0.0009330821640463061
2025-03-11,Tuesday,-0.002331749167868047,0.002331749167868047,0.0030259340346379237,0.001477367793381923,0.0008200228180262892
2025-03-12,Wednesday,0.0032255190234340425,0.0032255190234340425,0.010567584424841753,0.0005880780539964103,0.002510907310123933
2025-03-13,Thursday,0.00017921146953403522,0.00017921146953403522,0.0031182795698924894,5.6093189964134815e-05,0.0003764182903440716
2025-03-14,Friday,-0.0008788134225299338,0.0008788134225299338,0.0016141471026061137,0.0013809925211185625,0.00030525578639295503
2025-03-17,Monday,0.0032420107592006087,0.0032420107592006087,0.005771491681214167,0.003865474366739008,0.0007804628451604234
2025-03-18,Tuesday,-0.002191625868255054,0.002191625868255054,0.0030044716237472508,0.0006362784778805031,0.0015563376545284502
2025-03-19,Wednesday,0.0005339978640086507,0.0005339978640086507,0.0013535065859736637,0.0004983980064081628,0.00014234368883681014
2025-03-20,Thursday,-0.0005313025768174384,0.0005313025768174384,0.0015230673868768506,0.00015939077304527594,0.0008851907586084895
2025-03-21,Friday,-0.004696506084110097,0.004696506084110097,0.005141250978438743,0.004322920372874073,0.000268034236906467
2025-03-24,Monday,5.287948031029721e-05,5.287948031029721e-05,0.0008579783229150411,0.0002468876398591391,0.00020971186500007288
2025-03-25,Tuesday,-0.0005244232907170021,0.0005244232907170021,0.0012680655919955848,0.00020844913841022716,0.0007327196943381908
2025-03-26,Wednesday,0.0005735240445612355,0.0005735240445612355,0.0016510540676759164,0.00041832496219962323,0.00012142792991798323
2025-03-27,Thursday,0.00010559847938185207,0.00010559847938185207,0.0018303736426196822,0.0001759974656363461,7.214613639849876e-05
2025-03-28,Friday,-0.002315428531028396,0.002315428531028396,0.004754582250737828,0.0014493522102619893,0.0007788989201628072
2025-03-31,Monday,0.0014545190087451587,0.0014545190087451587,0.0017999672733223198,0.0015059726186796851,5.119470654013636e-05
2025-04-01,Tuesday,0.0015641855447681152,0.0015641855447681152,0.005735346997482813,0.00030564545127642617,0.0010404480935002347
2025-04-02,Wednesday,0.0020184141783010645,0.0020184141783010645,0.0024508156803917597,0.0014779123006876116,0.00034174505818640455
2025-04-03,Thursday,-0.0039887714243266315,0.0039887714243266315,0.004928027893004371,0.0020651917634884054,0.0016526497484301572
2025-04-04,Friday,0.0029046436078732363,0.0029046436078732363,0.009325434741066303,0.0018918402446015392,0.0009727069863250115
2025-04-07,Monday,0.0003226131666498322,0.0003226131666498322,0.014315959270087757,0.005887690291360048,0.006226675320460728
2025-04-08,Tuesday,-0.0012556019162416332,0.0012556019162416332,0.004616751661258114,0.0023180343069075793,0.0010067568875722355
2025-04-09,Wednesday,0.008994578610152848,0.008994578610152848,0.016346311812058444,0.004435682602267121,0.004477154247163551
2025-04-10,Thursday,-0.003383177570093321,0.003383177570093321,0.015551401869158972,0.004635514018691667,0.0009198423127463329
2025-04-11,Friday,-0.003696682464455092,0.003696682464455092,0.008454976303317605,6.0094786729969485e-05,0.003961034038359568
2025-04-14,Monday,0.0021419207120039196,0.0021419207120039196,0.0027143305574533804,0.0013663976955886614,0.0008298296083204537
2025-04-15,Tuesday,0.0027950136955670057,0.0027950136955670057,0.0030372482158495828,0.002590046024558923,0.00031598513011155127
2025-04-16,Wednesday,-0.002566215861836474,0.002566215861836474,0.0032780129621998275,0.0017794927509086067,0.0007693751172827001
2025-04-17,Thursday,0.00022696752472994852,0.00022696752472994852,0.0031018895046433514,0.0002647954455183843,5.67257875430105e-05
2025-04-21,Monday,7.678280065248622e-05,7.678280065248622e-05,0.0015548517132161347,0.00023034840195790274,0.0002130105296286322
2025-04-22,Tuesday,0.0017937392713174294,0.0017937392713174294,0.0022566397284316526,0.0002507377476035355,0.0015233026744565503
2025-04-23,Wednesday,0.0030963064599867085,0.0030963064599867085,0.0033375361566416123,0.0019839798264480457,0.0010934513202283114
2025-04-24,Thursday,0.0022995812144781524,0.0022995812144781524,0.0035521986239903853,0.0028417588991922482,0.0005406413124533493
2025-04-25,Friday,-0.0003116692639106855,0.0003116692639106855,0.002310019250160401,0.0009533412778439665,0.0013735509037965388
2025-04-28,Monday,0.0012902991313197276,0.0012902991313197276,0.001671936902555288,0.0006178897248574344,0.000690168728091578
2025-04-29,Tuesday,-0.001708035032888855,0.001708035032888855,0.004142893484028006,0.0018897408874514188,0.0036452004860266785
2025-04-30,Wednesday,-0.007022828730083641,0.007022828730083641,0.010761078648423156,0.0069502413530285745,3.65517115341607e-05
2025-05-01,Thursday,-0.001017094322115497,0.001017094322115497,0.0021947824845651802,0.0002319688804823805,0.001320037817299613
2025-05-02,Friday,0.006232193732193636,0.006232193732193636,0.007264957264957135,0.003044871794871673,0.00308861119000281
2025-05-05,Monday,0.0001777777777778322,0.0001777777777778322,0.0011911111111112406,0.0005866666666667353,0.0006402959590210422
2025-05-06,Tuesday,0.0003042342245607177,0.0003042342245607177,0.001664340169655231,0.0008232220193992168,0.0011104543907725084
2025-05-07,Wednesday,0.0003388742241565712,0.0003388742241565712,0.0016408646643360904,0.0007669258757223574,0.0005345973590890063
2025-05-08,Thursday,-0.001041850609217576,0.001041850609217576,0.00418506092177292,0.002030725763729424,0.001026312529860407
2025-05-09,Friday,0.0014046432736138925,0.0014046432736138925,0.0026149333898724657,0.0016254991342450342,0.00018522438611345837
2025-05-12,Monday,-0.002128645734983614,0.002128645734983614,0.002420476198650659,0.0019398142584931,0.00017200158241459373
2025-05-13,Tuesday,0.00017145894415593332,0.00017145894415593332,0.008401488263635234,0.0003943555715584246,0.0004973929747531525
2025-05-14,Wednesday,-0.0009005488250386495,0.0009005488250386495,0.0017331317010177592,0.0009005488250386495,0.0
2025-05-15,Thursday,0.0013342456380429635,0.0013342456380429635,0.003917208347588032,0.002736914129319201,0.001365109227503769
2025-05-16,Friday,-0.002059106482809936,0.002059106482809936,0.00531654542692719,0.0013839896032001864,0.0007098311615880704
2025-05-19,Monday,0.0013438116622439544,0.0013438116622439544,0.0017010274205620194,0.0009865959039261352,0.0003738635398078394
2025-05-20,Tuesday,-0.0005725351519744182,0.0005725351519744182,0.001195588111476023,0.000673570767028675,0.00016851755110303124
2025-05-21,Wednesday,-0.0007121661721067873,0.0007121661721067873,0.0017125900805425873,0.0013904196693514947,0.000645216062484133
2025-05-22,Thursday,0.005327494353545736,0.005327494353545736,0.005465423009948034,0.0029135704556817466,0.0025790921595598704
2025-05-23,Friday,-0.000816666956264922,0.000816666956264922,0.00246737676148105,1.720213375966395e-05,0.0007993049522154738
2025-05-27,Tuesday,-0.0009706753857158246,0.0009706753857158246,0.0021797622696774167,0.001328292633084649,0.0003239777648944564
2025-05-28,Wednesday,-0.00027047129623358757,0.00027047129623358757,0.0013185475691393713,0.00086212725674506,0.0010810080399972222
2025-05-29,Thursday,-0.00011818135773489225,0.00011818135773489225,0.002414276308014492,0.0005233745842547766,0.00035471175447199244
2025-05-30,Friday,0.0012436115843270645,0.0012436115843270645,0.003628620102214643,0.0021805792163542836,0.0008839779005525017
2025-06-02,Monday,0.0011580973142362172,0.0011580973142362172,0.003900063014118507,0.0014305907999387912,0.00032310727161410924
2025-06-03,Tuesday,-0.0005571124691901019,0.0005571124691901019,0.0013843400749570347,0.0011986359185603979,0.000557733910221847
2025-06-04,Wednesday,0.0006880926407653032,0.0006880926407653032,0.0013090542921875854,0.0001678274733574181,0.0007720711648204759
2025-06-05,Thursday,0.0016433302590761478,0.0016433302590761478,0.007428523518068355,1.676867611299926e-05,0.0016433302590761478
2025-06-06,Friday,0.003171939246454647,0.003171939246454647,0.0037761181505412433,0.0034908114458336303,0.00040135121575979316
2025-06-09,Monday,-0.0005332622317024693,0.0005332622317024693,0.0011665111318491625,0.00014998000266608358,0.0006664889362836268
2025-06-10,Tuesday,-0.00014985763524655304,0.00014985763524655304,0.0007324708193881911,6.660339344288779e-05,0.00019980019980025965
2025-06-11,Wednesday,0.003052928488468387,0.003052928488468387,0.006172224987556043,0.0037000165920024752,0.0006612226005886512
2025-06-12,Thursday,0.002673841474623684,0.002673841474623684,0.0038416417386654663,0.002489847758151198,0.00018337000733481545
2025-06-13,Friday,-0.0009855014364934522,0.0009855014364934522,0.002054519943876559,0.0006848399812920958,0.000300867501295321
2025-06-16,Monday,-0.0007651363938789846,0.0007651363938789846,0.007351796407185602,0.0005156353958750692,0.00038271461137828755
2025-06-17,Tuesday,-0.001032644903397717,0.001032644903397717,0.001965356429047408,6.66222518321824e-05,0.001132465110082359
2025-06-18,Wednesday,-0.000801924619085681,0.000801924619085681,0.0012195936915263604,0.0005346164127237873,0.00048431588626296485
2025-06-20,Friday,0.0016758278589623643,0.0016758278589623643,0.002078026545113301,0.0007876390937122668,0.0007869401423190592
2025-06-23,Monday,0.0018850361891937784,0.0018850361891937784,0.0021208550749031996,0.0010772597205856993,0.000907883231317852
2025-06-24,Tuesday,-9.926215134181682e-05,9.926215134181682e-05,0.0015880289845481054,0.000248155378354209,0.0003638649068836708
2025-06-25,Wednesday,0.0002467105263157521,0.0002467105263157521,0.0014253289473683364,0.0,0.00027961446100199794
2025-06-26,Thursday,-0.0005415162454872613,0.0005415162454872613,0.0018871020676074456,0.0006393173613389314,6.566958349063512e-05
2025-06-27,Friday,-0.0008957800615644329,0.0008957800615644329,0.00123780517598005,0.0007329109594619299,0.0001955798943866771
2025-06-30,Monday,-0.000340191155029812,0.000340191155029812,0.0008585776769805386,0.0003725903126516883,0.0
2025-07-01,Tuesday,0.0005683017519930722,0.0005683017519930722,0.0010391803465018593,0.00021108350788323627,0.00024347882545816546
2025-07-02,Wednesday,-0.0011661052086032742,0.0011661052086032742,0.0018625291526301782,0.0014252396994041128,0.0002757278404024177
2025-07-03,Thursday,-0.0001447527141134053,0.0001447527141134053,0.0022677925211099024,0.00038600723763582145,0.0005466237942122198
2025-07-07,Monday,-0.0012335789810959952,0.0012335789810959952,0.0018743992310158166,0.0004165331624479407,0.0007853570970637325
2025-07-08,Tuesday,3.0413179945787405e-05,3.0413179945787405e-05,0.0008367647392487909,0.0006615268928946705,0.0005957268672818206
2025-07-09,Wednesday,-0.0001607717041800516,0.0001607717041800516,0.0008842443729902805,6.430868167206505e-05,0.0002411381721726391
2025-07-10,Thursday,-0.00041674013047166003,0.00041674013047166003,0.0011540495920755699,0.0005129109298112056,9.622015170696052e-05
2025-07-11,Friday,0.00044991483754852624,0.00044991483754852624,0.0018419192081498802,8.034193527639566e-05,0.0003373981780498969
2025-07-14,Monday,-0.00046602066560597066,0.00046602066560597066,0.0007392051937198456,0.00011264844365155291,0.0002732372181235565
2025-07-15,Tuesday,0.0006221584111030243,0.0006221584111030243,0.002153625269203195,7.976389885921975e-05,0.0005583116655234477
2025-07-16,Wednesday,0.001863483750742967,0.001863483750742967,0.0024096772638917893,0.0017028385998167916,0.00017641209866248175
2025-07-17,Thursday,0.0017621427656029365,0.0017621427656029365,0.0023869024734076783,0.0009611687812380865,0.000752156448541319
2025-07-18,Friday,0.00022266755733690857,0.00022266755733690857,0.0006998123230589028,3.1809651048098075e-05,0.00022266755733690857
2025-07-21,Monday,-0.0010014624531060612,0.0010014624531060612,0.0012556431614420879,0.00027023590004460196,0.0006996454069868596
2025-07-22,Tuesday,-6.357986425697959e-05,6.357986425697959e-05,0.000476848981927532,0.00027021442309216326,0.00025440033072055
2025-07-23,Wednesday,-0.0003167513976654046,0.0003167513976654046,0.0006810155049808365,0.0003167513976654046,1.5842839036661616e-05
2025-07-24,Thursday,-0.0006933392162116192,0.0006933392162116192,0.0017491057499882032,0.0011975859189108373,0.0005522072512700316
2025-07-25,Friday,-0.00014164974739128144,0.00014164974739128144,0.0004879046854587806,1.558147221314421e-05,0.0001259128682952193
2025-07-28,Monday,0.00037601641938356245,0.00037601641938356245,0.0008303695928055098,0.0003446817177683581,3.132194258681498e-05
2025-07-29,Tuesday,-0.00025067368552977864,0.00025067368552977864,0.0007363539512440109,0.0,0.0002819990600030353
2025-07-30,Wednesday,-6.290297216537954e-05,6.290297216537954e-05,0.0013681396445982144,0.000110080201289664,0.00011007500825555017
2025-07-31,Thursday,0.00045305421027963533,0.00045305421027963533,0.0011873144821121558,0.0002968286205280446,0.00017179983757098505
2025-08-01,Friday,-0.0011013040077888503,0.0011013040077888503,0.004469059741752299,0.001883389462595586,0.002788444685224434
2025-08-04,Monday,-0.000431551186765744,0.000431551186765744,0.0010069527691201079,0.0003995844321905695,0.00014389179337148672
2025-08-05,Tuesday,-0.00042712733140337633,0.00042712733140337633,0.0007751570088431321,9.49171847561825e-05,0.00033224168209222693
2025-08-06,Wednesday,0.0008904436317380693,0.0008904436317380693,0.001128955318810499,0.0005088249324216587,0.0004132231404958553
2025-08-07,Thursday,9.429662575244357e-05,9.429662575244357e-05,0.00119442392619716,0.00011001273004462853,7.857928650012447e-05
2025-08-08,Friday,-0.00014199391003899553,0.00014199391003899553,0.0007099695501949189,0.0001419939100388845,0.00028394750126192747
2025-08-11,Monday,-0.0005328903029636622,0.0005328903029636622,0.0009090481638795056,0.0005485635471687011,4.7042589224055575e-05
2025-08-12,Tuesday,0.0039117730229050185,0.0039117730229050185,0.006441072045747357,0.004320231250196427,0.0004536069573923829
2025-08-13,Wednesday,0.0005277782089689875,0.0005277782089689875,0.0009313733099453734,0.000667484205460811,0.00010859110793959292
2025-08-14,Thursday,-0.003597345407182151,0.003597345407182151,0.005535570303293509,0.003659368603857849,1.5562022440462897e-05
2025-08-15,Friday,0.00043353719904004606,0.00043353719904004606,0.0011302934117829498,0.00015483471394284187,0.0002167216210777756
2025-08-18,Monday,0.00017108905963225673,0.00017108905963225673,0.0007776775437832457,0.0001244284070053281,0.00031111456793952996
2025-08-19,Tuesday,-0.0006529140174420522,0.0006529140174420522,0.000932734310631652,6.218228737542297e-05,0.0005130756553374249
2025-08-20,Wednesday,0.0002034110467845629,0.0002034110467845629,0.0011891722735096087,0.00039117508997033035,0.00014077457298389273
2025-08-21,Thursday,-0.00022026085178017407,0.00022026085178017407,0.001793552650210013,0.00018879501581148261,0.0002674469825686421
2025-08-22,Friday,-0.0007842891203413416,0.0007842891203413416,0.0009568327268164351,0.0005646881666457881,0.0002511064377412886
2025-08-25,Monday,0.00029535668205649124,0.00029535668205649124,0.0007301528082202256,0.00040417230176115204,9.323429779029002e-05
2025-08-26,Tuesday,0.0004829638400298819,0.0004829638400298819,0.0006543381058469146,0.00043529063517544486,1.5572200507740774e-05
2025-08-27,Wednesday,-0.000495678304780256,0.000495678304780256,0.0010997862387309438,0.000913906874438486,0.00031004867764239386
2025-08-28,Thursday,0.0008972237259299298,0.0008972237259299298,0.0015930709148559068,0.0013146701724537913,0.0004014581627767022
2025-08-29,Friday,0.0009153035885680616,0.0009153035885680616,0.0015179853369076109,0.0006345157073543994,0.00035661933519293143
2025-09-02,Tuesday,-0.0019730660820544976,0.0019730660820544976,0.0036955840901971497,0.0010335108048856734,0.001034482758620614
2025-09-03,Wednesday,-0.0009176024137609318,0.0009176024137609318,0.0011975489128744,0.0006998662477838424,0.00017120622568100874
2025-09-04,Thursday,-3.382834442833271e-05,3.382834442833271e-05,0.0009465729404279963,0.00034138696212138164,0.00038530799801295146
2025-09-05,Friday,0.003148163827674466,0.003148163827674466,0.004957011014724653,0.0018242416311953225,0.001290738948047876
2025-09-08,Monday,0.0005244566474880141,0.0005244566474880141,0.0006787086026316225,0.00010797636860049309,0.00033929149766365185
2025-09-09,Tuesday,-0.00024631300224775554,0.00024631300224775554,0.0004618368792143665,1.539456264043615e-05,0.00012317167051589806
2025-09-10,Wednesday,0.0021305294135678388,0.0021305294135678388,0.0038012323349987808,0.0022684773612091647,0.0002293718270232059
2025-09-11,Thursday,0.0007342480840715204,0.0007342480840715204,0.003946583451883868,0.0006577639086473575,0.00139292821062309
2025-09-12,Friday,0.00013686963927250773,0.00013686963927250773,0.0008972565241195205,0.0003041547539387457,0.00039550343023164736
2025-09-15,Monday,0.0007280588636882079,0.0007280588636882079,0.0009707957217628938,0.00021239475081547,0.000500379190050193
2025-09-16,Tuesday,-0.00025696449355328,0.00025696449355328,0.0018830962709916069,0.00010580890911016105,0.0004986928203346563
2025-09-17,Wednesday,0.00027285543209676355,0.00027285543209676355,0.000515393593960848,6.063454046589811e-05,0.00027285543209676355
2025-09-18,Thursday,-0.002649684597202717,0.002649684597202717,0.007651867575990179,0.0011291269590352204,0.0016276090724134384
2025-09-19,Friday,-0.0002567820675487553,0.0002567820675487553,0.0006192979276177903,0.00030209655005730696,6.02801076098336e-05
2025-09-22,Monday,0.0006349782293177952,0.0006349782293177952,0.0008617561683600175,0.0005442670537008087,7.555038455153706e-05
2025-09-23,Tuesday,0.00035851434057376785,0.00035851434057376785,0.0006450258010319663,0.0003000120004801321,8.847964968050626e-05
2025-09-24,Wednesday,0.00010536931946458772,0.00010536931946458772,0.0003612662381647812,0.00016573088675808645,0.00033123550844660343
2025-09-25,Thursday,-0.001093394077448795,0.001093394077448795,0.0022475322703111684,0.0006833712984055662,0.0004710601893358479
2025-09-26,Friday,0.0017296313154300247,0.0017296313154300247,0.0030799575178272988,0.002366863905325367,0.0007113559655522739
2025-09-29,Monday,0.000631569450083358,0.000631569450083358,0.0009473541751251793,0.00037593419647818926,0.0002555391876859492
2025-09-30,Tuesday,0.0005432322317788785,0.0005432322317788785,0.0009808359740455367,0.000724309642371912,0.0002110977080821419
2025-10-01,Wednesday,4.4309139136666786e-05,4.4309139136666786e-05,0.0009946949602121537,9.042681456472579e-05,9.131869622225341e-05
2025-10-02,Thursday,4.32557563716518e-05,4.32557563716518e-05,0.0005220522320716416,0.00019554585035608252,0.0002685444888703703
2025-10-03,Friday,-0.0005222243774339885,0.0005222243774339885,0.0013577833813281928,0.000626669252920875,5.9717536054382236e-05
2025-10-06,Monday,-0.0009704936580718915,0.0009704936580718915,0.0009974394092777835,0.0006103733698565872,0.00034544912855649645
2025-10-07,Tuesday,0.001011874646587918,0.001011874646587918,0.001309484836760804,0.00037201273771603205,0.0006247396917951065
2025-10-08,Wednesday,0.00014926932664605097,0.00014926932664605097,0.000791127431224117,0.00014926932664605097,1.4924927614012873e-05
2025-10-09,Thursday,0.0002218855818925114,0.0002218855818925114,0.0008019960791302257,1.485177924331893e-05,0.00019217631508583466
2025-10-10,Friday,-0.0006397857461688528,0.0006397857461688528,0.00110102663294154,0.0007588156524326317,0.00010422870756388036
2025-10-13,Monday,0.0003331364799588066,0.0003331364799588066,0.001332545919835242,0.0008328411998972385,0.0005144110749678577
2025-10-14,Tuesday,-0.0008365909678595962,0.0008365909678595962,0.003118202698386244,0.0025706158830597348,0.0016780027924017116
2025-10-15,Wednesday,0.0005846199970018784,0.0005846199970018784,0.001169239994004027,0.00011992205066690964,0.00035968527538399186
2025-10-16,Thursday,0.0005543237250553723,0.0005543237250553723,0.0017828249535567426,0.0010936657278119988,0.0005537098560354226
2025-10-17,Friday,-0.0011654658836349752,0.0011654658836349752,0.002224980323303305,0.00043894169643388103,0.0006511796953085902
2025-10-20,Monday,0.0014105007277585013,0.0014105007277585013,0.0014555167084315342,0.00046516513362249157,0.0009148719179314924
2025-10-21,Tuesday,-0.0004317403602800418,0.0004317403602800418,0.0006252791424744272,0.00010421319041242771,0.00034244535763205963
2025-10-22,Wednesday,0.0003275027912170714,0.0003275027912170714,0.0008485299590620563,0.00025307033866761586,4.46468434680547e-05
2025-10-23,Thursday,0.0013044651692804,0.0013044651692804,0.0028188442738477154,0.00038984016553234024,0.0017550702028079623
2025-10-24,Friday,0.0028198278420896727,0.0028198278420896727,0.006322350845948339,0.0030127634312853147,0.00031069225192692507
2025-10-27,Monday,3.0760712418143044e-05,3.0760712418143044e-05,0.000541974456890333,2.7831120759214123e-05,5.859346389924802e-05
2025-10-28,Tuesday,-0.00011658918343837588,0.00011658918343837588,0.00042117842517158617,0.0001457364792980531,0.00010058001139912065
2025-10-29,Wednesday,2.904022070571166e-05,2.904022070571166e-05,0.0007550457383477501,0.00047204878757078905,0.0005084474919012649
2025-10-30,Thursday,-0.0014312001635657934,0.0014312001635657934,0.0023420568390920492,0.00039431024914560187,0.00089133071291847
2025-10-31,Friday,-0.0013259507504006507,0.0013259507504006507,0.0020836368934867406,0.0015445140609062769,0.00023349824146623455
2025-11-03,Monday,0.0010090964930240531,0.0010090964930240531,0.0011845915352892147,0.0008628506244698908,0.00016073411654682346
2025-11-04,Tuesday,0.0003699538297621263,0.0003699538297621263,0.0014798153190481828,2.959630638099675e-05,0.0004291718463267369
2025-11-05,Wednesday,0.0007256786576426144,0.0007256786576426144,0.001480976852331798,0.0008885861113991922,0.00022193617115717768
2025-11-06,Thursday,-0.001385756151960904,0.001385756151960904,0.0018105800583301452,0.0003831658448644193,0.0010323958179944137
2025-11-07,Friday,0.0008091221025188222,0.0008091221025188222,0.001947886543100838,1.4983742639196329e-05,0.0008391147339557037
2025-11-10,Monday,0.00031002258736001487,0.00031002258736001487,0.0023916028167766576,0.0,0.0003395585738539264
2025-11-11,Tuesday,0.0004001129557575922,0.0004001129557575922,0.0008093494875567936,0.0001499503868764851,0.00029427776878598877
2025-11-12,Wednesday,0.00011676275268190928,0.00011676275268190928,0.002422827118149264,1.4595344085321926e-05,0.00010216591745004777
2025-11-13,Thursday,-0.0015836705965159847,0.0015836705965159847,0.004956302422429461,0.0013783799636343241,0.0002642938948109741
2025-11-14,Friday,0.0006917709335898525,0.0006917709335898525,0.002721065928777644,0.001067733397497661,0.0016558285163774666
2025-11-17,Monday,-0.0006404432463025245,0.0006404432463025245,0.0025468789562263336,0.0018319655650049782,0.001223588396800812
2025-11-18,Tuesday,0.0006796556411416965,0.0006796556411416965,0.0017217942908925937,0.0002416553390724996,0.00045300113250279495
2025-11-19,Wednesday,-0.0008567848300018444,0.0008567848300018444,0.001721118425025645,0.0005397366990759211,0.000388943433275335
2025-11-20,Thursday,0.003936890453040576,0.003936890453040576,0.004607951325717913,0.0024754689969876953,0.0014578126859454699
2025-11-21,Friday,0.0013738989726288509,0.0013738989726288509,0.0023814248858901477,0.0019997862823819545,0.0006398634957874849
2025-11-24,Monday,-0.0016883743367100967,0.0016883743367100967,0.00687409551374828,0.0004974674384949918,0.0012065637065636903
2025-11-25,Tuesday,-0.0012395274861487504,0.0012395274861487504,0.0022849121130209715,0.0016703752930811167,0.0004188481675391209
2025-11-26,Wednesday,0.00039870053160062646,0.00039870053160062646,0.0011813349084466452,1.5209686946127121e-05,0.0003100729409679648
2025-11-28,Friday,-0.0007335035061467599,0.0007335035061467599,0.0011442654695889046,0.00023472112196687434,0.0003668863092705088
2025-12-01,Monday,0.00045665463651745064,0.00045665463651745064,0.0009427708624880111,0.00035353907343305124,0.00014726239213036507
2025-12-02,Tuesday,0.0004398504508467127,0.0004398504508467127,0.000857708379151142,0.000234586907118306,0.00020521540288176432
2025-12-03,Wednesday,-0.0004734385744172842,0.0004734385744172842,0.0007075243961316006,8.778218314275943e-05,0.00042956633698132407
2025-12-04,Thursday,-0.00046750818139329464,0.00046750818139329464,0.0011687704534828695,0.0005113370733987876,1.4616677629142316e-05
2025-12-05,Friday,-0.0017941013448466991,0.0017941013448466991,0.0028297208203273937,0.0018670322938243444,0.00011691291449289487
2025-12-08,Monday,-5.8230096225186934e-05,5.8230096225186934e-05,0.0007424337268717205,0.00033482305329490814,0.00024478613540646066
2025-12-09,Tuesday,-0.0008482508482509088,0.0008482508482509088,0.0012431262431262765,0.00065812565812573,0.00021951326591851394
2025-12-10,Wednesday,-0.0007901436890930258,0.0007901436890930258,0.0013169061484884512,0.0004974978783177653,0.0003366954077674844
2025-12-11,Thursday,-0.0007880105651786318,0.0007880105651786318,0.001254979788988136,0.0006420826827381321,5.8413773967869176e-05
2025-12-12,Friday,0.0008275021050492271,0.0008275021050492271,0.001203652623326741,0.0001306582271131118,0.0009728191427575972
2025-12-15,Monday,0.00048173072712143217,0.00048173072712143217,0.005445017006554484,3.853845816981227e-05,0.0004671260072406369
2025-12-16,Tuesday,-0.0008525023884765615,0.0008525023884765615,0.0040567355037848035,0.0006173293157935023,0.0002353183415939597
2025-12-17,Wednesday,0.00016161972348327502,0.00016161972348327502,0.0032735340356445917,7.34635106743875e-05,0.0002204034853137138
2025-12-18,Thursday,0.002786547497295011,0.002786547497295011,0.004342863918656623,0.0036017608608653884,0.0008565563481163219
2025-12-19,Friday,0.00016286644951146734,0.00016286644951146734,0.0013621557595498359,0.00011844832691743079,5.921802596708936e-05
2025-12-22,Monday,8.77693421688086e-05,8.77693421688086e-05,0.0006728982899607032,0.0003949620397595277,0.0004390008341015328
2025-12-23,Tuesday,-0.001606613404997903,0.001606613404997903,0.0021470197321336025,0.0009931791958168734,0.0006724851249213515
2025-12-24,Wednesday,0.00033430232558151474,0.00033430232558151474,0.0005232558139535082,0.00021962209302328617,0.00011625372375223542
2025-12-26,Friday,0.00023175306710698784,0.00023175306710698784,0.0006289198858616616,0.0005069598342966053,0.00028954035468697903
2025-12-29,Monday,-0.00101866782886606,0.00101866782886606,0.0019612115929396714,0.00024638628604645163,0.0007718910750093011
2025-12-30,Tuesday,-7.269555103217584e-05,7.269555103217584e-05,0.0006833381797032766,0.0003198604245419068,0.00017451245582655872
2025-12-31,Wednesday,0.001412861408491839,0.001412861408491839,0.0019517879251329574,0.0005971888427647176,0.0008006172030801118
2026-01-02,Friday,-4.374644560123375e-05,4.374644560123375e-05,0.0006999431296207449,1.4582148533781591e-05,3.28101930333613e-05
2026-01-05,Monday,0.001270907895697837,0.001270907895697837,0.0016945438609306579,0.0006281498794828977,0.0006277463904582614
2026-01-06,Tuesday,-4.362113589428951e-05,4.362113589428951e-05,0.001148689911885418,1.4540378631355821e-05,1.4540801488993615e-05
2026-01-07,Wednesday,0.00039020160416214367,0.00039020160416214367,0.0006503360069368188,0.00036129778163163095,2.8893383415162788e-05
2026-01-08,Thursday,-0.00010157145551881186,0.00010157145551881186,0.0008627769635939087,0.00033373478241927046,0.0002612785229054726
2026-01-09,Friday,0.0014756730950071795,0.0014756730950071795,0.002054368426382661,0.0013454666454477682,4.334007512274418e-05
2026-01-12,Monday,-0.0002751031636862855,0.0002751031636862855,0.0006515601245204452,0.00031854050532109657,7.242073550517425e-05
2026-01-13,Tuesday,0.0017567859457123802,0.0017567859457123802,0.00426236590107268,0.0022319821441427745,0.0004454150981351157
2026-01-14,Wednesday,-0.0012721174973979732,0.0012721174973979732,0.004553602405458507,0.0014600439458771763,0.00014476389009532298
2026-01-15,Thursday,0.0002451899500965915,0.0002451899500965915,0.0014422938240978452,0.0004326881472291877,0.00020183089454328673
2026-01-16,Friday,-0.00028845044421377253,0.00028845044421377253,0.0019181954540208942,0.0001730702665282413,1.442647546778808e-05
2026-01-20,Tuesday,-0.0014809384164222728,0.0014809384164222728,0.002565982404692082,0.001085043988269807,0.0004843539012505671
2026-01-21,Wednesday,0.0004582070800385196,0.0004582070800385196,0.0023797206414899325,0.00041386445938951244,0.000902033271719116
2026-01-22,Thursday,0.0011171725378678055,0.0011171725378678055,0.0016830131739306602,0.00017932795542918711,0.0012188574662275187
2026-01-23,Friday,-5.81852035028696e-05,5.81852035028696e-05,0.0011200651674278966,0.0004218427253948054,0.00040715428239068707
2026-01-26,Monday,0.0010738021301912593,0.0010738021301912593,0.0021185825811882004,0.00030472763154076876,0.0013776417925224216
2026-01-27,Tuesday,-0.00018548387096772867,0.00018548387096772867,0.0006768433179723895,0.00011520737327197494,0.00036643712392503414
2026-01-28,Wednesday,0.0002583089374892378,0.0002583089374892378,0.0007153722518799659,0.0002870099305436469,0.0005598380776021816
2026-01-29,Thursday,0.00043047783039185106,0.00043047783039185106,0.0012627349691490823,0.0006313674845745965,0.0002437730329666321
2026-01-30,Friday,-0.0007376764637815336,0.0007376764637815336,0.002024994214302212,1.4464244387890623e-05,0.0007087684786067916
2026-02-02,Monday,0.0011616256951603177,0.0011616256951603177,0.0021490075360467236,0.00042108931449558185,0.0007256999375897522
2026-02-03,Tuesday,-0.0006166731202225106,0.0006166731202225106,0.0009034978273028374,0.0005306257080984755,5.739704405216539e-05
2026-02-04,Wednesday,-0.0007240185927974707,0.0007240185927974707,0.0020851735472566077,0.000359692436901593,0.0010277938621886529
2026-02-05,Thursday,-0.0010117153707422943,0.0010117153707422943,0.003488951774900672,0.0003225759153091534,0.0012020992758083882
2026-02-06,Friday,-0.00014669639713638105,0.00014669639713638105,0.002097758479051848,0.00038698509564594197,0.00019076968229514435
2026-02-09,Monday,-0.0014189120708875125,0.0014189120708875125,0.0014768268492912416,0.0006225838678384221,0.0008260653011719077
2026-02-10,Tuesday,0.000792747084852774,0.000792747084852774,0.0015999077530665096,0.00015854941697046598,0.0006052570901546872
2026-02-11,Wednesday,0.00460105002019251,0.00460105002019251,0.005293371026365832,0.0024231235216061187,0.0021294044861372985
2026-02-12,Thursday,0.0011673488211219052,0.0011673488211219052,0.002464403066812758,0.0015550239234449759,0.00041727819505588126
2026-02-13,Friday,0.002469353558514742,0.002469353558514742,0.0039245083340681995,0.0021165887644412074,0.00033734727702072753
2026-02-17,Tuesday,0.00038287658120661483,0.00038287658120661483,0.0035784234320468634,0.00010308215647880647,0.00048600883652438753
2026-02-18,Wednesday,-0.002188151886916345,0.002188151886916345,0.0032384647926361793,0.0012545404151653727,0.0009785593269847626
2026-02-19,Thursday,2.924318633779066e-05,2.924318633779066e-05,0.0023540765001754792,5.848637267535928e-05,0.00017548477669571128
2026-02-20,Friday,-0.002220112466223556,0.002220112466223556,0.003695318776016903,0.0029942306287883413,0.000747121385251015
2026-02-23,Monday,0.0005747578472070636,0.0005747578472070636,0.0015148204792075795,0.0007574102396039617,0.00022602244593550314
2026-02-24,Tuesday,0.0008054241656536565,0.0008054241656536565,0.0018305094673949653,0.0004832544993922383,0.000234171472060396
2026-02-25,Wednesday,0.00027536105794312427,0.00027536105794312427,0.0010440229685051818,0.00018850414709126184,0.0004929730670495402
2026-02-26,Thursday,5.7654333443846184e-05,5.7654333443846184e-05,0.0007350927514089147,0.00011314662938344267,0.00017298294676448833
2026-02-27,Friday,-1.461774594357923e-05,1.461774594357923e-05,0.003639818739950313,0.0012278906592604333,0.0011561539587296998
2026-03-02,Monday,-0.002279847617926878,0.002279847617926878,0.0029270301675320414,0.0013679085707560823,0.0011485790016197983
2026-03-03,Tuesday,-0.0019456335084482301,0.0019456335084482301,0.003417285131170412,0.0016941449923013607,0.00019265252893496676
2026-03-04,Wednesday,0.00014652658724934042,0.00014652658724934042,0.0018608876580656958,0.00036397204272708983,0.00011719036109270053
2026-03-05,Thursday,-0.002266346941162678,0.002266346941162678,0.00305591297227734,0.0012587729559012661,0.0010247851611109304
2026-03-06,Friday,-0.007817224442838278,0.007817224442838278,0.009587162052537648,0.004410094544167298,0.003304095300183607
2026-03-09,Monday,-0.0027281448614943082,0.0027281448614943082,0.004197145940760215,0.0030879002278451084,0.0003458282586794592
2026-03-10,Tuesday,0.0015538520732825134,0.0015538520732825134,0.0034776689259182862,0.0011098943380589699,0.0004878337226146279
2026-03-11,Wednesday,-0.002399716429373311,0.002399716429373311,0.005095409700478592,0.002348319253264064,7.698571322656278e-06
2026-03-12,Thursday,-0.00023798899300897514,0.00023798899300897514,0.0014576825821806013,0.0007437156031533387,0.0005358897258032069
2026-03-13,Friday,0.0010314518057878974,0.0010314518057878974,0.003752092800765353,0.00034381726859611383,0.000732261342578866
2026-03-16,Monday,-0.0002843077107242964,0.0002843077107242964,0.0016902841580750607,0.0006434332400604426,0.000912204094450475
2026-03-17,Tuesday,0.0008355216042013058,0.0008355216042013058,0.0012234423490092151,0.0008206015755549689,0.00011927480916029687
2026-03-18,Wednesday,-0.005440063185503052,0.005440063185503052,0.005931092036242278,0.004124046256556935,0.001362412090378462
2026-03-19,Thursday,-0.0012162675788672805,0.0012162675788672805,0.003010262257696721,0.0005625237552262519,0.0016867762817978083
2026-03-20,Friday,-3.0459017392070464e-05,3.0459017392070464e-05,0.002071213182662748,0.0012183606956839288,0.0011507286855605425
2026-03-23,Monday,0.0038584506080066028,0.0038584506080066028,0.006877077925035255,0.0033854048063639564,0.0006149700413955461
2026-03-24,Tuesday,-0.0030412788654042844,0.0030412788654042844,0.0034691974997326964,0.0032858037993063194,0.0001533177971300148
2026-03-25,Wednesday,0.00116592128685844,0.00116592128685844,0.004059212199650541,7.130226672780182e-05,0.001094540976877889
2026-03-26,Thursday,-0.0002915988827159044,0.0002915988827159044,0.0019951502501612513,0.0012431320789466627,0.0009065765212046273
2026-03-27,Friday,-0.0011666251866599975,0.0011666251866599975,0.0019132653061224773,0.0005599800895967899,0.0006248720879833414
2026-03-30,Monday,0.0004535572967985235,0.0004535572967985235,0.0012355526361064097,0.00035971785608168716,6.253517603638237e-05
2026-03-31,Tuesday,-0.0008916978239444928,0.0008916978239444928,0.0022683541135427496,0.001047979600456772,0.0018598108931782154
2026-04-01,Wednesday,-0.0029483635475051617,0.0029483635475051617,0.010935137529208681,0.0011759854605433162,0.0045902264237248636
2026-04-02,Thursday,4.6486402727197174e-05,4.6486402727197174e-05,0.0015185558224219697,0.0005098008832415957,0.0004489910401583863
2026-04-06,Monday,0.00039614822038025466,0.00039614822038025466,0.0015693564115067137,0.00048619575816655214,6.091803478414093e-05
2026-04-07,Tuesday,-0.00041133455210229375,0.00041133455210229375,0.003610603290676424,0.000853290676416818,0.0004116732229439979
2026-04-08,Wednesday,0.00020694752402072858,0.00020694752402072858,0.0014647450110864902,0.0003695491500369519,0.00048794192012535653
2026-04-09,Thursday,-0.00010381443910534305,0.00010381443910534305,0.001838998635581671,2.966126831582816e-05,4.4494542002837534e-05
2026-04-10,Friday,-0.0011295788284653163,0.0011295788284653163,0.0023911863511669805,0.0009507532970498556,0.0003376741591180066
2026-04-13,Monday,0.0013772880753508687,0.0013772880753508687,0.001880812748059922,0.0004739055743141485,0.0008733236626305985
2026-04-14,Tuesday,-0.0005811503871914203,0.0005811503871914203,0.0018742099986923588,0.0004213340307137603,0.00017514267587481758
2026-04-15,Wednesday,0.0005917065158727031,0.0005917065158727031,0.001065878339206,0.0009893943664873728,0.0003673755542291657
2026-04-16,Thursday,-7.13388882547239e-05,7.13388882547239e-05,0.0008560666590572177,0.0002140166647641717,0.00021398613369849606
2026-04-17,Friday,0.003047656848014002,0.003047656848014002,0.003830975533694272,0.000510305332690697,0.0035597787547865245
2026-04-20,Monday,0.0007919783903038713,0.0007919783903038713,0.0015265383473107583,0.0005091289651955044,0.00021201413427562876
2026-04-21,Tuesday,-0.0014276850867139812,0.0014276850867139812,0.0021505938590846182,0.001379472426997208,0.00010457571535138488
2026-04-22,Wednesday,-0.001325941912459494,0.001325941912459494,0.001650374508061387,0.0006911824862819715,0.0006775163380242644
2026-04-23,Thursday,-0.0009544193643774568,0.0009544193643774568,0.0034639593336807193,0.00045059633608846017,0.0005040501514403939
2026-04-24,Friday,-0.0015874353787367346,0.0015874353787367346,0.00262699483029895,0.0013767138682850844,0.00022507631493795532
2026-04-27,Monday,-4.205037635085507e-05,4.205037635085507e-05,0.0010372426166547653,2.8033584233977393e-05,7.008199593538933e-05
2026-04-28,Tuesday,0.0024796415790808712,0.0024796415790808712,0.0030854631012427157,0.0007185325030290013,0.0017880524307656298
2026-04-29,Wednesday,-0.00026695141484256446,0.00026695141484256446,0.0013909573720740848,4.2150223396153486e-05,8.431584716350748e-05
2026-04-30,Thursday,-0.0007825272836521346,0.0007825272836521346,0.0017746600897111382,0.0014532649553540278,0.0006437077566785465
2026-05-01,Friday,-0.0009703354588299629,0.0009703354588299629,0.0011228167452175567,0.0010119212642084596,2.7751567963640866e-05
2026-05-04,Monday,-0.00026383758713577343,0.00026383758713577343,0.0010414641597467158,0.00011108951037308579,0.00030548342752390045
2026-05-05,Tuesday,-0.00041574279379164025,0.00041574279379164025,0.0008176274944568068,0.00048018292682927566,6.932409012128105e-05
2026-05-06,Wednesday,-0.0006169285185488871,0.0006169285185488871,0.0012338570370979372,0.00046612376957022583,0.0001645887339011276
2026-05-07,Thursday,0.0002851543942345991,0.0002851543942345991,0.0006258159415454208,0.0003531778661416407,9.519664907797765e-05
2026-05-08,Friday,-0.00047709041468391167,0.00047709041468391167,0.002297756628144194,0.0009245411284839467,0.0013460754747738335
2026-05-11,Monday,-0.0005700867346247751,0.0005700867346247751,0.0016016722544214977,0.0005022192662169633,6.790156988434326e-05
2026-05-12,Tuesday,0.0015483029784459923,0.0015483029784459923,0.0029200450909288153,0.000842059514593485,0.0007328095102390186
2026-05-13,Wednesday,-0.0024073573167432416,0.0024073573167432416,0.00302948336489031,0.0022180146064376682,0.00017621145374446812
2026-05-14,Thursday,-0.0008454673555660097,0.0008454673555660097,0.001368851909011584,0.0004697040864255486,0.0003759398496240296
2026-05-15,Friday,-4.0558079169361605e-05,4.0558079169361605e-05,0.0014330521306511724,0.000784122863941028,0.0008118530545970781
2026-05-18,Monday,0.003942662042055067,0.003942662042055067,0.005040104053761147,0.0029400606980272137,0.0010267079151073943
2026-05-19,Tuesday,0.0008653623917447284,0.0008653623917447284,0.0014955202371079667,0.0007477601185541527,0.00014057343094242558
2026-05-20,Wednesday,-0.0012883102793598278,0.0012883102793598278,0.001752373203146162,0.000596691076756084,0.0007598268680206743
2026-05-21,Thursday,-0.0010691568547840369,0.0010691568547840369,0.0024495872242521932,0.0,0.001001556472897125
2026-05-22,Friday,0.001581982271928739,0.001581982271928739,0.001756715076906499,0.00038889112389539626,0.0012060483384495058
2026-05-26,Tuesday,-0.00014644212207948204,0.00014644212207948204,0.0010783465353124482,1.3312920189023636e-05,0.0001846431481618005
2026-05-27,Wednesday,-0.0018186162586948385,0.0018186162586948385,0.00208928476610218,0.0010879838581214774,0.0007574549513633677
2026-05-28,Thursday,0.0017351378767249681,0.0017351378767249681,0.0018947705613837668,0.00137476308694362,0.00035988003998665974
2026-05-29,Friday,-0.0001058173064203416,0.0001058173064203416,0.0009523557577842218,0.00043649638898435317,0.0003308234858208081
2026-06-01,Monday,-0.00014510724744731807,0.00014510724744731807,0.0010157507321319973,0.000514471150041107,0.00069876595295848
2026-06-02,Tuesday,-0.00042262635867762466,0.00042262635867762466,0.0006603536854339184,0.00017169195821287175,0.0005282271376692016
2026-06-03,Wednesday,-0.0006064921024181436,0.0006064921024181436,0.001015215041004116,0.00048783060411883294,9.233975754219248e-05
2026-06-04,Thursday,0.0008694206079957745,0.0008694206079957745,0.0013437105035588252,0.0007982438635003586,4.453188349917703e-05
2026-06-05,Friday,-0.0009558579488881946,0.0009558579488881946,0.003119814138732191,0.0003134417524062183,0.0012352336359414684
2026-06-08,Monday,0.0001479648112776566,0.0001479648112776566,0.001560356191654742,0.0005918592451104043,0.0005242499193461869
2026-06-09,Tuesday,0.0015359948261226553,0.0015359948261226553,0.0016437839367276755,0.0007949446907125068,0.0009695533321663063
2026-06-10,Wednesday,0.0016815405010179862,0.0016815405010179862,0.008281969632777938,0.0029246559429281227,0.0012258803008831087
2026-06-11,Thursday,0.0007269535161231744,0.0007269535161231744,0.005942776413787334,0.0009052628691347264,0.0016749498887942416
2026-06-12,Friday,-0.0026861400572323335,0.0026861400572323335,0.0034555369580477014,0.0013768155067220844,0.0013111297342597306
2026-06-15,Monday,0.0006659030977811398,0.0006659030977811398,0.0009322643368936044,0.0003595876728017533,0.000466039067389179
2026-06-16,Tuesday,-1.3255918767662855e-05,1.3255918767662855e-05,0.0009146583949734279,0.0002120947002836049,0.00019888096311415637
2026-06-17,Wednesday,0.0007859331290793747,0.0007859331290793747,0.000905821233515319,0.0006127614226720812,0.00011288526756736417
2026-06-18,Thursday,0.0007779387306185992,0.0007779387306185992,0.0019046086163421762,0.00022801652449166987,0.000576631666465488
2026-06-22,Monday,-0.0007756395683163886,0.0007756395683163886,0.001069847680436589,0.0004011928801636033,0.00041471571906348537
2026-06-23,Tuesday,-0.0007214712568573978,0.0007214712568573978,0.00159268183117567,0.0006125699350676417,0.00010896807235472039
2026-06-24,Wednesday,-0.00183204863749864,0.00183204863749864,0.0025105851699055784,0.0013435023341656915,0.0004212872363558162
2026-06-25,Thursday,0.0015177797051171282,0.0015177797051171282,0.002832285342584451,0.001300954032957602,0.00023008106974153897
2026-06-26,Friday,-0.0015744366255030506,0.0015744366255030506,0.0022589742887654924,0.0015333643657073903,2.742543709288725e-05
2026-06-29,Monday,-2.5773545490270777e-05,2.5773545490270777e-05,0.001763453112494836,0.0006646861731710585,0.0005985910713559583
2026-06-30,Tuesday,9.447586141742015e-05,9.447586141742015e-05,0.0013597775768291877,0.00036440689403871573,0.0003237817710862734
2026-07-01,Wednesday,-0.0008453085376162184,0.0008453085376162184,0.0017711226502435966,0.001006319687638424,0.0001208751359844662
2026-07-02,Thursday,0.0006106206527554114,0.0006106206527554114,0.0036650615302300815,0.0016869983948635259,0.0010750985228777932
2026-07-06,Monday,0.0005347736570495698,0.0005347736570495698,0.0008422685098531986,0.00017380143854106578,0.00031905737592619055
2026-07-07,Tuesday,-0.00031978680879418686,0.00031978680879418686,0.0010259826782144995,0.00031978680879407584,0.000639369155766345
2026-07-08,Wednesday,-0.0012367586169811373,0.0012367586169811373,0.0018013658116899475,0.0003091896542453121,0.0009602324459059286
2026-07-09,Thursday,-0.0008558323638356846,0.0008558323638356846,0.0013773552105482494,0.0004279161819177313,0.00036123300866974795
2026-07-10,Friday,6.35976583287512e-05,6.35976583287512e-05,0.0010111761575305892,0.0001064395955294728,6.265840036956405e-05
2026-07-13,Monday,0.0009842388774357058,0.0009842388774357058,0.0014763583161535062,0.0002793110327856674,0.0007047310055050549
2026-07-14,Tuesday,0.002188826308624492,0.002188826308624492,0.006806715959746981,0.003456743987400923,0.0012901166425047794
2026-07-15,Wednesday,0.002218752076549979,0.002218752076549979,0.002950362150308876,0.0022194165725297754,0.00010543207256907827
2026-07-16,Thursday,-0.00015266972538074963,0.00015266972538074963,0.0011170955515659709,0.0007314316111444175,0.000565869498675875
2026-07-17,Friday,-0.0005910959456191245,0.0005910959456191245,0.0010747199011258608,0.00010747199011262865,0.00048367593712195234
2026-07-20,Monday,-0.0004955666872036302,0.0004955666872036302,0.0010848892341484898,0.0007366531836811019,0.00018763989224113153
2026-07-21,Tuesday,0.0005236023844046311,0.0005236023844046311,0.0015708071532142107,0.00018795983029906704,0.0006848211408314597
2026-07-22,Wednesday,-0.00028167880568175097,0.00028167880568175097,0.0024412163159095546,0.0006438372701300654,0.0009115281501339556
2026-07-23,Thursday,-0.002035040431266788,0.002035040431266788,0.002708894878706187,0.0013746630727762277,0.0007408516960645262
2026-07-24,Friday,-0.0019309190094251028,0.0019309190094251028,0.0026195684463527786,0.0011342461314105545,0.0007570534398616546
2026-07-27,Monday,0.0005906357388314465,0.0005906357388314465,0.0009396477663229325,0.0004698238831613022,0.0002012747400201853
2026-07-28,Tuesday,-0.00014865065744129602,0.00014865065744129602,0.0022703009500127705,0.00031081501101359876,0.0005538370098204792
2026-07-29,Wednesday,0.0006079437989732206,0.0006079437989732206,0.0014590651175358563,0.0009727100783569753,0.00043173143740393716
2026-07-30,Thursday,-0.0007483705931176088,0.0007483705931176088,0.0016328085668023424,0.0010885390445347642,0.00034571712601993987
2026-07-31,Friday,-0.0010351410211598688,0.0010351410211598688,0.0028231118758906553,0.0010216976312746873,0.0001614617671990004
2026-08-03,Monday,0.0005994405221791954,0.0005994405221791954,0.00101238843745836,0.0008791794325295754,0.0002927984880951584
2026-08-04,Tuesday,-0.00039455513908082107,0.00039455513908082107,0.0005523771947130568,0.0001446702176628456,0.000497877118246226
2026-08-05,Wednesday,-0.0005821263101873919,0.0005821263101873919,0.0010335869983449054,0.0002209577596611334,0.00039993807410476645
2026-08-06,Thursday,-0.00040223173738163087,0.00040223173738163087,0.0010639678214610744,0.0001946282600233662,0.0005967438541869541
2026-08-07,Friday,0.002296017641717496,0.002296017641717496,0.0028927227915423767,0.0020106369178882755,0.00028480807819275533
2026-08-10,Monday,-0.0007100637634672724,0.0007100637634672724,0.00203060129078993,0.0005561519458850972,0.00020575066642514184
2026-08-11,Tuesday,6.45911380958708e-05,6.45911380958708e-05,0.0005296473323861023,0.00031003746286017986,0.00024537025079429675
2026-08-12,Wednesday,0.0004911972286134603,0.0004911972286134603,0.003244486957420944,0.00032315607145627645,0.00021839393872813417
2026-08-13,Thursday,0.0005765602791056867,0.0005765602791056867,0.0014859801007881862,0.00012921566093804238,0.0004989921959790422
2026-08-14,Friday,0.00021834061135361793,0.00021834061135361793,0.0004623683534549366,2.5687130747575893e-05,0.00012842410777347268
2026-08-17,Monday,-0.0005536813370760063,0.0005536813370760063,0.0010043521928355858,0.0005150524065823392,7.729468599027012e-05
2026-08-18,Tuesday,0.0003249707526322698,0.0003249707526322698,0.0009099181073703958,0.00045495905368508893,0.0007412416447760695
2026-08-19,Wednesday,0.003998489170215835,0.003998489170215835,0.005548392138475501,0.003067244949791048,0.0009478919143521836
2026-08-20,Thursday,0.0011360516648581953,0.0011360516648581953,0.007569320068503102,0.00011765782489914223,0.0010706162252607232
2026-08-21,Friday,-5.21859384988721e-05,5.21859384988721e-05,0.0008219285313572198,0.00037834805411685046,0.000443406930189405
2026-08-24,Monday,-0.00023540181782510938,0.00023540181782510938,0.0016216569672399257,0.0006277381808670324,0.00023551269805976993
2026-08-25,Tuesday,-0.000951524394217862,0.000951524394217862,0.0013555963972419834,0.0010166972979315236,9.133730868104983e-05
2026-08-26,Wednesday,-0.0021789334968620455,0.0021789334968620455,0.0025573111699697597,0.0019179833774772836,0.00015688735487917604
