date,weekday,r_impulse,abs_r_impulse,r_continuation
2015-12-31,Thursday,,,
2016-01-04,Monday,-0.00034869240348689434,0.00034869240348689434,0.00034881403229025665
2016-01-05,Tuesday,-0.00014925373134333508,0.00014925373134333508,0.000248805732484092
2016-01-06,Wednesday,-5.041847332853955e-05,5.041847332853955e-05,-5.042610054961649e-05
2016-01-07,Thursday,-5.1387461459384554e-05,5.1387461459384554e-05,-0.0001541703067988731
2016-01-08,Friday,0.0029132168046610563,0.0029132168046610563,0.00285335779068574
2016-01-11,Monday,-0.00010363231255505756,0.00010363231255505756,5.182152666205475e-05
2016-01-12,Tuesday,0.00015479077446989287,0.00015479077446989287,-0.000412732807099081
2016-01-13,Wednesday,0.0009767633148263233,0.0009767633148263233,-0.000359527478171473
2016-01-14,Thursday,-0.0005273983439693097,0.0005273983439693097,0.0015831970024802189
2016-01-15,Friday,-0.002386128638846241,0.002386128638846241,0.0001594726770146604
2016-01-19,Tuesday,0.00031486146095716094,0.00031486146095716094,-0.0006819493259192511
2016-01-20,Wednesday,-0.0001622849724115527,0.0001622849724115527,0.0009197143475436764
2016-01-21,Thursday,5.363368195232532e-05,5.363368195232532e-05,0.005684865386678117
2016-01-22,Friday,0.00047508445945942945,0.00047508445945942945,-0.0001582862871313262
2016-01-25,Monday,0.00026364355391494954,0.00026364355391494954,0.0007907221929361885
2016-01-26,Tuesday,0.00010629251700677855,0.00010629251700677855,0.0009034863945578397
2016-01-27,Wednesday,0.00021091484313195963,0.00021091484313195963,-0.000843392546518329
2016-01-28,Thursday,-0.002649989400042352,0.002649989400042352,-5.3137786279799926e-05
2016-01-29,Friday,0.001951785620087687,0.001951785620087687,-0.00010530749789372518
2016-02-01,Monday,0.0003643366470618137,0.0003643366470618137,-0.0004682622268469272
2016-02-02,Tuesday,-0.00020835503698302116,0.00020835503698302116,0.0004688965301657966
2016-02-03,Wednesday,-0.0002620545073376279,0.0002620545073376279,0.0004717722912408462
2016-02-04,Thursday,-0.0011548556430446277,0.0011548556430446277,0.00099847601030012
2016-02-05,Friday,-0.0019346405228758412,0.0019346405228758412,-0.002829298962590432
2016-02-08,Monday,0.00048478319418254756,0.00048478319418254756,-0.00026916451335046165
2016-02-09,Tuesday,-0.00043447564220921997,0.00043447564220921997,-0.0010866612333605419
2016-02-10,Wednesday,-0.00010671219720403968,0.00010671219720403968,-0.002668232029457318
2016-02-11,Thursday,0.0004938271604939537,0.0004938271604939537,-0.0006581473153074446
2016-02-12,Friday,0.0026003575491628794,0.0026003575491628794,0.001566889993516174
2016-02-16,Tuesday,0.0003183868400107315,0.0003183868400107315,0.0006896551724138167
2016-02-17,Wednesday,-0.0001572079861656972,0.0001572079861656972,0.0002620545073375169
2016-02-18,Thursday,-5.172235440153994e-05,5.172235440153994e-05,0.0
2016-02-19,Friday,-0.0013566397078007553,0.0013566397078007553,0.0008881922675025855
2016-02-22,Monday,0.00020611119699087688,0.00020611119699087688,-0.0003606388459556076
2016-02-23,Tuesday,0.00010323646311882761,0.00010323646311882761,0.0004129032258064491
2016-02-24,Wednesday,0.0001049703458773088,0.0001049703458773088,-0.0005771248688352104
2016-02-25,Thursday,0.0011359529095884557,0.0011359529095884557,-0.001908003300329919
2016-02-26,Friday,0.00010160536476333526,0.00010160536476333526,-5.0797521081058505e-05
2016-02-29,Monday,0.0003594905505339696,0.0003594905505339696,0.000770060064685163
2016-03-01,Tuesday,0.00046205975972890556,0.00046205975972890556,0.0003079449804967993
2016-03-02,Wednesday,0.00025267839094400557,0.00025267839094400557,-5.0535678188801114e-05
2016-03-03,Thursday,0.00010058844238791664,0.00010058844238791664,-0.0005532086099376832
2016-03-04,Friday,0.001699235344095218,0.001699235344095218,0.0012971462781878884
2016-03-07,Monday,-0.00010028581457155461,0.00010028581457155461,-0.00020060180541625616
2016-03-08,Tuesday,-0.00020044097013427464,0.00020044097013427464,0.00040092212087805557
2016-03-09,Wednesday,-0.00025055121266792657,0.00025055121266792657,0.00025058888387707867
2016-03-10,Thursday,9.94332305856993e-05,9.94332305856993e-05,0.0005468283953071751
2016-03-11,Friday,-0.00024849659559667003,0.00024849659559667003,0.0005965697240866152
2016-03-14,Monday,0.0,0.0,-0.00014839730906213155
2016-03-15,Tuesday,-0.0002481882259506296,0.0002481882259506296,-0.0008440913604766953
2016-03-16,Wednesday,-0.00019802960542614212,0.00019802960542614212,-0.00034662045060651625
2016-03-17,Thursday,0.0004440935557090686,0.0004440935557090686,0.00019728729963008895
2016-03-18,Friday,-9.798157946305786e-05,9.798157946305786e-05,4.899318994655566e-05
2016-03-21,Monday,-0.000343154076180352,0.000343154076180352,0.0005884660651236384
2016-03-22,Tuesday,0.0,0.0,0.0004903402961655701
2016-03-23,Wednesday,-4.885675200316797e-05,4.885675200316797e-05,-0.00029315483461167524
2016-03-24,Thursday,0.0,0.0,-9.888751545117369e-05
2016-03-28,Monday,0.000490869821323292,0.000490869821323292,-4.90725291980576e-05
2016-03-29,Tuesday,0.0,0.0,-0.00014798007201699548
2016-03-30,Wednesday,9.703085581214133e-05,9.703085581214133e-05,0.0002425771395302423
2016-03-31,Thursday,0.0001941747572815622,0.0001941747572815622,-0.00019413706076487625
2016-04-01,Friday,0.0008302808302806941,0.0008302808302806941,-0.00024403338376677297
2016-04-04,Monday,-4.8246248854244556e-05,4.8246248854244556e-05,-0.00024124288333482458
2016-04-05,Tuesday,-0.00019540791402050672,0.00019540791402050672,-0.0005863383172090009
2016-04-06,Wednesday,-4.887346659510072e-05,4.887346659510072e-05,0.00029324079956971616
2016-04-07,Thursday,0.0001946282600233662,0.0001946282600233662,4.865469761106134e-05
2016-04-08,Friday,0.0,0.0,0.0016561936772370167
2016-04-11,Monday,-4.8740069210850834e-05,4.8740069210850834e-05,0.0006823609689525778
2016-04-12,Tuesday,4.8930860693685574e-05,4.8930860693685574e-05,0.0002935707994911052
2016-04-13,Wednesday,-0.00038628681796226694,0.00038628681796226694,0.000338180588434156
2016-04-14,Thursday,0.0004809310825757418,0.0004809310825757418,0.0002883922134102601
2016-04-15,Friday,4.813941173642533e-05,4.813941173642533e-05,-0.0003369434416365946
2016-04-18,Monday,0.0,0.0,0.0005309392798531487
2016-04-19,Tuesday,-0.00019045805161421736,0.00019045805161421736,-0.0005238594151822928
2016-04-20,Wednesday,-4.759638267481936e-05,4.759638267481936e-05,-0.00038078918558714925
2016-04-21,Thursday,-0.0003326047705027868,0.0003326047705027868,0.00014260588486947334
2016-04-22,Friday,0.00019158005651620513,0.00019158005651620513,-9.577626664103445e-05
2016-04-25,Monday,4.79846449135124e-05,4.79846449135124e-05,0.00038384032242588795
2016-04-26,Tuesday,-0.00023905144387059707,0.00023905144387059707,-0.00028693032375304295
2016-04-27,Wednesday,0.0,0.0,0.0
2016-04-28,Thursday,0.0,0.0,-0.00033631209762652325
2016-04-29,Friday,-9.640877319827545e-05,9.640877319827545e-05,-0.00024103355187043984
2016-05-02,Monday,-9.665571235251136e-05,9.665571235251136e-05,-0.0003383767583505781
2016-05-03,Tuesday,0.0,0.0,-0.00029061319383905104
2016-05-04,Wednesday,-0.0001464843749999778,0.0001464843749999778,0.0005371618322100868
2016-05-05,Thursday,-0.0005828638041577294,0.0005828638041577294,4.860267314699129e-05
2016-05-06,Friday,-0.001174053419430443,0.001174053419430443,-0.0005877167205406986
2016-05-09,Monday,4.853662088044608e-05,4.853662088044608e-05,9.70968055151733e-05
2016-05-10,Tuesday,0.00024193158174878882,0.00024193158174878882,0.0
2016-05-11,Wednesday,0.0,0.0,9.613073780334602e-05
2016-05-12,Thursday,-0.00014448779078168883,0.00014448779078168883,-0.00028904518739769625
2016-05-13,Friday,0.0008254831504321825,0.0008254831504321825,-0.0003881422541361923
2016-05-16,Monday,-0.00048759081378901836,0.00048759081378901836,-0.00019513146982785834
2016-05-17,Tuesday,-0.00043575094412706683,0.00043575094412706683,-0.00043591979075852105
2016-05-18,Wednesday,9.782821365678096e-05,9.782821365678096e-05,-0.0005380025432848434
2016-05-19,Thursday,-0.00019574259848298414,0.00019574259848298414,-0.0004894762604015224
2016-05-20,Friday,-0.00014632718759144403,0.00014632718759144403,-0.00014635574202359614
2016-05-23,Monday,-0.0003407652614155765,0.0003407652614155765,0.0005355664832757956
2016-05-24,Tuesday,4.8477797168766656e-05,4.8477797168766656e-05,-9.693679720812476e-05
2016-05-25,Wednesday,0.0,0.0,0.00028723251472073663
2016-05-26,Thursday,-0.0002862732000572521,0.0002862732000572521,-0.00042955326460480947
2016-05-27,Friday,4.7687172150867596e-05,4.7687172150867596e-05,
2016-05-31,Tuesday,-0.00023738308882870207,0.00023738308882870207,-0.0001424636717637373
2016-06-01,Wednesday,0.0,0.0,0.00028649190660368085
2016-06-02,Thursday,-0.0005234605501094336,0.0005234605501094336,0.00023804989525810782
2016-06-03,Friday,-0.00042775665399241714,0.00042775665399241714,-0.0002377103736808106
2016-06-06,Monday,-9.483617051531112e-05,9.483617051531112e-05,4.741583688949724e-05
2016-06-07,Tuesday,-0.00018891985075331075,0.00018891985075331075,
2016-06-08,Wednesday,0.0,0.0,0.00023597149464360534
2016-06-09,Thursday,-4.7279088459140084e-05,4.7279088459140084e-05,0.0002836611195158323
2016-06-10,Friday,-0.00014238253440912452,0.00014238253440912452,-0.00018984337921212902
2016-06-13,Monday,-9.546083719147447e-05,9.546083719147447e-05,0.00042955326460480947
2016-06-14,Tuesday,0.00043335901386742925,0.00043335901386742925,0.0006738220147277652
2016-06-15,Wednesday,4.7963931123717884e-05,4.7963931123717884e-05,-0.0003357153134141422
2016-06-16,Thursday,0.00024191987613697563,0.00024191987613697563,-0.0002418379685611427
2016-06-17,Friday,4.824159390226512e-05,4.824159390226512e-05,-0.0004823926676316148
2016-06-20,Monday,0.0,0.0,9.575792396820937e-05
2016-06-21,Tuesday,-0.0010065184049078413,0.0010065184049078413,-0.00023987718288243087
2016-06-22,Wednesday,4.794553387355016e-05,4.794553387355016e-05,0.0
2016-06-23,Thursday,-0.00019047619047618536,0.00019047619047618536,
2016-06-24,Friday,-0.00044087391006164545,0.00044087391006164545,0.0023523646165155565
2016-06-27,Monday,-0.00044771664511000786,0.00044771664511000786,4.976857612093433e-05
2016-06-28,Tuesday,0.0,0.0,-4.968450340347985e-05
2016-06-29,Wednesday,-9.774215619207105e-05,9.774215619207105e-05,0.00019554165037138915
2016-06-30,Thursday,0.00014494154024546901,0.00014494154024546901,0.0003864547606395874
2016-07-01,Friday,9.54836245583568e-05,9.54836245583568e-05,-0.000143198090692076
2016-07-05,Tuesday,-0.0001916259461531844,0.0001916259461531844,-9.583592888984249e-05
2016-07-06,Wednesday,-0.0001445852812184123,0.0001445852812184123,0.00019280825219314401
2016-07-07,Thursday,0.000190821486499404,0.000190821486499404,-4.769627015166478e-05
2016-07-08,Friday,0.0023284546664132932,0.0023284546664132932,-0.0005213023079474466
2016-07-11,Monday,0.00018763486255735096,0.00018763486255735096,4.689771608124005e-05
2016-07-12,Tuesday,0.00032653822829686874,0.00032653822829686874,0.00013989927252389123
2016-07-13,Wednesday,4.644681839294229e-05,4.644681839294229e-05,0.0
2016-07-14,Thursday,-9.233184063528466e-05,9.233184063528466e-05,-0.0003232062055592566
2016-07-15,Friday,0.0009712330034223893,0.0009712330034223893,-0.0004158004158002493
2016-07-18,Monday,-4.625346901010463e-05,4.625346901010463e-05,-0.00027750797835435215
2016-07-19,Tuesday,-9.261403102556187e-05,9.261403102556187e-05,-4.631344942562787e-05
2016-07-20,Wednesday,0.0,0.0,-0.00023060603265379065
2016-07-21,Thursday,0.00013830620994892406,0.00013830620994892406,4.609569466218488e-05
2016-07-22,Friday,0.0001385489308640686,0.0001385489308640686,
2016-07-25,Monday,-9.207255317189578e-05,9.207255317189578e-05,4.603627658594789e-05
2016-07-26,Tuesday,-4.6157396722867894e-05,4.6157396722867894e-05,
2016-07-27,Wednesday,-0.00023025558369793586,0.00023025558369793586,
2016-07-28,Thursday,0.0,0.0,0.00018492834026817562
2016-07-29,Friday,0.0,0.0,-0.00018485996857375842
2016-08-01,Monday,0.0,0.0,0.00027593818984539276
2016-08-02,Tuesday,4.6193643754799396e-05,4.6193643754799396e-05,
2016-08-03,Wednesday,0.0,0.0,-0.00013927576601668878
2016-08-04,Thursday,0.0006012950971323594,0.0006012950971323594,0.00023111768512529274
2016-08-05,Friday,0.0013391207979311925,0.0013391207979311925,0.000691818097961372
2016-08-08,Monday,0.0,0.0,-0.00013738779996341766
2016-08-09,Tuesday,-9.164642808034973e-05,9.164642808034973e-05,-0.0002749770852429334
2016-08-10,Wednesday,-9.154155986812462e-05,9.154155986812462e-05,-9.155832265161923e-05
2016-08-11,Thursday,9.169264624975249e-05,9.169264624975249e-05,9.168003667192615e-05
2016-08-12,Friday,-0.0005033173186914652,0.0005033173186914652,0.0
2016-08-15,Monday,0.0,0.0,0.0
2016-08-16,Tuesday,4.573728503487473e-05,4.573728503487473e-05,0.00013719303059400723
2016-08-17,Wednesday,-4.5852629648290844e-05,4.5852629648290844e-05,
2016-08-18,Thursday,4.582951420717407e-05,4.582951420717407e-05,9.165482791795299e-05
2016-08-19,Friday,0.0,0.0,
2016-08-22,Monday,0.00018323408153908538,0.00018323408153908538,0.0
2016-08-23,Tuesday,0.0002739225712198312,0.0002739225712198312,
2016-08-24,Wednesday,0.0,0.0,
2016-08-25,Thursday,-4.595799439310877e-05,4.595799439310877e-05,0.0001378929950357488
2016-08-26,Friday,-4.5943214187271764e-05,4.5943214187271764e-05,0.0001837644140212369
2016-08-29,Monday,-4.5981239654158124e-05,4.5981239654158124e-05,0.00022991677012917933
2016-08-30,Tuesday,0.00013742556115436955,0.00013742556115436955,
2016-08-31,Wednesday,4.590735894960396e-05,4.590735894960396e-05,
2016-09-01,Thursday,0.0,0.0,-0.00022963167080003455
2016-09-02,Friday,0.001243609230344056,0.001243609230344056,0.0022999080036798514
2016-09-06,Tuesday,0.0,0.0,-0.0002745869754244845
2016-09-07,Wednesday,-4.5722646426882285e-05,4.5722646426882285e-05,0.0
2016-09-08,Thursday,0.0,0.0,0.00018264006209767203
2016-09-09,Friday,-0.0001380961148960136,0.0001380961148960136,-0.00023020257826877888
2016-09-12,Monday,0.0004237886707161298,0.0004237886707161298,0.0002823795180721955
2016-09-13,Tuesday,-9.303190994502941e-05,9.303190994502941e-05,-0.0003256419799033683
2016-09-14,Wednesday,-0.00014024589780747831,0.00014024589780747831,0.0003273169363133821
2016-09-15,Thursday,-0.0008428939358464671,0.0008428939358464671,0.0010781418459662184
2016-09-16,Friday,-0.0007963275248266122,0.0007963275248266122,-0.00018749414080809768
2016-09-19,Monday,-4.662004662003838e-05,4.662004662003838e-05,0.00023312196941449592
2016-09-20,Tuesday,0.0006065979189024961,0.0006065979189024961,-0.000699496362618901
2016-09-21,Wednesday,0.0,0.0,
2016-09-22,Thursday,4.6133973057749245e-05,4.6133973057749245e-05,4.613184481239152e-05
2016-09-23,Friday,0.0,0.0,4.613823013754903e-05
2016-09-26,Monday,-0.00018589088205234194,0.00018589088205234194,4.648136097440414e-05
2016-09-27,Tuesday,0.00013989927252389123,0.00013989927252389123,-0.0003263859747283382
2016-09-28,Wednesday,-4.6375736214798735e-05,4.6375736214798735e-05,9.274717121132703e-05
2016-09-29,Thursday,0.00018505667360635414,0.00018505667360635414,0.00018503955220428026
2016-09-30,Friday,-0.00013935987364710467,0.00013935987364710467,-9.291953168555356e-05
2016-10-03,Monday,0.0,0.0,-0.00023137436372044906
2016-10-04,Tuesday,0.0,0.0,
2016-10-05,Wednesday,-9.283758065270487e-05,9.283758065270487e-05,-0.00037138480107690164
2016-10-06,Thursday,0.0003252032520324466,0.0003252032520324466,
2016-10-07,Friday,0.0006951524701084288,0.0006951524701084288,-0.000833410500972187
2016-10-10,Monday,-4.6300583387282046e-05,4.6300583387282046e-05,0.00027780350032413637
2016-10-11,Tuesday,0.0,0.0,0.0002782544172887924
2016-10-12,Wednesday,9.378223764433535e-05,9.378223764433535e-05,0.00014066676044444115
2016-10-13,Thursday,0.00037710945601965307,0.00037710945601965307,-9.424626549181525e-05
2016-10-14,Friday,-4.677268475217211e-05,4.677268475217211e-05,0.00042099354476565765
2016-10-17,Monday,-4.696820252680922e-05,4.696820252680922e-05,-0.00014091122592763128
2016-10-18,Tuesday,0.0002336448598130314,0.0002336448598130314,0.00046718056528849417
2016-10-19,Wednesday,-0.00018700327255727345,0.00018700327255727345,0.00014027212792822041
2016-10-20,Thursday,0.00014012798355822476,0.00014012798355822476,-0.0006539000467070677
2016-10-21,Friday,4.6858160348550726e-05,4.6858160348550726e-05,9.370314842582772e-05
2016-10-24,Monday,4.655060050273718e-05,4.655060050273718e-05,4.654626698941122e-05
2016-10-25,Tuesday,4.649216606988915e-05,4.649216606988915e-05,
2016-10-26,Wednesday,,,-0.0001405152224824846
2016-10-27,Thursday,-9.319230231585873e-05,9.319230231585873e-05,-0.00023300246982627115
2016-10-28,Friday,0.0005631951940676672,0.0005631951940676672,0.00018762606125988235
2016-10-31,Monday,0.0,0.0,0.0
2016-11-01,Tuesday,-9.398496240609067e-05,9.398496240609067e-05,
2016-11-02,Wednesday,9.493971328211614e-05,9.493971328211614e-05,-0.0005695842035314813
2016-11-03,Thursday,-0.00028536098164178014,0.00028536098164178014,-0.0003329844924364611
2016-11-04,Friday,-0.0009093519670718697,0.0009093519670718697,0.0006707550785742811
2016-11-07,Monday,4.7305927432850226e-05,4.7305927432850226e-05,0.00023651844843897152
2016-11-08,Tuesday,0.0001408781404086401,0.0001408781404086401,-4.6952765517804806e-05
2016-11-09,Wednesday,-0.00028473804100226374,0.00028473804100226374,9.493070058841369e-05
2016-11-10,Thursday,-0.0002755959762987814,0.0002755959762987814,-0.0005054450213665129
2016-11-11,Friday,-0.0003235348493253465,0.0003235348493253465,-0.00018494544109481925
2016-11-14,Monday,-9.227220299889982e-05,9.227220299889982e-05,4.61361014993944e-05
2016-11-15,Tuesday,-0.00036849378166736724,0.00036849378166736724,0.0004608294930874557
2016-11-16,Wednesday,0.00032185387833916224,0.00032185387833916224,-4.5962219055839526e-05
2016-11-17,Thursday,-0.00013770311209038155,0.00013770311209038155,-4.590946653193484e-05
2016-11-18,Friday,0.00018276523805171863,0.00018276523805171863,9.136174683654907e-05
2016-11-21,Monday,-0.00013689253935655898,0.00013689253935655898,0.00018256503879499064
2016-11-22,Tuesday,-4.539264639136231e-05,4.539264639136231e-05,
2016-11-23,Wednesday,4.536176003644421e-05,4.536176003644421e-05,-0.0005896761317245591
2016-11-25,Friday,0.0,0.0,-0.00013571590137972933
2016-11-28,Monday,0.0,0.0,
2016-11-29,Tuesday,0.0002716653083401077,0.0002716653083401077,-0.0009053870529651675
2016-11-30,Wednesday,9.034239768723751e-05,9.034239768723751e-05,-0.0001355013550135009
2016-12-01,Thursday,0.0,0.0,0.00031773410194713136
2016-12-02,Friday,0.00018226556092226787,0.00018226556092226787,0.0
2016-12-05,Monday,9.072763563788833e-05,9.072763563788833e-05,-0.0003628611602486398
2016-12-06,Tuesday,4.517323937291984e-05,4.517323937291984e-05,-0.00018067663399423672
2016-12-07,Wednesday,0.0001355564592653291,0.0001355564592653291,-4.517936206738238e-05
2016-12-08,Thursday,0.0,0.0,-0.0002673796791443639
2016-12-09,Friday,4.438723423150215e-05,4.438723423150215e-05,0.00035505059470986033
2016-12-12,Monday,0.0,0.0,-4.4140366365130745e-05
2016-12-13,Tuesday,0.0,0.0,-0.0004847309743093442
2016-12-14,Wednesday,-8.786960151141443e-05,8.786960151141443e-05,0.0003954479546552925
2016-12-15,Thursday,8.850340738120188e-05,8.850340738120188e-05,0.0005309734513274655
2016-12-16,Friday,0.0001327316166710446,0.0001327316166710446,0.00017695200176959247
2016-12-19,Monday,0.0,0.0,
2016-12-20,Tuesday,-0.00013259668508291966,0.00013259668508291966,
2016-12-21,Wednesday,0.0,0.0,
2016-12-22,Thursday,0.0,0.0,
2016-12-23,Friday,-0.00013307310149046625,0.00013307310149046625,
2016-12-27,Tuesday,,,
2016-12-28,Wednesday,0.0,0.0,
2016-12-29,Thursday,-0.00017807060499486216,0.00017807060499486216,0.0
2016-12-30,Friday,,,
2017-01-03,Tuesday,-0.00013331555792561733,0.00013331555792561733,-0.0003555555555556644
2017-01-04,Wednesday,0.0,0.0,0.00017720285296607408
2017-01-05,Thursday,4.4216483905179516e-05,4.4216483905179516e-05,-4.421452889413757e-05
2017-01-06,Friday,0.0002649942584578291,0.0002649942584578291,0.0010598834128245915
2017-01-09,Monday,0.0,0.0,4.405286343600601e-05
2017-01-10,Tuesday,0.0,0.0,
2017-01-11,Wednesday,0.00022108241952611962,0.00022108241952611962,4.420475643174271e-05
2017-01-12,Thursday,0.00022071157411507336,0.00022071157411507336,-0.0001324035660693612
2017-01-13,Friday,-4.414816122899623e-05,4.414816122899623e-05,0.00013244448368721073
2017-01-17,Tuesday,0.0001324737260444131,0.0001324737260444131,-0.00013245617908075324
2017-01-18,Wednesday,-0.00022043911471647526,0.00022043911471647526,-0.00022047799629598686
2017-01-19,Thursday,,,0.0007505187408944902
2017-01-20,Friday,8.823010411140864e-05,8.823010411140864e-05,-4.410532351251106e-05
2017-01-23,Monday,0.0,0.0,4.421452889435962e-05
2017-01-24,Tuesday,0.00017682684231457024,0.00017682684231457024,
2017-01-25,Wednesday,0.00026278906797472246,0.00026278906797472246,
2017-01-26,Thursday,8.718775883864716e-05,8.718775883864716e-05,0.0
2017-01-27,Friday,-0.0002178269582643333,0.0002178269582643333,-0.000217893406545544
2017-01-30,Monday,-0.00021922132585061593,0.00021922132585061593,0.0002631348127357658
2017-01-31,Tuesday,0.00022003168456241617,0.00022003168456241617,-0.0004840271055178702
2017-02-01,Wednesday,-8.76385785022471e-05,8.76385785022471e-05,-0.00013147515119638076
2017-02-02,Thursday,0.00013214694740559807,0.00013214694740559807,-8.807468733496027e-05
2017-02-03,Friday,0.0015792937047598432,0.0015792937047598432,0.0009636021199246336
2017-02-06,Monday,0.0,0.0,-0.001048721870220537
2017-02-07,Tuesday,-8.718775883853613e-05,8.718775883853613e-05,
2017-02-08,Wednesday,,,8.744698526519379e-05
2017-02-09,Thursday,0.0,0.0,-0.00017429193899776152
2017-02-10,Friday,0.0,0.0,
2017-02-13,Monday,-8.619203585580326e-05,8.619203585580326e-05,-0.00038786416135150326
2017-02-14,Tuesday,-8.587376556468129e-05,8.587376556468129e-05,0.0002576655501158598
2017-02-15,Wednesday,-0.00025682732642751116,0.00025682732642751116,-0.00012843015540053848
2017-02-16,Thursday,0.00017046665246112092,0.00017046665246112092,0.00021302884410534517
2017-02-17,Friday,-8.550297122833506e-05,8.550297122833506e-05,0.0003419826443806784
2017-02-21,Tuesday,8.493650995888835e-05,8.493650995888835e-05,-8.492569002127581e-05
2017-02-22,Wednesday,0.0,0.0,
2017-02-23,Thursday,0.0,0.0,4.2263640589901286e-05
2017-02-24,Friday,0.00012741558717355161,0.00012741558717355161,4.246464818025153e-05
2017-02-27,Monday,-0.00012682308180089752,0.00012682308180089752,0.0002959080148798865
2017-02-28,Tuesday,8.445232666165481e-05,8.445232666165481e-05,4.2220814861826383e-05
2017-03-01,Wednesday,-0.00020985478049184714,0.00020985478049184714,-0.00025187859451747396
2017-03-02,Thursday,-4.1734485205169314e-05,4.1734485205169314e-05,0.00016694490818025542
2017-03-03,Friday,0.0,0.0,
2017-03-06,Monday,-4.2069835927582844e-05,4.2069835927582844e-05,
2017-03-07,Tuesday,0.0,0.0,0.00025280188758736166
2017-03-08,Wednesday,0.00029559562518466365,0.00029559562518466365,0.00029553322637831947
2017-03-09,Thursday,-8.458805616651244e-05,8.458805616651244e-05,0.0
2017-03-10,Friday,0.0006305435285216543,0.0006305435285216543,-4.2006216920076334e-05
2017-03-13,Monday,-4.208577080100362e-05,4.208577080100362e-05,
2017-03-14,Tuesday,0.00012657159733353573,0.00012657159733353573,-0.00012656625743578953
2017-03-15,Wednesday,0.00012635835228702597,0.00012635835228702597,
2017-03-16,Thursday,-0.00012547051442912682,0.00012547051442912682,0.0005019660336318399
2017-03-17,Friday,-0.00025244025580617446,0.00025244025580617446,0.0001683430832035704
2017-03-20,Monday,0.0,0.0,-0.0002531859228627198
2017-03-21,Tuesday,,,0.0
2017-03-22,Wednesday,0.0,0.0,-0.00034201188491289614
2017-03-23,Thursday,-8.528784648187404e-05,8.528784648187404e-05,0.0
2017-03-24,Friday,0.0,0.0,0.00017080148597292677
2017-03-27,Monday,-0.00012920453077225336,0.00012920453077225336,-4.3071886979384466e-05
2017-03-28,Tuesday,-8.572653236182948e-05,8.572653236182948e-05,8.573388203014787e-05
2017-03-29,Wednesday,-4.254594962560532e-05,4.254594962560532e-05,0.00012763241863433805
2017-03-30,Thursday,8.495094083160737e-05,8.495094083160737e-05,0.00016986580601341394
2017-03-31,Friday,-8.473858147617364e-05,8.473858147617364e-05,0.0002966227382514841
2017-04-03,Monday,4.239983040066342e-05,4.239983040066342e-05,4.2398032731316704e-05
2017-04-04,Tuesday,0.0,0.0,-8.52296940254682e-05
2017-04-05,Wednesday,4.237826842401482e-05,4.237826842401482e-05,0.0001694987075722132
2017-04-06,Thursday,0.0005111385611449304,0.0005111385611449304,-0.0002128837229106173
2017-04-07,Friday,-0.0019139162980605917,0.0019139162980605917,0.00021310147892439346
2017-04-10,Monday,0.0,0.0,
2017-04-11,Tuesday,-8.511724901050233e-05,8.511724901050233e-05,
2017-04-12,Wednesday,4.2596694496577214e-05,4.2596694496577214e-05,0.0001277846402862881
2017-04-13,Thursday,0.0,0.0,0.00012846315248582485
2017-04-17,Monday,8.580744808650564e-05,8.580744808650564e-05,0.00017159281026124518
2017-04-18,Tuesday,0.00012828187804658775,0.00012828187804658775,-0.0001282489740082049
2017-04-19,Wednesday,0.0,0.0,
2017-04-20,Thursday,0.0,0.0,0.00021358393848780466
2017-04-21,Friday,0.00012739935450989393,0.00012739935450989393,0.00016985138004232958
2017-04-24,Monday,0.0,0.0,-4.2112355765233644e-05
2017-04-25,Tuesday,-0.00012613521695259422,0.00012613521695259422,-8.411136344521619e-05
2017-04-26,Wednesday,4.1949828005760637e-05,4.1949828005760637e-05,0.0005871990604815469
2017-04-27,Thursday,-4.190763557121446e-05,4.190763557121446e-05,4.190763557110344e-05
2017-04-28,Friday,0.0,0.0,-0.00020934516831361272
2017-05-01,Monday,,,-4.188832572360468e-05
2017-05-02,Tuesday,0.0,0.0,
2017-05-03,Wednesday,8.391373667882007e-05,8.391373667882007e-05,0.00012587588637602565
2017-05-04,Thursday,-4.182875308478273e-05,4.182875308478273e-05,0.0001673220112106133
2017-05-05,Friday,8.372404554601864e-05,8.372404554601864e-05,0.0006278777731267837
2017-05-08,Monday,-4.172577818573053e-05,4.172577818573053e-05,-8.34620039226186e-05
2017-05-09,Tuesday,0.0,0.0,-8.332986125569875e-05
2017-05-10,Wednesday,0.0,0.0,0.0002924465240641272
2017-05-11,Thursday,-0.00016726603663119732,0.00016726603663119732,0.00012545477355407897
2017-05-12,Friday,-0.00016739903745555118,0.00016739903745555118,0.00025108804820894726
2017-05-15,Monday,-0.00033394556687260657,0.00033394556687260657,-0.0002505637684790951
2017-05-16,Tuesday,-4.1616380207165626e-05,4.1616380207165626e-05,0.0002080992217088351
2017-05-17,Wednesday,-0.00016760946993499282,0.00016760946993499282,-4.190939189485654e-05
2017-05-18,Thursday,0.0004677069603300499,0.0004677069603300499,-8.500510030606812e-05
2017-05-19,Friday,-4.2142526022970195e-05,4.2142526022970195e-05,4.214963119064663e-05
2017-05-22,Monday,,,
2017-05-23,Tuesday,0.0,0.0,-0.00012502604709319076
2017-05-24,Wednesday,,,
2017-05-25,Thursday,4.148000663684037e-05,4.148000663684037e-05,
2017-05-26,Friday,-0.00012431110926947042,0.00012431110926947042,0.0006216070614561975
2017-05-30,Tuesday,4.1440470763820514e-05,4.1440470763820514e-05,-0.0001657344106069658
2017-05-31,Wednesday,-4.1320606586459085e-05,4.1320606586459085e-05,-0.00016530291759642157
2017-06-01,Thursday,0.0,0.0,
2017-06-02,Friday,-0.0003281916639317206,0.0003281916639317206,-0.0006155866540812349
2017-06-05,Monday,,,
2017-06-06,Tuesday,4.111165926645732e-05,4.111165926645732e-05,0.0002877816148658674
2017-06-07,Wednesday,,,-4.1049218012512156e-05
2017-06-08,Thursday,0.0,0.0,0.0
2017-06-09,Friday,8.197729228998085e-05,8.197729228998085e-05,0.00016394114512885416
2017-06-12,Monday,-4.113025953189631e-05,4.113025953189631e-05,-4.113195129973324e-05
2017-06-13,Tuesday,4.102227509528156e-05,4.102227509528156e-05,-4.102059233734856e-05
2017-06-14,Wednesday,-0.00012261413332248505,0.00012261413332248505,-0.0002452783909737688
2017-06-15,Thursday,8.245042668098002e-05,8.245042668098002e-05,0.001071811361200492
2017-06-16,Friday,8.232824270359984e-05,8.232824270359984e-05,-0.0003704465939492474
2017-06-19,Monday,0.0,0.0,-8.216251745940539e-05
2017-06-20,Tuesday,-8.190343584912885e-05,8.190343584912885e-05,
2017-06-21,Wednesday,-4.11150398815785e-05,4.11150398815785e-05,0.0001644736842105754
2017-06-22,Thursday,0.0,0.0,
2017-06-23,Friday,0.0,0.0,4.116412135179992e-05
2017-06-26,Monday,4.1007135241466486e-05,4.1007135241466486e-05,4.100881689561575e-05
2017-06-27,Tuesday,-4.112856790328134e-05,4.112856790328134e-05,
2017-06-28,Wednesday,-0.0001237674821567003,0.0001237674821567003,-0.00028883845677740716
2017-06-29,Thursday,4.10155448915539e-05,4.10155448915539e-05,-0.00012304663467455068
2017-06-30,Friday,0.00012391061913996637,0.00012391061913996637,8.259002312516195e-05
2017-07-03,Monday,0.0,0.0,
2017-07-05,Wednesday,-8.24232433547234e-05,8.24232433547234e-05,0.0
2017-07-06,Thursday,4.136162468459936e-05,4.136162468459936e-05,4.136162468459936e-05
2017-07-07,Friday,0.000954871922613787,0.000954871922613787,0.0007880220646176994
2017-07-10,Monday,-8.258661270998946e-05,8.258661270998946e-05,
2017-07-11,Tuesday,4.130524576639871e-05,4.130524576639871e-05,4.1303539713322124e-05
2017-07-12,Wednesday,0.0002472799208703691,0.0002472799208703691,0.0006591686235735139
2017-07-13,Thursday,0.0,0.0,8.192356531355749e-05
2017-07-14,Friday,0.0003273456360735061,0.0003273456360735061,-8.180962899340116e-05
2017-07-17,Monday,-8.141996417510011e-05,8.141996417510011e-05,-0.00028499307873952606
2017-07-18,Tuesday,8.14763514889183e-05,8.14763514889183e-05,
2017-07-19,Wednesday,-4.065701740130212e-05,4.065701740130212e-05,-0.0001626346818458524
2017-07-20,Thursday,-4.041383769803897e-05,4.041383769803897e-05,0.00020208552259326495
2017-07-21,Friday,0.0,0.0,
2017-07-24,Monday,-8.101758081502375e-05,8.101758081502375e-05,-0.00016204172574429965
2017-07-25,Tuesday,0.0,0.0,0.00012126111560228914
2017-07-26,Wednesday,0.0,0.0,
2017-07-27,Thursday,0.0,0.0,-0.0003631521607553312
2017-07-28,Friday,0.00028390655418553123,0.00028390655418553123,-0.0004865390853063811
2017-07-31,Monday,0.0,0.0,-4.042854255104089e-05
2017-08-01,Tuesday,,,
2017-08-02,Wednesday,0.0,0.0,0.0
2017-08-03,Thursday,,,
2017-08-04,Friday,0.0004444444444444695,0.0004444444444444695,0.00040399143538150106
2017-08-07,Monday,,,
2017-08-08,Tuesday,4.039751151330151e-05,4.039751151330151e-05,
2017-08-09,Wednesday,4.0609137055724887e-05,4.0609137055724887e-05,0.0005685740973886411
2017-08-10,Thursday,-8.11030008109892e-05,8.11030008109892e-05,-0.00040558079169372707
2017-08-11,Friday,0.00016409583196597133,0.00016409583196597133,0.0013945857260049266
2017-08-14,Monday,0.00012217968559102843,0.00012217968559102843,-0.0001628863460519936
2017-08-15,Tuesday,-0.00012144765606025842,0.00012144765606025842,0.000526337098667895
2017-08-16,Wednesday,4.0487469128214215e-05,4.0487469128214215e-05,0.00024288547949646855
2017-08-17,Thursday,0.00012183730658321679,0.00012183730658321679,0.00024365482233501545
2017-08-18,Friday,0.0,0.0,0.00020533037657588515
2017-08-21,Monday,,,0.0001235381321034179
2017-08-22,Tuesday,8.204791598287464e-05,8.204791598287464e-05,8.203781943483257e-05
2017-08-23,Wednesday,-8.175277959443505e-05,8.175277959443505e-05,-0.00016351892731580886
2017-08-24,Thursday,0.00020413995835544263,0.00020413995835544263,-0.00016327863499054907
2017-08-25,Friday,0.0001632786349907711,0.0001632786349907711,-0.00016329196603537266
2017-08-28,Monday,4.0834660459898586e-05,4.0834660459898586e-05,-8.165598334219926e-05
2017-08-29,Tuesday,-8.218615163335663e-05,8.218615163335663e-05,0.00028769882043477857
2017-08-30,Wednesday,-0.00020403999183848942,0.00020403999183848942,0.00020409829373835287
2017-08-31,Thursday,0.00016230472712530641,0.00016230472712530641,0.0
2017-09-01,Friday,-0.0002823149828594662,0.0002823149828594662,0.0009279057570499294
2017-09-05,Tuesday,0.0,0.0,
2017-09-06,Wednesday,-4.052356445283234e-05,4.052356445283234e-05,-0.00020262603339271656
2017-09-07,Thursday,-8.097165991904909e-05,8.097165991904909e-05,0.00020244554214920996
2017-09-08,Friday,-4.0567951318459805e-05,4.0567951318459805e-05,8.11260292865601e-05
2017-09-11,Monday,0.00016138142499788621,0.00016138142499788621,-0.00012101653892704345
2017-09-12,Tuesday,4.006089255659262e-05,4.006089255659262e-05,
2017-09-13,Wednesday,4.0041643309063346e-05,4.0041643309063346e-05,-0.00012012012012008189
2017-09-14,Thursday,-0.00024033647105947686,0.00024033647105947686,0.00016026283104286776
2017-09-15,Friday,-8.042787630180293e-05,8.042787630180293e-05,0.00012066122350473663
2017-09-18,Monday,-8.012499499221448e-05,8.012499499221448e-05,
2017-09-19,Tuesday,,,
2017-09-20,Wednesday,0.0,0.0,
2017-09-21,Thursday,-0.00012003841229191181,0.00012003841229191181,
2017-09-22,Friday,-4.014290875520299e-05,4.014290875520299e-05,0.0002408767915211829
2017-09-25,Monday,4.01010546577929e-05,4.01010546577929e-05,-0.0005613922527868409
2017-09-26,Tuesday,8.026970621299867e-05,8.026970621299867e-05,
2017-09-27,Wednesday,-0.00012020193925799116,0.00012020193925799116,4.007373567360695e-05
2017-09-28,Thursday,8.014104824494162e-05,8.014104824494162e-05,0.00016027567415966004
2017-09-29,Friday,3.994886545233278e-05,3.994886545233278e-05,-0.00019974432726099778
2017-10-02,Monday,-3.973615195096425e-05,3.973615195096425e-05,0.0002384263858534741
2017-10-03,Tuesday,-7.920164739427804e-05,7.920164739427804e-05,
2017-10-04,Wednesday,,,-3.957888070926785e-05
2017-10-05,Thursday,0.0,0.0,0.00011831052569299949
2017-10-06,Friday,-0.00027511397578994234,0.00027511397578994234,-0.0002751356025469942
2017-10-09,Monday,0.0,0.0,
2017-10-10,Tuesday,0.0,0.0,
2017-10-11,Wednesday,7.862253321810897e-05,7.862253321810897e-05,
2017-10-12,Thursday,0.0,0.0,
2017-10-13,Friday,0.00011765167261468257,0.00011765167261468257,0.0003529411764706669
2017-10-16,Monday,-3.918341757780386e-05,3.918341757780386e-05,
2017-10-17,Tuesday,,,-3.9172673143128556e-05
2017-10-18,Wednesday,,,
2017-10-19,Thursday,0.0001571894525878026,0.0001571894525878026,0.0002750383089074049
2017-10-20,Friday,0.0,0.0,-7.800312012473665e-05
2017-10-23,Monday,,,
2017-10-24,Tuesday,7.793928529675753e-05,7.793928529675753e-05,0.00023379052369087994
2017-10-25,Wednesday,0.0,0.0,-0.0002731174404994041
2017-10-26,Thursday,0.00015626220798492518,0.00015626220798492518,0.00023437500000000888
2017-10-27,Friday,0.00035093191920787525,0.00035093191920787525,-0.000545745137020992
2017-10-30,Monday,0.0,0.0,
2017-10-31,Tuesday,-3.888176056610071e-05,3.888176056610071e-05,0.0
2017-11-01,Wednesday,,,
2017-11-02,Thursday,0.0,0.0,0.00031092110376995663
2017-11-03,Friday,0.0004655674102813645,0.0004655674102813645,0.0004654410053526181
2017-11-06,Monday,-7.746833481825366e-05,7.746833481825366e-05,
2017-11-07,Tuesday,3.863838336992664e-05,3.863838336992664e-05,
2017-11-08,Wednesday,,,-0.00019343108050606794
2017-11-09,Thursday,0.0001552132241666726,0.0001552132241666726,0.00023281080242099073
2017-11-10,Friday,,,
2017-11-13,Monday,-3.8860607002644265e-05,3.8860607002644265e-05,-0.0001165908825930817
2017-11-14,Tuesday,-0.00038777726074157304,0.00038777726074157304,
2017-11-15,Wednesday,-0.0001167587763679645,0.0001167587763679645,-0.0006227619492450431
2017-11-16,Thursday,3.8848529583024316e-05,3.8848529583024316e-05,-0.00023308212260120253
2017-11-17,Friday,0.0,0.0,
2017-11-20,Monday,0.0,0.0,0.00015513496742181054
2017-11-21,Tuesday,0.0,0.0,7.716644802835404e-05
2017-11-22,Wednesday,-7.690237243807019e-05,7.690237243807019e-05,-0.0001153535586572163
2017-11-24,Friday,7.680491551464996e-05,7.680491551464996e-05,
2017-11-27,Monday,,,0.0001152383513234323
2017-11-28,Tuesday,0.0,0.0,
2017-11-29,Wednesday,0.00011405976731815315,0.00011405976731815315,-0.0002661192214111763
2017-11-30,Thursday,-7.588117008761053e-05,7.588117008761053e-05,-7.588980799888567e-05
2017-12-01,Friday,0.0,0.0,0.0003776720296095881
2017-12-04,Monday,3.758833258160621e-05,3.758833258160621e-05,-0.00011274804570038377
2017-12-05,Tuesday,0.0,0.0,0.0
2017-12-06,Wednesday,0.00011419001218015978,0.00011419001218015978,0.0001141856658926077
2017-12-07,Thursday,0.0,0.0,-0.00030385900941953814
2017-12-08,Friday,0.00015098897780441156,0.00015098897780441156,0.00037741545893732464
2017-12-11,Monday,0.00026369321178321137,0.00026369321178321137,-0.00011299009453491493
2017-12-12,Tuesday,0.00011249859376749605,0.00011249859376749605,
2017-12-13,Wednesday,-0.00026233931716823644,0.00026233931716823644,0.0008246186138909373
2017-12-14,Thursday,0.00011229646266164295,0.00011229646266164295,
2017-12-15,Friday,-0.00018853695324283493,0.00018853695324283493,
2017-12-18,Monday,-0.0001118776804026611,0.0001118776804026611,
2017-12-19,Tuesday,,,0.00011171936096543433
2017-12-20,Wednesday,,,
2017-12-21,Thursday,0.00011216630524191196,0.00011216630524191196,-7.47635602407204e-05
2017-12-22,Friday,7.474400179408036e-05,7.474400179408036e-05,
2017-12-26,Tuesday,0.0,0.0,-3.74587953251293e-05
2017-12-27,Wednesday,,,
2017-12-28,Thursday,0.0,0.0,
2017-12-29,Friday,-3.722453841570328e-05,3.722453841570328e-05,
2018-01-02,Tuesday,0.0,0.0,
2018-01-03,Wednesday,-3.71843974268371e-05,3.71843974268371e-05,
2018-01-04,Thursday,-0.0001106398672320319,0.0001106398672320319,
2018-01-05,Friday,-0.0010640639906069893,0.0010640639906069893,0.001028428707852802
2018-01-08,Monday,0.00010988205992235045,0.00010988205992235045,0.00021974802226787382
2018-01-09,Tuesday,3.645643456073877e-05,3.645643456073877e-05,
2018-01-10,Wednesday,3.655104353250671e-05,3.655104353250671e-05,-0.00029237628828293616
2018-01-11,Thursday,-3.6386129607324236e-05,3.6386129607324236e-05,
2018-01-12,Friday,-0.0008670833483869211,0.0008670833483869211,-0.0005062375700596311
2018-01-16,Tuesday,7.158708568977268e-05,7.158708568977268e-05,-0.00035790980672856243
2018-01-17,Wednesday,0.00017969451931709735,0.00017969451931709735,-3.5931155905277734e-05
2018-01-18,Thursday,-0.0001788780767028042,0.0001788780767028042,-0.00010735757228730325
2018-01-19,Friday,-0.00010748450431741219,0.00010748450431741219,0.0001791536780251235
2018-01-22,Monday,-3.5663338088465224e-05,3.5663338088465224e-05,-0.000499322348241571
2018-01-23,Tuesday,0.0,0.0,
2018-01-24,Wednesday,0.00010568217846196326,0.00010568217846196326,
2018-01-25,Thursday,3.5187726521002105e-05,3.5187726521002105e-05,0.00017594482370331122
2018-01-26,Friday,-0.00010557060914251348,0.00010557060914251348,0.0003167898627243204
2018-01-29,Monday,0.0,0.0,0.00045445011536049407
2018-01-30,Tuesday,0.0,0.0,-3.530200868429034e-05
2018-01-31,Wednesday,-3.533568904590112e-05,3.533568904590112e-05,-0.000176703420978086
2018-02-01,Thursday,-0.0005683432793406329,0.0005683432793406329,-0.0004619922527452358
2018-02-02,Friday,-0.001998572448251301,0.001998572448251301,-7.150518412579743e-05
2018-02-05,Monday,0.00036469730124011335,0.00036469730124011335,0.0005833667553871713
2018-02-06,Tuesday,-0.0009693679720822468,0.0009693679720822468,0.0013969732246799094
2018-02-07,Wednesday,-0.00022390566108143606,0.00022390566108143606,-0.00018661590713997533
2018-02-08,Thursday,0.0007089023207222933,0.0007089023207222933,-0.0007083737230633158
2018-02-09,Friday,-0.00026991594046421596,0.00026991594046421596,-0.00015429122468668677
2018-02-12,Monday,-0.00026436043657229735,0.00026436043657229735,0.0004910107266957731
2018-02-13,Tuesday,-0.00030256041753351504,0.00030256041753351504,-0.0002648405281676647
2018-02-14,Wednesday,-0.010620792819745595,0.010620792819745595,-0.004951804951804917
2018-02-15,Thursday,-0.0003696584356053245,0.0003696584356053245,0.0013685962641021288
2018-02-16,Friday,0.0003292723081989024,0.0003292723081989024,0.0006218223051319693
2018-02-20,Tuesday,3.6798528058934465e-05,3.6798528058934465e-05,0.0006990948561338417
2018-02-21,Wednesday,0.0,0.0,0.00022088057723457233
2018-02-22,Thursday,0.0002218934911242254,0.0002218934911242254,0.000665557404326167
2018-02-23,Friday,3.6749843813188576e-05,3.6749843813188576e-05,-3.675794890645179e-05
2018-02-26,Monday,0.0,0.0,0.0004714928188016554
2018-02-27,Tuesday,-0.0004676931932652284,0.0004676931932652284,-0.0005398596364946107
2018-02-28,Wednesday,0.000545633116292521,0.000545633116292521,0.0005089613552913264
2018-03-01,Thursday,-0.0001845699520116595,0.0001845699520116595,0.0
2018-03-02,Friday,-7.523888345495333e-05,7.523888345495333e-05,0.0007524454477050302
2018-03-05,Monday,0.00011186516518746359,0.00011186516518746359,0.00041012639349768953
2018-03-06,Tuesday,-0.0003296703296702397,0.0003296703296702397,0.0004763126076283708
2018-03-07,Wednesday,-0.00018448142272053936,0.00018448142272053936,-0.0006640841173215506
2018-03-08,Thursday,-0.00040245865651988844,0.00040245865651988844,0.00018301610541726632
2018-03-09,Friday,0.0035801702407480818,0.0035801702407480818,0.003567398347348094
2018-03-12,Monday,7.164350193433755e-05,7.164350193433755e-05,-0.0001074575542662215
2018-03-13,Tuesday,0.0028320487542570216,0.0028320487542570216,0.0008222802187980438
2018-03-14,Wednesday,-3.602175714123579e-05,3.602175714123579e-05,0.0007924215682744151
2018-03-15,Thursday,0.00047212638460147893,0.00047212638460147893,0.00010888106558271105
2018-03-16,Friday,0.00010926175474379463,0.00010926175474379463,0.00014569825890564658
2018-03-19,Monday,0.0,0.0,-0.00014637002341910677
2018-03-20,Tuesday,-3.6835125976075744e-05,3.6835125976075744e-05,-0.0005156727687943841
2018-03-21,Wednesday,0.0,0.0,-0.0004428534524116845
2018-03-22,Thursday,3.718716299139224e-05,3.718716299139224e-05,-0.0010039413995686086
2018-03-23,Friday,0.0007198878490508598,0.0007198878490508598,0.0006057852491290205
2018-03-26,Monday,0.0001524274064474973,0.0001524274064474973,-0.0006857665345931796
2018-03-27,Tuesday,-3.7564328913219924e-05,3.7564328913219924e-05,-0.00030050334309983384
2018-03-28,Wednesday,-0.000343984100290351,0.000343984100290351,-0.0004589436646651457
2018-03-29,Thursday,0.000536501245449239,0.000536501245449239,-0.00038300969014504194
2018-04-02,Monday,3.809814081079388e-05,3.809814081079388e-05,0.00019052699767563297
2018-04-03,Tuesday,-3.8633905115048606e-05,3.8633905115048606e-05,-0.00019322177995884093
2018-04-04,Wednesday,-0.0002725538293812946,0.0002725538293812946,-0.0007010983874737864
2018-04-05,Thursday,-0.00033904690148789385,0.00033904690148789385,3.767897513196061e-05
2018-04-06,Friday,0.0005694544626246856,0.0005694544626246856,-0.0009866798223976403
2018-04-09,Monday,0.0004209720627632585,0.0004209720627632585,-7.650231419498166e-05
2018-04-10,Tuesday,-0.0005300420247604798,0.0005300420247604798,0.0009092286710108421
2018-04-11,Wednesday,0.00015218962827701077,0.00015218962827701077,-0.0004944281747993884
2018-04-12,Thursday,0.0002641310089803728,0.0002641310089803728,0.00041493775933587607
2018-04-13,Friday,0.0005988023952097077,0.0005988023952097077,-0.0001495942256627414
2018-04-16,Monday,0.00048740251949608293,0.00048740251949608293,-3.7475640833450896e-05
2018-04-17,Tuesday,0.0002599910860199284,0.0002599910860199284,1.8566999016034202e-05
2018-04-18,Wednesday,3.688403658896888e-05,3.688403658896888e-05,-0.00014753070482798059
2018-04-19,Thursday,-0.0001482579688658614,0.0001482579688658614,0.00033364226135290664
2018-04-20,Friday,0.0,0.0,-0.0005579526856122063
2018-04-23,Monday,3.741394792000641e-05,3.741394792000641e-05,0.00018706274084312469
2018-04-24,Tuesday,-7.455175755766152e-05,7.455175755766152e-05,-0.0002236719478099225
2018-04-25,Wednesday,-7.615856212650485e-05,7.615856212650485e-05,0.0007236441194393706
2018-04-26,Thursday,7.549733871869968e-05,7.549733871869968e-05,-3.7741545893643647e-05
2018-04-27,Friday,0.00033733133433266893,0.00033733133433266893,0.0
2018-04-30,Monday,-0.00026161378330902263,0.00026161378330902263,
2018-05-01,Tuesday,7.566299701156076e-05,7.566299701156076e-05,0.0001134859088329776
2018-05-02,Wednesday,0.0002641110775731814,0.0002641110775731814,
2018-05-03,Thursday,-3.817668168282218e-05,3.817668168282218e-05,0.0007633587786259888
2018-05-04,Friday,0.0012206286237412822,0.0012206286237412822,3.810249571345459e-05
2018-05-07,Monday,0.0,0.0,3.747283219657227e-05
2018-05-08,Tuesday,-7.510326699222691e-05,7.510326699222691e-05,0.00022530980097634767
2018-05-09,Wednesday,0.00018665073913703978,0.00018665073913703978,
2018-05-10,Thursday,0.0010001852194851946,0.0010001852194851946,-0.00014803301136134817
2018-05-11,Friday,-3.6741742293400215e-05,3.6741742293400215e-05,0.0
2018-05-14,Monday,,,
2018-05-15,Tuesday,-0.0004038475659006169,0.0004038475659006169,0.0
2018-05-16,Wednesday,,,-3.6919441777971684e-05
2018-05-17,Thursday,-3.642116106250537e-05,3.642116106250537e-05,-0.000515046722095458
2018-05-18,Friday,-3.677822728942459e-05,3.677822728942459e-05,
2018-05-21,Monday,-7.328154770647188e-05,7.328154770647188e-05,
2018-05-22,Tuesday,-3.650434401691882e-05,3.650434401691882e-05,-0.00014604936468531893
2018-05-23,Wednesday,0.0001475905837209357,0.0001475905837209357,-0.0002951049466966005
2018-05-24,Thursday,0.0001099948669061046,0.0001099948669061046,0.00025664527956004157
2018-05-25,Friday,-0.00018364123847636193,0.00018364123847636193,0.00044072278536799736
2018-05-29,Tuesday,-3.695218387400612e-05,3.695218387400612e-05,-0.00036953549388429874
2018-05-30,Wednesday,0.00018472678907910378,0.00018472678907910378,-0.0015145917990394553
2018-05-31,Thursday,-7.33110956342431e-05,7.33110956342431e-05,-0.000623235693074653
2018-06-01,Friday,-0.0007349968762632164,0.0007349968762632164,-0.0005148762458168088
2018-06-04,Monday,-0.0002548791144770801,0.0002548791144770801,0.00032777332653521896
2018-06-05,Tuesday,7.27749072120254e-05,7.27749072120254e-05,-0.00014554451842940797
2018-06-06,Wednesday,-3.623713581679677e-05,3.623713581679677e-05,
2018-06-07,Thursday,0.0,0.0,-0.00014400403211278778
2018-06-08,Friday,-3.611281643867148e-05,3.611281643867148e-05,0.0002889338341518499
2018-06-11,Monday,,,
2018-06-12,Tuesday,0.00017946233085686103,0.00017946233085686103,3.588087549322161e-05
2018-06-13,Wednesday,-0.00010747680292322315,0.00010747680292322315,3.5830735605202335e-05
2018-06-14,Thursday,0.0002154321209293375,0.0002154321209293375,0.00025664172635542215
2018-06-15,Friday,-0.0003256739641759321,0.0003256739641759321,-0.0005429667704335284
2018-06-18,Monday,-3.6297640653271124e-05,3.6297640653271124e-05,-0.00010890478091996059
2018-06-19,Tuesday,0.00018263505862581297,0.00018263505862581297,-7.303268212544012e-05
2018-06-20,Wednesday,0.0,0.0,-7.239819004523085e-05
2018-06-21,Thursday,-0.0001087074682031286,0.0001087074682031286,-0.0006161206146709786
2018-06-22,Friday,0.0,0.0,-0.00010885341074029498
2018-06-25,Monday,-0.00018268176835956051,0.00018268176835956051,-0.00014614541468749298
2018-06-26,Tuesday,0.00029492000294917275,0.00029492000294917275,7.370011423502021e-05
2018-06-27,Wednesday,0.0001840129545118696,0.0001840129545118696,0.0014716703458423908
2018-06-28,Thursday,-0.00022329735764792247,0.00022329735764792247,0.0009305788200260068
2018-06-29,Friday,-3.67471429095767e-05,3.67471429095767e-05,-0.00011024547993543354
2018-07-02,Monday,-0.00011116463482430117,0.00011116463482430117,0.0
2018-07-03,Tuesday,3.662064672060872e-05,3.662064672060872e-05,0.00025635391489053916
2018-07-05,Thursday,0.0,0.0,-0.00033011774199454
2018-07-06,Friday,0.0019073469537467247,0.0019073469537467247,0.0016110724616453798
2018-07-09,Monday,0.0,0.0,-7.231965286580433e-05
2018-07-10,Tuesday,-3.5958288385651294e-05,3.5958288385651294e-05,0.0003236245954691963
2018-07-11,Wednesday,-0.0006127450980393245,0.0006127450980393245,0.0009737098344693162
2018-07-12,Thursday,0.00017975912277545802,0.00017975912277545802,0.0006111151053276309
2018-07-13,Friday,-0.00010747680292322315,0.00010747680292322315,0.00021496130696485594
2018-07-16,Monday,0.00010728462611320211,0.00010728462611320211,
2018-07-17,Tuesday,-3.5882162976785814e-05,3.5882162976785814e-05,3.5882175852819387e-07
2018-07-18,Wednesday,-0.00014275517487494227,0.00014275517487494227,
2018-07-19,Thursday,0.0002856530743411412,0.0002856530743411412,0.00017848218747773537
2018-07-20,Friday,0.0,0.0,
2018-07-23,Monday,-3.575898444485581e-05,3.575898444485581e-05,-0.0003218423687597616
2018-07-24,Tuesday,-0.0003547986517652424,0.0003547986517652424,-0.00039043089373180795
2018-07-25,Wednesday,-0.0001067273826886872,0.0001067273826886872,
2018-07-26,Thursday,3.532320734711547e-05,3.532320734711547e-05,0.0002472799208703691
2018-07-27,Friday,0.00042310133276912687,0.00042310133276912687,-0.001092626533201746
2018-07-30,Monday,0.0001422070534700115,0.0001422070534700115,0.0
2018-07-31,Tuesday,0.00017825311942964994,0.00017825311942964994,
2018-08-01,Wednesday,-3.555049948467115e-05,3.555049948467115e-05,-7.110605468052533e-05
2018-08-02,Thursday,3.57961053836231e-05,3.57961053836231e-05,
2018-08-03,Friday,-0.00017683465959328348,0.00017683465959328348,-0.0007782101167314037
2018-08-06,Monday,0.0,0.0,
2018-08-07,Tuesday,,,
2018-08-08,Wednesday,-0.00010512299390275093,0.00010512299390275093,0.00010513404590839492
2018-08-09,Thursday,-3.5016457735070894e-05,3.5016457735070894e-05,
2018-08-10,Friday,3.523980688591166e-05,3.523980688591166e-05,0.00017618040873856877
2018-08-13,Monday,-3.5264661282896625e-05,3.5264661282896625e-05,-0.00021159542953874677
2018-08-14,Tuesday,0.0,0.0,0.0002826355767531208
2018-08-15,Wednesday,0.0,0.0,-0.00046019328117807845
2018-08-16,Thursday,-0.00021170742034504197,0.00021170742034504197,
2018-08-17,Friday,-3.5249744439358466e-05,3.5249744439358466e-05,0.00010575296108283894
2018-08-20,Monday,,,
2018-08-21,Tuesday,0.00010482180293513998,0.00010482180293513998,0.0
2018-08-22,Wednesday,0.00021027546085372606,0.00021027546085372606,-0.00038543747153019225
2018-08-23,Thursday,,,
2018-08-24,Friday,0.0,0.0,
2018-08-27,Monday,-6.926886710778568e-05,6.926886710778568e-05,
2018-08-28,Tuesday,-6.890136769210908e-05,6.890136769210908e-05,
2018-08-29,Wednesday,-0.00017246731744335886,0.00017246731744335886,0.0
2018-08-30,Thursday,-3.435245620075911e-05,3.435245620075911e-05,
2018-08-31,Friday,0.0,0.0,
2018-09-04,Tuesday,-0.00010350181128182534,0.00010350181128182534,-0.00031053757504651003
2018-09-05,Wednesday,-6.91850006917516e-05,6.91850006917516e-05,0.0001729804532089041
2018-09-06,Thursday,0.0,0.0,-0.0002766156080356019
2018-09-07,Friday,-0.0013557672251965913,0.0013557672251965913,-0.0003132723032477358
2018-09-10,Monday,,,
2018-09-11,Tuesday,0.0,0.0,-0.0005564443207902725
2018-09-12,Wednesday,6.91682517726111e-05,6.91682517726111e-05,-3.458053807314787e-05
2018-09-13,Thursday,0.0004827086853085305,0.0004827086853085305,3.4462556432357516e-05
2018-09-14,Friday,0.0001373484874496178,0.0001373484874496178,-0.0003089916572251994
2018-09-17,Monday,,,-0.00013761310076720878
2018-09-18,Tuesday,-3.4500603760756476e-05,3.4500603760756476e-05,0.00024150422632396307
2018-09-19,Wednesday,0.0,0.0,
2018-09-20,Thursday,6.841817186642452e-05,6.841817186642452e-05,
2018-09-21,Friday,0.00020513521829812476,0.00020513521829812476,
2018-09-24,Monday,0.0,0.0,0.00013725422914601104
2018-09-25,Tuesday,,,-0.0001713796058269157
2018-09-26,Wednesday,,,
2018-09-27,Thursday,-0.00010341974627681161,0.00010341974627681161,-0.00010344114199012377
2018-09-28,Friday,0.00010349824052990897,0.00010349824052990897,6.899406651017514e-05
2018-10-01,Monday,-6.84743905778884e-05,6.84743905778884e-05,-0.0002739069401170857
2018-10-02,Tuesday,-3.4312379906586976e-05,3.4312379906586976e-05,0.0
2018-10-03,Wednesday,0.00013673811233050337,0.00013673811233050337,
2018-10-04,Thursday,0.0,0.0,
2018-10-05,Friday,0.0014164305949009304,0.0014164305949009304,-0.0005175090564085716
2018-10-08,Monday,0.0,0.0,
2018-10-09,Tuesday,0.00013940682396418325,0.00013940682396418325,6.969612489560184e-05
2018-10-10,Wednesday,-6.97252823873562e-05,6.97252823873562e-05,-0.0011853298005856105
2018-10-11,Thursday,0.004450555414842405,0.004450555414842405,-0.001621387908049443
2018-10-12,Friday,-0.00043360433604333615,0.00043360433604333615,-0.0008312251535957937
2018-10-15,Monday,-0.00036239762267165077,0.00036239762267165077,-0.00039882527827128644
2018-10-16,Tuesday,0.0,0.0,0.0
2018-10-17,Wednesday,-3.573981415294636e-05,3.573981415294636e-05,-0.00010724243940807288
2018-10-18,Thursday,-0.00010718879519788782,0.00010718879519788782,-0.00017866714311243204
2018-10-19,Friday,-3.602565026294968e-05,3.602565026294968e-05,-7.205389631437242e-05
2018-10-22,Monday,-0.00010821339681865716,0.00010821339681865716,-0.0002885690581828637
2018-10-23,Tuesday,0.00029495356234865433,0.00029495356234865433,0.0010334009964938495
2018-10-24,Wednesday,-0.0001827618977996437,0.0001827618977996437,0.00010966515572441438
2018-10-25,Thursday,0.0005974831024309069,0.0005974831024309069,3.7327360955741185e-05
2018-10-26,Friday,0.0044516542800014935,0.0044516542800014935,-0.0025916466346154188
2018-10-29,Monday,0.00040867885272688476,0.00040867885272688476,-7.428868583325698e-05
2018-10-30,Tuesday,-7.542331334631225e-05,7.542331334631225e-05,0.00018857250612858145
2018-10-31,Wednesday,0.00014784151389712896,0.00014784151389712896,0.0002586652871183759
2018-11-01,Thursday,-0.00044171237162737853,0.00044171237162737853,-0.00011046062078856611
2018-11-02,Friday,-0.00039956411187802576,0.00039956411187802576,-0.0014532771399506927
2018-11-05,Monday,0.000183897899886043,0.000183897899886043,-0.00033094318808590817
2018-11-06,Tuesday,0.00014693488695916024,0.00014693488695916024,0.00010990621336470774
2018-11-07,Wednesday,0.0001441493387148718,0.0001441493387148718,0.00018017368743472595
2018-11-08,Thursday,-0.00010699383002232832,0.00010699383002232832,-0.0002139952921035304
2018-11-09,Friday,-0.0003937853511847278,0.0003937853511847278,-0.0002865021666728085
2018-11-12,Monday,7.224650507553498e-05,7.224650507553498e-05,0.0003973414246496443
2018-11-13,Tuesday,-0.00010960505644652674,0.00010960505644652674,-0.0006211180124223725
2018-11-14,Wednesday,0.0016117216117215172,0.0016117216117215172,0.0008045934974214575
2018-11-15,Thursday,-7.410701052312785e-05,7.410701052312785e-05,-0.0008523885409330578
2018-11-16,Friday,-0.0002581787334489105,0.0002581787334489105,-0.0008484267217527819
2018-11-19,Monday,-0.00014619348708022617,0.00014619348708022617,3.6555051908138125e-05
2018-11-20,Tuesday,-0.00011259570635024918,0.00011259570635024918,-7.506380423349945e-05
2018-11-21,Wednesday,-0.00011265913102265213,0.00011265913102265213,-0.0003756715128292454
2018-11-23,Friday,0.0007589844787674327,0.0007589844787674327,-0.0020480922400061274
2018-11-26,Monday,-7.522756337940972e-05,7.522756337940972e-05,-0.0002256996689737889
2018-11-27,Tuesday,0.00011286257100917574,0.00011286257100917574,7.5233222991411e-05
2018-11-28,Wednesday,-0.0001853568118628246,0.0001853568118628246,0.00025954764553204335
2018-11-29,Thursday,-3.654035882627582e-05,3.654035882627582e-05,-3.6543029417135386e-05
2018-11-30,Friday,0.0001825483753195023,0.0001825483753195023,0.00010950104025986285
2018-12-03,Monday,-3.5710459593607524e-05,3.5710459593607524e-05,-0.00046423597471700884
2018-12-04,Tuesday,0.00010769285996348188,0.00010769285996348188,-0.0005384256434185497
2018-12-06,Thursday,-0.0005992509363297316,0.0005992509363297316,-3.747283219657227e-05
2018-12-07,Friday,0.0008555274512722644,0.0008555274512722644,-0.0008548279194232622
2018-12-10,Monday,-0.00026480045394383644,0.00026480045394383644,0.0
2018-12-11,Tuesday,-0.0005243249316504439,0.0005243249316504439,0.001648866404347027
2018-12-12,Wednesday,-0.0004124329796406645,0.0004124329796406645,-0.0002625262526252392
2018-12-13,Thursday,3.7538946662252215e-07,3.7538946662252215e-07,-0.0006006006006005205
2018-12-14,Friday,7.614116572107754e-05,7.614116572107754e-05,-3.806768434277963e-05
2018-12-17,Monday,3.84852216750442e-05,3.84852216750442e-05,-0.000769674812391985
2018-12-18,Tuesday,-0.00027184466019414266,0.00027184466019414266,-0.00019425774117098893
2018-12-19,Wednesday,-0.00027373689973408943,0.00027373689973408943,0.0
2018-12-20,Thursday,-0.00023866348448686736,0.00023866348448686736,-0.0009947477319751652
2018-12-21,Friday,0.0004449838187703392,0.0004449838187703392,0.0013345195729537185
2018-12-24,Monday,0.0003336809176226474,0.0003336809176226474,-0.0022101751459550067
2018-12-26,Wednesday,-0.0015297667105766966,0.0015297667105766966,-0.000127675873515809
2018-12-27,Thursday,-0.001438198553583292,0.001438198553583292,0.0
2018-12-28,Friday,0.00032109369080957073,0.00032109369080957073,0.00040072129833701453
2018-12-31,Monday,-0.0004004805766919528,0.0004004805766919528,-0.00020035262061235404
2019-01-02,Wednesday,0.0004071992833292182,0.0004071992833292182,-0.0005292513129503407
2019-01-03,Thursday,0.0005249979807768757,0.0005249979807768757,-0.00012109958422479306
2019-01-04,Friday,-0.004404574291833385,0.004404574291833385,0.001664231206364608
2019-01-07,Monday,0.0,0.0,-0.0002774364868614043
2019-01-08,Tuesday,3.9056397437953194e-05,3.9056397437953194e-05,-0.00015621948838129285
2019-01-09,Wednesday,3.881987577636359e-05,3.881987577636359e-05,0.000116437026974614
2019-01-10,Thursday,0.0,0.0,0.00015592718200618805
2019-01-11,Friday,0.0007365768559799424,0.0007365768559799424,-0.0004260758414997845
2019-01-14,Monday,-7.791803023216026e-05,7.791803023216026e-05,0.0005453624712712379
2019-01-15,Tuesday,-0.00019409184426077974,0.00019409184426077974,0.0002329825651381512
2019-01-16,Wednesday,7.678132678123895e-05,7.678132678123895e-05,-0.00011515872711209685
2019-01-17,Thursday,0.0010005772561092474,0.0010005772561092474,0.0008073507362269527
2019-01-18,Friday,7.57460990759018e-05,7.57460990759018e-05,0.0
2019-01-22,Tuesday,-7.549448890242783e-05,7.549448890242783e-05,
2019-01-23,Wednesday,7.583801001054269e-05,7.583801001054269e-05,-0.0004928723081588648
2019-01-24,Thursday,0.00041696675637781233,0.00041696675637781233,-0.0028417702334040396
2019-01-25,Friday,-0.0001132160917806102,0.0001132160917806102,0.00018867924528298552
2019-01-28,Monday,0.00015130882130409695,0.00015130882130409695,-0.00015128593040836247
2019-01-29,Tuesday,0.000378644452858623,0.000378644452858623,-0.00026495079485233664
2019-01-30,Wednesday,-7.560293339392565e-05,7.560293339392565e-05,0.0
2019-01-31,Thursday,-7.46965452846915e-05,7.46965452846915e-05,0.0004108923835495215
2019-02-01,Friday,0.0013724035608309038,0.0013724035608309038,0.0010745914699670234
2019-02-04,Monday,-3.703292226786559e-05,3.703292226786559e-05,-3.703566534574154e-05
2019-02-05,Tuesday,-3.672420124856135e-05,3.672420124856135e-05,0.00036730945821861205
2019-02-06,Wednesday,0.0002199574748882327,0.0002199574748882327,0.00025656062160983595
2019-02-07,Thursday,7.380618495833602e-05,7.380618495833602e-05,0.00022140221402211502
2019-02-08,Friday,0.0,0.0,-0.00048334324806664775
2019-02-11,Monday,-3.684734146425228e-05,3.684734146425228e-05,-0.0003316382931681794
2019-02-12,Tuesday,-7.339988256027663e-05,7.339988256027663e-05,-3.670398238209138e-05
2019-02-13,Wednesday,-0.0002546936399359101,0.0002546936399359101,-3.6390101892269655e-05
2019-02-14,Thursday,-0.0005802567636179479,0.0005802567636179479,-0.0007982583454282377
2019-02-15,Friday,0.0,0.0,0.00018184463194659273
2019-02-19,Tuesday,3.6124557474037644e-05,3.6124557474037644e-05,-0.00039734142464942224
2019-02-20,Wednesday,0.0,0.0,-0.00021617726535760884
2019-02-21,Thursday,-0.0009705596894208357,0.0009705596894208357,-0.0002518347963735845
2019-02-22,Friday,3.592083048964412e-05,3.592083048964412e-05,-0.0003951291353856412
2019-02-25,Monday,0.0,0.0,0.000285296530080803
2019-02-26,Tuesday,-7.16537689882113e-05,7.16537689882113e-05,-0.0003940957294353842
2019-02-27,Wednesday,-7.18029726431979e-05,7.18029726431979e-05,
2019-02-28,Thursday,0.00032260377087944825,0.00032260377087944825,-0.00010748450431741219
2019-03-01,Friday,0.0,0.0,0.0003927870023210378
2019-03-04,Monday,7.104795737111758e-05,7.104795737111758e-05,
2019-03-05,Tuesday,0.0,0.0,
2019-03-06,Wednesday,0.0,0.0,0.001471749587192317
2019-03-07,Thursday,-0.00036023054755052186,0.00036023054755052186,0.0003603603603603567
2019-03-08,Friday,-0.002519259556756359,0.002519259556756359,0.0006587374199451546
2019-03-11,Monday,0.0003270705382125705,0.0003270705382125705,0.00018165304268857874
2019-03-12,Tuesday,0.0001794108148840401,0.0001794108148840401,0.0013273542600897859
2019-03-13,Wednesday,-0.002854186735167241,0.002854186735167241,0.0
2019-03-14,Thursday,0.0,0.0,0.0002484560232838273
2019-03-15,Friday,0.0001423082396472264,0.0001423082396472264,0.0
2019-03-18,Monday,3.549119818280211e-05,3.549119818280211e-05,
2019-03-19,Tuesday,7.05442488799779e-05,7.05442488799779e-05,0.00024691358024697685
2019-03-20,Wednesday,-7.084912678467781e-05,7.084912678467781e-05,
2019-03-21,Thursday,7.138523039573741e-05,7.138523039573741e-05,0.00032125646974856537
2019-03-22,Friday,-3.530948765928521e-05,3.530948765928521e-05,0.00035315722559681184
2019-03-25,Monday,-0.0002862356434935043,0.0002862356434935043,0.0005726556907659219
2019-03-26,Tuesday,-0.0005697599886046456,0.0005697599886046456,-7.125298371868372e-05
2019-03-27,Wednesday,-0.0002493321460373954,0.0002493321460373954,0.001211171273867162
2019-03-28,Thursday,-0.00010718113611996039,0.00010718113611996039,-0.00107181136120027
2019-03-29,Friday,0.0,0.0,0.0006029437843588781
2019-04-01,Monday,-0.00045697412823397787,0.00045697412823397787,0.00031648908112669183
2019-04-02,Tuesday,0.00017478239591706135,0.00017478239591706135,-0.00034949148988228096
2019-04-03,Wednesday,3.481772918778603e-05,3.481772918778603e-05,0.00045263047944010815
2019-04-04,Thursday,0.0,0.0,0.0002092123156316461
2019-04-05,Friday,0.0018430295232465532,0.0018430295232465532,6.942997986514321e-05
2019-04-08,Monday,6.940106877628693e-05,6.940106877628693e-05,-0.00010409437890346318
2019-04-09,Tuesday,-0.00024290374071755938,0.00024290374071755938,0.00010412328196585108
2019-04-10,Wednesday,3.47499739374868e-05,3.47499739374868e-05,0.0002429192006951908
2019-04-11,Thursday,-0.00027707546843080966,0.00027707546843080966,0.0006236574041993403
2019-04-12,Friday,-0.00017237812866310875,0.00017237812866310875,-0.00017240784800531817
2019-04-15,Monday,0.0,0.0,-0.00020676821283338587
2019-04-16,Tuesday,-6.872143765246364e-05,6.872143765246364e-05,-0.00017183311567814386
2019-04-17,Wednesday,0.00010312113295740666,0.00010312113295740666,0.00013747594171031885
2019-04-18,Thursday,0.0006907508461697631,0.0006907508461697631,-0.00037965072133638866
2019-04-22,Monday,3.457456003874704e-05,3.457456003874704e-05,
2019-04-23,Tuesday,-3.438907802899571e-05,3.438907802899571e-05,-0.00020634156406884596
2019-04-24,Wednesday,0.0,0.0,
2019-04-25,Thursday,-0.00023917723032762517,0.00023917723032762517,-3.417868617128228e-05
2019-04-26,Friday,0.002021655701754499,0.002021655701754499,-6.839711364192702e-05
2019-04-29,Monday,6.815703380591565e-05,6.815703380591565e-05,0.0
2019-04-30,Tuesday,,,0.0002043457530140902
2019-05-01,Wednesday,0.0003388222538456276,0.0003388222538456276,-0.00016937095626823329
2019-05-02,Thursday,0.00017130327531855727,0.00017130327531855727,-0.0005138746145939566
2019-05-03,Friday,0.000684462696783017,0.000684462696783017,-0.0005129257283544852
2019-05-06,Monday,-0.00044836862799202404,0.00044836862799202404,0.0006207943683356199
2019-05-07,Tuesday,0.00010312113295740666,0.00010312113295740666,0.00013748066678131998
2019-05-08,Wednesday,-0.00010440593025673461,0.00010440593025673461,-0.0005220659891409518
2019-05-09,Thursday,-0.00013978194017338907,0.00013978194017338907,-6.990074094781473e-05
2019-05-10,Friday,-0.0011580979119143464,0.0011580979119143464,0.0009838023962613907
2019-05-13,Monday,-0.0006359974560101733,0.0006359974560101733,0.00014140771379089756
2019-05-14,Tuesday,-0.0003541578127214118,0.0003541578127214118,-0.0009919580543450435
2019-05-15,Wednesday,-0.0007082654578935976,0.0007082654578935976,-0.0006732336475092637
2019-05-16,Thursday,0.00017470300489175195,0.00017470300489175195,0.0007336500838457383
2019-05-17,Friday,0.00035061884225662254,0.00035061884225662254,0.00038557257527416233
2019-05-20,Monday,0.0,0.0,-0.0008808198915263299
2019-05-21,Tuesday,-0.0002449522343143107,0.0002449522343143107,
2019-05-22,Wednesday,0.00042100831491431734,0.00042100831491431734,0.00017532786310403559
2019-05-23,Thursday,0.0006358626536668854,0.0006358626536668854,-0.00010591724332731367
2019-05-24,Friday,-0.0002470442915124549,0.0002470442915124549,-0.00038819875776396895
2019-05-28,Tuesday,0.00010589481115408361,0.00010589481115408361,-0.0004944589539068733
2019-05-29,Wednesday,7.178750897329778e-05,7.178750897329778e-05,0.0002512653002622045
2019-05-30,Thursday,0.0006808571633341032,0.0006808571633341032,-0.00032232648091123917
2019-05-31,Friday,-0.0002177535442920986,0.0002177535442920986,0.0010507246376811885
2019-06-03,Monday,0.0,0.0,-3.640334910803844e-05
2019-06-04,Tuesday,7.22099866410364e-05,7.22099866410364e-05,-0.0001083110693913536
2019-06-05,Wednesday,-0.00017728984580389628,0.00017728984580389628,-0.0004264240787463791
2019-06-06,Thursday,0.00014097413124680713,0.00014097413124680713,-0.0004228031851173375
2019-06-07,Friday,-0.0010155128339812691,0.0010155128339812691,-0.00028043607810135374
2019-06-10,Monday,-6.918739405670227e-05,6.918739405670227e-05,0.00020756936276211668
2019-06-11,Tuesday,6.879944960447304e-05,6.879944960447304e-05,0.00061915244909172
2019-06-12,Wednesday,0.0006589900110987035,0.0006589900110987035,-3.4660843644895856e-05
2019-06-13,Thursday,3.457814661134151e-05,3.457814661134151e-05,-6.913955819820572e-05
2019-06-14,Friday,0.0005879301400657511,0.0005879301400657511,-0.0009332227291579676
2019-06-17,Monday,-0.00013802146233743429,0.00013802146233743429,-0.0003451131971284882
2019-06-18,Tuesday,0.00017155601303819878,0.00017155601303819878,-0.0007546652030734347
2019-06-19,Wednesday,0.0,0.0,
2019-06-20,Thursday,3.37621121577758e-05,3.37621121577758e-05,0.0007427413909522063
2019-06-21,Friday,0.0007147719537099473,0.0007147719537099473,0.00037408603978916766
2019-06-24,Monday,0.0001359804188194591,0.0001359804188194591,0.00020394289598923976
2019-06-25,Tuesday,,,
2019-06-26,Wednesday,-0.0003079188929990817,0.0003079188929990817,-0.00030836702528624915
2019-06-27,Thursday,6.869311351542784e-05,6.869311351542784e-05,
2019-06-28,Friday,-0.00013674278681785612,0.00013674278681785612,0.0003077238691147066
2019-07-01,Monday,-0.0001348299457309965,0.0001348299457309965,-0.00013482540110565377
2019-07-02,Tuesday,,,
2019-07-03,Wednesday,-6.722689075622235e-05,6.722689075622235e-05,-0.0002353415814954074
2019-07-05,Friday,-3.388465796616558e-05,3.388465796616558e-05,-0.00040258999563858033
2019-07-08,Monday,,,0.0
2019-07-09,Tuesday,-0.0001014301653310401,0.0001014301653310401,
2019-07-10,Wednesday,0.0016518338727076198,0.0016518338727076198,0.0019183522363948047
2019-07-11,Thursday,-0.0011354149273667957,0.0011354149273667957,0.000100304256243966
2019-07-12,Friday,-6.666000066657407e-05,6.666000066657407e-05,-0.0003999066884393665
2019-07-15,Monday,3.320824892893981e-05,3.320824892893981e-05,
2019-07-16,Tuesday,-0.0004319223868695099,0.0004319223868695099,-9.969758399530626e-05
2019-07-17,Wednesday,0.0,0.0,-0.0006669779230307205
2019-07-18,Thursday,0.00010082677959255548,0.00010082677959255548,0.0006385481431692153
2019-07-19,Friday,0.0,0.0,-0.0006007409137936959
2019-07-22,Monday,0.0001343318668771687,0.0001343318668771687,-6.715240237709086e-05
2019-07-23,Tuesday,,,
2019-07-24,Wednesday,-3.3406828355730944e-05,3.3406828355730944e-05,0.00023384779849022763
2019-07-25,Thursday,0.0,0.0,9.938711280432777e-05
2019-07-26,Friday,-0.0006988352745423976,0.0006988352745423976,0.0004994339748285448
2019-07-29,Monday,0.0001325249312527088,0.0001325249312527088,-6.62580752029962e-05
2019-07-30,Tuesday,0.0006329746476996245,0.0006329746476996245,-0.0007656967840735662
2019-07-31,Wednesday,0.00029887424036134647,0.00029887424036134647,
2019-08-01,Thursday,0.00010080645161281154,0.00010080645161281154,0.00013439505426204867
2019-08-02,Friday,-0.00017017221428083928,0.00017017221428083928,-0.003029065414199117
2019-08-05,Monday,-0.0005889281507656108,0.0005889281507656108,-0.0004158436427903478
2019-08-06,Tuesday,0.00014034595277356843,0.00014034595277356843,0.0010874522047217283
2019-08-07,Wednesday,-0.0004190529403548249,0.0004190529403548249,-0.0009085508613760895
2019-08-08,Thursday,0.00010432552336059331,0.00010432552336059331,0.000623635796694666
2019-08-09,Friday,3.4225477445470887e-05,3.4225477445470887e-05,-0.0007530378230360402
2019-08-12,Monday,0.0005172770535897264,0.0005172770535897264,-6.892986386342059e-05
2019-08-13,Tuesday,-0.0014265831593596179,0.0014265831593596179,0.000209102948351525
2019-08-14,Wednesday,-0.00024213075060552924,0.00024213075060552924,-0.00100342548700727
2019-08-15,Thursday,0.0020354448148798276,0.0020354448148798276,-0.0019613337069207537
2019-08-16,Friday,0.00017402199638039129,0.00017402199638039129,-0.00045234698493334946
2019-08-19,Monday,0.00027415098865701815,0.00027415098865701815,0.0005138922196719076
2019-08-20,Tuesday,0.00027339211263743834,0.00027339211263743834,0.00013666336396878087
2019-08-21,Wednesday,3.4253613756307644e-05,3.4253613756307644e-05,-0.0002740195238910559
2019-08-22,Thursday,-6.817562039829195e-05,6.817562039829195e-05,-0.00017047391749069885
2019-08-23,Friday,-0.00017200454091992334,0.00017200454091992334,-0.00017205189085034434
2019-08-26,Monday,0.00048794088944648095,0.00048794088944648095,-3.48480624476899e-05
2019-08-27,Tuesday,-6.912760956723218e-05,6.912760956723218e-05,6.914194842000398e-05
2019-08-28,Wednesday,0.00021006196828055046,0.00021006196828055046,
2019-08-29,Thursday,-0.00013700506918745692,0.00013700506918745692,-0.00020552872263901456
2019-08-30,Friday,3.39593167384411e-05,3.39593167384411e-05,0.00030534600049381133
2019-09-03,Tuesday,0.0004814139816373686,0.0004814139816373686,0.00010313176802245749
2019-09-04,Wednesday,0.00030680074995736994,0.00030680074995736994,-0.00017039258451478911
2019-09-05,Thursday,0.00010111905082910155,0.00010111905082910155,0.0
2019-09-06,Friday,-0.0007704676403589295,0.0007704676403589295,-0.00010052608651955897
2019-09-09,Monday,-3.341352579522283e-05,3.341352579522283e-05,
2019-09-10,Tuesday,3.362474781454239e-05,3.362474781454239e-05,0.00020172135556761894
2019-09-11,Wednesday,-0.00030146714008183473,0.00030146714008183473,-6.70106546940552e-05
2019-09-12,Thursday,0.0002657630722211479,0.0002657630722211479,0.00016605227325561245
2019-09-13,Friday,0.00023155805491237302,0.00023155805491237302,-0.0005952577796884961
2019-09-16,Monday,3.333000033345357e-05,3.333000033345357e-05,-0.00019995334421973876
2019-09-17,Tuesday,,,-0.0005003335557038913
2019-09-18,Wednesday,0.00019970709625893868,0.00019970709625893868,-3.327787021623063e-05
2019-09-19,Thursday,0.00013286829430314562,0.00013286829430314562,-0.00019928920184675292
2019-09-20,Friday,-0.00033332222259241373,0.00033332222259241373,3.333444448139211e-05
2019-09-23,Monday,0.0001679543164259112,0.0001679543164259112,-0.0005037952576074645
2019-09-24,Tuesday,6.678688305639113e-05,6.678688305639113e-05,-0.00026715645349806305
2019-09-25,Wednesday,3.379977016160218e-05,3.379977016160218e-05,
2019-09-26,Thursday,0.00010060362173058834,0.00010060362173058834,0.0
2019-09-27,Friday,0.00023503340832009556,0.00023503340832009556,-0.0002349545195179381
2019-09-30,Monday,-3.378834977696421e-05,3.378834977696421e-05,-0.00010136847440433971
2019-10-01,Tuesday,6.719752713091331e-05,6.719752713091331e-05,0.0003359763472652322
2019-10-02,Wednesday,0.00017130327531855727,0.00017130327531855727,-0.0002741040224766289
2019-10-03,Thursday,0.00031288023639852725,0.00031288023639852725,0.000451890989988879
2019-10-04,Friday,0.0041788982904507055,0.0041788982904507055,0.0015132755537212716
2019-10-07,Monday,0.0001702417432754011,0.0001702417432754011,
2019-10-08,Tuesday,-0.00013729191693845344,0.00013729191693845344,-0.0004463519313304687
2019-10-09,Wednesday,3.4358357670516426e-05,3.4358357670516426e-05,-0.0001374287088573567
2019-10-10,Thursday,0.00034394992089148424,0.00034394992089148424,0.00027508424454980585
2019-10-11,Friday,0.00023632680621199498,0.00023632680621199498,0.00013499831252095085
2019-10-14,Monday,3.380662609875351e-05,3.380662609875351e-05,0.0
2019-10-15,Tuesday,0.00010105773765411996,0.00010105773765411996,-3.368364322287043e-05
2019-10-16,Wednesday,-0.0003682747999598224,0.0003682747999598224,0.0003683858004017715
2019-10-17,Thursday,0.00010022048506730385,0.00010022048506730385,0.00010021044192787265
2019-10-18,Friday,-3.3392326443504317e-05,3.3392326443504317e-05,0.00023376189681090231
2019-10-21,Monday,6.682705159066771e-05,6.682705159066771e-05,-0.00016707321148112797
2019-10-22,Tuesday,-6.654245408566073e-05,6.654245408566073e-05,0.0
2019-10-23,Wednesday,-3.347616497073602e-05,3.347616497073602e-05,0.00016743126946394682
2019-10-24,Thursday,-9.97804829376836e-05,9.97804829376836e-05,0.00036589828027810967
2019-10-25,Friday,-0.00019999333355558147,0.00019999333355558147,-0.0005667800226712982
2019-10-28,Monday,9.919650828282833e-05,9.919650828282833e-05,9.9186669311635e-05
2019-10-29,Tuesday,-3.299567756620547e-05,3.299567756620547e-05,-6.598700056081874e-05
2019-10-30,Wednesday,-0.00013187392852442859,0.00013187392852442859,0.0004286750643012205
2019-10-31,Thursday,-3.291855948384104e-05,3.291855948384104e-05,-3.292072688965142e-05
2019-11-01,Friday,0.002173340358271769,0.002173340358271769,0.0004599513765686236
2019-11-04,Monday,0.00016253291291490335,0.00016253291291490335,0.001007474813129683
2019-11-05,Tuesday,6.463137382262119e-05,6.463137382262119e-05,0.00016237983891920216
2019-11-06,Wednesday,-0.0001302083333332149,0.0001302083333332149,3.255314300587564e-05
2019-11-07,Thursday,3.240860772613097e-05,3.240860772613097e-05,0.00012962182831599556
2019-11-08,Friday,-6.492452523954029e-05,6.492452523954029e-05,-0.00029217933318170797
2019-11-11,Monday,0.0,0.0,0.0002925877763328977
2019-11-12,Tuesday,,,-0.00038873951213191926
2019-11-13,Wednesday,0.0,0.0,
2019-11-14,Thursday,0.0,0.0,0.00022659588242901485
2019-11-15,Friday,-6.443091395258449e-05,6.443091395258449e-05,0.00025713716753439364
2019-11-18,Monday,-0.0001605548776572041,0.0001605548776572041,0.0006423845313805465
2019-11-19,Tuesday,3.197135366717063e-05,3.197135366717063e-05,3.197135366717063e-05
2019-11-20,Wednesday,6.428594387841713e-05,6.428594387841713e-05,0.00025714377551344647
2019-11-21,Thursday,-6.42570281124133e-05,6.42570281124133e-05,0.00019278966647373608
2019-11-22,Friday,9.652199092680114e-05,9.652199092680114e-05,0.00022519624243999559
2019-11-25,Monday,-6.411283859586447e-05,6.411283859586447e-05,
2019-11-26,Tuesday,0.0,0.0,0.00012762834625568154
2019-11-27,Wednesday,0.00041290814381933494,0.00041290814381933494,0.0
2019-11-29,Friday,0.0,0.0,
2019-12-02,Monday,-0.000285923054928916,0.000285923054928916,-0.00012713749920545414
2019-12-03,Tuesday,0.0,0.0,-0.001195553832234686
2019-12-04,Wednesday,-9.659347028134757e-05,9.659347028134757e-05,-0.00019321804656535768
2019-12-05,Thursday,-0.0001920983543574062,0.0001920983543574062,-0.00035222542427160164
2019-12-06,Friday,0.0019199385619661502,0.0019199385619661502,0.0015009740363427504
2019-12-09,Monday,0.0,0.0,
2019-12-10,Tuesday,-0.00015957616570394517,0.00015957616570394517,0.002298383788269076
2019-12-11,Wednesday,-0.00012730744748556955,0.00012730744748556955,-6.366993505657614e-05
2019-12-12,Thursday,-0.0004771144120359061,0.0004771144120359061,0.00019093686354376693
2019-12-13,Friday,0.00022029204431017746,0.00022029204431017746,0.0004719652633566884
2019-12-16,Monday,0.0003141853756427615,0.0003141853756427615,0.0
2019-12-17,Tuesday,,,
2019-12-18,Wednesday,,,
2019-12-19,Thursday,0.0,0.0,-3.129009042834863e-05
2019-12-20,Friday,-3.127052127971375e-05,3.127052127971375e-05,0.00012509382036540728
2019-12-23,Monday,-3.107520198875058e-05,3.107520198875058e-05,3.107616768693866e-05
2019-12-24,Tuesday,-9.32835820895983e-05,9.32835820895983e-05,0.00015548714121349505
2019-12-26,Thursday,-6.213688756329105e-05,6.213688756329105e-05,-6.21388181197835e-05
2019-12-27,Friday,0.00012346822236608546,0.00012346822236608546,
2019-12-30,Monday,-3.0976045928277074e-07,3.0976045928277074e-07,9.292240978764355e-05
2019-12-31,Tuesday,0.0,0.0,
2020-01-02,Thursday,3.0877539677565125e-05,3.0877539677565125e-05,0.00015437816475238897
2020-01-03,Friday,-0.0002172698491526015,0.0002172698491526015,-0.0010864841373314782
2020-01-06,Monday,6.23344241856838e-05,6.23344241856838e-05,-0.00040451284250364594
2020-01-07,Tuesday,-0.0002782157099138205,0.0002782157099138205,-0.000401941687536711
2020-01-08,Wednesday,6.182762458251112e-05,6.182762458251112e-05,0.0
2020-01-09,Thursday,0.0002146844139114812,0.0002146844139114812,9.198785760289319e-05
2020-01-10,Friday,0.00021396912731175277,0.00021396912731175277,0.0007640586797066362
2020-01-13,Monday,0.0,0.0,-0.00012240651202632957
2020-01-14,Tuesday,-0.000640751815463636,0.000640751815463636,0.0009462759462759429
2020-01-15,Wednesday,,,-0.00021361000915465223
2020-01-16,Thursday,-9.103322712800122e-05,9.103322712800122e-05,0.00027309968138355956
2020-01-17,Friday,0.0,0.0,0.00024121815166600058
2020-01-21,Tuesday,-0.00012091898428057135,0.00012091898428057135,
2020-01-22,Wednesday,0.0,0.0,
2020-01-23,Thursday,9.070294784563337e-05,9.070294784563337e-05,0.00021162741481983716
2020-01-24,Friday,3.0071570337408815e-05,3.0071570337408815e-05,0.00012029351617948159
2020-01-27,Monday,3.0878493129549156e-05,3.0878493129549156e-05,-0.0008028160316185806
2020-01-28,Tuesday,0.00021510663143020636,0.00021510663143020636,0.0001536192700011263
2020-01-29,Wednesday,0.0,0.0,-0.00042650418888035
2020-01-30,Thursday,-0.000523786048804542,0.000523786048804542,0.001386962552011095
2020-01-31,Friday,0.00024467824810381344,0.00024467824810381344,-6.115459882594099e-05
2020-02-03,Monday,-9.257544899099468e-05,9.257544899099468e-05,-9.258973488468492e-05
2020-02-04,Tuesday,0.00018283764017557047,0.00018283764017557047,-0.0001517136329017843
2020-02-05,Wednesday,0.00015051627080886476,0.00015051627080886476,6.019744762819634e-05
2020-02-06,Thursday,0.0002992041170486459,0.0002992041170486459,-0.0002692192641341462
2020-02-07,Friday,0.0005994305409862122,0.0005994305409862122,-0.001527677929547111
2020-02-10,Monday,0.00012043476951806298,0.00012043476951806298,-0.00018063583815031148
2020-02-11,Tuesday,8.930697785181074e-05,8.930697785181074e-05,-0.0006250930197945204
2020-02-12,Wednesday,-5.940005939997217e-05,5.940005939997217e-05,0.00020793726235734944
2020-02-13,Thursday,2.9775197260661912e-05,2.9775197260661912e-05,-0.00011911497573036112
2020-02-14,Friday,-0.0004733307694582134,0.0004733307694582134,-0.00017757258279327282
2020-02-18,Tuesday,0.00014857074939067516,0.00014857074939067516,0.00014854867940217176
2020-02-19,Wednesday,,,-2.9626118386083533e-05
2020-02-20,Thursday,0.0007994078460398235,0.0007994078460398235,
2020-02-21,Friday,2.9800041720040582e-05,2.9800041720040582e-05,-0.00041721301704611413
2020-02-24,Monday,0.0003074747102049802,0.0003074747102049802,-0.0017520671318353997
2020-02-25,Tuesday,-0.00021626965736709636,0.00021626965736709636,0.0006075525644220203
2020-02-26,Wednesday,0.0002227171492203972,0.0002227171492203972,0.0006675147082206845
2020-02-27,Thursday,0.0004560260586319309,0.0004560260586319309,-0.00035821284355852523
2020-02-28,Friday,0.0009550446824475589,0.0009550446824475589,-0.0017722640673462076
2020-03-02,Monday,-0.001330830916225878,0.001330830916225878,0.002528531401626344
2020-03-03,Tuesday,-0.0009085304519937942,0.0009085304519937942,0.0006821282401090478
2020-03-04,Wednesday,0.0001962580138687997,0.0001962580138687997,-0.00016351625351540555
2020-03-05,Thursday,0.00026281208935619027,0.00026281208935619027,-0.000426887334581183
2020-03-06,Friday,0.0007847954413622293,0.0007847954413622293,0.0016028920264645752
2020-03-09,Monday,0.0006151785067709525,0.0006151785067709525,-0.0006515365403410023
2020-03-10,Tuesday,-0.0008108298667419689,0.0008108298667419689,0.0005291378580498662
2020-03-11,Wednesday,0.0005378271782001676,0.0005378271782001676,-0.001648154783231992
2020-03-12,Thursday,0.003040683576459813,0.003040683576459813,-0.002455871066769144
2020-03-13,Friday,0.0005728689275894538,0.0005728689275894538,0.0015649452269168584
2020-03-16,Monday,-0.0007406797794420328,0.0007406797794420328,-0.0004941525284137827
2020-03-17,Tuesday,-0.001592551757932048,0.001592551757932048,0.001635256121990114
2020-03-18,Wednesday,-0.0015969741542340987,0.0015969741542340987,-0.0018087746603288046
2020-03-19,Thursday,-0.00012783909319469267,0.00012783909319469267,0.002683134582623481
2020-03-20,Friday,0.0010364842454395617,0.0010364842454395617,0.0030640553186203068
2020-03-23,Monday,-0.00387382401770886,0.00387382401770886,-0.006665242469557797
2020-03-24,Tuesday,0.0009496676163343043,0.0009496676163343043,-0.0032342921212643594
2020-03-25,Wednesday,-0.0007454033460326803,0.0007454033460326803,0.001905787794672209
2020-03-26,Thursday,0.011618257261410747,0.011618257261410747,-0.0030762920426579132
2020-03-27,Friday,-0.00015665387326702085,0.00015665387326702085,-0.0008226905899866299
2020-03-30,Monday,0.00047138311662808796,0.00047138311662808796,0.0001963325087368517
2020-03-31,Tuesday,0.0011589723778249184,0.0011589723778249184,0.0005401234567901092
2020-04-01,Wednesday,0.00044299464379204956,0.00044299464379204956,0.0007650493255486612
2020-04-02,Thursday,-0.0025313404050144594,0.0025313404050144594,-0.001610149013290374
2020-04-03,Friday,0.0,0.0,0.005638421242052161
2020-04-06,Monday,0.00019451468585884868,0.00019451468585884868,-0.0005833171300796414
2020-04-07,Tuesday,0.00121408336705775,0.00121408336705775,0.0014329805996471379
2020-04-08,Wednesday,0.0007107852306311724,0.0007107852306311724,-0.00026175073851097963
2020-04-09,Thursday,0.00415700989589074,0.00415700989589074,0.00432250265577494
2020-04-13,Monday,0.0,0.0,0.0012630819198844456
2020-04-14,Tuesday,-0.0003210730976418441,0.0003210730976418441,-0.0001784376003709509
2020-04-15,Wednesday,0.000647761623722598,0.000647761623722598,-0.0030939703554466735
2020-04-16,Thursday,0.003665636455113752,0.003665636455113752,0.001432254368376018
2020-04-17,Friday,0.0002792321116928953,0.0002792321116928953,-0.0008024842119954689
2020-04-20,Monday,0.0,0.0,-0.0012054600248183611
2020-04-21,Tuesday,-0.0007234319612240414,0.0007234319612240414,0.00047057120104243566
2020-04-22,Wednesday,-3.611803373415601e-05,3.611803373415601e-05,0.0005056707361119628
2020-04-23,Thursday,0.0013944009439021965,0.0013944009439021965,-0.0008926021136818063
2020-04-24,Friday,0.0010710210817348464,0.0010710210817348464,0.00017825311942964994
2020-04-27,Monday,0.0012237762237763405,0.0012237762237763405,-0.001152315105803381
2020-04-28,Tuesday,0.00024026398102638957,0.00024026398102638957,-0.0001718213058419238
2020-04-29,Wednesday,0.004278665332459131,0.004278665332459131,-0.002198330642668167
2020-04-30,Thursday,0.0006833635152219131,0.0006833635152219131,-0.0004096122337520214
2020-05-01,Friday,0.00045686171147418797,0.00045686171147418797,-0.0003864259116138635
2020-05-04,Monday,0.00010713268792716946,0.00010713268792716946,-0.00092526690391459
2020-05-05,Tuesday,-0.0006278777731268947,0.0006278777731268947,-0.00017452006980811507
2020-05-06,Wednesday,0.0003828084217851746,0.0003828084217851746,-6.95821591343293e-05
2020-05-07,Thursday,0.0005906058921623103,0.0005906058921623103,-0.0016663773650408276
2020-05-08,Friday,0.004127115146512539,0.004127115146512539,-0.0031179332556705575
2020-05-11,Monday,0.0005519334920143226,0.0005519334920143226,0.00020686088605414987
2020-05-12,Tuesday,-0.0001015332197615848,0.0001015332197615848,-0.0009545389331585552
2020-05-13,Wednesday,0.0008348697255364801,0.0008348697255364801,-0.0013555787278414222
2020-05-14,Thursday,-0.00017880771018852215,0.00017880771018852215,-0.0028620492272465325
2020-05-15,Friday,-0.002017984847412002,0.002017984847412002,-0.0007095973035303738
2020-05-18,Monday,-0.00023882633913352436,0.00023882633913352436,-0.0010915913354937468
2020-05-19,Tuesday,0.0002720070721837775,0.0002720070721837775,0.00023797382287971125
2020-05-20,Wednesday,-0.00016901027582461037,0.00016901027582461037,-0.000777499830978412
2020-05-21,Thursday,3.380662609875351e-05,3.380662609875351e-05,-0.0005746349378040749
2020-05-22,Friday,0.0003057480635955123,0.0003057480635955123,0.00010191602119835608
2020-05-26,Tuesday,-9.957184108344563e-05,9.957184108344563e-05,3.319061369433385e-05
2020-05-27,Wednesday,3.2993500280520394e-05,3.2993500280520394e-05,-0.00046189376443428465
2020-05-28,Thursday,-6.576783952660925e-05,6.576783952660925e-05,0.0006576567689322577
2020-05-29,Friday,-6.600224407626865e-05,6.600224407626865e-05,-0.0013857270117785259
2020-06-01,Monday,0.0013148811676146899,0.0013148811676146899,-0.0017399868680236796
2020-06-02,Tuesday,6.383732685755206e-05,6.383732685755206e-05,
2020-06-03,Wednesday,0.00029055690072632423,0.00029055690072632423,-0.0001291197262662802
2020-06-04,Thursday,-0.00025723472668803815,0.00025723472668803815,-0.0020904354537851777
2020-06-05,Friday,0.002453635842202484,0.002453635842202484,0.0024160732451679046
2020-06-08,Monday,3.113809746246865e-05,3.113809746246865e-05,-3.1132281062218325e-05
2020-06-09,Tuesday,0.0004364373732648197,0.0004364373732648197,-0.0008107770986652829
2020-06-10,Wednesday,-3.107906514165926e-05,3.107906514165926e-05,-3.107713344518981e-05
2020-06-11,Thursday,-0.00035348179568761573,0.00035348179568761573,-0.0013823255215867913
2020-06-12,Friday,0.0009142857142856453,0.0009142857142856453,9.787928221860476e-05
2020-06-15,Monday,0.001343093143509666,0.001343093143509666,-0.0009718968219846191
2020-06-16,Tuesday,0.002614212388816206,0.002614212388816206,-3.179650237550291e-07
2020-06-17,Wednesday,0.00047640235181956037,0.00047640235181956037,-0.0006988342174646389
2020-06-18,Thursday,-0.0017410930195065344,0.0017410930195065344,0.0007427980881022922
2020-06-19,Friday,0.0001277179986589605,0.0001277179986589605,0.0005424723977280888
2020-06-22,Monday,6.480041472278764e-05,6.480041472278764e-05,-0.00029164911371071245
2020-06-23,Tuesday,9.509875640079102e-05,9.509875640079102e-05,-0.00031771777502143106
2020-06-24,Wednesday,-9.673050880243395e-05,9.673050880243395e-05,-0.001192971142995325
2020-06-25,Thursday,-0.0011560693641619046,0.0011560693641619046,0.0008265829062654717
2020-06-26,Friday,0.0003260515161396249,0.0003260515161396249,-0.00029331247555719475
2020-06-29,Monday,0.00043060616098045124,0.00043060616098045124,0.0
2020-06-30,Tuesday,0.0,0.0,-0.001479387204944449
2020-07-01,Wednesday,0.0009099181073701779,0.0009099181073701779,-0.0001948051948051921
2020-07-02,Thursday,0.0045092583709105405,0.0045092583709105405,0.0006367804381048892
2020-07-06,Monday,-3.154474622246717e-05,3.154474622246717e-05,3.154575127783943e-07
2020-07-07,Tuesday,-9.522902580694215e-05,9.522902580694215e-05,-0.00047625095250181104
2020-07-08,Wednesday,-0.00025429662635267913,0.00025429662635267913,-6.366993505657614e-05
2020-07-09,Thursday,0.00028406400909020135,0.00028406400909020135,-0.00028393854307984245
2020-07-10,Friday,0.0008325328210054828,0.0008325328210054828,0.0005439303769116943
2020-07-13,Monday,-0.0001562304711911766,0.0001562304711911766,-6.250781347660883e-05
2020-07-14,Tuesday,-0.0015837319058630284,0.0015837319058630284,-0.000602715391447739
2020-07-15,Wednesday,0.0002788449622010969,0.0002788449622010969,0.000805377443236388
2020-07-16,Thursday,-0.0003750000000000142,0.0003750000000000142,-0.00021885258715037548
2020-07-17,Friday,-0.0001865613631416574,0.0001865613631416574,0.00030168258016360916
2020-07-20,Monday,-0.0002493532400336118,0.0002493532400336118,0.0005300243187629228
2020-07-21,Tuesday,-0.0003059039461608126,0.0003059039461608126,0.0001227012637312619
2020-07-22,Wednesday,-3.079860790289324e-05,3.079860790289324e-05,-0.0003695491500369519
2020-07-23,Thursday,0.0006414368184735064,0.0006414368184735064,-0.0017406174611416247
2020-07-24,Friday,-0.0002485398285074769,0.0002485398285074769,-0.00018650337260261995
2020-07-27,Monday,-0.00018620240201094873,0.00018620240201094873,-0.001241811803421311
2020-07-28,Tuesday,0.0,0.0,0.000124173470338107
2020-07-29,Wednesday,0.000155072418819735,0.000155072418819735,-0.0002791130407814313
2020-07-30,Thursday,0.0002776142525173775,0.0002776142525173775,-0.0008054273411604029
2020-07-31,Friday,0.0,0.0,-0.0003375682808568481
2020-08-03,Monday,-9.134366531693416e-05,9.134366531693416e-05,-0.0003044881554108425
2020-08-04,Tuesday,3.0525030525030417e-05,3.0525030525030417e-05,
2020-08-05,Wednesday,-0.0003014318010551298,0.0003014318010551298,0.00024119633381558536
2020-08-06,Thursday,0.0006348054774643064,0.0006348054774643064,0.001419939577039342
2020-08-07,Friday,0.0010490034467256493,0.0010490034467256493,0.00035932446999642487
2020-08-10,Monday,-0.00023894862604534328,0.00023894862604534328,
2020-08-11,Tuesday,0.0,0.0,-0.00017794122008363278
2020-08-12,Wednesday,-0.0002982670683329136,0.0002982670683329136,0.00011933886270076854
2020-08-13,Thursday,0.001098737936154448,0.001098737936154448,0.00047460844803026703
2020-08-14,Friday,-0.0005049904942964201,0.0005049904942964201,0.00148592825938354
2020-08-17,Monday,2.9634898055963532e-05,2.9634898055963532e-05,0.00026669827535119595
2020-08-18,Tuesday,0.00026581605528974706,0.00026581605528974706,-0.000265761110290752
2020-08-19,Wednesday,0.00014760583338246924,0.00014760583338246924,-0.00020662376763680435
2020-08-20,Thursday,-0.0001785661141037176,0.0001785661141037176,-0.0004763180613855944
2020-08-21,Friday,-5.9435364041515726e-05,5.9435364041515726e-05,0.0006538667300719503
2020-08-24,Monday,0.0,0.0,
2020-08-25,Tuesday,-8.713584478214909e-05,8.713584478214909e-05,
2020-08-26,Wednesday,-5.805009723380827e-05,5.805009723380827e-05,2.902673362159547e-05
2020-08-27,Thursday,-5.752912411904898e-05,5.752912411904898e-05,0.0004315304948214749
2020-08-28,Friday,-0.0003429943405933722,0.0003429943405933722,-5.7185337679399595e-05
2020-08-31,Monday,-5.644563544093817e-05,5.644563544093817e-05,0.0002565710701865065
2020-09-01,Tuesday,8.55358823026453e-05,8.55358823026453e-05,
2020-09-02,Wednesday,0.0,0.0,-0.0004508820379869327
2020-09-03,Thursday,0.00019644160071852212,0.00019644160071852212,0.00047697876041619125
2020-09-04,Friday,-0.0015031073854602228,0.0015031073854602228,0.0025771703248973488
2020-09-08,Tuesday,8.895214374682325e-05,8.895214374682325e-05,5.927155261820083e-05
2020-09-09,Wednesday,-8.91106754590254e-05,8.91106754590254e-05,-0.00023769201057721734
2020-09-10,Thursday,-0.0004416440937462518,0.0004416440937462518,-0.00014734918810599407
2020-09-11,Friday,-0.00020817843866172137,0.00020817843866172137,-0.0014279764383886562
2020-09-14,Monday,0.00014831514000945845,0.00014831514000945845,-0.00044481347488301015
2020-09-15,Tuesday,0.00023473489627656718,0.00023473489627656718,0.0009681962211010031
2020-09-16,Wednesday,-0.00032123353678126243,0.00032123353678126243,-0.001256279939245375
2020-09-17,Thursday,-0.0008074162679425623,0.0008074162679425623,-0.0005984798611526898
2020-09-18,Friday,8.952551477170445e-05,8.952551477170445e-05,0.0006864647067601481
2020-09-21,Monday,-0.0007068006514858727,0.0007068006514858727,-0.00015374680975355215
2020-09-22,Tuesday,-3.054554340520266e-05,3.054554340520266e-05,0.0005803653246991836
2020-09-23,Wednesday,0.0003931346185401807,0.0003931346185401807,0.0003625049089206467
2020-09-24,Thursday,-0.0010568852968603215,0.0010568852968603215,-0.0018048294747324833
2020-09-25,Friday,0.0001239502959313743,0.0001239502959313743,-0.0012701363073110983
2020-09-28,Monday,0.00029994001199762366,0.00029994001199762366,-0.00026984888462455725
2020-09-29,Tuesday,0.00020949929668101497,0.00020949929668101497,-0.0002693078787515679
2020-09-30,Wednesday,-0.00042130604875112443,0.00042130604875112443,0.0012043114349371553
2020-10-01,Thursday,-0.0004434983147064697,0.0004434983147064697,-0.0005620802887317256
2020-10-02,Friday,-0.0012928831293783638,0.0012928831293783638,0.0
2020-10-05,Monday,0.0,0.0,0.0004167783037123396
2020-10-06,Tuesday,0.00011775095672650338,0.00011775095672650338,0.000676968359087704
2020-10-07,Wednesday,-5.919436469647987e-05,5.919436469647987e-05,2.9592803030276116e-05
2020-10-08,Thursday,-0.00040830611292574925,0.00040830611292574925,-0.00046670361403600147
2020-10-09,Friday,-2.9245692775514698e-05,2.9245692775514698e-05,2.8956969942761646e-05
2020-10-12,Monday,0.00011443284222556471,0.00011443284222556471,0.0005149035986040662
2020-10-13,Tuesday,0.00022693747872470915,0.00022693747872470915,5.672954190893975e-05
2020-10-14,Wednesday,0.0002568786391139444,0.0002568786391139444,-0.0004850905978028841
2020-10-15,Thursday,-0.0009012700903885396,0.0009012700903885396,-0.0005526951159204874
2020-10-16,Friday,0.0006028246641405222,0.0006028246641405222,0.0005731822977896872
2020-10-19,Monday,0.000200734113328771,0.000200734113328771,-0.000315376014220603
2020-10-20,Tuesday,0.0002913243605431326,0.0002913243605431326,-0.0004659832246040052
2020-10-21,Wednesday,0.00026229229492358286,0.00026229229492358286,-0.0001455222794608524
2020-10-22,Thursday,0.00035026269702287394,0.00035026269702287394,-0.0009920056019140366
2020-10-23,Friday,2.8904240251925728e-05,2.8904240251925728e-05,0.00017340038148083714
2020-10-26,Monday,0.0001755309812181416,0.0001755309812181416,-0.00017550017550016506
2020-10-27,Tuesday,5.872680291285626e-05,5.872680291285626e-05,-0.00011743981209633159
2020-10-28,Wednesday,-0.00018009364869731037,0.00018009364869731037,-0.000990634005763602
2020-10-29,Thursday,0.00018384605956622835,0.00018384605956622835,0.0012251902797080216
2020-10-30,Friday,-6.114338122908958e-05,6.114338122908958e-05,0.0005197823029414739
2020-11-02,Monday,0.00018165304268857874,0.00018165304268857874,0.00012111669593650731
2020-11-03,Tuesday,0.00020959966464051405,0.00020959966464051405,0.00047897021403975337
2020-11-04,Wednesday,-0.0011665208515601044,0.0011665208515601044,0.0011682584187622247
2020-11-05,Thursday,0.00022883295194509046,0.00022883295194509046,-0.00028597574925648406
2020-11-06,Friday,0.001927170223781749,0.001927170223781749,0.002010107971513797
2020-11-09,Monday,0.0006300161612842192,0.0006300161612842192,0.0028195231447263325
2020-11-10,Tuesday,-0.00016956337431117685,0.00016956337431117685,-0.0013003533568903825
2020-11-11,Wednesday,2.8019052956240742e-05,2.8019052956240742e-05,-0.00016811431773611218
2020-11-12,Thursday,-0.000253314194038734,0.000253314194038734,0.0014639639639639768
2020-11-13,Friday,0.00022488966350886486,0.00022488966350886486,5.621609466799349e-05
2020-11-16,Monday,-0.00027651043826892874,0.00027651043826892874,2.7652573071801356e-05
2020-11-17,Tuesday,-0.00030560648997057793,0.00030560648997057793,-0.0008893335556666715
2020-11-18,Wednesday,5.534800055340128e-05,5.534800055340128e-05,-0.00022137974928737592
2020-11-19,Thursday,-0.0011524623341577778,0.0011524623341577778,0.0007597715057545695
2020-11-20,Friday,0.0,0.0,-5.594092638172565e-05
2020-11-23,Monday,-0.00025182573659021656,0.00025182573659021656,0.0005037924375157488
2020-11-24,Tuesday,0.00019424480395158206,0.00019424480395158206,0.00036072033075273957
2020-11-25,Wednesday,5.511919525980069e-05,5.511919525980069e-05,0.0007163521146162921
2020-11-27,Friday,0.0,0.0,-0.00013750240629217814
2020-11-30,Monday,-8.273807882175355e-05,8.273807882175355e-05,-0.0003309431880860192
2020-12-01,Tuesday,0.0,0.0,-0.0001367989056088037
2020-12-02,Wednesday,-0.000219280212701789,0.000219280212701789,-5.482606431106429e-05
2020-12-03,Thursday,-0.0002998419015428633,0.0002998419015428633,0.00029997272975190725
2020-12-04,Friday,0.00010882873078488231,0.00010882873078488231,0.0007075407516259347
2020-12-07,Monday,0.00010849222924402824,0.00010849222924402824,-8.10891658094004e-05
2020-12-08,Tuesday,-0.00021752134428187908,0.00021752134428187908,-0.00019037776387720307
2020-12-09,Wednesday,-2.6973080865300147e-05,2.6973080865300147e-05,0.0003237118964121155
2020-12-10,Thursday,-0.0002454857891005524,0.0002454857891005524,-0.0009547711277210214
2020-12-11,Friday,0.0002196595277319524,0.0002196595277319524,0.0005215768090480744
2020-12-14,Monday,0.0,0.0,-0.0004328252969572066
2020-12-15,Tuesday,,,8.171047255900454e-05
2020-12-16,Wednesday,-0.00035128489204738766,0.00035128489204738766,0.00024322352241723522
2020-12-17,Thursday,-0.00010755579456833697,0.00010755579456833697,-0.00024200704509391713
2020-12-18,Friday,0.0,0.0,0.0001888217522658664
2020-12-21,Monday,-0.0006880418329434645,0.0006880418329434645,0.0007435968052877939
2020-12-22,Tuesday,0.0002440942746333441,0.0002440942746333441,-0.0002982646420824908
2020-12-23,Wednesday,-0.00013590280231579044,0.00013590280231579044,-2.718647201149782e-05
2020-12-24,Thursday,0.0,0.0,
2020-12-28,Monday,0.0,0.0,0.00010764262647988687
2020-12-29,Tuesday,0.0,0.0,
2020-12-30,Wednesday,2.683123155344802e-05,2.683123155344802e-05,-0.00024148108398169832
2020-12-31,Thursday,0.00032294526077825125,0.00032294526077825125,5.381117658131984e-05
2021-01-04,Monday,0.00023953370771567783,0.00023953370771567783,
2021-01-05,Tuesday,0.00021753908905508546,0.00021753908905508546,-0.0008971535763803162
2021-01-06,Wednesday,0.0,0.0,-0.0005126683036075219
2021-01-07,Thursday,-0.00013305657565587659,0.00013305657565587659,-0.00010380650467523012
2021-01-08,Friday,-0.0006839405497829354,0.0006839405497829354,0.0002632618138738163
2021-01-11,Monday,0.0001321318146982886,0.0001321318146982886,-0.0006606765327695774
2021-01-12,Tuesday,7.908264136013976e-05,7.908264136013976e-05,-5.27078666490155e-05
2021-01-13,Wednesday,0.00015870916545424052,0.00015870916545424052,0.00018510683308647913
2021-01-14,Thursday,-0.00013144058885372623,0.00013144058885372623,2.6292271715355753e-07
2021-01-15,Friday,0.0005568076362190144,0.0005568076362190144,-0.000742016695375769
2021-01-19,Tuesday,0.0,0.0,-0.00013216674156113495
2021-01-20,Wednesday,0.00023656818420758619,0.00023656818420758619,-0.0003679175864605977
2021-01-21,Thursday,-0.0004415928513910039,0.0004415928513910039,-0.0003378027232096015
2021-01-22,Friday,-0.00018346700214921796,0.00018346700214921796,-2.621369403377205e-05
2021-01-25,Monday,0.00036543029417135386,0.00036543029417135386,-0.0010961478233636468
2021-01-26,Tuesday,-0.0001299578936424517,0.0001299578936424517,0.00015598190609900087
2021-01-27,Wednesday,0.0008426596445030299,0.0008426596445030299,-0.0009208829952376263
2021-01-28,Thursday,5.358626048268533e-05,5.358626048268533e-05,0.001955688911511766
2021-01-29,Friday,0.0006144193896979733,0.0006144193896979733,0.001708078678374081
2021-02-01,Monday,0.00013394770681518509,0.00013394770681518509,0.0001071438137840719
2021-02-02,Tuesday,0.0,0.0,0.00023731048121278242
2021-02-03,Wednesday,-0.00015675619186961143,0.00015675619186961143,-5.225889054372157e-05
2021-02-04,Thursday,-2.6115797446046862e-05,2.6115797446046862e-05,-0.00033953196824065834
2021-02-05,Friday,0.00023222809959988489,0.00023222809959988489,-0.0005674197874755427
2021-02-08,Monday,-2.569637167249006e-05,2.569637167249006e-05,-0.000102788127971154
2021-02-09,Tuesday,-0.00015390534821080326,0.00015390534821080326,-0.00012826103686225387
2021-02-10,Wednesday,7.661856723273353e-05,7.661856723273353e-05,0.0021194555808075055
2021-02-11,Thursday,7.666751852797304e-05,7.666751852797304e-05,-0.00017887716249709307
2021-02-12,Friday,-2.5632481480464264e-05,2.5632481480464264e-05,
2021-02-16,Tuesday,-0.00010135819987833194,0.00010135819987833194,-0.0007098687211718469
2021-02-17,Wednesday,-0.0003313537073381667,0.0003313537073381667,-0.00017877636377550132
2021-02-18,Thursday,-0.00035834037216209147,0.00035834037216209147,-0.0003328213005632241
2021-02-19,Friday,-7.645844483528119e-05,7.645844483528119e-05,0.00022938118054849355
2021-02-22,Monday,7.755545214838122e-05,7.755545214838122e-05,0.000697908858272811
2021-02-23,Tuesday,-0.00010383407315117665,0.00010383407315117665,-7.787959814120615e-05
2021-02-24,Wednesday,-0.00015449185055493864,0.00015449185055493864,0.000386279357231345
2021-02-25,Thursday,-0.00015368458799724927,0.00015368458799724927,0.0010760126047191232
2021-02-26,Friday,0.0014905078186286946,0.0014905078186286946,0.0016449086161880455
2021-03-01,Monday,-0.00026012538043340694,0.00026012538043340694,0.00013009653162643353
2021-03-02,Tuesday,-0.00038547529103383216,0.00038547529103383216,-0.0006425909266161156
2021-03-03,Wednesday,-0.0010066594393682848,0.0010066594393682848,-0.0025837122778007426
2021-03-04,Thursday,0.00013119227539881706,0.00013119227539881706,0.0004722921914357414
2021-03-05,Friday,-0.003678513774578507,0.003678513774578507,-0.001460978590022699
2021-03-08,Monday,5.220024012131397e-05,5.220024012131397e-05,0.0004175256386838022
2021-03-09,Tuesday,0.00015576728367827641,0.00015576728367827641,-0.00020765736534711365
2021-03-10,Wednesday,0.0022471910112360494,0.0022471910112360494,0.0020102574675910923
2021-03-11,Thursday,-0.0002040243809136033,0.0002040243809136033,-2.550630005604404e-05
2021-03-12,Friday,0.00040770563653058645,0.00040770563653058645,-0.0006877228731534402
2021-03-15,Monday,,,-0.0004315816197003608
2021-03-16,Tuesday,0.000579345088161265,0.000579345088161265,-0.0005790971120679389
2021-03-17,Wednesday,-0.0001266784899924822,0.0001266784899924822,7.598784194517982e-05
2021-03-18,Thursday,0.00010138389009983761,0.00010138389009983761,0.00022809640874887904
2021-03-19,Friday,5.113520147270734e-05,5.113520147270734e-05,-0.00023007899378790775
2021-03-22,Monday,-0.0002049810392538154,0.0002049810392538154,0.0002818489289742043
2021-03-23,Tuesday,-2.5555186425108012e-05,2.5555186425108012e-05,0.00038338658146952476
2021-03-24,Wednesday,0.00017894117947792054,0.00017894117947792054,-0.0003833865814696358
2021-03-25,Thursday,0.000803046395357887,0.000803046395357887,0.0007508285004140802
2021-03-26,Friday,0.00025635109846455784,0.00025635109846455784,
2021-03-29,Monday,-0.00020293752061084636,0.00020293752061084636,-5.074596569565326e-05
2021-03-30,Tuesday,0.0,0.0,-0.0007605883844788996
2021-03-31,Wednesday,7.59397544614071e-05,7.59397544614071e-05,0.00020250088594142568
2021-04-01,Thursday,-5.0258832989813484e-05,5.0258832989813484e-05,-2.513004799842289e-05
2021-04-05,Monday,2.4819438584344766e-05,2.4819438584344766e-05,4.963764519017033e-05
2021-04-06,Tuesday,0.0,0.0,0.0006404571879004006
2021-04-07,Wednesday,0.0,0.0,-0.00017252002464573923
2021-04-08,Thursday,0.0002206152714794296,0.0002206152714794296,-0.000588206460467644
2021-04-09,Friday,-0.0002691131498471222,0.0002691131498471222,0.00022022658869014222
2021-04-12,Monday,-4.866772113387707e-05,4.866772113387707e-05,4.8666536889285794e-05
2021-04-13,Tuesday,0.0002435341678437286,0.0002435341678437286,0.0010712894429294462
2021-04-14,Wednesday,-0.0001449626098108947,0.0001449626098108947,9.681713663334257e-05
2021-04-15,Thursday,-0.00021745433458963959,0.00021745433458963959,0.0005074670146441029
2021-04-16,Friday,-7.200806490337275e-05,7.200806490337275e-05,0.00024004993038562183
2021-04-19,Monday,-0.00012014032389828788,0.00012014032389828788,9.612380746415461e-05
2021-04-20,Tuesday,-2.4187306501555206e-05,2.4187306501555206e-05,0.0
2021-04-21,Wednesday,7.289161017576262e-05,7.289161017576262e-05,-0.0007288629737609575
2021-04-22,Thursday,0.00012028194086943778,0.00012028194086943778,0.0007937653341030249
2021-04-23,Friday,0.0001211504446221312,0.0001211504446221312,-0.0004844961240310086
2021-04-26,Monday,-7.19821484270744e-05,7.19821484270744e-05,-0.00019197082043542757
2021-04-27,Tuesday,-0.0001196029183112568,0.0001196029183112568,0.0
2021-04-28,Wednesday,-4.789960243334335e-05,4.789960243334335e-05,
2021-04-29,Thursday,0.0002617801047120061,0.0002617801047120061,-0.0002379196307488174
2021-04-30,Friday,-0.00021527495395501361,0.00021527495395501361,-0.001076477764753725
2021-05-03,Monday,2.3853254776495803e-05,2.3853254776495803e-05,0.00011926058437694564
2021-05-04,Tuesday,0.0006737571586699076,0.0006737571586699076,0.0003847633705271747
2021-05-05,Wednesday,-0.0001198897014746958,0.0001198897014746958,-0.00047958180466634026
2021-05-06,Thursday,-0.00016846361185984815,0.00016846361185984815,7.220390382434161e-05
2021-05-07,Friday,0.00030925137378967626,0.00030925137378967626,-0.0013079667063020661
2021-05-10,Monday,-2.3658559666905887e-05,2.3658559666905887e-05,-0.0001182872013248959
2021-05-11,Tuesday,-0.0001938923897237821,0.0001938923897237821,-2.4241836561467167e-05
2021-05-12,Wednesday,-0.006565558678166439,0.006565558678166439,0.0015842452899168524
2021-05-13,Thursday,-0.000713758306669976,0.000713758306669976,0.0007388798581351441
2021-05-14,Friday,-0.00041163224291151934,0.00041163224291151934,-0.0009205872377537894
2021-05-17,Monday,4.821600771443002e-05,4.821600771443002e-05,0.00031344938997923677
2021-05-18,Tuesday,7.20582230442357e-05,7.20582230442357e-05,-0.0003122447999230893
2021-05-19,Wednesday,-9.807527277194694e-05,9.807527277194694e-05,-0.0009563511525256807
2021-05-20,Thursday,-9.747538746474049e-05,9.747538746474049e-05,0.00024363503471813708
2021-05-21,Friday,-7.198387561180297e-05,7.198387561180297e-05,-0.00019198464122871517
2021-05-24,Monday,0.00011991845545034074,0.00011991845545034074,0.0003356992135046255
2021-05-25,Tuesday,-0.0001902949571835899,0.0001902949571835899,2.3792529145749697e-05
2021-05-26,Wednesday,-4.764945250812502e-06,4.764945250812502e-06,-7.147451933398052e-05
2021-05-27,Thursday,0.00031057384490429385,0.00031057384490429385,0.0013374411884119475
2021-05-28,Friday,0.00014258893985119592,0.00014258893985119592,-9.504574076280026e-05
2021-06-01,Tuesday,-0.0001894612196565726,0.0001894612196565726,
2021-06-02,Wednesday,0.00011874732283079226,0.00011874732283079226,
2021-06-03,Thursday,-0.00021559468199783272,0.00021559468199783272,4.79145204954623e-05
2021-06-04,Friday,0.002146588117442283,0.002146588117442283,0.0008567960587380075
2021-06-07,Monday,0.00011833199223731938,0.00011833199223731938,0.0002603057409247267
2021-06-08,Tuesday,0.00011812790889975666,0.00011812790889975666,-0.00030713256313941173
2021-06-09,Wednesday,0.0001419144256014082,0.0001419144256014082,0.00018917896329928574
2021-06-10,Thursday,-0.0020160333950003384,0.0020160333950003384,0.001496792587312834
2021-06-11,Friday,0.00014147273113107595,0.00014147273113107595,0.00035362346173783976
2021-06-14,Monday,0.00011779672996281576,0.00011779672996281576,
2021-06-15,Tuesday,-0.0003289782874329461,0.0003289782874329461,-0.00011750881316097139
2021-06-16,Wednesday,2.3569896528075063e-05,2.3569896528075063e-05,
2021-06-17,Thursday,0.0003330161750714211,0.0003330161750714211,0.00019019994769498005
2021-06-18,Friday,0.00019148834314730578,0.00019148834314730578,0.00021540891792914962
2021-06-21,Monday,0.00024022869772033495,0.00024022869772033495,-0.00016812373907193479
2021-06-22,Tuesday,0.0001898929478505451,0.0001898929478505451,4.746422384127591e-05
2021-06-23,Wednesday,-4.7223271628205055e-05,4.7223271628205055e-05,-0.0002125197761458919
2021-06-24,Thursday,0.0,0.0,-0.0003766921718658667
2021-06-25,Friday,0.000752392372622257,0.000752392372622257,0.0004933746828306163
2021-06-28,Monday,2.341755848545013e-05,2.341755848545013e-05,-0.00011709053440112083
2021-06-29,Tuesday,0.0,0.0,-7.017379710405613e-05
2021-06-30,Wednesday,0.0,0.0,-2.5744242651115634e-05
2021-07-01,Thursday,-0.0003730734255136259,0.0003730734255136259,0.0006764952878604014
2021-07-02,Friday,0.000696265694989151,0.000696265694989151,0.001113172541743923
2021-07-06,Tuesday,0.0,0.0,2.306645445537825e-05
2021-07-07,Wednesday,-0.00016145028484437773,0.00016145028484437773,-0.0004383030750421124
2021-07-08,Thursday,0.00020993212194730937,0.00020993212194730937,-0.0011659903922391912
2021-07-09,Friday,0.0,0.0,-4.6201113446775466e-05
2021-07-12,Monday,-0.0001379373764310854,0.0001379373764310854,9.196882256912176e-05
2021-07-13,Tuesday,-0.0023569794050342097,0.0023569794050342097,0.0005963576310838992
2021-07-14,Wednesday,0.001536626760240356,0.001536626760240356,0.000412172837809921
2021-07-15,Thursday,-2.299908003677853e-05,2.299908003677853e-05,0.0002759889604415644
2021-07-16,Friday,-0.00013771259381667456,0.00013771259381667456,0.0
2021-07-19,Monday,0.00021115360251511284,0.00021115360251511284,0.0004691311690747657
2021-07-20,Tuesday,-9.375585974114031e-05,9.375585974114031e-05,-0.0004687902866652438
2021-07-21,Wednesday,0.00018520233354957227,0.00018520233354957227,0.00037033607999248375
2021-07-22,Thursday,-0.00013792152265346136,0.00013792152265346136,0.0
2021-07-23,Friday,6.855419208884328e-05,6.855419208884328e-05,-0.00029705458949336183
2021-07-26,Monday,-2.277333697708883e-05,2.277333697708883e-05,-0.00047828364497681797
2021-07-27,Tuesday,-0.0003181095205636586,0.0003181095205636586,-6.818956699616852e-05
2021-07-28,Wednesday,2.2754681775705166e-05,2.2754681775705166e-05,-9.101665604804854e-05
2021-07-29,Thursday,-0.000250164881398951,0.000250164881398951,0.00011374235082683981
2021-07-30,Friday,0.0003656808520362542,0.0003656808520362542,0.0008225939128050364
2021-08-02,Monday,-4.543182953986591e-05,4.543182953986591e-05,0.0001817479610151107
2021-08-03,Tuesday,0.0002966546483500476,0.0002966546483500476,0.00015990696653744862
2021-08-04,Wednesday,4.5474182033045096e-05,4.5474182033045096e-05,0.00018184297858803156
2021-08-05,Thursday,-4.544111966919839e-05,4.544111966919839e-05,4.543802253720308e-05
2021-08-06,Friday,0.001335536591439146,0.001335536591439146,-0.0005651505561081738
2021-08-09,Monday,,,-6.790095514008776e-05
2021-08-10,Tuesday,4.5224312590352866e-05,4.5224312590352866e-05,-2.2610111241716524e-05
2021-08-11,Wednesday,0.0017865623374568873,0.0017865623374568873,0.00020317861657948022
2021-08-12,Thursday,2.2538766678570354e-05,2.2538766678570354e-05,4.5076517388276116e-05
2021-08-13,Friday,0.0,0.0,
2021-08-16,Monday,9.004141905277763e-05,9.004141905277763e-05,-0.0002250782146796526
2021-08-17,Tuesday,2.248656427794593e-05,2.248656427794593e-05,-0.00020237907850051418
2021-08-18,Wednesday,0.00022552999548941521,0.00022552999548941521,2.2547914317883055e-05
2021-08-19,Thursday,4.5881030487970875e-05,4.5881030487970875e-05,-0.0008944954128440319
2021-08-20,Friday,-0.000228112596377672,0.000228112596377672,0.0005019507631931486
2021-08-23,Monday,2.1575923426997434e-05,2.1575923426997434e-05,-0.00011236965120453579
2021-08-24,Tuesday,-0.00015638613971979964,0.00015638613971979964,0.00015641060016990949
2021-08-25,Wednesday,0.0,0.0,0.0003573502479117252
2021-08-26,Thursday,-0.00015592978704448424,0.00015592978704448424,-4.4558315695719664e-05
2021-08-27,Friday,8.941344778246041e-05,8.941344778246041e-05,0.00011085285177903081
2021-08-30,Monday,-4.4387234231391126e-05,4.4387234231391126e-05,4.439018976798437e-05
2021-08-31,Tuesday,-2.215182863340992e-05,2.215182863340992e-05,0.00015505936558568578
2021-09-01,Wednesday,0.00011029736168710613,0.00011029736168710613,-4.4113106003718094e-05
2021-09-02,Thursday,6.628369421113334e-05,6.628369421113334e-05,0.0002651172038972138
2021-09-03,Friday,-0.0005288323821696084,0.0005288323821696084,0.00028658980181206495
2021-09-07,Tuesday,-2.2062879205697605e-05,2.2062879205697605e-05,-4.413160043248432e-05
2021-09-08,Wednesday,0.0001330465441158335,0.0001330465441158335,-0.00026609308823200006
2021-09-09,Thursday,-0.0002442544687465409,0.0002442544687465409,0.00026651860077731016
2021-09-10,Friday,0.00017751741889671102,0.00017751741889671102,0.00022185246810879633
2021-09-13,Monday,2.2315949208984165e-05,2.2315949208984165e-05,-0.00020083009773730343
2021-09-14,Tuesday,0.0032713421465382364,0.0032713421465382364,0.0005582350839585803
2021-09-15,Wednesday,0.0012839862140427982,0.0012839862140427982,-0.0004049493813274019
2021-09-16,Thursday,0.000984912924743675,0.000984912924743675,0.00029070417495913325
2021-09-17,Friday,4.489640155336261e-05,4.489640155336261e-05,0.00011223848433150607
2021-09-20,Monday,-0.0001153083344864747,0.0001153083344864747,-0.00018449759000027655
2021-09-21,Tuesday,0.0005493247882810692,0.0005493247882810692,-0.00013725265927022612
2021-09-22,Wednesday,-2.292578922025168e-05,2.292578922025168e-05,0.00013756104271278602
2021-09-23,Thursday,-0.00022700444928713814,0.00022700444928713814,0.0001589175444969282
2021-09-24,Friday,-0.0002267059623668466,0.0002267059623668466,-0.0007924639961724989
2021-09-27,Monday,-0.0001582171190922521,0.0001582171190922521,0.00038425894532201355
2021-09-28,Tuesday,0.0004098453972085636,0.0004098453972085636,-0.00043251610553396436
2021-09-29,Wednesday,0.00020655466813535028,0.00020655466813535028,-0.0008031206975677163
2021-09-30,Thursday,0.0007112538717448658,0.0007112538717448658,0.00013758312313694177
2021-10-01,Friday,-0.0003708081299682586,0.0003708081299682586,-0.001321585903083733
2021-10-04,Monday,-6.932729415576322e-05,6.932729415576322e-05,-0.0005777942128131208
2021-10-05,Tuesday,-0.00016264318408887313,0.00016264318408887313,9.294328136255636e-05
2021-10-06,Wednesday,4.6577703253447567e-05,4.6577703253447567e-05,-0.00018628912071527726
2021-10-07,Thursday,-0.000159485999407738,0.000159485999407738,6.836671908105885e-05
2021-10-08,Friday,-0.0009329844123335818,0.0009329844123335818,-0.0008886255924169806
2021-10-11,Monday,-0.00020630372492835836,0.00020630372492835836,0.0007565510442697487
2021-10-12,Tuesday,-6.880733944947259e-05,6.880733944947259e-05,-0.0005046218776522116
2021-10-13,Wednesday,0.0014968336211858002,0.0014968336211858002,-0.002529317084387084
2021-10-14,Thursday,0.0005011389521640819,0.0005011389521640819,-0.0006146141588891929
2021-10-15,Friday,-0.0006079437989732206,0.0006079437989732206,0.0005857966834896811
2021-10-18,Monday,9.006980409820287e-05,9.006980409820287e-05,-0.00020261599765858396
2021-10-19,Tuesday,0.0,0.0,-0.00020036064916839624
2021-10-20,Wednesday,0.00013312034078794,0.00013312034078794,
2021-10-21,Thursday,0.0005098873813957905,0.0005098873813957905,0.0002437403057833354
2021-10-22,Friday,,,-0.00013215276860045755
2021-10-25,Monday,0.0,0.0,-0.00013218479434251584
2021-10-26,Tuesday,,,-2.187513671958463e-05
2021-10-27,Wednesday,0.00015346165650886867,0.00015346165650886867,0.00017533477984543744
2021-10-28,Thursday,4.3920328524071905e-05,4.3920328524071905e-05,-2.1961611103793466e-05
2021-10-29,Friday,-4.382985251250027e-05,4.382985251250027e-05,0.0003067887978263073
2021-11-01,Monday,-0.0001518833535844033,0.0001518833535844033,-0.00019532097747287924
2021-11-02,Tuesday,6.539071495303972e-05,6.539071495303972e-05,0.00010861537124728926
2021-11-03,Wednesday,-0.0002600723868143584,0.0002600723868143584,-0.00019509657280347703
2021-11-04,Thursday,-0.0001288992008249279,0.0001288992008249279,
2021-11-05,Friday,-6.40970857191947e-05,6.40970857191947e-05,0.0011109449441322194
2021-11-08,Monday,-0.00017051025192882374,0.00017051025192882374,
2021-11-09,Tuesday,0.00019197952218430459,0.00019197952218430459,0.0
2021-11-10,Wednesday,-0.0008579456491432103,0.0008579456491432103,-0.00025761023571335695
2021-11-11,Thursday,-6.446899041556708e-05,6.446899041556708e-05,4.298579319539364e-05
2021-11-12,Friday,2.1504451421350268e-05,2.1504451421350268e-05,-0.00010752688172044333
2021-11-15,Monday,4.262938016874607e-05,4.262938016874607e-05,-0.00019182403342010712
2021-11-16,Tuesday,-0.0005345078251945967,0.0005345078251945967,0.00023531928548514713
2021-11-17,Wednesday,,,-0.0001706120708039327
2021-11-18,Thursday,0.00010655982268437114,0.00010655982268437114,0.0
2021-11-19,Friday,-4.26867009583054e-05,4.26867009583054e-05,-0.0003414717432133063
2021-11-22,Monday,0.00014891715951148576,0.00014891715951148576,0.000361594418683886
2021-11-23,Tuesday,0.0,0.0,-0.00019251336898384874
2021-11-24,Wednesday,2.141648641118543e-05,2.141648641118543e-05,0.0009423254020946015
2021-11-26,Friday,-0.00030326661467805494,0.00030326661467805494,-6.50026001038917e-05
2021-11-29,Monday,0.0003890125564609548,0.0003890125564609548,0.00025708551441949723
2021-11-30,Tuesday,-0.00013031013812869752,0.00013031013812869752,-0.0005864338307162154
2021-12-01,Wednesday,0.0004986996098830243,0.0004986996098830243,0.000519818063677624
2021-12-02,Thursday,0.0009513274336283573,0.0009513274336283573,0.00019900057489063983
2021-12-03,Friday,-4.365763681224433e-05,4.365763681224433e-05,0.0013532981184791737
2021-12-06,Monday,-0.00019783698232667124,0.00019783698232667124,0.0
2021-12-07,Tuesday,-0.0001936358355386636,0.0001936358355386636,0.00012911833695583574
2021-12-08,Wednesday,-0.00014925373134322406,0.00014925373134322406,-2.132241625618647e-05
2021-12-09,Thursday,0.0001282489740082049,0.0001282489740082049,-0.000790817962254442
2021-12-10,Friday,0.002308925708177423,0.002308925708177423,0.0014503881921337225
2021-12-13,Monday,-4.2401628222443755e-05,4.2401628222443755e-05,
2021-12-14,Tuesday,-0.0009881847475832206,0.0009881847475832206,-0.0019569892473119133
2021-12-15,Wednesday,0.0008845738942826475,0.0008845738942826475,-0.0007329481762524681
2021-12-16,Thursday,6.332453825841355e-05,6.332453825841355e-05,-0.0007387083157450736
2021-12-17,Friday,0.0003246191135735099,0.0003246191135735099,-0.00015143648321214176
2021-12-20,Monday,0.0,0.0,-8.809602466697264e-05
2021-12-21,Tuesday,-8.716495968608129e-05,8.716495968608129e-05,0.0003268899688364524
2021-12-22,Wednesday,0.0004542111865726284,0.0004542111865726284,-0.00025940337224383825
2021-12-23,Thursday,6.39767977479444e-05,6.39767977479444e-05,-0.00017060479399477746
2021-12-27,Monday,-8.47026935456574e-05,8.47026935456574e-05,2.1176570242698034e-05
2021-12-28,Tuesday,-4.180252487251401e-05,4.180252487251401e-05,0.0
2021-12-29,Wednesday,-6.292738180146973e-05,6.292738180146973e-05,6.293530250900403e-05
2021-12-30,Thursday,8.365575656177349e-05,8.365575656177349e-05,0.00016815876194997692
2021-12-31,Friday,0.0,0.0,-2.102474612619698e-05
2022-01-03,Monday,-2.0944601528904983e-05,2.0944601528904983e-05,-0.00039794742905019387
2022-01-04,Tuesday,-4.171707479883047e-05,4.171707479883047e-05,-0.00035459513578905977
2022-01-05,Wednesday,-6.28548681096408e-05,6.28548681096408e-05,6.28575020429345e-05
2022-01-06,Thursday,0.00040546308151934163,0.00040546308151934163,-0.0008532787234949435
2022-01-07,Friday,0.0005763073639273308,0.0005763073639273308,-0.0025803975091700515
2022-01-10,Monday,0.0003022126281704285,0.0003022126281704285,-0.00021584286639331207
2022-01-11,Tuesday,0.00012865321525823425,0.00012865321525823425,0.0003215916643439787
2022-01-12,Wednesday,-2.1252178348363238e-05,2.1252178348363238e-05,0.0016361047956994224
2022-01-13,Thursday,0.0005472942873505637,0.0005472942873505637,0.00027558721275333653
2022-01-14,Friday,4.3109041395705816e-05,4.3109041395705816e-05,-0.0008229561451001954
2022-01-18,Tuesday,0.0006736348030160766,0.0006736348030160766,0.0002172024326672073
2022-01-19,Wednesday,-0.00019617673343941266,0.00019617673343941266,-0.0009157309495256838
2022-01-20,Thursday,0.0002204439741639863,0.0002204439741639863,0.0011681213082959108
2022-01-21,Friday,-0.0002473744574629233,0.0002473744574629233,-0.0008096983873507879
2022-01-24,Monday,-0.00048370378901296807,0.00048370378901296807,-0.0006682643561617407
2022-01-25,Tuesday,-0.00018521519690684052,0.00018521519690684052,0.0015283084404307257
2022-01-26,Wednesday,0.0007479092536772924,0.0007479092536772924,-0.0014266304347826386
2022-01-27,Thursday,-0.0004587576841912355,0.0004587576841912355,-0.0010555542807316742
2022-01-28,Friday,0.0033668459200373313,0.0033668459200373313,0.0024231692257508097
2022-01-31,Monday,0.00045425638230223164,0.00045425638230223164,0.0014301929625426535
2022-02-01,Tuesday,-0.00026651860077731016,0.00026651860077731016,-0.0010662164863725065
2022-02-02,Wednesday,0.00010955542408908059,0.00010955542408908059,-6.57174151149631e-05
2022-02-03,Thursday,-0.00011045574038481831,0.00011045574038481831,-0.0001988159406203227
2022-02-04,Friday,-0.003422895366786749,0.003422895366786749,-0.002581774914128032
2022-02-07,Monday,-6.668296694745113e-05,6.668296694745113e-05,-0.0008446696896949879
2022-02-08,Tuesday,-8.502297857870822e-05,8.502297857870822e-05,-0.00013426723655651784
2022-02-09,Wednesday,-4.395411190716292e-05,4.395411190716292e-05,6.593551506628437e-05
2022-02-10,Thursday,-0.0036305579248956388,0.0036305579248956388,-0.0043246328452570815
2022-02-11,Friday,0.00011132138483804788,0.00011132138483804788,0.00022261798753353546
2022-02-14,Monday,-0.0005439586591418077,0.0005439586591418077,-0.0018597478000543788
2022-02-15,Tuesday,-0.001482746225736964,0.001482746225736964,0.00045003487770300943
2022-02-16,Wednesday,0.0005617725046065392,0.0005617725046065392,0.0009656845131154057
2022-02-17,Thursday,0.0002699116039497351,0.0002699116039497351,-0.00011243787807235783
2022-02-18,Friday,-0.00022897442355696018,0.00022897442355696018,-0.0003435717721431697
2022-02-22,Tuesday,0.0006011421701233033,0.0006011421701233033,0.0006930487213250291
2022-02-23,Wednesday,0.000184915516723283,0.000184915516723283,-0.0009938749566623661
2022-02-24,Thursday,0.0001705611461708667,0.0001705611461708667,0.0015353495966661246
2022-02-25,Friday,-0.0007206788329652269,0.0007206788329652269,0.0026987413628645207
2022-02-28,Monday,0.0003700705446973984,0.0003700705446973984,-0.0018966992806420668
2022-03-01,Tuesday,-0.00025291426206519585,0.00025291426206519585,0.0011498746636615653
2022-03-02,Wednesday,-0.0008566797869877796,0.0008566797869877796,-0.0014595496246871953
2022-03-03,Thursday,0.0006153004717304178,0.0006153004717304178,-0.00045551860793513477
2022-03-04,Friday,0.0021294817489525553,0.0021294817489525553,4.6181910545506355e-05
2022-03-07,Monday,0.000977244171436631,0.000977244171436631,0.01358446144791059
2022-03-08,Tuesday,0.00023860653781904162,0.00023860653781904162,-0.0005725464001145042
2022-03-09,Wednesday,4.712757434366388e-05,4.712757434366388e-05,0.0014373910174843019
2022-03-10,Thursday,0.0018923713778828954,0.0018923713778828954,0.001440581900623572
2022-03-11,Friday,-0.0003255738238645556,0.0003255738238645556,-0.00034899953466738243
2022-03-14,Monday,0.0007126229274547757,0.0007126229274547757,0.00021363970850063474
2022-03-15,Tuesday,0.0030154361613019542,0.0030154361613019542,0.001169506897704009
2022-03-16,Wednesday,-0.0005563927205285424,0.0005563927205285424,-0.0005103342689460888
2022-03-17,Thursday,0.00050724804683,0.00050724804683,-0.0003225509169663132
2022-03-18,Friday,-0.00041202188293998354,0.00041202188293998354,-4.579907943846884e-05
2022-03-21,Monday,-9.006574799608202e-05,9.006574799608202e-05,4.5036930282904564e-05
2022-03-22,Tuesday,0.0,0.0,0.0001347587817805973
2022-03-23,Wednesday,-0.00011169190903814741,0.00011169190903814741,-0.00044682752457558816
2022-03-24,Thursday,-0.00040394066560445197,0.00040394066560445197,0.0005858204516429044
2022-03-25,Friday,-0.00017701464796204824,0.00017701464796204824,-0.00015491523923338857
2022-03-28,Monday,-8.828657823301e-05,8.828657823301e-05,-0.00015451856430181987
2022-03-29,Tuesday,-0.00041314227315225605,0.00041314227315225605,8.70132695236503e-05
2022-03-30,Wednesday,0.0002176752285589778,0.0002176752285589778,0.00017409470752105527
2022-03-31,Thursday,8.718585845368665e-05,8.718585845368665e-05,-0.0004793654944000858
2022-04-01,Friday,-0.00015410016510730706,0.00015410016510730706,-0.00114514743773253
2022-04-04,Monday,-0.00013202265764467036,0.00013202265764467036,0.00019835585039551518
2022-04-05,Tuesday,0.00010972853161272944,0.00010972853161272944,0.0002194329851663568
2022-04-06,Wednesday,-0.00015655052108953793,0.00015655052108953793,-0.0002908277404921611
2022-04-07,Thursday,-0.0001790355830418866,0.0001790355830418866,0.0005824503237079615
2022-04-08,Friday,2.2229137953910794e-05,2.2229137953910794e-05,-0.0008891062259662741
2022-04-11,Monday,-0.00013514122257762828,0.00013514122257762828,0.00045055192610954364
2022-04-12,Tuesday,0.004173376579192256,0.004173376579192256,0.0014679313459800003
2022-04-13,Wednesday,-0.0010720313854295505,0.0010720313854295505,0.0007534762654977101
2022-04-14,Thursday,0.00031590586005370014,0.00031590586005370014,-0.0011052216082102495
2022-04-18,Monday,-0.00013737836290783623,0.00013737836290783623,-2.2901112994189177e-05
2022-04-19,Tuesday,0.00013717706043481215,0.00013717706043481215,0.0003651384102787425
2022-04-20,Wednesday,-0.0002461290611295297,0.0002461290611295297,0.000201432408236224
2022-04-21,Thursday,-0.00011149017771538983,0.00011149017771538983,-0.0005809285937291575
2022-04-22,Friday,0.00013692377909624298,0.00013692377909624298,-0.0012550200803213007
2022-04-25,Monday,0.0003071688483531343,0.0003071688483531343,-0.0014881655407000816
2022-04-26,Tuesday,-0.00044487110445101674,0.00044487110445101674,-2.341920374704376e-05
2022-04-27,Wednesday,0.000598014591556062,0.000598014591556062,-0.0015303682448588596
2022-04-28,Thursday,-0.0009469696969696129,0.0009469696969696129,-0.00028430629264597496
2022-04-29,Friday,-0.0004946180841792769,0.0004946180841792769,-0.0006362972215020468
2022-05-02,Monday,0.000607562943520934,0.000607562943520934,-0.0012143585758002118
2022-05-03,Tuesday,0.00012059816690768166,0.00012059816690768166,0.00036176832356549227
2022-05-04,Wednesday,7.1801254128534e-05,7.1801254128534e-05,-0.0008137865007181722
2022-05-05,Thursday,0.00021110902608367788,0.00021110902608367788,-0.00023452157598491397
2022-05-06,Friday,0.0033198449236735428,0.0033198449236735428,-0.0015694659541322098
2022-05-09,Monday,-0.0003709753260573434,0.0003709753260573434,0.0012129913852856333
2022-05-10,Tuesday,-0.000447583051521816,0.000447583051521816,0.0003233026610296452
2022-05-11,Wednesday,-0.009410304158907534,0.009410304158907534,5.0131595438207555e-05
2022-05-12,Thursday,0.0006940517197060458,0.0006940517197060458,-0.0012831699430272403
2022-05-13,Friday,0.00030178809445957633,0.00030178809445957633,0.000980564704699205
2022-05-16,Monday,-0.00039850560398513313,0.00039850560398513313,0.0019187640169449072
2022-05-17,Tuesday,-0.0010591654761318292,0.0010591654761318292,0.00044385264092317023
2022-05-18,Wednesday,-0.00039552162990419415,0.00039552162990419415,-0.0003946719289589229
2022-05-19,Thursday,-0.0003607503607503393,0.0003607503607503393,-0.0009285530049006896
2022-05-20,Friday,2.5391666454988027e-05,2.5391666454988027e-05,-0.00040624603275363214
2022-05-23,Monday,-0.0012450768644390875,0.0012450768644390875,-0.0001780853283129824
2022-05-24,Tuesday,-0.0004077160257881518,0.0004077160257881518,0.00130005863009508
2022-05-25,Wednesday,-0.0007914018023538194,0.0007914018023538194,0.00232445273187043
2022-05-26,Thursday,-0.00017541661445930057,0.00017541661445930057,-0.00020048617898404952
2022-05-27,Friday,0.0008375209380235837,0.0008375209380235837,0.0008860666026728747
2022-05-31,Tuesday,2.399011316533972e-05,2.399011316533972e-05,-0.0009937466673128892
2022-06-01,Wednesday,-0.00033756902080883666,0.00033756902080883666,0.0007960823100863212
2022-06-02,Thursday,0.0005351365814501019,0.0005351365814501019,-0.0009238549061557633
2022-06-03,Friday,0.002797164009935571,0.002797164009935571,0.00014430014430022453
2022-06-06,Monday,0.00026518804243003125,0.00026518804243003125,0.00021689882874631472
2022-06-07,Tuesday,-0.00046524155831439984,0.00046524155831439984,0.00034317215999313255
2022-06-08,Wednesday,-0.00021742281490066961,0.00021742281490066961,-0.0008940653392613962
2022-06-09,Thursday,-0.00012156576708000078,0.00012156576708000078,-0.00031613248382877934
2022-06-10,Friday,-0.010826820648115798,0.010826820648115798,-0.0033213396069747825
2022-06-13,Monday,0.00015719151165827228,0.00015719151165827228,-0.0008903786728120533
2022-06-14,Tuesday,0.0005578726456445526,0.0005578726456445526,0.002230424046095303
2022-06-15,Wednesday,0.00029216467463477613,0.00029216467463477613,0.00039824771007568316
2022-06-16,Thursday,0.00107555794568448,0.00107555794568448,0.00034928396786582105
2022-06-17,Friday,0.00029840219189969375,0.00029840219189969375,-0.0011931879813428248
2022-06-21,Tuesday,0.00040387722132484427,0.00040387722132484427,0.00029602518905247344
2022-06-22,Wednesday,-0.00018961454072652373,0.00018961454072652373,-0.0005147656461663708
2022-06-23,Thursday,-0.000956429330499331,0.000956429330499331,-0.0003722612210167453
2022-06-24,Friday,0.00013128528291961317,0.00013128528291961317,-0.00023627628573685833
2022-06-27,Monday,-0.0005630774743414779,0.0005630774743414779,-0.0008707232124565145
2022-06-28,Tuesday,0.0004107514183759875,0.0004107514183759875,-0.0009495701270371137
2022-06-29,Wednesday,-0.0004981124161074213,0.0004981124161074213,-0.0012062093559891407
2022-06-30,Thursday,0.0028241813870459875,0.0028241813870459875,0.0001594175943884224
2022-07-01,Friday,-0.00015972314654599806,0.00015972314654599806,0.0024751816463950416
2022-07-05,Tuesday,-0.0007160474182511534,0.0007160474182511534,0.0
2022-07-06,Wednesday,-5.25320445472488e-05,5.25320445472488e-05,0.0005226252068177839
2022-07-07,Thursday,-0.00023404587299113988,0.00023404587299113988,-0.0009097525473071855
2022-07-08,Friday,-0.0025474101330313914,0.0025474101330313914,-0.0009543215289778972
2022-07-11,Monday,,,-0.0006214557601180726
2022-07-12,Tuesday,-7.843752451175412e-05,7.843752451175412e-05,0.0009937238493724632
2022-07-13,Wednesday,-0.0166410583608948,0.0166410583608948,-0.006857657276000961
2022-07-14,Thursday,5.3480225686408644e-05,5.3480225686408644e-05,0.0013904115083289703
2022-07-15,Friday,0.0006609385327165374,0.0006609385327165374,-0.000687158072785854
2022-07-18,Monday,-2.5799127989500903e-05,2.5799127989500903e-05,0.0010319917440659854
2022-07-19,Tuesday,0.00020819778789848975,0.00020819778789848975,0.0008065565240016337
2022-07-20,Wednesday,0.0005367823730892951,0.0005367823730892951,0.00045992283516871346
2022-07-21,Thursday,-0.00015199878400973255,0.00015199878400973255,0.0013424858785682225
2022-07-22,Friday,-7.53333500741471e-05,7.53333500741471e-05,0.00035159094904435584
2022-07-25,Monday,-0.00030238125236237146,0.00030238125236237146,0.00035289372857416623
2022-07-26,Tuesday,0.00022831050228311334,0.00022831050228311334,-2.535882740783979e-05
2022-07-27,Wednesday,-0.0006847751654874834,0.0006847751654874834,0.0005835193829915042
2022-07-28,Thursday,-0.001174647605718393,0.001174647605718393,0.001175881911433585
2022-07-29,Friday,-0.00014705521923485954,0.00014705521923485954,-0.0011275338872956953
2022-08-01,Monday,0.00019485106072036906,0.00019485106072036906,-0.00048698531739266304
2022-08-02,Tuesday,0.0004409819197412901,0.0004409819197412901,
2022-08-03,Wednesday,4.871632484038102e-05,4.871632484038102e-05,0.0002922979490427302
2022-08-04,Thursday,-0.0001687804407580762,0.0001687804407580762,0.0010370942067434719
2022-08-05,Friday,-0.006779088562398949,0.006779088562398949,-0.00165200913463881
2022-08-08,Monday,-0.0002162785667939593,0.0002162785667939593,-0.00014421690222099492
2022-08-09,Tuesday,-0.0001941606193723855,0.0001941606193723855,0.0007768687334612778
2022-08-10,Wednesday,0.008571221035810428,0.008571221035810428,0.0032649141759693023
2022-08-11,Thursday,0.0004023478178547535,0.0004023478178547535,-0.0011591597274791532
2022-08-12,Friday,0.0,0.0,0.00042669195211564315
2022-08-15,Monday,-0.00035289965886375896,0.00035289965886375896,-0.00047058823529411153
2022-08-16,Tuesday,-0.0003267668751749664,0.0003267668751749664,-0.0003735699276208315
2022-08-17,Wednesday,-0.00023463713367277705,0.00023463713367277705,-2.3473076381397284e-05
2022-08-18,Thursday,-0.0006315641739373934,0.0006315641739373934,0.0007021814436851681
2022-08-19,Friday,-9.440864783216707e-05,9.440864783216707e-05,0.0
2022-08-22,Monday,-2.3965298248107558e-05,2.3965298248107558e-05,9.58565985285098e-05
2022-08-23,Tuesday,0.00016916384726917144,0.00016916384726917144,-0.0007249178426443903
2022-08-24,Wednesday,-0.00012105951285645844,0.00012105951285645844,-0.00012106244400866828
2022-08-25,Thursday,-0.0012265217286741015,0.0012265217286741015,0.0008668223736485459
2022-08-26,Friday,0.002008464242163388,0.002008464242163388,-0.0005725327417162029
2022-08-29,Monday,0.0002486634340421734,0.0002486634340421734,0.0005966587112171684
2022-08-30,Tuesday,-0.0005188900694323983,0.0005188900694323983,-0.0009640579423544349
2022-08-31,Wednesday,-0.00037521574905563515,0.00037521574905563515,-0.0006006757602302626
2022-09-01,Thursday,0.0005845426589066172,0.0005845426589066172,-0.0021338210638622845
2022-09-02,Friday,0.0052377115229653715,0.0052377115229653715,-0.0003006614552014675
2022-09-06,Tuesday,0.0,0.0,-9.888187419193617e-05
2022-09-07,Wednesday,0.0005904400061609305,0.0005904400061609305,0.00046187006055609103
2022-09-08,Thursday,-0.00035201528752104583,0.00035201528752104583,-0.0014840900515659117
2022-09-09,Friday,-0.0002974198825191898,0.0002974198825191898,0.0007683727847316302
2022-09-12,Monday,0.0002453084754079349,0.0002453084754079349,0.0004904485151671079
2022-09-13,Tuesday,-0.02160635395794619,0.02160635395794619,0.001604502480807568
2022-09-14,Wednesday,-0.0007106418618816335,0.0007106418618816335,-0.001066639577407602
2022-09-15,Thursday,0.002312932086214081,0.002312932086214081,-0.0015722472992847347
2022-09-16,Friday,-0.0005461070369793264,0.0005461070369793264,2.6024723487338974e-05
2022-09-19,Monday,0.00031371728843687663,0.00031371728843687663,-0.000261369576581294
2022-09-20,Tuesday,0.0007782101167315147,0.0007782101167315147,-0.0004924193339380656
2022-09-21,Wednesday,0.0003369184916417467,0.0003369184916417467,0.0009327633113098699
2022-09-22,Thursday,-0.00023828435266082248,0.00023828435266082248,-0.0006351222610352369
2022-09-23,Friday,-0.00018925568442962337,0.00018925568442962337,-0.0003516079301111308
2022-09-26,Monday,-0.0004641258053946773,0.0004641258053946773,-0.0016659383875902156
2022-09-27,Tuesday,0.0011116232410597338,0.0011116232410597338,0.0006502126737286673
2022-09-28,Wednesday,2.8104593172262327e-05,2.8104593172262327e-05,0.0024803637866885886
2022-09-29,Thursday,-0.0022047415552954863,0.0022047415552954863,-0.0032456020728215407
2022-09-30,Friday,-0.0060298752912156806,0.0060298752912156806,0.0007447043248014484
2022-10-03,Monday,0.0,0.0,0.001527565615886628
2022-10-04,Tuesday,-0.00010744889461944407,0.00010744889461944407,-0.0001883396023641959
2022-10-05,Wednesday,-0.0001603592046183211,0.0001603592046183211,0.000801924619085792
2022-10-06,Thursday,0.003007798983204246,0.003007798983204246,0.0007698842518848448
2022-10-07,Friday,-0.006856102198773417,0.006856102198773417,0.001267837393110538
2022-10-10,Monday,5.515111405252071e-05,5.515111405252071e-05,0.00038878426333655014
2022-10-11,Tuesday,-0.0006109244397546343,0.0006109244397546343,0.0016949623496067545
2022-10-12,Wednesday,-0.0060189165950127466,0.0060189165950127466,0.0
2022-10-13,Thursday,-0.023960242101171647,0.023960242101171647,-0.004208490914778151
2022-10-14,Friday,-2.726950451303889e-05,2.726950451303889e-05,-0.0005178663904712444
2022-10-17,Monday,0.00011052166224567728,0.00011052166224567728,0.00013812154696135615
2022-10-18,Tuesday,0.00013360053440214514,0.00013360053440214514,0.00138929706911739
2022-10-19,Wednesday,-0.0018157673649692452,0.0018157673649692452,0.00035289646560610066
2022-10-20,Thursday,-0.0002700877785281053,0.0002700877785281053,-0.00153974985818095
2022-10-21,Friday,-0.0002757707793282771,0.0002757707793282771,-0.0001930555172509063
2022-10-24,Monday,-0.0009305356098079365,0.0009305356098079365,0.000186358553857513
2022-10-25,Tuesday,-7.94933623041727e-05,7.94933623041727e-05,-0.0002119935341972079
2022-10-26,Wednesday,-5.23930526813432e-05,5.23930526813432e-05,0.00010479159571397112
2022-10-27,Thursday,0.0026154731390908292,0.0026154731390908292,-0.0013816115325461231
2022-10-28,Friday,0.005479089465325604,0.005479089465325604,-0.0011851149561507013
2022-10-31,Monday,-0.00041343669250648585,0.00041343669250648585,0.00010341261633906029
2022-11-01,Tuesday,0.0002612249915485698,0.0002612249915485698,0.00025611473940334584
2022-11-02,Wednesday,-0.0005206463195690514,0.0005206463195690514,0.0008590618003854189
2022-11-03,Thursday,0.00037624294544480463,0.00037624294544480463,0.0005104782375067174
2022-11-04,Friday,-0.003963047262016239,0.003963047262016239,0.0002689401070381514
2022-11-07,Monday,5.3036329885847167e-05,5.3036329885847167e-05,-5.303492349717498e-05
2022-11-08,Tuesday,0.0002626602227357999,0.0002626602227357999,5.251135558048681e-05
2022-11-09,Wednesday,0.00034203325615655977,0.00034203325615655977,0.0006574794866400779
2022-11-10,Thursday,0.021268656716417977,0.021268656716417977,0.0028185922697496757
2022-11-11,Friday,-0.0001765136041556037,0.0001765136041556037,-0.00022700330415925674
2022-11-14,Monday,-0.00020130343977264875,0.00020130343977264875,0.0007802078876499863
2022-11-15,Tuesday,0.005634719891813411,0.005634719891813411,0.0030879569678254892
2022-11-16,Wednesday,-0.002285377003064193,0.002285377003064193,0.0006544173168889778
2022-11-17,Thursday,0.0009453486292445579,0.0009453486292445579,-0.0009701797385620603
2022-11-18,Friday,-0.0002513446941135866,0.0002513446941135866,2.5140788415090043e-05
2022-11-21,Monday,-0.00017726904376014208,0.00017726904376014208,0.00020265477758640849
2022-11-22,Tuesday,-0.00010101010101015717,0.00010101010101015717,5.049867440964917e-05
2022-11-23,Wednesday,0.0007500562542188671,0.0007500562542188671,2.4987506246798574e-05
2022-11-25,Friday,0.0,0.0,-0.00027960035788843207
2022-11-28,Monday,0.0001753067868770497,0.0001753067868770497,0.00027542001552371964
2022-11-29,Tuesday,-0.00010089290218429081,0.00010089290218429081,-0.0001258798026990693
2022-11-30,Wednesday,-0.0020431328036322194,0.0020431328036322194,0.00017697325175713985
2022-12-01,Thursday,0.000759338640538898,0.000759338640538898,0.0023490836126947023
2022-12-02,Friday,-0.014014555468135459,0.014014555468135459,0.0006732831280236162
2022-12-05,Monday,-0.00014811523365176882,0.00014811523365176882,2.469135802463107e-05
2022-12-06,Tuesday,0.0004251062765692204,0.0004251062765692204,-0.00017496938035843623
2022-12-07,Wednesday,0.0012239589973734866,0.0012239589973734866,0.0002546732542147989
2022-12-08,Thursday,0.0007593975446147372,0.0007593975446147372,-0.00022767518340505166
2022-12-09,Friday,-0.011823773063888599,0.011823773063888599,0.0034283102239829333
2022-12-12,Monday,5.0706082194595936e-05,5.0706082194595936e-05,-0.00035489758669648985
2022-12-13,Tuesday,0.00949741706680185,0.00949741706680185,-0.007749104466700851
2022-12-14,Wednesday,0.00034881403229025665,0.00034881403229025665,0.00024912184549452654
2022-12-15,Thursday,0.0010133508980820771,0.0010133508980820771,-0.0007340842931274905
2022-12-16,Friday,-0.0001561524047470897,0.0001561524047470897,0.0
2022-12-19,Monday,-7.81596019070463e-05,7.81596019070463e-05,-0.0003908183736743842
2022-12-20,Tuesday,0.0003429264818382016,0.0003429264818382016,0.0006857625151659441
2022-12-21,Wednesday,-0.00031297271921126857,0.00031297271921126857,0.0005997912861988031
2022-12-22,Thursday,-0.001662035474069623,0.001662035474069623,-2.6007802340632935e-05
2022-12-23,Friday,0.001444062278467717,0.001444062278467717,-0.004588358678552673
2022-12-27,Tuesday,-0.00013000182002553817,0.00013000182002553817,-0.00013011007312191403
2022-12-28,Wednesday,-7.850936878472936e-05,7.850936878472936e-05,-2.617526960535521e-05
2022-12-29,Thursday,0.0001584367573277401,0.0001584367573277401,0.0010033003300329302
2022-12-30,Friday,-0.0002626947224630971,0.0002626947224630971,0.0004992511233150587
2023-01-03,Tuesday,-0.00023429568114952115,0.00023429568114952115,0.00015619712076642145
2023-01-04,Wednesday,0.00023498694516965735,0.00023498694516965735,-0.00020882276168110447
2023-01-05,Thursday,-0.0018287266837347937,0.0018287266837347937,-0.00047096993641904117
2023-01-06,Friday,0.005672823218997314,0.005672823218997314,-0.0007083267747520772
2023-01-09,Monday,-0.00025644313373496264,0.00025644313373496264,0.0008720855669837047
2023-01-10,Tuesday,2.5920837761539417e-05,2.5920837761539417e-05,0.00045097464952270627
2023-01-11,Wednesday,-0.00017861243652894654,0.00017861243652894654,-0.00030626307998571356
2023-01-12,Thursday,-0.0010660169039823364,0.0010660169039823364,0.006250158794684824
2023-01-13,Friday,-0.00022886204704375412,0.00022886204704375412,0.00022892025944298844
2023-01-17,Tuesday,0.0002765695320945394,0.0002765695320945394,0.00032676452845370463
2023-01-18,Wednesday,0.0020802526379106734,0.0020802526379106734,-0.0037516882597168344
2023-01-19,Thursday,-0.0003091349374001462,0.0003091349374001462,0.0005926002267340191
2023-01-20,Friday,-5.134656363114942e-05,5.134656363114942e-05,0.00015405946695423722
2023-01-23,Monday,-0.00019915347169863207,0.00019915347169863207,-0.0005041593143433332
2023-01-24,Tuesday,-0.00045024763619982977,0.00045024763619982977,-0.0005505229968471026
2023-01-25,Wednesday,-0.0002267173841853376,0.0002267173841853376,-0.001058067766721238
2023-01-26,Thursday,-0.001242822698913737,0.001242822698913737,0.0005226741002539725
2023-01-27,Friday,-0.000990712074303346,0.000990712074303346,0.0017356806347632592
2023-01-30,Monday,-0.00042220290574934705,0.00042220290574934705,-0.0002484780718100543
2023-01-31,Tuesday,0.0027992302116917056,0.0027992302116917056,-0.0014703316968623925
2023-02-01,Wednesday,0.0002220193896933509,0.0002220193896933509,0.0
2023-02-02,Thursday,0.0005078965825815462,0.0005078965825815462,-0.0002417152111381382
2023-02-03,Friday,-0.004852376698935346,0.004852376698935346,0.0011640878886356454
2023-02-06,Monday,-4.880191303491266e-05,4.880191303491266e-05,-0.0014883493961205252
2023-02-07,Tuesday,-0.0001708150317227819,0.0001708150317227819,-0.00046375396631681554
2023-02-08,Wednesday,-0.00016933981662914377,0.00016933981662914377,4.837461300311041e-05
2023-02-09,Thursday,0.000821553703032496,0.000821553703032496,0.0
2023-02-10,Friday,-2.4673081667869745e-05,2.4673081667869745e-05,7.402107133147595e-05
2023-02-13,Monday,-2.446183953030978e-05,2.446183953030978e-05,9.784735812123913e-05
2023-02-14,Tuesday,-0.004399323181049075,0.004399323181049075,0.007063792601223584
2023-02-15,Wednesday,-0.0013625967200350253,0.0013625967200350253,0.00019478938397843315
2023-02-16,Thursday,-0.0016250303177298697,0.0016250303177298697,-0.0011416079669661627
2023-02-17,Friday,-2.4649362813988773e-05,2.4649362813988773e-05,0.0010353242783542882
2023-02-21,Tuesday,0.0006936874442573515,0.0006936874442573515,0.0
2023-02-22,Wednesday,0.00015010131838999463,0.00015010131838999463,0.000450258898866851
2023-02-23,Thursday,-0.0015215764529806775,0.0015215764529806775,-0.00022482014388480742
2023-02-24,Friday,-0.0028923541247485307,0.0028923541247485307,0.00010089290218440183
2023-02-27,Monday,0.00042648202503681176,0.00042648202503681176,0.0005777621746327899
2023-02-28,Tuesday,-0.0004515352197471678,0.0004515352197471678,-0.0006022584692597643
2023-03-01,Wednesday,5.045663252434274e-05,5.045663252434274e-05,-0.0012109286308936706
2023-03-02,Thursday,-0.0011193934922533177,0.0011193934922533177,-0.0006367480006113091
2023-03-03,Friday,-0.00045115043360566265,0.00045115043360566265,0.0005014542172301351
2023-03-06,Monday,-0.00012347508272836372,0.00012347508272836372,0.0002716653083401077
2023-03-07,Tuesday,9.877762686749669e-05,9.877762686749669e-05,0.0004691242191550149
2023-03-08,Wednesday,-7.528230865738728e-05,7.528230865738728e-05,0.0001003487117732238
2023-03-09,Thursday,0.0014323407463248117,0.0014323407463248117,0.0012044867130061032
2023-03-10,Friday,0.0032228360957644586,0.0032228360957644586,0.0026261441574666478
2023-03-13,Monday,0.00026001040041601087,0.00026001040041601087,-0.00163781001403851
2023-03-14,Tuesday,0.0027316067517073606,0.0027316067517073606,-0.0028276908048635585
2023-03-15,Wednesday,0.002284290312532411,0.002284290312532411,-0.00212336216272202
2023-03-16,Thursday,0.0011574074074074403,0.0011574074074074403,-0.00028255843822244664
2023-03-17,Friday,0.0007144862078645176,0.0007144862078645176,-0.0002804619973992839
2023-03-20,Monday,0.0002563116749969563,0.0002563116749969563,0.0
2023-03-21,Tuesday,-0.0002520161290323619,0.0002520161290323619,7.562199087507437e-05
2023-03-22,Wednesday,-0.00017567194519052531,0.00017567194519052531,-5.2706874482333355e-05
2023-03-23,Thursday,0.00030433679939134706,0.00030433679939134706,-0.0007859243484433787
2023-03-24,Friday,2.5639710784064462e-05,2.5639710784064462e-05,-0.0007949941016566209
2023-03-27,Monday,5.023863350905877e-05,5.023863350905877e-05,-2.5109855618321575e-05
2023-03-28,Tuesday,-7.577862537566649e-05,7.577862537566649e-05,-0.0005557660730075575
2023-03-29,Wednesday,7.522756337907666e-05,7.522756337907666e-05,2.5077112119742395e-05
2023-03-30,Thursday,-0.00034701566527861605,0.00034701566527861605,0.0011157670278445497
2023-03-31,Friday,0.001978435057869321,0.001978435057869321,-0.0004441373864980669
2023-04-03,Monday,-0.00026885541229915155,0.00026885541229915155,-9.78808789703356e-05
2023-04-04,Tuesday,-7.279433174811611e-05,7.279433174811611e-05,9.707324176089216e-05
2023-04-05,Wednesday,9.798878028477453e-05,9.798878028477453e-05,-0.0012003625584869893
2023-04-06,Thursday,-0.0005152741994848276,0.0005152741994848276,0.00019639613099631248
2023-04-10,Monday,-9.825837038479612e-05,9.825837038479612e-05,-0.0004668075278856376
2023-04-11,Tuesday,0.00021965684719194023,0.00021965684719194023,0.00014641288433381305
2023-04-12,Wednesday,0.005510313551470247,0.005510313551470247,0.00213354022208212
2023-04-13,Thursday,0.0021783826121009042,0.0021783826121009042,-0.0008548052265232586
2023-04-14,Friday,-0.0008703009790884675,0.0008703009790884675,-0.0009436473178641158
2023-04-17,Monday,-0.00014533123410442883,0.00014533123410442883,-0.00024227740763183014
2023-04-18,Tuesday,0.0001683461196220204,0.0001683461196220204,0.0004785367836075416
2023-04-19,Wednesday,-9.707795359681359e-05,9.707795359681359e-05,-0.0006068403039056758
2023-04-20,Thursday,-0.000486144871171601,0.000486144871171601,-0.0001216101179617457
2023-04-21,Friday,-9.713453132598193e-05,9.713453132598193e-05,-2.428894124506531e-05
2023-04-24,Monday,,,
2023-04-25,Tuesday,-7.298737318439663e-05,7.298737318439663e-05,-0.0003892944038930146
2023-04-26,Wednesday,-0.0005405007001940687,0.0005405007001940687,0.0010816391750043675
2023-04-27,Thursday,-0.0011546493059820806,0.0011546493059820806,-2.459056705861329e-05
2023-04-28,Friday,-0.0008755289654166498,0.0008755289654166498,0.0006817628439250711
2023-05-01,Monday,-0.00021661692500252183,0.00021661692500252183,2.4074341566704405e-05
2023-05-02,Tuesday,2.4117888237640273e-05,2.4117888237640273e-05,0.00043411151842565054
2023-05-03,Wednesday,-9.710623422032327e-05,9.710623422032327e-05,-0.0005341231882297626
2023-05-04,Thursday,0.001107011070110575,0.001107011070110575,0.0002948765204571213
2023-05-05,Friday,-0.0020102966413336754,0.0020102966413336754,0.0002947027186326334
2023-05-08,Monday,4.837227301313085e-05,4.837227301313085e-05,-0.0003144121701696978
2023-05-09,Tuesday,-0.00024297793760330588,0.00024297793760330588,0.0
2023-05-10,Wednesday,0.004628501827040221,0.004628501827040221,-0.00014549334367952582
2023-05-11,Thursday,-0.00014519056261341756,0.00014519056261341756,-0.0007502783290576076
2023-05-12,Friday,7.259703804085582e-05,7.259703804085582e-05,0.0004839099927413937
2023-05-15,Monday,-0.0010895883777239934,0.0010895883777239934,0.0004848484848485324
2023-05-16,Tuesday,-0.0005576703925515014,0.0005576703925515014,-9.707088601451641e-05
2023-05-17,Wednesday,-0.00012148306526071906,0.00012148306526071906,9.720062208407043e-05
2023-05-18,Thursday,0.0001204703392887474,0.0001204703392887474,-0.0009136372379303648
2023-05-19,Friday,0.00016642891107943036,0.00016642891107943036,9.509319132749994e-05
2023-05-22,Monday,-9.544716999132508e-05,9.544716999132508e-05,0.00011932319881635678
2023-05-23,Tuesday,-0.00016750017946465245,0.00016750017946465245,-0.00026328386787943803
2023-05-24,Wednesday,-0.0003875781212149265,0.0003875781212149265,-0.0002181130795142483
2023-05-25,Thursday,0.00012072920439454293,0.00012072920439454293,-0.0005554213957981169
2023-05-26,Friday,-0.0007702676680145792,0.0007702676680145792,-0.0005780486042534783
2023-05-30,Tuesday,-0.00023670880083315193,0.00023670880083315193,4.7351847905829914e-05
2023-05-31,Wednesday,-0.00011951143724453495,0.00011951143724453495,0.00026295030239298356
2023-06-01,Thursday,0.0006213406619668405,0.0006213406619668405,-0.0002866561559409231
2023-06-02,Friday,0.0012988239739291085,0.0012988239739291085,0.0006605331446096763
2023-06-05,Monday,-0.00011684700053748998,0.00011684700053748998,
2023-06-06,Tuesday,-0.00011717285339329919,0.00011717285339329919,-2.3434021512391823e-05
2023-06-07,Wednesday,-2.3336678257157573e-05,2.3336678257157573e-05,0.00021004480955921778
2023-06-08,Thursday,9.375366225250481e-05,9.375366225250481e-05,0.0004686255213459667
2023-06-09,Friday,0.00018639328984160208,0.00018639328984160208,-0.00044255001979831565
2023-06-12,Monday,0.00018569240053856184,0.00018569240053856184,
2023-06-13,Tuesday,0.0014269603443117784,0.0014269603443117784,-0.0010802362729549486
2023-06-14,Wednesday,0.0003886869241145341,0.0003886869241145341,-0.00015997440409531993
2023-06-15,Thursday,0.00048210473151355515,0.00048210473151355515,-0.0002983498955775321
2023-06-16,Friday,0.0,0.0,0.0003394356316896996
2023-06-20,Tuesday,0.000273903814110632,0.000273903814110632,-0.0003422938250194907
2023-06-21,Wednesday,0.0005730659025788842,0.0005730659025788842,-0.0007102110013975649
2023-06-22,Thursday,-9.21446671274806e-05,9.21446671274806e-05,0.001128902200207449
2023-06-23,Friday,-0.00018430631709898115,0.00018430631709898115,0.00011522064754010408
2023-06-26,Monday,2.3084025854158696e-05,2.3084025854158696e-05,0.00023084025854114287
2023-06-27,Tuesday,0.00027786782753680406,0.00027786782753680406,0.00037037037037035425
2023-06-28,Wednesday,-0.00011477893576972154,0.00011477893576972154,-0.00018368424677972506
2023-06-29,Thursday,0.000548258138206803,0.000548258138206803,-0.00018264840182646847
2023-06-30,Friday,0.0009544586855738668,0.0009544586855738668,0.0013385993383288053
2023-07-03,Monday,-0.00013537600685908924,0.00013537600685908924,-0.00013540350243723687
2023-07-05,Wednesday,-3.6224370125736982e-06,3.6224370125736982e-06,-0.00018110200570464752
2023-07-06,Thursday,-0.00019296911359079072,0.00019296911359079072,-0.0007494379215587932
2023-07-07,Friday,0.0007504946441974081,0.0007504946441974081,0.0007270909545340487
2023-07-10,Monday,-2.2798777985499896e-05,2.2798777985499896e-05,
2023-07-11,Tuesday,9.079765742026069e-05,9.079765742026069e-05,0.0005220154334997229
2023-07-12,Wednesday,0.00432978531481143,0.00432978531481143,0.0004041311180960072
2023-07-13,Thursday,0.0007374301675977524,0.0007374301675977524,-0.0008219304715146869
2023-07-14,Friday,0.00011100996869517488,0.00011100996869517488,-0.00013319717621984584
2023-07-17,Monday,0.0004906114803084893,0.0004906114803084893,0.00026749888542121347
2023-07-18,Tuesday,-0.00024406478810745647,0.00024406478810745647,-0.0004882162354090669
2023-07-19,Wednesday,-0.00011007639301674477,0.00011007639301674477,0.00037430917938197084
2023-07-20,Thursday,-0.0002640438312759841,0.0002640438312759841,-0.00030808503146873
2023-07-21,Friday,0.0,0.0,0.00019822915290079735
2023-07-24,Monday,0.00019870181480974303,0.00019870181480974303,-0.00011036309458123394
2023-07-25,Tuesday,-0.00019801108862094186,0.00019801108862094186,0.00011420900908820641
2023-07-26,Wednesday,4.397634072872414e-05,4.397634072872414e-05,0.00013192322068555917
2023-07-27,Thursday,0.0002179693970967289,0.0002179693970967289,0.0009153717062964084
2023-07-28,Friday,0.00015364691937946873,0.00015364691937946873,-0.0001755849172555557
2023-07-31,Monday,-4.370056373736997e-05,4.370056373736997e-05,0.0003715116152014364
2023-08-01,Tuesday,-0.00041676720261463185,0.00041676720261463185,0.00043885634037699184
2023-08-02,Wednesday,-0.00017619204933372323,0.00017619204933372323,-0.0003965107057890549
2023-08-03,Thursday,0.0003566015868770034,0.0003566015868770034,-0.0003351379681012512
2023-08-04,Friday,0.0020925624986085634,0.0020925624986085634,-0.0017105029322908027
2023-08-07,Monday,0.0,0.0,0.000714924039320719
2023-08-08,Tuesday,-0.0002234487073491387,0.0002234487073491387,-0.00013410518316536724
2023-08-09,Wednesday,0.00022237046920170478,0.00022237046920170478,
2023-08-10,Thursday,0.0023862622658341603,0.0023862622658341603,-0.003025920569585061
2023-08-11,Friday,-0.0018614873957117917,0.0018614873957117917,-0.0010560611167285128
2023-08-14,Monday,-0.0009657278893231425,0.0009657278893231425,0.00026979023808992864
2023-08-15,Tuesday,-0.00101041853781203,0.00101041853781203,0.0008316475612497598
2023-08-16,Wednesday,-2.2593253654390466e-05,2.2593253654390466e-05,0.0006777363605556808
2023-08-17,Thursday,0.0002268293789411402,0.0002268293789411402,9.070500464858355e-05
2023-08-18,Friday,-0.00029974636845742086,0.00029974636845742086,-9.225305011639762e-05
2023-08-21,Monday,4.5624600784721636e-05,4.5624600784721636e-05,-0.0007080614991560319
2023-08-22,Tuesday,0.0003621794146275725,0.0003621794146275725,-9.050797601528604e-05
2023-08-23,Wednesday,4.562564161059157e-05,4.562564161059157e-05,0.0004790473800670991
2023-08-24,Thursday,-0.000179779320883533,0.000179779320883533,-0.00026968716289110795
2023-08-25,Friday,0.00013676772281745464,0.00013676772281745464,-0.00022792542280170025
2023-08-28,Monday,0.0,0.0,0.0004301562146253879
2023-08-29,Tuesday,9.05018326620155e-05,9.05018326620155e-05,0.0004977262957852613
2023-08-30,Wednesday,0.0012016823552973843,0.0012016823552973843,-0.0003556029692848295
2023-08-31,Thursday,-0.0004197874549832781,0.0004197874549832781,6.628662335939062e-05
2023-09-01,Friday,0.0010609141543631573,0.0010609141543631573,0.0008170115044052739
2023-09-05,Tuesday,,,-0.00022222222222223476
2023-09-06,Wednesday,-6.692544505415565e-05,6.692544505415565e-05,-0.00029002967226643417
2023-09-07,Thursday,-0.0008125872236978138,0.0008125872236978138,-0.00042810148258298764
2023-09-08,Friday,8.992401420804264e-05,8.992401420804264e-05,0.0002472521297398611
2023-09-11,Monday,0.0,0.0,-0.000267952840300012
2023-09-12,Tuesday,0.0,0.0,0.00024581005586599147
2023-09-13,Wednesday,-0.002825238799946117,0.002825238799946117,0.0015066336856308649
2023-09-14,Thursday,-0.000847779042009722,0.000847779042009722,0.0006028535065978335
2023-09-15,Friday,-0.00013361838588987762,0.00013361838588987762,-0.0003791152492538252
2023-09-18,Monday,-0.00022575911502420443,0.00022575911502420443,6.773996883957523e-05
2023-09-19,Tuesday,-0.0002927664174398048,0.0002927664174398048,-0.0001577002793547999
2023-09-20,Wednesday,-9.011444534567925e-05,9.011444534567925e-05,-6.759344794171618e-05
2023-09-21,Thursday,-0.001309953347275461,0.001309953347275461,0.0002531354274537545
2023-09-22,Friday,-0.00018469778824392602,0.00018469778824392602,-0.00020780900043859685
2023-09-25,Monday,-0.0002329970409375992,0.0002329970409375992,-9.322270905187668e-05
2023-09-26,Tuesday,-0.0005343369575319112,0.0005343369575319112,-0.0006275129569804916
2023-09-27,Wednesday,-0.0001872703012710808,0.0001872703012710808,0.0009129427186964634
2023-09-28,Thursday,0.001524032825322319,0.001524032825322319,0.0006554460544490048
2023-09-29,Friday,0.000997888190109153,0.000997888190109153,-0.0008346471297412394
2023-10-02,Monday,2.3441162681603345e-05,2.3441162681603345e-05,-0.0001640804462987866
2023-10-03,Tuesday,-0.00032918714289087436,0.00032918714289087436,-4.704222039275674e-05
2023-10-04,Wednesday,0.0,0.0,0.00021298750473297545
2023-10-05,Thursday,-0.0009652964166314559,0.0009652964166314559,-0.00117849482640775
2023-10-06,Friday,-0.007208480565371045,0.007208480565371045,-0.002822848467596506
2023-10-09,Monday,-0.00042136804157499874,0.00042136804157499874,-0.00039809849425087585
2023-10-10,Tuesday,0.0004625346901019345,0.0004625346901019345,-0.0003005154996648107
2023-10-11,Wednesday,-0.001995962191428835,0.001995962191428835,0.001080385260786576
2023-10-12,Thursday,-0.000684618895481548,0.000684618895481548,-0.0017579507317183607
2023-10-13,Friday,0.00023049972340039027,0.00023049972340039027,0.0005531100919544674
2023-10-16,Monday,0.0002773540424350074,0.0002773540424350074,-0.00016170016170014012
2023-10-17,Tuesday,-0.0011271882404360056,0.0011271882404360056,-0.00016117148646155322
2023-10-18,Wednesday,0.00023015489424382807,0.00023015489424382807,-0.00027615409398440427
2023-10-19,Thursday,-0.0003948804905810066,0.0003948804905810066,0.0009992795891333728
2023-10-20,Friday,0.0004944433980034191,0.0004944433980034191,0.00028242603968076097
2023-10-23,Monday,-4.76451390046817e-05,4.76451390046817e-05,0.00011910717263385884
2023-10-24,Tuesday,0.00016546898638414298,0.00016546898638414298,7.090187180924801e-05
2023-10-25,Wednesday,0.00011829559703779857,0.00011829559703779857,7.096056957700547e-05
2023-10-26,Thursday,0.000602380608163422,0.000602380608163422,0.001902376766922842
2023-10-27,Friday,-0.00048309178743954906,0.00048309178743954906,0.0009905056410504098
2023-10-30,Monday,0.0,0.0,9.681245008108519e-05
2023-10-31,Tuesday,-0.0006000816110991458,0.0006000816110991458,-4.802497298594943e-05
2023-11-01,Wednesday,0.000935139671502272,0.000935139671502272,0.0019396087258447547
2023-11-02,Thursday,0.0007044734061287805,0.0007044734061287805,-0.00014077567396353352
2023-11-03,Friday,0.003553594239925628,0.003553594239925628,0.0017127647263048829
2023-11-06,Monday,-2.2975301550820504e-05,2.2975301550820504e-05,0.0002757162879396535
2023-11-07,Tuesday,0.0001839841773607631,0.0001839841773607631,-8.922411810707853e-05
2023-11-08,Wednesday,-9.148712318740593e-05,9.148712318740593e-05,
2023-11-09,Thursday,0.00018251089361909223,0.00018251089361909223,-0.0003650134598712773
2023-11-10,Friday,-0.00027578599007171967,0.00027578599007171967,9.195825095398291e-05
2023-11-13,Monday,0.000181768608561228,0.000181768608561228,-0.0003861793235045985
2023-11-14,Tuesday,0.008373802931965768,0.008373802931965768,0.0020031961106483642
2023-11-15,Wednesday,0.0005321035828307341,0.0005321035828307341,-0.0016619393724517373
2023-11-16,Thursday,0.00040063210843777064,0.00040063210843777064,0.00017801909254777648
2023-11-17,Friday,9.07483194960701e-05,9.07483194960701e-05,0.0001106659879153149
2023-11-20,Monday,-4.43961020222261e-05,4.43961020222261e-05,4.4395116537199186e-05
2023-11-21,Tuesday,2.2051202893003108e-05,2.2051202893003108e-05,
2023-11-22,Wednesday,-0.0003957435581741775,0.0003957435581741775,4.3983110485479315e-05
2023-11-24,Friday,-6.589785831956352e-05,6.589785831956352e-05,-6.59050966607122e-05
2023-11-27,Monday,-6.594131223203181e-05,6.594131223203181e-05,-0.0001758473644876135
2023-11-28,Tuesday,6.609822195779991e-05,6.609822195779991e-05,0.00015421899096734748
2023-11-29,Wednesday,0.00041542767185576146,0.00041542767185576146,-0.0007430394685081776
2023-11-30,Thursday,0.00010962508221878942,0.00010962508221878942,-0.00037260273972605784
2023-12-01,Friday,0.0,0.0,-0.00024128627519803825
2023-12-04,Monday,-0.0001748939705304986,0.0001748939705304986,-0.0002842151289899064
2023-12-05,Tuesday,8.782329952139456e-05,8.782329952139456e-05,0.00026343519494198553
2023-12-06,Wednesday,0.0005679460014416104,0.0005679460014416104,0.0008732861758797839
2023-12-07,Thursday,0.0,0.0,-0.00015370427297878297
2023-12-08,Friday,-0.0015518108102200445,0.0015518108102200445,-0.0005254515599343312
2023-12-11,Monday,-6.523015372583707e-05,6.523015372583707e-05,4.349244318802015e-05
2023-12-12,Tuesday,0.0010367618471638362,0.0010367618471638362,-0.00189884343172797
2023-12-13,Wednesday,0.00023664056449534954,0.00023664056449534954,-0.0004086285136676304
2023-12-14,Thursday,-0.00019066988686911035,0.00019066988686911035,2.0553460185590566e-05
2023-12-15,Friday,0.00014861049190084685,0.00014861049190084685,-0.0012969370210778042
2023-12-18,Monday,8.518321826866959e-05,8.518321826866959e-05,8.496718142625426e-05
2023-12-19,Tuesday,4.227793514566258e-05,4.227793514566258e-05,-0.0004861243210111388
2023-12-20,Wednesday,0.0,0.0,
2023-12-21,Thursday,0.0008076857677266069,0.0008076857677266069,0.0010193463441567907
2023-12-22,Friday,-0.00033817344070330435,0.00033817344070330435,-0.0004017168107914859
2023-12-26,Tuesday,-2.108459138061569e-05,2.108459138061569e-05,-0.00018976532354986198
2023-12-27,Wednesday,8.403184807037611e-05,8.403184807037611e-05,-0.0001260398285858333
2023-12-28,Thursday,0.000167665674644768,0.000167665674644768,-0.00037719243100520217
2023-12-29,Friday,4.195070791812583e-05,4.195070791812583e-05,
2024-01-02,Tuesday,0.00010598834128239254,0.00010598834128239254,0.001017380245866839
2024-01-03,Wednesday,-8.491847826086474e-05,8.491847826086474e-05,3.184578149628692e-06
2024-01-04,Thursday,-0.00014919011082692446,0.00014919011082692446,-0.00044762757385852225
2024-01-05,Friday,-0.0022941189082568147,0.0022941189082568147,-2.148920167621693e-05
2024-01-08,Monday,0.0001281531002370606,0.0001281531002370606,-4.270766602609832e-05
2024-01-09,Tuesday,8.465250148148584e-05,8.465250148148584e-05,-0.0003174535988655913
2024-01-10,Wednesday,-0.0001476730939622417,0.0001476730939622417,0.0
2024-01-11,Thursday,-0.003095716198125764,0.003095716198125764,-0.00012588380924405396
2024-01-12,Friday,0.0010933787506046677,0.0010933787506046677,0.00020999580008407293
2024-01-16,Tuesday,0.0003159224936815086,0.0003159224936815086,0.0008843036109065228
2024-01-17,Wednesday,-0.0009728243629059108,0.0009728243629059108,0.0010161095704821488
2024-01-18,Thursday,-0.0005056890012642423,0.0005056890012642423,0.0005059555180773057
2024-01-19,Friday,0.00020876826722338038,0.00020876826722338038,-8.34985909613506e-05
2024-01-22,Monday,-8.258320257659157e-05,8.258320257659157e-05,-0.00045425450641123355
2024-01-23,Tuesday,-0.0001858275520316699,0.0001858275520316699,-1.631489818676446e-05
2024-01-24,Wednesday,-6.149431177626674e-05,6.149431177626674e-05,4.0998729039287696e-05
2024-01-25,Thursday,6.173220569172244e-05,6.173220569172244e-05,0.0012339585389931074
2024-01-26,Friday,3.8977557133001994e-05,3.8977557133001994e-05,-0.0002051660819434309
2024-01-29,Monday,-8.205801501659504e-05,8.205801501659504e-05,-0.00018462295889065672
2024-01-30,Tuesday,2.0394844183480032e-05,2.0394844183480032e-05,-0.0001427493525296697
2024-01-31,Wednesday,0.0005315777636931696,0.0005315777636931696,-0.00014310538689565888
2024-02-01,Thursday,0.0003917606548589081,0.0003917606548589081,-0.0009480626545753656
2024-02-02,Friday,-0.003678114204429983,0.003678114204429983,-0.0004079218421750852
2024-02-05,Monday,4.055314489637141e-05,4.055314489637141e-05,-0.00016158790016829183
2024-02-06,Tuesday,-0.00012166436856198004,0.00012166436856198004,0.0001419619136466821
2024-02-07,Wednesday,-7.266268367511763e-05,7.266268367511763e-05,4.03746770025748e-05
2024-02-08,Thursday,0.0003216726980297402,0.0003216726980297402,-2.010090655091279e-05
2024-02-09,Friday,0.0003805327458441532,0.0003805327458441532,0.0016416416416416002
2024-02-12,Monday,-0.00013966480446925278,0.00013966480446925278,-1.995450373148966e-05
2024-02-13,Tuesday,-0.005025025025024998,0.005025025025024998,-0.00215313411812057
2024-02-14,Wednesday,0.0002619014041944645,0.0002619014041944645,-0.00010071101979980401
2024-02-15,Thursday,0.0008808103455177907,0.0008808103455177907,1.9999200032039255e-05
2024-02-16,Friday,-0.0014527363184080322,0.0014527363184080322,-0.001056387155926708
2024-02-20,Tuesday,8.0355169850721e-05,8.0355169850721e-05,-0.00044387225316389056
2024-02-21,Wednesday,0.00010100193923712197,0.00010100193923712197,-0.00022219977780024713
2024-02-22,Thursday,-0.0001985111662531347,0.0001985111662531347,0.0006154823594815007
2024-02-23,Friday,-0.00017905631419468104,0.00017905631419468104,0.0006297724946862093
2024-02-26,Monday,0.0,0.0,0.0004723293710147125
2024-02-27,Tuesday,0.00015803717824636188,0.00015803717824636188,-3.9501491181259674e-05
2024-02-28,Wednesday,0.0003760365745046901,0.0003760365745046901,0.0005142811931324598
2024-02-29,Thursday,0.002753238521570278,0.002753238521570278,0.001086333919295246
2024-03-01,Friday,-0.00013752996188454158,0.00013752996188454158,-0.0001965022597759658
2024-03-04,Monday,-9.763718023836354e-05,9.763718023836354e-05,7.810974419042438e-05
2024-03-05,Tuesday,-5.877052070679678e-05,5.877052070679678e-05,0.00025469221425500344
2024-03-06,Wednesday,-1.9617074701772097e-05,1.9617074701772097e-05,-0.00017650865873031218
2024-03-07,Thursday,0.00033206367809368587,0.00033206367809368587,1.952552963002674e-05
2024-03-08,Friday,0.0020019436345966035,0.0020019436345966035,-0.0004460908861693147
2024-03-11,Monday,0.0002356519179829153,0.0002356519179829153,0.00021577089054525267
2024-03-12,Tuesday,-0.001561737432894117,0.001561737432894117,0.0036760392632277927
2024-03-13,Wednesday,3.871916986097901e-05,3.871916986097901e-05,-0.0002901833246220509
2024-03-14,Thursday,-0.0018337290327562483,0.0018337290327562483,0.0003287692426703348
2024-03-15,Friday,-0.0005448954968279018,0.0005448954968279018,0.0006035708027489761
2024-03-18,Monday,-0.0003697793001441463,0.0003697793001441463,-0.0003698944827316142
2024-03-19,Tuesday,5.877167205414757e-05,5.877167205414757e-05,0.0006659354434346287
2024-03-20,Wednesday,0.0,0.0,
2024-03-21,Thursday,-3.822264691821786e-05,3.822264691821786e-05,5.7341641500174845e-05
2024-03-22,Friday,-7.671064743797196e-05,7.671064743797196e-05,-1.726125289847058e-05
2024-03-25,Monday,-1.9233728265843908e-05,1.9233728265843908e-05,-1.9234098209253148e-05
2024-03-26,Tuesday,-5.749108888142285e-05,5.749108888142285e-05,-0.00013416644305597192
2024-03-27,Wednesday,0.00023045899750329113,0.00023045899750329113,3.839877123934521e-05
2024-03-28,Thursday,0.0008795579265379327,0.0008795579265379327,-0.0010125905122179146
2024-04-01,Monday,-1.908360527469455e-05,1.908360527469455e-05,-0.0002481247494894312
2024-04-02,Tuesday,-9.610025178252712e-05,9.610025178252712e-05,-0.0005382234780769712
2024-04-03,Wednesday,7.7249903437826e-05,7.7249903437826e-05,0.00038624205789772326
2024-04-04,Thursday,0.0001534036433366026,0.0001534036433366026,0.0005176678106486587
2024-04-05,Friday,-0.0007191448007775048,0.0007191448007775048,0.0008749927083941955
2024-04-08,Monday,-0.000134830594987978,0.000134830594987978,
2024-04-09,Tuesday,-0.00017315017892172158,0.00017315017892172158,
2024-04-10,Wednesday,-0.010470097784949783,0.010470097784949783,-0.002057253760310407
2024-04-11,Thursday,0.004455561635269278,0.004455561635269278,0.0010703096113802157
2024-04-12,Friday,-0.0002710971689710018,0.0002710971689710018,-5.809900069708718e-05
2024-04-15,Monday,-0.0006231621584777969,0.0006231621584777969,0.0024369993568380544
2024-04-16,Tuesday,0.0008535329531051961,0.0008535329531051961,0.00031420035218920894
2024-04-17,Wednesday,0.0005150554675119601,0.0005150554675119601,0.0
2024-04-18,Thursday,0.0008376712738586978,0.0008376712738586978,-0.0008170911554864491
2024-04-19,Friday,-0.00010003801444546934,0.00010003801444546934,0.001100616345153238
2024-04-22,Monday,-8.041494109611858e-05,8.041494109611858e-05,0.00024127877752078142
2024-04-23,Tuesday,0.0001997203914521073,0.0001997203914521073,0.0003993610223642641
2024-04-24,Wednesday,3.945162244800571e-05,3.945162244800571e-05,0.00035502958579880506
2024-04-25,Thursday,-0.0030444731867476094,0.0030444731867476094,-0.0006585643297610799
2024-04-26,Friday,0.0030170968823330924,0.0030170968823330924,-0.0011597279553406947
2024-04-29,Monday,-0.00019659394129656338,0.00019659394129656338,3.924800816368368e-05
2024-04-30,Tuesday,-0.003335295271728489,0.003335295271728489,-0.00011812418789625134
2024-05-01,Wednesday,-0.0001798776831754001,0.0001798776831754001,0.0010395218199628076
2024-05-02,Thursday,-0.00031763047664423727,0.00031763047664423727,0.0005560189046427411
2024-05-03,Friday,0.00634807980443175,0.00634807980443175,7.835455435856176e-05
2024-05-06,Monday,-5.841235226555774e-05,5.841235226555774e-05,0.000253169487234306
2024-05-07,Tuesday,0.0,0.0,0.0
2024-05-08,Wednesday,0.0,0.0,5.8199313248019635e-05
2024-05-09,Thursday,0.0010256013313465484,0.0010256013313465484,0.00021262612595207564
2024-05-10,Friday,-0.00034480116466162336,0.00034480116466162336,-0.00017246004675586235
2024-05-13,Monday,0.0,0.0,0.0002490707744184917
2024-05-14,Tuesday,-0.0027256324618988303,0.0027256324618988303,0.001155179052753308
2024-05-15,Wednesday,0.004543805723667971,0.004543805723667971,-0.0005890288624141871
2024-05-16,Thursday,-0.0007161028926787605,0.0007161028926787605,7.543896045114629e-05
2024-05-17,Friday,-7.559578931448652e-05,7.559578931448652e-05,7.560007559992421e-05
2024-05-20,Monday,0.0,0.0,-0.00013203063110633906
2024-05-21,Tuesday,-9.437523593802677e-05,9.437523593802677e-05,0.0
2024-05-22,Wednesday,3.7702414839690945e-05,3.7702414839690945e-05,
2024-05-23,Thursday,9.365926758442278e-05,9.365926758442278e-05,7.491338140264148e-05
2024-05-24,Friday,0.0003036168355534663,0.0003036168355534663,0.0006068766712814533
2024-05-28,Tuesday,0.0,0.0,-0.0002827894349867188
2024-05-29,Wednesday,0.0,0.0,-0.00036083257368568766
2024-05-30,Thursday,0.0009159606136937004,0.0009159606136937004,0.00020970755328475477
2024-05-31,Friday,0.0013383553524655145,0.0013383553524655145,0.0005345347638501252
2024-06-03,Monday,-3.7830782907977145e-05,3.7830782907977145e-05,-0.0005485359763939268
2024-06-04,Tuesday,,,-1.9017191541181866e-05
2024-06-05,Wednesday,-1.8875759749348298e-05,1.8875759749348298e-05,0.00015102603311234475
2024-06-06,Thursday,-1.869578223145929e-05,1.869578223145929e-05,-0.0006543279117592338
2024-06-07,Friday,-0.004633868345821135,0.004633868345821135,0.00015015015015018562
2024-06-10,Monday,-1.6860879013869123e-05,1.6860879013869123e-05,7.494426020637768e-05
2024-06-11,Tuesday,,,-0.00014976225242413488
2024-06-12,Wednesday,0.006268951020332203,0.006268951020332203,1.8482580168122098e-05
2024-06-13,Thursday,0.0018430801555560095,0.0018430801555560095,0.00014712102543357197
2024-06-14,Friday,0.0003144944963464624,0.0003144944963464624,-0.0005363219411157472
2024-06-17,Monday,9.142857142863114e-05,9.142857142863114e-05,-0.00023964900637829523
2024-06-18,Tuesday,0.00027403266469350207,0.00027403266469350207,-0.0008949281317919278
2024-06-20,Thursday,-0.00014535147804295434,0.00014535147804295434,-0.0006544891576718559
2024-06-21,Friday,7.347808516100507e-05,7.347808516100507e-05,0.0006244719538623933
2024-06-24,Monday,-0.00012843094084824536,0.00012843094084824536,-9.175490429957911e-05
2024-06-25,Tuesday,-0.0002573387497012414,0.0002573387497012414,3.677957997716419e-05
2024-06-26,Wednesday,-1.8369858735822753e-05,1.8369858735822753e-05,-0.00011022117716230628
2024-06-27,Thursday,0.0001651557969684081,0.0001651557969684081,0.0008623853211009447
2024-06-28,Friday,0.0016058394160582967,0.0016058394160582967,-0.0008196721311476418
2024-07-01,Monday,5.50024751115874e-05,5.50024751115874e-05,
2024-07-02,Tuesday,0.0,0.0,5.521811154074463e-05
2024-07-03,Wednesday,-0.00020046288703012838,0.00020046288703012838,-0.00016407189995248928
2024-07-05,Friday,0.0009239130434781639,0.0009239130434781639,-0.0003440159333694126
2024-07-08,Monday,0.0,0.0,7.206168480222708e-05
2024-07-09,Tuesday,7.193209610112383e-05,7.193209610112383e-05,
2024-07-10,Wednesday,-1.7943656917318584e-05,1.7943656917318584e-05,1.7943656917207562e-05
2024-07-11,Thursday,0.0010142890189865916,0.0010142890189865916,0.0010131892353086869
2024-07-12,Friday,8.98311174990507e-05,8.98311174990507e-05,0.0006287952283425824
2024-07-15,Monday,5.3387432598528406e-05,5.3387432598528406e-05,-0.00039144514430100585
2024-07-16,Tuesday,0.0004091507453658494,0.0004091507453658494,0.0004089834094991307
2024-07-17,Wednesday,3.573023671288311e-05,3.573023671288311e-05,0.00016078032048882918
2024-07-18,Thursday,0.00014326647564466555,0.00014326647564466555,7.162554166817436e-05
2024-07-19,Friday,0.000198915009041567,0.000198915009041567,0.000469984273603119
2024-07-22,Monday,1.8091034083456137e-05,1.8091034083456137e-05,-0.00014471780028935122
2024-07-23,Tuesday,9.017295172131234e-05,9.017295172131234e-05,-0.00027058717416794664
2024-07-24,Wednesday,-7.287036362302324e-05,7.287036362302324e-05,-3.6439828732803825e-05
2024-07-25,Thursday,0.0008513000832792716,0.0008513000832792716,-0.0007026107536424187
2024-07-26,Friday,0.00018409764539084605,0.00018409764539084605,-0.001178116486267533
2024-07-29,Monday,0.00042035236493909167,0.00042035236493909167,0.0004567544853291139
2024-07-30,Tuesday,-3.664748781462279e-05,3.664748781462279e-05,0.00021987686895341696
2024-07-31,Wednesday,0.00016426055374063608,0.00016426055374063608,0.0004013939316533932
2024-08-01,Thursday,0.0004878842088145152,0.0004878842088145152,0.00018062931252482706
2024-08-02,Friday,-0.005859048044193904,0.005859048044193904,-0.0015527659813292516
2024-08-05,Monday,-0.0006278079692374483,0.0006278079692374483,-0.0015704134113305734
2024-08-06,Tuesday,-0.0017663773903695557,0.0017663773903695557,-0.0004231989997115493
2024-08-07,Wednesday,0.0002651967191376059,0.0002651967191376059,0.00015185660797789602
2024-08-08,Thursday,0.006548788474132428,0.006548788474132428,-0.00015314521995490882
2024-08-09,Friday,-0.0004533005949570734,0.0004533005949570734,-0.0009070294784581101
2024-08-12,Monday,-0.00022468961242338992,0.00022468961242338992,-0.0005795909209888039
2024-08-13,Tuesday,0.001549953314659236,0.001549953314659236,-0.000559273689901274
2024-08-14,Wednesday,0.001124258173909931,0.001124258173909931,-0.0031472006478449055
2024-08-15,Thursday,0.0029147571035748054,0.0029147571035748054,0.0012246166218858878
2024-08-16,Friday,-0.00034447748205079787,0.00034447748205079787,-0.0013060987555781889
2024-08-19,Monday,0.0,0.0,-3.6041880665305115e-05
2024-08-20,Tuesday,-3.5722578455632537e-05,3.5722578455632537e-05,-0.0001786256542164466
2024-08-21,Wednesday,5.3397624787843156e-05,5.3397624787843156e-05,-0.00044645248852615005
2024-08-22,Thursday,0.0011394996884179776,0.0011394996884179776,-0.0006048100184998795
2024-08-23,Friday,0.0001430666332844499,0.0001430666332844499,0.0002861076837794574
2024-08-26,Monday,,,-0.0002663967179925564
2024-08-27,Tuesday,-7.140944389893988e-05,7.140944389893988e-05,1.7857461740433678e-05
2024-08-28,Wednesday,-1.7816102193091155e-05,1.7816102193091155e-05,0.00010688518749435438
2024-08-29,Thursday,0.0008569133267875007,0.0008569133267875007,-0.0008024823453884888
2024-08-30,Friday,0.00019597363263845757,0.00019597363263845757,-0.0007482629609834035
2024-09-03,Tuesday,0.0,0.0,0.000213911369389308
2024-09-04,Wednesday,1.8182809971456493e-05,1.8182809971456493e-05,-0.0006181593396604734
2024-09-05,Thursday,0.0016365124102191153,0.0016365124102191153,-0.0001997276441216833
2024-09-06,Friday,0.0038299431922299565,0.0038299431922299565,0.001242099879443126
2024-09-09,Monday,0.0002945128573268452,0.0002945128573268452,0.000460066249539981
2024-09-10,Tuesday,-0.00018252505156335364,0.00018252505156335364,3.578664150416522e-05
2024-09-11,Wednesday,-0.004867111451383743,0.004867111451383743,0.0013189712024621603
2024-09-12,Thursday,-0.0007911534657915054,0.0007911534657915054,-0.0005758813684380026
2024-09-13,Friday,-5.3551346816504974e-05,5.3551346816504974e-05,
2024-09-16,Monday,1.7807536149438974e-05,1.7807536149438974e-05,
2024-09-17,Tuesday,-7.076640011316471e-05,7.076640011316471e-05,-0.0005485851811216635
2024-09-18,Wednesday,0.00019520505403636257,0.00019520505403636257,0.00026615564782273005
2024-09-19,Thursday,5.259467040663601e-05,5.259467040663601e-05,-8.765624726070342e-05
2024-09-20,Friday,0.0001934474086839888,0.0001934474086839888,0.00021099643064381723
2024-09-23,Monday,0.0,0.0,7.029753431386787e-05
2024-09-24,Tuesday,-7.01606679295308e-05,7.01606679295308e-05,-0.00043850417455970625
2024-09-25,Wednesday,0.00011890958335936119,0.00011890958335936119,
2024-09-26,Thursday,-8.70034279352172e-05,8.70034279352172e-05,1.7404319752056807e-05
2024-09-27,Friday,0.00045375218150089935,0.00045375218150089935,-0.00019187496729411446
2024-09-30,Monday,,,
2024-10-01,Tuesday,0.0,0.0,-0.0001220894741432721
2024-10-02,Wednesday,8.818342151672987e-05,8.818342151672987e-05,0.00045847293246348286
2024-10-03,Thursday,-0.00014075090608400842,0.00014075090608400842,-0.0004222898668027053
2024-10-04,Friday,0.0010524469391335334,0.0010524469391335334,-0.00017522340984754692
2024-10-07,Monday,8.759942534797283e-05,8.759942534797283e-05,
2024-10-08,Tuesday,-7.021732261347502e-05,7.021732261347502e-05,0.00010531858873075173
2024-10-09,Wednesday,-1.7453834607605856e-05,1.7453834607605856e-05,3.490888780310897e-05
2024-10-10,Thursday,-0.001889015978648989,0.001889015978648989,0.0
2024-10-11,Friday,0.00039293582915544967,0.00039293582915544967,0.00031210986267149465
2024-10-14,Monday,-8.612225915927141e-05,8.612225915927141e-05,
2024-10-15,Tuesday,-6.844275618977935e-05,6.844275618977935e-05,
2024-10-16,Wednesday,-0.00012062726176109706,0.00012062726176109706,1.7234247897457422e-05
2024-10-17,Thursday,-8.545547769622797e-05,8.545547769622797e-05,0.00011965607425512559
2024-10-18,Friday,0.0001712768690589339,0.0001712768690589339,0.00020551816266767275
2024-10-21,Monday,,,0.0003430119882688043
2024-10-22,Tuesday,0.0001541054659282004,0.0001541054659282004,-0.000533168223173841
2024-10-23,Wednesday,1.718213058410356e-05,1.718213058410356e-05,-0.0005841121495328006
2024-10-24,Thursday,0.0002582955934771203,0.0002582955934771203,-0.0001032862233391052
2024-10-25,Friday,6.883852203687368e-05,6.883852203687368e-05,1.7209334342904725e-05
2024-10-28,Monday,8.601410631348116e-05,8.601410631348116e-05,0.0006879944960440643
2024-10-29,Tuesday,5.172681345588792e-05,5.172681345588792e-05,-1.724405511194238e-05
2024-10-30,Wednesday,0.0,0.0,0.00017192469698268376
2024-10-31,Thursday,-0.0004161031935919768,0.0004161031935919768,0.0001040763226365371
2024-11-01,Friday,-0.0010498687664042272,0.0010498687664042272,0.001418712999614602
2024-11-04,Monday,-0.00012242470880396983,0.00012242470880396983,
2024-11-05,Tuesday,0.00017514668534879263,0.00017514668534879263,-3.502074979422343e-05
2024-11-06,Wednesday,-0.0003900023739275005,0.0003900023739275005,0.00020353126749106387
2024-11-07,Thursday,-0.00040498810347444625,0.00040498810347444625,-0.00016881911032329278
2024-11-08,Friday,-8.389120987895016e-05,8.389120987895016e-05,-0.00015103458692045102
2024-11-11,Monday,-6.661781360350894e-05,6.661781360350894e-05,-0.0004996668887408129
2024-11-12,Tuesday,-6.702771370292737e-05,6.702771370292737e-05,0.000518238657260417
2024-11-13,Wednesday,0.002936241610738355,0.002936241610738355,0.00015055202408831292
2024-11-14,Thursday,-0.0005017561465127107,0.0005017561465127107,-0.0009703377779265443
2024-11-15,Friday,-3.384839304754195e-05,3.384839304754195e-05,-0.0008799093016566006
2024-11-18,Monday,0.0002905089032436692,0.0002905089032436692,0.00017080877957109664
2024-11-19,Tuesday,0.00017064846416392498,0.00017064846416392498,-0.0007678525723060492
2024-11-20,Wednesday,-3.380834051780468e-05,3.380834051780468e-05,-0.0004226114003651471
2024-11-21,Thursday,0.00028678914250068743,0.00028678914250068743,0.0008769858670354402
2024-11-22,Friday,-1.6844091092815816e-05,1.6844091092815816e-05,-0.00040431266846363556
2024-11-25,Monday,-0.0001503583540772846,0.0001503583540772846,0.000200507953482143
2024-11-26,Tuesday,5.010522096404735e-05,5.010522096404735e-05,
2024-11-27,Wednesday,0.00019925756995653465,0.00019925756995653465,-0.00028478168928636194
2024-11-29,Friday,-0.00019998333472215357,0.00019998333472215357,-0.00023336444859312078
2024-12-02,Monday,0.0,0.0,-6.637571976164658e-05
2024-12-03,Tuesday,0.0,0.0,0.0
2024-12-04,Wednesday,0.00010500247647349248,0.00010500247647349248,0.00013207640620094274
2024-12-05,Thursday,0.00011524530786966025,0.00011524530786966025,-3.292289458090014e-05
2024-12-06,Friday,0.0013025556471557564,0.0013025556471557564,0.00023049441051048447
2024-12-09,Monday,,,-3.3897156028528386e-05
2024-12-10,Tuesday,1.653193142558962e-05,1.653193142558962e-05,
2024-12-11,Wednesday,0.0012091497855002409,0.0012091497855002409,0.0005962547788065375
2024-12-12,Thursday,8.24538258576979e-05,8.24538258576979e-05,-0.0006430868167204284
2024-12-13,Friday,3.294730079228536e-05,3.294730079228536e-05,1.6473107651737706e-05
2024-12-16,Monday,0.00018148221474301174,0.00018148221474301174,-4.9487801257130926e-05
2024-12-17,Tuesday,0.00028133119300988163,0.00028133119300988163,-6.617586235435624e-05
2024-12-18,Wednesday,-0.0001438896406058543,0.0001438896406058543,
2024-12-19,Thursday,-0.000272239977003208,0.000272239977003208,-8.45723177890223e-05
2024-12-20,Friday,0.0015519381983724045,0.0015519381983724045,0.0012225359873270225
2024-12-23,Monday,-0.00018596473432408445,0.00018596473432408445,-0.0007102993404362046
2024-12-24,Tuesday,0.0,0.0,0.00011754235722816198
2024-12-26,Thursday,0.00015017019288521283,0.00015017019288521283,0.00016688918558060983
2024-12-27,Friday,1.668808303989522e-05,1.668808303989522e-05,-0.00031708945260355836
2024-12-30,Monday,0.00030554046713726635,0.00030554046713726635,-0.0006787253537855475
2024-12-31,Tuesday,0.0,0.0,0.0003897248203876824
2025-01-02,Thursday,-8.467113730259435e-05,8.467113730259435e-05,0.0009994748521964247
2025-01-03,Friday,0.0,0.0,0.00027268853855977326
2025-01-06,Monday,0.00018438432397993587,0.00018438432397993587,0.00020085842666484055
2025-01-07,Tuesday,-0.0002683753228890362,0.0002683753228890362,
2025-01-08,Wednesday,0.0007986134710800119,0.0007986134710800119,-0.0013074558945884718
2025-01-10,Friday,-0.005629251700680182,0.005629251700680182,-0.003418394380159673
2025-01-13,Monday,-0.0003120773951938993,0.0003120773951938993,0.0006590014393978993
2025-01-14,Tuesday,0.005738240043981824,0.005738240043981824,-0.0008370059102866811
2025-01-15,Wednesday,0.006774325988778029,0.006774325988778029,0.0035344695746741817
2025-01-16,Thursday,-5.056378621626223e-05,5.056378621626223e-05,-0.0007781766698689019
2025-01-17,Friday,0.00018473113223382853,0.00018473113223382853,0.0011753248933812355
2025-01-21,Tuesday,0.00021673529951171666,0.00021673529951171666,0.0005000833472246224
2025-01-22,Wednesday,-0.00023083146019953205,0.00023083146019953205,0.0003135779241141279
2025-01-23,Thursday,0.00011555159378673352,0.00011555159378673352,-0.00047861103776070113
2025-01-24,Friday,-4.925703965186212e-05,4.925703965186212e-05,-4.926674658822794e-05
2025-01-27,Monday,-0.0002683483161142197,0.0002683483161142197,-0.000922679461155318
2025-01-28,Tuesday,-9.980205924919883e-05,9.980205924919883e-05,-0.00046582042622578257
2025-01-29,Wednesday,-0.00013259741766535882,0.00013259741766535882,0.00021552796060819723
2025-01-30,Thursday,0.00013259302229218228,0.00013259302229218228,-0.00016568635572844492
2025-01-31,Friday,-0.0001643227239083167,0.0001643227239083167,-0.00019739439399923953
2025-02-03,Monday,0.00040473540422958365,0.00040473540422958365,-0.0006911432520819716
2025-02-04,Tuesday,-0.00021730772445383018,0.00021730772445383018,5.015632053217978e-05
2025-02-05,Wednesday,0.0002001000500249095,0.0002001000500249095,-0.0006334600253383726
2025-02-06,Thursday,-0.0005118045236917057,0.0005118045236917057,
2025-02-07,Friday,-0.0013531353135314284,0.0013531353135314284,0.0012232213700078542
2025-02-10,Monday,-4.965078944751955e-05,4.965078944751955e-05,0.00038068125393087016
2025-02-11,Tuesday,0.00018250597292279735,0.00018250597292279735,
2025-02-12,Wednesday,-0.009397192402972876,0.009397192402972876,0.000466977985323469
2025-02-13,Thursday,-0.0002651772544209896,0.0002651772544209896,0.0015208967869335677
2025-02-14,Friday,-0.00022971531708937398,0.00022971531708937398,0.0004595361966817091
2025-02-18,Tuesday,-0.0001306869231396668,0.0001306869231396668,
2025-02-19,Wednesday,-0.00013109811054856646,0.00013109811054856646,-8.194974841424507e-05
2025-02-20,Thursday,8.180628272236312e-05,8.180628272236312e-05,
2025-02-21,Friday,0.0,0.0,6.630545202734872e-05
2025-02-24,Monday,-1.658182300579014e-05,1.658182300579014e-05,-0.0003316474587512497
2025-02-25,Tuesday,0.00010032102728718684,0.00010032102728718684,-0.00030079085087519886
2025-02-26,Wednesday,-0.00010042177144009568,0.00010042177144009568,0.0002201173903617626
2025-02-27,Thursday,0.0006696465940099205,0.0006696465940099205,-0.0008030381610426574
2025-02-28,Friday,0.0017923162696609207,0.0017923162696609207,-0.00040885860306649757
2025-03-03,Monday,-0.0008380824673147602,0.0008380824673147602,0.0004026507843302163
2025-03-04,Tuesday,0.0010358937173045035,0.0010358937173045035,0.00010347503664731583
2025-03-05,Wednesday,0.0008148687541176258,0.0008148687541176258,0.0005889383520119029
2025-03-06,Thursday,-1.7369856351256985e-05,1.7369856351256985e-05,0.0011112654535352373
2025-03-07,Friday,0.00615255540795645,0.00615255540795645,-0.0022409060904005074
2025-03-10,Monday,-5.282992286825827e-05,5.282992286825827e-05,-0.000792406980224869
2025-03-11,Tuesday,-0.0005873871949589882,0.0005873871949589882,-0.0008904085194286759
2025-03-12,Wednesday,0.00662924351777594,0.00662924351777594,-0.003842204044052444
2025-03-13,Thursday,0.00021523297491032878,0.00021523297491032878,-0.00016123542163071214
2025-03-14,Friday,-0.0001255447746472127,0.0001255447746472127,-0.0001255402715257814
2025-03-17,Monday,0.0006590900993979076,0.0006590900993979076,0.002279811203134585
2025-03-18,Tuesday,-0.00035348804326684746,0.00035348804326684746,0.0005303164221317491
2025-03-19,Wednesday,-0.00019579921680290546,0.00019579921680290546,0.0005335588392378909
2025-03-20,Thursday,-0.00017710085893918315,0.00017710085893918315,0.00017710399546611022
2025-03-21,Friday,0.0,0.0,-0.0007826813953073497
2025-03-24,Monday,-5.2529285076374777e-05,5.2529285076374777e-05,0.00010523551041852208
2025-03-25,Tuesday,0.00022581989994430174,0.00022581989994430174,0.0002604980723142081
2025-03-26,Wednesday,5.213854950558705e-05,5.213854950558705e-05,0.0001216777625199228
2025-03-27,Thursday,0.0006839261514635098,0.0006839261514635098,-0.00035175349115346144
2025-03-28,Friday,-0.0004772257277692038,0.0004772257277692038,-0.00033596802998947517
2025-03-31,Monday,0.0,0.0,0.0008910548998928292
2025-04-01,Tuesday,0.00021574973031279754,0.00021574973031279754,0.0005392579810179488
2025-04-02,Wednesday,0.0005410423794909303,0.0005410423794909303,0.00025228247209474475
2025-04-03,Thursday,0.0003163830546921709,0.0003163830546921709,-0.0011354479525309547
2025-04-04,Friday,-9.554748710105532e-05,9.554748710105532e-05,0.003498040714900119
2025-04-07,Monday,0.0030244984373424266,0.0030244984373424266,-0.0035192856855568166
2025-04-08,Tuesday,-0.00011590171534525684,0.00011590171534525684,-0.0004057265403119015
2025-04-09,Wednesday,0.0003080335140464019,0.0003080335140464019,0.00016425081098825345
2025-04-10,Thursday,0.002654205607476534,0.002654205607476534,-0.0008959235478572802
2025-04-11,Friday,0.0,0.0,0.002159090909090944
2025-04-14,Monday,3.711431578556912e-05,3.711431578556912e-05,0.0007754800590840105
2025-04-15,Tuesday,0.0002795013695569004,0.0002795013695569004,0.0001117713902498707
2025-04-16,Wednesday,-0.00037463005282289963,0.00037463005282289963,0.000440367660148544
2025-04-17,Thursday,-0.0003026233663068201,0.0003026233663068201,0.0017310202614502224
2025-04-21,Monday,-9.597850081599635e-05,9.597850081599635e-05,0.0
2025-04-22,Tuesday,1.9287519046340407e-05,1.9287519046340407e-05,-6.016879661641106e-05
2025-04-23,Wednesday,-1.854186753713627e-05,1.854186753713627e-05,0.0013906142806816568
2025-04-24,Thursday,-0.00031782829793591816,0.00031782829793591816,0.00076684305989283
2025-04-25,Friday,0.00018333486112376285,0.00018333486112376285,0.0007698229407235857
2025-04-28,Monday,0.0,0.0,0.00018171906232966606
2025-04-29,Tuesday,-5.4511756368946784e-05,5.4511756368946784e-05,0.0003633588895752826
2025-04-30,Wednesday,-0.00045367110659455534,0.00045367110659455534,-0.0025592623516174084
2025-05-01,Thursday,-0.0010349380821524923,0.0010349380821524923,0.0009645268459972378
2025-05-02,Friday,0.00249287749287741,0.00249287749287741,-0.00010657193605678739
2025-05-05,Monday,-7.111111111102186e-05,7.111111111102186e-05,-0.000159842113685138
2025-05-06,Tuesday,-0.0003937148788432099,0.0003937148788432099,-0.0003222514635587981
2025-05-07,Wednesday,3.567097096390803e-05,3.567097096390803e-05,-0.00035673536333147293
2025-05-08,Thursday,0.0005474130319620407,0.0005474130319620407,7.059654076946309e-05
2025-05-09,Friday,0.00022969009505624527,0.00022969009505624527,0.0008503518520677211
2025-05-12,Monday,-0.0003017870324274474,0.0003017870324274474,-0.00036070079010652734
2025-05-13,Tuesday,0.0016974435471426297,0.0016974435471426297,-0.0007190672670308595
2025-05-14,Wednesday,0.00011877049598174594,0.00011877049598174594,-5.3690308185805335e-05
2025-05-15,Thursday,0.0008552856654122643,0.0008552856654122643,0.0016929308812470012
2025-05-16,Friday,3.375584398046527e-05,3.375584398046527e-05,-0.000742590967393375
2025-05-19,Monday,-0.00010206164523363093,0.00010206164523363093,1.7013457644932117e-05
2025-05-20,Tuesday,3.3678538351455956e-05,3.3678538351455956e-05,-0.00030309153364305175
2025-05-21,Wednesday,-0.0008647732089868132,0.0008647732089868132,-0.00022062691987845273
2025-05-22,Thursday,0.0008965362666160104,0.0008965362666160104,0.0006202191440973781
2025-05-23,Friday,0.00034751785372977295,0.00034751785372977295,-0.0003997012229015606
2025-05-27,Tuesday,-5.108817819554634e-05,5.108817819554634e-05,0.00011938214206619335
2025-05-28,Wednesday,-8.45222800729406e-05,8.45222800729406e-05,5.071936972722568e-05
2025-05-29,Thursday,0.0008948017085648186,0.0008948017085648186,0.0002698691134799258
2025-05-30,Friday,0.0009028960817716314,0.0009028960817716314,0.00127631332641287
2025-06-02,Monday,-1.7030842856424755e-05,1.7030842856424755e-05,0.0002723046269648144
2025-06-03,Tuesday,-0.0003038795286491869,0.0003038795286491869,-0.00021952043228634643
2025-06-04,Wednesday,0.0005538306620793687,0.0005538306620793687,-0.00020126798832642567
2025-06-05,Thursday,-0.001140269975685504,0.001140269975685504,0.0006882312456986117
2025-06-06,Friday,0.0015607955022236553,0.0015607955022236553,0.0011017783456566121
2025-06-09,Monday,0.00014998000266608358,0.00014998000266608358,-0.00016662223407093446
2025-06-10,Tuesday,-0.00014985763524655304,0.00014985763524655304,-8.326394671098747e-05
2025-06-11,Wednesday,0.004363696698191477,0.004363696698191477,-0.0003964321110010438
2025-06-12,Thursday,1.6711509216449372e-05,1.6711509216449372e-05,0.0007185108445006971
2025-06-13,Friday,-0.00015033072760062272,0.00015033072760062272,0.00033413525795245036
2025-06-16,Monday,0.0001497005988022604,0.0001497005988022604,-0.00083146254261246
2025-06-17,Tuesday,-0.00036642238507667013,0.00036642238507667013,-1.6661112962279567e-05
2025-06-18,Wednesday,-0.0003174284950546724,0.0003174284950546724,0.00024797807633158975
2025-06-20,Friday,6.535728649947892e-05,6.535728649947892e-05,0.0014244536801180097
2025-06-23,Monday,5.049654940236792e-05,5.049654940236792e-05,0.000555452693945524
2025-06-24,Tuesday,-9.926215134181682e-05,9.926215134181682e-05,-3.309121593675357e-05
2025-06-25,Wednesday,-0.00013223684210539322,0.00013223684210539322,-0.00019739439399923953
2025-06-26,Thursday,-0.0005415162454872613,0.0005415162454872613,-0.0007224484434519285
2025-06-27,Friday,-0.0003745989348361567,0.0003745989348361567,-0.00029325990974105043
2025-06-30,Monday,-3.2399157621876284e-05,3.2399157621876284e-05,-0.0002591974598648017
2025-07-01,Tuesday,0.0004385665806094785,0.0004385665806094785,0.0002758978853238947
2025-07-02,Wednesday,-9.717543405041162e-05,9.717543405041162e-05,-0.0006479726555539411
2025-07-03,Thursday,0.0005146763168477619,0.0005146763168477619,0.0007072817874937964
2025-07-07,Monday,-6.408202499208482e-05,6.408202499208482e-05,0.00014578427131906047
2025-07-08,Tuesday,-8.222822726078327e-05,8.222822726078327e-05,-0.00020940298260041512
2025-07-09,Wednesday,-1.607717041796075e-05,1.607717041796075e-05,-9.647077739383114e-05
2025-07-10,Thursday,0.00024042699834914139,0.00024042699834914139,-0.00038457840592232007
2025-07-11,Friday,-0.00022495741877426312,0.00022495741877426312,0.0006107459136277527
2025-07-14,Monday,0.0,0.0,-0.0005142379636176031
2025-07-15,Tuesday,0.001435750179468842,0.001435750179468842,-0.00030269236896618423
2025-07-16,Wednesday,0.0010602579961123126,0.0010602579961123126,0.00016047758128201473
2025-07-17,Thursday,0.00041650647186974865,0.00041650647186974865,-0.0006885177653594976
2025-07-18,Friday,-0.00022250850908167585,0.00022250850908167585,0.00015908114729334955
2025-07-21,Monday,4.7688688243008315e-05,4.7688688243008315e-05,-6.342495722788666e-05
2025-07-22,Tuesday,-1.6053915724789647e-05,1.6053915724789647e-05,1.589673481072751e-05
2025-07-23,Wednesday,-3.167513976654046e-05,3.167513976654046e-05,-0.00030093765838834496
2025-07-24,Thursday,-0.0003781850270244691,0.0003781850270244691,-0.00028360632478374725
2025-07-25,Friday,6.295544328493996e-05,6.295544328493996e-05,4.7210638130401605e-05
2025-07-28,Monday,-3.1334701615315375e-05,3.1334701615315375e-05,-0.00014101057579318788
2025-07-29,Tuesday,6.266842138269446e-05,6.266842138269446e-05,4.699984333389473e-05
2025-07-30,Wednesday,-1.572574304131713e-05,1.572574304131713e-05,-1.5726979633590155e-05
2025-07-31,Thursday,0.0006249023590063629,0.0006249023590063629,-0.0006089278186331981
2025-08-01,Friday,-0.000941694731297682,0.000941694731297682,-0.0006710015496940169
2025-08-04,Monday,0.0002877007911772367,0.0002877007911772367,-0.0002556645680867886
2025-08-05,Tuesday,4.745859237820227e-05,4.745859237820227e-05,-0.0002847425452818797
2025-08-06,Wednesday,,,0.0004611225950073017
2025-08-07,Thursday,0.0005814958588066244,0.0005814958588066244,-0.0003612489790788542
2025-08-08,Friday,-6.310840446188681e-05,6.310840446188681e-05,-1.5776852213544856e-07
2025-08-11,Monday,-0.00021942541886743605,0.00021942541886743605,0.00012542920305436134
2025-08-12,Tuesday,0.0027335281364879727,0.0027335281364879727,0.0003290040577168529
2025-08-13,Wednesday,4.656866549712646e-05,4.656866549712646e-05,0.00031046258925782055
2025-08-14,Thursday,-0.003457793214662108,0.003457793214662108,-0.0010426230528625124
2025-08-15,Friday,0.00040257025625134446,0.00040257025625134446,-9.285625851174206e-05
2025-08-18,Monday,-0.00013998195788100798,0.00013998195788100798,-0.00017423228897683884
2025-08-19,Tuesday,-0.0001399101465947572,0.0001399101465947572,-7.773873565708467e-05
2025-08-20,Wednesday,0.00010952902519156815,0.00010952902519156815,-0.0003765408923097624
2025-08-21,Thursday,0.00045625462154452734,0.00045625462154452734,0.0006447047723876498
2025-08-22,Friday,0.0,0.0,-0.00029805324172127445
2025-08-25,Monday,-7.772544264628145e-05,7.772544264628145e-05,0.00015546055188497832
2025-08-26,Tuesday,0.00031158957421295597,0.00031158957421295597,0.0002178855877950081
2025-08-27,Wednesday,0.0,0.0,-0.00038727867023991003
2025-08-28,Thursday,0.00032480086613562165,0.00032480086613562165,0.0005102040816327147
2025-08-29,Friday,0.0011934643954938373,0.0011934643954938373,-0.0004938881343374835
2025-09-02,Tuesday,-7.82962730975223e-05,7.82962730975223e-05,-1.5659499835507518e-05
2025-09-03,Wednesday,-0.00045102491523840715,0.00045102491523840715,-0.0006379535694279737
2025-09-04,Thursday,-6.207035674932193e-05,6.207035674932193e-05,-0.0005585725368503214
2025-09-05,Friday,-0.0007466305410377405,0.0007466305410377405,0.0023565289714444493
2025-09-08,Monday,0.0,0.0,0.00020052135552450778
2025-09-09,Tuesday,-0.00015394562640480558,0.00015394562640480558,
2025-09-10,Wednesday,0.00179332331933435,0.00179332331933435,0.0007955814629518887
2025-09-11,Thursday,0.001009591115598063,0.001009591115598063,-0.003055674387337337
2025-09-12,Friday,-0.00021290832775711088,0.00021290832775711088,0.0
2025-09-15,Monday,-6.068421451865813e-05,6.068421451865813e-05,0.00025765139674982507
2025-09-16,Tuesday,-3.204498390196875e-05,3.204498390196875e-05,0.00022613217244105144
2025-09-17,Wednesday,0.00015355697372987365,0.00015355697372987365,-9.093802573534315e-05
2025-09-18,Thursday,-0.00024088041792746928,0.00024088041792746928,-0.0005629065373355946
2025-09-19,Friday,4.531448250877368e-05,4.531448250877368e-05,-0.00019890353858009746
2025-09-22,Monday,1.5118529269386727e-05,1.5118529269386727e-05,0.00013606470632687717
2025-09-23,Tuesday,-0.00015000600024006605,0.00015000600024006605,0.0004051012753187866
2025-09-24,Wednesday,1.505275992341737e-05,1.505275992341737e-05,-6.021194605021485e-05
2025-09-25,Thursday,0.0002885345482157575,0.0002885345482157575,-0.00039472885164271165
2025-09-26,Friday,0.0012289485662266841,0.0012289485662266841,0.00043944720572208773
2025-09-29,Monday,9.022420715476542e-05,9.022420715476542e-05,0.0002100656165591186
2025-09-30,Tuesday,9.053870529651675e-05,9.053870529651675e-05,0.00025655343102481964
2025-10-01,Wednesday,-0.00018085362912945158,0.00018085362912945158,-0.00012056726900055992
2025-10-02,Thursday,-4.62389119836315e-05,4.62389119836315e-05,4.4749403341315386e-05
2025-10-03,Friday,0.0001469688605062469,0.0001469688605062469,-0.00025360264940188504
2025-10-06,Monday,-0.00011909724289893564,0.00011909724289893564,-0.00010423336361076174
2025-10-07,Tuesday,-0.00013392458557781595,0.00013392458557781595,0.00022323753962472104
2025-10-08,Wednesday,-7.463466332291446e-05,7.463466332291446e-05,-7.464134832124714e-05
2025-10-09,Thursday,-0.00014851779243152397,0.00014851779243152397,-1.4853323431096577e-05
2025-10-10,Friday,0.0001337598571640175,0.0001337598571640175,7.439037091039324e-05
2025-10-13,Monday,0.00031799391268805266,0.00031799391268805266,0.0004389882078683627
2025-10-14,Tuesday,-0.00015210744870164383,0.00015210744870164383,-0.0005020080321286313
2025-10-15,Wednesday,-0.00016489281966725056,0.00016489281966725056,0.00038982847547086585
2025-10-16,Thursday,-0.00023970755678071054,0.00023970755678071054,0.0007043942209699061
2025-10-17,Friday,0.000226887449294777,0.000226887449294777,-0.000620488218290749
2025-10-20,Monday,0.00013654847470845333,0.00013654847470845333,1.5002175315359523e-05
2025-10-21,Tuesday,-5.9550394521434846e-05,5.9550394521434846e-05,-0.00037223429915722583
2025-10-22,Wednesday,-0.00026795682917746255,0.00026795682917746255,0.00016375383332833948
2025-10-23,Thursday,-0.0005547725432573092,0.0005547725432573092,-0.0001200174025234313
2025-10-24,Friday,0.004853072128228053,0.004853072128228053,-0.0014029387875654775
2025-10-27,Monday,-0.0002768464117628433,0.0002768464117628433,-1.4651370635720973e-05
2025-10-28,Tuesday,3.643411982556799e-06,3.643411982556799e-06,-0.00027482351405139216
2025-10-29,Wednesday,-2.9040220705822684e-05,2.9040220705822684e-05,-0.00025410008639414894
2025-10-30,Thursday,0.00017524899962029217,0.00017524899962029217,0.0003796451777762222
2025-10-31,Friday,0.0001894215357716167,0.0001894215357716167,-0.0003496707267323096
2025-11-03,Monday,0.000497235953084374,0.000497235953084374,0.0002338805162911406
2025-11-04,Tuesday,-1.4798153190498375e-05,1.4798153190498375e-05,-0.00011838697743249416
2025-11-05,Wednesday,-0.00013328791670985662,0.00013328791670985662,-0.0002517958972079182
2025-11-06,Thursday,0.00011731969971462419,0.00011731969971462419,-2.9436872626575905e-05
2025-11-07,Friday,0.0005094472497340075,0.0005094472497340075,5.990804115674209e-05
2025-11-10,Monday,7.381490175228933e-05,7.381490175228933e-05,0.00014659639488012743
2025-11-11,Tuesday,0.0002676739487028623,0.0002676739487028623,0.00025006987246456447
2025-11-12,Wednesday,-2.9190688170421808e-05,2.9190688170421808e-05,-6.202998602500287e-05
2025-11-13,Thursday,5.8654466537522154e-05,5.8654466537522154e-05,-0.0013489736070381175
2025-11-14,Friday,-0.0004210779595766878,0.0004210779595766878,-0.0004813767374690636
2025-11-17,Monday,-0.0005063969854484096,0.0005063969854484096,-0.00038370412314303604
2025-11-18,Tuesday,0.0006645521824497624,0.0006645521824497624,0.00027228150164138043
2025-11-19,Wednesday,0.00018117036052900382,0.00018117036052900382,-0.000377369882864409
2025-11-20,Thursday,0.002102657401055863,0.002102657401055863,-0.00023808106660316852
2025-11-21,Friday,0.0007327461187351947,0.0007327461187351947,-0.00018306077617769034
2025-11-24,Monday,6.029908345395185e-05,6.029908345395185e-05,-0.0002864033765449525
2025-11-25,Tuesday,0.000194142859276214,0.000194142859276214,-0.0009673710147091175
2025-11-26,Wednesday,0.0,0.0,-0.00011814744801519339
2025-11-28,Friday,-0.00027873133233569103,0.00027873133233569103,0.00013207131851178389
2025-12-01,Monday,-2.9461589452717263e-05,2.9461589452717263e-05,7.365288866623132e-05
2025-12-02,Tuesday,-8.797009016925372e-05,8.797009016925372e-05,0.0
2025-12-03,Wednesday,-0.00014630363857148776,0.00014630363857148776,-1.4632504645839539e-05
2025-12-04,Thursday,-7.304815334274739e-05,7.304815334274739e-05,-0.00011397210313612849
2025-12-05,Friday,-0.00011668951836407704,0.00011668951836407704,-0.0003938903234277369
2025-12-08,Monday,-0.0002765929570697212,0.0002765929570697212,-0.00013105014852354824
2025-12-09,Tuesday,-5.850005850005502e-05,5.850005850005502e-05,-0.0008189289579130232
2025-12-10,Wednesday,0.00016095519592629337,0.00016095519592629337,-0.00045297621172601943
2025-12-11,Thursday,-0.0001459278824404997,0.0001459278824404997,-0.0004962127293159924
2025-12-12,Friday,4.3552742371000264e-05,4.3552742371000264e-05,-0.0001887121124143354
2025-12-15,Monday,4.379370246554437e-05,4.379370246554437e-05,-1.4159550397740972e-05
2025-12-16,Tuesday,0.0017637980451237212,0.0017637980451237212,-8.802946052621774e-05
2025-12-17,Wednesday,-1.4692702134833091e-05,1.4692702134833091e-05,0.0
2025-12-18,Thursday,0.0015266722990501247,0.0015266722990501247,2.9598934438324065e-05
2025-12-19,Friday,0.0,0.0,-8.883624518796207e-05
2025-12-22,Monday,-5.8512894779094715e-05,5.8512894779094715e-05,-4.3886597033360175e-05
2025-12-23,Tuesday,-0.0001752669169088339,0.0001752669169088339,0.0001184808332050924
2025-12-24,Wednesday,0.00018895348837211223,0.00018895348837211223,-0.00021870851531791136
2025-12-26,Friday,4.345370008262961e-05,4.345370008262961e-05,0.0002896871378912369
2025-12-29,Monday,0.0,0.0,-0.00011621825788832307
2025-12-30,Tuesday,-0.00010177377144504618,0.00010177377144504618,-5.816405170799843e-05
2025-12-31,Wednesday,5.826232612338167e-05,5.826232612338167e-05,2.7674604908600742e-05
2026-01-02,Friday,-1.4582148533781591e-05,1.4582148533781591e-05,-0.0001894221094536075
2026-01-05,Monday,0.0002760937842378741,0.0002760937842378741,0.0003943160077695129
2026-01-06,Tuesday,0.0,0.0,0.00027628326305073614
2026-01-07,Wednesday,0.0001300672013873072,0.0001300672013873072,-0.00021659971678744672
2026-01-08,Thursday,0.0002176531189692632,0.0002176531189692632,-0.0005802735990020347
2026-01-09,Friday,0.0002748802824033003,0.0002748802824033003,0.0007811030911430983
2026-01-12,Monday,5.791645551300739e-05,5.791645551300739e-05,-0.0001298683060091399
2026-01-13,Tuesday,0.003297573619410965,0.003297573619410965,-4.3057050592043566e-05
2026-01-14,Wednesday,-0.0007517057939169236,0.0007517057939169236,-0.00027484052017179295
2026-01-15,Thursday,-0.0002740358265787002,0.0002740358265787002,0.0004905426267114432
2026-01-16,Friday,0.0003317180108457496,0.0003317180108457496,-0.0005623161658688813
2026-01-20,Tuesday,-7.331378299113567e-05,7.331378299113567e-05,-0.0012464622468580933
2026-01-21,Wednesday,-5.9123494198454196e-05,5.9123494198454196e-05,-0.00023651145602365808
2026-01-22,Thursday,8.705240554807148e-05,8.705240554807148e-05,-4.3523676880208306e-05
2026-01-23,Friday,0.0001454630087567299,0.0001454630087567299,7.271881090198384e-05
2026-01-26,Monday,-5.8043358388659705e-05,5.8043358388659705e-05,-0.00011595340327585912
2026-01-27,Tuesday,1.4400921658941357e-05,1.4400921658941357e-05,-5.5152487989262866e-05
2026-01-28,Wednesday,-7.175248263602274e-05,7.175248263602274e-05,4.305272523752457e-05
2026-01-29,Thursday,-0.0002152389151958145,0.0002152389151958145,0.0003875134553283921
2026-01-30,Friday,-0.0007521407081694242,0.0007521407081694242,-0.00017109650277014055
2026-02-02,Monday,0.00017424385427400324,0.00017424385427400324,-0.0006388106507156932
2026-02-03,Tuesday,-0.0001434123535399845,0.0001434123535399845,0.0001577830053358653
2026-02-04,Wednesday,-0.000217205577839219,0.000217205577839219,0.0006517677389452636
2026-02-05,Thursday,-0.0004252137065438033,0.0004252137065438033,0.0016572073855720681
2026-02-06,Friday,0.0006014552282596064,0.0006014552282596064,-0.00041050903119876914
2026-02-09,Monday,-0.0002461378082151411,0.0002461378082151411,-0.0002751708956089116
2026-02-10,Tuesday,-0.00046123466755065845,0.00046123466755065845,0.0008146610145054467
2026-02-11,Wednesday,0.001168291697917212,0.001168291697917212,0.002132104012101177
2026-02-12,Thursday,7.20585692048914e-05,7.20585692048914e-05,0.0007061536244414857
2026-02-13,Friday,0.003174883146661811,0.003174883146661811,-0.000586063412061133
2026-02-17,Tuesday,0.00013253420118686243,0.00013253420118686243,-0.0005889801808168782
2026-02-18,Wednesday,0.00035010430190651753,0.00035010430190651753,-0.0006124323772582763
2026-02-19,Thursday,-0.0005702421335828101,0.0005702421335828101,0.000760801182168036
2026-02-20,Friday,-0.001343752282187971,0.001343752282187971,-0.0011114523464805792
2026-02-23,Monday,0.00010195907071586241,0.00010195907071586241,-0.0004077768877884802
2026-02-24,Tuesday,0.00032216966626164023,0.00032216966626164023,-0.00042452899240230657
2026-02-25,Wednesday,-7.250159503502385e-05,7.250159503502385e-05,-6.801931806632577e-05
2026-02-26,Thursday,-1.4413583360961546e-05,1.4413583360961546e-05,0.00033152197414132445
2026-02-27,Friday,-0.0008770647566145318,0.0008770647566145318,-0.0005413155430711303
2026-03-02,Monday,-0.00027946519187505015,0.00027946519187505015,0.00025015082623336404
2026-03-03,Tuesday,-0.0006472130930247344,0.0006472130930247344,-0.00025164308129543844
2026-03-04,Wednesday,-0.00019048456342407594,0.00019048456342407594,0.00036645070505114674
2026-03-05,Thursday,-0.00029243186337568616,0.00029243186337568616,-0.0005704590000877863
2026-03-06,Friday,-0.004218351303116541,0.004218351303116541,0.0024584215748706395
2026-03-09,Monday,-0.0001798776831754001,0.0001798776831754001,-0.0011995621598116513
2026-03-10,Tuesday,-0.0007695267410542384,0.0007695267410542384,0.0012319495253187984
2026-03-11,Wednesday,5.907721391862353e-05,5.907721391862353e-05,-0.0019956286089820585
2026-03-12,Thursday,-0.0008775844117208109,0.0008775844117208109,0.00018966235931627828
2026-03-13,Friday,0.0008221717292513642,0.0008221717292513642,-0.0004779614942270749
2026-03-16,Monday,0.00029927127444673296,0.00029927127444673296,4.48779320247894e-05
2026-03-17,Tuesday,4.476008593923275e-05,4.476008593923275e-05,0.0008205281217366078
2026-03-18,Wednesday,-0.0014902241297091168,0.0014902241297091168,-0.0009402985074626891
2026-03-19,Thursday,-0.0005169137210186969,0.0005169137210186969,0.0004410914732455584
2026-03-20,Friday,-0.0003350491913131082,0.0003350491913131082,-0.00018283485441772385
2026-03-23,Monday,-0.00031880493692226786,0.00031880493692226786,-0.0007168898737748286
2026-03-24,Tuesday,-0.00029037335900850003,0.00029037335900850003,-0.0012996147024645355
2026-03-25,Wednesday,-0.00100811371145626,0.00100811371145626,0.00016739712685653885
2026-03-26,Thursday,-0.0005985450750483068,0.0005985450750483068,-0.0008599376545201931
2026-03-27,Friday,0.0,0.0,-0.0007155635062612298
2026-03-30,Monday,0.00035971785608168716,0.00035971785608168716,-6.253028810843109e-05
2026-03-31,Tuesday,-0.0003285202509270002,0.0003285202509270002,0.0008607064052204016
2026-04-01,Wednesday,-4.5817615345833396e-05,4.5817615345833396e-05,-0.00018329005651440688
2026-04-02,Thursday,-1.549546757573239e-05,1.549546757573239e-05,0.0003254199466928842
2026-04-06,Monday,1.5236470014556858e-05,1.5236470014556858e-05,0.0007771783852976721
2026-04-07,Tuesday,0.0,0.0,-0.0007008455854347062
2026-04-08,Wednesday,0.00016260162601633432,0.00016260162601633432,0.00013301606538473898
2026-04-09,Thursday,-0.00014830634157925182,0.00014830634157925182,-7.417077078253342e-05
2026-04-10,Friday,-4.40095647453731e-05,4.40095647453731e-05,-0.0008224282612523393
2026-04-13,Monday,7.404774598662733e-05,7.404774598662733e-05,0.0004590416395189312
2026-04-14,Tuesday,-0.0002615176742361003,0.0002615176742361003,1.4532560201008238e-05
2026-04-15,Wednesday,0.00015397620873125462,0.00015397620873125462,0.00043076822926590985
2026-04-16,Thursday,-8.560666590562427e-05,8.560666590562427e-05,0.0004220925344415871
2026-04-17,Friday,0.0005528307770816809,0.0005528307770816809,-0.0004817296929680026
2026-04-20,Monday,0.00018385212632043846,0.00018385212632043846,0.00011311737341457295
2026-04-21,Tuesday,-0.00011441721577098996,0.00011441721577098996,0.0001824853435308249
2026-04-22,Wednesday,-0.0002539037704709646,0.0002539037704709646,0.0002976820304454453
2026-04-23,Thursday,-8.448681301653771e-05,8.448681301653771e-05,-0.00026753027316261946
2026-04-24,Friday,-0.00029501011463251015,0.00029501011463251015,-0.0004624405140044585
2026-04-27,Monday,-8.410075270171014e-05,8.410075270171014e-05,0.00013316885811209822
2026-04-28,Tuesday,-4.226661782524843e-05,4.226661782524843e-05,0.0003522615189517353
2026-04-29,Wednesday,-0.0006322533509428574,0.0006322533509428574,-0.0007591413268104308
2026-04-30,Thursday,-0.00016069756717862482,0.00016069756717862482,-0.001159914473776169
2026-05-01,Friday,-0.00011089548100906566,0.00011089548100906566,0.0
2026-05-04,Monday,-5.554475518643187e-05,5.554475518643187e-05,-3.6803510915950355e-05
2026-05-05,Tuesday,-0.00015243902439021628,0.00015243902439021628,-6.929430677971027e-05
2026-05-06,Wednesday,0.0,0.0,-8.227631127866175e-05
2026-05-07,Thursday,2.6665200987485704e-05,2.6665200987485704e-05,0.0002851543942345991
2026-05-08,Friday,0.00013596193065934514,0.00013596193065934514,0.0006825906087712941
2026-05-11,Monday,-4.072048104453163e-05,4.072048104453163e-05,0.00013912831023565886
2026-05-12,Tuesday,-0.00044819296744480486,0.00044819296744480486,0.000420113947076306
2026-05-13,Wednesday,-0.001717608872058407,0.001717608872058407,-0.0002167786689790674
2026-05-14,Thursday,9.394081728508752e-05,9.394081728508752e-05,-0.00013419396395553118
2026-05-15,Friday,-0.0007030067056024158,0.0007030067056024158,0.00032469289463721296
2026-05-18,Monday,-0.00035226533709076246,0.00035226533709076246,0.0013553992328441122
2026-05-19,Tuesday,5.424659769137641e-05,5.424659769137641e-05,0.0003670772493677976
2026-05-20,Wednesday,-0.00027122321670725036,0.00027122321670725036,0.0006558809186130166
2026-05-21,Thursday,2.7067262146518445e-05,2.7067262146518445e-05,0.0010557518171114832
2026-05-22,Friday,-1.3410038754990694e-05,1.3410038754990694e-05,0.00019445468870493698
2026-05-26,Tuesday,-0.00018638088264655295,0.00018638088264655295,0.00018641810918773594
2026-05-27,Wednesday,-1.3274571232235743e-06,1.3274571232235743e-06,-0.0006094848372890649
2026-05-28,Thursday,0.0003203331464722847,0.0003203331464722847,3.0150619688473768e-05
2026-05-29,Friday,-1.32271633025427e-05,1.32271633025427e-05,-0.0003439153439153131
2026-06-01,Monday,-0.00013191567949755179,0.00013191567949755179,-7.916611690184094e-05
2026-06-02,Tuesday,-0.00015848488450409537,0.00015848488450409537,7.779788400319454e-05
2026-06-03,Wednesday,-0.00030324605120901627,0.00030324605120901627,-0.00010550331676040248
2026-06-04,Thursday,0.0001266546930087653,0.0001266546930087653,-6.65141276008363e-05
2026-06-05,Friday,-6.637902422823583e-05,6.637902422823583e-05,-0.0008762612851833662
2026-06-08,Monday,0.000349735008474239,0.000349735008474239,-9.412524035556924e-05
2026-06-09,Tuesday,0.0004315606515852277,0.0004315606515852277,0.0007003084050476449
2026-06-10,Wednesday,0.001257328723127893,0.001257328723127893,0.0006959227116423161
2026-06-11,Thursday,-8.229662446690433e-05,8.229662446690433e-05,-0.001824442036241991
2026-06-12,Friday,0.0003509529723018101,0.0003509529723018101,-0.00037781675887194055
2026-06-15,Monday,0.00022640705324561416,0.00022640705324561416,-0.0001730887013021709
2026-06-16,Tuesday,-3.976775630309959e-05,3.976775630309959e-05,0.00010604313304440893
2026-06-17,Wednesday,0.0006394032236578528,0.0006394032236578528,-0.00011981468661792505
2026-06-18,Thursday,0.00012071463061325005,0.00012071463061325005,-2.6824753883047947e-05
2026-06-22,Monday,-2.6746192010929093e-05,2.6746192010929093e-05,0.0002674869600105545
2026-06-23,Tuesday,0.00016335198268468964,0.00016335198268468964,-0.001211395282364136
2026-06-24,Wednesday,-6.785365324057935e-05,6.785365324057935e-05,-0.00046150504940822845
2026-06-25,Thursday,0.0023037727666956886,0.0023037727666956886,-0.0005272978015737895
2026-06-26,Friday,1.369075326529412e-05,1.369075326529412e-05,-0.0005886540357026293
2026-06-29,Monday,1.356502394234127e-05,1.356502394234127e-05,0.00042054997083296186
2026-06-30,Tuesday,0.0,0.0,-0.00024294120822754284
2026-07-01,Wednesday,-0.00025493432086831636,0.00025493432086831636,-0.0008454446636337876
2026-07-02,Thursday,0.0022605671482074374,0.0022605671482074374,-0.000533838700636613
2026-07-06,Monday,0.00010695473140986955,0.00010695473140986955,-0.00017378982126381448
2026-07-07,Tuesday,6.662225183196036e-05,6.662225183196036e-05,-0.0001998614294088652
2026-07-08,Wednesday,-0.0003764047964724959,0.0003764047964724959,-0.00022864213471052164
2026-07-09,Thursday,-0.0001470961875341681,0.0001470961875341681,0.00017385489802745901
2026-07-10,Friday,-0.00015965939329432022,0.00015965939329432022,-1.3306719893524388e-05
2026-07-13,Monday,-0.00026601050741514864,0.00026601050741514864,0.0001663008048959913
2026-07-14,Tuesday,0.006352934895763829,0.006352934895763829,-0.001792028649114763
2026-07-15,Wednesday,0.0010764834872747375,0.0010764834872747375,0.0003318907150253736
2026-07-16,Thursday,-0.00010639005253010314,0.00010639005253010314,-9.774800564144037e-05
2026-07-17,Friday,1.343399876407858e-05,1.343399876407858e-05,-8.060507543294904e-05
2026-07-20,Monday,-9.375585974125134e-05,9.375585974125134e-05,-4.018646519843294e-05
2026-07-21,Tuesday,0.00017319155791839513,0.00017319155791839513,6.604913411201174e-05
2026-07-22,Wednesday,0.00020119914691552054,0.00020119914691552054,0.000455971890674034
2026-07-23,Thursday,1.3477088948832261e-05,1.3477088948832261e-05,-0.0004716981132075748
2026-07-24,Friday,-1.3502930135800284e-05,1.3502930135800284e-05,-0.000648140646520301
2026-07-27,Monday,5.369415807554567e-05,5.369415807554567e-05,0.00015773082395886817
2026-07-28,Tuesday,0.00031081501101359876,0.00031081501101359876,-0.0006079848679321209
2026-07-29,Wednesday,-5.403944879767142e-05,5.403944879767142e-05,0.0004323039096483239
2026-07-30,Thursday,-0.0001224606425100916,0.0001224606425100916,-0.000700918679823026
2026-07-31,Friday,-2.6886779770363134e-05,2.6886779770363134e-05,-0.0006721785306177397
2026-08-03,Monday,9.324630344997864e-05,9.324630344997864e-05,0.00016769581816711288
2026-08-04,Tuesday,-1.31518379693496e-05,1.31518379693496e-05,2.6304021884859807e-05
2026-08-05,Wednesday,-0.0003383375385821452,0.0003383375385821452,-3.870967741936848e-05
2026-08-06,Thursday,0.00014272739068377227,0.00014272739068377227,0.00018164597200054367
2026-08-07,Friday,0.0011934102996498108,0.0011934102996498108,-7.773732557692092e-05
2026-08-10,Monday,-0.0001940064927505869,0.0001940064927505869,-0.0004010141777914811
2026-08-11,Tuesday,-5.1672910476807665e-05,5.1672910476807665e-05,0.0001421041752791563
2026-08-12,Wednesday,-0.001538222900131947,0.001538222900131947,0.001139129084036572
2026-08-13,Thursday,-0.00015505879312571746,0.00015505879312571746,-0.00019384102451458496
2026-08-14,Friday,0.00023118417672729485,0.00023118417672729485,0.00024401207217628063
2026-08-17,Monday,0.00020602096263289127,0.00020602096263289127,-3.86254490210014e-05
2026-08-18,Tuesday,-0.00015598596126353836,0.00015598596126353836,-1.300119611002959e-05
2026-08-19,Wednesday,-0.00020839031506003636,0.00020839031506003636,0.001159397634307835
2026-08-20,Thursday,-3.921927496630673e-05,3.921927496630673e-05,-0.0002514079433142413
2026-08-21,Friday,-6.523242312350686e-05,6.523242312350686e-05,5.219138581180616e-05
2026-08-24,Monday,-7.846727260829578e-05,7.846727260829578e-05,-0.0006146763794253607
2026-08-25,Tuesday,-0.0002215878726261611,0.0002215878726261611,-0.0005867014341591759
2026-08-26,Wednesday,-0.0010046579596310057,0.0010046579596310057,-0.0009141245298788236
2026-08-27,Thursday,-3.90056168088071e-05,3.90056168088071e-05,-0.00041334139645943235
